event_number,reference_time_epoch_s,reference_time_utc,passes_core_filter,solution_quality_class,stability_back_azimuth_std_deg,stability_speed_std_mps,stability_score_min,stability_valid_window_count,planar_back_azimuth_deg,planar_speed_mps,planar_coherence_score,fixed_source_speed_mps,fixed_source_coherence_score,fixed_source_semblance,fixed_source_mean_pairwise_correlation,fixed_minus_planar_coherence,fixed_dd1_delay_relative_dd2_s,fixed_dd3_delay_relative_dd2_s,fixed_speed_on_search_edge,score_window_start_s,score_window_end_s,stream_file,fixed_source_preferred_speed_mps,preferred_profile_back_azimuth_deg,cross_range_speed_sensitivity_m,fixed_speed_maximum_coherence,fixed_speed_best_along_range_m,fixed_speed_best_cross_range_m,fixed_speed_best_on_along_edge,fixed_speed_best_on_cross_edge,fixed_speed_cross_width_drop_0p01_m,fixed_speed_cross_lower_drop_0p01_m,fixed_speed_cross_upper_drop_0p01_m,fixed_speed_cross_open_low_drop_0p01,fixed_speed_cross_open_high_drop_0p01,fixed_speed_along_width_drop_0p01_m,fixed_speed_along_lower_drop_0p01_m,fixed_speed_along_upper_drop_0p01_m,fixed_speed_along_open_low_drop_0p01,fixed_speed_along_open_high_drop_0p01,fixed_speed_cross_width_drop_0p02_m,fixed_speed_cross_lower_drop_0p02_m,fixed_speed_cross_upper_drop_0p02_m,fixed_speed_cross_open_low_drop_0p02,fixed_speed_cross_open_high_drop_0p02,fixed_speed_along_width_drop_0p02_m,fixed_speed_along_lower_drop_0p02_m,fixed_speed_along_upper_drop_0p02_m,fixed_speed_along_open_low_drop_0p02,fixed_speed_along_open_high_drop_0p02,event_speed_maximum_coherence,event_speed_best_along_range_m,event_speed_best_cross_range_m,event_speed_best_on_along_edge,event_speed_best_on_cross_edge,event_speed_cross_width_drop_0p01_m,event_speed_cross_lower_drop_0p01_m,event_speed_cross_upper_drop_0p01_m,event_speed_cross_open_low_drop_0p01,event_speed_cross_open_high_drop_0p01,event_speed_along_width_drop_0p01_m,event_speed_along_lower_drop_0p01_m,event_speed_along_upper_drop_0p01_m,event_speed_along_open_low_drop_0p01,event_speed_along_open_high_drop_0p01,event_speed_cross_width_drop_0p02_m,event_speed_cross_lower_drop_0p02_m,event_speed_cross_upper_drop_0p02_m,event_speed_cross_open_low_drop_0p02,event_speed_cross_open_high_drop_0p02,event_speed_along_width_drop_0p02_m,event_speed_along_lower_drop_0p02_m,event_speed_along_upper_drop_0p02_m,event_speed_along_open_low_drop_0p02,event_speed_along_open_high_drop_0p02
1,1472735235.9271336,2016-09-01 13:07:15.927133560+00:00,True,A_high_quality,0.2910177967490677,0.7243558228002943,0.9686067589816976,9,200.8999999999999,352.5,0.9799817318242232,358.5,0.9523747622786218,0.9472036259535538,0.920262933532448,-0.02760696954560138,0.08818239867032529,0.012591757327580335,False,-0.04,0.18,/Users/glennthompson/Developer/KSCRocketSeismoHydrology/08_fireball_paper/falcon9-seismoacoustic-workflow-1.0.0/data/outputs/070_prepare_event_waveform_products/event_streams/candidate_event_001.pkl,358.5,200.51685401600162,10.0,0.9800337568123153,440.0,60.0,False,False,75.0,15.0,90.0,False,False,1000.0,-500.0,500.0,True,True,105.0,10.0,115.0,False,False,1000.0,-500.0,500.0,True,True,0.9727905474655559,500.0,50.0,True,False,65.0,10.0,75.0,False,False,1000.0,-500.0,500.0,True,True,95.0,0.0,95.0,False,False,1000.0,-500.0,500.0,True,True
2,1472735236.0571334,2016-09-01 13:07:16.057133436+00:00,True,A_high_quality,0.2266230894929997,2.4037008503093262,0.9581647097162354,9,201.59999999999988,355.5,0.961109953379313,359.0,0.9532511545040976,0.9484371207731381,0.9209444102010734,-0.007858798875215456,0.08805958195908528,0.01257422006110738,False,-0.04,0.18,/Users/glennthompson/Developer/KSCRocketSeismoHydrology/08_fireball_paper/falcon9-seismoacoustic-workflow-1.0.0/data/outputs/070_prepare_event_waveform_products/event_streams/candidate_event_002.pkl,359.0,201.07059428493537,0.0,0.960751274622728,440.0,65.0,False,False,130.0,5.0,135.0,False,False,1000.0,-500.0,500.0,True,True,165.0,-15.0,150.0,False,True,1000.0,-500.0,500.0,True,True,0.9600213410132368,400.0,65.0,False,False,120.0,-5.0,115.0,False,False,1000.0,-500.0,500.0,True,True,165.0,-30.0,135.0,False,False,1000.0,-500.0,500.0,True,True
3,1472735236.255,2016-09-01 13:07:16.255000114+00:00,True,A_high_quality,0.1770819716723146,1.509230856356236,0.9496634812797764,9,201.29999999999987,352.5,0.9572356258262252,358.0,0.9477745887246161,0.9432809231658142,0.9090301741256374,-0.009461037101609171,0.08830555844500451,0.012609343580831144,False,-0.04,0.18,/Users/glennthompson/Developer/KSCRocketSeismoHydrology/08_fireball_paper/falcon9-seismoacoustic-workflow-1.0.0/data/outputs/070_prepare_event_waveform_products/event_streams/candidate_event_003.pkl,358.0,200.58169543043937,0.0,0.9572762350062953,-60.0,50.0,False,False,120.0,5.0,125.0,False,False,1000.0,-500.0,500.0,True,True,170.0,-20.0,150.0,False,True,1000.0,-500.0,500.0,True,True,0.9544770436569125,420.0,50.0,False,False,120.0,-5.0,115.0,False,False,1000.0,-500.0,500.0,True,True,180.0,-40.0,140.0,False,False,1000.0,-500.0,500.0,True,True
4,1472735236.4470668,2016-09-01 13:07:16.447066784+00:00,False,B_probable,0.3975231959999399,1.6832508230603465,0.8568084118619242,9,200.79999999999987,340.5,0.8729085335654482,347.5,0.8627183376625525,0.84968516241809,0.7645362010584923,-0.010190195902895716,0.09097378395197588,0.01299034532931669,False,-0.04,0.18,/Users/glennthompson/Developer/KSCRocketSeismoHydrology/08_fireball_paper/falcon9-seismoacoustic-workflow-1.0.0/data/outputs/070_prepare_event_waveform_products/event_streams/candidate_event_004.pkl,347.5,200.89305356110546,15.0,0.8697211161302755,360.0,45.0,False,False,80.0,5.0,85.0,False,False,1000.0,-500.0,500.0,True,True,180.0,-55.0,125.0,False,False,1000.0,-500.0,500.0,True,True,0.8707187956385988,-500.0,30.0,True,False,120.0,-10.0,110.0,False,False,1000.0,-500.0,500.0,True,True,170.0,-35.0,135.0,False,False,1000.0,-500.0,500.0,True,True
5,1472735236.7995667,2016-09-01 13:07:16.799566746+00:00,False,B_probable,0.2449489742783038,4.186250274174334,0.7889546216760028,9,200.69999999999987,359.0,0.8065245284587634,365.5,0.7960135651642821,0.7731048862660473,0.6607531670232686,-0.010510963294481313,0.08649354288183753,0.012350601920485772,False,-0.04,0.18,/Users/glennthompson/Developer/KSCRocketSeismoHydrology/08_fireball_paper/falcon9-seismoacoustic-workflow-1.0.0/data/outputs/070_prepare_event_waveform_products/event_streams/candidate_event_005.pkl,365.5,199.77102928797422,20.0,0.8023802178566094,-460.0,45.0,False,False,105.0,15.0,120.0,False,False,1000.0,-500.0,500.0,True,True,135.0,5.0,140.0,False,False,1000.0,-500.0,500.0,True,True,0.8001912471073136,500.0,25.0,True,False,120.0,-15.0,105.0,False,False,1000.0,-500.0,500.0,True,True,170.0,-40.0,130.0,False,False,1000.0,-500.0,500.0,True,True
6,1472735237.242,2016-09-01 13:07:17.242000103+00:00,True,B_probable,0.4629481479110772,4.35748256691724,0.9305722543020164,9,201.69999999999987,336.5,0.9355701425301726,345.0,0.9283884945651459,0.9193508621170358,0.8838898864746226,-0.007181647965026627,0.09163301427046845,0.013084478266485651,False,-0.04,0.18,/Users/glennthompson/Developer/KSCRocketSeismoHydrology/08_fireball_paper/falcon9-seismoacoustic-workflow-1.0.0/data/outputs/070_prepare_event_waveform_products/event_streams/candidate_event_006.pkl,345.0,199.77102928797422,35.0,0.92441473788566,420.0,60.0,False,False,155.0,-50.0,105.0,False,False,1000.0,-500.0,500.0,True,True,225.0,-75.0,150.0,False,True,1000.0,-500.0,500.0,True,True,0.9308967856694517,500.0,25.0,True,False,150.0,-15.0,135.0,False,False,1000.0,-500.0,500.0,True,True,190.0,-40.0,150.0,False,True,1000.0,-500.0,500.0,True,True
7,1472735237.634,2016-09-01 13:07:17.634000063+00:00,False,B_probable,0.2108185106778799,1.3494397557212354,0.8076018969340923,9,201.4999999999999,354.0,0.8159904203559827,355.5,0.7938892298540621,0.776356533450654,0.640376548918348,-0.02210119050192061,0.088926553933366,0.01269801688308734,False,-0.04,0.18,/Users/glennthompson/Developer/KSCRocketSeismoHydrology/08_fireball_paper/falcon9-seismoacoustic-workflow-1.0.0/data/outputs/070_prepare_event_waveform_products/event_streams/candidate_event_007.pkl,355.5,201.11316204368856,-30.0,0.815599694273584,-480.0,40.0,False,False,95.0,20.0,115.0,False,False,1000.0,-500.0,500.0,True,True,125.0,5.0,130.0,False,False,1000.0,-500.0,500.0,True,True,0.814508970618845,500.0,70.0,True,False,90.0,15.0,105.0,False,False,1000.0,-500.0,500.0,True,True,120.0,0.0,120.0,False,False,1000.0,-500.0,500.0,True,True
8,1472735237.8951335,2016-09-01 13:07:17.895133495+00:00,True,A_high_quality,0.2845832994414438,1.264422964082338,0.9403451233723024,9,200.7999999999999,359.5,0.9559247317090293,363.0,0.9404670791649588,0.9355082853883315,0.895810539659799,-0.0154576525440705,0.08708922843887497,0.012435661162362397,False,-0.04,0.18,/Users/glennthompson/Developer/KSCRocketSeismoHydrology/08_fireball_paper/falcon9-seismoacoustic-workflow-1.0.0/data/outputs/070_prepare_event_waveform_products/event_streams/candidate_event_008.pkl,363.0,200.51685401600162,-25.0,0.9515969732342169,-500.0,25.0,True,False,115.0,10.0,125.0,False,False,1000.0,-500.0,500.0,True,True,140.0,5.0,145.0,False,False,1000.0,-500.0,500.0,True,True,0.9543415579008231,500.0,50.0,True,False,90.0,5.0,95.0,False,False,1000.0,-500.0,500.0,True,True,130.0,-10.0,120.0,False,False,1000.0,-500.0,500.0,True,True
9,1472735238.1111336,2016-09-01 13:07:18.111133575+00:00,True,A_high_quality,0.2615244954653145,0.9460770203292443,0.9804855602445592,9,200.69999999999987,350.0,0.988343884660608,352.0,0.9780911632472595,0.9747042390370395,0.9663430991251789,-0.010252721413348431,0.08981076682758982,0.012824275573686221,False,-0.04,0.18,/Users/glennthompson/Developer/KSCRocketSeismoHydrology/08_fireball_paper/falcon9-seismoacoustic-workflow-1.0.0/data/outputs/070_prepare_event_waveform_products/event_streams/candidate_event_009.pkl,352.0,201.09330664513843,0.0,0.9880247795884944,380.0,65.0,False,False,105.0,0.0,105.0,False,False,1000.0,-500.0,500.0,True,True,160.0,-30.0,130.0,False,False,1000.0,-500.0,500.0,True,True,0.9880247795884944,380.0,65.0,False,False,105.0,0.0,105.0,False,False,1000.0,-500.0,500.0,True,True,160.0,-30.0,130.0,False,False,1000.0,-500.0,500.0,True,True
10,1472735238.3890667,2016-09-01 13:07:18.389066696+00:00,False,A_high_quality,0.3166179299727599,1.4614384931073228,0.9509069133650347,9,201.3999999999999,344.5,0.9554967333316609,350.5,0.944270964985348,0.9378148494561908,0.907910276558168,-0.011225768346312837,0.0901951210365524,0.012879158350749072,False,-0.04,0.18,/Users/glennthompson/Developer/KSCRocketSeismoHydrology/08_fireball_paper/falcon9-seismoacoustic-workflow-1.0.0/data/outputs/070_prepare_event_waveform_products/event_streams/candidate_event_010.pkl,350.5,200.73728134060627,-25.0,0.9488059803785743,500.0,30.0,True,False,105.0,-10.0,95.0,False,False,1000.0,-500.0,500.0,True,True,150.0,-30.0,120.0,False,False,1000.0,-500.0,500.0,True,True,0.9507494646936911,420.0,55.0,False,False,105.0,-5.0,100.0,False,False,1000.0,-500.0,500.0,True,True,150.0,-30.0,120.0,False,False,1000.0,-500.0,500.0,True,True
11,1472735238.9771335,2016-09-01 13:07:18.977133512+00:00,True,A_high_quality,0.1885618083164019,1.286204100310025,0.9702139892630448,9,199.8999999999999,350.0,0.97514429480309,353.0,0.9718609050824945,0.9677234403177402,0.9561342044592513,-0.0032833897205954976,0.0895563453918176,0.012787946181126204,False,-0.04,0.18,/Users/glennthompson/Developer/KSCRocketSeismoHydrology/08_fireball_paper/falcon9-seismoacoustic-workflow-1.0.0/data/outputs/070_prepare_event_waveform_products/event_streams/candidate_event_011.pkl,353.0,199.32339686618175,5.0,0.9739123158510994,500.0,15.0,True,False,115.0,-25.0,90.0,False,False,1000.0,-500.0,500.0,True,True,165.0,-50.0,115.0,False,False,1000.0,-500.0,500.0,True,True,0.9726418011888742,500.0,10.0,True,False,120.0,-30.0,90.0,False,False,1000.0,-500.0,500.0,True,True,170.0,-55.0,115.0,False,False,1000.0,-500.0,500.0,True,True
12,1472735239.2395668,2016-09-01 13:07:19.239566803+00:00,True,A_high_quality,0.1133115447464998,0.3142696805273545,0.9955407136805452,9,200.7999999999999,353.0,0.9963701303709852,355.0,0.9888395605258363,0.9871444185693822,0.982764546921035,-0.007530569845148882,0.08905180260087779,0.012715901413908591,False,-0.04,0.18,/Users/glennthompson/Developer/KSCRocketSeismoHydrology/08_fireball_paper/falcon9-seismoacoustic-workflow-1.0.0/data/outputs/070_prepare_event_waveform_products/event_streams/candidate_event_012.pkl,355.0,200.59879590700987,-25.0,0.9963934744869102,-500.0,25.0,True,False,95.0,0.0,95.0,False,False,1000.0,-500.0,500.0,True,True,140.0,-20.0,120.0,False,False,1000.0,-500.0,500.0,True,True,0.9955043471726963,400.0,50.0,False,False,100.0,-10.0,90.0,False,False,1000.0,-500.0,500.0,True,True,140.0,-30.0,110.0,False,False,1000.0,-500.0,500.0,True,True
13,1472735239.4271336,2016-09-01 13:07:19.427133560+00:00,False,A_high_quality,0.0816496580927679,0.408248290463863,0.998023043338392,9,200.2999999999999,352.5,0.9983980564566396,354.5,0.9967576464740102,0.996465941436855,0.9943904080594862,-0.001640409982629376,0.08917740457915829,0.012733836394746262,False,-0.04,0.35,/Users/glennthompson/Developer/KSCRocketSeismoHydrology/08_fireball_paper/falcon9-seismoacoustic-workflow-1.0.0/data/outputs/070_prepare_event_waveform_products/event_streams/candidate_event_013.pkl,354.5,199.99063252150518,-5.0,0.9984001116656458,-120.0,25.0,False,False,165.0,-45.0,120.0,False,False,1000.0,-500.0,500.0,True,True,230.0,-80.0,150.0,False,True,1000.0,-500.0,500.0,True,True,0.9981910811863807,360.0,30.0,False,False,165.0,-55.0,110.0,False,False,1000.0,-500.0,500.0,True,True,240.0,-90.0,150.0,False,True,1000.0,-500.0,500.0,True,True
14,1472735239.5001335,2016-09-01 13:07:19.500133513+00:00,True,A_high_quality,0.2454524670485918,2.28656840302852,0.9947252149602874,9,200.69999999999987,357.0,0.9966832902049896,354.5,0.9960984280931902,0.9955843121516262,0.9937392040110723,-0.0005848621117994224,0.08917740457915829,0.012733836394746262,False,-0.04,0.18,/Users/glennthompson/Developer/KSCRocketSeismoHydrology/08_fireball_paper/falcon9-seismoacoustic-workflow-1.0.0/data/outputs/070_prepare_event_waveform_products/event_streams/candidate_event_014.pkl,354.5,200.58187179326168,10.0,0.9965722579874727,460.0,35.0,False,False,235.0,-85.0,150.0,False,True,1000.0,-500.0,500.0,True,True,295.0,-145.0,150.0,False,True,1000.0,-500.0,500.0,True,True,0.9966279521096262,-500.0,25.0,True,False,240.0,-90.0,150.0,False,True,1000.0,-500.0,500.0,True,True,300.0,-150.0,150.0,True,True,1000.0,-500.0,500.0,True,True
15,1472735239.5831337,2016-09-01 13:07:19.583133698+00:00,True,A_high_quality,0.391578004149002,1.0540925533894596,0.984756384931405,9,200.4999999999999,357.5,0.9890715270967344,362.0,0.9871931826549893,0.9855644533347677,0.9792725532706429,-0.0018783444417450612,0.08732980641798789,0.012470013817507043,False,-0.04,0.18,/Users/glennthompson/Developer/KSCRocketSeismoHydrology/08_fireball_paper/falcon9-seismoacoustic-workflow-1.0.0/data/outputs/070_prepare_event_waveform_products/event_streams/candidate_event_015.pkl,362.0,199.92022255524216,5.0,0.9884926074146944,-400.0,35.0,False,False,210.0,-60.0,150.0,False,True,1000.0,-500.0,500.0,True,True,280.0,-130.0,150.0,False,True,1000.0,-500.0,500.0,True,True,0.9885084494854058,500.0,30.0,True,False,245.0,-95.0,150.0,False,True,1000.0,-500.0,500.0,True,True,300.0,-150.0,150.0,True,True,1000.0,-500.0,500.0,True,True
16,1472735240.9075668,2016-09-01 13:07:20.907566786+00:00,True,B_probable,0.6390579486465594,6.883958809354461,0.930201708519496,9,202.3999999999999,337.0,0.9468540120485044,349.5,0.938824455128609,0.9307779730687046,0.9017883564369313,-0.008029556919895375,0.09045319005239374,0.012916008589234763,False,-0.04,0.18,/Users/glennthompson/Developer/KSCRocketSeismoHydrology/08_fireball_paper/falcon9-seismoacoustic-workflow-1.0.0/data/outputs/070_prepare_event_waveform_products/event_streams/candidate_event_016.pkl,349.5,202.08033119686772,0.0,0.943061139168417,500.0,95.0,True,False,145.0,-20.0,125.0,False,False,1000.0,-500.0,500.0,True,True,195.0,-45.0,150.0,False,True,1000.0,-500.0,500.0,True,True,0.9447747902764099,360.0,95.0,False,False,140.0,-10.0,130.0,False,False,1000.0,-500.0,500.0,True,True,185.0,-35.0,150.0,False,True,1000.0,-500.0,500.0,True,True
17,1472735241.5698934,2016-09-01 13:07:21.569893360+00:00,False,B_probable,0.4021546904633962,2.926043129391932,0.8127847315705791,9,201.8999999999999,354.0,0.8306653276825471,367.0,0.8026495624243937,0.7784254381445339,0.677971497688367,-0.028015765258153413,0.08614002703899623,0.012300122621083242,False,-0.04,0.18,/Users/glennthompson/Developer/KSCRocketSeismoHydrology/08_fireball_paper/falcon9-seismoacoustic-workflow-1.0.0/data/outputs/070_prepare_event_waveform_products/event_streams/candidate_event_017.pkl,367.0,201.48804408767344,-25.0,0.8298915327865064,-360.0,55.0,False,False,85.0,35.0,120.0,False,False,1000.0,-500.0,500.0,True,True,115.0,20.0,135.0,False,False,1000.0,-500.0,500.0,True,True,0.8157749190037316,440.0,80.0,False,False,110.0,5.0,115.0,False,False,1000.0,-500.0,500.0,True,True,130.0,-5.0,125.0,False,False,1000.0,-500.0,500.0,True,True
18,1472735243.4671335,2016-09-01 13:07:23.467133522+00:00,True,A_high_quality,0.083147941928305,0.3928371006591931,0.9961386423206022,9,200.19999999999987,351.0,0.9972935929767548,353.5,0.994786828163339,0.9938447550100195,0.9923998757866365,-0.0025067648134158294,0.08942967446481362,0.012769858562765345,False,-0.04,0.18,/Users/glennthompson/Developer/KSCRocketSeismoHydrology/08_fireball_paper/falcon9-seismoacoustic-workflow-1.0.0/data/outputs/070_prepare_event_waveform_products/event_streams/candidate_event_018.pkl,353.5,199.77102928797422,5.0,0.9971287038033766,500.0,30.0,True,False,125.0,-30.0,95.0,False,False,1000.0,-500.0,500.0,True,True,175.0,-55.0,120.0,False,False,1000.0,-500.0,500.0,True,True,0.9966218350411122,500.0,25.0,True,False,125.0,-35.0,90.0,False,False,1000.0,-500.0,500.0,True,True,175.0,-60.0,115.0,False,False,1000.0,-500.0,500.0,True,True
19,1472735245.5420666,2016-09-01 13:07:25.542066574+00:00,True,B_probable,0.5349512496537794,2.8620548605313907,0.8078702187067389,9,205.3999999999999,327.5,0.8357412022837105,355.0,0.7904704038592147,0.769032469195618,0.6452546117092199,-0.04527079842449577,0.08905180260087779,0.012715901413908591,False,-0.04,0.18,/Users/glennthompson/Developer/KSCRocketSeismoHydrology/08_fireball_paper/falcon9-seismoacoustic-workflow-1.0.0/data/outputs/070_prepare_event_waveform_products/event_streams/candidate_event_019.pkl,355.0,202.5257723451828,15.0,0.8167947415492822,500.0,130.0,True,False,130.0,20.0,150.0,False,True,1000.0,-500.0,500.0,True,True,140.0,10.0,150.0,False,True,1000.0,-500.0,500.0,True,True,0.8130723891374985,460.0,115.0,False,False,130.0,20.0,150.0,False,True,1000.0,-500.0,500.0,True,True,145.0,5.0,150.0,False,True,1000.0,-500.0,500.0,True,True
20,1472735246.1871336,2016-09-01 13:07:26.187133551+00:00,True,A_high_quality,0.233068632926687,0.5665577237325315,0.9262598701427932,9,200.19999999999987,352.5,0.9311716689726816,355.5,0.9281150379562448,0.9216829556020056,0.8755263229752074,-0.003056631016436717,0.088926553933366,0.01269801688308734,False,-0.04,0.18,/Users/glennthompson/Developer/KSCRocketSeismoHydrology/08_fireball_paper/falcon9-seismoacoustic-workflow-1.0.0/data/outputs/070_prepare_event_waveform_products/event_streams/candidate_event_020.pkl,355.5,199.77102928797422,0.0,0.9311809915015791,-80.0,25.0,False,False,125.0,-30.0,95.0,False,False,1000.0,-500.0,500.0,True,True,190.0,-60.0,130.0,False,False,1000.0,-500.0,500.0,True,True,0.9303704425986055,500.0,25.0,True,False,130.0,-40.0,90.0,False,False,1000.0,-500.0,500.0,True,True,195.0,-70.0,125.0,False,False,1000.0,-500.0,500.0,True,True
21,1472735246.7898934,2016-09-01 13:07:26.789893389+00:00,True,A_high_quality,0.3010270485365177,1.8774161387462,0.979809535817199,9,200.3999999999999,354.0,0.9819075345544768,356.5,0.9765632482114193,0.9724406998425558,0.9654941415294288,-0.005344286343057503,0.0886771105843243,0.012662398322405469,False,-0.04,0.18,/Users/glennthompson/Developer/KSCRocketSeismoHydrology/08_fireball_paper/falcon9-seismoacoustic-workflow-1.0.0/data/outputs/070_prepare_event_waveform_products/event_streams/candidate_event_021.pkl,356.5,200.0916234494406,-10.0,0.9817769227235962,-400.0,25.0,False,False,115.0,-10.0,105.0,False,False,1000.0,-500.0,500.0,True,True,185.0,-50.0,135.0,False,False,1000.0,-500.0,500.0,True,True,0.9804882030227491,460.0,35.0,False,False,110.0,-15.0,95.0,False,False,1000.0,-500.0,500.0,True,True,180.0,-55.0,125.0,False,False,1000.0,-500.0,500.0,True,True
22,1472735248.405903,2016-09-01 13:07:28.405903101+00:00,True,A_high_quality,0.0737027731190047,0.1571348402636772,0.9970116020828256,9,201.59999999999988,351.5,0.9976793000875412,357.5,0.9863777871503958,0.9847760503748777,0.9775607846273463,-0.01130151293714543,0.08842906272254997,0.01262697902639874,False,-0.04,0.18,/Users/glennthompson/Developer/KSCRocketSeismoHydrology/08_fireball_paper/falcon9-seismoacoustic-workflow-1.0.0/data/outputs/070_prepare_event_waveform_products/event_streams/candidate_event_022.pkl,357.5,201.0053534239052,15.0,0.9976392318029592,500.0,80.0,True,False,135.0,5.0,140.0,False,False,1000.0,-500.0,500.0,True,True,165.0,-15.0,150.0,False,True,1000.0,-500.0,500.0,True,True,0.9951308000215303,460.0,65.0,False,False,125.0,0.0,125.0,False,False,1000.0,-500.0,500.0,True,True,180.0,-30.0,150.0,False,True,1000.0,-500.0,500.0,True,True
23,1472735248.9858932,2016-09-01 13:07:28.985893250+00:00,True,A_high_quality,0.0471404520791004,0.3685138655950444,0.9974715910396252,9,201.19999999999987,351.5,0.9981267571833816,357.0,0.9903742038023217,0.9893484519873719,0.9838256630494925,-0.007752553381059957,0.0885529129504527,0.012644663870973528,False,-0.04,0.18,/Users/glennthompson/Developer/KSCRocketSeismoHydrology/08_fireball_paper/falcon9-seismoacoustic-workflow-1.0.0/data/outputs/070_prepare_event_waveform_products/event_streams/candidate_event_023.pkl,357.0,200.66596638388862,10.0,0.9980641442532842,440.0,65.0,False,False,140.0,0.0,140.0,False,False,1000.0,-500.0,500.0,True,True,180.0,-30.0,150.0,False,True,1000.0,-500.0,500.0,True,True,0.9962305927269599,500.0,55.0,True,False,140.0,-15.0,125.0,False,False,1000.0,-500.0,500.0,True,True,195.0,-45.0,150.0,False,True,1000.0,-500.0,500.0,True,True
24,1472735250.4511335,2016-09-01 13:07:30.451133490+00:00,True,A_high_quality,0.0993807989999849,0.8498365855987974,0.9933802671887249,9,200.2999999999999,348.5,0.9947068719898258,351.5,0.990877276310119,0.9897250474337427,0.9852112392493672,-0.0038295956797067543,0.08993852040771441,0.012842517786451067,False,-0.04,0.18,/Users/glennthompson/Developer/KSCRocketSeismoHydrology/08_fireball_paper/falcon9-seismoacoustic-workflow-1.0.0/data/outputs/070_prepare_event_waveform_products/event_streams/candidate_event_024.pkl,351.5,199.68357373102316,0.0,0.9929932375410837,460.0,20.0,False,False,120.0,-30.0,90.0,False,False,1000.0,-500.0,500.0,True,True,165.0,-50.0,115.0,False,False,1000.0,-500.0,500.0,True,True,0.9933304123372215,320.0,20.0,False,False,115.0,-25.0,90.0,False,False,1000.0,-500.0,500.0,True,True,165.0,-50.0,115.0,False,False,1000.0,-500.0,500.0,True,True
25,1472735252.7978933,2016-09-01 13:07:32.797893286+00:00,True,A_high_quality,0.1728483242900351,1.0829771494232183,0.9873245615421274,9,201.2999999999999,347.5,0.9893536998837318,353.5,0.9789763800168308,0.9745845482761452,0.9711282552557191,-0.010377319866900936,0.08942967446481362,0.012769858562765345,False,-0.04,0.18,/Users/glennthompson/Developer/KSCRocketSeismoHydrology/08_fireball_paper/falcon9-seismoacoustic-workflow-1.0.0/data/outputs/070_prepare_event_waveform_products/event_streams/candidate_event_025.pkl,353.5,200.36772143149688,0.0,0.9879288706255858,460.0,45.0,False,False,125.0,0.0,125.0,False,False,1000.0,-500.0,500.0,True,True,165.0,-20.0,145.0,False,False,1000.0,-500.0,500.0,True,True,0.9868782881095008,500.0,45.0,True,False,120.0,0.0,120.0,False,False,1000.0,-500.0,500.0,True,True,170.0,-25.0,145.0,False,False,1000.0,-500.0,500.0,True,True
26,1472735254.4351337,2016-09-01 13:07:34.435133696+00:00,True,A_high_quality,0.1133115447464998,1.7497795275581802,0.9625916217045036,9,200.69999999999987,344.5,0.9651045195738116,349.0,0.956111651240389,0.9516644953560903,0.9255647701336742,-0.00899286833342261,0.09058277914989002,0.012934512899534527,False,-0.04,0.18,/Users/glennthompson/Developer/KSCRocketSeismoHydrology/08_fireball_paper/falcon9-seismoacoustic-workflow-1.0.0/data/outputs/070_prepare_event_waveform_products/event_streams/candidate_event_026.pkl,349.0,201.04187142422086,5.0,0.9628401648873494,480.0,55.0,False,False,100.0,-5.0,95.0,False,False,1000.0,-500.0,500.0,True,True,150.0,-35.0,115.0,False,False,1000.0,-500.0,500.0,True,True,0.9638559172999013,0.0,50.0,False,False,115.0,-5.0,110.0,False,False,1000.0,-500.0,500.0,True,True,160.0,-30.0,130.0,False,False,1000.0,-500.0,500.0,True,True
27,1472735258.384,2016-09-01 13:07:38.384000063+00:00,True,A_high_quality,0.1165343164633435,0.97182531580755,0.9340107173276684,9,202.9999999999999,346.0,0.9631120529465056,354.5,0.8932794314939825,0.8810268834332632,0.8233165071701231,-0.06983262145252311,0.08917740457915829,0.012733836394746262,False,-0.04,0.18,/Users/glennthompson/Developer/KSCRocketSeismoHydrology/08_fireball_paper/falcon9-seismoacoustic-workflow-1.0.0/data/outputs/070_prepare_event_waveform_products/event_streams/candidate_event_027.pkl,354.5,201.85789610876645,5.0,0.9557969411956151,440.0,100.0,False,False,105.0,35.0,140.0,False,False,1000.0,-500.0,500.0,True,True,125.0,25.0,150.0,False,True,1000.0,-500.0,500.0,True,True,0.9493584702730924,500.0,95.0,True,False,100.0,30.0,130.0,False,False,1000.0,-500.0,500.0,True,True,125.0,25.0,150.0,False,True,1000.0,-500.0,500.0,True,True
28,1472735259.0231335,2016-09-01 13:07:39.023133516+00:00,True,B_probable,0.2581988897471464,1.3966450099973928,0.8787227929572237,9,201.2999999999999,340.0,0.8855435009404455,349.0,0.8648258079778157,0.8512056843854436,0.7705119867327473,-0.02071769296262982,0.09058277914989002,0.012934512899534527,False,-0.04,0.18,/Users/glennthompson/Developer/KSCRocketSeismoHydrology/08_fireball_paper/falcon9-seismoacoustic-workflow-1.0.0/data/outputs/070_prepare_event_waveform_products/event_streams/candidate_event_028.pkl,349.0,201.30972922720989,-10.0,0.8773454594731709,440.0,65.0,False,False,95.0,15.0,110.0,False,False,1000.0,-500.0,500.0,True,True,135.0,-10.0,125.0,False,False,1000.0,-500.0,500.0,True,True,0.8805554673715087,460.0,75.0,False,False,115.0,10.0,125.0,False,False,1000.0,-500.0,500.0,True,True,145.0,-5.0,140.0,False,False,1000.0,-500.0,500.0,True,True
29,1472735261.8618932,2016-09-01 13:07:41.861893177+00:00,True,A_high_quality,0.0942809041582009,1.1493422703098444,0.9640173901013444,9,202.4999999999999,349.0,0.973103323015901,359.0,0.9238551912711679,0.914850025137829,0.8747258809423526,-0.04924813174473308,0.08805958195908528,0.01257422006110738,False,-0.04,0.18,/Users/glennthompson/Developer/KSCRocketSeismoHydrology/08_fireball_paper/falcon9-seismoacoustic-workflow-1.0.0/data/outputs/070_prepare_event_waveform_products/event_streams/candidate_event_029.pkl,359.0,201.7090178537312,5.0,0.9710802451317208,460.0,95.0,False,False,120.0,30.0,150.0,False,True,1000.0,-500.0,500.0,True,True,130.0,20.0,150.0,False,True,1000.0,-500.0,500.0,True,True,0.9592469009696353,500.0,90.0,True,False,110.0,20.0,130.0,False,False,1000.0,-500.0,500.0,True,True,130.0,15.0,145.0,False,False,1000.0,-500.0,500.0,True,True
30,1472735262.2351334,2016-09-01 13:07:42.235133410+00:00,True,C_weak_or_broad,,,,0,203.3999999999999,302.5,0.675282661576655,313.0,0.6526184172721967,0.6121634344907076,0.42660178288886047,-0.022664244304458236,0.10100124576137896,0.014422188504592811,False,-0.04,0.18,/Users/glennthompson/Developer/KSCRocketSeismoHydrology/08_fireball_paper/falcon9-seismoacoustic-workflow-1.0.0/data/outputs/070_prepare_event_waveform_products/event_streams/candidate_event_030.pkl,313.0,202.0067360877814,-70.0,0.6071061234536304,500.0,30.0,True,False,145.0,-40.0,105.0,False,False,1000.0,-500.0,500.0,True,True,225.0,-80.0,145.0,False,False,1000.0,-500.0,500.0,True,True,0.6720238303122291,500.0,100.0,True,False,130.0,20.0,150.0,False,True,1000.0,-500.0,500.0,True,True,150.0,0.0,150.0,False,True,1000.0,-500.0,500.0,True,True
31,1472735265.6635666,2016-09-01 13:07:45.663566589+00:00,False,C_weak_or_broad,,,,0,202.9999999999999,355.0,0.6878238462796027,360.0,0.6060448019453166,0.5613076169708486,0.3463011588140373,-0.08177904433428607,0.08781497200919894,0.01253929167204875,False,-0.04,0.18,/Users/glennthompson/Developer/KSCRocketSeismoHydrology/08_fireball_paper/falcon9-seismoacoustic-workflow-1.0.0/data/outputs/070_prepare_event_waveform_products/event_streams/candidate_event_031.pkl,360.0,202.22201460607613,5.0,0.6877928095084169,20.0,110.0,False,False,100.0,50.0,150.0,False,True,1000.0,-500.0,500.0,True,True,110.0,40.0,150.0,False,True,1000.0,-500.0,500.0,True,True,0.680559937306997,460.0,105.0,False,False,110.0,40.0,150.0,False,True,1000.0,-500.0,500.0,True,True,120.0,30.0,150.0,False,True,1000.0,-500.0,500.0,True,True
32,1472735267.6961336,2016-09-01 13:07:47.696133614+00:00,True,A_high_quality,0.1943650631614989,1.0540925533894596,0.9634829892131886,9,200.4999999999999,356.5,0.9694463946424592,356.5,0.9669631726047976,0.9636716189830106,0.9438010060749559,-0.002483222037661603,0.0886771105843243,0.012662398322405469,False,-0.04,0.18,/Users/glennthompson/Developer/KSCRocketSeismoHydrology/08_fireball_paper/falcon9-seismoacoustic-workflow-1.0.0/data/outputs/070_prepare_event_waveform_products/event_streams/candidate_event_032.pkl,356.5,200.36772143149688,-25.0,0.9688333927442282,-460.0,20.0,False,False,130.0,-15.0,115.0,False,False,1000.0,-500.0,500.0,True,True,185.0,-40.0,145.0,False,False,1000.0,-500.0,500.0,True,True,0.9694272766838551,500.0,45.0,True,False,135.0,-30.0,105.0,False,False,1000.0,-500.0,500.0,True,True,185.0,-55.0,130.0,False,False,1000.0,-500.0,500.0,True,True
33,1472735268.6515667,2016-09-01 13:07:48.651566744+00:00,True,B_probable,0.840634680861185,3.119037521692934,0.838707560406079,9,200.4999999999999,330.0,0.846835562093127,334.5,0.8452860568233845,0.8299298960789209,0.73664059588016,-0.0015495052697425127,0.0945093869157298,0.013495201799514349,False,-0.04,0.18,/Users/glennthompson/Developer/KSCRocketSeismoHydrology/08_fireball_paper/falcon9-seismoacoustic-workflow-1.0.0/data/outputs/070_prepare_event_waveform_products/event_streams/candidate_event_033.pkl,334.5,199.18961395937936,-15.0,0.8349801379838153,500.0,-10.0,True,False,150.0,-60.0,90.0,False,False,1000.0,-500.0,500.0,True,True,230.0,-105.0,125.0,False,False,1000.0,-500.0,500.0,True,True,0.8456083066174249,320.0,5.0,False,False,155.0,-30.0,125.0,False,False,1000.0,-500.0,500.0,True,True,210.0,-60.0,150.0,False,True,1000.0,-500.0,500.0,True,True
34,1472735272.5721335,2016-09-01 13:07:52.572133541+00:00,True,B_probable,0.3559026084010235,2.047280641409809,0.7651614903060724,9,201.59999999999988,350.5,0.80852576656878,357.0,0.7973898072836403,0.7638202917925494,0.6954881610405536,-0.011135959285139663,0.0885529129504527,0.012644663870973528,False,-0.04,0.18,/Users/glennthompson/Developer/KSCRocketSeismoHydrology/08_fireball_paper/falcon9-seismoacoustic-workflow-1.0.0/data/outputs/070_prepare_event_waveform_products/event_streams/candidate_event_034.pkl,357.0,201.33427302264315,5.0,0.8070181003088789,500.0,80.0,True,False,95.0,15.0,110.0,False,False,1000.0,-500.0,500.0,True,True,125.0,0.0,125.0,False,False,1000.0,-500.0,500.0,True,True,0.8024470028901342,440.0,75.0,False,False,120.0,-10.0,110.0,False,False,1000.0,-500.0,500.0,True,True,145.0,-25.0,120.0,False,False,1000.0,-500.0,500.0,True,True
35,1472735276.0815668,2016-09-01 13:07:56.081566811+00:00,True,C_weak_or_broad,,,,0,202.29999999999987,312.5,0.6533102469746053,332.5,0.641995608391223,0.6047712046701333,0.3956644279457155,-0.01131463858338222,0.09507786443101238,0.01357637594567684,False,-0.04,0.18,/Users/glennthompson/Developer/KSCRocketSeismoHydrology/08_fireball_paper/falcon9-seismoacoustic-workflow-1.0.0/data/outputs/070_prepare_event_waveform_products/event_streams/candidate_event_035.pkl,332.5,200.73728134060627,-30.0,0.6218874164311586,500.0,25.0,True,False,135.0,-40.0,95.0,False,False,1000.0,-500.0,500.0,True,True,210.0,-80.0,130.0,False,False,1000.0,-500.0,500.0,True,True,0.6468015323518397,420.0,55.0,False,False,135.0,-15.0,120.0,False,False,1000.0,-500.0,500.0,True,True,200.0,-50.0,150.0,False,True,1000.0,-500.0,500.0,True,True
36,1472735277.9578934,2016-09-01 13:07:57.957893372+00:00,True,A_high_quality,0.3162277660168199,1.178511301977579,0.8891373086029932,9,202.3999999999999,350.0,0.9075370145001572,359.0,0.8857235158351653,0.870183547615904,0.8180669363281146,-0.021813498664991937,0.08805958195908528,0.01257422006110738,False,-0.04,0.18,/Users/glennthompson/Developer/KSCRocketSeismoHydrology/08_fireball_paper/falcon9-seismoacoustic-workflow-1.0.0/data/outputs/070_prepare_event_waveform_products/event_streams/candidate_event_036.pkl,359.0,201.9808676443106,10.0,0.9070349051016424,440.0,105.0,False,False,130.0,20.0,150.0,False,True,1000.0,-500.0,500.0,True,True,145.0,5.0,150.0,False,True,1000.0,-500.0,500.0,True,True,0.9022464719178509,420.0,95.0,False,False,130.0,10.0,140.0,False,False,1000.0,-500.0,500.0,True,True,155.0,-5.0,150.0,False,True,1000.0,-500.0,500.0,True,True
37,1472735289.5911336,2016-09-01 13:08:09.591133595+00:00,True,A_high_quality,0.3197221015541631,1.7864372434237252,0.8771073823452711,9,201.9999999999999,350.0,0.940339150495002,358.0,0.9127136632827015,0.9018858684931983,0.8579107109339127,-0.027625487212300515,0.08830555844500451,0.012609343580831144,False,-0.04,0.18,/Users/glennthompson/Developer/KSCRocketSeismoHydrology/08_fireball_paper/falcon9-seismoacoustic-workflow-1.0.0/data/outputs/070_prepare_event_waveform_products/event_streams/candidate_event_037.pkl,358.0,200.98452114172005,25.0,0.9397741998410916,460.0,90.0,False,False,115.0,20.0,135.0,False,False,1000.0,-500.0,500.0,True,True,140.0,10.0,150.0,False,True,1000.0,-500.0,500.0,True,True,0.9330731150226345,480.0,65.0,False,False,105.0,15.0,120.0,False,False,1000.0,-500.0,500.0,True,True,140.0,0.0,140.0,False,False,1000.0,-500.0,500.0,True,True
38,1472735298.232,2016-09-01 13:08:18.232000113+00:00,True,A_high_quality,0.1949992086087027,0.9128709291752768,0.9032169051725344,9,201.3999999999999,350.0,0.9101926655054716,353.5,0.8910564272926429,0.8783268524220952,0.8203015791969288,-0.019136238212828727,0.08942967446481362,0.012769858562765345,False,-0.04,0.18,/Users/glennthompson/Developer/KSCRocketSeismoHydrology/08_fireball_paper/falcon9-seismoacoustic-workflow-1.0.0/data/outputs/070_prepare_event_waveform_products/event_streams/candidate_event_038.pkl,353.5,200.89284199443216,10.0,0.9090497486878542,500.0,70.0,True,False,100.0,15.0,115.0,False,False,1000.0,-500.0,500.0,True,True,135.0,0.0,135.0,False,False,1000.0,-500.0,500.0,True,True,0.9076268123755631,420.0,60.0,False,False,100.0,10.0,110.0,False,False,1000.0,-500.0,500.0,True,True,135.0,-5.0,130.0,False,False,1000.0,-500.0,500.0,True,True
39,1472735302.6631336,2016-09-01 13:08:22.663133621+00:00,True,A_high_quality,0.1770819716723146,1.973591074259068,0.9591609004507852,9,200.8999999999999,351.5,0.961624903349866,351.5,0.9576519263613361,0.9525848966939198,0.9305049417249217,-0.0039729769885298305,0.08993852040771441,0.012842517786451067,False,-0.04,0.18,/Users/glennthompson/Developer/KSCRocketSeismoHydrology/08_fireball_paper/falcon9-seismoacoustic-workflow-1.0.0/data/outputs/070_prepare_event_waveform_products/event_streams/candidate_event_039.pkl,351.5,200.73728134060627,0.0,0.961576694977498,500.0,55.0,True,False,160.0,-30.0,130.0,False,False,1000.0,-500.0,500.0,True,True,215.0,-65.0,150.0,False,True,1000.0,-500.0,500.0,True,True,0.9616339796358744,420.0,55.0,False,False,160.0,-30.0,130.0,False,False,1000.0,-500.0,500.0,True,True,210.0,-60.0,150.0,False,True,1000.0,-500.0,500.0,True,True
40,1472735329.1835666,2016-09-01 13:08:49.183566570+00:00,False,B_probable,0.5868938953886003,1.257078722109418,0.8512206787352987,9,200.3999999999999,359.0,0.8634420999587986,352.5,0.8574998383068331,0.8456761621374713,0.7504707051217517,-0.005942261651965541,0.08968337566896913,0.012806085111879573,False,-0.04,0.18,/Users/glennthompson/Developer/KSCRocketSeismoHydrology/08_fireball_paper/falcon9-seismoacoustic-workflow-1.0.0/data/outputs/070_prepare_event_waveform_products/event_streams/candidate_event_040.pkl,352.5,200.58187179326168,5.0,0.8609523985924691,-440.0,30.0,False,False,135.0,-30.0,105.0,False,False,1000.0,-500.0,500.0,True,True,185.0,-50.0,135.0,False,False,1000.0,-500.0,500.0,True,True,0.8614616426582792,-500.0,25.0,True,False,130.0,-30.0,100.0,False,False,1000.0,-500.0,500.0,True,True,190.0,-55.0,135.0,False,False,1000.0,-500.0,500.0,True,True
41,1472735347.3150668,2016-09-01 13:09:07.315066814+00:00,False,B_probable,0.2960647243216326,3.0368111930481,0.8432113375221522,9,200.29999999999987,344.5,0.8710842835509158,349.5,0.8669940364419515,0.8523537894194222,0.777908813951491,-0.004090247108964329,0.09045319005239374,0.012916008589234763,False,-0.04,0.18,/Users/glennthompson/Developer/KSCRocketSeismoHydrology/08_fireball_paper/falcon9-seismoacoustic-workflow-1.0.0/data/outputs/070_prepare_event_waveform_products/event_streams/candidate_event_041.pkl,349.5,199.17417526338744,-20.0,0.8641862241362782,500.0,-15.0,True,False,115.0,-40.0,75.0,False,False,1000.0,-500.0,500.0,True,True,160.0,-65.0,95.0,False,False,1000.0,-500.0,500.0,True,True,0.8672181909388439,500.0,5.0,True,False,65.0,-30.0,35.0,False,False,1000.0,-500.0,500.0,True,True,150.0,-50.0,100.0,False,False,1000.0,-500.0,500.0,True,True
42,1472735354.1855617,2016-09-01 13:09:14.185561657+00:00,False,C_weak_or_broad,,,,0,200.7999999999999,325.0,0.6955056021045685,333.5,0.6868936722579995,0.6534568408259115,0.47409783881226303,-0.008611929846569,0.09479277338324323,0.013535667172226536,False,-0.04,0.18,/Users/glennthompson/Developer/KSCRocketSeismoHydrology/08_fireball_paper/falcon9-seismoacoustic-workflow-1.0.0/data/outputs/070_prepare_event_waveform_products/event_streams/candidate_event_042.pkl,333.5,200.70989413191293,-50.0,0.6719499642594501,500.0,-10.0,True,False,125.0,-40.0,85.0,False,False,1000.0,-500.0,500.0,True,True,175.0,-65.0,110.0,False,False,1000.0,-500.0,500.0,True,True,0.6948013335514529,-60.0,40.0,False,False,115.0,0.0,115.0,False,False,1000.0,-500.0,500.0,True,True,165.0,-30.0,135.0,False,False,1000.0,-500.0,500.0,True,True
43,1472735359.0820668,2016-09-01 13:09:19.082066774+00:00,False,B_probable,0.6601533678894268,3.095197394929804,0.7104895367404833,9,202.4999999999999,328.5,0.7503366970250439,344.0,0.7340703425141657,0.702773317303414,0.5620317606605861,-0.01626635451087821,0.09189938931195236,0.013122514540516134,False,-0.04,0.18,/Users/glennthompson/Developer/KSCRocketSeismoHydrology/08_fireball_paper/falcon9-seismoacoustic-workflow-1.0.0/data/outputs/070_prepare_event_waveform_products/event_streams/candidate_event_043.pkl,344.0,202.37391703447622,-30.0,0.7360732138431858,480.0,80.0,False,False,135.0,0.0,135.0,False,False,1000.0,-500.0,500.0,True,True,195.0,-45.0,150.0,False,True,1000.0,-500.0,500.0,True,True,0.7416654368819398,460.0,110.0,False,False,140.0,0.0,140.0,False,False,1000.0,-500.0,500.0,True,True,180.0,-30.0,150.0,False,True,1000.0,-500.0,500.0,True,True
44,1472735359.824,2016-09-01 13:09:19.823999882+00:00,True,B_probable,0.4136557881996717,3.24037034920393,0.8477990439735831,9,200.3999999999999,361.5,0.853052748472959,366.5,0.8476462075761834,0.831138631283342,0.7448151440308907,-0.0054065408967756134,0.08625754412909035,0.012316903143076534,False,-0.04,0.18,/Users/glennthompson/Developer/KSCRocketSeismoHydrology/08_fireball_paper/falcon9-seismoacoustic-workflow-1.0.0/data/outputs/070_prepare_event_waveform_products/event_streams/candidate_event_044.pkl,366.5,199.63452581481164,10.0,0.8419687942606184,-400.0,30.0,False,False,100.0,0.0,100.0,False,False,1000.0,-500.0,500.0,True,True,140.0,-20.0,120.0,False,False,1000.0,-500.0,500.0,True,True,0.8490217996037966,460.0,20.0,False,False,110.0,-30.0,80.0,False,False,1000.0,-500.0,500.0,True,True,140.0,-45.0,95.0,False,False,1000.0,-500.0,500.0,True,True
45,1472735362.7675667,2016-09-01 13:09:22.767566681+00:00,False,C_weak_or_broad,,,,0,199.2999999999999,368.0,0.7161971269060445,368.0,0.7161522996253327,0.6845403581249235,0.5271404237518923,-4.48272807118677e-05,0.08590595087856417,0.012266698374830298,False,-0.04,0.18,/Users/glennthompson/Developer/KSCRocketSeismoHydrology/08_fireball_paper/falcon9-seismoacoustic-workflow-1.0.0/data/outputs/070_prepare_event_waveform_products/event_streams/candidate_event_045.pkl,368.0,199.17417526338744,15.0,0.7066554810356789,-500.0,20.0,True,False,120.0,-20.0,100.0,False,False,1000.0,-500.0,500.0,True,True,170.0,-45.0,125.0,False,False,1000.0,-500.0,500.0,True,True,0.7161854191908439,500.0,5.0,True,False,110.0,-40.0,70.0,False,False,1000.0,-500.0,500.0,True,True,160.0,-70.0,90.0,False,False,1000.0,-500.0,500.0,True,True
46,1472735371.0058932,2016-09-01 13:09:31.005893230+00:00,True,C_weak_or_broad,,,,0,200.8999999999999,359.0,0.5995202648187146,364.5,0.5917172783494546,0.5458662410596375,0.3209876685683606,-0.0078029864692599205,0.08673083655229524,0.012384485602023456,False,-0.04,0.18,/Users/glennthompson/Developer/KSCRocketSeismoHydrology/08_fireball_paper/falcon9-seismoacoustic-workflow-1.0.0/data/outputs/070_prepare_event_waveform_products/event_streams/candidate_event_046.pkl,364.5,199.641080608075,10.0,0.5954096717753283,-460.0,30.0,False,False,125.0,-10.0,115.0,False,False,1000.0,-500.0,500.0,True,True,165.0,-30.0,135.0,False,False,1000.0,-500.0,500.0,True,True,0.5962113903556386,440.0,20.0,False,False,105.0,-15.0,90.0,False,False,1000.0,-500.0,500.0,True,True,150.0,-40.0,110.0,False,False,1000.0,-500.0,500.0,True,True
47,1472735373.9361334,2016-09-01 13:09:33.936133385+00:00,True,B_probable,0.3142696805273365,0.7243558228002942,0.8098783061932344,9,200.3999999999999,354.5,0.8133149379465956,360.0,0.8010524619413746,0.7773892721665692,0.6730944932071652,-0.012262476005221012,0.08781497200919894,0.01253929167204875,False,-0.04,0.18,/Users/glennthompson/Developer/KSCRocketSeismoHydrology/08_fireball_paper/falcon9-seismoacoustic-workflow-1.0.0/data/outputs/070_prepare_event_waveform_products/event_streams/candidate_event_047.pkl,360.0,200.06940368200853,-10.0,0.8128918274454784,-480.0,25.0,False,False,105.0,10.0,115.0,False,False,1000.0,-500.0,500.0,True,True,140.0,0.0,140.0,False,False,1000.0,-500.0,500.0,True,True,0.8088324913294735,500.0,35.0,True,False,105.0,0.0,105.0,False,False,1000.0,-500.0,500.0,True,True,145.0,-20.0,125.0,False,False,1000.0,-500.0,500.0,True,True
48,1472735379.9755669,2016-09-01 13:09:39.975566864+00:00,True,C_weak_or_broad,,,,0,200.59999999999988,346.5,0.6737203726126091,346.5,0.6693393633410931,0.6329801515831739,0.4477563619559435,-0.004381009271515968,0.09123633455501187,0.013027835503427272,False,-0.04,0.18,/Users/glennthompson/Developer/KSCRocketSeismoHydrology/08_fireball_paper/falcon9-seismoacoustic-workflow-1.0.0/data/outputs/070_prepare_event_waveform_products/event_streams/candidate_event_048.pkl,346.5,200.39628337351672,-5.0,0.6726566060772938,460.0,40.0,False,False,100.0,-20.0,80.0,False,False,1000.0,-500.0,500.0,True,True,155.0,-50.0,105.0,False,False,1000.0,-500.0,500.0,True,True,0.6737312084389577,460.0,45.0,False,False,115.0,-15.0,100.0,False,False,1000.0,-500.0,500.0,True,True,160.0,-40.0,120.0,False,False,1000.0,-500.0,500.0,True,True
49,1472735403.7985668,2016-09-01 13:10:03.798566818+00:00,False,C_weak_or_broad,,,,0,200.3999999999999,356.5,0.7045616038744131,362.0,0.7015179979055854,0.6603837497866122,0.5264387401680906,-0.0030436059688276895,0.08732980641798789,0.012470013817507043,False,-0.04,0.18,/Users/glennthompson/Developer/KSCRocketSeismoHydrology/08_fireball_paper/falcon9-seismoacoustic-workflow-1.0.0/data/outputs/070_prepare_event_waveform_products/event_streams/candidate_event_049.pkl,362.0,199.17417526338744,20.0,0.7010543734472675,-440.0,25.0,False,False,80.0,5.0,85.0,False,False,1000.0,-500.0,500.0,True,True,140.0,-20.0,120.0,False,False,1000.0,-500.0,500.0,True,True,0.7018900310194941,500.0,5.0,True,False,105.0,-25.0,80.0,False,False,1000.0,-500.0,500.0,True,True,165.0,-50.0,115.0,False,False,1000.0,-500.0,500.0,True,True
50,1472735406.2590666,2016-09-01 13:10:06.259066582+00:00,False,C_weak_or_broad,,,,0,200.4999999999999,349.5,0.7265309083004493,355.5,0.721484907728222,0.6879736736538546,0.5435035176795462,-0.0050460005722272605,0.088926553933366,0.01269801688308734,False,-0.04,0.18,/Users/glennthompson/Developer/KSCRocketSeismoHydrology/08_fireball_paper/falcon9-seismoacoustic-workflow-1.0.0/data/outputs/070_prepare_event_waveform_products/event_streams/candidate_event_050.pkl,355.5,199.92022255524216,0.0,0.7255869768978558,460.0,30.0,False,False,95.0,-10.0,85.0,False,False,1000.0,-500.0,500.0,True,True,150.0,-35.0,115.0,False,False,1000.0,-500.0,500.0,True,True,0.7229491342873795,500.0,30.0,True,False,105.0,-25.0,80.0,False,False,1000.0,-500.0,500.0,True,True,155.0,-45.0,110.0,False,False,1000.0,-500.0,500.0,True,True
51,1472735422.0620668,2016-09-01 13:10:22.062066793+00:00,False,B_probable,0.24695678634324,1.1573703697777589,0.8591297626239436,9,200.4999999999999,337.0,0.8750018927155566,342.5,0.8630233436379251,0.8475891063804265,0.7723493990483467,-0.011978549077631517,0.09230186838923099,0.013179985407116934,False,-0.04,0.18,/Users/glennthompson/Developer/KSCRocketSeismoHydrology/08_fireball_paper/falcon9-seismoacoustic-workflow-1.0.0/data/outputs/070_prepare_event_waveform_products/event_streams/candidate_event_051.pkl,342.5,200.0128303921698,5.0,0.8563160878417777,500.0,35.0,True,False,65.0,0.0,65.0,False,False,1000.0,-500.0,500.0,True,True,135.0,-50.0,85.0,False,False,1000.0,-500.0,500.0,True,True,0.8708899281024396,320.0,30.0,False,False,95.0,0.0,95.0,False,False,1000.0,-500.0,500.0,True,True,135.0,-15.0,120.0,False,False,1000.0,-500.0,500.0,True,True
52,1472735428.7245717,2016-09-01 13:10:28.724571705+00:00,False,A_high_quality,0.3126943839882108,2.4608038433722332,0.8678287919653437,9,200.8999999999999,354.5,0.9108232577149872,358.5,0.9026335475862404,0.8908537372836461,0.8406065260802636,-0.008189710128746808,0.08818239867032529,0.012591757327580335,False,-0.04,0.18,/Users/glennthompson/Developer/KSCRocketSeismoHydrology/08_fireball_paper/falcon9-seismoacoustic-workflow-1.0.0/data/outputs/070_prepare_event_waveform_products/event_streams/candidate_event_052.pkl,358.5,200.70086575752282,-25.0,0.9099131042065562,-460.0,30.0,False,False,105.0,5.0,110.0,False,False,1000.0,-500.0,500.0,True,True,140.0,-10.0,130.0,False,False,1000.0,-500.0,500.0,True,True,0.9092738904581708,460.0,55.0,False,False,90.0,-5.0,85.0,False,False,1000.0,-500.0,500.0,True,True,135.0,-25.0,110.0,False,False,1000.0,-500.0,500.0,True,True
53,1472735435.1970668,2016-09-01 13:10:35.197066784+00:00,False,C_weak_or_broad,,,,0,201.7999999999999,304.5,0.5720450207109766,308.0,0.558308308042215,0.5199229991995099,0.23177254261254554,-0.013736712668761641,0.10264087637438836,0.014656314941355681,False,-0.04,0.18,/Users/glennthompson/Developer/KSCRocketSeismoHydrology/08_fireball_paper/falcon9-seismoacoustic-workflow-1.0.0/data/outputs/070_prepare_event_waveform_products/event_streams/candidate_event_053.pkl,308.0,201.30972922720989,-10.0,0.5485258302813764,460.0,65.0,False,False,125.0,-30.0,95.0,False,False,1000.0,-500.0,500.0,True,True,185.0,-55.0,130.0,False,False,1000.0,-500.0,500.0,True,True,0.5710934128368619,460.0,75.0,False,False,110.0,10.0,120.0,False,False,1000.0,-500.0,500.0,True,True,160.0,-10.0,150.0,False,True,1000.0,-500.0,500.0,True,True
54,1472735657.3631334,2016-09-01 13:14:17.363133430+00:00,True,A_high_quality,0.1133115447464998,1.314684396244359,0.9423843134495188,9,200.59999999999988,351.0,0.9458691974327796,356.0,0.9388411140756503,0.9253640122107744,0.9181135337459286,-0.007028083357129344,0.08880165708795397,0.012680182589712218,False,-0.04,0.18,/Users/glennthompson/Developer/KSCRocketSeismoHydrology/08_fireball_paper/falcon9-seismoacoustic-workflow-1.0.0/data/outputs/070_prepare_event_waveform_products/event_streams/candidate_event_054.pkl,356.0,199.6281090168918,15.0,0.9455148186629302,340.0,35.0,False,False,95.0,0.0,95.0,False,False,1000.0,-500.0,500.0,True,True,140.0,-20.0,120.0,False,False,1000.0,-500.0,500.0,True,True,0.942081401098006,480.0,20.0,False,False,105.0,-15.0,90.0,False,False,1000.0,-500.0,500.0,True,True,150.0,-35.0,115.0,False,False,1000.0,-500.0,500.0,True,True
55,1472735659.4221334,2016-09-01 13:14:19.422133446+00:00,True,B_probable,0.667406996341349,1.606314699422329,0.9388155356960766,9,203.09999999999988,343.0,0.9522961261282772,355.5,0.9318995351021292,0.9206632463019726,0.8975079366047279,-0.020396591026147992,0.088926553933366,0.01269801688308734,False,-0.04,0.18,/Users/glennthompson/Developer/KSCRocketSeismoHydrology/08_fireball_paper/falcon9-seismoacoustic-workflow-1.0.0/data/outputs/070_prepare_event_waveform_products/event_streams/candidate_event_055.pkl,355.5,202.75029219512635,5.0,0.9494821919090386,460.0,130.0,False,False,135.0,15.0,150.0,False,True,1000.0,-500.0,500.0,True,True,150.0,0.0,150.0,False,True,1000.0,-500.0,500.0,True,True,0.9480555186200904,500.0,125.0,True,False,135.0,15.0,150.0,False,True,1000.0,-500.0,500.0,True,True,155.0,-5.0,150.0,False,True,1000.0,-500.0,500.0,True,True
56,1472735670.4951334,2016-09-01 13:14:30.495133400+00:00,True,A_high_quality,0.2078698548207627,0.7453559924999299,0.9909285619592788,9,201.4999999999999,352.5,0.9916705810327566,359.0,0.968486716856846,0.9647366031144801,0.9482237749407897,-0.023183864175910673,0.08805958195908528,0.01257422006110738,False,-0.04,0.18,/Users/glennthompson/Developer/KSCRocketSeismoHydrology/08_fireball_paper/falcon9-seismoacoustic-workflow-1.0.0/data/outputs/070_prepare_event_waveform_products/event_streams/candidate_event_056.pkl,359.0,200.9641224102744,15.0,0.9916800442423541,500.0,80.0,True,False,115.0,20.0,135.0,False,False,1000.0,-500.0,500.0,True,True,145.0,5.0,150.0,False,True,1000.0,-500.0,500.0,True,True,0.9861665694729571,500.0,65.0,True,False,110.0,10.0,120.0,False,False,1000.0,-500.0,500.0,True,True,140.0,0.0,140.0,False,False,1000.0,-500.0,500.0,True,True
57,1472735746.158893,2016-09-01 13:15:46.158893108+00:00,True,A_high_quality,0.3177855476905395,0.437444881889545,0.9625714607586392,9,200.4999999999999,354.0,0.970887739468638,359.0,0.9575251278760557,0.9521737517159419,0.931104384232453,-0.01336261159258234,0.08805958195908528,0.01257422006110738,False,-0.04,0.18,/Users/glennthompson/Developer/KSCRocketSeismoHydrology/08_fireball_paper/falcon9-seismoacoustic-workflow-1.0.0/data/outputs/070_prepare_event_waveform_products/event_streams/candidate_event_057.pkl,359.0,200.32705851702028,-15.0,0.970786710542901,-400.0,25.0,False,False,90.0,10.0,100.0,False,False,1000.0,-500.0,500.0,True,True,125.0,0.0,125.0,False,False,1000.0,-500.0,500.0,True,True,0.9646687766642466,340.0,40.0,False,False,80.0,0.0,80.0,False,False,1000.0,-500.0,500.0,True,True,150.0,-30.0,120.0,False,False,1000.0,-500.0,500.0,True,True
58,1472735949.3250668,2016-09-01 13:19:09.325066805+00:00,False,C_weak_or_broad,,,,0,208.1999999999999,360.0,0.676113796264989,393.0,0.6633363132752406,0.6228382052240343,0.4481669507040995,-0.012777482989748457,0.08044119573361734,0.011486374050731678,False,-0.04,0.18,/Users/glennthompson/Developer/KSCRocketSeismoHydrology/08_fireball_paper/falcon9-seismoacoustic-workflow-1.0.0/data/outputs/070_prepare_event_waveform_products/event_streams/candidate_event_058.pkl,393.0,202.75029219512635,25.0,0.6742497883072566,-380.0,150.0,False,True,80.0,70.0,150.0,False,True,1000.0,-500.0,500.0,True,True,120.0,30.0,150.0,False,True,1000.0,-500.0,500.0,True,True,0.6674653027073305,500.0,125.0,True,False,170.0,-20.0,150.0,False,True,1000.0,-500.0,500.0,True,True,215.0,-65.0,150.0,False,True,1000.0,-500.0,500.0,True,True
59,1472735951.1161337,2016-09-01 13:19:11.116133690+00:00,False,C_weak_or_broad,,,,0,201.3999999999999,318.5,0.4810608863129337,328.0,0.468688906306276,0.39786571507352586,0.14984738631080255,-0.012371980006657679,0.0963822863515598,0.013762637201029115,False,-0.04,0.18,/Users/glennthompson/Developer/KSCRocketSeismoHydrology/08_fireball_paper/falcon9-seismoacoustic-workflow-1.0.0/data/outputs/070_prepare_event_waveform_products/event_streams/candidate_event_059.pkl,328.0,199.62182590211413,25.0,0.4414378495189071,240.0,45.0,False,False,175.0,-75.0,100.0,False,False,1000.0,-500.0,500.0,True,True,260.0,-110.0,150.0,False,True,1000.0,-500.0,500.0,True,True,0.4705554995820532,500.0,20.0,True,False,150.0,-30.0,120.0,False,False,1000.0,-500.0,500.0,True,True,200.0,-50.0,150.0,False,True,1000.0,-500.0,500.0,True,True
60,1472735951.356567,2016-09-01 13:19:11.356566906+00:00,False,C_weak_or_broad,,,,0,201.69999999999987,322.5,0.6226099131485685,331.5,0.6078289791962104,0.5642313994416984,0.34645069765595693,-0.014780933952358133,0.09536467548510291,0.013617330322586878,False,-0.04,0.18,/Users/glennthompson/Developer/KSCRocketSeismoHydrology/08_fireball_paper/falcon9-seismoacoustic-workflow-1.0.0/data/outputs/070_prepare_event_waveform_products/event_streams/candidate_event_060.pkl,331.5,200.8150565198224,-50.0,0.5762739328038022,500.0,10.0,True,False,130.0,-50.0,80.0,False,False,1000.0,-500.0,500.0,True,True,185.0,-75.0,110.0,False,False,1000.0,-500.0,500.0,True,True,0.6164680969502031,500.0,60.0,True,False,105.0,0.0,105.0,False,False,1000.0,-500.0,500.0,True,True,140.0,-15.0,125.0,False,False,1000.0,-500.0,500.0,True,True
61,1472735951.6145668,2016-09-01 13:19:11.614566803+00:00,False,B_probable,0.5958705634573849,5.89622184952071,0.77430678112218,9,198.4999999999999,321.5,0.794235979466315,318.5,0.7924050171589303,0.7715089795577088,0.6474981471215248,-0.0018309623073846648,0.09925711121918875,0.01417313972350879,False,-0.04,0.18,/Users/glennthompson/Developer/KSCRocketSeismoHydrology/08_fireball_paper/falcon9-seismoacoustic-workflow-1.0.0/data/outputs/070_prepare_event_waveform_products/event_streams/candidate_event_061.pkl,318.5,198.71349400879913,-40.0,0.7797618656675565,480.0,-45.0,False,False,140.0,-80.0,60.0,False,False,1000.0,-500.0,500.0,True,True,235.0,-150.0,85.0,True,False,1000.0,-500.0,500.0,True,True,0.7931186772927884,-500.0,-5.0,True,False,120.0,-40.0,80.0,False,False,1000.0,-500.0,500.0,True,True,210.0,-95.0,115.0,False,False,1000.0,-500.0,500.0,True,True
62,1472735953.066893,2016-09-01 13:19:13.066893101+00:00,True,A_high_quality,0.2819683897877511,1.1785113019775793,0.923076646909098,9,200.59999999999988,358.0,0.9355222332015026,361.5,0.9303842538415902,0.9226586529553165,0.8839453103420017,-0.005137979359912448,0.08745059453198234,0.012487261416148133,False,-0.04,0.18,/Users/glennthompson/Developer/KSCRocketSeismoHydrology/08_fireball_paper/falcon9-seismoacoustic-workflow-1.0.0/data/outputs/070_prepare_event_waveform_products/event_streams/candidate_event_062.pkl,361.5,200.23113274403525,-15.0,0.934768289736948,-500.0,25.0,True,False,135.0,0.0,135.0,False,False,1000.0,-500.0,500.0,True,True,190.0,-40.0,150.0,False,True,1000.0,-500.0,500.0,True,True,0.9345363220438802,480.0,40.0,False,False,145.0,-30.0,115.0,False,False,1000.0,-500.0,500.0,True,True,210.0,-65.0,145.0,False,False,1000.0,-500.0,500.0,True,True
63,1472735953.258067,2016-09-01 13:19:13.258066893+00:00,True,B_probable,0.221108319357014,1.4907119849998598,0.7982494464038421,9,201.8999999999999,359.5,0.8093823309098969,362.5,0.7962570848919752,0.7743475721567759,0.6582427079895483,-0.013125246017921643,0.08720935151258377,0.012452813798448413,False,-0.04,0.18,/Users/glennthompson/Developer/KSCRocketSeismoHydrology/08_fireball_paper/falcon9-seismoacoustic-workflow-1.0.0/data/outputs/070_prepare_event_waveform_products/event_streams/candidate_event_063.pkl,362.5,201.41115450398553,-40.0,0.8078511573756365,-440.0,40.0,False,False,135.0,15.0,150.0,False,True,1000.0,-500.0,500.0,True,True,145.0,5.0,150.0,False,True,1000.0,-500.0,500.0,True,True,0.8085841760322021,500.0,80.0,True,False,125.0,5.0,130.0,False,False,1000.0,-500.0,500.0,True,True,165.0,-15.0,150.0,False,True,1000.0,-500.0,500.0,True,True
64,1472735953.7368932,2016-09-01 13:19:13.736893177+00:00,True,B_probable,0.3166179299727599,4.718626081685795,0.9267220544163944,9,198.3999999999999,391.0,0.9277699926845364,387.0,0.9275936210166952,0.9201327915380689,0.8775697304692688,-0.00017637166784123526,0.08168834605506878,0.011664457369347674,False,-0.04,0.18,/Users/glennthompson/Developer/KSCRocketSeismoHydrology/08_fireball_paper/falcon9-seismoacoustic-workflow-1.0.0/data/outputs/070_prepare_event_waveform_products/event_streams/candidate_event_064.pkl,387.0,198.74403479750202,15.0,0.9032879364872164,-500.0,10.0,True,False,175.0,-25.0,150.0,False,True,1000.0,-500.0,500.0,True,True,225.0,-75.0,150.0,False,True,1000.0,-500.0,500.0,True,True,0.9276564320718705,-400.0,-5.0,False,False,200.0,-125.0,75.0,False,False,1000.0,-500.0,500.0,True,True,290.0,-150.0,140.0,True,False,1000.0,-500.0,500.0,True,True
65,1472735954.5211334,2016-09-01 13:19:14.521133423+00:00,True,A_high_quality,0.2739739556874944,1.257078722109418,0.9258243888873868,9,199.59999999999988,344.0,0.933233762085694,345.5,0.9321825006633029,0.9249112549546195,0.8861787384526564,-0.001051261422391092,0.09150040498787733,0.013065542697359045,False,-0.04,0.18,/Users/glennthompson/Developer/KSCRocketSeismoHydrology/08_fireball_paper/falcon9-seismoacoustic-workflow-1.0.0/data/outputs/070_prepare_event_waveform_products/event_streams/candidate_event_065.pkl,345.5,199.40697094213593,-5.0,0.9293136250402472,500.0,5.0,True,False,130.0,-55.0,75.0,False,False,1000.0,-500.0,500.0,True,True,185.0,-85.0,100.0,False,False,1000.0,-500.0,500.0,True,True,0.9330124256180323,80.0,10.0,False,False,125.0,-35.0,90.0,False,False,1000.0,-500.0,500.0,True,True,180.0,-65.0,115.0,False,False,1000.0,-500.0,500.0,True,True
66,1472735955.212,2016-09-01 13:19:15.211999893+00:00,True,A_high_quality,0.2114033065604374,1.082977149423218,0.9053553476562108,9,200.2999999999999,349.0,0.9126046120382412,352.5,0.9091026814207013,0.9012773010114404,0.8416815040691853,-0.0035019306175398945,0.08968337566896913,0.012806085111879573,False,-0.04,0.18,/Users/glennthompson/Developer/KSCRocketSeismoHydrology/08_fireball_paper/falcon9-seismoacoustic-workflow-1.0.0/data/outputs/070_prepare_event_waveform_products/event_streams/candidate_event_066.pkl,352.5,199.77102928797422,0.0,0.9117143968408439,440.0,25.0,False,False,130.0,-25.0,105.0,False,False,1000.0,-500.0,500.0,True,True,180.0,-50.0,130.0,False,False,1000.0,-500.0,500.0,True,True,0.9114876486947237,500.0,25.0,True,False,130.0,-25.0,105.0,False,False,1000.0,-500.0,500.0,True,True,185.0,-55.0,130.0,False,False,1000.0,-500.0,500.0,True,True
67,1472735956.8075666,2016-09-01 13:19:16.807566643+00:00,True,B_probable,0.4966554808583497,3.423773097362356,0.7977476961728788,9,200.39999999999984,347.5,0.833692954881218,352.5,0.8316807649652842,0.8138215435041548,0.7169391943139569,-0.002012189915933771,0.08968337566896913,0.012806085111879573,False,-0.04,0.18,/Users/glennthompson/Developer/KSCRocketSeismoHydrology/08_fireball_paper/falcon9-seismoacoustic-workflow-1.0.0/data/outputs/070_prepare_event_waveform_products/event_streams/candidate_event_067.pkl,352.5,199.21596341205552,5.0,0.8328225089940242,320.0,10.0,False,False,75.0,-15.0,60.0,False,False,1000.0,-500.0,500.0,True,True,180.0,-60.0,120.0,False,False,1000.0,-500.0,500.0,True,True,0.8323949711850298,80.0,5.0,False,False,75.0,-15.0,60.0,False,False,1000.0,-500.0,500.0,True,True,180.0,-60.0,120.0,False,False,1000.0,-500.0,500.0,True,True
68,1472735958.1421337,2016-09-01 13:19:18.142133713+00:00,False,C_weak_or_broad,,,,0,200.4999999999999,353.0,0.7482194663952457,356.5,0.7401893480118973,0.7116619846087422,0.5659607862332604,-0.008030118383348439,0.0886771105843243,0.012662398322405469,False,-0.04,0.18,/Users/glennthompson/Developer/KSCRocketSeismoHydrology/08_fireball_paper/falcon9-seismoacoustic-workflow-1.0.0/data/outputs/070_prepare_event_waveform_products/event_streams/candidate_event_068.pkl,356.5,199.92964593563852,0.0,0.7482361082795055,-160.0,30.0,False,False,120.0,5.0,125.0,False,False,1000.0,-500.0,500.0,True,True,170.0,-20.0,150.0,False,True,1000.0,-500.0,500.0,True,True,0.7463045729080456,480.0,30.0,False,False,135.0,-5.0,130.0,False,False,1000.0,-500.0,500.0,True,True,170.0,-20.0,150.0,False,True,1000.0,-500.0,500.0,True,True
69,1472735958.8551335,2016-09-01 13:19:18.855133533+00:00,True,A_high_quality,0.2572408200619904,1.867526257107957,0.9466240150985716,9,200.19999999999987,358.5,0.9497152351757068,363.0,0.9462358919172554,0.9362063940493036,0.9225602774383663,-0.0034793432584513395,0.08708922843887497,0.012435661162362397,False,-0.04,0.18,/Users/glennthompson/Developer/KSCRocketSeismoHydrology/08_fireball_paper/falcon9-seismoacoustic-workflow-1.0.0/data/outputs/070_prepare_event_waveform_products/event_streams/candidate_event_069.pkl,363.0,199.32339686618175,25.0,0.9449351165412702,-480.0,35.0,False,False,125.0,-25.0,100.0,False,False,1000.0,-500.0,500.0,True,True,155.0,-40.0,115.0,False,False,1000.0,-500.0,500.0,True,True,0.94678282453645,500.0,10.0,True,False,70.0,-30.0,40.0,False,False,1000.0,-500.0,500.0,True,True,125.0,-45.0,80.0,False,False,1000.0,-500.0,500.0,True,True
70,1472735962.6218932,2016-09-01 13:19:22.621893167+00:00,True,A_high_quality,0.2845832994414438,1.1083298524033336,0.9394352948076514,9,200.59999999999988,353.5,0.9457794047156636,357.0,0.9393201352231335,0.9330166889486295,0.897550609269779,-0.006459269492530062,0.0885529129504527,0.012644663870973528,False,-0.04,0.18,/Users/glennthompson/Developer/KSCRocketSeismoHydrology/08_fireball_paper/falcon9-seismoacoustic-workflow-1.0.0/data/outputs/070_prepare_event_waveform_products/event_streams/candidate_event_070.pkl,357.0,200.1515408171097,-10.0,0.9457434983173375,-480.0,25.0,False,False,90.0,5.0,95.0,False,False,1000.0,-500.0,500.0,True,True,135.0,-15.0,120.0,False,False,1000.0,-500.0,500.0,True,True,0.9443071385441769,360.0,35.0,False,False,100.0,-10.0,90.0,False,False,1000.0,-500.0,500.0,True,True,140.0,-30.0,110.0,False,False,1000.0,-500.0,500.0,True,True
71,1472735962.8071334,2016-09-01 13:19:22.807133436+00:00,True,A_high_quality,0.1165343164633435,0.926296222251837,0.9544035463708472,9,200.4999999999999,352.5,0.9599138875842644,358.5,0.9557389835347908,0.9516481878784006,0.9237503540387522,-0.004174904049473627,0.08818239867032529,0.012591757327580335,False,-0.04,0.18,/Users/glennthompson/Developer/KSCRocketSeismoHydrology/08_fireball_paper/falcon9-seismoacoustic-workflow-1.0.0/data/outputs/070_prepare_event_waveform_products/event_streams/candidate_event_071.pkl,358.5,199.17417526338744,40.0,0.9599933533881629,380.0,45.0,False,False,115.0,-15.0,100.0,False,False,1000.0,-500.0,500.0,True,True,170.0,-45.0,125.0,False,False,1000.0,-500.0,500.0,True,True,0.9562342117235869,500.0,5.0,True,False,115.0,-35.0,80.0,False,False,1000.0,-500.0,500.0,True,True,180.0,-65.0,115.0,False,False,1000.0,-500.0,500.0,True,True
72,1472735963.7338932,2016-09-01 13:19:23.733893156+00:00,True,A_high_quality,0.2298684540619558,1.914854215512676,0.9545745428199534,9,200.4999999999999,353.0,0.9618634589356664,353.0,0.9596766481526247,0.9554173400513584,0.9321312206090485,-0.002186810783041726,0.0895563453918176,0.012787946181126204,False,-0.04,0.18,/Users/glennthompson/Developer/KSCRocketSeismoHydrology/08_fireball_paper/falcon9-seismoacoustic-workflow-1.0.0/data/outputs/070_prepare_event_waveform_products/event_streams/candidate_event_072.pkl,353.0,200.32705851702028,-15.0,0.9618649987341625,-340.0,25.0,False,False,135.0,-35.0,100.0,False,False,1000.0,-500.0,500.0,True,True,215.0,-75.0,140.0,False,False,1000.0,-500.0,500.0,True,True,0.9618448924899288,340.0,40.0,False,False,140.0,-40.0,100.0,False,False,1000.0,-500.0,500.0,True,True,220.0,-80.0,140.0,False,False,1000.0,-500.0,500.0,True,True
73,1472735965.036,2016-09-01 13:19:25.036000013+00:00,True,A_high_quality,0.0816496580927679,0.6573421981221795,0.9738926945163098,9,199.9999999999999,354.0,0.9751965948637982,356.5,0.9738643759880117,0.9713012489157085,0.9554181331929333,-0.001332218875786495,0.0886771105843243,0.012662398322405469,False,-0.04,0.18,/Users/glennthompson/Developer/KSCRocketSeismoHydrology/08_fireball_paper/falcon9-seismoacoustic-workflow-1.0.0/data/outputs/070_prepare_event_waveform_products/event_streams/candidate_event_073.pkl,356.5,200.06940368200853,-20.0,0.9750974781573563,-500.0,15.0,True,False,115.0,-20.0,95.0,False,False,1000.0,-500.0,500.0,True,True,160.0,-40.0,120.0,False,False,1000.0,-500.0,500.0,True,True,0.9750318299852343,500.0,35.0,True,False,120.0,-35.0,85.0,False,False,1000.0,-500.0,500.0,True,True,165.0,-55.0,110.0,False,False,1000.0,-500.0,500.0,True,True
74,1472735966.8391335,2016-09-01 13:19:26.839133501+00:00,True,A_high_quality,0.1617802197617801,0.6236095644623235,0.9799444455480132,9,200.4999999999999,350.0,0.9819353774005672,354.5,0.9768700624131487,0.9729753352873562,0.9654243062036746,-0.005065314987418579,0.08917740457915829,0.012733836394746262,False,-0.04,0.18,/Users/glennthompson/Developer/KSCRocketSeismoHydrology/08_fireball_paper/falcon9-seismoacoustic-workflow-1.0.0/data/outputs/070_prepare_event_waveform_products/event_streams/candidate_event_074.pkl,354.5,200.25706711787518,-5.0,0.9814070934872379,400.0,35.0,False,False,125.0,-20.0,105.0,False,False,1000.0,-500.0,500.0,True,True,175.0,-45.0,130.0,False,False,1000.0,-500.0,500.0,True,True,0.9801916349743678,440.0,40.0,False,False,125.0,-25.0,100.0,False,False,1000.0,-500.0,500.0,True,True,175.0,-50.0,125.0,False,False,1000.0,-500.0,500.0,True,True
75,1472735969.365,2016-09-01 13:19:29.365000010+00:00,True,A_high_quality,0.1165343164633435,0.8534606386520677,0.9805200367440736,9,200.2999999999999,350.0,0.985362961839274,353.5,0.982518452523953,0.9805802072358281,0.9708516409122802,-0.0028445093153209866,0.08942967446481362,0.012769858562765345,False,-0.04,0.18,/Users/glennthompson/Developer/KSCRocketSeismoHydrology/08_fireball_paper/falcon9-seismoacoustic-workflow-1.0.0/data/outputs/070_prepare_event_waveform_products/event_streams/candidate_event_075.pkl,353.5,199.77102928797422,0.0,0.9848525391014358,500.0,25.0,True,False,115.0,-25.0,90.0,False,False,1000.0,-500.0,500.0,True,True,190.0,-65.0,125.0,False,False,1000.0,-500.0,500.0,True,True,0.9841696540768543,500.0,25.0,True,False,120.0,-30.0,90.0,False,False,1000.0,-500.0,500.0,True,True,185.0,-65.0,120.0,False,False,1000.0,-500.0,500.0,True,True
76,1472735973.3711336,2016-09-01 13:19:33.371133566+00:00,True,A_high_quality,0.236225462505201,1.7159383568311668,0.9425441449104582,9,200.4999999999999,356.5,0.9543387780528824,362.0,0.9517562035704551,0.9462448844784446,0.9200463644169415,-0.002582574482427269,0.08732980641798789,0.012470013817507043,False,-0.04,0.18,/Users/glennthompson/Developer/KSCRocketSeismoHydrology/08_fireball_paper/falcon9-seismoacoustic-workflow-1.0.0/data/outputs/070_prepare_event_waveform_products/event_streams/candidate_event_076.pkl,362.0,199.3297473504647,20.0,0.9526824102950584,-440.0,30.0,False,False,150.0,-45.0,105.0,False,False,1000.0,-500.0,500.0,True,True,200.0,-65.0,135.0,False,False,1000.0,-500.0,500.0,True,True,0.9525204168789161,460.0,10.0,False,False,120.0,-50.0,70.0,False,False,1000.0,-500.0,500.0,True,True,210.0,-90.0,120.0,False,False,1000.0,-500.0,500.0,True,True
77,1472735973.7820668,2016-09-01 13:19:33.782066822+00:00,False,B_probable,0.4565030796482882,3.9440531887330774,0.7536307910192441,9,200.3999999999999,352.5,0.7986568150117861,358.0,0.7928563416626468,0.7702770995660974,0.6534504096149419,-0.005800473349139246,0.08830555844500451,0.012609343580831144,False,-0.04,0.18,/Users/glennthompson/Developer/KSCRocketSeismoHydrology/08_fireball_paper/falcon9-seismoacoustic-workflow-1.0.0/data/outputs/070_prepare_event_waveform_products/event_streams/candidate_event_077.pkl,358.0,199.32339686618175,30.0,0.7986616006735259,320.0,40.0,False,False,85.0,10.0,95.0,False,False,1000.0,-500.0,500.0,True,True,160.0,-20.0,140.0,False,False,1000.0,-500.0,500.0,True,True,0.7941776897316541,500.0,10.0,True,False,115.0,-10.0,105.0,False,False,1000.0,-500.0,500.0,True,True,160.0,-25.0,135.0,False,False,1000.0,-500.0,500.0,True,True
78,1472735982.4041336,2016-09-01 13:19:42.404133558+00:00,True,A_high_quality,0.3235604395235602,1.914854215512676,0.9696152800687342,9,199.29999999999987,352.5,0.9703905894450916,352.5,0.9703338963946202,0.9672417163207642,0.9499443330108087,-5.6693050471401385e-05,0.08968337566896913,0.012806085111879573,False,-0.04,0.18,/Users/glennthompson/Developer/KSCRocketSeismoHydrology/08_fireball_paper/falcon9-seismoacoustic-workflow-1.0.0/data/outputs/070_prepare_event_waveform_products/event_streams/candidate_event_078.pkl,352.5,199.17735057152692,0.0,0.9704044418615554,360.0,5.0,False,False,155.0,-55.0,100.0,False,False,1000.0,-500.0,500.0,True,True,245.0,-105.0,140.0,False,False,1000.0,-500.0,500.0,True,True,0.9704083091137035,460.0,5.0,False,False,160.0,-60.0,100.0,False,False,1000.0,-500.0,500.0,True,True,245.0,-110.0,135.0,False,False,1000.0,-500.0,500.0,True,True
79,1472735988.337067,2016-09-01 13:19:48.337066889+00:00,False,B_probable,0.6913932971601405,1.6120686809496565,0.8049413210895219,9,201.09999999999988,363.0,0.8151419170133642,369.5,0.8118973102958127,0.7880797308278297,0.6952473589955744,-0.003244606717551557,0.08555721224170938,0.012216901223105682,False,-0.04,0.18,/Users/glennthompson/Developer/KSCRocketSeismoHydrology/08_fireball_paper/falcon9-seismoacoustic-workflow-1.0.0/data/outputs/070_prepare_event_waveform_products/event_streams/candidate_event_079.pkl,369.5,199.56215383603342,35.0,0.809996206365382,200.0,50.0,False,False,150.0,-10.0,140.0,False,False,1000.0,-500.0,500.0,True,True,205.0,-55.0,150.0,False,True,1000.0,-500.0,500.0,True,True,0.8130031960989004,180.0,15.0,False,False,120.0,-35.0,85.0,False,False,1000.0,-500.0,500.0,True,True,205.0,-80.0,125.0,False,False,1000.0,-500.0,500.0,True,True
80,1472735995.4231336,2016-09-01 13:19:55.423133612+00:00,True,B_probable,0.3046957600178068,2.0742394113993856,0.8755312788357357,9,200.89999999999984,357.5,0.8878393477612052,361.5,0.8820916625518476,0.8695411358014745,0.8018349053548142,-0.005747685209357645,0.08745059453198234,0.012487261416148133,False,-0.04,0.18,/Users/glennthompson/Developer/KSCRocketSeismoHydrology/08_fireball_paper/falcon9-seismoacoustic-workflow-1.0.0/data/outputs/070_prepare_event_waveform_products/event_streams/candidate_event_080.pkl,361.5,199.94910056920295,5.0,0.8862108519856435,-440.0,35.0,False,False,130.0,-15.0,115.0,False,False,1000.0,-500.0,500.0,True,True,180.0,-35.0,145.0,False,False,1000.0,-500.0,500.0,True,True,0.8862441627868205,440.0,30.0,False,False,90.0,-20.0,70.0,False,False,1000.0,-500.0,500.0,True,True,190.0,-50.0,140.0,False,False,1000.0,-500.0,500.0,True,True
81,1472735996.212067,2016-09-01 13:19:56.212066889+00:00,True,A_high_quality,0.3880944265904886,1.2933829696469796,0.920079339781291,9,200.59999999999988,361.0,0.9365257576509172,365.0,0.9347279437924678,0.9258115599982181,0.8962050389676849,-0.0017978138584493486,0.0866120271871551,0.012367520553253561,False,-0.04,0.18,/Users/glennthompson/Developer/KSCRocketSeismoHydrology/08_fireball_paper/falcon9-seismoacoustic-workflow-1.0.0/data/outputs/070_prepare_event_waveform_products/event_streams/candidate_event_081.pkl,365.0,199.668772760886,5.0,0.931643689773552,-440.0,25.0,False,False,120.0,-10.0,110.0,False,False,1000.0,-500.0,500.0,True,True,170.0,-35.0,135.0,False,False,1000.0,-500.0,500.0,True,True,0.9357074500586511,360.0,20.0,False,False,120.0,-45.0,75.0,False,False,1000.0,-500.0,500.0,True,True,165.0,-75.0,90.0,False,False,1000.0,-500.0,500.0,True,True
82,1472736000.0520668,2016-09-01 13:20:00.052066803+00:00,False,B_probable,0.1770819716723147,2.266230894930126,0.7634791256605429,9,201.6999999999999,337.5,0.7714713297666307,349.0,0.7572655153561494,0.7278999468738577,0.6026277361591733,-0.014205814410481299,0.09058277914989002,0.012934512899534527,False,-0.04,0.18,/Users/glennthompson/Developer/KSCRocketSeismoHydrology/08_fireball_paper/falcon9-seismoacoustic-workflow-1.0.0/data/outputs/070_prepare_event_waveform_products/event_streams/candidate_event_082.pkl,349.0,200.9133558312416,-15.0,0.7628723793880251,500.0,45.0,True,False,120.0,-5.0,115.0,False,False,1000.0,-500.0,500.0,True,True,175.0,-30.0,145.0,False,False,1000.0,-500.0,500.0,True,True,0.7673160869264471,400.0,60.0,False,False,115.0,0.0,115.0,False,False,1000.0,-500.0,500.0,True,True,165.0,-20.0,145.0,False,False,1000.0,-500.0,500.0,True,True
83,1472736003.938,2016-09-01 13:20:03.937999964+00:00,True,A_high_quality,0.0628539361054673,0.3685138655950444,0.9626991735710244,9,200.2999999999999,348.5,0.9724951854097268,352.5,0.9668162988029831,0.963108410970585,0.9447562611031608,-0.005678886606743649,0.08968337566896913,0.012806085111879573,False,-0.04,0.18,/Users/glennthompson/Developer/KSCRocketSeismoHydrology/08_fireball_paper/falcon9-seismoacoustic-workflow-1.0.0/data/outputs/070_prepare_event_waveform_products/event_streams/candidate_event_083.pkl,352.5,199.77102928797422,0.0,0.9708407418187432,500.0,25.0,True,False,85.0,-15.0,70.0,False,False,1000.0,-500.0,500.0,True,True,125.0,-35.0,90.0,False,False,1000.0,-500.0,500.0,True,True,0.9703034004230153,500.0,25.0,True,False,85.0,-15.0,70.0,False,False,1000.0,-500.0,500.0,True,True,130.0,-40.0,90.0,False,False,1000.0,-500.0,500.0,True,True
84,1472736005.179067,2016-09-01 13:20:05.179066896+00:00,False,C_weak_or_broad,,,,0,200.3999999999999,372.5,0.7149596523452322,378.0,0.7130905676934939,0.6822888032666051,0.5185864286676537,-0.0018690846517382953,0.08363330667542755,0.011942182544808333,False,-0.04,0.18,/Users/glennthompson/Developer/KSCRocketSeismoHydrology/08_fireball_paper/falcon9-seismoacoustic-workflow-1.0.0/data/outputs/070_prepare_event_waveform_products/event_streams/candidate_event_084.pkl,378.0,199.17574620359295,25.0,0.6991420934460393,-460.0,30.0,False,False,130.0,-10.0,120.0,False,False,1000.0,-500.0,500.0,True,True,200.0,-50.0,150.0,False,True,1000.0,-500.0,500.0,True,True,0.713453860164156,480.0,5.0,False,False,100.0,-35.0,65.0,False,False,1000.0,-500.0,500.0,True,True,205.0,-105.0,100.0,False,False,1000.0,-500.0,500.0,True,True
85,1472736006.2955666,2016-09-01 13:20:06.295566559+00:00,False,C_weak_or_broad,,,,0,199.19999999999987,440.0,0.558175342537029,440.0,0.5584760904112478,0.5115343473514005,0.25777741000203785,0.00030074787421874305,0.07184861346207186,0.010259420458948976,True,-0.04,0.18,/Users/glennthompson/Developer/KSCRocketSeismoHydrology/08_fireball_paper/falcon9-seismoacoustic-workflow-1.0.0/data/outputs/070_prepare_event_waveform_products/event_streams/candidate_event_085.pkl,440.0,199.0249516362205,20.0,0.501493418111029,-360.0,20.0,False,False,80.0,0.0,80.0,False,False,1000.0,-500.0,500.0,True,True,170.0,-75.0,95.0,False,False,1000.0,-500.0,500.0,True,True,0.5586457910349416,260.0,0.0,False,False,190.0,-90.0,100.0,False,False,1000.0,-500.0,500.0,True,True,300.0,-150.0,150.0,True,True,1000.0,-500.0,500.0,True,True
86,1472736016.4215667,2016-09-01 13:20:16.421566725+00:00,False,B_probable,0.3265986323710718,6.142344427149001,0.7570083860177159,9,199.3999999999999,372.5,0.759853359450477,373.0,0.759561916711136,0.7324134610415431,0.6005692004310511,-0.00029144273934100795,0.08475439657724293,0.012102265420744102,False,-0.04,0.18,/Users/glennthompson/Developer/KSCRocketSeismoHydrology/08_fireball_paper/falcon9-seismoacoustic-workflow-1.0.0/data/outputs/070_prepare_event_waveform_products/event_streams/candidate_event_086.pkl,373.0,199.3505309056022,10.0,0.7549536526160167,-340.0,20.0,False,False,85.0,0.0,85.0,False,False,1000.0,-500.0,500.0,True,True,175.0,-45.0,130.0,False,False,1000.0,-500.0,500.0,True,True,0.7597492743816674,340.0,10.0,False,False,75.0,-35.0,40.0,False,False,1000.0,-500.0,500.0,True,True,235.0,-115.0,120.0,False,False,1000.0,-500.0,500.0,True,True
87,1472736017.9765668,2016-09-01 13:20:17.976566792+00:00,False,C_weak_or_broad,,,,0,202.19999999999987,302.0,0.7464223979380291,314.5,0.7268931954677507,0.6952109598081052,0.5488330979144376,-0.01952920247027845,0.10051952280862199,0.014353402231915897,False,-0.04,0.18,/Users/glennthompson/Developer/KSCRocketSeismoHydrology/08_fireball_paper/falcon9-seismoacoustic-workflow-1.0.0/data/outputs/070_prepare_event_waveform_products/event_streams/candidate_event_087.pkl,314.5,201.2621734106437,-75.0,0.6637827726603398,500.0,0.0,True,False,145.0,-85.0,60.0,False,False,1000.0,-500.0,500.0,True,True,230.0,-130.0,100.0,False,False,1000.0,-500.0,500.0,True,True,0.7343188700449541,500.0,75.0,True,False,110.0,0.0,110.0,False,False,1000.0,-500.0,500.0,True,True,135.0,-15.0,120.0,False,False,1000.0,-500.0,500.0,True,True
88,1472736018.6420667,2016-09-01 13:20:18.642066717+00:00,False,C_weak_or_broad,,,,0,199.09999999999988,340.5,0.5955434536143573,339.5,0.595596712910446,0.5516022783466302,0.3231767295123396,5.3259296088681296e-05,0.09311749609222862,0.013296450668446392,False,-0.04,0.18,/Users/glennthompson/Developer/KSCRocketSeismoHydrology/08_fireball_paper/falcon9-seismoacoustic-workflow-1.0.0/data/outputs/070_prepare_event_waveform_products/event_streams/candidate_event_088.pkl,339.5,199.0249516362212,-30.0,0.5931230791002415,500.0,-30.0,True,False,175.0,-145.0,30.0,False,False,1000.0,-500.0,500.0,True,True,225.0,-150.0,75.0,True,False,1000.0,-500.0,500.0,True,True,0.595602639014239,40.0,0.0,False,False,185.0,-115.0,70.0,False,False,1000.0,-500.0,500.0,True,True,260.0,-150.0,110.0,True,False,1000.0,-500.0,500.0,True,True
89,1472736020.5260668,2016-09-01 13:20:20.526066779+00:00,False,C_weak_or_broad,,,,0,195.8999999999999,371.0,0.6953010160648253,356.5,0.6901791751333437,0.6531821593711651,0.49134939755322354,-0.005121840931481603,0.0886771105843243,0.012662398322405469,False,-0.04,0.18,/Users/glennthompson/Developer/KSCRocketSeismoHydrology/08_fireball_paper/falcon9-seismoacoustic-workflow-1.0.0/data/outputs/070_prepare_event_waveform_products/event_streams/candidate_event_089.pkl,356.5,198.71349400879913,15.0,0.6878121803193593,-500.0,10.0,True,False,190.0,-100.0,90.0,False,False,1000.0,-500.0,500.0,True,True,300.0,-150.0,150.0,True,True,1000.0,-500.0,500.0,True,True,0.6905761746045189,-500.0,-5.0,True,False,190.0,-135.0,55.0,False,False,1000.0,-500.0,500.0,True,True,290.0,-150.0,140.0,True,False,1000.0,-500.0,500.0,True,True
90,1472736023.4185667,2016-09-01 13:20:23.418566704+00:00,False,C_weak_or_broad,,,,0,196.59999999999988,413.0,0.7303526028681369,399.5,0.7273049400381163,0.6971703112371039,0.5450137664792697,-0.003047662830020559,0.07913239029614923,0.011299486863423153,False,-0.04,0.18,/Users/glennthompson/Developer/KSCRocketSeismoHydrology/08_fireball_paper/falcon9-seismoacoustic-workflow-1.0.0/data/outputs/070_prepare_event_waveform_products/event_streams/candidate_event_090.pkl,399.5,198.40205478722362,40.0,0.6904141761273478,-480.0,30.0,False,False,135.0,0.0,135.0,False,False,1000.0,-500.0,500.0,True,True,200.0,-50.0,150.0,False,True,1000.0,-500.0,500.0,True,True,0.7280895779283196,-500.0,-10.0,True,False,145.0,-115.0,30.0,False,False,1000.0,-500.0,500.0,True,True,235.0,-150.0,85.0,True,False,1000.0,-500.0,500.0,True,True
91,1472736026.3125668,2016-09-01 13:20:26.312566757+00:00,True,A_high_quality,0.1949992086087027,1.7391639824998364,0.900452761054374,9,200.59999999999988,350.0,0.9241539979359872,354.5,0.9211610930664978,0.9124249845311543,0.8685305117390264,-0.0029929048694893323,0.08917740457915829,0.012733836394746262,False,-0.04,0.18,/Users/glennthompson/Developer/KSCRocketSeismoHydrology/08_fireball_paper/falcon9-seismoacoustic-workflow-1.0.0/data/outputs/070_prepare_event_waveform_products/event_streams/candidate_event_091.pkl,354.5,199.94910056920295,10.0,0.9237838911778378,480.0,40.0,False,False,120.0,-20.0,100.0,False,False,1000.0,-500.0,500.0,True,True,170.0,-45.0,125.0,False,False,1000.0,-500.0,500.0,True,True,0.9225579439298583,440.0,30.0,False,False,130.0,-30.0,100.0,False,False,1000.0,-500.0,500.0,True,True,170.0,-50.0,120.0,False,False,1000.0,-500.0,500.0,True,True
92,1472736028.6020668,2016-09-01 13:20:28.602066755+00:00,False,C_weak_or_broad,,,,0,198.89999999999992,353.0,0.4388129700555729,351.5,0.4389608514005786,0.3764330059918761,0.06550523902726473,0.00014788134500570704,0.08993852040771441,0.012842517786451067,False,-0.04,0.18,/Users/glennthompson/Developer/KSCRocketSeismoHydrology/08_fireball_paper/falcon9-seismoacoustic-workflow-1.0.0/data/outputs/070_prepare_event_waveform_products/event_streams/candidate_event_092.pkl,351.5,199.0249516362155,-5.0,0.4386217914390787,-500.0,-5.0,True,False,145.0,-85.0,60.0,False,False,1000.0,-500.0,500.0,True,True,260.0,-150.0,110.0,True,False,1000.0,-500.0,500.0,True,True,0.4389743376244656,-20.0,0.0,False,False,175.0,-115.0,60.0,False,False,1000.0,-500.0,500.0,True,True,255.0,-150.0,105.0,True,False,1000.0,-500.0,500.0,True,True
93,1472736033.8025668,2016-09-01 13:20:33.802566767+00:00,False,C_weak_or_broad,,,,0,198.69999999999987,375.0,0.6685943258611455,379.5,0.6672633263741342,0.6267682428017861,0.45601190346531273,-0.0013309994870113195,0.08330274024588041,0.011894980242259684,False,-0.04,0.18,/Users/glennthompson/Developer/KSCRocketSeismoHydrology/08_fireball_paper/falcon9-seismoacoustic-workflow-1.0.0/data/outputs/070_prepare_event_waveform_products/event_streams/candidate_event_093.pkl,379.5,199.32339686618175,5.0,0.6470513271434768,-500.0,15.0,True,False,155.0,-20.0,135.0,False,False,1000.0,-500.0,500.0,True,True,215.0,-65.0,150.0,False,True,1000.0,-500.0,500.0,True,True,0.6675395406951243,500.0,10.0,True,False,170.0,-95.0,75.0,False,False,1000.0,-500.0,500.0,True,True,245.0,-130.0,115.0,False,False,1000.0,-500.0,500.0,True,True
94,1472736039.8355668,2016-09-01 13:20:39.835566759+00:00,False,B_probable,0.1594744454934056,2.9668955384041533,0.7789320591456882,9,200.4999999999999,331.0,0.8027615360951499,335.0,0.7977558426715563,0.7747554396355318,0.6645128944511857,-0.005005693423593582,0.0943683281292884,0.013475059707276268,False,-0.04,0.18,/Users/glennthompson/Developer/KSCRocketSeismoHydrology/08_fireball_paper/falcon9-seismoacoustic-workflow-1.0.0/data/outputs/070_prepare_event_waveform_products/event_streams/candidate_event_094.pkl,335.0,199.92022255524216,-35.0,0.7787779588747714,500.0,-5.0,True,False,80.0,-45.0,35.0,False,False,1000.0,-500.0,500.0,True,True,130.0,-60.0,70.0,False,False,1000.0,-500.0,500.0,True,True,0.8001613896902324,500.0,30.0,True,False,110.0,-15.0,95.0,False,False,1000.0,-500.0,500.0,True,True,145.0,-30.0,115.0,False,False,1000.0,-500.0,500.0,True,True
95,1472736040.7351334,2016-09-01 13:20:40.735133410+00:00,True,A_high_quality,0.1247219128924576,2.3465235646603193,0.9623372710561784,9,200.4999999999999,345.5,0.966926349279742,349.5,0.9617505085946927,0.9574957850005391,0.9362651879718458,-0.005175840685049282,0.09045319005239374,0.012916008589234763,False,-0.04,0.18,/Users/glennthompson/Developer/KSCRocketSeismoHydrology/08_fireball_paper/falcon9-seismoacoustic-workflow-1.0.0/data/outputs/070_prepare_event_waveform_products/event_streams/candidate_event_095.pkl,349.5,200.0916234494406,5.0,0.9643984361217597,360.0,40.0,False,False,130.0,-25.0,105.0,False,False,1000.0,-500.0,500.0,True,True,175.0,-50.0,125.0,False,False,1000.0,-500.0,500.0,True,True,0.9650205773579562,460.0,35.0,False,False,135.0,-20.0,115.0,False,False,1000.0,-500.0,500.0,True,True,175.0,-40.0,135.0,False,False,1000.0,-500.0,500.0,True,True
96,1472736054.0225668,2016-09-01 13:20:54.022566795+00:00,False,C_weak_or_broad,,,,0,196.7999999999999,353.5,0.6387900184807831,350.5,0.6317151999741706,0.5899445319090901,0.3887424041435823,-0.0070748185066125124,0.0901951210365524,0.012879158350749072,False,-0.04,0.18,/Users/glennthompson/Developer/KSCRocketSeismoHydrology/08_fireball_paper/falcon9-seismoacoustic-workflow-1.0.0/data/outputs/070_prepare_event_waveform_products/event_streams/candidate_event_096.pkl,350.5,196.84577815055079,-5.0,0.638783339924885,-420.0,-40.0,False,False,135.0,-130.0,5.0,False,False,1000.0,-500.0,500.0,True,True,185.0,-150.0,35.0,True,False,1000.0,-500.0,500.0,True,True,0.6385800395463359,-500.0,-35.0,True,False,135.0,-125.0,10.0,False,False,1000.0,-500.0,500.0,True,True,190.0,-150.0,40.0,True,False,1000.0,-500.0,500.0,True,True
97,1472736067.2175667,2016-09-01 13:21:07.217566729+00:00,False,C_weak_or_broad,,,,0,198.4999999999999,371.5,0.6976266417363229,372.5,0.6957744317714972,0.6648099903903176,0.4844421876865333,-0.0018522099648257129,0.08486816086795064,0.01211851007231557,False,-0.04,0.18,/Users/glennthompson/Developer/KSCRocketSeismoHydrology/08_fireball_paper/falcon9-seismoacoustic-workflow-1.0.0/data/outputs/070_prepare_event_waveform_products/event_streams/candidate_event_097.pkl,372.5,198.29963162893404,30.0,0.6681527838268732,-500.0,10.0,True,False,125.0,-10.0,115.0,False,False,1000.0,-500.0,500.0,True,True,155.0,-25.0,130.0,False,False,1000.0,-500.0,500.0,True,True,0.6972696918879453,160.0,-20.0,False,False,75.0,-50.0,25.0,False,False,1000.0,-500.0,500.0,True,True,185.0,-100.0,85.0,False,False,1000.0,-500.0,500.0,True,True
98,1472736068.9565668,2016-09-01 13:21:08.956566811+00:00,True,A_high_quality,0.3119037521692756,1.2347839317162703,0.8940464731589804,9,199.8999999999999,346.5,0.9133306309827738,349.0,0.9110934953699251,0.9009600811851816,0.8525872332940813,-0.002237135612848662,0.09058277914989002,0.012934512899534527,False,-0.04,0.18,/Users/glennthompson/Developer/KSCRocketSeismoHydrology/08_fireball_paper/falcon9-seismoacoustic-workflow-1.0.0/data/outputs/070_prepare_event_waveform_products/event_streams/candidate_event_098.pkl,349.0,199.6912323694572,-10.0,0.9102699970460214,500.0,10.0,True,False,95.0,-35.0,60.0,False,False,1000.0,-500.0,500.0,True,True,155.0,-65.0,90.0,False,False,1000.0,-500.0,500.0,True,True,0.9122353663207322,300.0,20.0,False,False,105.0,-30.0,75.0,False,False,1000.0,-500.0,500.0,True,True,155.0,-60.0,95.0,False,False,1000.0,-500.0,500.0,True,True
99,1472736071.7475667,2016-09-01 13:21:11.747566700+00:00,False,B_probable,0.2165954298846313,2.1358203096378987,0.7610693523650764,9,200.69999999999987,376.0,0.7792647403805968,382.5,0.7721113208825903,0.746492202358334,0.6210799973379495,-0.007153419498006519,0.08264938542042252,0.011801686279575294,False,-0.04,0.18,/Users/glennthompson/Developer/KSCRocketSeismoHydrology/08_fireball_paper/falcon9-seismoacoustic-workflow-1.0.0/data/outputs/070_prepare_event_waveform_products/event_streams/candidate_event_099.pkl,382.5,199.81202223930194,10.0,0.7523923112003745,-500.0,35.0,True,False,130.0,10.0,140.0,False,False,1000.0,-500.0,500.0,True,True,150.0,0.0,150.0,False,True,1000.0,-500.0,500.0,True,True,0.7768837022351684,400.0,25.0,False,False,90.0,-10.0,80.0,False,False,1000.0,-500.0,500.0,True,True,160.0,-45.0,115.0,False,False,1000.0,-500.0,500.0,True,True
100,1472736074.8670669,2016-09-01 13:21:14.867066860+00:00,False,C_weak_or_broad,,,,0,200.8999999999999,343.5,0.7147709834334189,351.0,0.7066967351080351,0.6718526106323837,0.5179258436430246,-0.008074248325383837,0.09006663795815276,0.012860811971332051,False,-0.04,0.18,/Users/glennthompson/Developer/KSCRocketSeismoHydrology/08_fireball_paper/falcon9-seismoacoustic-workflow-1.0.0/data/outputs/070_prepare_event_waveform_products/event_streams/candidate_event_100.pkl,351.0,200.89291251132923,-15.0,0.7129555570906552,-300.0,30.0,False,False,120.0,-10.0,110.0,False,False,1000.0,-500.0,500.0,True,True,165.0,-35.0,130.0,False,False,1000.0,-500.0,500.0,True,True,0.7130661516595673,-40.0,45.0,False,False,125.0,-10.0,115.0,False,False,1000.0,-500.0,500.0,True,True,170.0,-35.0,135.0,False,False,1000.0,-500.0,500.0,True,True
101,1472736075.0635667,2016-09-01 13:21:15.063566685+00:00,False,C_weak_or_broad,,,,0,200.09999999999988,385.5,0.6293003428090089,389.5,0.6273457234646576,0.5867886156788413,0.3763627702867635,-0.0019546193443513715,0.08116403061183984,0.011589589221919255,False,-0.04,0.18,/Users/glennthompson/Developer/KSCRocketSeismoHydrology/08_fireball_paper/falcon9-seismoacoustic-workflow-1.0.0/data/outputs/070_prepare_event_waveform_products/event_streams/candidate_event_101.pkl,389.5,199.66161895629983,40.0,0.6068047689316407,-440.0,60.0,False,False,120.0,30.0,150.0,False,True,1000.0,-500.0,500.0,True,True,150.0,0.0,150.0,False,True,1000.0,-500.0,500.0,True,True,0.6289742314214388,380.0,20.0,False,False,125.0,-35.0,90.0,False,False,1000.0,-500.0,500.0,True,True,200.0,-70.0,130.0,False,False,1000.0,-500.0,500.0,True,True
102,1472736077.2705667,2016-09-01 13:21:17.270566702+00:00,False,C_weak_or_broad,,,,0,198.99999999999991,380.5,0.7050690893533207,379.5,0.704582499893291,0.6701416839240835,0.512487447694205,-0.00048658946002966275,0.08330274024588041,0.011894980242259684,False,-0.04,0.18,/Users/glennthompson/Developer/KSCRocketSeismoHydrology/08_fireball_paper/falcon9-seismoacoustic-workflow-1.0.0/data/outputs/070_prepare_event_waveform_products/event_streams/candidate_event_102.pkl,379.5,199.02495163621825,20.0,0.6742400558146375,-340.0,20.0,False,False,110.0,0.0,110.0,False,False,1000.0,-500.0,500.0,True,True,175.0,-35.0,140.0,False,False,1000.0,-500.0,500.0,True,True,0.7047110317867766,300.0,0.0,False,False,125.0,-80.0,45.0,False,False,1000.0,-500.0,500.0,True,True,200.0,-105.0,95.0,False,False,1000.0,-500.0,500.0,True,True
103,1472736077.6620667,2016-09-01 13:21:17.662066698+00:00,True,C_weak_or_broad,,,,0,199.3999999999999,357.5,0.6879871817922542,357.5,0.6878468775077733,0.6531433001460207,0.4798044871008044,-0.0001403042844808633,0.08842906272254997,0.01262697902639874,False,-0.04,0.18,/Users/glennthompson/Developer/KSCRocketSeismoHydrology/08_fireball_paper/falcon9-seismoacoustic-workflow-1.0.0/data/outputs/070_prepare_event_waveform_products/event_streams/candidate_event_103.pkl,357.5,199.2267261326271,-5.0,0.6865205230447529,-500.0,0.0,True,False,105.0,-25.0,80.0,False,False,1000.0,-500.0,500.0,True,True,145.0,-45.0,100.0,False,False,1000.0,-500.0,500.0,True,True,0.6879811127689379,0.0,5.0,False,False,120.0,-45.0,75.0,False,False,1000.0,-500.0,500.0,True,True,150.0,-60.0,90.0,False,False,1000.0,-500.0,500.0,True,True
104,1472736077.9950666,2016-09-01 13:21:17.995066643+00:00,False,C_weak_or_broad,,,,0,200.4999999999999,356.5,0.7055957897861171,358.0,0.7000489996239081,0.6667126513794548,0.5001070439811758,-0.005546790162209048,0.08830555844500451,0.012609343580831144,False,-0.04,0.18,/Users/glennthompson/Developer/KSCRocketSeismoHydrology/08_fireball_paper/falcon9-seismoacoustic-workflow-1.0.0/data/outputs/070_prepare_event_waveform_products/event_streams/candidate_event_104.pkl,358.0,200.08039664643385,-15.0,0.7052018410698588,-500.0,20.0,True,False,95.0,0.0,95.0,False,False,1000.0,-500.0,500.0,True,True,130.0,-15.0,115.0,False,False,1000.0,-500.0,500.0,True,True,0.7049133746896884,480.0,35.0,False,False,95.0,-15.0,80.0,False,False,1000.0,-500.0,500.0,True,True,140.0,-40.0,100.0,False,False,1000.0,-500.0,500.0,True,True
105,1472736078.8450668,2016-09-01 13:21:18.845066786+00:00,False,C_weak_or_broad,,,,0,200.3999999999999,358.0,0.5323819857470565,363.5,0.5230674323630473,0.4671254758952138,0.2139607341295955,-0.009314553384009217,0.08696943582754227,0.012418555713720907,False,-0.04,0.18,/Users/glennthompson/Developer/KSCRocketSeismoHydrology/08_fireball_paper/falcon9-seismoacoustic-workflow-1.0.0/data/outputs/070_prepare_event_waveform_products/event_streams/candidate_event_105.pkl,363.5,199.17417526338744,30.0,0.5290710722595631,-500.0,35.0,True,False,85.0,10.0,95.0,False,False,1000.0,-500.0,500.0,True,True,135.0,-20.0,115.0,False,False,1000.0,-500.0,500.0,True,True,0.5241702001812738,500.0,5.0,True,False,75.0,-10.0,65.0,False,False,1000.0,-500.0,500.0,True,True,145.0,-30.0,115.0,False,False,1000.0,-500.0,500.0,True,True
106,1472736080.0200667,2016-09-01 13:21:20.020066738+00:00,False,C_weak_or_broad,,,,0,201.69999999999987,319.5,0.6323939142447832,332.5,0.617211886847454,0.5711202718612369,0.3726986186535591,-0.015182027397329212,0.09507786443101238,0.01357637594567684,False,-0.04,0.18,/Users/glennthompson/Developer/KSCRocketSeismoHydrology/08_fireball_paper/falcon9-seismoacoustic-workflow-1.0.0/data/outputs/070_prepare_event_waveform_products/event_streams/candidate_event_106.pkl,332.5,201.2621734106437,-30.0,0.6056345482513459,360.0,45.0,False,False,110.0,-25.0,85.0,False,False,1000.0,-500.0,500.0,True,True,150.0,-45.0,105.0,False,False,1000.0,-500.0,500.0,True,True,0.6269717685867962,500.0,75.0,True,False,110.0,0.0,110.0,False,False,1000.0,-500.0,500.0,True,True,140.0,-15.0,125.0,False,False,1000.0,-500.0,500.0,True,True
107,1472736080.1440668,2016-09-01 13:21:20.144066811+00:00,False,C_weak_or_broad,,,,0,200.4999999999999,336.0,0.6746622815068217,340.0,0.671291397484832,0.6346415297007411,0.4525323983219369,-0.0033708840219897063,0.09298055859797534,0.013276897064522205,False,-0.04,0.18,/Users/glennthompson/Developer/KSCRocketSeismoHydrology/08_fireball_paper/falcon9-seismoacoustic-workflow-1.0.0/data/outputs/070_prepare_event_waveform_products/event_streams/candidate_event_107.pkl,340.0,200.2705040378072,-35.0,0.6569137788682797,500.0,-5.0,True,False,90.0,-40.0,50.0,False,False,1000.0,-500.0,500.0,True,True,135.0,-60.0,75.0,False,False,1000.0,-500.0,500.0,True,True,0.6743119620627871,-40.0,30.0,False,False,90.0,-15.0,75.0,False,False,1000.0,-500.0,500.0,True,True,135.0,-40.0,95.0,False,False,1000.0,-500.0,500.0,True,True
108,1472736080.6345668,2016-09-01 13:21:20.634566784+00:00,False,C_weak_or_broad,,,,0,199.59999999999988,377.5,0.7437419149932901,379.0,0.7430228826137807,0.7134269955212866,0.5748334265050437,-0.0007190323795094322,0.08341263832008342,0.011910672828331265,False,-0.04,0.18,/Users/glennthompson/Developer/KSCRocketSeismoHydrology/08_fireball_paper/falcon9-seismoacoustic-workflow-1.0.0/data/outputs/070_prepare_event_waveform_products/event_streams/candidate_event_108.pkl,379.0,199.34329512314025,25.0,0.7178022793996962,-480.0,35.0,False,False,110.0,5.0,115.0,False,False,1000.0,-500.0,500.0,True,True,170.0,-20.0,150.0,False,True,1000.0,-500.0,500.0,True,True,0.7435451839063593,380.0,10.0,False,False,95.0,-40.0,55.0,False,False,1000.0,-500.0,500.0,True,True,175.0,-65.0,110.0,False,False,1000.0,-500.0,500.0,True,True
109,1472736081.7098932,2016-09-01 13:21:21.709893227+00:00,True,A_high_quality,0.2884612219054762,2.4507494444569757,0.908407357558862,9,200.3999999999999,353.0,0.9157491555085548,358.5,0.9091328603130329,0.8961924767190942,0.857086871407882,-0.006616295195521982,0.08818239867032529,0.012591757327580335,False,-0.04,0.18,/Users/glennthompson/Developer/KSCRocketSeismoHydrology/08_fireball_paper/falcon9-seismoacoustic-workflow-1.0.0/data/outputs/070_prepare_event_waveform_products/event_streams/candidate_event_109.pkl,358.5,199.99063252150518,-10.0,0.9156991969615437,-480.0,20.0,False,False,100.0,0.0,100.0,False,False,1000.0,-500.0,500.0,True,True,145.0,-20.0,125.0,False,False,1000.0,-500.0,500.0,True,True,0.9134456971347825,360.0,30.0,False,False,95.0,-10.0,85.0,False,False,1000.0,-500.0,500.0,True,True,155.0,-40.0,115.0,False,False,1000.0,-500.0,500.0,True,True
110,1472736091.6875668,2016-09-01 13:21:31.687566757+00:00,False,C_weak_or_broad,,,,0,197.8999999999999,440.0,0.6606734652822954,440.0,0.6579993428034336,0.6201678534743579,0.4294931535940947,-0.0026741224788617846,0.07184861346207186,0.010259420458948976,True,-0.04,0.18,/Users/glennthompson/Developer/KSCRocketSeismoHydrology/08_fireball_paper/falcon9-seismoacoustic-workflow-1.0.0/data/outputs/070_prepare_event_waveform_products/event_streams/candidate_event_110.pkl,440.0,198.090652370829,45.0,0.5773541206806773,-500.0,30.0,True,False,160.0,-15.0,145.0,False,False,1000.0,-500.0,500.0,True,True,190.0,-40.0,150.0,False,True,1000.0,-500.0,500.0,True,True,0.6613352629161543,-500.0,-15.0,True,False,135.0,-105.0,30.0,False,False,1000.0,-500.0,500.0,True,True,200.0,-135.0,65.0,False,False,1000.0,-500.0,500.0,True,True
111,1472736100.0065668,2016-09-01 13:21:40.006566763+00:00,True,B_probable,0.3281071791162792,2.1787412834586197,0.770267522620038,9,199.2999999999999,361.0,0.7938344887342199,361.0,0.7936420408632334,0.7709802297186303,0.6552695151602762,-0.00019244787098648963,0.08757171723909035,0.012504556792070775,False,-0.04,0.18,/Users/glennthompson/Developer/KSCRocketSeismoHydrology/08_fireball_paper/falcon9-seismoacoustic-workflow-1.0.0/data/outputs/070_prepare_event_waveform_products/event_streams/candidate_event_111.pkl,361.0,199.17574620359295,5.0,0.7872622450842564,-500.0,10.0,True,False,95.0,-35.0,60.0,False,False,1000.0,-500.0,500.0,True,True,145.0,-60.0,85.0,False,False,1000.0,-500.0,500.0,True,True,0.7937857671652007,480.0,5.0,False,False,85.0,-45.0,40.0,False,False,1000.0,-500.0,500.0,True,True,135.0,-75.0,60.0,False,False,1000.0,-500.0,500.0,True,True
112,1472736105.9385667,2016-09-01 13:21:45.938566685+00:00,False,C_weak_or_broad,,,,0,196.8999999999999,391.5,0.7278602641505412,394.5,0.7225132443167919,0.6925189013033591,0.5350095176738817,-0.0053470198337493,0.0801353356737937,0.01144269962468327,False,-0.04,0.18,/Users/glennthompson/Developer/KSCRocketSeismoHydrology/08_fireball_paper/falcon9-seismoacoustic-workflow-1.0.0/data/outputs/070_prepare_event_waveform_products/event_streams/candidate_event_112.pkl,394.5,196.63871178710588,75.0,0.6977343284381863,-500.0,5.0,True,False,105.0,-60.0,45.0,False,False,1000.0,-500.0,500.0,True,True,140.0,-80.0,60.0,False,False,1000.0,-500.0,500.0,True,True,0.7273763669508879,260.0,-70.0,False,False,130.0,-115.0,15.0,False,False,1000.0,-500.0,500.0,True,True,165.0,-135.0,30.0,False,False,1000.0,-500.0,500.0,True,True
113,1472736111.0235667,2016-09-01 13:21:51.023566723+00:00,False,C_weak_or_broad,,,,0,200.2999999999999,332.5,0.7049298839327387,337.0,0.6973028661982736,0.6637146914031519,0.4953702567819122,-0.007627017734465058,0.09380827870418877,0.01339508902652092,False,-0.04,0.18,/Users/glennthompson/Developer/KSCRocketSeismoHydrology/08_fireball_paper/falcon9-seismoacoustic-workflow-1.0.0/data/outputs/070_prepare_event_waveform_products/event_streams/candidate_event_113.pkl,337.0,199.68357373102316,-10.0,0.6767162599780512,500.0,10.0,True,False,95.0,-45.0,50.0,False,False,1000.0,-500.0,500.0,True,True,145.0,-70.0,75.0,False,False,1000.0,-500.0,500.0,True,True,0.702761691220881,320.0,20.0,False,False,100.0,-10.0,90.0,False,False,1000.0,-500.0,500.0,True,True,150.0,-35.0,115.0,False,False,1000.0,-500.0,500.0,True,True
114,1472736111.8925667,2016-09-01 13:21:51.892566681+00:00,False,B_probable,0.7272474743090063,2.092018931529192,0.7882258507014785,9,199.9999999999999,425.0,0.8084584310076337,429.0,0.8065074019974345,0.7849842432084966,0.6775842803616833,-0.0019510290101991679,0.07369088560212497,0.01052248252199895,False,-0.04,0.18,/Users/glennthompson/Developer/KSCRocketSeismoHydrology/08_fireball_paper/falcon9-seismoacoustic-workflow-1.0.0/data/outputs/070_prepare_event_waveform_products/event_streams/candidate_event_114.pkl,429.0,199.32339686618175,-10.0,0.7305295615856715,-500.0,0.0,True,False,75.0,-30.0,45.0,False,False,1000.0,-500.0,500.0,True,True,210.0,-95.0,115.0,False,False,1000.0,-500.0,500.0,True,True,0.8073651956083538,500.0,10.0,True,False,80.0,-35.0,45.0,False,False,1000.0,-500.0,500.0,True,True,200.0,-140.0,60.0,False,False,1000.0,-500.0,500.0,True,True
115,1472736113.9460669,2016-09-01 13:21:53.946066856+00:00,False,C_weak_or_broad,,,,0,199.4999999999999,345.0,0.633006668834982,345.5,0.6325383310703652,0.5900068154800691,0.3926712089116185,-0.00046833776461685517,0.09150040498787733,0.013065542697359045,False,-0.04,0.18,/Users/glennthompson/Developer/KSCRocketSeismoHydrology/08_fireball_paper/falcon9-seismoacoustic-workflow-1.0.0/data/outputs/070_prepare_event_waveform_products/event_streams/candidate_event_115.pkl,345.5,199.32339686618175,-50.0,0.6295373891398468,500.0,-40.0,True,False,130.0,-75.0,55.0,False,False,1000.0,-500.0,500.0,True,True,180.0,-95.0,85.0,False,False,1000.0,-500.0,500.0,True,True,0.6328926404471313,500.0,10.0,True,False,115.0,-55.0,60.0,False,False,1000.0,-500.0,500.0,True,True,185.0,-80.0,105.0,False,False,1000.0,-500.0,500.0,True,True
116,1472736114.5260668,2016-09-01 13:21:54.526066779+00:00,False,B_probable,0.290593262902695,4.499657051403686,0.8200939202804451,9,199.7999999999999,344.5,0.8440646066532287,346.5,0.8418608318632262,0.8250608306882145,0.734121667251488,-0.002203774790002444,0.09123633455501187,0.013027835503427272,False,-0.04,0.18,/Users/glennthompson/Developer/KSCRocketSeismoHydrology/08_fireball_paper/falcon9-seismoacoustic-workflow-1.0.0/data/outputs/070_prepare_event_waveform_products/event_streams/candidate_event_116.pkl,346.5,199.47261442038612,0.0,0.8440587530203278,-460.0,15.0,False,False,95.0,-15.0,80.0,False,False,1000.0,-500.0,500.0,True,True,175.0,-75.0,100.0,False,False,1000.0,-500.0,500.0,True,True,0.8435191907013402,500.0,15.0,True,False,115.0,-15.0,100.0,False,False,1000.0,-500.0,500.0,True,True,180.0,-60.0,120.0,False,False,1000.0,-500.0,500.0,True,True
117,1472736114.908567,2016-09-01 13:21:54.908566952+00:00,False,C_weak_or_broad,,,,0,204.19999999999987,345.5,0.6405761700423567,355.0,0.6261798458848338,0.5826218546302048,0.38303366553355445,-0.0143963241575229,0.08905180260087779,0.012715901413908591,False,-0.04,0.18,/Users/glennthompson/Developer/KSCRocketSeismoHydrology/08_fireball_paper/falcon9-seismoacoustic-workflow-1.0.0/data/outputs/070_prepare_event_waveform_products/event_streams/candidate_event_117.pkl,355.0,202.26184566313646,-20.0,0.6372725550721244,-100.0,75.0,False,False,145.0,5.0,150.0,False,True,1000.0,-500.0,500.0,True,True,155.0,-5.0,150.0,False,True,1000.0,-500.0,500.0,True,True,0.6371315356572722,260.0,95.0,False,False,145.0,5.0,150.0,False,True,1000.0,-500.0,500.0,True,True,165.0,-15.0,150.0,False,True,1000.0,-500.0,500.0,True,True
118,1472736115.3265667,2016-09-01 13:21:55.326566696+00:00,False,B_probable,0.2148786622868068,2.9292058503253484,0.7030417217771237,9,200.59999999999988,372.0,0.7812567866244292,378.5,0.7747429037435458,0.7493604331201127,0.6256332193573908,-0.006513882880883393,0.08352282674586953,0.011926406874339629,False,-0.04,0.18,/Users/glennthompson/Developer/KSCRocketSeismoHydrology/08_fireball_paper/falcon9-seismoacoustic-workflow-1.0.0/data/outputs/070_prepare_event_waveform_products/event_streams/candidate_event_118.pkl,378.5,199.35427356259487,30.0,0.7628035689945034,-500.0,40.0,True,False,100.0,20.0,120.0,False,False,1000.0,-500.0,500.0,True,True,135.0,15.0,150.0,False,True,1000.0,-500.0,500.0,True,True,0.7760663054117258,320.0,10.0,False,False,70.0,-15.0,55.0,False,False,1000.0,-500.0,500.0,True,True,140.0,-35.0,105.0,False,False,1000.0,-500.0,500.0,True,True
119,1472736115.6210668,2016-09-01 13:21:55.621066809+00:00,False,C_weak_or_broad,,,,0,198.7999999999999,345.0,0.7369297557757848,343.5,0.7354312529557443,0.7057469791487003,0.5599153273326203,-0.0014985028200404926,0.0920331584375884,0.013141615726164627,False,-0.04,0.18,/Users/glennthompson/Developer/KSCRocketSeismoHydrology/08_fireball_paper/falcon9-seismoacoustic-workflow-1.0.0/data/outputs/070_prepare_event_waveform_products/event_streams/candidate_event_119.pkl,343.5,198.71349400879913,0.0,0.7346394792701562,-500.0,-5.0,True,False,115.0,-100.0,15.0,False,False,1000.0,-500.0,500.0,True,True,140.0,-115.0,25.0,False,False,1000.0,-500.0,500.0,True,True,0.7368394858950278,-500.0,-5.0,True,False,45.0,-30.0,15.0,False,False,1000.0,-500.0,500.0,True,True,85.0,-65.0,20.0,False,False,1000.0,-500.0,500.0,True,True
120,1472736115.879567,2016-09-01 13:21:55.879566908+00:00,False,C_weak_or_broad,,,,0,197.7999999999999,388.5,0.6583188808784917,385.5,0.655483282586044,0.6184248183455486,0.4221419578935741,-0.0028355982924476164,0.08200619954166437,0.011709844363002724,False,-0.04,0.18,/Users/glennthompson/Developer/KSCRocketSeismoHydrology/08_fireball_paper/falcon9-seismoacoustic-workflow-1.0.0/data/outputs/070_prepare_event_waveform_products/event_streams/candidate_event_120.pkl,385.5,197.72275221295607,45.0,0.6055075760030357,-440.0,20.0,False,False,100.0,-20.0,80.0,False,False,1000.0,-500.0,500.0,True,True,175.0,-45.0,130.0,False,False,1000.0,-500.0,500.0,True,True,0.6582951951556821,-320.0,-25.0,False,False,115.0,-80.0,35.0,False,False,1000.0,-500.0,500.0,True,True,145.0,-95.0,50.0,False,False,1000.0,-500.0,500.0,True,True
121,1472736116.4020667,2016-09-01 13:21:56.402066708+00:00,True,B_probable,0.2006163342807418,1.6960375024970828,0.8351595235061571,9,200.3999999999999,350.5,0.86176229757259,354.5,0.8528359269911572,0.8364589231778532,0.7548028654222264,-0.008926370581432863,0.08917740457915829,0.012733836394746262,False,-0.04,0.18,/Users/glennthompson/Developer/KSCRocketSeismoHydrology/08_fireball_paper/falcon9-seismoacoustic-workflow-1.0.0/data/outputs/070_prepare_event_waveform_products/event_streams/candidate_event_121.pkl,354.5,199.92022255524216,5.0,0.8612355220369015,440.0,35.0,False,False,75.0,0.0,75.0,False,False,1000.0,-500.0,500.0,True,True,110.0,-20.0,90.0,False,False,1000.0,-500.0,500.0,True,True,0.85893730134725,500.0,30.0,True,False,70.0,-5.0,65.0,False,False,1000.0,-500.0,500.0,True,True,105.0,-20.0,85.0,False,False,1000.0,-500.0,500.0,True,True
122,1472736117.2005668,2016-09-01 13:21:57.200566769+00:00,False,C_weak_or_broad,,,,0,198.4999999999999,365.0,0.6042903881550034,361.5,0.6031757784783547,0.5589211407133818,0.3391154702516282,-0.0011146096766486702,0.08745059453198234,0.012487261416148133,False,-0.04,0.18,/Users/glennthompson/Developer/KSCRocketSeismoHydrology/08_fireball_paper/falcon9-seismoacoustic-workflow-1.0.0/data/outputs/070_prepare_event_waveform_products/event_streams/candidate_event_122.pkl,361.5,198.48433511297947,-5.0,0.6005179305460615,-440.0,-15.0,False,False,125.0,-65.0,60.0,False,False,1000.0,-500.0,500.0,True,True,170.0,-85.0,85.0,False,False,1000.0,-500.0,500.0,True,True,0.6037418315692727,-360.0,-10.0,False,False,110.0,-85.0,25.0,False,False,1000.0,-500.0,500.0,True,True,170.0,-110.0,60.0,False,False,1000.0,-500.0,500.0,True,True
123,1472736118.491067,2016-09-01 13:21:58.491066933+00:00,False,B_probable,0.3235604395235602,2.8490847566573523,0.8209675346734133,9,200.2999999999999,353.0,0.8214701313074403,350.5,0.8119261410763521,0.7821541926340573,0.7131681274795887,-0.009543990231088206,0.0901951210365524,0.012879158350749072,False,-0.04,0.18,/Users/glennthompson/Developer/KSCRocketSeismoHydrology/08_fireball_paper/falcon9-seismoacoustic-workflow-1.0.0/data/outputs/070_prepare_event_waveform_products/event_streams/candidate_event_123.pkl,350.5,200.5779651555251,-20.0,0.8216514108754488,-200.0,25.0,False,False,75.0,5.0,80.0,False,False,1000.0,-500.0,500.0,True,True,140.0,-35.0,105.0,False,False,1000.0,-500.0,500.0,True,True,0.8214672300431778,240.0,45.0,False,False,85.0,0.0,85.0,False,False,1000.0,-500.0,500.0,True,True,150.0,-35.0,115.0,False,False,1000.0,-500.0,500.0,True,True
124,1472736119.9460669,2016-09-01 13:21:59.946066856+00:00,False,C_weak_or_broad,,,,0,199.79999999999987,359.0,0.7161235680953364,361.5,0.7157754875559035,0.6830470106079864,0.5297364059555577,-0.0003480805394329156,0.08745059453198234,0.012487261416148133,False,-0.04,0.18,/Users/glennthompson/Developer/KSCRocketSeismoHydrology/08_fireball_paper/falcon9-seismoacoustic-workflow-1.0.0/data/outputs/070_prepare_event_waveform_products/event_streams/candidate_event_124.pkl,361.5,199.17417526338744,10.0,0.7131391001002956,-500.0,15.0,True,False,115.0,-30.0,85.0,False,False,1000.0,-500.0,500.0,True,True,165.0,-50.0,115.0,False,False,1000.0,-500.0,500.0,True,True,0.7159471135688893,500.0,5.0,True,False,115.0,-45.0,70.0,False,False,1000.0,-500.0,500.0,True,True,170.0,-70.0,100.0,False,False,1000.0,-500.0,500.0,True,True
125,1472736121.7160668,2016-09-01 13:22:01.716066837+00:00,False,B_probable,0.2024540795365284,3.3729131637023424,0.7459162802671542,9,198.4999999999999,340.5,0.7844640827155147,341.0,0.7827225172766727,0.7579951874921246,0.6396270239069896,-0.0017415654388419632,0.09270788833815723,0.013237961882514809,False,-0.04,0.18,/Users/glennthompson/Developer/KSCRocketSeismoHydrology/08_fireball_paper/falcon9-seismoacoustic-workflow-1.0.0/data/outputs/070_prepare_event_waveform_products/event_streams/candidate_event_125.pkl,341.0,198.38828431613538,0.0,0.7815401154883352,500.0,-20.0,True,False,85.0,-70.0,15.0,False,False,1000.0,-500.0,500.0,True,True,175.0,-110.0,65.0,False,False,1000.0,-500.0,500.0,True,True,0.7844406703260679,380.0,-20.0,False,False,95.0,-70.0,25.0,False,False,1000.0,-500.0,500.0,True,True,175.0,-95.0,80.0,False,False,1000.0,-500.0,500.0,True,True
126,1472736122.8555667,2016-09-01 13:22:02.855566740+00:00,False,C_weak_or_broad,,,,0,200.79999999999987,280.0,0.4974099263834591,357.5,0.4960587716111935,0.4394753353588453,0.16186785197943132,-0.0013511547722656059,0.08842906272254997,0.01262697902639874,False,-0.04,0.18,/Users/glennthompson/Developer/KSCRocketSeismoHydrology/08_fireball_paper/falcon9-seismoacoustic-workflow-1.0.0/data/outputs/070_prepare_event_waveform_products/event_streams/candidate_event_126.pkl,357.5,199.0249516362234,20.0,0.4933195823578954,-360.0,20.0,False,False,110.0,-30.0,80.0,False,False,1000.0,-500.0,500.0,True,True,180.0,-70.0,110.0,False,False,1000.0,-500.0,500.0,True,True,0.4960627165539156,20.0,0.0,False,False,110.0,-35.0,75.0,False,False,1000.0,-500.0,500.0,True,True,175.0,-65.0,110.0,False,False,1000.0,-500.0,500.0,True,True
127,1472736123.5095668,2016-09-01 13:22:03.509566784+00:00,False,C_weak_or_broad,,,,0,201.19999999999987,353.5,0.6565667005575926,360.0,0.6402108578320441,0.6001607439963915,0.40057205717104605,-0.016355842725548464,0.08781497200919894,0.01253929167204875,False,-0.04,0.18,/Users/glennthompson/Developer/KSCRocketSeismoHydrology/08_fireball_paper/falcon9-seismoacoustic-workflow-1.0.0/data/outputs/070_prepare_event_waveform_products/event_streams/candidate_event_127.pkl,360.0,200.51685401600162,-15.0,0.6563538247629356,-480.0,35.0,False,False,110.0,10.0,120.0,False,False,1000.0,-500.0,500.0,True,True,140.0,0.0,140.0,False,False,1000.0,-500.0,500.0,True,True,0.6536671564314636,500.0,50.0,True,False,100.0,5.0,105.0,False,False,1000.0,-500.0,500.0,True,True,140.0,-10.0,130.0,False,False,1000.0,-500.0,500.0,True,True
128,1472736125.2231336,2016-09-01 13:22:05.223133564+00:00,True,B_probable,0.099380798999985,0.2832788618662658,0.8753509655975679,9,199.8999999999999,359.0,0.8837759043798804,360.5,0.8816222237032725,0.8683442351572528,0.8030784130446045,-0.0021536806766079275,0.08769317593151627,0.012521900144070872,False,-0.04,0.18,/Users/glennthompson/Developer/KSCRocketSeismoHydrology/08_fireball_paper/falcon9-seismoacoustic-workflow-1.0.0/data/outputs/070_prepare_event_waveform_products/event_streams/candidate_event_128.pkl,360.5,199.65462237700797,0.0,0.8794626619165644,-500.0,20.0,True,False,90.0,0.0,90.0,False,False,1000.0,-500.0,500.0,True,True,130.0,-20.0,110.0,False,False,1000.0,-500.0,500.0,True,True,0.8833575972849071,400.0,20.0,False,False,95.0,-25.0,70.0,False,False,1000.0,-500.0,500.0,True,True,140.0,-45.0,95.0,False,False,1000.0,-500.0,500.0,True,True
129,1472736126.0925667,2016-09-01 13:22:06.092566729+00:00,False,C_weak_or_broad,,,,0,197.7999999999999,431.5,0.6175856282378389,424.0,0.6158710340352507,0.5736122906910639,0.3585182981030615,-0.0017145942025882377,0.07455988189460287,0.010646568400796108,False,-0.04,0.18,/Users/glennthompson/Developer/KSCRocketSeismoHydrology/08_fireball_paper/falcon9-seismoacoustic-workflow-1.0.0/data/outputs/070_prepare_event_waveform_products/event_streams/candidate_event_129.pkl,424.0,197.8312030098041,45.0,0.5817572061941305,-420.0,25.0,False,False,85.0,-5.0,80.0,False,False,1000.0,-500.0,500.0,True,True,115.0,-20.0,95.0,False,False,1000.0,-500.0,500.0,True,True,0.6168259830718796,-460.0,-20.0,False,False,105.0,-75.0,30.0,False,False,1000.0,-500.0,500.0,True,True,140.0,-90.0,50.0,False,False,1000.0,-500.0,500.0,True,True
130,1472736126.6475668,2016-09-01 13:22:06.647566795+00:00,False,C_weak_or_broad,,,,0,191.69999999999987,337.0,0.5520385943784301,357.5,0.5200066990189808,0.466732951486759,0.19983464063462672,-0.03203189535944928,0.08842906272254997,0.01262697902639874,False,-0.04,0.18,/Users/glennthompson/Developer/KSCRocketSeismoHydrology/08_fireball_paper/falcon9-seismoacoustic-workflow-1.0.0/data/outputs/070_prepare_event_waveform_products/event_streams/candidate_event_130.pkl,357.5,200.10309163156253,5.0,0.5330049342934263,460.0,40.0,False,False,60.0,10.0,70.0,False,False,1000.0,-500.0,500.0,True,True,80.0,5.0,85.0,False,False,1000.0,-500.0,500.0,True,True,0.5254326647578744,440.0,35.0,False,False,85.0,0.0,85.0,False,False,1000.0,-500.0,500.0,True,True,120.0,-10.0,110.0,False,False,1000.0,-500.0,500.0,True,True
131,1472736127.4235668,2016-09-01 13:22:07.423566818+00:00,False,C_weak_or_broad,,,,0,199.3999999999999,364.5,0.7209856220361903,365.0,0.7206673608026644,0.6857328267458004,0.5461383237759209,-0.0003182612335259627,0.0866120271871551,0.012367520553253561,False,-0.04,0.18,/Users/glennthompson/Developer/KSCRocketSeismoHydrology/08_fireball_paper/falcon9-seismoacoustic-workflow-1.0.0/data/outputs/070_prepare_event_waveform_products/event_streams/candidate_event_131.pkl,365.0,199.1996555611716,15.0,0.7061051708072565,-500.0,20.0,True,False,85.0,5.0,90.0,False,False,1000.0,-500.0,500.0,True,True,115.0,-5.0,110.0,False,False,1000.0,-500.0,500.0,True,True,0.720878188405909,220.0,5.0,False,False,80.0,-20.0,60.0,False,False,1000.0,-500.0,500.0,True,True,120.0,-35.0,85.0,False,False,1000.0,-500.0,500.0,True,True
132,1472736128.2815666,2016-09-01 13:22:08.281566620+00:00,False,C_weak_or_broad,,,,0,200.2999999999999,348.5,0.7171957371213029,353.0,0.7111760037163938,0.6723505594350387,0.5388283402768526,-0.006019733404909133,0.0895563453918176,0.012787946181126204,False,-0.04,0.18,/Users/glennthompson/Developer/KSCRocketSeismoHydrology/08_fireball_paper/falcon9-seismoacoustic-workflow-1.0.0/data/outputs/070_prepare_event_waveform_products/event_streams/candidate_event_132.pkl,353.0,199.49207938094403,5.0,0.7150366059882125,300.0,20.0,False,False,100.0,-10.0,90.0,False,False,1000.0,-500.0,500.0,True,True,155.0,-30.0,125.0,False,False,1000.0,-500.0,500.0,True,True,0.7139235405720794,420.0,15.0,False,False,105.0,-15.0,90.0,False,False,1000.0,-500.0,500.0,True,True,155.0,-30.0,125.0,False,False,1000.0,-500.0,500.0,True,True
133,1472736130.592567,2016-09-01 13:22:10.592566967+00:00,False,C_weak_or_broad,,,,0,198.3999999999999,366.0,0.5811827530839033,361.5,0.5777766071418398,0.5240434171672582,0.3167527842074243,-0.0034061459420635654,0.08745059453198234,0.012487261416148133,False,-0.04,0.18,/Users/glennthompson/Developer/KSCRocketSeismoHydrology/08_fireball_paper/falcon9-seismoacoustic-workflow-1.0.0/data/outputs/070_prepare_event_waveform_products/event_streams/candidate_event_133.pkl,361.5,199.02495163621626,-5.0,0.5637351050678142,-500.0,-5.0,True,False,120.0,-40.0,80.0,False,False,1000.0,-500.0,500.0,True,True,155.0,-65.0,90.0,False,False,1000.0,-500.0,500.0,True,True,0.5778658293627005,-100.0,0.0,False,False,70.0,-35.0,35.0,False,False,1000.0,-500.0,500.0,True,True,125.0,-75.0,50.0,False,False,1000.0,-500.0,500.0,True,True
134,1472736131.2325668,2016-09-01 13:22:11.232566833+00:00,False,C_weak_or_broad,,,,0,199.19999999999987,345.0,0.6311391220798055,344.5,0.6311250482712736,0.5900719094911191,0.38540951288301034,-1.4073808531911425e-05,0.09176600848566506,0.013103468800979826,False,-0.04,0.18,/Users/glennthompson/Developer/KSCRocketSeismoHydrology/08_fireball_paper/falcon9-seismoacoustic-workflow-1.0.0/data/outputs/070_prepare_event_waveform_products/event_streams/candidate_event_134.pkl,344.5,199.02495163621708,-10.0,0.6257740797482151,480.0,-10.0,False,False,85.0,-50.0,35.0,False,False,1000.0,-500.0,500.0,True,True,135.0,-70.0,65.0,False,False,1000.0,-500.0,500.0,True,True,0.6311325352263008,-180.0,0.0,False,False,65.0,-30.0,35.0,False,False,1000.0,-500.0,500.0,True,True,125.0,-50.0,75.0,False,False,1000.0,-500.0,500.0,True,True
135,1472736148.8835669,2016-09-01 13:22:28.883566856+00:00,False,B_probable,0.1763834207376293,1.201850425154663,0.7697298669017285,9,200.2999999999999,343.5,0.7892511516142162,345.0,0.7834515838823091,0.7594328865322009,0.6389592598149425,-0.0057995677319071515,0.09163301427046845,0.013084478266485651,False,-0.04,0.18,/Users/glennthompson/Developer/KSCRocketSeismoHydrology/08_fireball_paper/falcon9-seismoacoustic-workflow-1.0.0/data/outputs/070_prepare_event_waveform_products/event_streams/candidate_event_135.pkl,345.0,200.17743561533203,-10.0,0.7787929794972884,500.0,25.0,True,False,70.0,-15.0,55.0,False,False,1000.0,-500.0,500.0,True,True,100.0,-30.0,70.0,False,False,1000.0,-500.0,500.0,True,True,0.7887383224404438,320.0,35.0,False,False,75.0,-5.0,70.0,False,False,1000.0,-500.0,500.0,True,True,105.0,-20.0,85.0,False,False,1000.0,-500.0,500.0,True,True
136,1472736149.6770668,2016-09-01 13:22:29.677066803+00:00,False,C_weak_or_broad,,,,0,199.9999999999999,322.5,0.6593077422277033,325.5,0.6560501869172617,0.6125291679749824,0.442663430661361,-0.0032575553104415844,0.09712254968759329,0.013868341019777419,False,-0.04,0.18,/Users/glennthompson/Developer/KSCRocketSeismoHydrology/08_fireball_paper/falcon9-seismoacoustic-workflow-1.0.0/data/outputs/070_prepare_event_waveform_products/event_streams/candidate_event_136.pkl,325.5,199.5490504173954,-10.0,0.6106690080057688,500.0,5.0,True,False,110.0,-70.0,40.0,False,False,1000.0,-500.0,500.0,True,True,155.0,-95.0,60.0,False,False,1000.0,-500.0,500.0,True,True,0.6583861790239498,220.0,15.0,False,False,70.0,-15.0,55.0,False,False,1000.0,-500.0,500.0,True,True,135.0,-35.0,100.0,False,False,1000.0,-500.0,500.0,True,True
137,1472736149.9280667,2016-09-01 13:22:29.928066730+00:00,False,B_probable,0.1763834207376293,1.3286956381223776,0.8485704533895975,9,200.9999999999999,357.5,0.857825215863351,364.5,0.8467427966638729,0.82972933136673,0.7445259892191745,-0.011082419199478166,0.08673083655229524,0.012384485602023456,False,-0.04,0.18,/Users/glennthompson/Developer/KSCRocketSeismoHydrology/08_fireball_paper/falcon9-seismoacoustic-workflow-1.0.0/data/outputs/070_prepare_event_waveform_products/event_streams/candidate_event_137.pkl,364.5,200.21857064735028,-5.0,0.8525695866058091,-460.0,35.0,False,False,95.0,10.0,105.0,False,False,1000.0,-500.0,500.0,True,True,125.0,0.0,125.0,False,False,1000.0,-500.0,500.0,True,True,0.8527218559463219,500.0,40.0,True,False,80.0,-5.0,75.0,False,False,1000.0,-500.0,500.0,True,True,120.0,-25.0,95.0,False,False,1000.0,-500.0,500.0,True,True
138,1472736158.7178934,2016-09-01 13:22:38.717893362+00:00,True,B_probable,0.298142396999955,4.068851871911234,0.8592359586681543,9,199.7999999999999,351.5,0.8782724032168395,351.0,0.8768972630827718,0.8573743668098824,0.8123632149842113,-0.0013751401340676983,0.09006663795815276,0.012860811971332051,False,-0.04,0.18,/Users/glennthompson/Developer/KSCRocketSeismoHydrology/08_fireball_paper/falcon9-seismoacoustic-workflow-1.0.0/data/outputs/070_prepare_event_waveform_products/event_streams/candidate_event_138.pkl,351.0,199.71812848645843,5.0,0.8779295530328504,500.0,20.0,True,False,70.0,-10.0,60.0,False,False,1000.0,-500.0,500.0,True,True,130.0,-30.0,100.0,False,False,1000.0,-500.0,500.0,True,True,0.8783315570654963,-180.0,15.0,False,False,65.0,-10.0,55.0,False,False,1000.0,-500.0,500.0,True,True,125.0,-25.0,100.0,False,False,1000.0,-500.0,500.0,True,True
139,1472736160.1865668,2016-09-01 13:22:40.186566830+00:00,False,B_probable,0.2739739556874945,0.5328701692569688,0.7485285098949508,9,199.7999999999999,359.5,0.768778731500604,361.0,0.766041070289317,0.7391437993349529,0.6127739534417261,-0.0027376612112870458,0.08757171723909035,0.012504556792070775,False,-0.04,0.18,/Users/glennthompson/Developer/KSCRocketSeismoHydrology/08_fireball_paper/falcon9-seismoacoustic-workflow-1.0.0/data/outputs/070_prepare_event_waveform_products/event_streams/candidate_event_139.pkl,361.0,199.5024607246032,0.0,0.763392506202883,-500.0,15.0,True,False,95.0,-5.0,90.0,False,False,1000.0,-500.0,500.0,True,True,150.0,-40.0,110.0,False,False,1000.0,-500.0,500.0,True,True,0.7682229420966773,380.0,15.0,False,False,85.0,-30.0,55.0,False,False,1000.0,-500.0,500.0,True,True,135.0,-50.0,85.0,False,False,1000.0,-500.0,500.0,True,True
140,1472736160.9475667,2016-09-01 13:22:40.947566748+00:00,False,C_weak_or_broad,,,,0,200.3999999999999,345.5,0.7139396311711026,348.5,0.7106241098163033,0.678614780740838,0.5172762068590028,-0.003315521354799289,0.09071274009558569,0.012953070306850932,False,-0.04,0.18,/Users/glennthompson/Developer/KSCRocketSeismoHydrology/08_fireball_paper/falcon9-seismoacoustic-workflow-1.0.0/data/outputs/070_prepare_event_waveform_products/event_streams/candidate_event_140.pkl,348.5,199.92022255524216,-35.0,0.7088569584360721,500.0,-5.0,True,False,125.0,-40.0,85.0,False,False,1000.0,-500.0,500.0,True,True,155.0,-55.0,100.0,False,False,1000.0,-500.0,500.0,True,True,0.7123392788368832,500.0,30.0,True,False,110.0,-25.0,85.0,False,False,1000.0,-500.0,500.0,True,True,145.0,-40.0,105.0,False,False,1000.0,-500.0,500.0,True,True
141,1472736162.9195666,2016-09-01 13:22:42.919566631+00:00,False,C_weak_or_broad,,,,0,198.9999999999999,354.0,0.7302607356168014,353.0,0.7302240948874574,0.7023135544472449,0.5441798110955525,-3.6640729343950795e-05,0.0895563453918176,0.012787946181126204,False,-0.04,0.18,/Users/glennthompson/Developer/KSCRocketSeismoHydrology/08_fireball_paper/falcon9-seismoacoustic-workflow-1.0.0/data/outputs/070_prepare_event_waveform_products/event_streams/candidate_event_141.pkl,353.0,199.02495163621833,0.0,0.730178658822294,-320.0,0.0,False,False,110.0,-55.0,55.0,False,False,1000.0,-500.0,500.0,True,True,160.0,-80.0,80.0,False,False,1000.0,-500.0,500.0,True,True,0.7302387686125993,500.0,0.0,True,False,105.0,-55.0,50.0,False,False,1000.0,-500.0,500.0,True,True,155.0,-80.0,75.0,False,False,1000.0,-500.0,500.0,True,True
142,1472736165.0595667,2016-09-01 13:22:45.059566736+00:00,False,B_probable,0.5902499993463409,3.7712361663282534,0.7756711750376581,9,200.4999999999999,373.5,0.7821822832762864,367.0,0.7782958965186986,0.7493931333971108,0.6433000824021606,-0.0038863867575877897,0.08614002703899623,0.012300122621083242,False,-0.04,0.18,/Users/glennthompson/Developer/KSCRocketSeismoHydrology/08_fireball_paper/falcon9-seismoacoustic-workflow-1.0.0/data/outputs/070_prepare_event_waveform_products/event_streams/candidate_event_142.pkl,367.0,199.02495163621768,35.0,0.7731357156025571,-500.0,35.0,True,False,120.0,-15.0,105.0,False,False,1000.0,-500.0,500.0,True,True,165.0,-35.0,130.0,False,False,1000.0,-500.0,500.0,True,True,0.7783278271147003,-40.0,0.0,False,False,135.0,-40.0,95.0,False,False,1000.0,-500.0,500.0,True,True,180.0,-55.0,125.0,False,False,1000.0,-500.0,500.0,True,True
143,1472736168.085,2016-09-01 13:22:48.085000038+00:00,True,C_weak_or_broad,,,,0,198.0999999999999,352.0,0.7102240384404238,355.5,0.7089297981487848,0.6714187976225894,0.5303925978761552,-0.0012942402916390483,0.088926553933366,0.01269801688308734,False,-0.04,0.18,/Users/glennthompson/Developer/KSCRocketSeismoHydrology/08_fireball_paper/falcon9-seismoacoustic-workflow-1.0.0/data/outputs/070_prepare_event_waveform_products/event_streams/candidate_event_143.pkl,355.5,198.71349400879913,-30.0,0.7101340482842358,380.0,-35.0,False,False,125.0,-80.0,45.0,False,False,1000.0,-500.0,500.0,True,True,185.0,-115.0,70.0,False,False,1000.0,-500.0,500.0,True,True,0.7093324027721584,-500.0,-5.0,True,False,135.0,-100.0,35.0,False,False,1000.0,-500.0,500.0,True,True,185.0,-130.0,55.0,False,False,1000.0,-500.0,500.0,True,True
144,1472736178.465067,2016-09-01 13:22:58.465066910+00:00,True,B_probable,0.3424674446093681,1.2692955176439846,0.8274997442396865,9,199.9999999999999,348.5,0.8624668243112537,352.0,0.8593657947547273,0.8391523743400903,0.7793718507533658,-0.003101029556526358,0.08981076682758982,0.012824275573686221,False,-0.04,0.18,/Users/glennthompson/Developer/KSCRocketSeismoHydrology/08_fireball_paper/falcon9-seismoacoustic-workflow-1.0.0/data/outputs/070_prepare_event_waveform_products/event_streams/candidate_event_144.pkl,352.0,199.3786703209957,0.0,0.860849078876436,200.0,10.0,False,False,85.0,-20.0,65.0,False,False,1000.0,-500.0,500.0,True,True,130.0,-45.0,85.0,False,False,1000.0,-500.0,500.0,True,True,0.860849078876436,200.0,10.0,False,False,85.0,-20.0,65.0,False,False,1000.0,-500.0,500.0,True,True,130.0,-45.0,85.0,False,False,1000.0,-500.0,500.0,True,True
145,1472736192.3475666,2016-09-01 13:23:12.347566605+00:00,True,C_weak_or_broad,,,,0,198.69999999999987,353.5,0.731320030736561,351.0,0.7307099502940418,0.6997651489174969,0.5542543047177186,-0.0006100804425192008,0.09006663795815276,0.012860811971332051,False,-0.04,0.18,/Users/glennthompson/Developer/KSCRocketSeismoHydrology/08_fireball_paper/falcon9-seismoacoustic-workflow-1.0.0/data/outputs/070_prepare_event_waveform_products/event_streams/candidate_event_145.pkl,351.0,198.71349400879913,-5.0,0.7312622645123263,400.0,-10.0,False,False,120.0,-45.0,75.0,False,False,1000.0,-500.0,500.0,True,True,170.0,-65.0,105.0,False,False,1000.0,-500.0,500.0,True,True,0.7311461045670934,-500.0,-5.0,True,False,120.0,-45.0,75.0,False,False,1000.0,-500.0,500.0,True,True,170.0,-60.0,110.0,False,False,1000.0,-500.0,500.0,True,True
146,1472736222.070567,2016-09-01 13:23:42.070566893+00:00,True,C_weak_or_broad,,,,0,199.59999999999988,344.0,0.7235530759153253,346.0,0.7206460528212035,0.6897409382333047,0.5340074494061035,-0.002907023094121719,0.09136817896910872,0.013046661855310837,False,-0.04,0.18,/Users/glennthompson/Developer/KSCRocketSeismoHydrology/08_fireball_paper/falcon9-seismoacoustic-workflow-1.0.0/data/outputs/070_prepare_event_waveform_products/event_streams/candidate_event_146.pkl,346.0,199.41213393646086,0.0,0.7186070215612506,500.0,10.0,True,False,95.0,-45.0,50.0,False,False,1000.0,-500.0,500.0,True,True,135.0,-65.0,70.0,False,False,1000.0,-500.0,500.0,True,True,0.7230157281241152,60.0,10.0,False,False,90.0,-30.0,60.0,False,False,1000.0,-500.0,500.0,True,True,135.0,-55.0,80.0,False,False,1000.0,-500.0,500.0,True,True
147,1472736257.5315666,2016-09-01 13:24:17.531566620+00:00,True,B_probable,0.1133115447464998,2.454524670486058,0.80286824968863,9,200.3999999999999,344.5,0.8101296601335831,349.5,0.806425798006424,0.7849527319187302,0.6772707942759294,-0.0037038621271591188,0.09045319005239374,0.012916008589234763,False,-0.04,0.18,/Users/glennthompson/Developer/KSCRocketSeismoHydrology/08_fireball_paper/falcon9-seismoacoustic-workflow-1.0.0/data/outputs/070_prepare_event_waveform_products/event_streams/candidate_event_147.pkl,349.5,199.92022255524216,-10.0,0.8068469454419014,500.0,20.0,True,False,110.0,-30.0,80.0,False,False,1000.0,-500.0,500.0,True,True,160.0,-55.0,105.0,False,False,1000.0,-500.0,500.0,True,True,0.8086653967364459,500.0,30.0,True,False,105.0,-25.0,80.0,False,False,1000.0,-500.0,500.0,True,True,155.0,-45.0,110.0,False,False,1000.0,-500.0,500.0,True,True
148,1472736595.1581335,2016-09-01 13:29:55.158133507+00:00,True,A_high_quality,0.2298684540619558,1.5275252316519468,0.9588003857570162,9,200.4999999999999,356.5,0.964661637337439,361.0,0.959152061252106,0.954117914324115,0.9334065632881848,-0.00550957608533309,0.08757171723909035,0.012504556792070775,False,-0.04,0.18,/Users/glennthompson/Developer/KSCRocketSeismoHydrology/08_fireball_paper/falcon9-seismoacoustic-workflow-1.0.0/data/outputs/070_prepare_event_waveform_products/event_streams/candidate_event_148.pkl,361.0,200.29812908990718,-15.0,0.9634840083353604,-500.0,25.0,True,False,115.0,0.0,115.0,False,False,1000.0,-500.0,500.0,True,True,160.0,-20.0,140.0,False,False,1000.0,-500.0,500.0,True,True,0.963213047688616,380.0,40.0,False,False,110.0,-15.0,95.0,False,False,1000.0,-500.0,500.0,True,True,170.0,-45.0,125.0,False,False,1000.0,-500.0,500.0,True,True
149,1472736642.724,2016-09-01 13:30:42.723999977+00:00,True,A_high_quality,0.1872477727372417,1.0570165328022472,0.9386071575643832,9,200.4999999999999,354.5,0.9394938186258276,356.5,0.9329370238555935,0.9249899943173757,0.8897151363258406,-0.006556794770234076,0.0886771105843243,0.012662398322405469,False,-0.04,0.18,/Users/glennthompson/Developer/KSCRocketSeismoHydrology/08_fireball_paper/falcon9-seismoacoustic-workflow-1.0.0/data/outputs/070_prepare_event_waveform_products/event_streams/candidate_event_149.pkl,356.5,200.36772143149688,-20.0,0.9392722145064175,-340.0,25.0,False,False,85.0,5.0,90.0,False,False,1000.0,-500.0,500.0,True,True,115.0,-15.0,100.0,False,False,1000.0,-500.0,500.0,True,True,0.9386847007457308,500.0,45.0,True,False,80.0,-10.0,70.0,False,False,1000.0,-500.0,500.0,True,True,120.0,-25.0,95.0,False,False,1000.0,-500.0,500.0,True,True
150,1472736751.9651334,2016-09-01 13:32:31.965133429+00:00,True,B_probable,0.1154700538379185,1.7795130420052183,0.8639603400538796,9,199.69999999999987,355.0,0.8652938938610064,356.5,0.8640872713978917,0.8477086787859681,0.7773103206315536,-0.0012066224631147593,0.0886771105843243,0.012662398322405469,False,-0.04,0.18,/Users/glennthompson/Developer/KSCRocketSeismoHydrology/08_fireball_paper/falcon9-seismoacoustic-workflow-1.0.0/data/outputs/070_prepare_event_waveform_products/event_streams/candidate_event_150.pkl,356.5,199.47261442038612,0.0,0.8646937991784022,-320.0,15.0,False,False,85.0,-15.0,70.0,False,False,1000.0,-500.0,500.0,True,True,125.0,-35.0,90.0,False,False,1000.0,-500.0,500.0,True,True,0.8648245517408966,500.0,15.0,True,False,85.0,-30.0,55.0,False,False,1000.0,-500.0,500.0,True,True,130.0,-50.0,80.0,False,False,1000.0,-500.0,500.0,True,True
151,1472736811.789,2016-09-01 13:33:31.789000034+00:00,True,A_high_quality,0.0993807989999849,0.3333333333333333,0.9589811236444324,9,199.79999999999987,353.5,0.9613738644659184,352.5,0.959508089755885,0.9543821179995299,0.9343940947808352,-0.0018657747100334632,0.08968337566896913,0.012806085111879573,False,-0.04,0.18,/Users/glennthompson/Developer/KSCRocketSeismoHydrology/08_fireball_paper/falcon9-seismoacoustic-workflow-1.0.0/data/outputs/070_prepare_event_waveform_products/event_streams/candidate_event_151.pkl,352.5,199.634593431724,5.0,0.9612236092742787,-300.0,15.0,False,False,80.0,-15.0,65.0,False,False,1000.0,-500.0,500.0,True,True,115.0,-30.0,85.0,False,False,1000.0,-500.0,500.0,True,True,0.9613878214422309,-480.0,10.0,False,False,85.0,-20.0,65.0,False,False,1000.0,-500.0,500.0,True,True,120.0,-35.0,85.0,False,False,1000.0,-500.0,500.0,True,True
152,1472736829.5165668,2016-09-01 13:33:49.516566753+00:00,False,B_probable,0.2748737083744951,1.0304020550550783,0.7734332504722397,9,199.3999999999999,345.0,0.7869736610899478,346.0,0.7858562717466429,0.76159683737237,0.6444908466161045,-0.0011173893433049642,0.09136817896910872,0.013046661855310837,False,-0.04,0.18,/Users/glennthompson/Developer/KSCRocketSeismoHydrology/08_fireball_paper/falcon9-seismoacoustic-workflow-1.0.0/data/outputs/070_prepare_event_waveform_products/event_streams/candidate_event_152.pkl,346.0,199.232575502073,20.0,0.779799752218159,500.0,25.0,True,False,105.0,-35.0,70.0,False,False,1000.0,-500.0,500.0,True,True,135.0,-50.0,85.0,False,False,1000.0,-500.0,500.0,True,True,0.7868051704196004,-40.0,5.0,False,False,70.0,-15.0,55.0,False,False,1000.0,-500.0,500.0,True,True,115.0,-30.0,85.0,False,False,1000.0,-500.0,500.0,True,True
153,1472736834.396067,2016-09-01 13:33:54.396066904+00:00,False,C_weak_or_broad,,,,0,199.8999999999999,356.5,0.5705108414195132,359.5,0.5617331504624927,0.5121734980824485,0.2721452580651183,-0.008777690957020523,0.08793710687986542,0.012556731577016828,False,-0.04,0.18,/Users/glennthompson/Developer/KSCRocketSeismoHydrology/08_fireball_paper/falcon9-seismoacoustic-workflow-1.0.0/data/outputs/070_prepare_event_waveform_products/event_streams/candidate_event_153.pkl,359.5,199.49207938094403,0.0,0.5685302435337983,-500.0,15.0,True,False,75.0,0.0,75.0,False,False,1000.0,-500.0,500.0,True,True,110.0,-15.0,95.0,False,False,1000.0,-500.0,500.0,True,True,0.5670466954629381,420.0,15.0,False,False,60.0,-5.0,55.0,False,False,1000.0,-500.0,500.0,True,True,105.0,-20.0,85.0,False,False,1000.0,-500.0,500.0,True,True
