"Date","Time","Altitude","Direction","Speed","Shear","WW","S1","S2","S3","N1","N2","N3","WID1","WID2","WID3","G1","G2","QC"
"09/01/2016","12:39:00","1795","190","13.6","0.000","0.01","122.3","121.0","121.7","58.2","57.5","57.9","0.50","0.60","0.56","0","0","4"
"09/01/2016","12:39:00","1944","191","13.4","0.002","0.01","121.8","121.3","121.6","58.0","57.4","57.7","0.50","0.60","0.53","0","0","4"
"09/01/2016","12:39:00","2093","189","13.5","0.003","0.05","125.5","125.5","125.5","57.7","57.1","57.4","0.50","0.50","0.51","0","0","4"
"09/01/2016","12:39:00","2243","190","13.2","0.003","0.04","127.9","125.1","126.7","57.9","57.4","57.7","0.50","0.60","0.55","0","0","4"
"09/01/2016","12:39:00","2392","193","13.7","0.006","-0.02","126.9","127.6","127.3","58.8","58.3","58.6","0.50","0.50","0.52","0","0","4"
"09/01/2016","12:39:00","2542","195","13.5","0.004","0.06","126.6","125.5","126.1","59.4","58.9","59.2","0.60","0.50","0.55","0","0","4"
"09/01/2016","12:39:00","2691","200","13.9","0.008","-0.01","126.3","125.4","125.9","60.0","59.6","59.8","0.40","0.50","0.47","0","0","4"
"09/01/2016","12:39:00","2841","202","14.0","0.002","0.00","127.4","127.8","127.6","60.3","59.8","60.0","0.50","0.50","0.47","0","0","4"
"09/01/2016","12:39:00","2990","204","13.8","0.004","0.00","124.2","123.5","123.9","60.2","59.7","60.0","0.50","0.50","0.49","0","0","4"
"09/01/2016","12:39:00","3140","206","13.2","0.005","-0.02","123.8","124.6","124.2","60.2","59.8","60.0","0.40","0.40","0.43","0","0","4"
"09/01/2016","12:39:00","3289","207","13.9","0.005","-0.03","121.9","123.6","122.8","60.2","59.7","60.0","0.50","0.50","0.48","0","0","4"
"09/01/2016","12:39:00","3439","211","14.5","0.007","0.00","122.5","122.6","122.6","60.2","59.7","60.0","0.70","0.50","0.57","0","0","4"
"09/01/2016","12:39:00","3588","213","15.4","0.007","0.01","125.5","125.7","125.6","60.3","59.8","60.1","0.50","0.50","0.52","0","0","4"
"09/01/2016","12:39:00","3737","213","15.7","0.002","0.04","124.5","124.7","124.6","60.3","59.8","60.1","0.50","0.40","0.48","0","0","4"
"09/01/2016","12:39:00","3887","213","15.1","0.004","0.00","120.7","121.8","121.3","60.2","59.7","60.0","0.60","0.50","0.55","0","0","4"
"09/01/2016","12:39:00","4036","213","14.8","0.002","-0.01","119.7","121.0","120.4","60.3","59.7","60.0","0.60","0.50","0.55","0","0","4"
"09/01/2016","12:39:00","4186","215","15.2","0.004","0.02","115.4","116.6","116.1","60.3","59.7","60.0","0.60","0.50","0.56","0","0","4"
"09/01/2016","12:39:00","4335","218","15.5","0.005","0.01","117.9","117.6","117.7","60.2","59.6","59.9","0.60","0.50","0.53","0","0","4"
"09/01/2016","12:39:00","4485","218","15.7","0.001","-0.03","119.6","119.1","119.4","60.2","59.7","60.0","0.60","0.50","0.58","0","0","4"
"09/01/2016","12:39:00","4634","217","15.5","0.001","-0.04","121.0","120.5","120.8","60.3","59.8","60.0","0.60","0.50","0.55","0","0","4"
"09/01/2016","12:39:00","4784","219","15.3","0.004","-0.05","119.3","119.0","119.2","60.2","59.7","60.0","0.60","0.50","0.54","0","0","4"
"09/01/2016","12:39:00","4933","220","15.0","0.003","-0.04","122.5","121.1","121.9","60.2","59.7","60.0","0.50","0.50","0.54","0","0","4"
"09/01/2016","12:39:00","5083","221","15.1","0.002","-0.06","123.9","121.5","122.8","60.2","59.7","60.0","0.60","0.50","0.55","0","0","4"
"09/01/2016","12:39:00","5232","222","14.5","0.004","-0.12","117.1","117.5","117.3","60.2","59.8","60.0","0.70","0.70","0.69","0","0","4"
"09/01/2016","12:39:00","5381","222","13.5","0.007","-0.07","121.0","120.4","120.7","60.2","59.8","60.0","0.70","0.80","0.72","0","0","4"
"09/01/2016","12:39:00","5531","224","12.7","0.006","-0.03","121.1","117.5","119.6","60.2","59.7","60.0","0.70","0.80","0.76","0","0","4"
"09/01/2016","12:39:00","5680","229","11.7","0.010","-0.06","114.3","110.8","112.9","60.3","59.7","60.0","0.90","1.00","0.93","0","0","4"
"09/01/2016","12:39:00","5830","232","10.7","0.008","-0.03","109.3","106.8","108.2","60.2","59.7","59.9","0.80","1.10","0.98","0","0","4"
"09/01/2016","12:39:00","5979","234","8.8","0.013","-0.05","105.5","105.5","105.5","60.2","59.7","60.0","0.80","0.80","0.79","0","0","4"
"09/01/2016","12:39:00","6129","236","7.6","0.009","-0.02","100.9","106.9","104.9","60.4","59.7","60.1","0.70","0.60","0.68","0","0","4"
"09/01/2016","12:39:00","6278","229","7.5","0.006","-0.04","104.8","107.0","106.0","60.2","59.7","60.0","0.60","0.60","0.62","0","0","4"
"09/01/2016","12:39:00","6428","230","7.9","0.003","-0.04","105.1","105.4","105.3","60.2","59.8","60.0","0.70","0.70","0.69","0","0","4"
"09/01/2016","12:39:00","6577","232","7.6","0.002","-0.05","104.3","104.9","104.6","60.2","59.7","60.0","0.80","0.70","0.75","0","0","4"
"09/01/2016","12:39:00","6726","233","7.8","0.002","0.06","104.2","104.9","104.6","60.2","59.7","60.0","0.80","0.60","0.67","0","0","4"
"09/01/2016","12:39:00","6876","235","7.3","0.004","0.17","104.8","104.7","104.7","60.2","59.7","59.9","0.70","0.60","0.63","0","0","4"
"09/01/2016","12:39:00","7025","231","7.4","0.003","0.17","109.6","110.7","110.2","60.2","59.8","60.0","0.50","0.50","0.51","0","0","4"
"09/01/2016","12:39:00","7175","232","7.5","0.001","0.18","108.8","109.9","109.4","60.1","59.7","59.9","0.60","0.60","0.59","0","0","4"
"09/01/2016","12:39:00","7324","232","7.8","0.002","0.16","105.1","104.6","104.9","60.2","59.7","59.9","0.70","0.60","0.65","0","0","4"
"09/01/2016","12:39:00","7474","240","7.5","0.007","0.04","103.5","103.5","103.5","60.1","59.6","59.9","0.80","0.70","0.74","0","0","4"
"09/01/2016","12:39:00","7623","248","8.5","0.010","0.04","106.1","103.7","105.1","60.2","59.7","59.9","0.80","0.80","0.80","0","0","4"
"09/01/2016","12:39:00","7773","253","9.2","0.007","-0.02","106.5","104.7","105.7","60.1","59.7","59.9","0.80","0.70","0.80","0","0","4"
"09/01/2016","12:39:00","7922","248","9.4","0.006","-0.03","106.5","106.6","106.6","60.1","59.7","59.9","0.90","0.80","0.84","0","0","4"
"09/01/2016","12:39:00","8072","233","9.3","0.017","0.02","103.0","105.5","104.5","60.2","59.7","60.0","1.20","0.80","0.97","0","0","4"
"09/01/2016","12:39:00","8221","227","9.3","0.006","0.05","99.0","101.3","100.3","60.2","59.7","59.9","1.00","0.90","0.93","0","0","4"
"09/01/2016","12:39:00","8370","227","8.2","0.007","0.07","97.3","97.8","97.6","60.1","59.7","59.9","0.70","0.80","0.72","0","0","4"
"09/01/2016","12:39:00","8520","223","7.9","0.004","0.08","99.0","98.5","98.7","60.2","59.7","59.9","0.50","0.60","0.55","0","0","4"
"09/01/2016","12:39:00","8669","221","7.7","0.002","0.02","99.4","100.7","100.1","60.1","59.7","59.9","0.50","0.50","0.51","0","0","4"
"09/01/2016","12:39:00","8819","220","8.9","0.008","-0.08","96.3","98.9","97.8","60.2","59.7","59.9","0.60","0.50","0.57","0","0","4"
"09/01/2016","12:39:00","8968","224","9.4","0.005","-0.12","96.9","94.9","96.0","60.2","59.7","59.9","0.60","0.60","0.56","0","0","4"
"09/01/2016","12:39:00","9118","219","9.9","0.006","-0.12","90.5","89.6","90.1","60.1","59.6","59.9","0.60","0.60","0.62","0","0","4"
"09/01/2016","12:39:00","9267","218","10.7","0.006","-0.13","90.0","88.8","89.5","60.1","59.6","59.8","0.50","0.50","0.54","0","0","4"
"09/01/2016","12:39:00","9417","217","11.7","0.007","-0.12","90.5","88.4","89.6","60.1","59.7","59.9","0.50","0.50","0.49","0","0","4"
"09/01/2016","12:39:00","9566","219","12.1","0.003","-0.07","89.7","88.0","88.9","60.1","59.7","59.9","0.50","0.60","0.55","0","0","4"
"09/01/2016","12:39:00","9715","219","12.6","0.004","-0.04","89.3","88.7","89.0","60.1","59.7","59.9","0.60","0.60","0.61","0","0","4"
"09/01/2016","12:39:00","9865","221","12.5","0.003","-0.09","87.9","88.8","88.4","60.1","59.7","59.9","0.80","0.80","0.79","0","0","4"
"09/01/2016","12:39:00","10014","224","10.2","0.016","-0.08","90.2","89.4","89.8","60.1","59.7","59.9","0.90","1.10","1.01","0","0","4"
"09/01/2016","12:39:00","10164","229","9.1","0.009","-0.05","90.7","92.4","91.6","60.1","59.7","59.9","0.80","0.90","0.87","0","0","4"
"09/01/2016","12:39:00","10313","229","8.6","0.003","-0.07","88.7","88.4","88.6","60.1","59.6","59.9","0.70","0.80","0.78","0","0","4"
"09/01/2016","12:39:00","10463","231","7.7","0.007","0.00","86.7","88.1","87.5","60.1","59.6","59.9","0.60","0.50","0.56","0","0","4"
"09/01/2016","12:39:00","10612","236","6.9","0.006","-0.02","88.2","86.2","87.3","60.1","59.6","59.9","0.60","0.80","0.72","0","0","4"
"09/01/2016","12:39:00","10762","242","6.4","0.006","0.07","87.4","84.0","86.0","60.2","59.7","59.9","0.60","0.80","0.68","0","0","4"
"09/01/2016","12:39:00","10911","251","6.5","0.006","0.14","85.0","83.6","84.4","60.1","59.7","59.9","0.60","0.70","0.66","0","0","4"
"09/01/2016","12:39:00","11061","253","6.4","0.002","0.15","84.4","82.1","83.4","60.1","59.6","59.9","0.70","0.70","0.66","0","0","4"
"09/01/2016","12:39:00","11210","256","6.8","0.004","0.09","80.7","82.6","81.7","60.2","59.6","59.9","0.60","0.60","0.64","0","0","4"
"09/01/2016","12:39:00","11359","263","7.5","0.007","0.04","80.4","83.3","82.1","60.2","59.7","59.9","0.60","0.50","0.55","0","0","4"
"09/01/2016","12:39:00","11509","273","8.2","0.010","0.07","81.1","80.2","80.7","60.2","59.7","59.9","0.60","0.60","0.64","0","0","4"
"09/01/2016","12:39:00","11658","285","9.8","0.017","0.00","80.9","79.1","80.1","60.2","59.7","59.9","0.90","0.70","0.79","0","0","4"
"09/01/2016","12:39:00","11808","290","11.6","0.013","-0.05","83.2","82.3","82.8","60.2","59.7","59.9","1.00","0.60","0.79","0","0","4"
"09/01/2016","12:39:00","11957","292","13.9","0.015","-0.07","85.0","83.2","84.2","60.2","59.7","60.0","0.80","0.70","0.75","0","0","4"
"09/01/2016","12:39:00","12107","290","15.7","0.012","-0.07","85.4","82.1","84.0","60.3","59.7","60.0","0.70","0.90","0.81","0","0","4"
"09/01/2016","12:39:00","12256","287","17.6","0.014","-0.02","84.8","82.9","83.9","60.2","59.7","60.0","1.00","0.90","0.92","0","0","4"
"09/01/2016","12:39:00","12406","286","19.2","0.011","-0.06","84.6","83.9","84.3","60.2","59.7","60.0","1.00","1.00","1.01","0","0","4"
"09/01/2016","12:39:00","12555","284","21.0","0.013","-0.01","84.2","83.5","83.9","60.2","59.7","60.0","1.10","1.10","1.08","0","0","4"
"09/01/2016","12:39:00","12705","282","22.6","0.012","-0.04","83.4","81.7","82.6","60.2","59.7","60.0","0.90","1.10","1.02","0","0","4"
"09/01/2016","12:39:00","12854","281","23.6","0.008","-0.04","81.8","80.4","81.1","60.2","59.7","59.9","0.90","1.20","1.01","0","0","4"
"09/01/2016","12:39:00","13003","277","24.8","0.013","0.00","79.9","80.3","80.1","60.2","59.8","60.0","0.90","0.90","0.89","0","0","4"
"09/01/2016","12:39:00","13153","276","26.2","0.010","0.10","78.7","79.2","79.0","60.1","59.9","60.0","0.80","1.00","0.91","0","0","4"
"09/01/2016","12:39:00","13302","275","27.0","0.006","0.08","75.3","78.6","77.3","60.2","59.8","60.0","0.90","1.00","0.98","0","0","4"
"09/01/2016","12:39:00","13452","276","26.5","0.004","-0.01","73.5","75.6","74.7","60.2","59.8","60.0","0.80","1.30","1.05","0","0","4"
"09/01/2016","12:39:00","13601","277","24.9","0.011","0.21","71.2","74.7","73.3","60.2","59.8","60.0","0.80","1.20","0.99","0","0","4"
"09/01/2016","12:39:00","13751","277","26.3","0.009","-0.02","69.5","71.6","70.7","60.1","59.9","60.0","0.60","1.00","0.76","1","0","2"
"09/01/2016","12:39:00","13900","277","26.6","0.002","-0.17","71.0","70.2","70.6","60.2","59.8","60.0","0.80","0.70","0.72","0","0","4"
"09/01/2016","12:39:00","14050","279","25.9","0.008","-0.30","71.9","71.5","71.7","60.1","59.8","60.0","0.80","1.10","0.93","0","0","4"
"09/01/2016","12:39:00","14199","279","23.9","0.013","0.17","76.2","75.3","75.7","60.2","59.8","60.0","1.50","0.90","1.17","0","0","4"
"09/01/2016","12:39:00","14348","282","22.1","0.014","0.13","77.4","78.5","78.0","60.1","59.8","60.0","1.00","1.00","1.02","0","0","4"
"09/01/2016","12:39:00","14498","283","21.1","0.008","0.03","77.9","77.9","77.9","60.2","59.8","60.0","0.80","1.30","1.07","0","0","4"
"09/01/2016","12:39:00","14647","293","21.1","0.025","0.09","77.6","76.3","77.0","60.2","59.7","60.0","0.80","1.60","1.16","0","0","4"
"09/01/2016","12:39:00","14797","300","21.6","0.016","-0.01","80.3","82.3","81.4","60.2","59.7","59.9","0.90","1.50","1.24","0","0","4"
"09/01/2016","12:39:00","14946","307","21.4","0.017","0.11","84.1","87.7","86.3","60.2","59.7","60.0","1.50","1.50","1.51","0","0","4"
"09/01/2016","12:39:00","15096","312","19.5","0.018","-0.01","88.2","86.8","87.5","60.2","59.7","60.0","1.60","1.80","1.70","0","0","4"
"09/01/2016","12:39:00","15245","322","17.7","0.025","0.00","87.0","86.7","86.9","60.2","59.8","60.0","1.60","1.50","1.57","0","0","4"
"09/01/2016","12:39:00","15395","329","14.9","0.022","-0.11","85.5","88.2","87.1","60.3","59.8","60.0","1.70","1.50","1.57","0","0","4"
"09/01/2016","12:39:00","15544","339","11.5","0.028","-0.08","85.4","87.6","86.6","60.2","59.9","60.1","1.80","1.40","1.60","0","0","4"
"09/01/2016","12:39:00","15694","354","8.6","0.026","-0.17","83.4","85.0","84.3","60.3","59.9","60.1","1.80","1.20","1.51","0","0","4"
"09/01/2016","12:39:00","15843","16","5.5","0.027","-0.16","79.5","82.7","81.4","60.3","59.9","60.1","1.10","1.10","1.10","0","0","4"
"09/01/2016","12:39:00","15992","17","3.2","0.015","-0.14","78.1","79.3","78.8","60.2","59.8","60.0","1.10","1.20","1.12","0","0","4"
"09/01/2016","12:39:00","16142","3","4.2","0.009","0.13","76.9","76.7","76.8","60.2","59.9","60.0","1.20","0.90","1.04","0","0","4"
"09/01/2016","12:39:00","16291","360","2.9","0.009","-0.01","77.6","75.5","76.7","60.2","59.8","60.0","1.60","0.80","1.23","0","0","4"
"09/01/2016","12:39:00","16441","129","2.5","0.033","0.14","77.6","75.1","76.5","60.2","59.7","60.0","0.80","0.80","0.81","0","0","4"
"09/01/2016","12:39:00","16590","150","2.9","0.007","0.15","79.2","75.2","77.6","60.2","59.8","60.0","0.90","0.70","0.78","0","0","4"
"09/01/2016","12:39:00","16740","167","3.2","0.006","0.05","79.7","73.9","77.7","60.3","59.7","60.0","1.30","0.70","1.00","0","0","4"
"09/01/2016","12:39:00","16889","178","3.7","0.006","0.06","76.4","71.9","74.7","60.2","59.7","60.0","2.00","0.60","1.29","0","0","4"
"09/01/2016","12:39:00","17039","288","2.8","0.036","0.06","76.5","68.5","74.1","60.2","59.7","60.0","1.70","0.70","1.21","0","1","8"
"09/01/2016","12:39:00","17188","145","0.9","0.024","0.30","75.3","72.5","74.1","60.3","59.8","60.0","1.60","0.50","1.02","0","0","4"
"09/01/2016","12:39:00","17338","152","0.4","0.003","0.25","75.4","74.4","74.9","60.3","59.7","60.0","1.40","0.60","0.99","0","0","4"
"09/01/2016","12:39:00","17487","186","0.7","0.003","0.17","70.4","73.7","72.3","60.4","59.8","60.1","1.10","0.80","0.92","1","0","2"
"09/01/2016","12:39:00","17636","230","1.5","0.007","0.01","70.2","72.9","71.8","60.3","59.7","60.0","0.80","0.80","0.78","0","0","4"
"09/01/2016","12:39:00","17786","6","1.9","0.021","0.19","70.7","72.2","71.5","60.3","59.8","60.1","1.30","0.80","1.03","0","0","4"
"09/01/2016","12:39:00","17935","13","2.2","0.002","0.02","71.2","73.7","72.7","60.3","59.8","60.1","0.40","0.70","0.53","1","0","8"
"09/01/2016","12:39:00","18085","24","2.3","0.003","-0.07","72.5","75.3","74.1","60.2","59.8","60.0","0.90","0.70","0.79","0","0","4"
"09/01/2016","12:39:00","18234","44","2.3","0.005","-0.10","67.1","69.7","68.6","60.2","59.9","60.0","0.50","0.80","0.65","3","0","8"
"09/01/2016","12:39:00","18384","49","2.7","0.003","0.10","71.1","72.5","71.9","60.2","59.8","60.0","0.50","0.60","0.52","1","2","8"
"09/01/2016","12:39:00","18533","31","3.9","0.010","-0.24","76.5","75.2","75.9","60.2","59.8","60.0","0.70","0.70","0.71","0","0","4"
"09/01/2016","12:39:00","18683","84","5.4","0.029","0.22","72.9","69.3","71.5","60.2","59.8","60.0","1.00","0.50","0.74","0","0","4"
"09/01/2016","12:39:00","18832","94","2.8","0.018","0.27","69.5","69.3","69.4","60.2","59.8","60.0","1.10","1.50","1.33","0","0","4"
"09/01/2016","12:39:00","18981","76","5.8","0.022","0.01","73.0","67.8","71.1","60.1","59.7","59.9","0.80","0.90","0.83","0","0","4"
"09/01/2016","12:39:00","19131","65","5.9","0.007","0.18","74.8","68.3","72.6","60.1","59.8","59.9","0.90","0.70","0.76","1","3","6"
"09/01/2016","12:39:00","19280","51","7.4","0.015","0.01","68.3","66.5","67.5","60.2","59.7","59.9","0.20","0.40","0.33","1","0","8"
"09/01/2016","12:39:00","19430","57","8.6","0.009","0.04","70.3","67.5","69.1","60.2","59.7","60.0","0.60","0.40","0.54","1","0","8"
"09/01/2016","12:44:00","1795","190","13.4","0.000","0.02","121.6","121.8","121.7","57.9","57.4","57.7","0.50","0.50","0.54","0","0","4"
"09/01/2016","12:44:00","1944","191","13.6","0.003","0.01","120.4","122.7","121.7","57.8","57.4","57.6","0.50","0.60","0.55","0","0","4"
"09/01/2016","12:44:00","2093","189","13.7","0.004","0.09","125.6","125.7","125.6","57.5","57.1","57.3","0.60","0.50","0.54","0","0","4"
"09/01/2016","12:44:00","2243","191","13.2","0.005","0.04","127.6","126.1","126.9","57.9","57.4","57.6","0.50","0.60","0.54","0","0","4"
"09/01/2016","12:44:00","2392","193","13.8","0.005","0.00","125.5","128.0","126.9","58.7","58.3","58.5","0.50","0.50","0.52","0","0","4"
"09/01/2016","12:44:00","2542","196","13.5","0.006","0.07","127.1","126.7","126.9","59.4","58.9","59.1","0.50","0.50","0.50","0","0","4"
"09/01/2016","12:44:00","2691","199","14.0","0.006","-0.02","127.3","127.7","127.5","60.1","59.6","59.8","0.40","0.50","0.45","0","0","4"
"09/01/2016","12:44:00","2841","201","14.2","0.004","-0.02","126.3","128.0","127.2","60.3","59.8","60.0","0.50","0.50","0.47","0","0","4"
"09/01/2016","12:44:00","2990","203","13.7","0.005","-0.01","124.2","124.0","124.1","60.2","59.7","60.0","0.50","0.50","0.48","0","0","4"
"09/01/2016","12:44:00","3140","206","13.2","0.005","0.02","124.7","126.0","125.4","60.2","59.8","60.0","0.50","0.40","0.46","0","0","4"
"09/01/2016","12:44:00","3289","206","13.5","0.003","0.01","123.7","124.8","124.3","60.2","59.7","60.0","0.50","0.50","0.47","0","0","4"
"09/01/2016","12:44:00","3439","211","14.1","0.008","0.04","125.5","124.3","124.9","60.2","59.7","59.9","0.60","0.50","0.54","0","0","4"
"09/01/2016","12:44:00","3588","212","15.0","0.007","0.01","127.9","125.9","127.0","60.3","59.8","60.1","0.50","0.50","0.50","0","0","4"
"09/01/2016","12:44:00","3737","212","15.6","0.004","0.05","124.0","124.4","124.2","60.2","59.8","60.0","0.50","0.50","0.52","0","0","4"
"09/01/2016","12:44:00","3887","212","15.1","0.004","0.05","120.9","122.6","121.8","60.1","59.7","59.9","0.60","0.50","0.53","0","0","4"
"09/01/2016","12:44:00","4036","213","14.9","0.003","0.00","119.3","120.8","120.1","60.2","59.7","59.9","0.60","0.50","0.55","0","0","4"
"09/01/2016","12:44:00","4186","215","15.1","0.004","0.02","115.4","116.9","116.2","60.2","59.7","60.0","0.60","0.50","0.54","0","0","4"
"09/01/2016","12:44:00","4335","218","15.5","0.005","0.03","116.5","116.4","116.4","60.2","59.7","59.9","0.60","0.50","0.55","0","0","4"
"09/01/2016","12:44:00","4485","218","15.5","0.000","0.02","116.4","118.2","117.4","60.2","59.7","59.9","0.70","0.40","0.57","0","0","4"
"09/01/2016","12:44:00","4634","218","15.3","0.001","0.00","117.6","117.8","117.7","60.2","59.8","60.0","0.60","0.50","0.57","0","0","4"
"09/01/2016","12:44:00","4784","219","15.2","0.002","0.00","116.5","115.9","116.2","60.2","59.7","60.0","0.60","0.50","0.57","0","0","4"
"09/01/2016","12:44:00","4933","221","15.2","0.004","-0.02","123.3","120.8","122.2","60.1","59.7","59.9","0.50","0.50","0.53","0","0","4"
"09/01/2016","12:44:00","5083","221","15.4","0.002","-0.05","126.2","123.2","124.9","60.2","59.7","60.0","0.50","0.50","0.50","0","0","4"
"09/01/2016","12:44:00","5232","220","15.0","0.003","-0.05","119.0","116.7","118.0","60.2","59.7","60.0","0.60","0.70","0.64","0","0","4"
"09/01/2016","12:44:00","5381","221","13.8","0.008","0.03","116.1","117.0","116.6","60.2","59.7","59.9","0.60","1.00","0.78","0","0","4"
"09/01/2016","12:44:00","5531","222","13.1","0.005","0.07","119.5","119.1","119.3","60.2","59.7","60.0","0.60","0.70","0.67","0","0","4"
"09/01/2016","12:44:00","5680","226","12.8","0.005","0.18","118.9","116.8","118.0","60.2","59.7","60.0","0.60","0.80","0.69","0","0","4"
"09/01/2016","12:44:00","5830","228","11.7","0.008","0.15","110.7","109.0","109.9","60.1","59.7","59.9","0.70","1.10","0.91","0","0","4"
"09/01/2016","12:44:00","5979","231","10.6","0.008","0.11","106.2","105.5","105.9","60.2","59.7","60.0","0.80","1.30","1.07","0","0","4"
"09/01/2016","12:44:00","6129","232","8.4","0.015","0.07","103.7","108.0","106.4","60.3","59.7","60.0","0.70","0.80","0.75","0","0","4"
"09/01/2016","12:44:00","6278","228","7.5","0.006","0.05","105.8","108.1","107.1","60.1","59.7","59.9","0.70","0.80","0.75","0","0","4"
"09/01/2016","12:44:00","6428","229","8.3","0.005","-0.05","106.0","106.4","106.2","60.1","59.8","59.9","0.80","0.80","0.78","0","0","4"
"09/01/2016","12:44:00","6577","230","8.5","0.001","-0.03","105.7","105.2","105.4","60.2","59.7","59.9","0.80","0.90","0.83","0","0","4"
"09/01/2016","12:44:00","6726","230","8.4","0.001","-0.01","104.4","104.7","104.6","60.2","59.7","59.9","0.90","0.80","0.83","0","0","4"
"09/01/2016","12:44:00","6876","231","7.6","0.005","0.13","104.6","103.9","104.3","60.1","59.7","59.9","0.80","0.70","0.72","0","0","4"
"09/01/2016","12:44:00","7025","232","7.1","0.003","0.19","105.8","106.9","106.3","60.1","59.8","59.9","0.60","0.50","0.56","0","0","4"
"09/01/2016","12:44:00","7175","228","7.1","0.003","0.19","106.1","107.9","107.1","60.1","59.7","59.9","0.50","0.40","0.47","0","0","4"
"09/01/2016","12:44:00","7324","227","7.4","0.002","0.19","101.5","104.6","103.3","60.1","59.7","59.9","0.50","0.40","0.47","0","0","4"
"09/01/2016","12:44:00","7474","238","7.6","0.009","0.10","100.8","102.3","101.6","60.1","59.6","59.9","0.70","0.50","0.63","0","0","4"
"09/01/2016","12:44:00","7623","247","8.3","0.010","0.08","103.9","102.7","103.3","60.1","59.6","59.9","0.90","0.60","0.76","0","0","4"
"09/01/2016","12:44:00","7773","255","8.6","0.008","-0.02","105.1","102.2","103.8","60.1","59.7","59.9","0.70","0.70","0.67","0","0","4"
"09/01/2016","12:44:00","7922","249","9.0","0.006","-0.04","105.2","103.4","104.4","60.1","59.7","59.9","0.90","0.60","0.79","0","0","4"
"09/01/2016","12:44:00","8072","235","8.9","0.015","0.09","103.2","105.8","104.7","60.1","59.7","59.9","1.10","0.70","0.89","0","0","4"
"09/01/2016","12:44:00","8221","227","9.2","0.009","0.12","99.0","103.4","101.7","60.2","59.7","59.9","1.00","0.60","0.78","0","0","4"
"09/01/2016","12:44:00","8370","226","8.4","0.005","0.13","96.9","99.8","98.6","60.1","59.7","59.9","0.70","0.70","0.67","0","0","4"
"09/01/2016","12:44:00","8520","223","7.8","0.006","0.09","99.7","98.4","99.1","60.1","59.7","59.9","0.60","0.50","0.56","0","0","4"
"09/01/2016","12:44:00","8669","221","7.5","0.002","0.00","98.0","100.5","99.4","60.1","59.6","59.9","0.60","0.40","0.48","0","0","4"
"09/01/2016","12:44:00","8819","221","8.4","0.006","-0.06","95.4","97.8","96.8","60.1","59.6","59.9","0.50","0.50","0.51","0","0","4"
"09/01/2016","12:44:00","8968","224","9.1","0.006","-0.07","94.4","94.2","94.3","60.1","59.7","59.9","0.50","0.50","0.52","0","0","4"
"09/01/2016","12:44:00","9118","221","9.5","0.003","-0.06","86.6","89.4","88.2","60.1","59.6","59.8","0.60","0.50","0.55","0","0","4"
"09/01/2016","12:44:00","9267","219","10.7","0.009","-0.06","88.4","87.5","88.0","60.0","59.6","59.8","0.50","0.60","0.55","0","0","4"
"09/01/2016","12:44:00","9417","217","11.8","0.008","-0.09","88.3","88.2","88.2","60.1","59.7","59.9","0.50","0.50","0.52","0","0","4"
"09/01/2016","12:44:00","9566","219","12.2","0.004","-0.05","89.4","87.9","88.7","60.1","59.6","59.9","0.50","0.50","0.52","0","0","4"
"09/01/2016","12:44:00","9715","220","12.4","0.002","-0.01","88.6","88.6","88.6","60.1","59.7","59.9","0.50","0.50","0.51","0","0","4"
"09/01/2016","12:44:00","9865","221","12.2","0.002","-0.05","87.3","87.4","87.4","60.1","59.6","59.9","0.60","0.70","0.68","0","0","4"
"09/01/2016","12:44:00","10014","224","10.5","0.012","-0.12","90.1","88.7","89.5","60.1","59.7","59.9","0.80","1.00","0.92","0","0","4"
"09/01/2016","12:44:00","10164","231","9.3","0.011","-0.06","90.5","91.8","91.2","60.1","59.7","59.9","0.80","0.80","0.80","0","0","4"
"09/01/2016","12:44:00","10313","234","8.9","0.004","-0.08","86.2","87.4","86.9","60.1","59.6","59.8","0.70","0.70","0.68","0","0","4"
"09/01/2016","12:44:00","10463","233","8.3","0.004","-0.06","89.5","87.3","88.6","60.1","59.6","59.9","0.50","0.50","0.52","0","0","4"
"09/01/2016","12:44:00","10612","236","7.8","0.004","0.00","92.0","86.9","90.1","60.1","59.6","59.9","0.50","0.60","0.58","0","0","4"
"09/01/2016","12:44:00","10762","241","7.0","0.007","0.05","87.4","85.7","86.6","60.1","59.7","59.9","0.60","0.60","0.59","0","0","4"
"09/01/2016","12:44:00","10911","249","6.7","0.007","0.10","84.0","83.2","83.6","60.1","59.6","59.9","0.70","0.60","0.63","0","0","4"
"09/01/2016","12:44:00","11061","254","6.6","0.004","0.08","82.4","81.0","81.8","60.1","59.7","59.9","0.70","0.60","0.64","0","0","4"
"09/01/2016","12:44:00","11210","257","7.0","0.004","0.00","80.8","79.6","80.2","60.2","59.6","59.9","0.80","0.50","0.67","0","0","4"
"09/01/2016","12:44:00","11359","269","7.4","0.010","-0.09","79.7","77.9","78.9","60.2","59.6","59.9","0.70","0.50","0.61","0","0","4"
"09/01/2016","12:44:00","11509","281","8.3","0.012","-0.04","79.2","79.0","79.1","60.2","59.7","59.9","1.10","0.60","0.82","0","0","4"
"09/01/2016","12:44:00","11658","290","10.2","0.016","-0.07","81.6","80.2","80.9","60.2","59.6","59.9","0.80","0.70","0.75","0","0","4"
"09/01/2016","12:44:00","11808","293","12.1","0.013","-0.10","85.2","84.2","84.7","60.2","59.6","59.9","0.90","0.60","0.76","0","0","4"
"09/01/2016","12:44:00","11957","291","14.3","0.015","-0.15","86.8","84.8","85.9","60.2","59.7","59.9","0.80","0.70","0.75","0","0","4"
"09/01/2016","12:44:00","12107","290","16.1","0.013","-0.10","85.6","83.4","84.6","60.3","59.6","59.9","0.90","0.80","0.85","0","0","4"
"09/01/2016","12:44:00","12256","288","18.1","0.014","-0.01","85.2","82.8","84.2","60.3","59.7","60.0","0.90","0.80","0.85","0","0","4"
"09/01/2016","12:44:00","12406","285","19.5","0.011","0.00","84.7","83.0","83.9","60.3","59.6","60.0","1.00","1.00","0.96","0","0","4"
"09/01/2016","12:44:00","12555","283","21.2","0.012","0.03","84.2","83.1","83.7","60.2","59.7","59.9","1.00","0.90","0.95","0","0","4"
"09/01/2016","12:44:00","12705","282","23.0","0.012","0.06","82.6","82.3","82.5","60.2","59.7","59.9","0.90","1.10","1.00","0","0","4"
"09/01/2016","12:44:00","12854","278","24.5","0.015","-0.14","80.0","80.9","80.5","60.2","59.6","59.9","0.70","1.00","0.83","0","0","4"
"09/01/2016","12:44:00","13003","277","25.4","0.007","-0.03","79.7","79.7","79.7","60.2","59.6","59.9","0.70","0.90","0.81","0","0","4"
"09/01/2016","12:44:00","13153","275","26.4","0.008","0.03","78.4","77.4","77.9","60.1","59.6","59.9","0.80","0.90","0.88","0","0","4"
"09/01/2016","12:44:00","13302","277","26.3","0.005","0.16","75.5","77.7","76.7","60.1","59.6","59.9","1.10","1.00","1.03","0","0","4"
"09/01/2016","12:44:00","13452","274","26.4","0.010","0.22","73.1","72.9","73.0","60.1","59.6","59.9","1.10","0.80","0.95","0","0","4"
"09/01/2016","12:44:00","13601","278","25.2","0.015","-0.12","69.9","73.5","72.1","60.1","59.6","59.9","0.80","1.00","0.91","0","0","4"
"09/01/2016","12:44:00","13751","281","28.5","0.024","-0.35","72.0","70.2","71.2","60.1","59.6","59.9","1.70","0.90","1.29","0","0","4"
"09/01/2016","12:44:00","13900","277","25.8","0.022","-0.16","71.5","68.9","70.4","60.1","59.6","59.9","1.20","0.90","1.02","0","0","4"
"09/01/2016","12:44:00","14050","281","25.6","0.011","-0.39","73.7","71.0","72.6","60.1","59.6","59.9","1.20","1.00","1.15","0","0","4"
"09/01/2016","12:44:00","14199","280","24.0","0.011","0.02","76.7","74.5","75.7","60.1","59.7","59.9","1.30","1.20","1.24","0","0","4"
"09/01/2016","12:44:00","14348","282","22.5","0.011","-0.04","77.3","78.3","77.9","60.1","59.7","59.9","1.00","1.30","1.19","0","0","4"
"09/01/2016","12:44:00","14498","285","21.2","0.011","0.10","77.5","76.9","77.2","60.2","59.7","60.0","1.00","1.30","1.17","0","0","4"
"09/01/2016","12:44:00","14647","292","21.9","0.020","0.06","77.9","76.2","77.1","60.2","59.7","59.9","1.00","1.10","1.07","0","0","4"
"09/01/2016","12:44:00","14797","301","21.9","0.022","0.07","79.7","81.3","80.6","60.2","59.6","59.9","1.00","1.80","1.39","0","0","4"
"09/01/2016","12:44:00","14946","307","21.5","0.016","0.12","82.8","86.8","85.2","60.2","59.7","59.9","1.50","1.50","1.51","0","0","4"
"09/01/2016","12:44:00","15096","312","20.4","0.014","0.17","86.9","87.6","87.2","60.2","59.7","59.9","1.70","1.70","1.67","0","0","4"
"09/01/2016","12:44:00","15245","321","17.8","0.027","0.05","86.4","86.8","86.6","60.1","59.7","59.9","1.60","1.40","1.50","0","0","4"
"09/01/2016","12:44:00","15395","329","15.2","0.024","-0.08","84.8","88.2","86.8","60.2","59.7","60.0","1.60","1.20","1.43","0","0","4"
"09/01/2016","12:44:00","15544","339","12.1","0.026","-0.16","83.8","86.4","85.3","60.1","59.7","59.9","1.60","1.20","1.40","0","0","4"
"09/01/2016","12:44:00","15694","353","8.5","0.029","-0.14","81.9","84.7","83.5","60.1","59.8","59.9","1.70","1.20","1.44","0","0","4"
"09/01/2016","12:44:00","15843","7","5.0","0.026","-0.06","79.8","82.1","81.1","60.1","59.7","59.9","1.10","1.40","1.24","0","0","4"
"09/01/2016","12:44:00","15992","352","2.7","0.016","0.10","78.1","78.8","78.5","60.1","59.8","59.9","1.00","0.80","0.91","0","0","4"
"09/01/2016","12:44:00","16142","342","4.3","0.011","0.12","75.6","77.6","76.7","60.1","59.8","60.0","1.20","0.80","1.00","0","0","4"
"09/01/2016","12:44:00","16291","341","4.1","0.001","-0.01","77.2","75.6","76.5","60.1","59.8","60.0","1.50","0.80","1.14","0","0","4"
"09/01/2016","12:44:00","16441","297","1.6","0.021","0.00","76.1","74.9","75.5","60.1","59.7","59.9","1.40","0.80","1.09","0","0","4"
"09/01/2016","12:44:00","16590","174","1.7","0.019","0.07","76.6","77.6","77.1","60.1","59.8","59.9","0.90","0.60","0.73","0","0","4"
"09/01/2016","12:44:00","16740","179","3.1","0.009","-0.05","79.2","72.2","77.0","60.2","59.7","59.9","1.00","0.60","0.79","0","0","4"
"09/01/2016","12:44:00","16889","186","3.6","0.004","0.03","76.9","71.3","75.0","60.1","59.7","59.9","1.90","0.40","1.16","0","0","4"
"09/01/2016","12:44:00","17039","298","3.4","0.039","0.15","75.8","71.1","74.1","60.1","59.7","59.9","1.40","1.00","1.21","0","0","4"
"09/01/2016","12:44:00","17188","310","2.1","0.009","0.11","74.3","75.7","75.1","60.2","59.7","60.0","1.20","0.40","0.84","0","0","4"
"09/01/2016","12:44:00","17338","310","0.9","0.008","0.15","77.5","74.4","76.3","60.3","59.7","60.0","1.20","0.50","0.88","0","0","4"
"09/01/2016","12:44:00","17487","280","1.6","0.006","-0.08","73.0","73.4","73.2","60.3","59.7","60.0","1.00","0.70","0.86","0","0","4"
"09/01/2016","12:44:00","17636","236","1.8","0.009","-0.01","72.7","72.7","72.7","60.2","59.7","60.0","0.70","0.60","0.66","0","0","4"
"09/01/2016","12:44:00","17786","0","1.6","0.020","0.04","71.0","70.9","70.9","60.3","59.8","60.0","0.60","0.70","0.68","0","0","4"
"09/01/2016","12:44:00","17935","6","2.4","0.006","-0.09","72.9","74.1","73.6","60.2","59.7","60.0","0.60","0.60","0.61","0","0","4"
"09/01/2016","12:44:00","18085","25","2.3","0.005","-0.07","71.5","74.7","73.4","60.2","59.7","60.0","1.00","0.70","0.83","0","0","4"
"09/01/2016","12:44:00","18234","37","2.3","0.003","-0.07","67.4","69.7","68.7","60.1","59.7","59.9","0.70","0.80","0.71","4","0","8"
"09/01/2016","12:44:00","18384","49","2.3","0.003","0.16","70.8","69.7","70.3","60.2","59.7","59.9","0.50","1.00","0.76","2","0","8"
"09/01/2016","12:44:00","18533","32","3.4","0.010","-0.16","75.3","73.2","74.4","60.1","59.8","60.0","0.80","0.60","0.71","0","0","4"
"09/01/2016","12:44:00","18683","85","5.9","0.032","0.21","70.3","68.8","69.6","60.1","59.7","59.9","0.90","0.50","0.70","0","1","8"
"09/01/2016","12:44:00","18832","120","2.9","0.026","0.50","66.0","66.2","66.1","60.1","59.7","59.9","0.70","1.00","0.85","1","1","8"
"09/01/2016","12:44:00","18981","75","6.3","0.032","-0.17","71.7","67.9","70.2","60.1","59.7","59.9","0.40","0.40","0.39","1","0","8"
"09/01/2016","12:44:00","19131","64","6.4","0.008","0.04","74.5","69.3","72.6","60.1","59.7","59.9","0.40","0.40","0.38","2","0","8"
"09/01/2016","12:44:00","19280","52","6.9","0.010","0.07","67.8","66.2","67.0","60.1","59.7","59.9","0.20","0.60","0.39","2","0","8"
"09/01/2016","12:44:00","19430","60","8.3","0.012","-0.01","68.4","67.4","67.9","60.1","59.7","59.9","0.50","0.80","0.63","2","0","8"
"09/01/2016","12:49:00","1795","190","13.4","0.000","0.00","120.8","121.7","121.3","57.9","57.5","57.7","0.50","0.50","0.53","0","0","4"
"09/01/2016","12:49:00","1944","191","13.7","0.003","-0.03","120.4","122.5","121.5","57.7","57.4","57.6","0.50","0.60","0.55","0","0","4"
"09/01/2016","12:49:00","2093","191","13.6","0.001","0.01","125.2","125.9","125.6","57.5","57.1","57.3","0.50","0.50","0.53","0","0","4"
"09/01/2016","12:49:00","2243","192","13.4","0.002","0.02","126.3","127.0","126.7","57.8","57.3","57.6","0.50","0.60","0.54","0","0","4"
"09/01/2016","12:49:00","2392","194","13.8","0.004","-0.01","124.2","127.5","126.1","58.7","58.3","58.5","0.60","0.50","0.55","0","0","4"
"09/01/2016","12:49:00","2542","198","13.7","0.006","-0.01","127.4","128.9","128.2","59.3","58.9","59.1","0.60","0.50","0.57","0","0","4"
"09/01/2016","12:49:00","2691","200","13.9","0.004","-0.02","129.3","128.3","128.8","60.1","59.6","59.8","0.50","0.50","0.48","0","0","4"
"09/01/2016","12:49:00","2841","200","14.4","0.003","-0.01","126.7","127.6","127.2","60.2","59.8","60.0","0.50","0.50","0.49","0","0","4"
"09/01/2016","12:49:00","2990","205","13.7","0.009","0.00","124.1","124.4","124.3","60.2","59.8","60.0","0.70","0.50","0.57","0","0","4"
"09/01/2016","12:49:00","3140","207","13.3","0.004","0.03","126.7","127.0","126.8","60.2","59.8","60.0","0.50","0.40","0.45","0","0","4"
"09/01/2016","12:49:00","3289","208","13.3","0.002","0.03","125.2","125.6","125.4","60.2","59.7","60.0","0.50","0.40","0.47","0","0","4"
"09/01/2016","12:49:00","3439","212","13.9","0.007","0.01","126.7","127.1","126.9","60.1","59.7","59.9","0.50","0.50","0.51","0","0","4"
"09/01/2016","12:49:00","3588","211","15.0","0.007","0.03","128.5","126.3","127.5","60.2","59.8","60.0","0.40","0.50","0.47","0","0","4"
"09/01/2016","12:49:00","3737","212","15.5","0.004","0.04","124.7","124.2","124.5","60.2","59.8","60.0","0.50","0.50","0.50","0","0","4"
"09/01/2016","12:49:00","3887","212","15.2","0.002","0.04","121.1","122.4","121.8","60.1","59.7","59.9","0.60","0.50","0.53","0","0","4"
"09/01/2016","12:49:00","4036","213","15.0","0.002","0.05","120.5","121.1","120.8","60.1","59.6","59.9","0.60","0.50","0.54","0","0","4"
"09/01/2016","12:49:00","4186","215","15.1","0.002","0.03","116.4","116.4","116.4","60.1","59.6","59.9","0.60","0.50","0.55","0","0","4"
"09/01/2016","12:49:00","4335","218","15.6","0.007","0.08","114.2","114.4","114.3","60.1","59.7","59.9","0.60","0.50","0.58","0","0","4"
"09/01/2016","12:49:00","4485","218","15.5","0.000","0.04","115.8","115.4","115.6","60.2","59.7","59.9","0.60","0.40","0.55","0","0","4"
"09/01/2016","12:49:00","4634","218","15.2","0.002","0.01","117.0","118.0","117.5","60.2","59.8","60.0","0.60","0.40","0.50","0","0","4"
"09/01/2016","12:49:00","4784","219","15.2","0.002","-0.01","116.1","116.5","116.3","60.1","59.7","59.9","0.60","0.50","0.51","0","0","4"
"09/01/2016","12:49:00","4933","221","15.4","0.004","0.00","122.8","117.4","120.9","60.1","59.7","59.9","0.50","0.60","0.54","0","0","4"
"09/01/2016","12:49:00","5083","221","15.5","0.000","-0.01","125.7","123.2","124.6","60.2","59.7","59.9","0.50","0.50","0.46","0","0","4"
"09/01/2016","12:49:00","5232","221","15.5","0.000","0.03","118.6","117.5","118.1","60.1","59.7","59.9","0.50","0.50","0.52","0","0","4"
"09/01/2016","12:49:00","5381","222","14.4","0.007","0.09","114.2","115.2","114.7","60.1","59.7","59.9","0.50","0.70","0.60","0","0","4"
"09/01/2016","12:49:00","5531","223","13.4","0.007","0.10","119.1","119.4","119.3","60.1","59.7","59.9","0.60","0.70","0.61","0","0","4"
"09/01/2016","12:49:00","5680","225","12.5","0.007","0.17","119.1","119.3","119.2","60.1","59.7","59.9","0.50","0.70","0.60","0","0","4"
"09/01/2016","12:49:00","5830","227","12.2","0.004","0.11","111.3","111.4","111.4","60.1","59.7","59.9","0.60","0.90","0.74","0","0","4"
"09/01/2016","12:49:00","5979","227","10.8","0.009","0.13","106.3","105.5","105.9","60.1","59.7","59.9","0.70","1.20","0.97","0","0","4"
"09/01/2016","12:49:00","6129","230","8.8","0.014","0.14","109.1","105.7","107.7","60.2","59.7","59.9","0.60","1.10","0.82","0","0","4"
"09/01/2016","12:49:00","6278","227","7.8","0.007","0.09","108.6","108.1","108.3","60.1","59.7","59.9","0.70","0.90","0.77","0","0","4"
"09/01/2016","12:49:00","6428","227","9.0","0.009","0.08","107.4","107.0","107.2","60.1","59.7","59.9","0.80","1.10","0.91","0","0","4"
"09/01/2016","12:49:00","6577","227","9.0","0.000","0.13","106.4","107.8","107.2","60.1","59.7","59.9","0.80","1.00","0.93","0","0","4"
"09/01/2016","12:49:00","6726","230","8.4","0.005","0.10","104.6","107.9","106.6","60.1","59.7","59.9","0.90","0.90","0.89","0","0","4"
"09/01/2016","12:49:00","6876","231","7.5","0.006","0.06","104.8","106.4","105.7","60.1","59.7","59.9","0.80","0.80","0.79","0","0","4"
"09/01/2016","12:49:00","7025","230","6.9","0.005","0.15","105.0","107.6","106.5","60.0","59.8","59.9","0.60","0.60","0.62","0","0","4"
"09/01/2016","12:49:00","7175","227","6.8","0.003","0.20","106.9","107.3","107.1","60.0","59.7","59.9","0.50","0.50","0.49","0","0","4"
"09/01/2016","12:49:00","7324","227","7.0","0.002","0.22","101.5","102.2","101.9","60.0","59.6","59.8","0.50","0.50","0.52","0","0","4"
"09/01/2016","12:49:00","7474","237","7.3","0.009","0.14","102.1","101.3","101.8","60.0","59.7","59.8","0.70","0.60","0.64","0","0","4"
"09/01/2016","12:49:00","7623","249","7.6","0.011","0.06","104.7","100.4","103.1","60.1","59.6","59.8","1.00","0.60","0.77","0","0","4"
"09/01/2016","12:49:00","7773","255","8.3","0.007","-0.04","104.3","99.4","102.5","60.0","59.6","59.8","0.70","0.60","0.65","0","0","4"
"09/01/2016","12:49:00","7922","252","8.1","0.003","-0.04","106.2","102.9","104.9","60.0","59.6","59.8","0.80","0.80","0.80","0","0","4"
"09/01/2016","12:49:00","8072","237","8.4","0.015","0.09","103.7","105.6","104.7","60.0","59.6","59.8","1.10","0.80","0.92","0","0","4"
"09/01/2016","12:49:00","8221","226","9.0","0.011","0.12","98.7","103.3","101.6","60.0","59.6","59.8","1.00","0.70","0.82","0","0","4"
"09/01/2016","12:49:00","8370","224","8.5","0.004","0.12","95.5","99.7","98.1","60.0","59.6","59.8","0.70","0.70","0.71","0","0","4"
"09/01/2016","12:49:00","8520","224","7.6","0.006","0.05","99.6","98.6","99.1","60.0","59.6","59.8","0.50","0.50","0.51","0","0","4"
"09/01/2016","12:49:00","8669","225","7.8","0.001","-0.04","98.4","98.7","98.6","60.0","59.6","59.8","0.60","0.40","0.49","0","0","4"
"09/01/2016","12:49:00","8819","225","8.3","0.003","-0.09","95.1","97.1","96.2","60.0","59.6","59.8","0.50","0.30","0.41","0","0","4"
"09/01/2016","12:49:00","8968","225","8.8","0.004","-0.09","93.4","92.9","93.2","60.0","59.6","59.8","0.50","0.40","0.42","0","0","4"
"09/01/2016","12:49:00","9118","224","9.3","0.004","-0.10","88.3","88.8","88.5","60.0","59.6","59.8","0.50","0.50","0.49","0","0","4"
"09/01/2016","12:49:00","9267","219","10.5","0.010","-0.10","88.8","87.5","88.2","59.9","59.5","59.7","0.50","0.60","0.55","0","0","4"
"09/01/2016","12:49:00","9417","217","11.7","0.009","-0.11","88.7","87.6","88.2","60.0","59.6","59.8","0.50","0.60","0.56","0","0","4"
"09/01/2016","12:49:00","9566","216","12.2","0.003","-0.14","88.7","87.6","88.2","60.0","59.7","59.8","0.50","0.50","0.53","0","0","4"
"09/01/2016","12:49:00","9715","219","12.2","0.003","-0.01","88.3","88.7","88.5","60.0","59.7","59.8","0.60","0.50","0.52","0","0","4"
"09/01/2016","12:49:00","9865","219","12.0","0.002","-0.06","87.4","86.2","86.8","60.0","59.6","59.8","0.60","0.80","0.68","0","0","4"
"09/01/2016","12:49:00","10014","222","10.4","0.012","-0.16","89.7","88.3","89.0","60.0","59.6","59.8","0.60","0.80","0.71","0","0","4"
"09/01/2016","12:49:00","10164","226","9.3","0.008","-0.20","88.6","89.6","89.2","60.1","59.6","59.8","0.70","0.70","0.70","0","0","4"
"09/01/2016","12:49:00","10313","230","8.5","0.007","-0.10","83.8","85.4","84.7","60.0","59.6","59.8","0.60","0.70","0.67","0","0","4"
"09/01/2016","12:49:00","10463","233","7.5","0.007","-0.11","88.1","87.5","87.8","60.0","59.6","59.8","0.50","0.50","0.48","0","0","4"
"09/01/2016","12:49:00","10612","236","7.1","0.004","-0.07","88.0","86.1","87.1","60.0","59.6","59.8","0.60","0.80","0.66","0","0","4"
"09/01/2016","12:49:00","10762","244","6.3","0.008","-0.02","86.3","83.4","85.1","60.0","59.6","59.8","0.60","0.70","0.66","0","0","4"
"09/01/2016","12:49:00","10911","250","6.3","0.004","0.03","83.9","83.5","83.7","60.0","59.6","59.8","0.60","0.60","0.62","0","0","4"
"09/01/2016","12:49:00","11061","257","6.4","0.005","-0.04","81.3","81.2","81.2","60.0","59.6","59.8","0.60","0.60","0.57","0","0","4"
"09/01/2016","12:49:00","11210","265","7.1","0.008","-0.16","79.9","77.7","78.9","60.0","59.6","59.8","0.50","0.50","0.53","0","0","4"
"09/01/2016","12:49:00","11359","275","7.3","0.008","-0.17","78.4","77.5","78.0","60.0","59.6","59.8","0.60","0.50","0.57","0","0","4"
"09/01/2016","12:49:00","11509","287","8.4","0.013","-0.12","76.6","78.3","77.6","60.0","59.6","59.8","0.80","0.50","0.67","0","0","4"
"09/01/2016","12:49:00","11658","294","10.5","0.016","-0.09","81.3","81.5","81.4","60.1","59.6","59.8","0.70","0.70","0.74","0","0","4"
"09/01/2016","12:49:00","11808","294","12.4","0.013","-0.12","84.6","84.6","84.6","60.0","59.6","59.8","0.80","0.80","0.79","0","0","4"
"09/01/2016","12:49:00","11957","291","14.7","0.016","-0.09","86.2","84.7","85.5","60.0","59.6","59.8","0.80","0.80","0.81","0","0","4"
"09/01/2016","12:49:00","12107","290","16.5","0.013","-0.06","84.9","84.3","84.6","60.1","59.6","59.9","0.90","0.80","0.82","0","0","4"
"09/01/2016","12:49:00","12256","289","18.1","0.011","0.01","85.2","82.7","84.1","60.1","59.6","59.9","0.80","0.80","0.84","0","0","4"
"09/01/2016","12:49:00","12406","285","19.7","0.013","0.05","84.1","82.2","83.2","60.1","59.6","59.9","1.10","1.00","1.04","0","0","4"
"09/01/2016","12:49:00","12555","283","21.2","0.011","0.03","84.2","82.9","83.6","60.2","59.6","59.9","0.90","0.90","0.93","0","0","4"
"09/01/2016","12:49:00","12705","281","23.2","0.015","0.03","83.8","82.0","83.0","60.3","59.6","60.0","0.80","0.90","0.89","0","0","4"
"09/01/2016","12:49:00","12854","276","24.7","0.016","-0.10","83.1","81.1","82.2","60.3","59.6","60.0","0.90","1.00","0.93","0","0","4"
"09/01/2016","12:49:00","13003","276","25.7","0.007","-0.06","83.8","80.8","82.6","60.5","59.6","60.1","0.80","1.10","0.98","0","0","4"
"09/01/2016","12:49:00","13153","276","27.0","0.009","0.10","80.9","78.6","79.9","60.5","59.6","60.1","1.30","1.10","1.21","0","0","4"
"09/01/2016","12:49:00","13302","276","24.8","0.015","0.21","79.1","76.5","78.0","60.4","59.6","60.0","1.90","1.00","1.43","0","0","4"
"09/01/2016","12:49:00","13452","280","26.9","0.018","-0.38","78.5","74.5","76.9","60.4","59.6","60.0","1.70","1.20","1.46","0","0","4"
"09/01/2016","12:49:00","13601","282","28.0","0.010","-0.30","88.2","75.2","85.4","60.3","59.6","60.0","1.50","1.10","1.31","0","0","4"
"09/01/2016","12:49:00","13751","277","24.9","0.027","0.18","80.9","74.2","78.8","60.1","59.6","59.9","1.90","1.10","1.47","0","0","4"
"09/01/2016","12:49:00","13900","280","25.5","0.012","-0.13","72.7","73.0","72.8","60.2","59.7","59.9","1.10","1.00","1.07","0","0","4"
"09/01/2016","12:49:00","14050","283","26.1","0.010","0.03","77.0","72.2","75.2","60.2","59.6","59.9","2.10","1.00","1.54","0","0","4"
"09/01/2016","12:49:00","14199","281","23.0","0.022","0.02","78.1","73.7","76.5","60.2","59.7","60.0","1.50","1.10","1.33","0","0","4"
"09/01/2016","12:49:00","14348","282","22.2","0.006","0.08","80.6","77.8","79.4","60.2","59.7","59.9","1.20","1.30","1.23","0","0","4"
"09/01/2016","12:49:00","14498","284","21.3","0.009","0.24","82.2","76.6","80.2","60.2","59.7","60.0","0.90","1.40","1.18","0","0","4"
"09/01/2016","12:49:00","14647","293","22.0","0.022","0.35","79.4","76.6","78.2","60.1","59.7","59.9","1.20","1.50","1.37","0","0","4"
"09/01/2016","12:49:00","14797","299","21.7","0.015","0.11","79.0","82.0","80.8","60.1","59.7","59.9","1.10","1.80","1.46","0","0","4"
"09/01/2016","12:49:00","14946","305","22.4","0.017","-0.06","83.2","88.0","86.3","60.1","59.7","59.9","1.50","1.50","1.50","0","0","4"
"09/01/2016","12:49:00","15096","309","20.7","0.015","0.10","86.2","88.8","87.7","60.2","59.7","59.9","1.80","1.70","1.77","0","0","4"
"09/01/2016","12:49:00","15245","318","18.2","0.026","-0.09","84.7","86.6","85.8","60.1","59.7","59.9","1.90","1.50","1.74","0","0","4"
"09/01/2016","12:49:00","15395","324","14.4","0.028","-0.03","84.4","86.3","85.4","60.2","59.8","60.0","1.50","1.40","1.46","0","0","4"
"09/01/2016","12:49:00","15544","334","11.6","0.023","-0.01","83.1","85.0","84.1","60.1","59.7","59.9","1.60","1.20","1.36","0","0","4"
"09/01/2016","12:49:00","15694","353","7.7","0.033","-0.01","81.9","83.0","82.5","60.0","59.8","59.9","1.60","1.00","1.32","0","0","4"
"09/01/2016","12:49:00","15843","8","4.2","0.026","0.07","80.8","80.2","80.5","60.0","59.7","59.9","1.10","1.20","1.13","0","0","4"
"09/01/2016","12:49:00","15992","8","1.7","0.017","0.02","78.9","78.4","78.6","60.0","59.8","59.9","1.20","0.80","0.97","0","0","4"
"09/01/2016","12:49:00","16142","333","4.2","0.020","0.09","76.3","79.4","78.1","60.1","59.8","59.9","1.00","0.70","0.87","0","0","4"
"09/01/2016","12:49:00","16291","333","4.9","0.005","-0.01","76.1","75.7","75.9","60.1","59.8","59.9","0.80","0.80","0.83","0","0","4"
"09/01/2016","12:49:00","16441","273","1.1","0.030","-0.01","74.3","74.8","74.6","60.0","59.7","59.9","1.60","0.80","1.18","0","0","4"
"09/01/2016","12:49:00","16590","182","2.0","0.016","0.02","76.7","77.7","77.2","60.0","59.8","59.9","0.80","0.60","0.68","0","0","4"
"09/01/2016","12:49:00","16740","191","2.9","0.006","-0.01","76.3","73.5","75.1","60.1","59.7","59.9","0.80","0.60","0.75","0","0","4"
"09/01/2016","12:49:00","16889","206","3.1","0.005","0.00","74.8","70.7","73.2","60.0","59.7","59.9","1.50","0.50","0.95","0","0","4"
"09/01/2016","12:49:00","17039","305","2.8","0.030","0.04","73.2","71.8","72.5","60.0","59.7","59.9","1.00","0.70","0.87","0","0","4"
"09/01/2016","12:49:00","17188","314","5.6","0.019","-0.18","73.0","76.1","74.8","60.1","59.7","59.9","1.40","0.50","0.95","0","0","4"
"09/01/2016","12:49:00","17338","312","0.3","0.035","0.12","73.9","74.2","74.0","60.1","59.7","59.9","0.80","0.50","0.65","0","0","4"
"09/01/2016","12:49:00","17487","293","3.1","0.019","-0.24","73.8","70.6","72.5","60.1","59.7","59.9","1.40","0.60","1.02","1","0","8"
"09/01/2016","12:49:00","17636","246","1.3","0.016","-0.01","69.7","70.0","69.8","60.1","59.7","59.9","0.80","0.70","0.74","0","0","4"
"09/01/2016","12:49:00","17786","51","1.2","0.017","0.20","71.1","70.0","70.6","60.1","59.7","59.9","1.00","0.70","0.86","0","1","8"
"09/01/2016","12:49:00","17935","11","2.6","0.012","-0.11","70.4","72.1","71.3","60.1","59.7","59.9","0.40","0.60","0.54","1","0","8"
"09/01/2016","12:49:00","18085","44","2.0","0.010","0.10","71.3","71.3","71.3","60.1","59.7","59.9","1.00","0.70","0.85","0","0","4"
"09/01/2016","12:49:00","18234","28","2.1","0.004","-0.03","67.5","69.2","68.4","60.1","59.7","59.9","0.70","0.70","0.68","5","0","4"
"09/01/2016","12:49:00","18384","47","2.3","0.005","0.17","69.7","69.5","69.6","60.0","59.6","59.8","0.30","1.00","0.64","3","0","8"
"09/01/2016","12:49:00","18533","53","3.5","0.008","0.14","74.3","69.6","72.6","60.0","59.7","59.9","1.40","0.50","0.98","0","0","4"
"09/01/2016","12:49:00","18683","93","6.4","0.029","0.04","66.5","68.5","67.6","60.0","59.7","59.8","0.30","0.50","0.40","1","2","8"
"09/01/2016","12:49:00","18832","93","3.8","0.018","0.27","64.4","65.5","65.0","60.0","59.7","59.8","0.30","0.90","0.59","2","2","8"
"09/01/2016","12:49:00","18981","78","6.3","0.019","-0.19","69.3","69.6","69.5","60.0","59.7","59.8","0.40","0.50","0.47","2","0","8"
"09/01/2016","12:49:00","19131","67","6.8","0.009","0.06","69.1","71.3","70.3","60.0","59.7","59.8","0.30","0.50","0.38","3","0","8"
"09/01/2016","12:49:00","19280","56","6.8","0.009","0.05","66.7","70.1","68.7","60.0","59.6","59.8","0.30","0.80","0.54","3","0","8"
"09/01/2016","12:49:00","19430","63","9.4","0.018","-0.30","66.2","70.8","69.1","60.0","59.7","59.9","0.70","1.20","0.93","1","0","8"
"09/01/2016","12:54:00","1795","191","13.5","0.000","-0.04","120.8","121.6","121.2","57.7","57.5","57.6","0.50","0.50","0.51","0","0","4"
"09/01/2016","12:54:00","1944","192","13.9","0.004","-0.05","120.2","122.9","121.7","57.6","57.4","57.5","0.50","0.50","0.50","0","0","4"
"09/01/2016","12:54:00","2093","191","13.7","0.002","-0.03","124.7","125.5","125.1","57.3","57.2","57.3","0.50","0.50","0.54","0","0","4"
"09/01/2016","12:54:00","2243","192","13.6","0.002","-0.03","126.6","127.3","127.0","57.7","57.4","57.6","0.50","0.50","0.52","0","0","4"
"09/01/2016","12:54:00","2392","194","14.0","0.004","-0.03","123.6","126.2","125.1","58.6","58.3","58.4","0.60","0.60","0.60","0","0","4"
"09/01/2016","12:54:00","2542","196","13.9","0.004","0.00","128.4","129.4","128.9","59.2","58.9","59.1","0.50","0.50","0.47","0","0","4"
"09/01/2016","12:54:00","2691","199","14.5","0.006","-0.02","129.0","127.7","128.4","60.0","59.6","59.8","0.50","0.60","0.54","0","0","4"
"09/01/2016","12:54:00","2841","200","14.7","0.002","-0.06","126.5","126.1","126.3","60.1","59.7","59.9","0.50","0.60","0.54","0","0","4"
"09/01/2016","12:54:00","2990","204","13.8","0.010","-0.04","124.3","124.2","124.2","60.1","59.8","59.9","0.80","0.50","0.65","0","0","4"
"09/01/2016","12:54:00","3140","208","13.3","0.007","-0.03","128.0","127.3","127.7","60.1","59.8","60.0","0.50","0.40","0.44","0","0","4"
"09/01/2016","12:54:00","3289","210","13.3","0.002","-0.04","126.3","125.9","126.1","60.1","59.8","60.0","0.50","0.40","0.44","0","0","4"
"09/01/2016","12:54:00","3439","212","13.7","0.005","-0.02","127.9","127.3","127.6","60.1","59.7","59.9","0.50","0.50","0.48","0","0","4"
"09/01/2016","12:54:00","3588","211","14.9","0.008","0.02","127.4","125.2","126.5","60.1","59.8","60.0","0.50","0.50","0.52","0","0","4"
"09/01/2016","12:54:00","3737","212","15.4","0.004","0.03","124.0","123.4","123.7","60.1","59.7","59.9","0.50","0.50","0.50","0","0","4"
"09/01/2016","12:54:00","3887","211","15.4","0.001","0.05","122.2","121.1","121.7","60.0","59.8","59.9","0.40","0.50","0.46","0","0","4"
"09/01/2016","12:54:00","4036","212","15.3","0.002","0.05","121.5","119.5","120.6","60.0","59.7","59.9","0.60","0.50","0.51","0","0","4"
"09/01/2016","12:54:00","4186","214","15.6","0.004","0.06","116.4","114.5","115.5","60.0","59.7","59.8","0.60","0.50","0.55","0","0","4"
"09/01/2016","12:54:00","4335","218","16.0","0.007","0.07","115.3","113.9","114.7","60.0","59.7","59.9","0.60","0.50","0.57","0","0","4"
"09/01/2016","12:54:00","4485","218","15.6","0.003","0.06","116.0","114.5","115.3","60.1","59.7","59.9","0.60","0.50","0.56","0","0","4"
"09/01/2016","12:54:00","4634","218","15.1","0.004","0.00","118.7","115.8","117.5","60.1","59.8","59.9","0.50","0.50","0.52","0","0","4"
"09/01/2016","12:54:00","4784","219","15.0","0.001","0.03","116.5","112.9","115.1","60.0","59.7","59.8","0.50","0.50","0.53","0","0","4"
"09/01/2016","12:54:00","4933","220","15.2","0.003","0.05","121.0","115.3","119.1","60.0","59.7","59.9","0.50","0.50","0.52","0","0","4"
"09/01/2016","12:54:00","5083","222","15.3","0.003","0.04","123.2","121.7","122.5","60.1","59.8","59.9","0.50","0.50","0.47","0","0","4"
"09/01/2016","12:54:00","5232","222","15.4","0.001","0.06","119.0","118.0","118.5","60.1","59.7","59.9","0.50","0.50","0.48","0","0","4"
"09/01/2016","12:54:00","5381","221","14.8","0.004","0.08","113.9","113.4","113.6","60.1","59.7","59.9","0.50","0.60","0.55","0","0","4"
"09/01/2016","12:54:00","5531","221","13.5","0.009","0.07","119.5","118.6","119.0","60.0","59.7","59.9","0.50","0.60","0.55","0","0","4"
"09/01/2016","12:54:00","5680","222","12.8","0.005","0.09","115.6","119.9","118.3","60.0","59.7","59.9","0.50","0.60","0.58","0","0","4"
"09/01/2016","12:54:00","5830","224","12.5","0.004","0.13","110.3","112.6","111.6","60.0","59.8","59.9","0.60","0.80","0.71","0","0","4"
"09/01/2016","12:54:00","5979","227","11.2","0.009","0.13","107.1","105.6","106.4","60.0","59.8","59.9","0.70","1.20","0.93","0","0","4"
"09/01/2016","12:54:00","6129","228","9.3","0.013","0.12","109.2","105.1","107.7","60.0","59.8","59.9","0.60","1.20","0.89","0","0","4"
"09/01/2016","12:54:00","6278","229","7.6","0.012","0.11","107.5","105.5","106.6","60.0","59.7","59.9","0.70","0.70","0.66","0","0","4"
"09/01/2016","12:54:00","6428","227","8.3","0.005","0.18","107.9","106.2","107.1","60.0","59.7","59.9","0.60","0.80","0.71","0","0","4"
"09/01/2016","12:54:00","6577","228","8.7","0.003","0.20","106.7","108.1","107.4","60.0","59.7","59.9","0.70","0.90","0.79","0","0","4"
"09/01/2016","12:54:00","6726","230","8.1","0.005","0.07","104.4","108.1","106.6","60.0","59.8","59.9","0.80","0.90","0.82","0","0","4"
"09/01/2016","12:54:00","6876","233","7.6","0.004","0.05","103.6","106.4","105.2","60.0","59.7","59.9","0.80","0.90","0.81","0","0","4"
"09/01/2016","12:54:00","7025","228","6.6","0.008","0.15","103.1","106.7","105.3","60.0","59.8","59.9","0.60","0.80","0.69","0","0","4"
"09/01/2016","12:54:00","7175","226","6.3","0.002","0.21","105.2","108.5","107.1","60.0","59.7","59.8","0.50","0.40","0.48","0","0","4"
"09/01/2016","12:54:00","7324","228","6.7","0.003","0.15","100.9","104.8","103.3","60.0","59.7","59.8","0.50","0.50","0.51","0","0","4"
"09/01/2016","12:54:00","7474","237","6.8","0.008","0.08","103.2","101.7","102.5","60.0","59.7","59.9","0.70","0.50","0.59","0","0","4"
"09/01/2016","12:54:00","7623","250","7.3","0.011","0.11","104.1","100.6","102.7","60.1","59.6","59.9","0.90","0.50","0.68","0","0","4"
"09/01/2016","12:54:00","7773","257","8.2","0.008","0.00","102.4","98.4","100.9","59.9","59.6","59.8","0.70","0.50","0.62","0","0","4"
"09/01/2016","12:54:00","7922","251","7.7","0.007","-0.11","103.6","101.4","102.6","59.9","59.7","59.8","0.90","0.60","0.75","0","0","4"
"09/01/2016","12:54:00","8072","239","7.3","0.011","-0.02","103.0","103.5","103.2","60.0","59.6","59.8","1.00","0.60","0.78","0","0","4"
"09/01/2016","12:54:00","8221","224","7.9","0.013","0.06","98.1","99.9","99.1","59.9","59.6","59.8","0.90","0.60","0.74","0","0","4"
"09/01/2016","12:54:00","8370","221","7.6","0.003","0.02","96.5","96.7","96.6","60.0","59.6","59.8","0.50","0.50","0.51","0","0","4"
"09/01/2016","12:54:00","8520","220","7.3","0.002","-0.03","98.4","95.4","97.2","59.9","59.6","59.8","0.50","0.40","0.43","0","0","4"
"09/01/2016","12:54:00","8669","219","7.9","0.004","-0.08","98.4","98.2","98.3","59.9","59.6","59.8","0.50","0.30","0.40","0","0","4"
"09/01/2016","12:54:00","8819","222","8.4","0.005","-0.12","93.8","95.7","94.8","59.9","59.6","59.8","0.50","0.40","0.43","0","0","4"
"09/01/2016","12:54:00","8968","225","8.8","0.003","-0.10","91.7","91.5","91.6","59.9","59.6","59.8","0.50","0.40","0.43","0","0","4"
"09/01/2016","12:54:00","9118","223","9.3","0.004","-0.10","90.4","88.8","89.6","59.9","59.6","59.8","0.50","0.50","0.50","0","0","4"
"09/01/2016","12:54:00","9267","219","10.8","0.011","-0.07","88.5","88.6","88.6","59.9","59.6","59.7","0.60","0.50","0.54","0","0","4"
"09/01/2016","12:54:00","9417","216","11.7","0.008","-0.08","89.0","87.1","88.2","59.9","59.6","59.8","0.50","0.50","0.48","0","0","4"
"09/01/2016","12:54:00","9566","216","12.3","0.004","-0.13","87.6","86.4","87.0","59.9","59.6","59.8","0.50","0.50","0.53","0","0","4"
"09/01/2016","12:54:00","9715","216","12.0","0.002","-0.07","87.2","86.1","86.7","59.9","59.7","59.8","0.60","0.50","0.53","0","0","4"
"09/01/2016","12:54:00","9865","219","11.7","0.004","-0.11","87.0","86.0","86.5","60.0","59.6","59.8","0.60","0.50","0.57","0","0","4"
"09/01/2016","12:54:00","10014","223","10.5","0.009","-0.14","88.7","89.8","89.3","59.9","59.6","59.8","0.70","0.70","0.72","0","0","4"
"09/01/2016","12:54:00","10164","228","9.7","0.008","-0.11","88.6","88.5","88.6","60.0","59.6","59.8","0.70","0.70","0.69","0","0","4"
"09/01/2016","12:54:00","10313","232","8.5","0.009","-0.02","86.4","84.7","85.6","59.9","59.6","59.8","0.60","0.80","0.69","0","0","4"
"09/01/2016","12:54:00","10463","234","7.5","0.007","-0.04","89.1","87.3","88.3","60.0","59.6","59.8","0.40","0.70","0.55","0","0","4"
"09/01/2016","12:54:00","10612","237","6.7","0.006","-0.06","88.4","85.3","87.1","59.9","59.6","59.8","0.50","0.80","0.66","0","0","4"
"09/01/2016","12:54:00","10762","243","6.2","0.006","-0.06","86.0","82.0","84.5","59.9","59.6","59.8","0.60","0.60","0.63","0","0","4"
"09/01/2016","12:54:00","10911","253","6.4","0.008","-0.07","83.7","82.0","83.0","59.9","59.6","59.8","0.60","0.50","0.54","0","0","4"
"09/01/2016","12:54:00","11061","259","6.5","0.004","-0.13","81.3","80.7","81.0","60.0","59.7","59.8","0.50","0.40","0.47","0","0","4"
"09/01/2016","12:54:00","11210","267","7.2","0.008","-0.17","77.5","78.5","78.0","59.9","59.6","59.8","0.50","0.50","0.50","0","0","4"
"09/01/2016","12:54:00","11359","278","7.3","0.010","-0.15","77.4","77.3","77.3","60.0","59.6","59.8","0.60","0.60","0.61","0","0","4"
"09/01/2016","12:54:00","11509","290","8.8","0.015","-0.12","78.7","78.8","78.8","60.0","59.6","59.8","0.60","0.60","0.61","0","0","4"
"09/01/2016","12:54:00","11658","294","10.8","0.014","-0.06","83.2","82.7","83.0","60.0","59.6","59.8","0.70","0.80","0.74","0","0","4"
"09/01/2016","12:54:00","11808","294","12.7","0.013","-0.07","85.0","85.1","85.0","60.0","59.6","59.8","0.80","0.70","0.76","0","0","4"
"09/01/2016","12:54:00","11957","290","14.9","0.016","-0.07","86.1","84.6","85.4","59.9","59.6","59.8","0.80","0.90","0.83","0","0","4"
"09/01/2016","12:54:00","12107","290","17.0","0.014","-0.03","84.3","84.5","84.4","60.0","59.6","59.8","0.90","0.80","0.83","0","0","4"
"09/01/2016","12:54:00","12256","289","18.8","0.012","-0.10","84.9","83.0","84.1","60.1","59.6","59.9","0.80","0.80","0.82","0","0","4"
"09/01/2016","12:54:00","12406","285","20.8","0.016","-0.04","85.5","82.5","84.3","60.1","59.7","59.9","1.00","1.00","1.00","0","0","4"
"09/01/2016","12:54:00","12555","283","22.5","0.013","-0.11","87.3","83.0","85.7","60.1","59.6","59.9","1.00","1.00","0.98","0","0","4"
"09/01/2016","12:54:00","12705","279","24.8","0.019","-0.18","86.5","81.8","84.7","60.2","59.6","59.9","0.80","1.20","0.99","0","0","4"
"09/01/2016","12:54:00","12854","276","26.6","0.015","-0.05","83.1","80.8","82.1","60.2","59.7","59.9","0.80","1.20","1.02","0","0","4"
"09/01/2016","12:54:00","13003","275","27.1","0.005","-0.11","82.0","82.1","82.0","60.3","59.6","60.0","0.80","1.00","0.92","0","0","4"
"09/01/2016","12:54:00","13153","275","27.9","0.006","0.00","81.2","77.9","79.9","60.4","59.6","60.0","1.20","1.00","1.08","0","0","4"
"09/01/2016","12:54:00","13302","277","27.4","0.009","-0.10","77.8","77.5","77.6","60.3","59.6","60.0","1.50","1.10","1.29","0","0","4"
"09/01/2016","12:54:00","13452","276","25.8","0.011","-0.12","74.8","76.1","75.5","60.3","59.6","59.9","1.00","1.40","1.19","0","0","4"
"09/01/2016","12:54:00","13601","281","27.3","0.019","-0.45","88.2","77.8","85.6","60.3","59.7","60.0","1.60","1.20","1.39","0","0","4"
"09/01/2016","12:54:00","13751","281","27.0","0.002","-0.21","81.1","74.8","79.0","60.1","59.6","59.9","1.40","0.90","1.14","1","0","2"
"09/01/2016","12:54:00","13900","281","25.5","0.010","-0.18","74.0","72.4","73.3","60.1","59.6","59.9","1.20","1.10","1.12","0","0","4"
"09/01/2016","12:54:00","14050","284","25.6","0.009","0.25","74.2","73.3","73.8","60.1","59.6","59.9","0.90","1.30","1.12","0","0","4"
"09/01/2016","12:54:00","14199","286","22.4","0.022","0.30","76.9","71.9","75.1","60.1","59.6","59.9","1.40","0.90","1.18","0","0","4"
"09/01/2016","12:54:00","14348","282","22.2","0.009","0.06","80.3","76.5","78.8","60.1","59.6","59.8","1.20","1.40","1.33","0","0","4"
"09/01/2016","12:54:00","14498","283","22.1","0.002","0.16","82.5","76.2","80.4","60.1","59.6","59.9","1.00","1.20","1.08","0","0","4"
"09/01/2016","12:54:00","14647","289","22.7","0.017","0.14","79.9","74.8","78.1","60.0","59.7","59.9","1.30","1.10","1.21","0","0","4"
"09/01/2016","12:54:00","14797","298","22.6","0.024","-0.08","77.0","80.9","79.4","60.0","59.6","59.8","1.10","1.90","1.47","0","0","4"
"09/01/2016","12:54:00","14946","304","22.6","0.015","-0.17","83.2","87.5","85.8","60.1","59.6","59.9","1.40","1.60","1.47","0","0","4"
"09/01/2016","12:54:00","15096","308","20.7","0.016","-0.07","85.9","88.0","87.1","60.1","59.7","59.9","1.50","1.70","1.60","0","0","4"
"09/01/2016","12:54:00","15245","315","18.2","0.023","-0.11","84.4","86.6","85.6","60.0","59.7","59.9","1.70","1.50","1.59","0","0","4"
"09/01/2016","12:54:00","15395","326","13.7","0.036","-0.15","83.9","85.4","84.7","60.1","59.7","59.9","1.40","1.10","1.24","0","0","4"
"09/01/2016","12:54:00","15544","333","11.5","0.018","-0.04","82.9","83.1","83.0","60.0","59.7","59.8","1.50","1.10","1.31","0","0","4"
"09/01/2016","12:54:00","15694","352","7.4","0.034","0.01","80.9","80.6","80.8","60.0","59.7","59.8","1.60","1.00","1.31","0","0","4"
"09/01/2016","12:54:00","15843","11","4.7","0.022","0.06","80.7","78.6","79.8","60.0","59.7","59.8","1.40","1.10","1.27","0","0","4"
"09/01/2016","12:54:00","15992","355","3.0","0.013","0.20","78.8","77.4","78.2","59.9","59.7","59.8","0.90","1.10","1.00","0","0","4"
"09/01/2016","12:54:00","16142","338","3.6","0.008","0.12","75.6","77.9","76.9","60.0","59.7","59.8","0.90","0.70","0.80","0","0","4"
"09/01/2016","12:54:00","16291","332","5.0","0.010","-0.01","74.4","75.4","74.9","59.9","59.7","59.8","0.70","0.90","0.77","0","0","4"
"09/01/2016","12:54:00","16441","173","0.8","0.039","0.21","74.1","72.7","73.5","60.0","59.6","59.8","0.90","0.90","0.91","0","0","4"
"09/01/2016","12:54:00","16590","177","2.1","0.008","0.06","77.8","77.5","77.7","59.9","59.7","59.8","0.60","0.80","0.70","0","0","4"
"09/01/2016","12:54:00","16740","185","2.7","0.004","-0.04","74.5","75.0","74.7","59.9","59.7","59.8","0.70","0.80","0.71","0","0","4"
"09/01/2016","12:54:00","16889","227","2.7","0.013","-0.01","72.5","71.5","72.0","59.9","59.7","59.8","1.40","0.90","1.13","0","0","4"
"09/01/2016","12:54:00","17039","292","1.6","0.017","0.10","70.7","70.6","70.7","59.9","59.6","59.8","1.20","0.90","1.06","0","0","4"
"09/01/2016","12:54:00","17188","306","2.0","0.004","-0.02","71.5","73.6","72.7","59.9","59.6","59.8","0.80","0.70","0.73","0","0","4"
"09/01/2016","12:54:00","17338","324","0.4","0.011","0.14","72.5","72.1","72.3","60.0","59.6","59.8","0.60","0.60","0.60","0","0","4"
"09/01/2016","12:54:00","17487","249","0.7","0.005","0.06","72.8","68.8","71.3","60.0","59.6","59.8","0.60","0.50","0.58","0","0","4"
"09/01/2016","12:54:00","17636","236","0.9","0.002","-0.05","67.6","69.5","68.7","60.0","59.7","59.8","0.70","0.70","0.72","0","0","4"
"09/01/2016","12:54:00","17786","61","1.1","0.013","0.29","70.4","69.1","69.8","60.0","59.7","59.9","0.90","0.70","0.80","0","0","4"
"09/01/2016","12:54:00","17935","49","2.5","0.009","0.08","70.9","71.6","71.3","60.0","59.6","59.8","1.10","0.60","0.84","0","0","4"
"09/01/2016","12:54:00","18085","54","2.3","0.002","0.16","72.2","70.2","71.3","59.9","59.7","59.8","0.90","0.60","0.73","0","0","4"
"09/01/2016","12:54:00","18234","80","1.7","0.007","0.02","68.1","67.6","67.8","59.9","59.6","59.8","0.40","0.70","0.56","0","0","4"
"09/01/2016","12:54:00","18384","51","2.2","0.007","0.18","68.4","66.4","67.5","59.9","59.6","59.7","0.60","1.20","0.90","4","0","8"
"09/01/2016","12:54:00","18533","50","3.6","0.010","0.22","72.6","68.3","71.0","59.9","59.6","59.8","0.90","0.40","0.66","0","0","4"
"09/01/2016","12:54:00","18683","91","6.4","0.029","0.15","68.3","68.4","68.4","59.9","59.7","59.8","0.60","0.70","0.64","0","0","4"
"09/01/2016","12:54:00","18832","91","5.1","0.009","0.35","66.2","66.5","66.4","59.9","59.6","59.8","0.80","0.30","0.54","0","1","8"
"09/01/2016","12:54:00","18981","75","6.2","0.013","-0.29","68.2","68.5","68.3","60.0","59.7","59.8","1.00","0.30","0.66","0","1","8"
"09/01/2016","12:54:00","19131","73","7.0","0.006","0.17","64.6","71.9","69.6","59.9","59.7","59.8","0.60","0.50","0.55","4","0","8"
"09/01/2016","12:54:00","19280","79","7.3","0.005","-0.41","66.9","70.0","68.7","59.9","59.7","59.8","0.60","0.90","0.73","1","0","8"
"09/01/2016","12:54:00","19430","63","8.8","0.017","-0.36","66.9","67.5","67.2","59.9","59.7","59.8","0.50","0.60","0.56","2","1","8"
"09/01/2016","12:59:00","1795","190","13.5","0.000","-0.06","120.8","121.3","121.1","57.7","57.6","57.6","0.50","0.50","0.49","0","0","4"
"09/01/2016","12:59:00","1944","191","14.1","0.004","-0.02","120.4","121.6","121.0","57.6","57.5","57.5","0.50","0.50","0.52","0","0","4"
"09/01/2016","12:59:00","2093","191","13.7","0.002","-0.08","124.1","124.7","124.4","57.2","57.1","57.2","0.50","0.50","0.50","0","0","4"
"09/01/2016","12:59:00","2243","191","13.8","0.001","-0.05","126.3","127.2","126.7","57.6","57.5","57.6","0.50","0.50","0.50","0","0","4"
"09/01/2016","12:59:00","2392","194","14.2","0.005","-0.05","123.5","125.2","124.4","58.5","58.3","58.4","0.50","0.60","0.56","0","0","4"
"09/01/2016","12:59:00","2542","195","14.3","0.002","-0.05","126.1","126.9","126.5","59.2","59.0","59.1","0.70","0.50","0.59","0","0","4"
"09/01/2016","12:59:00","2691","198","15.1","0.007","-0.09","126.8","126.4","126.6","59.9","59.7","59.8","0.50","0.50","0.52","0","0","4"
"09/01/2016","12:59:00","2841","199","15.2","0.002","-0.09","125.5","125.2","125.3","60.1","59.8","59.9","0.60","0.60","0.58","0","0","4"
"09/01/2016","12:59:00","2990","205","14.0","0.013","-0.11","123.7","125.0","124.4","60.0","59.7","59.9","0.70","0.50","0.59","0","0","4"
"09/01/2016","12:59:00","3140","208","13.7","0.005","-0.12","128.1","128.4","128.2","60.1","59.9","60.0","0.50","0.40","0.44","0","0","4"
"09/01/2016","12:59:00","3289","208","13.8","0.001","-0.14","126.0","125.6","125.9","60.0","59.8","59.9","0.40","0.40","0.43","0","0","4"
"09/01/2016","12:59:00","3439","209","14.0","0.002","-0.13","127.5","125.7","126.7","60.0","59.8","59.9","0.50","0.50","0.47","0","0","4"
"09/01/2016","12:59:00","3588","209","15.2","0.008","-0.05","126.0","123.3","124.9","60.0","59.8","59.9","0.60","0.50","0.57","0","0","4"
"09/01/2016","12:59:00","3737","211","15.6","0.004","-0.02","123.1","122.2","122.7","60.1","59.7","59.9","0.60","0.50","0.54","0","0","4"
"09/01/2016","12:59:00","3887","212","15.9","0.003","-0.03","121.7","120.5","121.1","60.0","59.8","59.9","0.50","0.50","0.52","0","0","4"
"09/01/2016","12:59:00","4036","212","15.7","0.001","-0.03","120.2","118.5","119.4","60.0","59.7","59.8","0.50","0.50","0.51","0","0","4"
"09/01/2016","12:59:00","4186","214","15.7","0.004","-0.02","115.1","113.8","114.5","60.0","59.7","59.8","0.70","0.50","0.57","0","0","4"
"09/01/2016","12:59:00","4335","217","16.1","0.007","0.03","114.2","113.5","113.9","60.0","59.7","59.8","0.70","0.50","0.61","0","0","4"
"09/01/2016","12:59:00","4485","218","15.5","0.004","0.02","116.4","114.0","115.4","60.0","59.7","59.9","0.60","0.50","0.58","0","0","4"
"09/01/2016","12:59:00","4634","218","15.0","0.004","-0.02","118.3","117.9","118.1","60.1","59.7","59.9","0.50","0.50","0.48","0","0","4"
"09/01/2016","12:59:00","4784","218","14.9","0.001","0.02","116.7","115.2","116.0","60.0","59.7","59.8","0.50","0.50","0.49","0","0","4"
"09/01/2016","12:59:00","4933","219","15.1","0.002","-0.02","118.4","114.7","117.0","60.0","59.7","59.9","0.50","0.50","0.52","0","0","4"
"09/01/2016","12:59:00","5083","221","15.2","0.004","0.03","119.7","121.7","120.8","60.1","59.8","59.9","0.60","0.50","0.52","0","0","4"
"09/01/2016","12:59:00","5232","223","15.4","0.003","0.08","117.0","117.9","117.5","60.0","59.8","59.9","0.60","0.50","0.56","0","0","4"
"09/01/2016","12:59:00","5381","222","14.8","0.004","0.08","112.8","112.8","112.8","60.0","59.7","59.9","0.60","0.60","0.57","0","0","4"
"09/01/2016","12:59:00","5531","222","13.8","0.007","0.11","118.6","118.1","118.4","59.9","59.7","59.8","0.50","0.60","0.56","0","0","4"
"09/01/2016","12:59:00","5680","221","12.9","0.006","0.07","115.0","120.0","118.2","60.0","59.7","59.8","0.50","0.50","0.52","0","0","4"
"09/01/2016","12:59:00","5830","223","12.3","0.005","0.11","110.0","114.7","112.9","59.9","59.8","59.9","0.70","0.60","0.63","0","0","4"
"09/01/2016","12:59:00","5979","226","11.3","0.008","0.13","106.8","107.1","107.0","60.0","59.8","59.9","0.60","1.00","0.84","0","0","4"
"09/01/2016","12:59:00","6129","229","9.0","0.016","0.03","106.0","106.3","106.1","60.0","59.9","59.9","0.60","1.20","0.89","0","0","4"
"09/01/2016","12:59:00","6278","229","7.3","0.011","0.01","105.3","106.3","105.8","60.0","60.0","60.0","0.60","0.70","0.64","0","0","4"
"09/01/2016","12:59:00","6428","230","6.9","0.003","0.03","107.2","107.9","107.6","60.0","60.0","60.0","0.50","0.60","0.51","0","0","4"
"09/01/2016","12:59:00","6577","227","7.1","0.003","-0.03","106.8","109.4","108.3","60.0","59.9","59.9","0.70","0.60","0.64","0","0","4"
"09/01/2016","12:59:00","6726","231","7.5","0.004","-0.08","106.2","107.7","107.0","60.0","60.0","60.0","0.70","0.70","0.74","0","0","4"
"09/01/2016","12:59:00","6876","235","7.9","0.004","-0.03","103.4","106.9","105.5","59.9","60.0","59.9","0.70","0.90","0.83","0","0","4"
"09/01/2016","12:59:00","7025","228","6.7","0.009","0.04","104.0","108.5","106.8","59.9","59.9","59.9","0.80","0.90","0.85","0","0","4"
"09/01/2016","12:59:00","7175","223","6.2","0.005","0.12","108.1","110.6","109.5","59.9","59.8","59.9","0.60","0.60","0.56","0","0","4"
"09/01/2016","12:59:00","7324","226","6.4","0.003","0.11","104.5","105.2","104.8","59.9","59.8","59.9","0.60","0.50","0.56","0","0","4"
"09/01/2016","12:59:00","7474","236","6.5","0.007","0.01","103.0","103.0","103.0","60.0","59.8","59.9","0.60","0.40","0.53","0","0","4"
"09/01/2016","12:59:00","7623","246","6.8","0.008","0.02","103.3","101.5","102.5","60.0","59.8","59.9","0.80","0.40","0.57","0","0","4"
"09/01/2016","12:59:00","7773","251","7.3","0.006","-0.02","100.4","96.9","99.0","59.9","59.8","59.8","0.60","0.50","0.55","0","0","4"
"09/01/2016","12:59:00","7922","249","6.9","0.003","-0.08","102.1","99.2","100.9","59.9","59.8","59.8","0.70","0.50","0.61","0","0","4"
"09/01/2016","12:59:00","8072","234","6.9","0.012","0.02","101.7","102.5","102.1","59.9","59.8","59.8","0.90","0.60","0.72","0","0","4"
"09/01/2016","12:59:00","8221","223","7.4","0.009","0.04","98.0","100.8","99.6","59.9","59.8","59.8","0.70","0.60","0.64","0","0","4"
"09/01/2016","12:59:00","8370","222","7.0","0.003","0.05","97.0","98.2","97.6","59.9","59.8","59.8","0.50","0.50","0.48","0","0","4"
"09/01/2016","12:59:00","8520","221","6.9","0.001","-0.01","97.4","98.0","97.7","59.9","59.8","59.8","0.50","0.40","0.42","0","0","4"
"09/01/2016","12:59:00","8669","220","7.6","0.005","-0.05","97.5","94.9","96.4","59.9","59.7","59.8","0.50","0.40","0.44","0","0","4"
"09/01/2016","12:59:00","8819","224","7.9","0.004","-0.07","92.7","93.1","92.9","59.9","59.7","59.8","0.50","0.40","0.44","0","0","4"
"09/01/2016","12:59:00","8968","225","8.5","0.004","-0.11","91.8","91.3","91.6","59.9","59.7","59.8","0.50","0.50","0.49","0","0","4"
"09/01/2016","12:59:00","9118","223","9.3","0.005","-0.17","91.8","90.1","91.0","59.9","59.7","59.8","0.40","0.50","0.46","0","0","4"
"09/01/2016","12:59:00","9267","218","10.4","0.010","-0.13","89.7","90.7","90.2","59.9","59.7","59.8","0.70","0.50","0.60","0","0","4"
"09/01/2016","12:59:00","9417","216","11.4","0.007","-0.12","89.4","88.4","89.0","59.9","59.7","59.8","0.50","0.50","0.52","0","0","4"
"09/01/2016","12:59:00","9566","215","10.8","0.004","-0.06","89.8","88.8","89.3","59.9","59.7","59.8","0.60","0.50","0.51","0","0","4"
"09/01/2016","12:59:00","9715","214","11.0","0.002","-0.03","88.2","88.6","88.4","59.9","59.7","59.8","0.60","0.50","0.55","0","0","4"
"09/01/2016","12:59:00","9865","219","11.4","0.006","-0.03","87.2","85.4","86.4","59.9","59.7","59.8","0.60","0.60","0.62","0","0","4"
"09/01/2016","12:59:00","10014","223","10.2","0.010","-0.05","89.1","89.5","89.3","59.9","59.6","59.8","0.70","0.70","0.68","0","0","4"
"09/01/2016","12:59:00","10164","227","9.3","0.007","0.00","88.2","88.2","88.2","59.9","59.7","59.8","0.60","0.60","0.61","0","0","4"
"09/01/2016","12:59:00","10313","230","8.0","0.009","0.05","84.4","86.0","85.3","59.9","59.7","59.8","0.50","0.60","0.58","0","0","4"
"09/01/2016","12:59:00","10463","233","7.2","0.006","-0.01","89.9","88.0","89.0","59.9","59.7","59.8","0.50","0.60","0.53","0","0","4"
"09/01/2016","12:59:00","10612","239","6.3","0.008","0.02","87.1","85.7","86.5","59.8","59.7","59.8","0.60","0.70","0.65","0","0","4"
"09/01/2016","12:59:00","10762","246","5.9","0.005","-0.03","82.9","81.9","82.4","59.9","59.7","59.8","0.60","0.60","0.61","0","0","4"
"09/01/2016","12:59:00","10911","256","6.3","0.008","-0.06","83.1","79.4","81.6","59.9","59.6","59.8","0.50","0.50","0.53","0","0","4"
"09/01/2016","12:59:00","11061","260","6.6","0.004","-0.11","80.6","80.5","80.5","59.9","59.7","59.8","0.50","0.40","0.42","0","0","4"
"09/01/2016","12:59:00","11210","268","7.1","0.007","-0.13","77.5","79.0","78.3","59.9","59.7","59.8","0.60","0.40","0.49","0","0","4"
"09/01/2016","12:59:00","11359","282","8.1","0.014","-0.02","77.1","78.6","77.9","59.9","59.6","59.8","0.80","0.40","0.60","0","0","4"
"09/01/2016","12:59:00","11509","291","8.8","0.010","-0.02","79.5","79.6","79.5","59.8","59.7","59.8","0.60","0.70","0.65","0","0","4"
"09/01/2016","12:59:00","11658","292","10.9","0.014","0.03","83.8","83.3","83.5","59.9","59.6","59.7","0.80","0.60","0.73","0","0","4"
"09/01/2016","12:59:00","11808","291","12.8","0.013","-0.03","84.8","83.2","84.1","59.9","59.7","59.8","0.80","0.80","0.80","0","0","4"
"09/01/2016","12:59:00","11957","290","15.1","0.015","-0.03","85.4","84.5","85.0","59.8","59.6","59.7","0.80","0.70","0.77","0","0","4"
"09/01/2016","12:59:00","12107","290","17.3","0.015","0.01","84.2","82.7","83.5","59.9","59.6","59.8","0.90","0.90","0.88","0","0","4"
"09/01/2016","12:59:00","12256","288","19.2","0.013","-0.06","84.5","83.1","83.8","60.0","59.6","59.8","0.90","0.90","0.89","0","0","4"
"09/01/2016","12:59:00","12406","285","21.6","0.018","0.01","85.9","83.7","84.9","60.0","59.7","59.8","1.00","0.90","0.93","0","0","4"
"09/01/2016","12:59:00","12555","281","23.1","0.013","-0.12","87.5","82.9","85.8","60.1","59.7","59.9","0.90","1.10","1.03","0","0","4"
"09/01/2016","12:59:00","12705","277","25.6","0.020","0.00","86.8","82.6","85.2","60.2","59.6","59.9","0.90","0.90","0.90","0","0","4"
"09/01/2016","12:59:00","12854","276","27.0","0.011","0.10","83.6","82.4","83.0","60.1","59.7","59.9","0.90","1.00","0.96","0","0","4"
"09/01/2016","12:59:00","13003","274","27.7","0.008","-0.03","82.2","81.3","81.8","60.3","59.7","60.0","0.80","1.00","0.90","0","0","4"
"09/01/2016","12:59:00","13153","273","28.2","0.004","0.03","79.7","80.4","80.1","60.4","59.6","60.0","0.90","0.90","0.92","0","0","4"
"09/01/2016","12:59:00","13302","275","26.9","0.011","0.05","74.9","78.5","77.1","60.3","59.7","60.0","1.00","1.10","1.05","0","0","4"
"09/01/2016","12:59:00","13452","275","26.1","0.006","0.01","72.3","77.0","75.3","60.2","59.7","60.0","0.80","1.20","0.97","0","0","4"
"09/01/2016","12:59:00","13601","277","24.8","0.010","-0.04","75.9","78.3","77.3","60.3","59.7","60.0","0.90","1.50","1.22","0","0","4"
"09/01/2016","12:59:00","13751","277","24.2","0.004","0.07","73.8","77.4","75.9","60.1","59.7","59.9","1.20","1.30","1.28","0","0","4"
"09/01/2016","12:59:00","13900","279","25.4","0.009","-0.01","70.8","75.7","73.9","60.1","59.7","59.9","0.50","1.10","0.82","0","0","4"
"09/01/2016","12:59:00","14050","282","24.4","0.010","0.17","72.6","75.5","74.3","60.0","59.7","59.9","0.90","1.20","1.07","0","0","4"
"09/01/2016","12:59:00","14199","280","24.9","0.005","0.02","75.2","75.1","75.2","60.1","59.7","59.9","0.80","1.00","0.92","0","0","4"
"09/01/2016","12:59:00","14348","284","23.9","0.011","-0.08","77.4","76.3","76.9","60.0","59.6","59.8","1.20","1.40","1.30","0","0","4"
"09/01/2016","12:59:00","14498","286","23.8","0.007","0.00","77.5","76.9","77.2","60.0","59.7","59.8","1.20","1.20","1.20","0","0","4"
"09/01/2016","12:59:00","14647","289","23.6","0.008","-0.06","78.4","76.1","77.4","60.0","59.7","59.9","0.90","1.20","1.04","0","0","4"
"09/01/2016","12:59:00","14797","296","23.1","0.020","-0.08","77.2","78.1","77.7","60.0","59.6","59.8","0.80","1.70","1.26","0","0","4"
"09/01/2016","12:59:00","14946","304","22.3","0.020","-0.10","82.7","81.5","82.2","60.0","59.6","59.8","1.10","1.50","1.30","0","0","4"
"09/01/2016","12:59:00","15096","310","20.4","0.019","0.06","85.6","85.4","85.5","60.0","59.7","59.8","1.40","1.50","1.46","0","0","4"
"09/01/2016","12:59:00","15245","316","18.3","0.020","0.07","83.7","85.0","84.4","60.0","59.7","59.8","1.70","1.30","1.51","0","0","4"
"09/01/2016","12:59:00","15395","326","13.5","0.037","-0.13","83.5","84.0","83.7","60.0","59.7","59.8","1.50","1.10","1.33","0","0","4"
"09/01/2016","12:59:00","15544","334","10.2","0.025","0.11","83.0","81.1","82.2","59.9","59.7","59.8","1.60","0.80","1.18","0","0","4"
"09/01/2016","12:59:00","15694","350","6.6","0.028","0.04","81.2","80.0","80.6","59.9","59.7","59.8","1.60","0.90","1.25","0","0","4"
"09/01/2016","12:59:00","15843","6","4.6","0.017","0.11","80.2","79.6","79.9","59.9","59.7","59.8","1.50","1.00","1.24","0","0","4"
"09/01/2016","12:59:00","15992","9","2.7","0.013","0.19","77.8","76.6","77.2","59.9","59.7","59.8","1.00","1.00","1.00","0","0","4"
"09/01/2016","12:59:00","16142","342","3.3","0.010","0.13","75.4","77.3","76.4","59.9","59.6","59.8","1.00","0.60","0.80","0","0","4"
"09/01/2016","12:59:00","16291","339","4.3","0.007","-0.07","73.4","75.1","74.3","59.9","59.7","59.8","0.70","0.80","0.74","0","0","4"
"09/01/2016","12:59:00","16441","114","0.8","0.032","0.17","75.5","73.0","74.4","59.9","59.6","59.7","1.00","1.10","1.05","0","0","4"
"09/01/2016","12:59:00","16590","155","2.4","0.012","0.01","79.3","78.6","79.0","59.9","59.7","59.8","0.50","0.70","0.61","0","0","4"
"09/01/2016","12:59:00","16740","177","2.7","0.007","-0.13","76.0","76.4","76.2","59.9","59.7","59.8","0.60","0.70","0.65","0","0","4"
"09/01/2016","12:59:00","16889","214","2.7","0.011","-0.03","69.1","72.2","70.9","59.9","59.7","59.8","0.60","0.80","0.71","1","0","8"
"09/01/2016","12:59:00","17039","307","1.8","0.022","0.16","71.7","67.4","70.0","59.9","59.6","59.8","1.20","0.60","0.86","0","0","4"
"09/01/2016","12:59:00","17188","260","1.5","0.009","-0.07","72.6","72.0","72.3","59.9","59.6","59.8","1.00","0.80","0.91","0","0","4"
"09/01/2016","12:59:00","17338","146","1.1","0.015","0.18","71.7","72.7","72.2","59.9","59.6","59.7","0.90","0.60","0.75","0","0","4"
"09/01/2016","12:59:00","17487","156","0.7","0.003","0.08","71.6","70.6","71.1","59.9","59.6","59.8","0.80","0.50","0.61","0","0","4"
"09/01/2016","12:59:00","17636","244","1.1","0.009","0.19","67.8","70.0","69.0","59.9","59.7","59.8","0.70","1.00","0.83","0","0","4"
"09/01/2016","12:59:00","17786","78","1.8","0.019","0.36","67.8","71.1","69.8","59.9","59.6","59.8","0.80","0.80","0.84","1","0","8"
"09/01/2016","12:59:00","17935","49","2.4","0.008","0.04","71.8","71.7","71.8","59.9","59.6","59.8","0.80","0.50","0.69","0","0","4"
"09/01/2016","12:59:00","18085","68","3.7","0.011","0.20","72.6","71.7","72.2","59.9","59.7","59.8","0.50","0.50","0.50","0","0","4"
"09/01/2016","12:59:00","18234","54","2.7","0.009","0.08","67.7","67.9","67.8","59.9","59.6","59.8","0.70","0.80","0.79","0","0","4"
"09/01/2016","12:59:00","18384","62","3.8","0.008","0.08","68.3","67.7","68.0","59.9","59.6","59.7","0.70","0.80","0.74","5","0","4"
"09/01/2016","12:59:00","18533","57","4.0","0.003","0.15","71.6","70.5","71.1","59.9","59.6","59.8","0.40","0.70","0.55","1","0","8"
"09/01/2016","12:59:00","18683","91","6.4","0.026","0.07","67.2","70.3","69.0","59.9","59.7","59.8","0.60","0.70","0.67","0","0","4"
"09/01/2016","12:59:00","18832","84","4.8","0.012","0.29","66.0","65.5","65.8","59.8","59.7","59.8","0.90","0.20","0.57","1","2","8"
"09/01/2016","12:59:00","18981","72","6.6","0.014","-0.35","68.0","65.1","66.8","59.9","59.7","59.8","1.00","0.40","0.75","0","2","8"
"09/01/2016","12:59:00","19131","80","8.1","0.013","0.33","65.5","68.7","67.4","59.9","59.7","59.8","0.90","0.80","0.85","5","0","4"
"09/01/2016","12:59:00","19280","93","9.5","0.016","0.09","67.0","69.4","68.4","59.9","59.7","59.8","0.70","1.00","0.83","0","1","8"
"09/01/2016","12:59:00","19430","59","13.4","0.051","0.39","67.0","68.7","67.9","59.9","59.7","59.8","0.70","0.90","0.77","0","2","8"
"09/01/2016","13:04:00","1795","190","13.8","0.000","-0.03","119.2","120.0","119.6","57.6","57.5","57.6","0.50","0.50","0.52","0","0","4"
"09/01/2016","13:04:00","1944","192","14.2","0.003","-0.02","117.1","118.2","117.7","57.5","57.4","57.5","0.60","0.50","0.55","0","0","4"
"09/01/2016","13:04:00","2093","190","14.3","0.004","-0.03","121.5","123.6","122.7","57.2","57.1","57.1","0.60","0.50","0.55","0","0","4"
"09/01/2016","13:04:00","2243","190","14.0","0.002","-0.01","123.9","125.2","124.6","57.6","57.5","57.6","0.50","0.50","0.51","0","0","4"
"09/01/2016","13:04:00","2392","194","14.3","0.008","-0.03","123.4","124.2","123.8","58.4","58.4","58.4","0.50","0.60","0.54","0","0","4"
"09/01/2016","13:04:00","2542","194","14.5","0.002","-0.09","125.0","125.3","125.1","59.1","59.0","59.1","0.50","0.50","0.55","0","0","4"
"09/01/2016","13:04:00","2691","197","15.3","0.007","-0.08","126.0","126.8","126.4","59.8","59.7","59.7","0.50","0.50","0.52","0","0","4"
"09/01/2016","13:04:00","2841","198","15.3","0.002","-0.10","125.1","125.3","125.2","60.0","59.9","59.9","0.60","0.50","0.57","0","0","4"
"09/01/2016","13:04:00","2990","204","14.1","0.013","-0.11","125.1","124.3","124.7","59.9","59.8","59.9","0.60","0.50","0.55","0","0","4"
"09/01/2016","13:04:00","3140","207","13.9","0.004","-0.12","128.7","128.8","128.8","60.0","59.9","59.9","0.40","0.40","0.39","0","0","4"
"09/01/2016","13:04:00","3289","207","13.8","0.001","-0.13","127.0","125.3","126.3","59.9","59.8","59.9","0.40","0.50","0.43","0","0","4"
"09/01/2016","13:04:00","3439","208","13.8","0.001","-0.10","126.7","123.1","125.3","59.9","59.9","59.9","0.40","0.60","0.48","0","0","4"
"09/01/2016","13:04:00","3588","208","15.3","0.010","-0.07","123.0","122.6","122.8","60.0","59.8","59.9","0.50","0.60","0.55","0","0","4"
"09/01/2016","13:04:00","3737","210","15.9","0.006","-0.05","122.1","122.7","122.4","60.0","59.8","59.9","0.60","0.50","0.53","0","0","4"
"09/01/2016","13:04:00","3887","210","16.0","0.001","-0.09","123.3","121.6","122.6","60.0","59.8","59.9","0.50","0.60","0.52","0","0","4"
"09/01/2016","13:04:00","4036","211","15.7","0.002","-0.06","118.9","117.9","118.4","59.9","59.8","59.8","0.50","0.60","0.56","0","0","4"
"09/01/2016","13:04:00","4186","213","15.5","0.005","-0.08","114.7","113.4","114.1","59.9","59.7","59.8","0.60","0.50","0.56","0","0","4"
"09/01/2016","13:04:00","4335","216","16.0","0.007","-0.02","114.0","112.3","113.2","59.9","59.7","59.8","0.70","0.60","0.64","0","0","4"
"09/01/2016","13:04:00","4485","218","15.3","0.006","0.02","117.1","114.3","115.9","60.0","59.8","59.9","0.60","0.50","0.58","0","0","4"
"09/01/2016","13:04:00","4634","217","14.9","0.003","0.01","120.5","117.2","119.1","60.0","59.8","59.9","0.50","0.50","0.52","0","0","4"
"09/01/2016","13:04:00","4784","218","15.2","0.002","-0.09","118.4","117.5","118.0","59.9","59.7","59.8","0.60","0.50","0.52","0","0","4"
"09/01/2016","13:04:00","4933","219","15.4","0.003","-0.04","118.3","116.0","117.3","60.0","59.7","59.9","0.60","0.50","0.53","0","0","4"
"09/01/2016","13:04:00","5083","222","15.2","0.005","0.04","119.8","121.8","120.9","60.0","59.8","59.9","0.50","0.50","0.51","0","0","4"
"09/01/2016","13:04:00","5232","223","15.6","0.003","0.05","118.0","119.5","118.8","60.0","59.8","59.9","0.60","0.50","0.54","0","0","4"
"09/01/2016","13:04:00","5381","223","15.1","0.003","0.05","111.8","113.2","112.5","60.0","59.8","59.9","0.50","0.60","0.57","0","0","4"
"09/01/2016","13:04:00","5531","222","13.9","0.008","0.08","115.2","117.9","116.8","59.9","59.8","59.8","0.50","0.60","0.56","0","0","4"
"09/01/2016","13:04:00","5680","221","13.1","0.005","0.05","113.3","119.0","117.0","59.9","59.7","59.8","0.50","0.60","0.55","0","0","4"
"09/01/2016","13:04:00","5830","223","12.5","0.005","0.05","109.0","114.0","112.2","59.9","59.9","59.9","0.60","0.60","0.63","0","0","4"
"09/01/2016","13:04:00","5979","228","11.4","0.009","0.08","104.9","106.9","106.0","59.9","59.9","59.9","0.70","1.10","0.91","0","0","4"
"09/01/2016","13:04:00","6129","230","8.8","0.017","-0.01","105.2","106.0","105.6","59.9","59.9","59.9","0.50","1.20","0.88","0","0","4"
"09/01/2016","13:04:00","6278","227","7.2","0.011","0.05","103.3","106.9","105.4","59.9","60.0","60.0","0.60","0.70","0.61","0","0","4"
"09/01/2016","13:04:00","6428","229","6.7","0.004","0.06","105.1","108.7","107.3","59.9","60.0","59.9","0.50","0.50","0.49","0","0","4"
"09/01/2016","13:04:00","6577","228","6.9","0.002","-0.04","107.3","109.3","108.4","59.9","59.9","59.9","0.70","0.60","0.65","0","0","4"
"09/01/2016","13:04:00","6726","231","6.9","0.002","-0.19","106.7","107.4","107.1","59.9","59.9","59.9","0.90","0.90","0.90","0","0","4"
"09/01/2016","13:04:00","6876","240","7.7","0.009","-0.19","106.5","105.7","106.2","59.8","60.0","59.9","0.90","1.10","1.04","0","0","4"
"09/01/2016","13:04:00","7025","234","7.0","0.007","-0.18","106.9","108.9","108.0","59.9","60.0","59.9","1.10","1.00","1.05","0","0","4"
"09/01/2016","13:04:00","7175","224","6.2","0.009","-0.05","110.0","112.0","111.1","59.8","60.0","59.9","0.90","0.90","0.89","0","0","4"
"09/01/2016","13:04:00","7324","224","6.3","0.000","0.03","106.9","108.3","107.7","59.9","59.9","59.9","0.80","0.70","0.74","0","0","4"
"09/01/2016","13:04:00","7474","232","6.5","0.006","-0.01","102.7","103.0","102.8","59.9","59.8","59.9","0.60","0.50","0.53","0","0","4"
"09/01/2016","13:04:00","7623","240","6.8","0.007","-0.02","100.2","101.9","101.2","60.0","59.8","59.9","0.70","0.40","0.57","0","0","4"
"09/01/2016","13:04:00","7773","250","7.2","0.009","-0.07","97.9","98.5","98.2","60.0","59.8","59.9","0.70","0.50","0.60","0","0","4"
"09/01/2016","13:04:00","7922","249","6.9","0.002","-0.04","100.1","99.8","100.0","60.2","59.9","60.0","0.70","0.40","0.56","0","0","4"
"09/01/2016","13:04:00","8072","231","6.6","0.014","0.00","100.0","101.1","100.6","60.0","59.8","59.9","0.90","0.50","0.69","0","0","4"
"09/01/2016","13:04:00","8221","221","7.3","0.009","0.09","98.4","100.8","99.8","59.9","59.9","59.9","0.60","0.40","0.55","0","0","4"
"09/01/2016","13:04:00","8370","224","7.0","0.003","0.09","99.4","99.5","99.5","59.9","59.8","59.9","0.40","0.40","0.40","0","0","4"
"09/01/2016","13:04:00","8520","222","7.0","0.002","0.02","95.9","98.5","97.4","59.9","59.8","59.9","0.50","0.30","0.40","0","0","4"
"09/01/2016","13:04:00","8669","222","7.6","0.004","0.01","94.6","95.0","94.8","59.9","59.8","59.8","0.40","0.30","0.39","0","0","4"
"09/01/2016","13:04:00","8819","225","7.8","0.003","-0.04","92.0","93.2","92.6","59.8","59.7","59.8","0.50","0.40","0.43","0","0","4"
"09/01/2016","13:04:00","8968","224","8.5","0.005","-0.10","90.3","91.1","90.7","59.9","59.7","59.8","0.50","0.50","0.50","0","0","4"
"09/01/2016","13:04:00","9118","219","9.7","0.009","-0.08","92.3","90.3","91.4","59.9","59.8","59.8","0.50","0.50","0.50","0","0","4"
"09/01/2016","13:04:00","9267","218","10.6","0.006","-0.02","92.2","90.0","91.2","59.9","59.7","59.8","0.60","0.50","0.53","0","0","4"
"09/01/2016","13:04:00","9417","215","11.4","0.007","-0.05","90.5","89.2","89.9","59.9","59.7","59.8","0.60","0.40","0.49","0","0","4"
"09/01/2016","13:04:00","9566","214","11.4","0.001","0.03","91.2","89.2","90.3","59.9","59.7","59.8","0.60","0.50","0.53","0","0","4"
"09/01/2016","13:04:00","9715","213","11.4","0.001","0.00","89.3","89.8","89.6","59.9","59.8","59.8","0.60","0.50","0.52","0","0","4"
"09/01/2016","13:04:00","9865","217","11.6","0.005","-0.01","88.0","85.6","86.9","59.9","59.8","59.8","0.70","0.60","0.61","0","0","4"
"09/01/2016","13:04:00","10014","223","10.2","0.012","-0.03","88.5","89.5","89.0","59.8","59.7","59.8","0.70","0.60","0.69","0","0","4"
"09/01/2016","13:04:00","10164","227","9.5","0.007","0.03","88.0","88.7","88.3","59.8","59.8","59.8","0.60","0.60","0.64","0","0","4"
"09/01/2016","13:04:00","10313","230","8.1","0.009","0.08","85.5","86.4","86.0","59.8","59.7","59.8","0.50","0.60","0.54","0","0","4"
"09/01/2016","13:04:00","10463","232","7.3","0.006","0.05","90.1","87.7","89.1","59.8","59.7","59.8","0.50","0.60","0.51","0","0","4"
"09/01/2016","13:04:00","10612","240","6.7","0.008","0.06","85.9","85.0","85.5","59.8","59.7","59.8","0.60","0.70","0.61","0","0","4"
"09/01/2016","13:04:00","10762","246","6.2","0.006","0.05","81.9","82.2","82.0","59.8","59.7","59.8","0.60","0.60","0.58","0","0","4"
"09/01/2016","13:04:00","10911","255","6.5","0.007","-0.02","81.7","79.1","80.6","59.9","59.6","59.8","0.60","0.50","0.52","0","0","4"
"09/01/2016","13:04:00","11061","261","7.0","0.005","-0.05","80.0","79.2","79.6","59.9","59.7","59.8","0.50","0.50","0.53","0","0","4"
"09/01/2016","13:04:00","11210","269","7.4","0.008","0.00","78.4","80.1","79.3","59.8","59.7","59.8","0.60","0.50","0.56","0","0","4"
"09/01/2016","13:04:00","11359","277","7.6","0.007","-0.05","77.7","79.0","78.4","59.9","59.7","59.8","1.10","0.50","0.78","0","0","4"
"09/01/2016","13:04:00","11509","289","9.3","0.016","0.12","81.2","79.4","80.4","59.8","59.7","59.8","0.90","0.60","0.76","0","0","4"
"09/01/2016","13:04:00","11658","290","10.8","0.010","0.14","83.0","83.4","83.2","59.8","59.7","59.8","0.80","0.60","0.70","0","0","4"
"09/01/2016","13:04:00","11808","289","12.8","0.014","0.08","83.0","82.7","82.9","59.8","59.7","59.8","0.80","0.60","0.71","0","0","4"
"09/01/2016","13:04:00","11957","289","15.2","0.016","0.04","84.7","83.4","84.1","59.8","59.7","59.8","0.90","0.60","0.74","0","0","4"
"09/01/2016","13:04:00","12107","288","17.2","0.013","0.08","84.0","82.1","83.1","59.9","59.7","59.8","0.80","0.80","0.80","0","0","4"
"09/01/2016","13:04:00","12256","287","19.7","0.017","0.02","83.9","83.4","83.7","60.0","59.7","59.8","0.80","0.90","0.85","0","0","4"
"09/01/2016","13:04:00","12406","283","21.7","0.016","0.09","85.6","85.2","85.4","59.9","59.7","59.8","0.80","0.90","0.88","0","0","4"
"09/01/2016","13:04:00","12555","279","23.6","0.017","0.11","85.2","84.8","85.0","60.1","59.7","59.9","1.00","1.00","0.96","0","0","4"
"09/01/2016","13:04:00","12705","277","25.0","0.012","0.15","81.5","82.1","81.8","60.1","59.7","59.9","0.80","0.90","0.87","0","0","4"
"09/01/2016","13:04:00","12854","275","26.5","0.011","0.18","78.8","81.4","80.3","60.0","59.7","59.8","1.10","0.90","1.01","0","0","4"
"09/01/2016","13:04:00","13003","272","26.9","0.008","-0.05","79.5","82.3","81.1","60.0","59.7","59.9","1.00","1.00","0.96","0","0","4"
"09/01/2016","13:04:00","13153","272","27.8","0.006","0.02","79.4","81.5","80.6","60.0","59.7","59.9","0.80","1.00","0.94","0","0","4"
"09/01/2016","13:04:00","13302","273","27.1","0.005","0.01","73.0","76.6","75.2","59.9","59.8","59.9","0.90","1.30","1.14","0","0","4"
"09/01/2016","13:04:00","13452","275","26.8","0.008","-0.03","68.1","74.9","72.7","59.9","59.7","59.8","0.50","1.10","0.79","0","0","4"
"09/01/2016","13:04:00","13601","276","25.1","0.011","-0.11","74.3","75.2","74.8","59.9","59.7","59.8","1.00","1.30","1.17","0","0","4"
"09/01/2016","13:04:00","13751","275","25.5","0.003","-0.01","71.4","73.5","72.6","59.9","59.7","59.8","0.90","0.90","0.91","0","0","4"
"09/01/2016","13:04:00","13900","278","25.2","0.007","-0.02","70.4","72.8","71.8","59.9","59.7","59.8","0.70","1.20","0.96","0","0","4"
"09/01/2016","13:04:00","14050","280","24.4","0.008","0.18","70.7","70.9","70.8","59.9","59.7","59.8","0.70","0.80","0.71","0","0","4"
"09/01/2016","13:04:00","14199","280","26.2","0.012","-0.11","72.9","73.5","73.2","59.9","59.8","59.8","0.60","1.10","0.85","0","0","4"
"09/01/2016","13:04:00","14348","285","24.1","0.020","0.03","74.3","74.9","74.6","59.9","59.7","59.8","1.20","1.60","1.42","0","0","4"
"09/01/2016","13:04:00","14498","288","23.9","0.006","0.05","75.8","75.2","75.5","59.9","59.7","59.8","0.80","1.10","0.95","0","0","4"
"09/01/2016","13:04:00","14647","291","23.0","0.011","0.01","76.5","76.4","76.4","59.9","59.7","59.8","0.80","1.20","1.04","0","0","4"
"09/01/2016","13:04:00","14797","295","23.6","0.012","0.08","76.3","76.3","76.3","59.9","59.7","59.8","0.90","1.10","1.03","0","0","4"
"09/01/2016","13:04:00","14946","305","22.4","0.027","0.05","80.1","81.3","80.7","60.0","59.7","59.8","1.10","1.70","1.36","0","0","4"
"09/01/2016","13:04:00","15096","310","20.4","0.019","0.03","84.3","84.2","84.3","59.9","59.7","59.8","1.30","1.40","1.34","0","0","4"
"09/01/2016","13:04:00","15245","316","18.3","0.018","0.07","84.7","82.9","83.9","59.9","59.8","59.8","1.60","1.30","1.46","0","0","4"
"09/01/2016","13:04:00","15395","324","14.1","0.032","0.02","82.7","82.6","82.6","59.9","59.6","59.8","1.60","1.10","1.35","0","0","4"
"09/01/2016","13:04:00","15544","335","10.4","0.029","0.10","81.9","80.7","81.4","59.9","59.7","59.8","1.60","0.90","1.25","0","0","4"
"09/01/2016","13:04:00","15694","352","6.7","0.030","0.08","81.2","80.5","80.9","59.9","59.7","59.8","1.70","0.90","1.29","0","0","4"
"09/01/2016","13:04:00","15843","14","4.7","0.020","0.05","80.6","80.4","80.5","59.9","59.7","59.8","1.40","0.80","1.11","0","0","4"
"09/01/2016","13:04:00","15992","24","3.6","0.009","0.12","77.6","77.6","77.6","59.8","59.7","59.7","1.00","0.90","0.94","0","0","4"
"09/01/2016","13:04:00","16142","354","3.0","0.012","0.30","76.6","76.4","76.5","59.8","59.7","59.8","1.00","0.70","0.85","0","0","4"
"09/01/2016","13:04:00","16291","349","3.6","0.005","0.14","75.3","74.5","74.9","59.8","59.7","59.8","1.20","0.70","0.95","0","0","4"
"09/01/2016","13:04:00","16441","83","1.4","0.027","0.19","74.9","73.9","74.4","59.8","59.7","59.8","1.00","1.10","1.07","0","0","4"
"09/01/2016","13:04:00","16590","152","2.3","0.015","0.05","78.8","78.5","78.7","59.8","59.7","59.8","0.60","0.70","0.64","0","0","4"
"09/01/2016","13:04:00","16740","168","2.5","0.005","-0.03","74.7","77.8","76.5","59.9","59.7","59.8","0.60","0.60","0.62","0","0","4"
"09/01/2016","13:04:00","16889","191","3.1","0.009","-0.21","69.8","73.2","71.8","59.9","59.7","59.8","0.60","0.90","0.73","0","0","4"
"09/01/2016","13:04:00","17039","249","2.3","0.018","-0.01","71.3","68.4","70.1","59.9","59.7","59.8","1.30","0.50","0.93","0","0","4"
"09/01/2016","13:04:00","17188","231","1.4","0.007","-0.02","73.0","73.4","73.2","59.8","59.7","59.8","1.00","0.90","0.91","0","0","4"
"09/01/2016","13:04:00","17338","165","0.8","0.009","0.15","72.7","77.5","75.7","59.8","59.7","59.8","0.70","0.50","0.63","0","0","4"
"09/01/2016","13:04:00","17487","157","0.9","0.001","0.10","69.9","72.4","71.3","59.9","59.7","59.8","0.70","0.50","0.61","0","0","4"
"09/01/2016","13:04:00","17636","191","0.1","0.005","0.22","70.1","71.6","70.9","59.8","59.8","59.8","0.70","1.00","0.85","0","0","4"
"09/01/2016","13:04:00","17786","125","1.5","0.010","0.42","65.3","72.9","70.6","59.9","59.8","59.8","0.40","0.60","0.51","1","0","8"
"09/01/2016","13:04:00","17935","51","2.5","0.017","-0.08","73.5","71.5","72.6","59.8","59.8","59.8","0.80","0.60","0.69","0","0","4"
"09/01/2016","13:04:00","18085","58","4.0","0.010","0.09","74.2","72.3","73.4","59.8","59.8","59.8","1.20","0.80","0.98","0","0","4"
"09/01/2016","13:04:00","18234","69","2.7","0.010","-0.34","68.4","67.6","68.0","59.8","59.7","59.8","0.90","0.70","0.83","0","0","4"
"09/01/2016","13:04:00","18384","56","3.7","0.008","0.06","71.0","69.5","70.3","59.8","59.7","59.8","0.90","0.50","0.71","0","0","4"
"09/01/2016","13:04:00","18533","62","4.5","0.007","-0.05","73.2","71.5","72.5","59.8","59.7","59.8","1.10","0.50","0.82","0","0","4"
"09/01/2016","13:04:00","18683","64","4.8","0.002","0.17","69.9","72.5","71.4","59.8","59.7","59.8","1.10","0.90","0.98","0","0","4"
"09/01/2016","13:04:00","18832","77","4.9","0.007","0.14","67.6","67.3","67.5","59.8","59.7","59.8","0.90","0.90","0.87","2","0","8"
"09/01/2016","13:04:00","18981","71","7.1","0.015","-0.40","66.0","65.7","65.9","59.8","59.7","59.8","0.70","0.60","0.65","1","3","8"
"09/01/2016","13:04:00","19131","80","7.9","0.009","0.52","63.9","66.7","65.5","59.8","59.7","59.8","0.30","0.50","0.40","6","0","4"
"09/01/2016","13:04:00","19280","113","5.8","0.030","0.90","67.2","67.8","67.5","59.9","59.7","59.8","0.50","1.00","0.78","0","0","4"
"09/01/2016","13:04:00","19430","60","12.9","0.070","0.31","67.6","65.8","66.8","59.8","59.7","59.8","0.70","1.00","0.87","1","3","8"
"09/01/2016","13:09:00","1795","189","14.1","0.000","0.01","117.5","119.2","118.4","57.6","57.6","57.6","0.50","0.50","0.48","0","0","3"
"09/01/2016","13:09:00","1944","191","14.3","0.003","-0.02","115.2","116.7","116.0","57.5","57.5","57.5","0.50","0.60","0.56","0","0","3"
"09/01/2016","13:09:00","2093","189","14.5","0.003","0.02","121.1","123.2","122.3","57.1","57.1","57.1","0.50","0.50","0.53","0","0","3"
"09/01/2016","13:09:00","2243","190","14.2","0.002","0.00","122.8","124.1","123.5","57.6","57.5","57.5","0.50","0.50","0.47","0","0","3"
"09/01/2016","13:09:00","2392","193","14.3","0.006","0.01","121.8","124.2","123.1","58.4","58.4","58.4","0.50","0.50","0.52","0","0","3"
"09/01/2016","13:09:00","2542","195","14.5","0.003","-0.04","121.5","123.6","122.6","59.1","59.0","59.0","0.50","0.50","0.51","0","0","3"
"09/01/2016","13:09:00","2691","198","15.0","0.007","-0.06","123.5","126.7","125.4","59.8","59.7","59.8","0.60","0.50","0.56","0","0","3"
"09/01/2016","13:09:00","2841","200","14.8","0.003","-0.11","124.2","125.2","124.7","60.1","59.9","60.0","0.60","0.60","0.55","0","0","3"
"09/01/2016","13:09:00","2990","204","13.7","0.009","-0.09","124.6","124.5","124.6","59.9","59.8","59.9","0.60","0.50","0.52","0","0","3"
"09/01/2016","13:09:00","3140","205","13.6","0.003","-0.10","128.1","125.7","127.1","60.0","59.9","59.9","0.40","0.40","0.39","0","0","3"
"09/01/2016","13:09:00","3289","207","13.4","0.003","-0.09","126.4","123.2","125.1","59.9","59.8","59.9","0.40","0.50","0.44","0","0","3"
"09/01/2016","13:09:00","3439","207","13.8","0.002","-0.06","123.4","122.9","123.2","59.9","59.8","59.9","0.40","0.50","0.49","0","0","3"
"09/01/2016","13:09:00","3588","208","15.2","0.010","-0.09","123.2","121.7","122.5","59.9","59.8","59.9","0.50","0.60","0.55","0","0","3"
"09/01/2016","13:09:00","3737","210","15.9","0.006","-0.06","121.9","122.5","122.2","60.0","59.8","59.9","0.50","0.50","0.51","0","0","3"
"09/01/2016","13:09:00","3887","210","16.1","0.002","-0.09","121.8","122.3","122.1","59.9","59.8","59.9","0.60","0.50","0.54","0","0","3"
"09/01/2016","13:09:00","4036","210","15.9","0.002","-0.09","118.9","119.8","119.4","59.9","59.7","59.8","0.50","0.50","0.54","0","0","3"
"09/01/2016","13:09:00","4186","213","15.5","0.005","-0.12","113.0","114.7","113.9","60.0","59.8","59.9","0.60","0.50","0.58","0","0","3"
"09/01/2016","13:09:00","4335","215","15.6","0.004","-0.05","114.8","112.7","113.9","59.9","59.8","59.8","0.60","0.70","0.67","0","0","3"
"09/01/2016","13:09:00","4485","216","14.7","0.006","-0.01","118.2","115.2","117.0","59.9","59.8","59.8","0.70","0.50","0.58","0","0","3"
"09/01/2016","13:09:00","4634","217","14.6","0.002","-0.03","120.4","119.6","120.0","59.9","59.8","59.9","0.60","0.50","0.54","0","0","3"
"09/01/2016","13:09:00","4784","217","15.1","0.003","-0.10","118.9","119.0","118.9","59.9","59.7","59.8","0.60","0.50","0.54","0","0","3"
"09/01/2016","13:09:00","4933","218","15.4","0.003","-0.01","116.6","116.5","116.5","59.9","59.7","59.8","0.60","0.50","0.56","0","0","3"
"09/01/2016","13:09:00","5083","221","15.2","0.006","0.04","118.8","122.1","120.7","59.9","59.8","59.9","0.50","0.50","0.49","0","0","3"
"09/01/2016","13:09:00","5232","222","15.4","0.001","0.03","118.8","121.2","120.2","59.9","59.8","59.9","0.50","0.50","0.49","0","0","3"
"09/01/2016","13:09:00","5381","222","15.2","0.002","0.03","111.8","113.4","112.6","59.9","59.8","59.8","0.50","0.70","0.60","0","0","3"
"09/01/2016","13:09:00","5531","221","13.7","0.010","-0.01","115.6","116.6","116.1","59.8","59.8","59.8","0.40","0.70","0.56","0","0","3"
"09/01/2016","13:09:00","5680","221","12.9","0.006","0.02","113.8","115.1","114.5","59.8","59.7","59.8","0.50","0.70","0.56","0","0","3"
"09/01/2016","13:09:00","5830","222","11.9","0.007","0.03","109.9","112.5","111.4","59.9","59.8","59.9","0.60","0.60","0.60","0","0","3"
"09/01/2016","13:09:00","5979","226","10.8","0.009","0.03","104.3","105.6","105.0","59.9","59.8","59.9","0.70","1.10","0.87","0","0","3"
"09/01/2016","13:09:00","6129","228","8.4","0.016","-0.01","102.6","104.7","103.8","59.9","59.9","59.9","0.60","0.90","0.75","0","0","3"
"09/01/2016","13:09:00","6278","226","7.4","0.007","0.02","101.6","105.3","103.9","59.9","60.0","59.9","0.60","0.70","0.65","0","0","3"
"09/01/2016","13:09:00","6428","224","6.8","0.004","-0.03","103.5","108.8","106.9","59.9","60.0","59.9","0.60","0.50","0.55","0","0","3"
"09/01/2016","13:09:00","6577","225","6.8","0.001","-0.07","107.6","109.4","108.6","59.8","59.9","59.9","0.70","0.70","0.71","0","0","3"
"09/01/2016","13:09:00","6726","230","6.6","0.004","-0.27","106.8","108.3","107.6","59.8","60.0","59.9","1.00","0.90","0.98","0","0","3"
"09/01/2016","13:09:00","6876","237","7.1","0.007","-0.28","107.1","106.2","106.7","59.8","60.0","59.9","1.10","1.00","1.04","0","0","3"
"09/01/2016","13:09:00","7025","228","6.7","0.007","-0.34","106.9","110.2","108.9","59.8","59.9","59.9","1.40","1.00","1.19","0","0","3"
"09/01/2016","13:09:00","7175","223","7.1","0.005","-0.19","112.5","114.3","113.5","59.8","59.9","59.9","1.00","0.90","0.97","0","0","3"
"09/01/2016","13:09:00","7324","222","7.1","0.001","-0.05","109.7","111.7","110.8","59.9","59.9","59.9","0.80","0.80","0.79","0","0","3"
"09/01/2016","13:09:00","7474","228","6.9","0.005","-0.11","102.6","104.4","103.6","59.9","59.8","59.8","0.70","0.60","0.68","0","0","3"
"09/01/2016","13:09:00","7623","236","6.8","0.006","-0.09","100.1","101.4","100.8","59.9","59.8","59.8","0.90","0.50","0.69","0","0","3"
"09/01/2016","13:09:00","7773","246","6.9","0.008","-0.06","96.4","98.4","97.5","59.9","59.8","59.9","0.80","0.50","0.63","0","0","3"
"09/01/2016","13:09:00","7922","246","6.7","0.001","-0.05","99.3","100.5","99.9","60.2","59.9","60.0","0.70","0.30","0.52","0","0","3"
"09/01/2016","13:09:00","8072","233","6.6","0.010","-0.03","100.1","100.6","100.4","60.0","59.9","59.9","0.80","0.40","0.65","0","0","3"
"09/01/2016","13:09:00","8221","222","7.2","0.010","0.07","99.3","100.5","99.9","59.8","59.8","59.8","0.60","0.50","0.52","0","0","3"
"09/01/2016","13:09:00","8370","224","6.8","0.003","0.12","98.9","101.6","100.4","59.9","59.9","59.9","0.50","0.40","0.43","0","0","3"
"09/01/2016","13:09:00","8520","224","6.8","0.000","0.10","98.4","101.0","99.9","59.9","59.8","59.8","0.50","0.30","0.40","0","0","3"
"09/01/2016","13:09:00","8669","225","7.3","0.003","0.06","94.7","94.9","94.8","59.8","59.8","59.8","0.50","0.40","0.44","0","0","3"
"09/01/2016","13:09:00","8819","227","7.5","0.002","0.01","93.4","91.2","92.4","59.8","59.7","59.8","0.60","0.40","0.50","0","0","3"
"09/01/2016","13:09:00","8968","223","8.6","0.008","-0.03","89.5","91.5","90.6","59.9","59.7","59.8","0.60","0.50","0.55","0","0","3"
"09/01/2016","13:09:00","9118","218","10.2","0.012","0.00","93.1","91.0","92.2","59.9","59.8","59.8","0.50","0.50","0.52","0","0","3"
"09/01/2016","13:09:00","9267","218","11.1","0.006","0.04","92.8","90.7","91.9","59.8","59.7","59.8","0.60","0.50","0.53","0","0","3"
"09/01/2016","13:09:00","9417","215","11.4","0.005","-0.01","92.4","89.9","91.3","59.8","59.7","59.8","0.50","0.50","0.50","0","0","3"
"09/01/2016","13:09:00","9566","213","11.0","0.003","0.05","92.4","89.7","91.3","59.8","59.7","59.8","0.60","0.50","0.51","0","0","3"
"09/01/2016","13:09:00","9715","212","11.3","0.003","0.01","90.2","89.3","89.7","59.8","59.7","59.8","0.60","0.40","0.52","0","0","3"
"09/01/2016","13:09:00","9865","214","11.5","0.002","-0.04","87.6","85.2","86.6","59.8","59.7","59.8","0.60","0.50","0.57","0","0","3"
"09/01/2016","13:09:00","10014","220","10.2","0.012","-0.04","87.5","87.3","87.4","59.8","59.7","59.8","0.70","0.60","0.64","0","0","3"
"09/01/2016","13:09:00","10164","225","9.4","0.008","-0.02","86.1","87.9","87.1","59.8","59.8","59.8","0.70","0.60","0.61","0","0","3"
"09/01/2016","13:09:00","10313","229","8.2","0.009","0.07","84.6","87.5","86.3","59.8","59.7","59.8","0.50","0.50","0.51","0","0","3"
"09/01/2016","13:09:00","10463","233","7.5","0.006","0.06","83.5","87.6","86.0","59.8","59.7","59.8","0.60","0.50","0.55","0","0","3"
"09/01/2016","13:09:00","10612","241","6.9","0.007","0.06","84.9","84.4","84.7","59.8","59.7","59.7","0.60","0.60","0.60","0","0","3"
"09/01/2016","13:09:00","10762","248","6.2","0.007","0.08","82.0","83.2","82.6","59.8","59.7","59.8","0.50","0.50","0.50","0","0","3"
"09/01/2016","13:09:00","10911","254","6.8","0.006","0.04","81.5","78.3","80.2","59.8","59.7","59.7","0.50","0.40","0.48","0","0","3"
"09/01/2016","13:09:00","11061","261","7.4","0.007","0.03","81.2","79.3","80.4","59.8","59.7","59.7","0.40","0.50","0.47","0","0","3"
"09/01/2016","13:09:00","11210","266","7.7","0.006","0.07","81.4","80.1","80.8","59.8","59.8","59.8","0.60","0.50","0.53","0","0","3"
"09/01/2016","13:09:00","11359","278","8.0","0.011","0.04","79.6","79.1","79.4","59.8","59.7","59.7","1.00","0.50","0.74","0","0","3"
"09/01/2016","13:09:00","11509","287","9.2","0.012","0.08","82.1","79.7","81.1","59.8","59.7","59.7","0.60","0.60","0.59","0","0","3"
"09/01/2016","13:09:00","11658","289","10.8","0.011","0.02","83.2","82.6","82.9","59.8","59.7","59.7","0.80","0.60","0.66","0","0","3"
"09/01/2016","13:09:00","11808","289","12.7","0.013","0.03","82.9","82.6","82.8","59.8","59.7","59.8","0.80","0.70","0.75","0","0","3"
"09/01/2016","13:09:00","11957","289","15.2","0.017","0.06","84.3","83.8","84.1","59.8","59.7","59.8","0.80","0.60","0.70","0","0","3"
"09/01/2016","13:09:00","12107","288","17.3","0.014","0.07","83.9","82.8","83.4","59.8","59.7","59.8","0.80","0.70","0.77","0","0","3"
"09/01/2016","13:09:00","12256","286","19.9","0.018","0.03","83.7","83.5","83.6","59.9","59.7","59.8","0.90","1.00","0.97","0","0","3"
"09/01/2016","13:09:00","12406","282","21.9","0.016","0.09","85.6","85.4","85.5","59.9","59.7","59.8","0.80","0.90","0.88","0","0","3"
"09/01/2016","13:09:00","12555","279","23.5","0.014","0.13","84.8","84.8","84.8","60.0","59.7","59.9","0.80","0.90","0.82","0","0","3"
"09/01/2016","13:09:00","12705","277","25.1","0.012","0.16","79.4","80.8","80.2","60.0","59.7","59.9","0.90","0.90","0.93","0","0","3"
"09/01/2016","13:09:00","12854","275","26.4","0.010","0.12","77.5","78.6","78.1","60.0","59.7","59.9","1.00","0.80","0.94","0","0","3"
"09/01/2016","13:09:00","13003","272","26.9","0.010","0.07","79.6","80.7","80.2","60.0","59.7","59.8","1.00","1.00","0.97","0","0","3"
"09/01/2016","13:09:00","13153","273","28.0","0.008","0.05","81.9","81.0","81.5","59.9","59.7","59.8","0.90","1.10","0.97","0","0","3"
"09/01/2016","13:09:00","13302","274","28.4","0.003","0.04","79.0","77.4","78.3","59.9","59.8","59.9","0.90","1.20","1.03","0","0","3"
"09/01/2016","13:09:00","13452","276","27.9","0.007","-0.06","72.6","74.3","73.5","59.8","59.8","59.8","0.70","1.10","0.89","0","0","3"
"09/01/2016","13:09:00","13601","278","26.5","0.011","0.03","70.7","73.3","72.2","59.9","59.8","59.8","0.50","1.10","0.82","0","0","3"
"09/01/2016","13:09:00","13751","278","25.6","0.006","0.23","68.7","70.9","69.9","59.8","59.7","59.8","0.80","1.20","0.99","0","0","3"
"09/01/2016","13:09:00","13900","275","26.4","0.009","0.07","69.6","72.1","71.1","59.8","59.8","59.8","0.80","0.80","0.84","0","0","3"
"09/01/2016","13:09:00","14050","275","26.0","0.003","-0.07","70.2","71.9","71.1","59.8","59.8","59.8","0.90","1.10","0.97","0","0","3"
"09/01/2016","13:09:00","14199","279","26.6","0.012","-0.13","70.7","74.7","73.2","59.9","59.8","59.8","0.60","1.20","0.88","1","0","7"
"09/01/2016","13:09:00","14348","279","24.7","0.012","0.20","74.1","73.9","74.0","59.9","59.8","59.8","1.00","1.20","1.09","0","0","3"
"09/01/2016","13:09:00","14498","286","23.3","0.022","0.02","76.9","76.3","76.6","59.9","59.8","59.8","1.10","1.50","1.29","0","0","3"
"09/01/2016","13:09:00","14647","289","22.2","0.010","0.10","79.1","79.3","79.2","59.9","59.8","59.8","1.00","1.50","1.30","0","0","3"
"09/01/2016","13:09:00","14797","295","22.6","0.016","0.14","77.7","79.7","78.8","59.9","59.8","59.9","1.00","1.70","1.34","0","0","3"
"09/01/2016","13:09:00","14946","302","22.3","0.020","0.08","81.0","81.6","81.3","59.9","59.8","59.8","1.00","1.60","1.27","0","0","3"
"09/01/2016","13:09:00","15096","309","21.3","0.018","0.11","84.9","85.0","84.9","59.9","59.8","59.9","1.30","1.40","1.39","0","0","3"
"09/01/2016","13:09:00","15245","313","18.9","0.019","0.05","84.8","83.4","84.1","59.9","59.8","59.8","1.60","1.30","1.45","0","0","3"
"09/01/2016","13:09:00","15395","323","15.5","0.030","0.03","82.5","81.6","82.1","59.9","59.7","59.8","2.00","1.10","1.52","0","0","3"
"09/01/2016","13:09:00","15544","330","11.5","0.030","0.19","80.4","79.4","79.9","59.9","59.7","59.8","1.80","0.80","1.28","0","0","3"
"09/01/2016","13:09:00","15694","346","7.2","0.033","0.16","80.6","80.3","80.5","59.8","59.7","59.8","1.80","0.80","1.27","0","0","3"
"09/01/2016","13:09:00","15843","8","4.8","0.022","0.11","81.0","80.9","80.9","59.9","59.8","59.8","1.50","0.70","1.11","0","0","3"
"09/01/2016","13:09:00","15992","26","2.9","0.015","0.04","79.4","77.7","78.6","59.8","59.8","59.8","1.00","1.00","1.01","0","0","3"
"09/01/2016","13:09:00","16142","2","2.1","0.008","0.33","76.4","75.0","75.7","59.8","59.8","59.8","1.00","0.70","0.82","0","0","3"
"09/01/2016","13:09:00","16291","344","3.8","0.013","0.14","75.6","75.4","75.5","59.9","59.8","59.8","0.90","0.70","0.83","0","0","3"
"09/01/2016","13:09:00","16441","358","1.3","0.017","0.12","75.7","74.3","75.1","59.9","59.8","59.9","1.50","1.00","1.23","0","0","3"
"09/01/2016","13:09:00","16590","160","2.1","0.022","0.17","77.9","77.3","77.6","59.9","59.7","59.8","0.60","0.70","0.65","0","0","3"
"09/01/2016","13:09:00","16740","175","2.8","0.006","0.06","77.4","77.1","77.2","60.0","59.8","59.9","0.60","0.60","0.64","0","0","3"
"09/01/2016","13:09:00","16889","195","3.2","0.007","0.03","74.3","71.5","73.1","60.1","59.8","60.0","1.20","0.70","0.94","0","0","3"
"09/01/2016","13:09:00","17039","256","2.3","0.019","-0.11","73.6","69.3","72.0","60.3","59.7","60.0","1.20","0.50","0.84","0","0","3"
"09/01/2016","13:09:00","17188","189","1.0","0.014","-0.03","74.6","73.2","74.0","60.1","59.7","59.9","1.00","0.60","0.77","0","0","3"
"09/01/2016","13:09:00","17338","152","0.3","0.005","0.12","74.1","77.7","76.2","60.1","59.8","59.9","1.00","0.50","0.76","0","0","3"
"09/01/2016","13:09:00","17487","131","1.1","0.005","0.15","72.9","74.2","73.6","60.0","59.8","59.9","0.60","0.50","0.56","0","0","3"
"09/01/2016","13:09:00","17636","119","0.5","0.004","0.24","70.9","71.6","71.3","60.0","59.8","59.9","0.70","1.10","0.88","0","0","3"
"09/01/2016","13:09:00","17786","43","2.8","0.018","-0.20","68.8","71.5","70.3","60.1","59.8","59.9","0.60","0.60","0.60","0","0","3"
"09/01/2016","13:09:00","17935","55","2.3","0.005","0.00","73.9","73.0","73.5","60.2","59.8","60.0","0.90","1.10","0.99","0","0","3"
"09/01/2016","13:09:00","18085","50","3.2","0.006","-0.04","74.8","72.0","73.6","60.2","59.8","60.0","0.90","1.00","0.95","0","0","3"
"09/01/2016","13:09:00","18234","48","3.1","0.001","-0.41","69.9","67.8","69.0","60.2","59.7","60.0","0.90","0.60","0.75","0","0","3"
"09/01/2016","13:09:00","18384","63","4.2","0.010","-0.09","72.1","70.8","71.5","60.1","59.7","59.9","1.00","0.50","0.78","0","0","3"
"09/01/2016","13:09:00","18533","69","5.1","0.007","-0.03","75.9","73.7","75.0","60.1","59.8","59.9","1.10","0.80","0.97","0","0","3"
"09/01/2016","13:09:00","18683","67","4.8","0.002","0.07","74.6","72.6","73.7","60.1","59.7","59.9","1.00","1.00","1.00","0","0","3"
"09/01/2016","13:09:00","18832","79","4.5","0.007","0.01","72.6","67.6","70.8","60.1","59.8","59.9","1.70","0.60","1.18","1","1","5"
"09/01/2016","13:09:00","18981","68","8.2","0.026","-0.31","71.1","67.6","69.7","60.0","59.8","59.9","0.80","1.10","0.98","2","0","7"
"09/01/2016","13:09:00","19131","71","7.8","0.004","0.31","65.3","65.9","65.6","60.0","59.8","59.9","0.30","0.50","0.37","7","1","3"
"09/01/2016","13:09:00","19280","98","6.9","0.023","1.18","65.8","67.1","66.5","59.9","59.7","59.8","0.40","1.40","0.89","1","1","7"
"09/01/2016","13:09:00","19430","65","10.8","0.042","0.33","69.1","67.9","68.6","59.9","59.7","59.8","0.80","1.20","0.99","0","0","3"
"09/01/2016","13:14:00","1795","189","14.0","0.000","0.04","117.8","119.9","119.0","57.6","57.6","57.6","0.50","0.50","0.48","0","0","3"
"09/01/2016","13:14:00","1944","191","13.7","0.004","-0.03","115.4","116.3","115.9","57.5","57.5","57.5","0.60","0.60","0.58","0","0","3"
"09/01/2016","13:14:00","2093","189","14.3","0.005","0.01","120.8","122.4","121.7","57.1","57.1","57.1","0.50","0.60","0.56","0","0","3"
"09/01/2016","13:14:00","2243","190","14.1","0.001","0.04","122.4","124.3","123.4","57.6","57.5","57.5","0.50","0.50","0.50","0","0","3"
"09/01/2016","13:14:00","2392","193","14.0","0.005","0.02","122.3","121.4","121.9","58.4","58.5","58.5","0.50","0.60","0.58","0","0","3"
"09/01/2016","13:14:00","2542","196","14.2","0.006","0.00","122.2","121.7","122.0","59.0","59.0","59.0","0.50","0.50","0.49","0","0","3"
"09/01/2016","13:14:00","2691","200","14.5","0.006","-0.01","122.6","125.4","124.2","59.8","59.7","59.8","0.50","0.50","0.52","0","0","3"
"09/01/2016","13:14:00","2841","201","14.1","0.003","-0.05","124.0","125.4","124.7","60.1","59.9","60.0","0.50","0.60","0.52","0","0","3"
"09/01/2016","13:14:00","2990","204","13.3","0.007","-0.05","125.4","125.0","125.2","59.9","59.9","59.9","0.50","0.50","0.49","0","0","3"
"09/01/2016","13:14:00","3140","205","13.4","0.001","-0.05","128.5","127.0","127.8","59.9","59.9","59.9","0.40","0.40","0.42","0","0","3"
"09/01/2016","13:14:00","3289","206","13.1","0.003","-0.04","127.6","126.4","127.0","59.9","59.9","59.9","0.50","0.40","0.45","0","0","3"
"09/01/2016","13:14:00","3439","207","13.5","0.004","-0.06","123.2","123.0","123.1","59.9","59.9","59.9","0.40","0.50","0.49","0","0","3"
"09/01/2016","13:14:00","3588","208","14.9","0.010","-0.08","123.1","122.0","122.6","59.9","59.9","59.9","0.50","0.70","0.59","0","0","3"
"09/01/2016","13:14:00","3737","210","15.7","0.007","-0.03","122.3","122.6","122.5","59.9","59.9","59.9","0.50","0.50","0.52","0","0","3"
"09/01/2016","13:14:00","3887","210","15.9","0.001","-0.03","122.7","121.5","122.1","59.9","59.8","59.8","0.50","0.50","0.50","0","0","3"
"09/01/2016","13:14:00","4036","209","15.6","0.002","-0.02","119.8","120.0","119.9","59.9","59.7","59.8","0.40","0.50","0.49","0","0","3"
"09/01/2016","13:14:00","4186","211","15.6","0.004","-0.03","114.8","115.4","115.1","59.9","59.8","59.9","0.60","0.60","0.59","0","0","3"
"09/01/2016","13:14:00","4335","214","15.6","0.005","-0.01","114.4","113.4","113.9","59.9","59.8","59.9","0.70","0.70","0.68","0","0","3"
"09/01/2016","13:14:00","4485","217","14.4","0.009","0.01","118.1","115.9","117.1","59.9","59.9","59.9","0.60","0.50","0.56","0","0","3"
"09/01/2016","13:14:00","4634","217","14.3","0.001","-0.03","120.9","119.1","120.1","59.9","59.9","59.9","0.60","0.40","0.51","0","0","3"
"09/01/2016","13:14:00","4784","217","14.9","0.004","-0.01","119.3","119.9","119.6","59.9","59.8","59.8","0.60","0.40","0.50","0","0","3"
"09/01/2016","13:14:00","4933","218","15.1","0.003","-0.02","116.7","117.0","116.8","59.9","59.7","59.8","0.60","0.40","0.53","0","0","3"
"09/01/2016","13:14:00","5083","222","15.2","0.006","0.02","119.9","121.3","120.6","59.9","59.8","59.9","0.50","0.40","0.48","0","0","3"
"09/01/2016","13:14:00","5232","221","15.4","0.002","0.03","120.3","120.7","120.5","59.9","59.9","59.9","0.50","0.50","0.51","0","0","3"
"09/01/2016","13:14:00","5381","219","15.0","0.004","0.01","115.4","114.0","114.7","59.9","59.8","59.8","0.50","0.70","0.60","0","0","3"
"09/01/2016","13:14:00","5531","219","13.3","0.011","0.03","116.6","116.4","116.5","59.8","59.8","59.8","0.50","0.60","0.57","0","0","3"
"09/01/2016","13:14:00","5680","219","12.5","0.005","-0.02","114.6","113.2","113.9","59.9","59.8","59.8","0.50","0.60","0.59","0","0","3"
"09/01/2016","13:14:00","5830","220","11.7","0.006","0.03","109.6","110.4","110.0","59.9","59.8","59.9","0.60","0.70","0.63","0","0","3"
"09/01/2016","13:14:00","5979","224","10.3","0.011","0.01","103.6","104.8","104.3","59.9","59.8","59.8","0.70","1.10","0.90","0","0","3"
"09/01/2016","13:14:00","6129","225","8.4","0.013","0.05","104.1","103.5","103.8","59.9","59.8","59.9","0.50","0.70","0.64","0","0","3"
"09/01/2016","13:14:00","6278","224","7.6","0.006","-0.08","101.1","103.3","102.3","59.9","59.8","59.9","0.70","0.60","0.61","0","0","3"
"09/01/2016","13:14:00","6428","221","6.7","0.006","-0.05","105.3","107.4","106.5","59.9","59.8","59.8","0.60","0.60","0.62","0","0","3"
"09/01/2016","13:14:00","6577","223","6.3","0.003","-0.03","108.8","108.5","108.7","59.8","59.8","59.8","0.70","0.60","0.69","0","0","3"
"09/01/2016","13:14:00","6726","234","5.9","0.008","-0.16","108.8","108.1","108.5","59.8","59.9","59.8","1.00","0.80","0.86","0","0","3"
"09/01/2016","13:14:00","6876","234","5.6","0.002","-0.33","107.5","106.8","107.2","59.8","59.8","59.8","1.20","1.20","1.16","0","0","3"
"09/01/2016","13:14:00","7025","225","6.4","0.008","-0.45","107.5","109.7","108.7","59.8","59.8","59.8","1.20","1.10","1.14","0","0","3"
"09/01/2016","13:14:00","7175","219","7.4","0.009","-0.25","112.9","114.4","113.7","59.8","59.9","59.8","1.10","0.90","1.01","0","0","3"
"09/01/2016","13:14:00","7324","215","7.3","0.003","-0.07","112.6","113.3","113.0","59.9","59.9","59.9","0.90","0.80","0.89","0","0","3"
"09/01/2016","13:14:00","7474","220","6.7","0.006","-0.03","105.3","107.7","106.6","59.9","59.8","59.8","0.90","0.70","0.81","0","0","3"
"09/01/2016","13:14:00","7623","232","6.7","0.009","-0.11","100.9","102.1","101.6","59.8","59.8","59.8","1.10","0.70","0.86","0","0","3"
"09/01/2016","13:14:00","7773","240","7.0","0.007","-0.06","96.6","97.2","96.9","60.0","59.8","59.9","1.20","0.60","0.85","0","0","3"
"09/01/2016","13:14:00","7922","246","7.0","0.004","-0.02","96.8","100.8","99.2","60.2","59.8","60.0","0.80","0.30","0.56","0","0","3"
"09/01/2016","13:14:00","8072","240","6.7","0.005","-0.01","98.4","99.9","99.2","60.0","59.8","59.9","0.70","0.40","0.56","0","0","3"
"09/01/2016","13:14:00","8221","226","7.0","0.011","0.10","98.2","100.5","99.5","59.8","59.8","59.8","0.60","0.40","0.51","0","0","3"
"09/01/2016","13:14:00","8370","226","6.8","0.001","0.11","96.2","101.2","99.4","59.8","59.8","59.8","0.50","0.40","0.43","0","0","3"
"09/01/2016","13:14:00","8520","228","7.0","0.002","0.04","96.1","101.0","99.2","59.8","59.8","59.8","0.50","0.30","0.38","0","0","3"
"09/01/2016","13:14:00","8669","229","7.4","0.003","0.01","94.5","95.2","94.8","59.8","59.8","59.8","0.50","0.30","0.42","0","0","3"
"09/01/2016","13:14:00","8819","230","7.9","0.004","-0.02","90.9","91.3","91.1","59.7","59.8","59.7","0.60","0.50","0.54","0","0","3"
"09/01/2016","13:14:00","8968","222","9.0","0.011","-0.01","90.9","92.6","91.8","59.8","59.7","59.8","0.50","0.50","0.50","0","0","3"
"09/01/2016","13:14:00","9118","219","10.3","0.009","-0.01","92.5","91.3","91.9","59.8","59.8","59.8","0.50","0.50","0.49","0","0","3"
"09/01/2016","13:14:00","9267","217","11.1","0.006","0.02","91.6","91.0","91.3","59.8","59.7","59.8","0.60","0.50","0.53","0","0","3"
"09/01/2016","13:14:00","9417","214","11.1","0.005","-0.02","91.2","89.2","90.3","59.7","59.7","59.7","0.50","0.50","0.48","0","0","3"
"09/01/2016","13:14:00","9566","213","11.0","0.002","0.03","92.5","91.4","92.0","59.7","59.8","59.8","0.60","0.50","0.56","0","0","3"
"09/01/2016","13:14:00","9715","211","11.4","0.003","-0.04","90.5","88.0","89.4","59.8","59.8","59.8","0.60","0.40","0.53","0","0","3"
"09/01/2016","13:14:00","9865","213","11.5","0.003","-0.09","85.9","84.4","85.2","59.8","59.8","59.8","0.60","0.50","0.54","0","0","3"
"09/01/2016","13:14:00","10014","220","10.3","0.012","-0.08","85.8","85.3","85.5","59.8","59.7","59.7","0.70","0.60","0.65","0","0","3"
"09/01/2016","13:14:00","10164","224","9.4","0.008","-0.06","84.1","87.2","85.9","59.7","59.8","59.8","0.70","0.60","0.63","0","0","3"
"09/01/2016","13:14:00","10313","229","8.2","0.010","0.04","82.0","88.0","86.0","59.8","59.8","59.8","0.60","0.50","0.53","0","0","3"
"09/01/2016","13:14:00","10463","234","7.5","0.006","0.03","82.9","86.9","85.3","59.7","59.7","59.7","0.60","0.50","0.54","0","0","3"
"09/01/2016","13:14:00","10612","243","7.0","0.008","0.06","84.4","83.8","84.1","59.7","59.8","59.8","0.60","0.60","0.59","0","0","3"
"09/01/2016","13:14:00","10762","250","6.4","0.006","0.04","82.8","82.9","82.8","59.8","59.7","59.8","0.50","0.50","0.48","0","0","3"
"09/01/2016","13:14:00","10911","253","6.9","0.004","0.00","80.9","79.5","80.3","59.8","59.7","59.7","0.60","0.40","0.50","0","0","3"
"09/01/2016","13:14:00","11061","260","7.5","0.007","0.00","81.3","80.6","81.0","59.7","59.7","59.7","0.50","0.50","0.48","0","0","3"
"09/01/2016","13:14:00","11210","266","7.7","0.006","0.02","83.2","80.6","82.1","59.8","59.8","59.8","0.50","0.50","0.53","0","0","3"
"09/01/2016","13:14:00","11359","277","8.0","0.010","-0.05","81.5","80.0","80.8","59.8","59.7","59.8","0.80","0.50","0.64","0","0","3"
"09/01/2016","13:14:00","11509","286","9.2","0.012","-0.02","83.2","79.9","81.8","59.7","59.7","59.7","0.70","0.60","0.64","0","0","3"
"09/01/2016","13:14:00","11658","287","10.7","0.011","-0.04","82.5","80.4","81.5","59.8","59.7","59.8","0.70","0.60","0.67","0","0","3"
"09/01/2016","13:14:00","11808","288","13.1","0.016","-0.05","82.6","82.2","82.4","59.8","59.8","59.8","0.90","0.70","0.79","0","0","3"
"09/01/2016","13:14:00","11957","289","15.4","0.016","0.01","83.6","84.0","83.8","59.8","59.8","59.8","0.70","0.60","0.65","0","0","3"
"09/01/2016","13:14:00","12107","288","17.6","0.015","0.00","83.9","83.1","83.5","59.8","59.7","59.8","0.80","0.80","0.79","0","0","3"
"09/01/2016","13:14:00","12256","285","20.4","0.020","0.00","84.6","84.5","84.6","59.9","59.8","59.8","0.90","1.00","0.93","0","0","3"
"09/01/2016","13:14:00","12406","281","22.1","0.014","0.09","85.9","85.9","85.9","59.9","59.8","59.8","0.80","1.00","0.90","0","0","3"
"09/01/2016","13:14:00","12555","278","23.1","0.011","0.10","81.8","83.6","82.8","60.0","59.8","59.9","0.90","0.90","0.90","0","0","3"
"09/01/2016","13:14:00","12705","276","24.6","0.012","0.08","77.3","78.8","78.1","60.0","59.7","59.9","1.20","1.00","1.09","0","0","3"
"09/01/2016","13:14:00","12854","275","25.9","0.009","0.03","77.3","76.6","77.0","59.9","59.8","59.9","1.00","0.80","0.90","0","0","3"
"09/01/2016","13:14:00","13003","273","27.0","0.010","0.06","78.9","80.1","79.5","59.9","59.8","59.9","0.90","0.90","0.89","0","0","3"
"09/01/2016","13:14:00","13153","273","28.3","0.009","0.04","82.8","81.2","82.1","59.9","59.8","59.8","1.00","1.00","0.99","0","0","3"
"09/01/2016","13:14:00","13302","275","29.7","0.010","0.11","82.0","77.8","80.4","59.9","59.9","59.9","1.10","1.20","1.11","0","0","3"
"09/01/2016","13:14:00","13452","277","29.4","0.009","0.05","79.1","75.3","77.6","59.8","59.8","59.8","0.80","1.40","1.13","0","0","3"
"09/01/2016","13:14:00","13601","279","27.9","0.011","0.09","72.7","71.2","72.0","59.8","59.8","59.8","0.90","0.90","0.86","0","0","3"
"09/01/2016","13:14:00","13751","279","25.9","0.013","0.15","67.0","69.0","68.1","59.9","59.7","59.8","1.30","1.10","1.21","0","0","3"
"09/01/2016","13:14:00","13900","276","27.2","0.011","0.12","71.2","70.1","70.7","59.9","59.8","59.8","1.30","1.00","1.14","0","0","3"
"09/01/2016","13:14:00","14050","281","27.6","0.014","-0.19","68.7","69.5","69.1","59.8","59.8","59.8","0.70","1.80","1.25","0","0","3"
"09/01/2016","13:14:00","14199","280","26.6","0.007","-0.13","69.0","73.1","71.5","59.9","59.8","59.8","0.80","1.30","1.05","2","0","7"
"09/01/2016","13:14:00","14348","279","24.0","0.018","0.06","72.8","73.9","73.4","59.9","59.8","59.8","0.70","1.10","0.92","0","0","3"
"09/01/2016","13:14:00","14498","279","23.8","0.001","0.15","77.4","77.4","77.4","59.9","59.8","59.9","1.20","1.50","1.36","0","0","3"
"09/01/2016","13:14:00","14647","285","22.2","0.017","0.12","82.0","80.0","81.2","59.8","59.8","59.8","1.10","1.70","1.37","0","0","3"
"09/01/2016","13:14:00","14797","290","22.3","0.014","0.26","80.6","81.9","81.3","59.9","59.9","59.9","0.90","2.20","1.52","0","0","3"
"09/01/2016","13:14:00","14946","297","22.4","0.018","0.04","81.2","82.7","82.0","59.9","59.8","59.9","1.00","1.50","1.24","0","0","3"
"09/01/2016","13:14:00","15096","305","21.7","0.022","0.08","84.5","85.2","84.9","59.9","59.9","59.9","1.10","1.60","1.36","0","0","3"
"09/01/2016","13:14:00","15245","312","20.0","0.020","0.10","85.4","85.1","85.2","59.9","59.9","59.9","1.50","1.40","1.42","0","0","3"
"09/01/2016","13:14:00","15395","320","17.4","0.025","0.01","83.4","83.2","83.3","59.9","59.8","59.8","1.80","1.00","1.38","0","0","3"
"09/01/2016","13:14:00","15544","329","14.0","0.028","-0.07","80.5","81.4","81.0","59.8","59.8","59.8","1.60","0.80","1.20","0","0","3"
"09/01/2016","13:14:00","15694","339","8.9","0.036","0.10","79.6","80.0","79.8","59.8","59.8","59.8","1.80","0.70","1.24","0","0","3"
"09/01/2016","13:14:00","15843","5","5.0","0.033","0.14","80.9","80.0","80.5","59.8","59.8","59.8","1.60","0.70","1.11","0","0","3"
"09/01/2016","13:14:00","15992","18","3.0","0.014","0.08","78.5","78.5","78.5","59.8","59.8","59.8","1.10","0.80","0.95","0","0","3"
"09/01/2016","13:14:00","16142","3","1.9","0.008","0.26","76.9","75.1","76.1","59.8","59.9","59.8","0.90","0.70","0.83","0","0","3"
"09/01/2016","13:14:00","16291","341","3.7","0.014","0.11","75.6","74.6","75.1","59.9","59.8","59.8","1.20","0.70","0.95","0","0","3"
"09/01/2016","13:14:00","16441","25","1.7","0.018","0.31","74.8","75.0","74.9","60.0","59.8","59.9","1.40","0.90","1.17","0","0","3"
"09/01/2016","13:14:00","16590","149","1.8","0.021","0.22","76.6","75.0","75.8","59.9","59.8","59.9","0.70","0.80","0.76","0","0","3"
"09/01/2016","13:14:00","16740","159","2.9","0.007","0.16","75.9","75.1","75.6","60.0","59.8","59.9","0.90","0.60","0.75","0","0","3"
"09/01/2016","13:14:00","16889","199","2.9","0.013","0.07","73.8","72.1","73.1","60.1","59.8","60.0","1.30","0.90","1.12","0","0","3"
"09/01/2016","13:14:00","17039","217","1.5","0.010","0.02","72.1","70.5","71.4","60.3","59.8","60.1","1.10","0.60","0.82","0","0","3"
"09/01/2016","13:14:00","17188","94","1.0","0.015","0.10","78.1","74.1","76.5","60.1","59.8","60.0","1.00","0.60","0.79","0","0","3"
"09/01/2016","13:14:00","17338","95","1.6","0.004","0.11","76.3","75.9","76.1","60.2","59.8","60.0","0.80","0.60","0.72","0","0","3"
"09/01/2016","13:14:00","17487","93","0.8","0.005","-0.03","72.2","69.2","70.9","60.0","59.9","59.9","0.80","0.80","0.84","0","0","3"
"09/01/2016","13:14:00","17636","93","1.3","0.003","0.06","70.5","70.7","70.6","60.0","59.9","59.9","1.40","0.90","1.15","1","0","1"
"09/01/2016","13:14:00","17786","80","1.4","0.002","0.41","71.7","69.9","70.9","60.0","59.8","59.9","1.00","0.50","0.78","0","0","3"
"09/01/2016","13:14:00","17935","42","3.7","0.018","-0.07","71.9","73.4","72.7","60.1","59.9","60.0","0.70","1.10","0.89","0","0","3"
"09/01/2016","13:14:00","18085","64","3.4","0.009","0.15","73.9","71.3","72.8","60.2","59.8","60.0","1.50","0.90","1.22","0","0","3"
"09/01/2016","13:14:00","18234","85","2.1","0.011","-0.05","69.5","70.6","70.0","60.1","59.8","60.0","1.00","1.10","1.05","0","0","3"
"09/01/2016","13:14:00","18384","67","4.2","0.015","-0.10","72.1","71.2","71.6","60.1","59.8","59.9","0.90","0.60","0.73","0","1","7"
"09/01/2016","13:14:00","18533","79","5.6","0.012","-0.02","75.6","73.9","74.9","60.1","59.8","59.9","0.90","0.70","0.82","0","0","3"
"09/01/2016","13:14:00","18683","66","5.1","0.009","0.15","71.8","72.8","72.3","60.0","59.7","59.9","0.90","0.90","0.89","0","0","3"
"09/01/2016","13:14:00","18832","114","6.1","0.031","-0.03","71.7","68.3","70.4","60.0","59.7","59.9","0.60","0.70","0.65","0","0","3"
"09/01/2016","13:14:00","18981","78","7.4","0.030","-0.03","70.0","66.4","68.6","60.0","59.8","59.9","0.40","0.50","0.46","3","1","7"
"09/01/2016","13:14:00","19131","72","7.9","0.006","0.13","67.5","67.0","67.3","60.0","59.8","59.9","0.50","0.60","0.56","8","2","3"
"09/01/2016","13:14:00","19280","100","7.3","0.025","1.10","68.0","64.2","66.5","59.9","59.8","59.8","0.70","0.50","0.64","0","2","7"
"09/01/2016","13:14:00","19430","71","10.3","0.035","0.13","70.1","67.9","69.1","59.9","59.7","59.8","0.80","0.70","0.74","0","0","3"
"09/01/2016","13:19:00","1795","189","13.9","0.000","0.07","118.5","119.9","119.2","57.6","57.7","57.7","0.40","0.50","0.46","0","0","3"
"09/01/2016","13:19:00","1944","190","13.6","0.003","0.01","115.7","116.9","116.4","57.5","57.6","57.5","0.60","0.50","0.58","0","0","3"
"09/01/2016","13:19:00","2093","188","14.0","0.004","0.02","121.4","122.2","121.8","57.1","57.2","57.1","0.50","0.50","0.54","0","0","3"
"09/01/2016","13:19:00","2243","189","14.0","0.002","0.05","123.5","123.8","123.7","57.5","57.5","57.5","0.50","0.50","0.49","0","0","3"
"09/01/2016","13:19:00","2392","191","13.7","0.003","0.07","122.8","121.9","122.4","58.5","58.5","58.5","0.60","0.50","0.56","0","0","3"
"09/01/2016","13:19:00","2542","196","13.9","0.007","-0.03","122.1","120.7","121.5","59.0","59.0","59.0","0.50","0.50","0.50","0","0","3"
"09/01/2016","13:19:00","2691","200","14.2","0.008","0.00","122.8","123.6","123.2","59.8","59.7","59.7","0.50","0.50","0.49","0","0","3"
"09/01/2016","13:19:00","2841","202","13.7","0.004","-0.03","123.8","124.2","124.0","60.0","59.9","60.0","0.50","0.60","0.53","0","0","3"
"09/01/2016","13:19:00","2990","204","13.0","0.005","-0.06","125.6","126.8","126.3","60.0","59.9","59.9","0.50","0.40","0.45","0","0","3"
"09/01/2016","13:19:00","3140","204","13.0","0.000","-0.04","128.2","128.5","128.3","59.9","59.9","59.9","0.40","0.40","0.40","0","0","3"
"09/01/2016","13:19:00","3289","205","12.8","0.002","-0.06","128.0","125.9","127.1","59.9","59.9","59.9","0.50","0.40","0.42","0","0","3"
"09/01/2016","13:19:00","3439","207","13.5","0.005","-0.07","123.9","122.0","123.1","59.9","59.9","59.9","0.40","0.50","0.49","0","0","3"
"09/01/2016","13:19:00","3588","208","14.6","0.008","-0.08","123.1","121.6","122.4","59.9","59.9","59.9","0.50","0.60","0.52","0","0","3"
"09/01/2016","13:19:00","3737","210","15.3","0.006","-0.08","121.3","121.6","121.4","59.9","59.9","59.9","0.50","0.50","0.50","0","0","3"
"09/01/2016","13:19:00","3887","209","15.6","0.002","0.00","120.4","120.6","120.5","59.8","59.9","59.8","0.50","0.40","0.48","0","0","3"
"09/01/2016","13:19:00","4036","208","15.6","0.002","0.03","119.9","120.2","120.0","59.9","59.8","59.8","0.50","0.50","0.50","0","0","3"
"09/01/2016","13:19:00","4186","210","15.8","0.003","-0.02","116.4","116.0","116.2","59.9","59.9","59.9","0.50","0.60","0.56","0","0","3"
"09/01/2016","13:19:00","4335","213","15.6","0.005","0.01","115.3","114.9","115.1","59.9","59.9","59.9","0.70","0.60","0.64","0","0","3"
"09/01/2016","13:19:00","4485","216","14.3","0.010","0.03","117.6","114.8","116.4","59.9","59.8","59.9","0.60","0.60","0.59","0","0","3"
"09/01/2016","13:19:00","4634","216","14.5","0.001","0.02","120.3","119.1","119.8","59.9","59.9","59.9","0.60","0.50","0.51","0","0","3"
"09/01/2016","13:19:00","4784","216","14.7","0.002","-0.03","120.8","121.0","120.9","59.9","59.8","59.9","0.60","0.40","0.49","0","0","3"
"09/01/2016","13:19:00","4933","217","14.9","0.003","0.01","116.9","117.5","117.2","59.9","59.8","59.9","0.60","0.40","0.52","0","0","3"
"09/01/2016","13:19:00","5083","220","14.8","0.005","0.03","118.7","117.9","118.3","59.9","59.8","59.8","0.50","0.50","0.50","0","0","3"
"09/01/2016","13:19:00","5232","220","15.1","0.002","0.03","121.8","120.5","121.2","59.9","59.9","59.9","0.50","0.50","0.48","0","0","3"
"09/01/2016","13:19:00","5381","221","14.7","0.003","0.00","119.4","114.8","117.7","59.9","59.8","59.9","0.50","0.60","0.55","0","0","3"
"09/01/2016","13:19:00","5531","218","13.4","0.010","0.01","117.9","116.0","117.0","59.8","59.9","59.8","0.50","0.70","0.60","0","0","3"
"09/01/2016","13:19:00","5680","217","12.4","0.007","0.04","116.5","113.0","115.1","59.9","59.9","59.9","0.50","0.70","0.61","0","0","3"
"09/01/2016","13:19:00","5830","219","11.5","0.007","0.05","111.4","111.0","111.2","59.8","59.9","59.8","0.60","0.70","0.62","0","0","3"
"09/01/2016","13:19:00","5979","221","10.1","0.009","0.05","107.7","106.1","107.0","59.8","59.9","59.9","0.60","0.90","0.75","0","0","3"
"09/01/2016","13:19:00","6129","223","8.6","0.011","0.04","103.7","104.1","103.9","60.0","59.9","59.9","0.60","0.70","0.66","0","0","3"
"09/01/2016","13:19:00","6278","223","7.8","0.005","-0.05","100.6","102.4","101.6","59.9","59.9","59.9","0.60","0.70","0.63","0","0","3"
"09/01/2016","13:19:00","6428","220","6.7","0.008","-0.09","104.1","105.1","104.7","59.9","59.9","59.9","0.50","0.50","0.53","0","0","3"
"09/01/2016","13:19:00","6577","221","6.3","0.003","0.00","108.1","107.5","107.8","59.8","59.8","59.8","0.60","0.60","0.58","0","0","3"
"09/01/2016","13:19:00","6726","221","5.8","0.003","0.06","107.1","107.5","107.3","59.8","59.9","59.9","0.60","0.90","0.76","0","0","3"
"09/01/2016","13:19:00","6876","221","4.7","0.007","-0.10","105.1","106.7","105.9","59.9","59.9","59.9","1.00","1.20","1.11","0","0","3"
"09/01/2016","13:19:00","7025","222","5.5","0.006","-0.29","106.6","107.7","107.2","59.9","59.9","59.9","1.20","1.40","1.30","0","0","3"
"09/01/2016","13:19:00","7175","216","7.2","0.012","-0.27","111.7","112.5","112.1","59.9","59.8","59.8","1.10","1.20","1.16","0","0","3"
"09/01/2016","13:19:00","7324","215","6.5","0.005","-0.02","113.4","113.0","113.2","59.8","59.9","59.8","1.00","1.00","1.00","0","0","3"
"09/01/2016","13:19:00","7474","216","6.1","0.003","0.06","106.2","109.0","107.9","59.9","59.8","59.8","1.00","0.80","0.87","0","0","3"
"09/01/2016","13:19:00","7623","230","6.7","0.011","-0.05","100.9","104.5","103.1","59.8","59.9","59.9","1.10","0.70","0.88","0","0","3"
"09/01/2016","13:19:00","7773","240","6.7","0.008","0.08","97.3","98.5","97.9","59.9","59.8","59.8","1.10","0.60","0.87","0","0","3"
"09/01/2016","13:19:00","7922","248","6.8","0.006","0.06","98.4","97.1","97.8","59.9","59.8","59.8","0.50","0.40","0.47","0","0","3"
"09/01/2016","13:19:00","8072","240","6.6","0.006","-0.01","97.6","96.0","96.9","59.8","59.8","59.8","0.70","0.50","0.58","0","0","3"
"09/01/2016","13:19:00","8221","225","6.5","0.012","0.09","97.5","98.9","98.3","59.8","59.8","59.8","0.70","0.40","0.56","0","0","3"
"09/01/2016","13:19:00","8370","224","6.5","0.001","0.12","97.7","101.8","100.2","59.8","59.8","59.8","0.50","0.40","0.43","0","0","3"
"09/01/2016","13:19:00","8520","228","6.9","0.004","0.03","96.0","101.4","99.5","59.7","59.8","59.7","0.50","0.30","0.40","0","0","3"
"09/01/2016","13:19:00","8669","229","7.2","0.002","0.01","92.6","95.4","94.2","59.8","59.8","59.8","0.40","0.40","0.39","0","0","3"
"09/01/2016","13:19:00","8819","225","7.5","0.004","0.02","87.5","92.0","90.3","59.8","59.7","59.8","0.60","0.40","0.50","0","0","3"
"09/01/2016","13:19:00","8968","220","8.6","0.009","0.03","90.6","92.5","91.7","59.8","59.7","59.8","0.50","0.50","0.46","0","0","3"
"09/01/2016","13:19:00","9118","217","10.0","0.010","-0.02","92.2","90.9","91.6","59.8","59.8","59.8","0.60","0.50","0.53","0","0","3"
"09/01/2016","13:19:00","9267","214","10.8","0.006","-0.05","89.8","90.1","90.0","59.8","59.8","59.8","0.50","0.50","0.51","0","0","3"
"09/01/2016","13:19:00","9417","211","10.5","0.004","-0.03","90.5","89.8","90.2","59.7","59.7","59.7","0.50","0.50","0.48","0","0","3"
"09/01/2016","13:19:00","9566","209","10.4","0.003","-0.04","91.1","91.3","91.2","59.7","59.8","59.8","0.60","0.40","0.51","0","0","3"
"09/01/2016","13:19:00","9715","212","11.0","0.005","-0.11","89.2","87.1","88.3","59.8","59.7","59.7","0.70","0.40","0.55","0","0","3"
"09/01/2016","13:19:00","9865","216","11.0","0.005","-0.15","84.8","82.5","83.8","59.8","59.7","59.8","0.70","0.70","0.69","0","0","3"
"09/01/2016","13:19:00","10014","224","10.2","0.011","-0.19","84.3","83.4","83.9","59.8","59.7","59.8","0.60","0.70","0.64","0","0","3"
"09/01/2016","13:19:00","10164","226","9.4","0.006","-0.11","83.6","87.0","85.7","59.8","59.8","59.8","0.60","0.60","0.56","0","0","3"
"09/01/2016","13:19:00","10313","228","8.3","0.008","-0.03","83.5","87.5","86.0","59.7","59.8","59.8","0.50","0.50","0.50","0","0","3"
"09/01/2016","13:19:00","10463","234","7.5","0.007","-0.03","84.1","85.5","84.9","59.8","59.8","59.8","0.60","0.40","0.52","0","0","3"
"09/01/2016","13:19:00","10612","242","6.8","0.008","-0.01","84.9","83.2","84.1","59.7","59.8","59.7","0.60","0.50","0.58","0","0","3"
"09/01/2016","13:19:00","10762","247","6.5","0.005","-0.05","83.7","82.5","83.2","59.7","59.7","59.7","0.60","0.40","0.49","0","0","3"
"09/01/2016","13:19:00","10911","253","7.1","0.006","-0.06","80.3","80.7","80.5","59.7","59.7","59.7","0.50","0.50","0.49","0","0","3"
"09/01/2016","13:19:00","11061","263","7.3","0.008","-0.08","81.0","81.9","81.5","59.7","59.7","59.7","0.50","0.60","0.53","0","0","3"
"09/01/2016","13:19:00","11210","272","7.4","0.008","-0.10","82.4","82.4","82.4","59.7","59.8","59.8","0.50","0.50","0.46","0","0","3"
"09/01/2016","13:19:00","11359","282","8.3","0.011","-0.11","82.1","81.1","81.6","59.8","59.8","59.8","0.70","0.50","0.62","0","0","3"
"09/01/2016","13:19:00","11509","288","9.3","0.009","-0.12","83.1","81.9","82.5","59.8","59.8","59.8","0.70","0.40","0.57","0","0","3"
"09/01/2016","13:19:00","11658","289","11.3","0.013","-0.11","80.6","81.3","81.0","59.7","59.8","59.8","0.60","0.60","0.61","0","0","3"
"09/01/2016","13:19:00","11808","290","13.5","0.015","-0.07","82.3","82.3","82.3","59.7","59.9","59.8","0.70","0.50","0.62","0","0","3"
"09/01/2016","13:19:00","11957","290","15.7","0.015","-0.07","82.8","82.8","82.8","59.7","59.9","59.8","0.90","0.70","0.79","0","0","3"
"09/01/2016","13:19:00","12107","288","18.5","0.019","-0.14","83.8","84.2","84.0","59.7","59.9","59.8","0.80","1.00","0.90","0","0","3"
"09/01/2016","13:19:00","12256","284","20.8","0.017","-0.07","84.5","85.7","85.1","59.7","60.0","59.9","0.80","1.00","0.92","0","0","3"
"09/01/2016","13:19:00","12406","281","22.5","0.014","0.02","84.7","84.6","84.6","59.7","60.1","59.9","0.70","1.10","0.91","0","0","3"
"09/01/2016","13:19:00","12555","278","23.4","0.009","0.01","78.9","81.4","80.4","59.7","60.1","59.9","0.90","1.00","0.94","0","0","3"
"09/01/2016","13:19:00","12705","276","24.5","0.010","-0.14","75.0","77.3","76.3","59.8","59.9","59.9","0.90","1.10","1.03","0","0","3"
"09/01/2016","13:19:00","12854","274","26.0","0.012","0.01","77.1","75.5","76.4","59.8","59.9","59.8","0.80","1.00","0.92","0","0","3"
"09/01/2016","13:19:00","13003","273","27.4","0.010","0.02","80.0","79.2","79.6","59.8","59.8","59.8","1.00","0.90","0.93","0","0","3"
"09/01/2016","13:19:00","13153","274","28.7","0.009","0.00","81.8","81.1","81.5","59.7","59.9","59.8","0.90","0.80","0.89","0","0","3"
"09/01/2016","13:19:00","13302","275","29.9","0.009","0.01","81.9","79.5","80.9","59.8","59.8","59.8","1.00","1.00","1.01","0","0","3"
"09/01/2016","13:19:00","13452","276","30.3","0.004","-0.03","79.9","76.2","78.4","59.7","59.8","59.8","1.00","1.20","1.07","0","0","3"
"09/01/2016","13:19:00","13601","278","28.5","0.015","0.02","74.9","71.2","73.5","59.8","59.8","59.8","1.00","0.90","0.98","0","0","3"
"09/01/2016","13:19:00","13751","280","28.2","0.006","0.11","72.6","71.0","71.8","59.8","59.8","59.8","1.20","1.10","1.13","0","0","3"
"09/01/2016","13:19:00","13900","276","29.2","0.015","-0.06","73.3","69.3","71.7","59.8","59.9","59.9","1.40","0.60","1.01","0","0","3"
"09/01/2016","13:19:00","14050","278","27.2","0.015","-0.04","71.7","67.0","69.9","59.8","59.8","59.8","1.10","0.90","0.99","0","0","3"
"09/01/2016","13:19:00","14199","281","26.3","0.011","0.03","70.2","73.2","71.9","59.8","59.9","59.8","1.10","1.50","1.32","0","0","3"
"09/01/2016","13:19:00","14348","274","23.3","0.029","-0.12","73.4","73.5","73.5","59.8","59.9","59.8","1.50","0.90","1.24","0","0","3"
"09/01/2016","13:19:00","14498","277","23.7","0.010","0.09","77.3","78.0","77.7","59.8","59.9","59.8","1.30","1.10","1.20","0","0","3"
"09/01/2016","13:19:00","14647","281","22.8","0.012","0.19","82.4","81.5","82.0","59.8","59.9","59.8","1.10","1.50","1.32","0","0","3"
"09/01/2016","13:19:00","14797","284","22.6","0.008","0.23","83.0","82.4","82.7","59.8","59.9","59.8","1.00","1.80","1.42","0","0","3"
"09/01/2016","13:19:00","14946","294","21.8","0.028","-0.04","82.7","82.8","82.8","59.7","59.9","59.8","1.10","1.40","1.25","0","0","3"
"09/01/2016","13:19:00","15096","302","22.1","0.021","0.11","83.7","85.5","84.7","59.8","60.0","59.9","1.20","1.60","1.40","0","0","3"
"09/01/2016","13:19:00","15245","311","20.2","0.024","0.17","85.4","85.7","85.5","59.8","59.9","59.8","1.40","1.40","1.38","0","0","3"
"09/01/2016","13:19:00","15395","317","18.3","0.019","0.19","84.2","84.3","84.3","59.8","59.8","59.8","1.80","1.20","1.50","0","0","3"
"09/01/2016","13:19:00","15544","325","14.2","0.031","0.07","81.7","81.5","81.6","59.8","59.8","59.8","1.60","0.90","1.25","0","0","3"
"09/01/2016","13:19:00","15694","333","10.7","0.026","0.04","79.8","80.4","80.1","59.7","59.9","59.8","1.60","0.80","1.19","0","0","3"
"09/01/2016","13:19:00","15843","349","5.9","0.036","0.17","79.5","80.3","79.9","59.8","59.9","59.8","1.70","0.70","1.23","0","0","3"
"09/01/2016","13:19:00","15992","3","3.5","0.018","0.21","78.6","79.1","78.9","59.8","59.8","59.8","1.40","0.90","1.11","0","0","3"
"09/01/2016","13:19:00","16142","9","1.3","0.014","0.19","76.9","75.2","76.2","59.8","59.9","59.8","1.00","0.90","0.98","0","0","3"
"09/01/2016","13:19:00","16291","344","3.2","0.014","0.14","74.7","75.7","75.2","59.9","59.9","59.9","0.90","0.70","0.81","0","0","3"
"09/01/2016","13:19:00","16441","343","1.8","0.009","0.25","76.5","76.0","76.2","59.9","59.9","59.9","1.00","1.40","1.18","0","0","3"
"09/01/2016","13:19:00","16590","137","1.4","0.021","0.04","76.3","75.5","75.9","59.9","59.8","59.9","0.80","1.30","1.07","0","0","3"
"09/01/2016","13:19:00","16740","165","2.7","0.011","0.16","75.4","74.1","74.8","59.9","59.9","59.9","0.90","0.70","0.79","0","0","3"
"09/01/2016","13:19:00","16889","226","4.2","0.025","-0.36","72.2","72.4","72.3","60.1","59.9","60.0","1.40","1.10","1.26","0","0","3"
"09/01/2016","13:19:00","17039","270","1.7","0.022","-0.17","73.8","72.0","73.0","60.2","59.9","60.0","1.10","0.90","0.99","0","0","3"
"09/01/2016","13:19:00","17188","99","1.4","0.021","0.07","79.0","75.3","77.6","60.1","59.9","60.0","1.10","0.60","0.82","0","0","3"
"09/01/2016","13:19:00","17338","76","1.3","0.004","-0.05","78.3","76.6","77.5","60.1","59.8","60.0","1.00","0.50","0.78","0","0","3"
"09/01/2016","13:19:00","17487","81","1.1","0.002","-0.13","74.7","73.8","74.3","60.0","59.9","59.9","0.60","0.50","0.56","0","0","3"
"09/01/2016","13:19:00","17636","111","4.4","0.024","0.22","72.2","70.3","71.3","59.9","59.8","59.9","0.80","0.80","0.77","0","0","3"
"09/01/2016","13:19:00","17786","62","3.5","0.023","0.10","70.1","71.1","70.7","60.0","59.8","59.9","1.10","0.70","0.92","0","0","3"
"09/01/2016","13:19:00","17935","27","4.1","0.016","-0.29","71.1","72.4","71.8","60.1","59.8","60.0","0.60","0.40","0.50","0","0","3"
"09/01/2016","13:19:00","18085","66","5.0","0.021","-0.25","71.9","70.8","71.4","60.1","59.8","60.0","1.30","0.90","1.08","0","0","3"
"09/01/2016","13:19:00","18234","84","3.1","0.015","-0.13","69.8","67.5","68.8","60.1","59.8","60.0","1.50","0.90","1.20","0","0","3"
"09/01/2016","13:19:00","18384","69","4.1","0.009","-0.27","73.1","71.2","72.3","60.1","59.8","60.0","1.10","0.70","0.88","0","2","7"
"09/01/2016","13:19:00","18533","88","5.5","0.014","0.01","75.1","74.0","74.6","60.0","59.8","59.9","1.20","1.00","1.11","0","0","3"
"09/01/2016","13:19:00","18683","93","7.1","0.011","0.10","70.8","72.0","71.5","60.0","59.8","59.9","1.10","1.00","1.03","0","0","3"
"09/01/2016","13:19:00","18832","114","7.1","0.017","-0.04","70.8","67.2","69.4","60.0","59.8","59.9","1.40","0.50","0.95","0","0","3"
"09/01/2016","13:19:00","18981","80","7.0","0.028","0.04","70.2","65.4","68.5","60.0","59.8","59.9","0.40","0.40","0.39","4","2","7"
"09/01/2016","13:19:00","19131","76","9.3","0.016","0.04","65.7","68.3","67.2","59.9","59.8","59.9","0.40","0.60","0.49","9","3","3"
"09/01/2016","13:19:00","19280","62","10.6","0.018","-0.28","67.9","66.4","67.2","59.8","59.8","59.8","0.80","0.60","0.70","0","2","7"
"09/01/2016","13:19:00","19430","75","10.7","0.016","0.23","69.9","66.2","68.4","59.8","59.8","59.8","1.00","0.50","0.73","0","1","7"
"09/01/2016","13:24:00","1795","188","13.7","0.000","0.13","119.0","119.2","119.1","57.5","57.7","57.6","0.50","0.50","0.47","0","0","3"
"09/01/2016","13:24:00","1944","190","13.6","0.003","0.10","119.0","117.4","118.3","57.5","57.6","57.5","0.60","0.50","0.51","0","0","3"
"09/01/2016","13:24:00","2093","189","14.0","0.004","0.06","123.1","122.0","122.6","57.1","57.2","57.2","0.50","0.50","0.51","0","0","3"
"09/01/2016","13:24:00","2243","189","13.8","0.002","0.10","124.2","123.8","124.0","57.5","57.6","57.6","0.60","0.50","0.53","0","0","3"
"09/01/2016","13:24:00","2392","192","13.6","0.004","0.10","124.1","123.5","123.8","58.4","58.5","58.5","0.60","0.50","0.56","0","0","3"
"09/01/2016","13:24:00","2542","197","13.6","0.009","-0.01","124.3","121.2","123.0","58.9","59.1","59.0","0.60","0.50","0.55","0","0","3"
"09/01/2016","13:24:00","2691","201","14.1","0.006","0.00","124.2","123.7","124.0","59.6","59.7","59.7","0.50","0.50","0.52","0","0","3"
"09/01/2016","13:24:00","2841","203","13.5","0.005","-0.03","124.4","124.1","124.3","59.9","59.9","59.9","0.50","0.50","0.51","0","0","3"
"09/01/2016","13:24:00","2990","205","13.0","0.005","-0.05","125.8","126.9","126.4","59.9","59.9","59.9","0.50","0.40","0.45","0","0","3"
"09/01/2016","13:24:00","3140","205","12.7","0.002","-0.01","128.4","128.9","128.6","59.8","59.9","59.9","0.40","0.40","0.41","0","0","3"
"09/01/2016","13:24:00","3289","206","12.5","0.002","-0.04","126.9","127.4","127.2","59.9","60.0","59.9","0.40","0.40","0.42","0","0","3"
"09/01/2016","13:24:00","3439","206","13.3","0.006","-0.03","124.2","123.2","123.7","59.8","59.9","59.9","0.40","0.60","0.51","0","0","3"
"09/01/2016","13:24:00","3588","208","14.4","0.007","-0.02","122.0","121.4","121.7","59.8","60.0","59.9","0.50","0.60","0.52","0","0","3"
"09/01/2016","13:24:00","3737","210","14.7","0.004","0.00","120.2","120.1","120.2","59.8","59.9","59.9","0.50","0.60","0.54","0","0","3"
"09/01/2016","13:24:00","3887","209","15.5","0.006","0.04","118.4","119.6","119.0","59.7","59.9","59.8","0.50","0.50","0.49","0","0","3"
"09/01/2016","13:24:00","4036","208","15.4","0.001","0.04","118.8","119.4","119.1","59.8","59.8","59.8","0.50","0.50","0.50","0","0","3"
"09/01/2016","13:24:00","4186","210","15.8","0.003","0.04","118.0","116.3","117.2","59.9","59.9","59.9","0.50","0.60","0.54","0","0","3"
"09/01/2016","13:24:00","4335","213","15.8","0.006","0.03","115.4","113.9","114.7","59.9","59.9","59.9","0.60","0.60","0.59","0","0","3"
"09/01/2016","13:24:00","4485","215","14.4","0.010","0.05","116.7","114.1","115.6","59.9","59.9","59.9","0.60","0.60","0.60","0","0","3"
"09/01/2016","13:24:00","4634","215","14.7","0.003","0.02","120.2","118.3","119.4","59.8","59.9","59.9","0.60","0.50","0.58","0","0","3"
"09/01/2016","13:24:00","4784","214","15.0","0.003","0.01","122.7","121.6","122.2","59.9","59.9","59.9","0.60","0.50","0.53","0","0","3"
"09/01/2016","13:24:00","4933","216","15.0","0.004","0.02","118.8","117.5","118.2","59.8","59.9","59.8","0.70","0.40","0.56","0","0","3"
"09/01/2016","13:24:00","5083","219","15.1","0.005","-0.01","118.2","116.1","117.3","59.9","59.9","59.9","0.60","0.50","0.53","0","0","3"
"09/01/2016","13:24:00","5232","219","15.1","0.001","0.01","122.3","120.4","121.4","59.9","59.9","59.9","0.60","0.50","0.51","0","0","3"
"09/01/2016","13:24:00","5381","220","14.8","0.003","0.00","119.0","117.5","118.3","59.8","59.9","59.9","0.60","0.50","0.55","0","0","3"
"09/01/2016","13:24:00","5531","219","13.5","0.008","0.03","119.6","117.2","118.5","59.8","59.9","59.8","0.50","0.60","0.57","0","0","3"
"09/01/2016","13:24:00","5680","218","12.9","0.004","0.05","119.4","116.1","118.0","59.8","60.0","59.9","0.50","0.60","0.54","0","0","3"
"09/01/2016","13:24:00","5830","219","11.9","0.007","0.04","113.5","111.0","112.4","59.8","59.9","59.8","0.50","0.80","0.67","0","0","3"
"09/01/2016","13:24:00","5979","220","10.1","0.012","0.03","108.6","108.1","108.4","59.8","60.0","59.9","0.60","0.90","0.76","0","0","3"
"09/01/2016","13:24:00","6129","222","8.8","0.009","0.04","104.1","105.5","104.8","59.9","59.9","59.9","0.60","0.80","0.71","0","0","3"
"09/01/2016","13:24:00","6278","223","8.4","0.003","0.02","101.8","100.6","101.2","59.8","59.9","59.9","0.60","0.80","0.68","0","0","3"
"09/01/2016","13:24:00","6428","221","7.0","0.009","-0.15","101.4","103.1","102.3","59.8","60.0","59.9","0.70","0.50","0.59","0","0","3"
"09/01/2016","13:24:00","6577","220","6.6","0.003","-0.09","109.4","106.1","108.0","59.8","59.9","59.9","0.60","0.60","0.57","0","0","3"
"09/01/2016","13:24:00","6726","219","5.8","0.006","0.01","110.4","106.2","108.8","59.8","59.9","59.9","0.60","0.90","0.75","0","0","3"
"09/01/2016","13:24:00","6876","217","4.9","0.006","-0.05","106.0","106.8","106.4","59.8","59.9","59.9","0.80","1.10","0.94","0","0","3"
"09/01/2016","13:24:00","7025","218","6.1","0.008","-0.14","104.3","106.8","105.7","59.8","60.0","59.9","1.00","1.30","1.12","0","0","3"
"09/01/2016","13:24:00","7175","223","6.9","0.006","-0.34","108.8","109.5","109.2","59.8","59.9","59.8","0.90","1.10","1.01","0","0","3"
"09/01/2016","13:24:00","7324","221","7.4","0.003","-0.18","112.0","111.5","111.8","59.8","59.9","59.8","0.90","1.10","0.98","0","0","3"
"09/01/2016","13:24:00","7474","221","6.5","0.006","-0.04","110.1","109.7","109.9","59.8","59.9","59.8","0.80","1.00","0.88","0","0","3"
"09/01/2016","13:24:00","7623","231","6.5","0.008","0.02","104.5","105.6","105.1","59.9","59.9","59.9","0.90","0.80","0.85","0","0","3"
"09/01/2016","13:24:00","7773","243","6.5","0.009","0.03","102.4","99.6","101.2","59.8","59.9","59.9","0.80","0.80","0.79","0","0","3"
"09/01/2016","13:24:00","7922","246","6.6","0.002","0.11","100.1","97.1","98.9","59.8","59.9","59.8","0.70","0.50","0.57","0","0","3"
"09/01/2016","13:24:00","8072","241","6.7","0.004","0.00","95.1","94.5","94.8","59.8","59.8","59.8","0.80","0.50","0.62","0","0","3"
"09/01/2016","13:24:00","8221","225","6.2","0.012","0.10","97.6","99.0","98.4","59.8","59.8","59.8","0.70","0.40","0.56","0","0","3"
"09/01/2016","13:24:00","8370","223","6.4","0.002","0.13","97.3","101.5","99.9","59.8","59.8","59.8","0.50","0.40","0.48","0","0","3"
"09/01/2016","13:24:00","8520","227","6.9","0.005","0.03","93.9","100.9","98.7","59.7","59.8","59.8","0.50","0.40","0.42","0","0","3"
"09/01/2016","13:24:00","8669","229","7.4","0.003","0.01","91.8","95.0","93.7","59.7","59.8","59.8","0.50","0.40","0.42","0","0","3"
"09/01/2016","13:24:00","8819","224","7.6","0.004","0.02","87.5","93.2","91.2","59.8","59.8","59.8","0.60","0.40","0.52","0","0","3"
"09/01/2016","13:24:00","8968","219","8.9","0.009","0.01","89.8","93.0","91.7","59.7","59.8","59.7","0.50","0.50","0.48","0","0","3"
"09/01/2016","13:24:00","9118","215","9.9","0.008","-0.01","91.6","91.6","91.6","59.7","59.8","59.8","0.70","0.50","0.58","0","0","3"
"09/01/2016","13:24:00","9267","212","10.5","0.006","0.02","90.4","89.9","90.1","59.8","59.8","59.8","0.60","0.50","0.56","0","0","3"
"09/01/2016","13:24:00","9417","208","9.9","0.006","-0.02","88.5","90.8","89.8","59.7","59.8","59.8","0.50","0.50","0.50","0","0","3"
"09/01/2016","13:24:00","9566","209","9.9","0.000","-0.02","91.2","91.2","91.2","59.8","59.8","59.8","0.60","0.50","0.54","0","0","3"
"09/01/2016","13:24:00","9715","212","10.4","0.005","-0.09","88.7","87.2","88.0","59.9","59.8","59.8","0.60","0.50","0.55","0","0","3"
"09/01/2016","13:24:00","9865","217","10.7","0.006","-0.14","84.6","82.1","83.5","59.9","59.8","59.9","0.70","0.70","0.68","0","0","3"
"09/01/2016","13:24:00","10014","224","9.8","0.010","-0.19","87.4","83.7","85.9","60.2","59.8","60.0","0.60","0.70","0.69","0","0","3"
"09/01/2016","13:24:00","10164","228","9.1","0.006","-0.13","87.6","87.2","87.4","60.4","59.8","60.1","0.60","0.60","0.60","0","0","3"
"09/01/2016","13:24:00","10313","232","8.1","0.008","-0.05","85.3","87.3","86.4","60.1","59.8","60.0","0.50","0.50","0.52","0","0","3"
"09/01/2016","13:24:00","10463","233","7.4","0.005","-0.03","84.6","85.7","85.2","60.0","59.8","59.9","0.60","0.50","0.52","0","0","3"
"09/01/2016","13:24:00","10612","239","6.6","0.007","-0.04","85.0","83.7","84.4","60.0","59.8","59.9","0.60","0.50","0.57","0","0","3"
"09/01/2016","13:24:00","10762","249","6.3","0.007","-0.08","83.6","83.5","83.5","60.0","59.8","59.9","0.60","0.40","0.52","0","0","3"
"09/01/2016","13:24:00","10911","255","7.1","0.007","-0.06","81.5","82.9","82.3","59.9","59.8","59.8","0.50","0.40","0.45","0","0","3"
"09/01/2016","13:24:00","11061","265","7.3","0.009","-0.07","81.3","82.3","81.9","59.8","59.8","59.8","0.50","0.50","0.53","0","0","3"
"09/01/2016","13:24:00","11210","275","7.6","0.008","-0.12","82.0","82.7","82.4","59.9","59.8","59.8","0.60","0.40","0.50","0","0","3"
"09/01/2016","13:24:00","11359","284","8.7","0.012","-0.09","83.0","81.3","82.2","59.9","59.8","59.8","0.70","0.50","0.61","0","0","3"
"09/01/2016","13:24:00","11509","289","9.9","0.010","-0.07","82.2","79.6","81.1","59.8","59.9","59.9","0.80","0.70","0.74","0","0","3"
"09/01/2016","13:24:00","11658","290","12.1","0.015","-0.12","81.1","81.0","81.1","59.8","59.9","59.8","1.00","0.70","0.85","0","0","3"
"09/01/2016","13:24:00","11808","291","14.1","0.013","-0.06","82.2","82.2","82.2","59.8","60.0","59.9","0.80","0.60","0.69","0","0","3"
"09/01/2016","13:24:00","11957","291","16.9","0.019","-0.14","81.7","82.0","81.8","59.7","59.9","59.8","0.80","0.70","0.78","0","0","3"
"09/01/2016","13:24:00","12107","287","19.2","0.017","-0.19","83.0","83.8","83.4","59.7","60.0","59.8","0.80","0.90","0.83","0","0","3"
"09/01/2016","13:24:00","12256","284","20.8","0.013","-0.08","84.2","85.0","84.6","59.7","60.1","59.9","0.80","1.00","0.88","0","0","3"
"09/01/2016","13:24:00","12406","280","22.5","0.016","0.01","81.1","82.6","81.9","59.7","60.2","60.0","0.70","1.10","0.90","0","0","3"
"09/01/2016","13:24:00","12555","277","23.9","0.011","-0.03","75.4","77.4","76.5","59.7","60.2","60.0","0.80","1.10","0.97","0","0","3"
"09/01/2016","13:24:00","12705","275","25.0","0.010","-0.15","75.3","75.7","75.5","59.8","59.9","59.9","1.10","0.90","1.00","0","0","3"
"09/01/2016","13:24:00","12854","273","26.1","0.010","-0.11","78.9","79.2","79.1","59.7","60.0","59.8","0.80","0.90","0.84","0","0","3"
"09/01/2016","13:24:00","13003","272","27.4","0.009","-0.07","80.5","80.3","80.4","59.7","59.9","59.8","0.90","0.90","0.87","0","0","3"
"09/01/2016","13:24:00","13153","273","28.4","0.007","0.01","80.0","81.1","80.6","59.7","59.9","59.8","1.00","0.90","0.91","0","0","3"
"09/01/2016","13:24:00","13302","273","29.6","0.008","-0.03","78.5","78.4","78.4","59.7","59.9","59.8","1.10","1.00","1.02","0","0","3"
"09/01/2016","13:24:00","13452","275","30.3","0.008","-0.08","78.9","76.0","77.7","59.7","59.8","59.8","1.00","1.10","1.07","0","0","3"
"09/01/2016","13:24:00","13601","277","29.4","0.009","-0.10","76.8","75.4","76.1","59.8","59.9","59.8","1.10","1.20","1.15","0","0","3"
"09/01/2016","13:24:00","13751","279","29.4","0.006","-0.12","76.0","73.5","74.9","59.8","59.8","59.8","1.30","1.10","1.19","0","0","3"
"09/01/2016","13:24:00","13900","278","29.5","0.003","0.03","76.3","73.2","75.0","59.8","59.9","59.8","1.30","1.20","1.28","0","0","3"
"09/01/2016","13:24:00","14050","278","28.4","0.007","-0.09","72.5","67.5","70.7","59.8","59.9","59.8","0.90","0.60","0.75","0","0","3"
"09/01/2016","13:24:00","14199","279","26.5","0.014","0.18","70.5","72.4","71.5","59.7","59.9","59.8","1.00","1.20","1.07","0","0","3"
"09/01/2016","13:24:00","14348","276","24.9","0.015","0.09","70.5","72.3","71.5","59.8","59.9","59.8","0.90","0.80","0.87","0","0","3"
"09/01/2016","13:24:00","14498","277","24.1","0.007","0.10","75.5","76.4","75.9","59.7","59.9","59.8","1.20","0.90","1.07","0","0","3"
"09/01/2016","13:24:00","14647","279","22.9","0.010","0.09","80.2","79.9","80.0","59.7","59.9","59.8","1.20","1.40","1.29","0","0","3"
"09/01/2016","13:24:00","14797","283","22.5","0.011","0.08","83.1","80.5","81.9","59.8","59.9","59.8","1.10","1.70","1.38","0","0","3"
"09/01/2016","13:24:00","14946","293","21.5","0.026","0.05","82.8","82.5","82.6","59.7","59.9","59.8","1.00","1.50","1.24","0","0","3"
"09/01/2016","13:24:00","15096","300","22.3","0.017","0.08","82.6","84.6","83.7","59.8","59.9","59.8","1.10","1.40","1.24","0","0","3"
"09/01/2016","13:24:00","15245","309","20.2","0.027","0.16","85.5","85.9","85.7","59.8","59.9","59.8","1.40","1.40","1.40","0","0","3"
"09/01/2016","13:24:00","15395","316","18.6","0.019","0.27","85.5","85.6","85.6","59.8","59.8","59.8","1.60","1.20","1.38","0","0","3"
"09/01/2016","13:24:00","15544","324","14.9","0.029","0.09","83.1","83.0","83.1","59.8","59.8","59.8","1.70","1.10","1.40","0","0","3"
"09/01/2016","13:24:00","15694","332","11.9","0.023","0.05","79.5","80.0","79.7","59.8","59.9","59.8","1.40","0.80","1.12","0","0","3"
"09/01/2016","13:24:00","15843","344","6.6","0.038","0.10","78.7","79.3","79.0","59.7","59.8","59.8","1.50","0.70","1.14","0","0","3"
"09/01/2016","13:24:00","15992","9","3.9","0.023","0.16","79.1","78.4","78.8","59.7","59.8","59.8","1.50","0.90","1.19","0","0","3"
"09/01/2016","13:24:00","16142","20","1.8","0.014","0.13","76.8","75.5","76.2","59.7","59.8","59.8","1.20","0.80","1.01","0","0","3"
"09/01/2016","13:24:00","16291","355","2.5","0.008","0.07","73.0","76.5","75.1","59.8","59.8","59.8","1.00","0.70","0.83","0","0","3"
"09/01/2016","13:24:00","16441","21","2.4","0.007","0.07","73.2","75.9","74.7","59.7","59.8","59.8","1.00","1.10","1.04","0","0","3"
"09/01/2016","13:24:00","16590","208","1.5","0.026","0.50","75.9","71.1","74.1","59.8","59.8","59.8","1.10","0.80","0.93","0","0","3"
"09/01/2016","13:24:00","16740","152","1.9","0.011","-0.01","73.8","73.4","73.6","59.8","59.9","59.8","0.60","1.30","0.95","0","0","3"
"09/01/2016","13:24:00","16889","224","1.6","0.014","0.00","71.4","72.9","72.2","59.8","59.8","59.8","0.90","1.10","1.00","0","0","3"
"09/01/2016","13:24:00","17039","333","1.4","0.016","-0.01","72.4","72.0","72.2","59.8","59.9","59.9","1.20","0.70","0.94","0","0","3"
"09/01/2016","13:24:00","17188","60","1.6","0.014","-0.05","79.5","77.1","78.5","59.8","59.9","59.9","0.70","0.60","0.64","0","0","3"
"09/01/2016","13:24:00","17338","66","1.6","0.001","-0.08","78.0","75.9","77.0","59.8","59.8","59.8","0.80","0.60","0.71","0","0","3"
"09/01/2016","13:24:00","17487","70","1.6","0.001","-0.18","73.9","72.3","73.2","59.7","59.8","59.8","0.70","0.50","0.60","0","0","3"
"09/01/2016","13:24:00","17636","44","2.0","0.006","-0.21","71.8","72.7","72.3","59.7","59.9","59.8","0.60","0.80","0.73","0","0","3"
"09/01/2016","13:24:00","17786","71","3.6","0.013","-0.03","68.8","72.5","71.0","59.8","59.8","59.8","0.50","0.90","0.70","1","0","7"
"09/01/2016","13:24:00","17935","29","4.0","0.018","-0.46","68.2","73.3","71.5","59.8","59.8","59.8","0.60","0.80","0.70","1","0","7"
"09/01/2016","13:24:00","18085","60","4.7","0.016","-0.42","69.8","69.2","69.5","59.7","59.8","59.8","1.10","0.70","0.91","0","0","3"
"09/01/2016","13:24:00","18234","92","3.6","0.017","-0.12","68.3","68.3","68.3","59.8","59.8","59.8","0.50","0.90","0.74","0","1","7"
"09/01/2016","13:24:00","18384","71","3.9","0.009","-0.32","74.4","70.1","72.7","59.8","59.9","59.8","1.10","0.50","0.78","0","3","7"
"09/01/2016","13:24:00","18533","95","6.0","0.020","-0.01","74.9","72.0","73.7","59.8","59.8","59.8","1.10","0.90","1.03","0","0","3"
"09/01/2016","13:24:00","18683","116","5.8","0.014","-0.29","71.0","68.2","69.8","59.7","59.8","59.8","1.00","0.60","0.80","0","0","3"
"09/01/2016","13:24:00","18832","118","6.8","0.007","-0.47","67.1","67.7","67.4","59.7","59.8","59.8","0.60","1.00","0.81","1","1","5"
"09/01/2016","13:24:00","18981","107","5.3","0.013","-0.06","68.0","67.4","67.7","59.7","59.8","59.8","0.40","1.50","0.94","5","0","3"
"09/01/2016","13:24:00","19131","77","7.2","0.025","-0.30","65.5","67.9","66.9","59.7","59.8","59.8","1.10","0.50","0.82","0","0","3"
"09/01/2016","13:24:00","19280","71","9.8","0.018","0.02","67.3","64.5","66.1","59.7","59.8","59.8","1.20","0.90","1.04","0","3","7"
"09/01/2016","13:24:00","19430","76","10.6","0.008","0.24","68.2","65.4","67.0","59.7","59.8","59.8","0.60","0.60","0.60","1","2","7"
"09/01/2016","13:29:00","1795","188","13.6","0.000","0.12","118.9","117.9","118.4","57.5","57.7","57.6","0.50","0.50","0.50","0","0","3"
"09/01/2016","13:29:00","1944","189","13.7","0.003","0.09","119.1","117.8","118.5","57.5","57.7","57.6","0.60","0.50","0.54","0","0","3"
"09/01/2016","13:29:00","2093","189","13.7","0.000","0.09","124.7","123.9","124.3","57.1","57.2","57.2","0.60","0.50","0.55","0","0","3"
"09/01/2016","13:29:00","2243","189","13.7","0.000","0.09","124.2","123.7","124.0","57.4","57.6","57.5","0.60","0.50","0.58","0","0","3"
"09/01/2016","13:29:00","2392","191","13.6","0.003","0.10","125.1","124.5","124.8","58.4","58.5","58.5","0.60","0.60","0.59","0","0","3"
"09/01/2016","13:29:00","2542","199","13.6","0.012","0.06","126.3","126.4","126.3","58.9","59.1","59.0","0.50","0.50","0.51","0","0","3"
"09/01/2016","13:29:00","2691","201","13.9","0.004","0.08","126.9","126.3","126.6","59.6","59.8","59.7","0.40","0.50","0.43","0","0","3"
"09/01/2016","13:29:00","2841","203","13.1","0.006","-0.01","125.9","124.6","125.3","59.8","60.0","59.9","0.50","0.50","0.47","0","0","3"
"09/01/2016","13:29:00","2990","203","13.0","0.001","-0.03","125.6","126.4","126.0","59.8","60.0","59.9","0.50","0.40","0.44","0","0","3"
"09/01/2016","13:29:00","3140","204","12.8","0.003","0.00","127.9","128.5","128.2","59.8","60.0","59.9","0.40","0.40","0.43","0","0","3"
"09/01/2016","13:29:00","3289","206","12.5","0.003","-0.01","127.0","127.5","127.2","59.8","60.0","59.9","0.40","0.40","0.42","0","0","3"
"09/01/2016","13:29:00","3439","207","13.4","0.006","0.03","123.9","122.6","123.3","59.8","59.9","59.9","0.50","0.60","0.55","0","0","3"
"09/01/2016","13:29:00","3588","207","14.1","0.005","0.03","120.6","119.6","120.1","59.8","60.0","59.9","0.50","0.60","0.56","0","0","3"
"09/01/2016","13:29:00","3737","208","14.5","0.003","0.12","118.8","119.4","119.1","59.8","60.0","59.9","0.50","0.60","0.55","0","0","3"
"09/01/2016","13:29:00","3887","208","15.2","0.005","0.11","117.4","119.2","118.4","59.7","60.0","59.8","0.50","0.50","0.50","0","0","3"
"09/01/2016","13:29:00","4036","208","15.4","0.002","0.12","119.1","118.8","119.0","59.7","59.9","59.8","0.50","0.50","0.51","0","0","3"
"09/01/2016","13:29:00","4186","209","15.8","0.004","0.07","118.2","116.8","117.6","59.7","60.0","59.9","0.50","0.50","0.51","0","0","3"
"09/01/2016","13:29:00","4335","212","16.0","0.005","0.06","116.4","113.8","115.3","59.8","59.9","59.9","0.50","0.60","0.54","0","0","3"
"09/01/2016","13:29:00","4485","214","15.4","0.006","0.06","116.7","113.9","115.5","59.8","59.9","59.9","0.60","0.60","0.57","0","0","3"
"09/01/2016","13:29:00","4634","214","15.2","0.001","0.08","119.2","118.3","118.8","59.8","59.9","59.9","0.50","0.50","0.52","0","0","3"
"09/01/2016","13:29:00","4784","214","15.5","0.003","0.10","122.7","123.1","122.9","59.8","60.0","59.9","0.60","0.50","0.51","0","0","3"
"09/01/2016","13:29:00","4933","216","15.2","0.005","0.09","118.7","118.6","118.7","59.7","59.9","59.8","0.70","0.40","0.59","0","0","3"
"09/01/2016","13:29:00","5083","219","14.8","0.006","0.05","118.8","118.4","118.6","59.8","59.9","59.8","0.60","0.50","0.53","0","0","3"
"09/01/2016","13:29:00","5232","219","14.9","0.001","0.04","122.4","122.9","122.7","59.8","59.9","59.9","0.60","0.50","0.50","0","0","3"
"09/01/2016","13:29:00","5381","220","15.0","0.002","0.01","120.9","120.4","120.6","59.7","59.9","59.8","0.50","0.50","0.52","0","0","3"
"09/01/2016","13:29:00","5531","219","13.8","0.009","0.01","119.6","118.3","119.0","59.7","59.9","59.8","0.60","0.70","0.65","0","0","3"
"09/01/2016","13:29:00","5680","217","13.1","0.005","-0.01","117.5","116.7","117.1","59.7","59.9","59.8","0.50","0.70","0.60","0","0","3"
"09/01/2016","13:29:00","5830","218","12.2","0.006","-0.04","112.8","110.7","111.9","59.7","59.9","59.8","0.50","0.80","0.69","0","0","3"
"09/01/2016","13:29:00","5979","219","9.9","0.016","-0.02","108.6","108.2","108.4","59.8","60.0","59.9","0.60","1.00","0.77","0","0","3"
"09/01/2016","13:29:00","6129","219","8.8","0.007","-0.01","106.5","105.4","106.0","59.8","60.0","59.9","0.60","0.80","0.70","0","0","3"
"09/01/2016","13:29:00","6278","224","8.1","0.006","-0.02","103.9","102.1","103.1","59.8","59.9","59.9","0.60","0.70","0.66","0","0","3"
"09/01/2016","13:29:00","6428","223","7.1","0.007","-0.21","104.7","101.5","103.4","59.7","60.0","59.9","0.70","0.60","0.64","0","0","3"
"09/01/2016","13:29:00","6577","222","6.5","0.004","-0.13","111.2","104.6","109.0","59.8","59.9","59.8","0.60","0.60","0.58","0","0","3"
"09/01/2016","13:29:00","6726","223","5.9","0.004","-0.04","113.9","104.5","111.4","59.8","59.9","59.8","0.50","0.70","0.61","0","0","3"
"09/01/2016","13:29:00","6876","220","5.4","0.004","0.00","107.3","106.5","106.9","59.8","59.9","59.8","0.60","1.00","0.81","0","0","3"
"09/01/2016","13:29:00","7025","218","5.3","0.002","0.03","104.3","105.2","104.7","59.7","59.9","59.8","1.00","1.10","1.02","0","0","3"
"09/01/2016","13:29:00","7175","214","4.4","0.006","-0.05","105.4","105.7","105.5","59.8","59.9","59.8","1.10","1.10","1.06","0","0","3"
"09/01/2016","13:29:00","7324","219","4.6","0.003","0.05","111.6","107.9","110.1","59.7","59.9","59.8","0.90","1.10","1.00","0","0","3"
"09/01/2016","13:29:00","7474","217","5.4","0.006","-0.02","111.4","109.7","110.6","59.7","59.9","59.8","0.90","0.90","0.90","0","0","3"
"09/01/2016","13:29:00","7623","236","5.5","0.012","0.08","106.4","110.1","108.6","59.8","59.9","59.8","0.90","0.90","0.92","0","0","3"
"09/01/2016","13:29:00","7773","247","5.8","0.008","0.07","104.5","101.7","103.3","59.8","59.8","59.8","0.80","0.90","0.83","0","0","3"
"09/01/2016","13:29:00","7922","246","6.3","0.003","0.09","100.7","98.0","99.6","59.8","59.9","59.8","0.80","0.60","0.70","0","0","3"
"09/01/2016","13:29:00","8072","240","6.3","0.005","0.01","93.6","95.1","94.4","59.7","59.9","59.8","0.90","0.60","0.75","0","0","3"
"09/01/2016","13:29:00","8221","223","6.0","0.012","0.09","98.4","99.4","98.9","59.7","59.8","59.8","0.60","0.40","0.52","0","0","3"
"09/01/2016","13:29:00","8370","222","6.2","0.002","0.09","98.4","103.2","101.4","59.7","59.8","59.8","0.50","0.40","0.46","0","0","3"
"09/01/2016","13:29:00","8520","224","6.7","0.004","0.07","94.2","100.9","98.7","59.7","59.9","59.8","0.50","0.40","0.45","0","0","3"
"09/01/2016","13:29:00","8669","226","7.5","0.005","0.10","92.3","94.8","93.7","59.7","59.8","59.8","0.50","0.40","0.47","0","0","3"
"09/01/2016","13:29:00","8819","222","7.8","0.004","0.09","90.1","93.3","92.0","59.7","59.8","59.8","0.50","0.40","0.45","0","0","3"
"09/01/2016","13:29:00","8968","217","8.8","0.008","0.07","90.6","92.3","91.5","59.7","59.8","59.7","0.50","0.40","0.46","0","0","3"
"09/01/2016","13:29:00","9118","216","9.9","0.007","0.04","92.1","91.6","91.8","59.7","59.8","59.8","0.60","0.50","0.56","0","0","3"
"09/01/2016","13:29:00","9267","210","10.3","0.007","0.06","89.2","89.5","89.4","59.7","59.9","59.8","0.60","0.50","0.57","0","0","3"
"09/01/2016","13:29:00","9417","205","9.6","0.008","0.05","88.2","89.4","88.8","59.7","59.8","59.8","0.60","0.50","0.51","0","0","3"
"09/01/2016","13:29:00","9566","204","9.9","0.002","0.10","90.0","90.5","90.3","59.7","59.9","59.8","0.60","0.40","0.51","0","0","3"
"09/01/2016","13:29:00","9715","209","10.3","0.007","0.03","88.1","86.7","87.5","59.8","59.8","59.8","0.70","0.50","0.62","0","0","3"
"09/01/2016","13:29:00","9865","216","10.4","0.008","-0.05","85.0","81.7","83.7","59.8","59.9","59.9","0.80","0.60","0.71","0","0","3"
"09/01/2016","13:29:00","10014","223","9.4","0.010","-0.04","89.3","86.8","88.2","60.2","59.8","60.0","0.70","0.50","0.57","0","0","3"
"09/01/2016","13:29:00","10164","227","8.9","0.006","-0.09","87.8","86.8","87.3","60.3","59.8","60.1","0.70","0.60","0.61","0","0","3"
"09/01/2016","13:29:00","10313","230","7.8","0.008","0.04","85.3","86.4","85.9","60.1","59.8","59.9","0.40","0.50","0.48","0","0","3"
"09/01/2016","13:29:00","10463","233","7.1","0.006","-0.02","83.5","84.8","84.2","59.9","59.8","59.9","0.50","0.60","0.53","0","0","3"
"09/01/2016","13:29:00","10612","238","6.3","0.006","-0.02","84.5","84.0","84.2","59.9","59.8","59.8","0.60","0.60","0.57","0","0","3"
"09/01/2016","13:29:00","10762","245","6.3","0.005","-0.01","83.8","82.4","83.1","59.9","59.8","59.9","0.80","0.40","0.58","0","0","3"
"09/01/2016","13:29:00","10911","255","7.1","0.009","-0.04","81.5","81.8","81.7","59.8","59.8","59.8","0.60","0.40","0.47","0","0","3"
"09/01/2016","13:29:00","11061","267","7.2","0.010","-0.03","80.9","81.3","81.1","59.8","59.8","59.8","0.50","0.50","0.51","0","0","3"
"09/01/2016","13:29:00","11210","277","7.5","0.009","-0.07","81.2","80.8","81.1","59.8","59.8","59.8","0.50","0.50","0.48","0","0","3"
"09/01/2016","13:29:00","11359","286","8.6","0.011","-0.07","82.3","79.9","81.3","59.8","59.8","59.8","0.70","0.50","0.58","0","0","3"
"09/01/2016","13:29:00","11509","289","10.1","0.011","-0.07","81.6","79.7","80.8","59.8","60.0","59.9","0.80","0.70","0.74","0","0","3"
"09/01/2016","13:29:00","11658","290","12.2","0.014","-0.13","81.9","82.2","82.0","59.7","59.9","59.8","0.80","0.60","0.66","0","0","3"
"09/01/2016","13:29:00","11808","291","14.6","0.016","-0.04","83.5","81.8","82.7","59.7","60.0","59.8","0.90","0.70","0.77","0","0","3"
"09/01/2016","13:29:00","11957","290","17.2","0.017","-0.10","82.3","82.3","82.3","59.7","59.9","59.8","0.90","0.70","0.82","0","0","3"
"09/01/2016","13:29:00","12107","287","19.5","0.016","-0.15","83.0","83.5","83.2","59.7","60.0","59.9","0.80","0.80","0.80","0","0","3"
"09/01/2016","13:29:00","12256","283","20.7","0.013","-0.06","81.9","81.0","81.5","59.7","60.0","59.9","0.70","0.90","0.81","0","0","3"
"09/01/2016","13:29:00","12406","279","22.1","0.012","0.01","76.4","77.9","77.2","59.6","60.2","59.9","0.70","1.10","0.92","0","0","3"
"09/01/2016","13:29:00","12555","278","23.5","0.011","-0.10","73.1","73.9","73.5","59.6","60.1","59.9","0.80","0.90","0.86","0","0","3"
"09/01/2016","13:29:00","12705","273","24.9","0.016","-0.09","78.2","77.0","77.6","59.7","60.0","59.8","1.00","0.80","0.89","0","0","3"
"09/01/2016","13:29:00","12854","272","25.9","0.007","-0.19","81.0","79.6","80.4","59.7","60.0","59.8","0.80","0.80","0.82","0","0","3"
"09/01/2016","13:29:00","13003","272","27.9","0.014","-0.10","80.3","79.2","79.7","59.6","59.9","59.8","1.00","1.00","0.97","0","0","3"
"09/01/2016","13:29:00","13153","272","28.7","0.005","-0.08","76.9","79.3","78.3","59.6","59.9","59.8","0.80","0.90","0.89","0","0","3"
"09/01/2016","13:29:00","13302","272","30.0","0.009","-0.04","75.3","76.0","75.7","59.6","59.9","59.8","1.10","0.90","1.04","0","0","3"
"09/01/2016","13:29:00","13452","274","30.4","0.006","-0.20","75.8","74.9","75.3","59.6","59.8","59.7","0.90","1.30","1.10","0","0","3"
"09/01/2016","13:29:00","13601","275","30.6","0.004","-0.10","76.2","76.9","76.6","59.7","59.9","59.8","1.10","1.40","1.22","0","0","3"
"09/01/2016","13:29:00","13751","275","30.9","0.004","-0.03","76.7","76.9","76.8","59.7","59.9","59.8","1.10","1.50","1.29","0","0","3"
"09/01/2016","13:29:00","13900","277","30.0","0.008","-0.07","77.0","74.7","76.0","59.7","59.9","59.8","1.30","1.60","1.46","0","0","3"
"09/01/2016","13:29:00","14050","279","28.8","0.010","0.17","75.6","72.2","74.2","59.7","59.9","59.8","1.20","1.00","1.13","0","0","3"
"09/01/2016","13:29:00","14199","280","27.8","0.009","-0.01","72.0","72.6","72.3","59.7","59.8","59.7","1.30","0.90","1.12","0","0","3"
"09/01/2016","13:29:00","14348","277","25.4","0.019","-0.33","73.9","72.0","73.0","59.8","59.9","59.8","1.60","1.00","1.30","0","0","3"
"09/01/2016","13:29:00","14498","275","22.7","0.019","-0.12","77.4","73.6","75.9","59.8","59.9","59.8","1.80","1.10","1.42","0","0","3"
"09/01/2016","13:29:00","14647","278","23.5","0.010","0.04","79.7","78.4","79.1","60.0","59.9","59.9","1.20","0.90","1.05","0","0","3"
"09/01/2016","13:29:00","14797","283","22.1","0.016","0.21","84.5","80.4","82.9","59.9","59.9","59.9","1.10","1.60","1.35","0","0","3"
"09/01/2016","13:29:00","14946","291","21.0","0.023","0.14","84.0","81.9","83.1","59.8","59.9","59.9","0.90","1.40","1.18","0","0","3"
"09/01/2016","13:29:00","15096","299","21.5","0.018","0.10","83.2","83.5","83.4","59.8","59.9","59.8","1.20","1.50","1.39","0","0","3"
"09/01/2016","13:29:00","15245","309","19.7","0.027","0.20","84.5","85.7","85.2","59.8","59.8","59.8","1.40","1.30","1.37","0","0","3"
"09/01/2016","13:29:00","15395","315","18.2","0.016","0.19","85.1","85.8","85.5","59.9","59.9","59.9","1.70","1.20","1.44","0","0","3"
"09/01/2016","13:29:00","15544","321","14.5","0.027","0.14","83.3","83.0","83.2","59.9","59.8","59.9","1.70","1.10","1.43","0","0","3"
"09/01/2016","13:29:00","15694","330","11.5","0.025","0.16","80.1","79.7","79.9","59.8","59.9","59.9","1.50","0.90","1.16","0","0","3"
"09/01/2016","13:29:00","15843","342","6.8","0.034","0.14","79.6","79.2","79.4","59.8","59.9","59.8","1.70","0.60","1.16","0","0","3"
"09/01/2016","13:29:00","15992","14","3.4","0.029","0.09","80.4","79.5","80.0","59.8","59.8","59.8","1.40","0.90","1.12","0","0","3"
"09/01/2016","13:29:00","16142","33","1.8","0.012","0.13","78.1","77.2","77.7","59.7","59.8","59.8","1.10","1.10","1.07","0","0","3"
"09/01/2016","13:29:00","16291","353","2.2","0.009","0.05","74.0","76.9","75.7","59.7","59.8","59.8","0.70","0.70","0.67","0","0","3"
"09/01/2016","13:29:00","16441","25","2.4","0.008","-0.02","74.3","74.9","74.6","59.7","59.9","59.8","1.00","0.90","0.93","0","0","3"
"09/01/2016","13:29:00","16590","151","0.8","0.020","0.06","75.9","74.7","75.3","59.8","59.8","59.8","0.80","0.80","0.81","0","0","3"
"09/01/2016","13:29:00","16740","143","1.7","0.006","-0.19","74.9","73.1","74.1","59.7","59.9","59.8","0.60","0.80","0.72","0","0","3"
"09/01/2016","13:29:00","16889","200","0.7","0.010","-0.16","73.9","69.8","72.3","59.8","59.9","59.8","0.90","0.60","0.77","0","0","3"
"09/01/2016","13:29:00","17039","354","1.5","0.015","-0.11","72.9","69.4","71.5","59.8","59.9","59.8","1.10","0.60","0.85","0","0","3"
"09/01/2016","13:29:00","17188","53","1.6","0.010","-0.18","80.5","74.4","78.4","59.8","59.9","59.8","0.70","0.60","0.64","0","0","3"
"09/01/2016","13:29:00","17338","60","1.5","0.001","-0.22","79.3","72.8","77.2","59.7","59.9","59.8","0.70","0.70","0.69","0","0","3"
"09/01/2016","13:29:00","17487","69","1.3","0.002","-0.22","73.2","72.5","72.8","59.7","59.9","59.8","0.70","0.50","0.59","0","0","3"
"09/01/2016","13:29:00","17636","42","1.9","0.006","-0.23","69.0","72.3","71.0","59.7","59.9","59.8","0.70","0.80","0.79","0","0","3"
"09/01/2016","13:29:00","17786","62","3.4","0.011","-0.14","69.1","73.8","72.0","59.7","59.9","59.8","0.90","1.00","0.98","0","0","3"
"09/01/2016","13:29:00","17935","35","3.4","0.011","-0.37","69.5","74.5","72.7","59.7","59.9","59.8","1.00","0.70","0.86","0","0","3"
"09/01/2016","13:29:00","18085","50","6.1","0.020","-0.82","69.0","70.1","69.6","59.7","59.9","59.8","0.70","1.20","0.98","0","0","3"
"09/01/2016","13:29:00","18234","60","3.6","0.018","0.07","69.9","68.9","69.4","59.7","59.8","59.8","1.00","0.80","0.91","0","2","7"
"09/01/2016","13:29:00","18384","60","4.7","0.007","-0.41","75.8","70.2","73.8","59.7","59.9","59.8","0.90","1.10","0.96","0","0","3"
"09/01/2016","13:29:00","18533","95","5.9","0.023","0.06","73.9","72.5","73.3","59.7","59.9","59.8","1.20","0.50","0.85","0","0","3"
"09/01/2016","13:29:00","18683","108","6.3","0.010","-0.21","71.7","71.0","71.3","59.7","59.9","59.8","1.10","0.90","1.01","0","0","3"
"09/01/2016","13:29:00","18832","118","7.3","0.010","-0.39","67.4","67.1","67.3","59.8","59.8","59.8","0.50","0.70","0.58","2","2","7"
"09/01/2016","13:29:00","18981","108","5.1","0.016","-0.10","65.1","65.7","65.4","59.7","59.9","59.8","0.20","0.90","0.56","6","1","3"
"09/01/2016","13:29:00","19131","78","7.3","0.026","-0.26","65.0","64.5","64.8","59.7","59.9","59.8","0.50","0.30","0.41","1","1","3"
"09/01/2016","13:29:00","19280","72","6.7","0.007","0.55","64.7","63.7","64.3","59.7","59.9","59.8","0.70","0.50","0.62","1","4","7"
"09/01/2016","13:29:00","19430","77","10.7","0.027","0.23","69.1","61.5","66.8","59.8","59.8","59.8","0.70","0.30","0.48","2","3","7"
"09/01/2016","13:34:00","1795","187","13.8","0.000","0.14","119.3","117.7","118.6","57.5","57.8","57.7","0.50","0.50","0.51","0","0","1"
"09/01/2016","13:34:00","1944","190","14.1","0.005","0.12","120.2","118.8","119.6","57.4","57.7","57.6","0.60","0.50","0.58","0","0","1"
"09/01/2016","13:34:00","2093","190","14.0","0.001","0.12","125.0","126.3","125.7","57.1","57.3","57.2","0.60","0.50","0.56","0","0","1"
"09/01/2016","13:34:00","2243","190","14.2","0.001","0.11","124.0","125.3","124.7","57.4","57.7","57.6","0.70","0.60","0.62","0","0","1"
"09/01/2016","13:34:00","2392","192","13.8","0.004","0.13","126.0","126.0","126.0","58.4","58.6","58.5","0.60","0.60","0.59","0","0","1"
"09/01/2016","13:34:00","2542","199","13.6","0.012","0.10","127.2","129.2","128.3","58.9","59.1","59.0","0.50","0.50","0.50","0","0","1"
"09/01/2016","13:34:00","2691","200","13.7","0.002","0.11","129.5","129.3","129.4","59.6","59.9","59.7","0.40","0.50","0.47","0","0","1"
"09/01/2016","13:34:00","2841","201","13.1","0.004","0.09","129.5","127.8","128.7","59.8","60.0","59.9","0.40","0.50","0.45","0","0","1"
"09/01/2016","13:34:00","2990","200","13.3","0.002","0.07","127.7","126.6","127.2","59.8","60.0","59.9","0.50","0.40","0.46","0","0","1"
"09/01/2016","13:34:00","3140","201","13.2","0.002","0.07","129.0","127.1","128.1","59.7","60.0","59.9","0.50","0.50","0.51","0","0","1"
"09/01/2016","13:34:00","3289","203","13.0","0.004","0.08","128.5","127.2","127.9","59.7","60.0","59.9","0.50","0.50","0.49","0","0","1"
"09/01/2016","13:34:00","3439","206","13.9","0.008","0.08","124.7","123.8","124.3","59.7","60.0","59.9","0.50","0.60","0.56","0","0","1"
"09/01/2016","13:34:00","3588","206","14.7","0.005","0.07","121.1","121.0","121.0","59.7","60.0","59.9","0.50","0.60","0.54","0","0","1"
"09/01/2016","13:34:00","3737","206","14.7","0.000","0.12","120.0","120.3","120.2","59.7","60.0","59.9","0.50","0.50","0.50","0","0","1"
"09/01/2016","13:34:00","3887","207","15.1","0.003","0.11","118.3","120.6","119.6","59.7","60.0","59.8","0.50","0.50","0.50","0","0","1"
"09/01/2016","13:34:00","4036","208","15.4","0.003","0.09","117.9","120.0","119.1","59.7","59.9","59.8","0.50","0.40","0.46","0","0","1"
"09/01/2016","13:34:00","4186","209","15.8","0.004","0.07","118.1","116.5","117.4","59.7","60.0","59.9","0.50","0.60","0.52","0","0","1"
"09/01/2016","13:34:00","4335","212","16.0","0.004","0.04","116.9","114.5","115.8","59.7","59.9","59.8","0.50","0.50","0.52","0","0","1"
"09/01/2016","13:34:00","4485","213","15.4","0.004","0.04","115.8","115.4","115.6","59.8","59.9","59.9","0.50","0.50","0.53","0","0","1"
"09/01/2016","13:34:00","4634","214","15.3","0.002","0.06","118.5","119.7","119.1","59.7","59.9","59.8","0.60","0.50","0.52","0","0","1"
"09/01/2016","13:34:00","4784","213","15.7","0.003","0.07","122.2","123.2","122.7","59.7","60.0","59.8","0.60","0.50","0.55","0","0","1"
"09/01/2016","13:34:00","4933","216","15.5","0.004","0.00","117.8","118.2","118.0","59.7","59.9","59.8","0.70","0.50","0.59","0","0","1"
"09/01/2016","13:34:00","5083","218","15.1","0.005","0.00","120.9","120.5","120.7","59.7","59.9","59.8","0.60","0.40","0.51","0","0","1"
"09/01/2016","13:34:00","5232","218","15.2","0.001","-0.03","121.7","123.2","122.5","59.7","60.0","59.8","0.60","0.50","0.53","0","0","1"
"09/01/2016","13:34:00","5381","219","15.1","0.003","-0.09","121.0","122.1","121.6","59.7","59.9","59.8","0.60","0.50","0.54","0","0","1"
"09/01/2016","13:34:00","5531","217","13.9","0.009","-0.05","121.1","119.4","120.3","59.7","59.9","59.8","0.60","0.80","0.69","0","0","1"
"09/01/2016","13:34:00","5680","216","13.0","0.007","0.01","118.5","117.6","118.0","59.7","59.9","59.8","0.50","0.70","0.60","0","0","1"
"09/01/2016","13:34:00","5830","215","12.4","0.004","-0.11","112.0","111.0","111.5","59.7","59.9","59.8","0.60","0.90","0.72","0","0","1"
"09/01/2016","13:34:00","5979","218","10.3","0.014","-0.12","108.3","108.0","108.2","59.7","59.9","59.8","0.70","1.00","0.86","0","0","1"
"09/01/2016","13:34:00","6129","220","8.5","0.013","-0.14","108.6","106.2","107.6","59.7","59.9","59.8","0.70","0.90","0.80","0","0","1"
"09/01/2016","13:34:00","6278","219","7.3","0.008","-0.16","106.3","105.6","106.0","59.7","60.0","59.9","0.60","0.70","0.65","0","0","1"
"09/01/2016","13:34:00","6428","222","7.1","0.003","-0.25","105.2","103.0","104.2","59.7","59.9","59.8","0.60","0.60","0.64","0","0","1"
"09/01/2016","13:34:00","6577","222","7.0","0.001","-0.18","111.3","105.6","109.3","59.7","60.0","59.8","0.60","0.60","0.57","0","0","1"
"09/01/2016","13:34:00","6726","222","6.6","0.003","-0.16","114.1","106.6","111.8","59.7","59.9","59.8","0.50","0.60","0.59","0","0","1"
"09/01/2016","13:34:00","6876","219","6.4","0.003","-0.11","109.6","109.3","109.4","59.7","59.9","59.8","0.70","0.90","0.79","0","0","1"
"09/01/2016","13:34:00","7025","214","6.4","0.004","-0.11","106.3","107.8","107.1","59.7","59.9","59.8","1.00","1.00","1.02","0","0","1"
"09/01/2016","13:34:00","7175","212","5.3","0.008","-0.28","106.0","105.7","105.8","59.7","59.9","59.8","1.10","1.00","1.02","0","0","1"
"09/01/2016","13:34:00","7324","223","5.4","0.007","-0.12","111.8","108.2","110.4","59.6","59.9","59.8","0.90","1.20","1.07","0","0","1"
"09/01/2016","13:34:00","7474","231","6.0","0.007","-0.11","112.2","110.9","111.6","59.7","59.9","59.8","1.10","1.10","1.11","0","0","1"
"09/01/2016","13:34:00","7623","244","6.1","0.009","-0.01","109.8","109.9","109.9","59.7","59.9","59.8","0.90","1.00","0.95","0","0","1"
"09/01/2016","13:34:00","7773","244","6.4","0.002","0.00","104.6","103.3","104.0","59.6","59.8","59.7","0.80","0.80","0.80","0","0","1"
"09/01/2016","13:34:00","7922","242","6.5","0.002","-0.06","99.4","98.5","99.0","59.7","59.9","59.8","0.80","0.80","0.80","0","0","1"
"09/01/2016","13:34:00","8072","239","6.6","0.003","-0.07","93.2","93.9","93.5","59.7","59.9","59.8","0.70","0.60","0.67","0","0","1"
"09/01/2016","13:34:00","8221","224","6.0","0.012","0.00","96.2","97.9","97.2","59.7","59.9","59.8","0.70","0.40","0.54","0","0","1"
"09/01/2016","13:34:00","8370","220","6.4","0.004","0.04","98.1","103.2","101.3","59.6","59.9","59.7","0.50","0.40","0.44","0","0","1"
"09/01/2016","13:34:00","8520","222","7.0","0.004","0.05","97.3","100.6","99.2","59.6","59.9","59.8","0.50","0.50","0.47","0","0","1"
"09/01/2016","13:34:00","8669","224","7.7","0.005","0.09","92.1","95.4","94.1","59.6","59.8","59.7","0.50","0.40","0.46","0","0","1"
"09/01/2016","13:34:00","8819","220","8.0","0.004","0.10","90.4","93.9","92.5","59.6","59.8","59.7","0.60","0.40","0.49","0","0","1"
"09/01/2016","13:34:00","8968","215","8.9","0.008","0.02","91.7","92.5","92.1","59.6","59.9","59.8","0.50","0.40","0.48","0","0","1"
"09/01/2016","13:34:00","9118","213","9.9","0.007","0.09","91.8","92.1","91.9","59.7","59.9","59.8","0.70","0.50","0.57","0","0","1"
"09/01/2016","13:34:00","9267","207","10.4","0.008","0.08","88.5","90.4","89.6","59.7","59.9","59.8","0.60","0.50","0.56","0","0","1"
"09/01/2016","13:34:00","9417","202","9.6","0.008","0.05","89.3","88.5","88.9","59.7","59.9","59.8","0.40","0.50","0.47","0","0","1"
"09/01/2016","13:34:00","9566","203","9.8","0.002","0.06","90.1","90.3","90.2","59.7","59.9","59.8","0.60","0.40","0.50","0","0","1"
"09/01/2016","13:34:00","9715","207","10.1","0.005","0.04","87.5","86.8","87.2","59.8","59.9","59.8","0.70","0.50","0.60","0","0","1"
"09/01/2016","13:34:00","9865","214","10.1","0.009","-0.04","84.6","82.6","83.7","59.8","59.9","59.9","0.80","0.60","0.71","0","0","1"
"09/01/2016","13:34:00","10014","223","9.2","0.011","0.01","87.7","87.1","87.4","60.1","59.9","60.0","0.70","0.50","0.60","0","0","1"
"09/01/2016","13:34:00","10164","229","9.0","0.007","-0.07","87.9","87.6","87.7","60.2","59.8","60.0","0.60","0.60","0.56","0","0","1"
"09/01/2016","13:34:00","10313","233","7.7","0.010","0.00","89.6","87.2","88.5","60.1","59.8","60.0","0.40","0.60","0.50","0","0","1"
"09/01/2016","13:34:00","10463","232","6.9","0.005","-0.03","83.6","84.6","84.1","59.8","59.8","59.8","0.40","0.60","0.51","0","0","1"
"09/01/2016","13:34:00","10612","238","6.2","0.006","0.00","83.4","82.6","83.0","59.8","59.9","59.8","0.50","0.60","0.58","0","0","1"
"09/01/2016","13:34:00","10762","245","6.2","0.005","0.03","82.4","82.1","82.3","59.9","59.8","59.9","0.70","0.40","0.55","0","0","1"
"09/01/2016","13:34:00","10911","258","6.9","0.011","-0.02","81.8","81.7","81.8","59.8","59.8","59.8","0.60","0.40","0.50","0","0","1"
"09/01/2016","13:34:00","11061","271","6.8","0.011","0.01","81.9","80.7","81.4","59.8","59.8","59.8","0.50","0.50","0.49","0","0","1"
"09/01/2016","13:34:00","11210","280","7.3","0.008","-0.02","80.5","79.6","80.1","59.8","59.8","59.8","0.50","0.50","0.52","0","0","1"
"09/01/2016","13:34:00","11359","287","8.3","0.010","0.03","80.1","79.2","79.7","59.8","59.8","59.8","0.50","0.40","0.49","0","0","1"
"09/01/2016","13:34:00","11509","287","9.9","0.011","0.00","80.5","77.4","79.2","59.7","59.9","59.8","0.80","0.60","0.70","0","0","1"
"09/01/2016","13:34:00","11658","290","12.2","0.016","-0.06","82.1","80.7","81.5","59.7","59.9","59.8","1.10","0.60","0.89","0","0","1"
"09/01/2016","13:34:00","11808","290","15.1","0.019","-0.03","84.3","83.1","83.8","59.7","59.8","59.8","0.90","0.60","0.78","0","0","1"
"09/01/2016","13:34:00","11957","289","17.2","0.014","0.00","85.1","83.1","84.2","59.7","59.8","59.7","0.80","0.70","0.73","0","0","1"
"09/01/2016","13:34:00","12107","286","19.1","0.014","-0.02","83.0","81.5","82.3","59.7","59.8","59.8","0.90","0.90","0.90","0","0","1"
"09/01/2016","13:34:00","12256","282","20.6","0.013","-0.01","80.7","78.5","79.8","59.7","59.9","59.8","0.80","0.90","0.84","0","0","1"
"09/01/2016","13:34:00","12406","280","21.8","0.009","0.04","74.4","75.0","74.7","59.6","59.9","59.7","0.80","1.00","0.92","0","0","1"
"09/01/2016","13:34:00","12555","277","22.6","0.010","-0.15","74.6","72.4","73.6","59.6","59.8","59.7","0.80","1.10","0.95","0","0","1"
"09/01/2016","13:34:00","12705","273","25.2","0.021","-0.07","79.3","78.8","79.1","59.6","59.9","59.7","0.90","0.80","0.85","0","0","1"
"09/01/2016","13:34:00","12854","273","26.5","0.009","-0.13","82.5","80.3","81.5","59.6","59.9","59.8","0.80","0.80","0.82","0","0","1"
"09/01/2016","13:34:00","13003","272","28.6","0.014","-0.03","78.9","79.7","79.3","59.6","59.9","59.7","1.00","1.10","1.03","0","0","1"
"09/01/2016","13:34:00","13153","272","29.1","0.004","-0.06","74.2","75.6","74.9","59.6","59.9","59.7","0.90","0.70","0.80","0","0","1"
"09/01/2016","13:34:00","13302","272","31.0","0.013","0.05","73.1","71.1","72.2","59.6","59.9","59.7","1.00","1.30","1.17","0","0","1"
"09/01/2016","13:34:00","13452","271","32.2","0.010","0.01","74.3","71.4","73.1","59.6","59.8","59.7","0.70","1.20","0.95","0","0","1"
"09/01/2016","13:34:00","13601","272","30.7","0.012","-0.07","74.1","75.0","74.6","59.7","59.9","59.8","1.20","1.00","1.12","0","0","1"
"09/01/2016","13:34:00","13751","274","31.0","0.006","0.06","76.2","77.3","76.8","59.6","59.8","59.7","1.00","1.30","1.15","0","0","1"
"09/01/2016","13:34:00","13900","276","30.6","0.009","0.03","77.5","74.9","76.4","59.7","59.9","59.8","1.10","1.20","1.17","0","0","1"
"09/01/2016","13:34:00","14050","280","29.5","0.015","0.04","75.3","73.1","74.3","59.7","59.9","59.8","1.10","1.10","1.10","0","0","1"
"09/01/2016","13:34:00","14199","280","28.5","0.006","0.00","71.3","72.0","71.7","59.7","59.8","59.7","1.20","1.00","1.10","0","0","1"
"09/01/2016","13:34:00","14348","280","26.2","0.016","0.31","72.8","71.3","72.1","59.7","59.9","59.8","1.20","1.10","1.16","0","0","1"
"09/01/2016","13:34:00","14498","278","25.3","0.010","0.01","73.6","71.9","72.9","59.8","59.8","59.8","1.10","0.90","1.03","0","0","1"
"09/01/2016","13:34:00","14647","281","24.4","0.011","0.07","74.8","74.5","74.7","59.9","59.8","59.9","0.90","0.80","0.83","0","0","1"
"09/01/2016","13:34:00","14797","285","22.1","0.019","0.16","81.1","78.9","80.1","59.8","59.9","59.8","0.90","1.50","1.24","0","0","1"
"09/01/2016","13:34:00","14946","290","20.9","0.016","0.17","82.1","82.9","82.5","59.8","59.8","59.8","0.90","1.30","1.10","0","0","1"
"09/01/2016","13:34:00","15096","297","20.9","0.017","0.03","81.7","81.9","81.8","59.8","59.8","59.8","1.20","1.50","1.37","0","0","1"
"09/01/2016","13:34:00","15245","310","19.8","0.030","0.06","84.5","85.3","84.9","59.8","59.8","59.8","1.30","1.30","1.32","0","0","1"
"09/01/2016","13:34:00","15395","314","18.0","0.016","0.07","85.8","85.8","85.8","59.9","59.9","59.9","1.70","1.30","1.49","0","0","1"
"09/01/2016","13:34:00","15544","321","14.8","0.025","0.02","84.1","83.1","83.7","59.8","59.9","59.9","1.70","1.10","1.41","0","0","1"
"09/01/2016","13:34:00","15694","332","11.7","0.027","0.07","80.7","80.0","80.4","59.8","59.8","59.8","1.80","0.80","1.28","0","0","1"
"09/01/2016","13:34:00","15843","349","7.8","0.032","-0.05","79.6","78.5","79.1","59.8","59.8","59.8","1.70","0.60","1.13","0","0","1"
"09/01/2016","13:34:00","15992","14","4.4","0.029","0.00","79.9","79.7","79.8","59.7","59.9","59.8","1.40","0.80","1.08","0","0","1"
"09/01/2016","13:34:00","16142","17","3.0","0.009","-0.09","76.2","78.1","77.2","59.7","59.8","59.7","1.20","0.90","1.03","0","0","1"
"09/01/2016","13:34:00","16291","1","2.2","0.008","-0.01","73.5","77.0","75.6","59.7","59.9","59.8","0.90","0.60","0.75","0","0","1"
"09/01/2016","13:34:00","16441","19","2.6","0.006","-0.11","74.4","74.6","74.5","59.6","59.8","59.7","1.10","0.80","0.94","0","0","1"
"09/01/2016","13:34:00","16590","156","1.0","0.023","0.00","76.8","73.9","75.6","59.7","59.8","59.8","0.70","0.60","0.65","0","0","1"
"09/01/2016","13:34:00","16740","151","1.7","0.004","-0.12","75.7","73.9","74.9","59.7","59.8","59.8","0.60","0.50","0.54","0","0","1"
"09/01/2016","13:34:00","16889","143","0.8","0.006","-0.18","74.2","70.3","72.7","59.7","59.8","59.7","0.90","0.90","0.93","0","0","1"
"09/01/2016","13:34:00","17039","14","2.1","0.018","-0.23","73.6","68.7","71.8","59.7","59.9","59.8","0.70","0.60","0.67","0","0","1"
"09/01/2016","13:34:00","17188","63","2.4","0.012","-0.10","82.2","73.9","79.8","59.7","59.8","59.8","0.80","0.40","0.60","0","0","1"
"09/01/2016","13:34:00","17338","56","2.0","0.003","-0.20","81.0","72.6","78.6","59.7","59.9","59.8","0.70","0.60","0.66","0","0","1"
"09/01/2016","13:34:00","17487","51","1.2","0.005","-0.17","74.2","72.4","73.4","59.7","59.9","59.8","0.70","0.60","0.64","0","0","1"
"09/01/2016","13:34:00","17636","41","2.3","0.008","-0.08","70.1","70.8","70.5","59.7","59.9","59.8","0.80","0.90","0.84","0","0","1"
"09/01/2016","13:34:00","17786","43","3.1","0.005","-0.15","70.5","73.3","72.1","59.7","59.9","59.8","0.90","0.90","0.93","0","0","1"
"09/01/2016","13:34:00","17935","40","3.3","0.002","-0.21","68.9","74.7","72.7","59.7","59.9","59.8","0.70","0.70","0.70","0","0","1"
"09/01/2016","13:34:00","18085","58","2.8","0.007","0.00","69.2","71.7","70.6","59.6","59.9","59.8","0.80","0.90","0.88","0","0","1"
"09/01/2016","13:34:00","18234","53","4.3","0.010","-0.02","69.8","71.2","70.5","59.6","59.9","59.8","1.00","2.30","1.66","0","0","1"
"09/01/2016","13:34:00","18384","60","4.0","0.004","-0.23","74.6","71.5","73.3","59.7","59.9","59.8","1.10","0.30","0.70","0","0","1"
"09/01/2016","13:34:00","18533","95","6.4","0.026","0.06","74.2","74.7","74.4","59.7","59.9","59.8","1.10","0.30","0.72","0","0","1"
"09/01/2016","13:34:00","18683","117","6.8","0.017","0.06","72.3","74.1","73.3","59.7","60.0","59.8","0.90","1.50","1.22","0","0","1"
"09/01/2016","13:34:00","18832","116","3.8","0.021","0.19","69.8","70.4","70.1","59.7","59.9","59.8","0.50","0.70","0.64","3","0","5"
"09/01/2016","13:34:00","18981","83","5.3","0.020","-0.01","67.0","65.9","66.4","59.6","59.9","59.8","0.30","0.50","0.39","7","1","1"
"09/01/2016","13:34:00","19131","72","6.5","0.011","0.35","66.5","65.0","65.9","59.6","59.9","59.8","0.60","0.40","0.51","2","2","1"
"09/01/2016","13:34:00","19280","128","5.5","0.038","0.70","61.6","62.9","62.3","59.7","59.9","59.8","0.30","0.30","0.33","2","5","1"
"09/01/2016","13:34:00","19430","72","10.6","0.059","0.53","67.8","65.9","67.0","59.7","59.8","59.8","0.90","0.80","0.86","3","4","5"
"09/01/2016","13:39:00","1795","188","14.3","0.000","0.03","118.4","117.1","117.8","57.5","57.8","57.7","0.50","0.50","0.51","0","0","0"
"09/01/2016","13:39:00","1944","190","14.3","0.004","0.07","119.0","121.1","120.2","57.4","57.7","57.6","0.70","0.50","0.60","0","0","0"
"09/01/2016","13:39:00","2093","190","14.2","0.001","0.12","124.3","126.6","125.6","57.1","57.3","57.2","0.70","0.50","0.59","0","0","0"
"09/01/2016","13:39:00","2243","191","14.4","0.002","0.07","123.5","126.0","124.9","57.4","57.6","57.5","0.70","0.50","0.60","0","0","0"
"09/01/2016","13:39:00","2392","192","14.0","0.003","0.17","125.5","125.7","125.6","58.3","58.5","58.4","0.70","0.50","0.62","0","0","0"
"09/01/2016","13:39:00","2542","198","14.0","0.011","0.14","128.0","132.3","130.6","58.8","59.2","59.0","0.60","0.40","0.47","0","0","0"
"09/01/2016","13:39:00","2691","200","13.9","0.002","0.14","129.8","131.8","130.9","59.6","59.9","59.7","0.50","0.40","0.46","0","0","0"
"09/01/2016","13:39:00","2841","200","13.1","0.005","0.07","130.1","129.1","129.6","59.8","60.0","59.9","0.50","0.40","0.44","0","0","0"
"09/01/2016","13:39:00","2990","199","13.3","0.003","0.05","129.2","128.3","128.8","59.8","60.0","59.9","0.40","0.40","0.39","0","0","0"
"09/01/2016","13:39:00","3140","200","13.2","0.002","0.06","129.5","127.8","128.7","59.7","60.0","59.8","0.50","0.40","0.44","0","0","0"
"09/01/2016","13:39:00","3289","201","13.1","0.002","0.04","128.4","127.2","127.8","59.7","60.0","59.9","0.40","0.50","0.49","0","0","0"
"09/01/2016","13:39:00","3439","204","14.2","0.009","0.04","126.0","125.3","125.7","59.7","59.9","59.8","0.50","0.70","0.57","0","0","0"
"09/01/2016","13:39:00","3588","205","14.8","0.004","0.06","122.9","122.9","122.9","59.7","60.0","59.8","0.40","0.60","0.49","0","0","0"
"09/01/2016","13:39:00","3737","204","14.6","0.002","0.05","120.3","120.4","120.3","59.7","60.0","59.9","0.50","0.50","0.48","0","0","0"
"09/01/2016","13:39:00","3887","206","15.1","0.004","0.07","118.3","120.6","119.6","59.7","60.2","60.0","0.50","0.50","0.46","0","0","0"
"09/01/2016","13:39:00","4036","207","15.4","0.003","0.07","118.0","120.4","119.3","59.7","60.2","59.9","0.50","0.40","0.44","0","0","0"
"09/01/2016","13:39:00","4186","208","15.7","0.003","-0.07","116.8","118.4","117.7","59.7","60.0","59.9","0.60","0.60","0.57","0","0","0"
"09/01/2016","13:39:00","4335","211","16.1","0.005","-0.05","116.2","116.0","116.1","59.7","60.0","59.8","0.60","0.50","0.54","0","0","0"
"09/01/2016","13:39:00","4485","213","15.7","0.005","-0.09","116.3","114.7","115.5","59.9","59.9","59.9","0.70","0.50","0.58","0","0","0"
"09/01/2016","13:39:00","4634","215","15.4","0.005","-0.13","120.3","119.2","119.8","59.7","59.9","59.8","0.70","0.50","0.60","0","0","0"
"09/01/2016","13:39:00","4784","214","15.6","0.002","-0.13","122.1","122.5","122.3","59.7","59.9","59.8","0.60","0.50","0.59","0","0","0"
"09/01/2016","13:39:00","4933","215","15.5","0.002","-0.11","117.5","118.4","118.0","59.7","59.9","59.8","0.70","0.50","0.60","0","0","0"
"09/01/2016","13:39:00","5083","218","14.8","0.007","-0.09","120.3","122.3","121.4","59.7","59.8","59.8","0.60","0.50","0.55","0","0","0"
"09/01/2016","13:39:00","5232","217","15.2","0.003","-0.09","120.5","123.5","122.2","59.7","59.9","59.8","0.60","0.50","0.54","0","0","0"
"09/01/2016","13:39:00","5381","217","14.8","0.002","-0.14","119.2","121.5","120.5","59.7","59.8","59.8","0.50","0.50","0.51","0","0","0"
"09/01/2016","13:39:00","5531","216","13.3","0.010","-0.11","120.8","120.6","120.7","59.7","59.9","59.8","0.60","0.80","0.67","0","0","0"
"09/01/2016","13:39:00","5680","212","12.6","0.008","-0.08","120.9","120.7","120.8","59.7","59.9","59.8","0.50","0.60","0.56","0","0","0"
"09/01/2016","13:39:00","5830","213","12.5","0.002","-0.14","114.3","112.9","113.6","59.7","59.9","59.8","0.60","0.60","0.61","0","0","0"
"09/01/2016","13:39:00","5979","215","10.8","0.012","-0.21","110.0","107.8","109.1","59.7","59.9","59.8","0.80","1.00","0.87","0","0","0"
"09/01/2016","13:39:00","6129","218","8.3","0.017","-0.16","109.0","107.2","108.2","59.7","59.8","59.8","0.80","1.00","0.89","0","0","0"
"09/01/2016","13:39:00","6278","218","7.2","0.007","-0.18","107.0","107.1","107.0","59.7","59.9","59.8","0.70","0.60","0.66","0","0","0"
"09/01/2016","13:39:00","6428","222","7.1","0.003","-0.16","107.2","103.8","105.9","59.6","59.9","59.8","0.70","0.60","0.64","0","0","0"
"09/01/2016","13:39:00","6577","221","7.1","0.001","-0.14","108.9","102.3","106.8","59.7","59.9","59.8","0.70","0.60","0.66","0","0","0"
"09/01/2016","13:39:00","6726","221","7.0","0.001","-0.10","111.3","105.3","109.2","59.6","59.9","59.8","0.70","0.70","0.73","0","0","0"
"09/01/2016","13:39:00","6876","220","7.5","0.004","0.02","111.1","108.7","110.0","59.7","59.8","59.8","0.70","0.80","0.76","0","0","0"
"09/01/2016","13:39:00","7025","218","6.9","0.004","0.12","108.9","107.1","108.1","59.7","59.9","59.8","0.80","1.10","0.96","0","0","0"
"09/01/2016","13:39:00","7175","222","6.1","0.007","0.06","108.3","105.6","107.2","59.6","59.8","59.7","1.20","1.40","1.30","0","0","0"
"09/01/2016","13:39:00","7324","215","4.5","0.011","-0.33","110.9","108.3","109.8","59.7","59.9","59.8","0.90","1.50","1.20","0","0","0"
"09/01/2016","13:39:00","7474","227","5.0","0.007","-0.29","111.8","112.7","112.3","59.6","59.8","59.7","1.10","1.30","1.18","0","0","0"
"09/01/2016","13:39:00","7623","243","5.8","0.012","-0.07","109.8","111.6","110.8","59.6","59.9","59.8","0.90","1.00","0.96","0","0","0"
"09/01/2016","13:39:00","7773","244","5.9","0.001","-0.05","103.1","105.1","104.2","59.6","59.8","59.7","0.90","0.90","0.92","0","0","0"
"09/01/2016","13:39:00","7922","238","6.4","0.005","-0.08","99.5","99.0","99.3","59.6","59.8","59.7","0.90","1.00","0.92","0","0","0"
"09/01/2016","13:39:00","8072","239","6.9","0.003","-0.14","93.3","93.6","93.4","59.7","59.8","59.7","0.80","0.80","0.79","0","0","0"
"09/01/2016","13:39:00","8221","223","6.1","0.013","-0.02","96.4","97.0","96.7","59.7","59.9","59.8","0.60","0.40","0.52","0","0","0"
"09/01/2016","13:39:00","8370","219","6.6","0.004","0.01","100.8","103.1","102.1","59.6","59.9","59.8","0.40","0.50","0.42","0","0","0"
"09/01/2016","13:39:00","8520","220","7.6","0.007","0.06","99.5","100.3","99.9","59.7","59.9","59.8","0.50","0.40","0.45","0","0","0"
"09/01/2016","13:39:00","8669","223","7.9","0.004","0.10","92.6","95.9","94.6","59.8","59.8","59.8","0.50","0.40","0.45","0","0","0"
"09/01/2016","13:39:00","8819","219","8.0","0.004","0.05","92.2","97.1","95.3","59.9","59.8","59.8","0.60","0.30","0.47","0","0","0"
"09/01/2016","13:39:00","8968","215","8.8","0.006","0.04","93.3","93.3","93.3","59.7","59.9","59.8","0.50","0.50","0.51","0","0","0"
"09/01/2016","13:39:00","9118","212","10.0","0.009","0.10","93.7","92.1","93.0","60.2","59.9","60.1","0.60","0.50","0.58","0","0","0"
"09/01/2016","13:39:00","9267","205","10.0","0.008","0.06","90.2","90.2","90.2","60.3","59.9","60.1","0.60","0.50","0.54","0","0","0"
"09/01/2016","13:39:00","9417","200","9.3","0.007","0.03","89.9","87.5","88.9","60.1","59.8","60.0","0.40","0.50","0.49","0","0","0"
"09/01/2016","13:39:00","9566","203","9.5","0.003","-0.01","89.7","87.3","88.7","59.9","59.9","59.9","0.60","0.40","0.49","0","0","0"
"09/01/2016","13:39:00","9715","207","9.9","0.006","-0.04","87.6","85.7","86.8","59.9","59.9","59.9","0.70","0.40","0.57","0","0","0"
"09/01/2016","13:39:00","9865","213","9.6","0.007","-0.02","82.5","82.7","82.6","59.9","59.9","59.9","0.90","0.70","0.79","0","0","0"
"09/01/2016","13:39:00","10014","224","9.1","0.013","0.03","86.7","86.9","86.8","59.8","59.8","59.8","0.70","0.60","0.63","0","0","0"
"09/01/2016","13:39:00","10164","230","8.9","0.006","0.04","88.6","87.7","88.2","59.7","59.8","59.8","0.60","0.60","0.62","0","0","0"
"09/01/2016","13:39:00","10313","234","7.3","0.012","-0.01","88.6","88.5","88.6","59.7","59.8","59.8","0.50","0.60","0.52","0","0","0"
"09/01/2016","13:39:00","10463","234","6.6","0.004","0.01","83.5","84.9","84.3","59.7","59.8","59.8","0.50","0.60","0.51","0","0","0"
"09/01/2016","13:39:00","10612","241","6.1","0.006","-0.04","79.3","82.8","81.3","59.7","59.8","59.8","0.50","0.50","0.53","0","0","0"
"09/01/2016","13:39:00","10762","247","6.3","0.005","0.06","80.3","81.1","80.7","59.7","59.8","59.8","0.80","0.40","0.61","0","0","0"
"09/01/2016","13:39:00","10911","260","6.8","0.011","0.00","82.3","80.2","81.3","59.7","59.8","59.7","0.50","0.50","0.49","0","0","0"
"09/01/2016","13:39:00","11061","272","6.7","0.009","0.08","82.4","78.9","81.0","59.7","59.9","59.8","0.40","0.50","0.47","0","0","0"
"09/01/2016","13:39:00","11210","281","7.5","0.010","0.08","81.0","79.0","80.1","59.6","59.8","59.7","0.60","0.60","0.62","0","0","0"
"09/01/2016","13:39:00","11359","289","8.6","0.010","0.06","79.8","80.0","79.9","59.6","59.8","59.7","0.80","0.50","0.66","0","0","0"
"09/01/2016","13:39:00","11509","287","10.1","0.010","-0.02","81.0","79.6","80.4","59.7","59.8","59.8","0.90","0.60","0.78","0","0","0"
"09/01/2016","13:39:00","11658","290","12.7","0.018","0.04","84.3","83.3","83.8","59.6","59.9","59.7","0.90","0.60","0.73","0","0","0"
"09/01/2016","13:39:00","11808","289","14.9","0.015","-0.02","85.6","85.2","85.4","59.7","59.8","59.8","0.80","0.80","0.78","0","0","0"
"09/01/2016","13:39:00","11957","288","17.5","0.017","0.09","86.5","84.2","85.5","59.7","59.8","59.8","0.90","0.90","0.92","0","0","0"
"09/01/2016","13:39:00","12107","285","18.8","0.010","0.10","84.2","81.2","82.9","59.7","59.8","59.7","0.80","1.00","0.92","0","0","0"
"09/01/2016","13:39:00","12256","282","20.2","0.012","0.01","80.3","77.3","79.1","59.7","59.8","59.8","0.70","0.90","0.80","0","0","0"
"09/01/2016","13:39:00","12406","279","21.6","0.012","0.07","75.2","71.3","73.7","59.6","59.9","59.8","0.80","0.60","0.70","0","0","0"
"09/01/2016","13:39:00","12555","276","22.6","0.010","-0.13","76.5","74.1","75.5","59.7","59.9","59.8","0.70","1.10","0.90","0","0","0"
"09/01/2016","13:39:00","12705","274","24.8","0.016","-0.05","79.7","80.2","79.9","59.6","59.8","59.7","0.80","1.00","0.90","0","0","0"
"09/01/2016","13:39:00","12854","273","26.9","0.014","-0.02","80.2","80.6","80.4","59.6","59.9","59.7","0.80","0.90","0.84","0","0","0"
"09/01/2016","13:39:00","13003","272","29.1","0.015","0.00","77.2","78.1","77.6","59.6","59.9","59.7","1.00","0.90","0.92","0","0","0"
"09/01/2016","13:39:00","13153","272","29.8","0.005","-0.04","72.3","74.4","73.4","59.6","59.9","59.7","0.90","0.60","0.78","0","0","0"
"09/01/2016","13:39:00","13302","272","31.4","0.011","0.01","72.2","71.0","71.6","59.6","59.9","59.7","1.00","0.80","0.92","0","0","0"
"09/01/2016","13:39:00","13452","271","32.0","0.005","-0.05","72.0","71.1","71.6","59.6","59.8","59.7","0.70","0.80","0.75","0","0","0"
"09/01/2016","13:39:00","13601","270","31.1","0.007","0.01","71.9","72.9","72.4","59.6","59.9","59.8","0.70","1.00","0.87","0","0","0"
"09/01/2016","13:39:00","13751","273","31.1","0.009","-0.09","75.8","76.9","76.4","59.6","59.8","59.7","1.00","1.20","1.13","0","0","0"
"09/01/2016","13:39:00","13900","275","31.1","0.007","-0.04","77.3","74.9","76.3","59.6","59.9","59.8","1.10","1.10","1.10","0","0","0"
"09/01/2016","13:39:00","14050","278","29.8","0.014","0.03","74.8","73.8","74.3","59.6","59.8","59.7","1.10","1.40","1.26","0","0","0"
"09/01/2016","13:39:00","14199","280","28.4","0.012","0.14","72.4","71.6","72.0","59.7","59.8","59.7","1.00","1.10","1.06","0","0","0"
"09/01/2016","13:39:00","14348","279","27.4","0.007","0.16","72.2","69.8","71.2","59.7","59.8","59.8","0.90","0.70","0.77","0","0","0"
"09/01/2016","13:39:00","14498","277","25.5","0.014","0.01","73.2","70.9","72.2","59.7","59.8","59.8","1.00","0.80","0.91","0","0","0"
"09/01/2016","13:39:00","14647","281","25.0","0.010","0.10","73.9","75.8","74.9","59.9","59.8","59.9","1.10","1.00","1.06","0","0","0"
"09/01/2016","13:39:00","14797","285","23.0","0.018","0.05","79.2","79.0","79.1","59.8","59.9","59.8","0.90","1.50","1.18","0","0","0"
"09/01/2016","13:39:00","14946","290","21.9","0.015","0.12","82.9","82.0","82.4","59.8","59.8","59.8","0.80","1.30","1.05","0","0","0"
"09/01/2016","13:39:00","15096","296","21.3","0.017","0.04","82.8","80.5","81.8","59.7","59.8","59.8","1.10","1.70","1.38","0","0","0"
"09/01/2016","13:39:00","15245","311","19.3","0.036","0.01","84.8","84.2","84.5","59.7","59.8","59.8","1.30","1.30","1.29","0","0","0"
"09/01/2016","13:39:00","15395","315","17.8","0.014","0.03","86.2","86.4","86.3","59.8","59.9","59.8","1.50","1.20","1.36","0","0","0"
"09/01/2016","13:39:00","15544","322","14.7","0.024","0.03","85.7","84.2","85.0","59.7","59.9","59.8","1.70","1.10","1.41","0","0","0"
"09/01/2016","13:39:00","15694","331","11.8","0.025","0.17","82.5","80.0","81.4","59.8","59.8","59.8","1.70","0.70","1.21","0","0","0"
"09/01/2016","13:39:00","15843","345","7.3","0.034","-0.06","79.8","79.6","79.7","59.7","59.9","59.8","1.60","0.80","1.23","0","0","0"
"09/01/2016","13:39:00","15992","3","4.2","0.023","-0.02","79.8","81.2","80.5","59.6","59.8","59.7","1.40","0.80","1.09","0","0","0"
"09/01/2016","13:39:00","16142","16","3.0","0.010","-0.05","77.3","79.1","78.3","59.6","59.9","59.8","1.40","0.90","1.18","0","0","0"
"09/01/2016","13:39:00","16291","5","2.3","0.006","-0.05","76.0","76.3","76.1","59.7","59.8","59.8","0.80","0.70","0.76","0","0","0"
"09/01/2016","13:39:00","16441","355","2.6","0.003","-0.21","76.5","75.1","75.8","59.6","59.9","59.8","1.50","0.80","1.14","0","0","0"
"09/01/2016","13:39:00","16590","147","1.2","0.025","-0.11","75.3","77.7","76.7","59.7","59.8","59.7","0.60","0.80","0.68","0","0","0"
"09/01/2016","13:39:00","16740","121","0.8","0.004","-0.36","74.0","74.1","74.0","59.7","59.8","59.8","0.90","0.60","0.79","0","0","0"
"09/01/2016","13:39:00","16889","169","0.9","0.005","-0.36","72.9","69.9","71.7","59.7","59.9","59.8","0.90","0.60","0.78","0","0","0"
"09/01/2016","13:39:00","17039","20","2.1","0.019","-0.11","74.9","70.8","73.3","59.7","59.9","59.8","1.00","0.80","0.88","0","0","0"
"09/01/2016","13:39:00","17188","53","2.3","0.008","-0.13","81.8","73.0","79.3","59.7","59.8","59.8","0.90","0.40","0.66","0","0","0"
"09/01/2016","13:39:00","17338","55","2.2","0.001","-0.19","80.8","72.5","78.4","59.7","59.9","59.8","0.60","0.40","0.50","0","0","0"
"09/01/2016","13:39:00","17487","21","1.2","0.009","-0.11","74.5","73.7","74.1","59.7","59.9","59.8","0.60","0.60","0.59","0","0","0"
"09/01/2016","13:39:00","17636","18","3.1","0.013","-0.22","70.7","70.9","70.8","59.7","59.8","59.8","0.60","0.70","0.67","0","0","0"
"09/01/2016","13:39:00","17786","24","3.2","0.002","-0.12","70.4","72.2","71.4","59.6","59.9","59.8","0.60","1.00","0.77","0","0","0"
"09/01/2016","13:39:00","17935","35","3.8","0.006","-0.03","69.6","73.0","71.6","59.7","59.9","59.8","0.70","0.70","0.71","0","0","0"
"09/01/2016","13:39:00","18085","53","2.8","0.009","0.04","68.3","72.2","70.7","59.6","59.9","59.8","0.40","1.10","0.74","1","0","4"
"09/01/2016","13:39:00","18234","42","3.5","0.006","-0.10","71.5","70.6","71.1","59.6","59.9","59.7","0.80","0.60","0.73","0","0","0"
"09/01/2016","13:39:00","18384","53","4.0","0.006","-0.19","76.1","73.8","75.1","59.6","59.9","59.8","1.00","0.40","0.70","0","0","0"
"09/01/2016","13:39:00","18533","94","6.5","0.029","0.16","74.7","75.9","75.3","59.6","59.9","59.8","0.80","0.30","0.59","0","0","0"
"09/01/2016","13:39:00","18683","117","6.6","0.018","0.16","72.0","74.5","73.4","59.7","60.0","59.8","1.10","1.30","1.20","0","0","0"
"09/01/2016","13:39:00","18832","126","3.3","0.023","0.20","69.7","70.8","70.3","59.6","59.9","59.8","0.60","0.80","0.70","4","0","4"
"09/01/2016","13:39:00","18981","81","5.1","0.024","-0.02","67.7","66.4","67.1","59.6","59.9","59.8","0.40","0.30","0.34","8","2","0"
"09/01/2016","13:39:00","19131","72","6.6","0.012","0.36","67.5","66.4","67.0","59.6","59.9","59.8","1.10","0.50","0.77","0","3","4"
"09/01/2016","13:39:00","19280","84","8.6","0.017","1.13","61.8","67.1","65.2","59.7","59.9","59.8","0.20","0.70","0.45","3","1","2"
"09/01/2016","13:39:00","19430","90","6.1","0.017","-0.31","67.0","64.4","65.9","59.7","59.9","59.8","0.50","0.30","0.43","4","5","0"
"09/01/2016","13:44:00","1795","189","14.5","0.000","0.04","119.2","118.6","118.9","57.5","57.8","57.6","0.50","0.50","0.53","0","0","1"
"09/01/2016","13:44:00","1944","191","14.6","0.003","0.14","120.7","122.5","121.7","57.4","57.7","57.5","0.70","0.50","0.61","0","0","1"
"09/01/2016","13:44:00","2093","189","14.5","0.002","0.12","125.2","127.1","126.3","57.1","57.3","57.2","0.60","0.50","0.56","0","0","1"
"09/01/2016","13:44:00","2243","192","14.4","0.004","0.09","124.6","126.2","125.4","57.4","57.6","57.5","0.70","0.50","0.59","0","0","1"
"09/01/2016","13:44:00","2392","192","14.3","0.001","0.20","126.3","126.9","126.6","58.3","58.6","58.4","0.70","0.50","0.61","0","0","1"
"09/01/2016","13:44:00","2542","198","14.4","0.009","0.13","129.3","132.2","131.0","58.8","59.2","59.0","0.50","0.50","0.49","0","0","1"
"09/01/2016","13:44:00","2691","199","14.4","0.003","0.11","130.1","133.2","131.9","59.6","59.9","59.8","0.50","0.50","0.47","0","0","1"
"09/01/2016","13:44:00","2841","199","13.6","0.006","0.09","129.8","130.5","130.2","59.8","60.1","59.9","0.50","0.50","0.47","0","0","1"
"09/01/2016","13:44:00","2990","199","13.3","0.002","0.05","128.3","128.5","128.4","59.8","59.9","59.8","0.40","0.40","0.42","0","0","1"
"09/01/2016","13:44:00","3140","200","13.2","0.002","0.01","128.3","126.2","127.4","59.7","59.9","59.8","0.40","0.40","0.42","0","0","1"
"09/01/2016","13:44:00","3289","202","13.2","0.003","-0.03","128.2","126.1","127.3","59.7","59.9","59.8","0.40","0.50","0.45","0","0","1"
"09/01/2016","13:44:00","3439","204","14.3","0.007","-0.02","127.5","126.8","127.2","59.7","59.9","59.8","0.40","0.60","0.51","0","0","1"
"09/01/2016","13:44:00","3588","204","14.9","0.004","-0.01","125.1","124.9","125.0","59.7","59.9","59.8","0.50","0.50","0.49","0","0","1"
"09/01/2016","13:44:00","3737","204","14.7","0.001","0.01","123.0","121.2","122.2","59.6","60.0","59.8","0.40","0.50","0.46","0","0","1"
"09/01/2016","13:44:00","3887","205","15.4","0.005","-0.04","117.6","117.7","117.7","59.6","60.2","59.9","0.40","0.50","0.45","0","0","1"
"09/01/2016","13:44:00","4036","207","15.4","0.004","-0.01","116.3","119.7","118.3","59.6","60.1","59.9","0.60","0.40","0.50","0","0","1"
"09/01/2016","13:44:00","4186","208","15.2","0.002","-0.08","115.9","116.5","116.2","59.7","59.9","59.8","0.50","0.50","0.53","0","0","1"
"09/01/2016","13:44:00","4335","211","15.7","0.007","-0.10","116.5","116.4","116.4","59.7","59.9","59.8","0.60","0.50","0.57","0","0","1"
"09/01/2016","13:44:00","4485","212","15.7","0.003","-0.12","117.2","116.6","116.9","59.8","59.9","59.8","0.60","0.60","0.62","0","0","1"
"09/01/2016","13:44:00","4634","214","15.3","0.004","-0.12","123.0","122.1","122.5","59.6","59.9","59.8","0.60","0.50","0.55","0","0","1"
"09/01/2016","13:44:00","4784","214","15.4","0.001","-0.13","123.2","124.2","123.7","59.7","59.9","59.8","0.60","0.40","0.54","0","0","1"
"09/01/2016","13:44:00","4933","215","15.4","0.003","-0.15","118.0","117.3","117.7","59.6","59.9","59.7","0.60","0.60","0.61","0","0","1"
"09/01/2016","13:44:00","5083","216","15.0","0.003","-0.13","118.6","120.9","119.9","59.6","59.8","59.7","0.60","0.50","0.56","0","0","1"
"09/01/2016","13:44:00","5232","217","14.9","0.002","-0.12","119.9","121.5","120.8","59.6","59.9","59.7","0.60","0.50","0.52","0","0","1"
"09/01/2016","13:44:00","5381","217","14.8","0.001","-0.15","118.1","120.2","119.3","59.6","59.8","59.7","0.50","0.60","0.55","0","0","1"
"09/01/2016","13:44:00","5531","216","13.7","0.008","-0.07","119.1","121.5","120.5","59.6","59.8","59.7","0.70","0.70","0.69","0","0","1"
"09/01/2016","13:44:00","5680","213","12.9","0.007","-0.07","122.8","121.8","122.3","59.6","59.8","59.7","0.50","0.50","0.54","0","0","1"
"09/01/2016","13:44:00","5830","212","13.0","0.001","-0.07","119.7","114.9","118.0","59.6","59.9","59.7","0.40","0.60","0.50","0","0","1"
"09/01/2016","13:44:00","5979","212","11.5","0.010","-0.12","113.3","107.0","111.2","59.6","59.8","59.7","0.60","1.00","0.83","0","0","1"
"09/01/2016","13:44:00","6129","213","9.0","0.017","-0.14","110.6","107.8","109.4","59.7","59.8","59.8","0.60","1.20","0.91","0","0","1"
"09/01/2016","13:44:00","6278","213","7.4","0.010","-0.16","108.6","107.3","108.0","59.6","59.9","59.7","0.70","0.70","0.66","0","0","1"
"09/01/2016","13:44:00","6428","215","7.4","0.001","-0.14","107.9","104.9","106.7","59.6","59.8","59.7","0.70","0.70","0.69","0","0","1"
"09/01/2016","13:44:00","6577","216","7.6","0.001","-0.10","107.9","104.5","106.5","59.6","59.9","59.7","0.60","0.60","0.63","0","0","1"
"09/01/2016","13:44:00","6726","218","7.2","0.003","-0.08","110.3","107.7","109.2","59.6","59.8","59.7","0.70","0.60","0.65","0","0","1"
"09/01/2016","13:44:00","6876","220","7.2","0.002","0.03","112.2","110.0","111.3","59.6","59.8","59.7","0.70","0.70","0.73","0","0","1"
"09/01/2016","13:44:00","7025","218","6.8","0.003","0.13","109.3","108.8","109.0","59.6","59.8","59.7","0.90","1.00","0.95","0","0","1"
"09/01/2016","13:44:00","7175","220","6.2","0.004","-0.02","108.1","107.5","107.8","59.6","59.8","59.7","1.10","1.30","1.22","0","0","1"
"09/01/2016","13:44:00","7324","222","4.4","0.012","-0.25","108.7","110.6","109.7","59.6","59.8","59.7","1.00","1.50","1.23","0","0","1"
"09/01/2016","13:44:00","7474","231","4.4","0.005","-0.20","110.7","114.5","113.0","59.6","59.9","59.7","1.00","1.40","1.21","0","0","1"
"09/01/2016","13:44:00","7623","232","4.5","0.001","-0.20","109.7","113.0","111.6","59.6","59.8","59.7","1.10","1.30","1.19","0","0","1"
"09/01/2016","13:44:00","7773","243","5.4","0.008","-0.18","103.1","105.5","104.5","59.6","59.8","59.7","1.10","1.20","1.11","0","0","1"
"09/01/2016","13:44:00","7922","244","6.3","0.006","-0.18","100.2","100.1","100.1","59.6","59.8","59.7","1.00","1.40","1.17","0","0","1"
"09/01/2016","13:44:00","8072","237","6.6","0.006","-0.17","96.8","94.4","95.7","59.6","59.8","59.7","0.80","1.10","0.95","0","0","1"
"09/01/2016","13:44:00","8221","220","6.2","0.013","0.02","96.7","97.2","97.0","59.7","59.9","59.8","0.60","0.50","0.59","0","0","1"
"09/01/2016","13:44:00","8370","217","6.8","0.005","0.07","104.8","102.9","104.0","59.6","59.9","59.8","0.40","0.60","0.51","0","0","1"
"09/01/2016","13:44:00","8520","216","7.8","0.006","0.10","101.9","100.0","101.1","59.7","59.8","59.7","0.50","0.50","0.48","0","0","1"
"09/01/2016","13:44:00","8669","218","8.1","0.002","0.10","95.5","97.6","96.6","59.7","59.8","59.7","0.50","0.30","0.42","0","0","1"
"09/01/2016","13:44:00","8819","219","8.1","0.000","0.01","95.6","97.2","96.5","59.8","59.8","59.8","0.50","0.30","0.39","0","0","1"
"09/01/2016","13:44:00","8968","218","8.7","0.004","0.02","95.9","94.9","95.4","59.8","59.9","59.8","0.50","0.40","0.46","0","0","1"
"09/01/2016","13:44:00","9118","212","9.7","0.009","0.06","93.4","93.9","93.6","60.2","59.9","60.0","0.70","0.50","0.56","0","0","1"
"09/01/2016","13:44:00","9267","205","9.7","0.008","0.04","90.5","90.1","90.3","60.3","59.9","60.1","0.60","0.50","0.54","0","0","1"
"09/01/2016","13:44:00","9417","200","9.1","0.006","-0.03","90.3","88.9","89.7","60.1","59.8","59.9","0.50","0.40","0.43","0","0","1"
"09/01/2016","13:44:00","9566","201","9.5","0.003","-0.05","88.4","87.3","87.9","59.9","59.8","59.9","0.50","0.40","0.45","0","0","1"
"09/01/2016","13:44:00","9715","206","9.7","0.006","-0.06","86.9","85.6","86.3","59.9","59.9","59.9","0.70","0.40","0.58","0","0","1"
"09/01/2016","13:44:00","9865","213","9.5","0.007","-0.04","83.4","83.5","83.4","59.8","59.9","59.9","0.90","0.60","0.73","0","0","1"
"09/01/2016","13:44:00","10014","224","9.2","0.013","0.00","86.9","86.4","86.6","59.8","59.8","59.8","0.70","0.60","0.65","0","0","1"
"09/01/2016","13:44:00","10164","230","8.8","0.007","0.04","89.0","86.9","88.1","59.7","59.8","59.8","0.60","0.60","0.61","0","0","1"
"09/01/2016","13:44:00","10313","234","7.4","0.010","-0.02","88.7","88.3","88.5","59.7","59.8","59.8","0.50","0.60","0.53","0","0","1"
"09/01/2016","13:44:00","10463","232","6.8","0.004","0.02","83.5","85.2","84.5","59.7","59.8","59.7","0.50","0.60","0.54","0","0","1"
"09/01/2016","13:44:00","10612","238","6.3","0.005","0.06","77.5","81.2","79.7","59.7","59.8","59.8","0.60","0.70","0.64","0","0","1"
"09/01/2016","13:44:00","10762","251","6.3","0.009","0.04","78.6","80.8","79.8","59.7","59.7","59.7","0.80","0.60","0.70","0","0","1"
"09/01/2016","13:44:00","10911","263","7.0","0.010","0.04","81.9","79.9","81.0","59.7","59.8","59.7","0.50","0.60","0.57","0","0","1"
"09/01/2016","13:44:00","11061","276","6.5","0.011","0.11","81.9","81.0","81.5","59.7","59.8","59.8","0.50","0.60","0.56","0","0","1"
"09/01/2016","13:44:00","11210","285","7.5","0.009","0.13","81.0","79.7","80.4","59.7","59.8","59.7","0.80","0.70","0.76","0","0","1"
"09/01/2016","13:44:00","11359","291","8.7","0.010","0.13","80.1","81.1","80.6","59.7","59.8","59.7","1.00","0.80","0.86","0","0","1"
"09/01/2016","13:44:00","11509","291","10.5","0.012","0.17","84.3","86.6","85.6","59.7","59.8","59.7","1.00","0.80","0.93","0","0","1"
"09/01/2016","13:44:00","11658","291","12.5","0.013","0.15","86.9","87.7","87.3","59.6","59.8","59.7","1.00","1.00","1.00","0","0","1"
"09/01/2016","13:44:00","11808","291","15.0","0.017","0.04","87.4","87.5","87.5","59.7","59.8","59.8","1.10","1.00","1.05","0","0","1"
"09/01/2016","13:44:00","11957","288","16.8","0.014","0.09","87.7","84.8","86.5","59.6","59.8","59.7","0.90","1.10","1.02","0","0","1"
"09/01/2016","13:44:00","12107","286","18.0","0.009","0.15","85.3","80.8","83.6","59.7","59.8","59.7","1.10","1.00","1.05","0","0","1"
"09/01/2016","13:44:00","12256","280","19.5","0.015","0.07","79.7","76.3","78.3","59.7","59.8","59.7","0.90","0.80","0.84","0","0","1"
"09/01/2016","13:44:00","12406","279","20.6","0.008","0.18","75.3","71.5","73.8","59.6","59.8","59.7","1.00","0.90","0.93","0","0","1"
"09/01/2016","13:44:00","12555","276","22.5","0.016","-0.08","77.2","74.6","76.1","59.7","59.8","59.7","0.90","1.00","0.96","0","0","1"
"09/01/2016","13:44:00","12705","274","24.8","0.017","0.05","78.9","78.4","78.7","59.6","59.8","59.7","0.70","1.00","0.87","0","0","1"
"09/01/2016","13:44:00","12854","273","26.8","0.013","0.06","79.2","79.3","79.2","59.6","59.8","59.7","0.80","1.00","0.88","0","0","1"
"09/01/2016","13:44:00","13003","271","28.8","0.014","0.00","76.3","78.6","77.6","59.5","59.9","59.7","1.00","1.00","0.97","0","0","1"
"09/01/2016","13:44:00","13153","272","30.8","0.014","0.01","72.2","74.1","73.2","59.6","59.8","59.7","0.80","1.00","0.86","0","0","1"
"09/01/2016","13:44:00","13302","271","31.4","0.005","0.05","72.4","70.7","71.7","59.6","59.8","59.7","0.80","0.70","0.79","0","0","1"
"09/01/2016","13:44:00","13452","271","32.3","0.007","-0.01","72.5","73.2","72.9","59.6","59.8","59.7","0.70","0.90","0.81","0","0","1"
"09/01/2016","13:44:00","13601","271","31.9","0.003","-0.01","74.1","74.3","74.2","59.6","59.8","59.7","1.10","1.00","1.03","0","0","1"
"09/01/2016","13:44:00","13751","271","31.4","0.003","-0.18","75.6","77.4","76.6","59.7","59.8","59.7","0.90","1.10","1.04","0","0","1"
"09/01/2016","13:44:00","13900","273","31.8","0.009","-0.04","76.8","76.3","76.6","59.6","59.9","59.7","1.00","1.10","1.06","0","0","1"
"09/01/2016","13:44:00","14050","276","30.8","0.012","0.06","75.1","74.5","74.8","59.6","59.8","59.7","1.10","1.20","1.17","0","0","1"
"09/01/2016","13:44:00","14199","277","29.5","0.009","-0.03","72.6","71.1","71.9","59.6","59.8","59.7","1.00","1.00","0.98","0","0","1"
"09/01/2016","13:44:00","14348","275","29.7","0.007","0.43","72.7","68.2","71.0","59.6","59.8","59.7","1.00","0.60","0.77","0","0","1"
"09/01/2016","13:44:00","14498","277","26.3","0.025","0.06","73.7","71.2","72.6","59.6","59.7","59.7","1.00","0.80","0.90","0","0","1"
"09/01/2016","13:44:00","14647","280","24.6","0.014","0.08","75.3","75.7","75.5","59.6","59.7","59.7","1.10","1.10","1.11","0","0","1"
"09/01/2016","13:44:00","14797","284","22.9","0.015","-0.04","78.5","79.0","78.7","59.6","59.8","59.7","0.80","1.40","1.11","0","0","1"
"09/01/2016","13:44:00","14946","291","22.0","0.019","-0.12","80.0","80.7","80.4","59.6","59.8","59.7","0.80","1.70","1.24","0","0","1"
"09/01/2016","13:44:00","15096","298","21.6","0.018","-0.13","80.3","79.5","79.9","59.5","59.8","59.6","0.80","1.80","1.31","0","0","1"
"09/01/2016","13:44:00","15245","313","19.3","0.040","-0.03","84.0","83.2","83.6","59.6","59.8","59.7","1.10","1.10","1.12","0","0","1"
"09/01/2016","13:44:00","15395","318","18.0","0.013","-0.01","87.3","87.3","87.3","59.6","59.8","59.7","1.50","1.10","1.30","0","0","1"
"09/01/2016","13:44:00","15544","322","15.3","0.020","0.01","86.2","85.0","85.7","59.5","59.8","59.7","1.70","1.10","1.37","0","0","1"
"09/01/2016","13:44:00","15694","331","12.1","0.026","0.02","82.5","79.9","81.4","59.6","59.8","59.7","1.80","0.90","1.31","0","0","1"
"09/01/2016","13:44:00","15843","347","7.4","0.036","-0.09","79.7","79.0","79.4","59.5","59.8","59.7","1.70","0.80","1.22","0","0","1"
"09/01/2016","13:44:00","15992","359","4.6","0.020","-0.04","79.2","79.6","79.4","59.6","59.8","59.7","1.30","0.80","1.06","0","0","1"
"09/01/2016","13:44:00","16142","19","2.8","0.015","-0.02","78.2","79.3","78.8","59.6","59.8","59.7","0.90","0.80","0.89","0","0","1"
"09/01/2016","13:44:00","16291","3","2.6","0.005","-0.06","76.4","76.2","76.3","59.6","59.8","59.7","1.00","0.70","0.85","0","0","1"
"09/01/2016","13:44:00","16441","359","2.3","0.003","-0.20","75.6","74.4","75.0","59.6","59.8","59.7","0.90","0.80","0.88","0","0","1"
"09/01/2016","13:44:00","16590","138","1.1","0.021","-0.17","75.3","77.6","76.6","59.6","59.8","59.7","0.60","0.80","0.67","0","0","1"
"09/01/2016","13:44:00","16740","112","0.8","0.003","-0.33","73.8","74.9","74.4","59.6","59.8","59.7","0.90","1.00","0.95","0","0","1"
"09/01/2016","13:44:00","16889","273","0.7","0.010","-0.21","72.2","70.2","71.3","59.6","59.8","59.7","1.20","0.70","0.93","0","0","1"
"09/01/2016","13:44:00","17039","13","2.4","0.017","-0.07","75.1","70.3","73.3","59.6","59.8","59.7","1.10","0.70","0.90","0","0","1"
"09/01/2016","13:44:00","17188","44","2.3","0.008","-0.06","78.4","73.6","76.6","59.6","59.8","59.7","0.90","0.50","0.71","0","0","1"
"09/01/2016","13:44:00","17338","52","2.2","0.002","-0.15","75.2","76.8","76.1","59.6","59.8","59.7","0.70","0.40","0.55","0","0","1"
"09/01/2016","13:44:00","17487","6","1.3","0.010","-0.04","72.4","76.2","74.7","59.6","59.8","59.7","0.50","0.60","0.56","0","0","1"
"09/01/2016","13:44:00","17636","21","3.1","0.013","-0.13","71.2","70.7","71.0","59.6","59.7","59.7","0.50","0.70","0.63","0","0","1"
"09/01/2016","13:44:00","17786","29","4.3","0.009","-0.05","70.5","69.7","70.1","59.6","59.8","59.7","0.60","0.60","0.61","0","0","1"
"09/01/2016","13:44:00","17935","36","4.6","0.004","0.07","69.4","73.6","71.9","59.6","59.8","59.7","0.70","0.80","0.73","0","0","1"
"09/01/2016","13:44:00","18085","59","4.4","0.012","-0.21","69.8","69.6","69.7","59.6","59.8","59.7","0.50","0.50","0.50","0","0","1"
"09/01/2016","13:44:00","18234","50","3.5","0.007","0.00","72.4","69.2","71.1","59.6","59.8","59.7","0.80","0.70","0.75","0","0","1"
"09/01/2016","13:44:00","18384","76","5.0","0.016","0.05","77.5","73.2","75.8","59.6","59.9","59.8","1.10","0.40","0.73","0","0","1"
"09/01/2016","13:44:00","18533","104","6.5","0.021","0.33","76.6","76.6","76.6","59.6","60.0","59.8","1.00","0.70","0.87","0","0","1"
"09/01/2016","13:44:00","18683","118","6.1","0.011","0.25","73.0","73.4","73.2","59.6","60.1","59.9","1.00","0.90","0.92","0","0","1"
"09/01/2016","13:44:00","18832","129","4.6","0.012","0.16","70.3","70.5","70.4","59.6","60.2","59.9","0.80","0.70","0.78","5","0","1"
"09/01/2016","13:44:00","18981","90","4.2","0.019","0.07","67.0","68.4","67.8","59.6","60.2","59.9","0.40","0.80","0.58","9","3","1"
"09/01/2016","13:44:00","19131","79","6.7","0.018","0.10","69.2","67.0","68.2","59.6","60.2","59.9","0.80","0.60","0.71","0","4","5"
"09/01/2016","13:44:00","19280","60","8.2","0.019","0.52","67.8","65.9","66.9","59.5","60.2","59.9","0.70","0.40","0.56","3","2","5"
"09/01/2016","13:44:00","19430","80","5.3","0.025","-0.71","65.5","62.6","64.3","59.5","60.2","59.9","0.40","0.30","0.35","5","6","1"
"09/01/2016","13:49:00","1795","190","14.3","0.000","0.12","119.7","119.6","119.6","57.4","57.7","57.6","0.60","0.50","0.55","0","0","1"
"09/01/2016","13:49:00","1944","192","14.6","0.004","0.15","120.8","122.3","121.6","57.3","57.6","57.5","0.70","0.50","0.59","0","0","1"
"09/01/2016","13:49:00","2093","190","14.4","0.003","0.14","125.7","126.0","125.8","57.0","57.2","57.1","0.70","0.50","0.60","0","0","1"
"09/01/2016","13:49:00","2243","192","14.4","0.004","0.12","125.8","126.3","126.1","57.4","57.6","57.5","0.60","0.50","0.58","0","0","1"
"09/01/2016","13:49:00","2392","193","14.2","0.001","0.20","127.6","127.1","127.3","58.3","58.5","58.4","0.60","0.50","0.57","0","0","1"
"09/01/2016","13:49:00","2542","197","14.7","0.008","0.11","129.3","131.5","130.5","58.8","59.1","59.0","0.50","0.50","0.49","0","0","1"
"09/01/2016","13:49:00","2691","198","14.8","0.001","0.08","133.1","133.4","133.3","59.7","59.8","59.7","0.50","0.50","0.48","0","0","1"
"09/01/2016","13:49:00","2841","198","13.9","0.006","0.08","129.6","129.6","129.6","59.8","59.9","59.9","0.50","0.50","0.52","0","0","1"
"09/01/2016","13:49:00","2990","199","13.2","0.005","0.06","128.8","128.1","128.5","59.7","59.8","59.8","0.40","0.50","0.45","0","0","1"
"09/01/2016","13:49:00","3140","200","13.0","0.002","0.01","127.3","127.1","127.2","59.7","59.9","59.8","0.40","0.40","0.42","0","0","1"
"09/01/2016","13:49:00","3289","202","13.2","0.003","-0.03","126.3","126.3","126.3","59.6","59.9","59.8","0.40","0.50","0.45","0","0","1"
"09/01/2016","13:49:00","3439","203","13.9","0.005","0.00","126.7","127.0","126.8","59.7","59.9","59.8","0.50","0.60","0.51","0","0","1"
"09/01/2016","13:49:00","3588","205","14.6","0.005","-0.04","127.4","126.3","126.9","59.7","59.9","59.8","0.40","0.50","0.48","0","0","1"
"09/01/2016","13:49:00","3737","205","14.9","0.002","-0.02","125.2","123.2","124.3","59.6","59.9","59.8","0.40","0.50","0.46","0","0","1"
"09/01/2016","13:49:00","3887","205","15.1","0.002","-0.06","119.0","116.3","117.9","59.6","60.1","59.8","0.40","0.50","0.45","0","0","1"
"09/01/2016","13:49:00","4036","207","15.1","0.004","-0.04","116.1","117.5","116.8","59.6","60.0","59.8","0.60","0.40","0.50","0","0","1"
"09/01/2016","13:49:00","4186","208","15.3","0.002","-0.09","115.4","114.5","115.0","59.7","59.8","59.7","0.50","0.50","0.51","0","0","1"
"09/01/2016","13:49:00","4335","212","15.8","0.007","-0.09","117.7","118.1","117.9","59.6","59.8","59.7","0.60","0.50","0.53","0","0","1"
"09/01/2016","13:49:00","4485","212","15.8","0.001","-0.12","117.9","118.0","118.0","59.8","59.8","59.8","0.60","0.50","0.56","0","0","1"
"09/01/2016","13:49:00","4634","215","15.3","0.006","-0.07","123.3","120.9","122.3","59.6","59.9","59.8","0.70","0.50","0.60","0","0","1"
"09/01/2016","13:49:00","4784","215","15.5","0.002","-0.03","125.0","122.6","124.0","59.7","59.8","59.7","0.60","0.50","0.56","0","0","1"
"09/01/2016","13:49:00","4933","216","15.3","0.002","-0.01","120.2","117.6","119.1","59.6","59.8","59.7","0.60","0.50","0.56","0","0","1"
"09/01/2016","13:49:00","5083","215","14.9","0.003","-0.06","117.1","119.3","118.4","59.6","59.7","59.6","0.60","0.50","0.55","0","0","1"
"09/01/2016","13:49:00","5232","217","14.9","0.002","-0.09","118.8","120.0","119.4","59.6","59.8","59.7","0.60","0.50","0.52","0","0","1"
"09/01/2016","13:49:00","5381","217","14.7","0.001","-0.04","118.7","117.4","118.1","59.6","59.8","59.7","0.60","0.60","0.62","0","0","1"
"09/01/2016","13:49:00","5531","217","13.5","0.008","-0.06","118.9","118.9","118.9","59.6","59.7","59.7","0.60","0.60","0.61","0","0","1"
"09/01/2016","13:49:00","5680","214","13.1","0.006","-0.02","121.6","121.7","121.7","59.6","59.8","59.7","0.50","0.50","0.54","0","0","1"
"09/01/2016","13:49:00","5830","212","13.0","0.003","-0.06","119.9","115.7","118.3","59.6","59.8","59.7","0.40","0.50","0.48","0","0","1"
"09/01/2016","13:49:00","5979","212","12.0","0.007","-0.11","113.3","109.5","111.8","59.6","59.7","59.7","0.50","0.80","0.67","0","0","1"
"09/01/2016","13:49:00","6129","213","9.3","0.018","-0.13","109.6","107.0","108.5","59.6","59.7","59.7","0.70","1.30","0.97","0","0","1"
"09/01/2016","13:49:00","6278","211","7.6","0.012","-0.20","109.6","107.5","108.7","59.6","59.8","59.7","0.60","0.60","0.56","0","0","1"
"09/01/2016","13:49:00","6428","215","7.5","0.003","-0.23","110.9","108.4","109.8","59.6","59.8","59.7","0.70","0.60","0.65","0","0","1"
"09/01/2016","13:49:00","6577","217","7.2","0.003","-0.11","109.0","107.1","108.2","59.6","59.7","59.6","0.70","0.60","0.66","0","0","1"
"09/01/2016","13:49:00","6726","220","6.6","0.004","-0.07","109.6","107.5","108.6","59.6","59.8","59.7","0.70","0.70","0.70","0","0","1"
"09/01/2016","13:49:00","6876","224","6.3","0.004","0.09","110.5","108.2","109.5","59.6","59.7","59.7","0.70","0.90","0.84","0","0","1"
"09/01/2016","13:49:00","7025","224","6.4","0.000","0.31","108.4","107.7","108.1","59.6","59.7","59.6","0.80","1.20","0.99","0","0","1"
"09/01/2016","13:49:00","7175","230","5.2","0.009","0.31","104.8","108.0","106.7","59.6","59.8","59.7","1.00","1.50","1.27","0","0","1"
"09/01/2016","13:49:00","7324","226","5.5","0.003","0.00","106.6","108.9","107.9","59.6","59.8","59.7","1.20","1.70","1.45","0","0","1"
"09/01/2016","13:49:00","7474","225","4.4","0.007","-0.11","110.3","114.4","112.8","59.5","59.8","59.7","1.10","1.40","1.26","0","0","1"
"09/01/2016","13:49:00","7623","225","4.1","0.002","-0.11","110.8","113.0","112.0","59.6","59.8","59.7","1.20","1.30","1.26","0","0","1"
"09/01/2016","13:49:00","7773","234","4.6","0.006","-0.10","110.4","104.5","108.4","59.6","59.8","59.7","1.10","1.20","1.15","0","0","1"
"09/01/2016","13:49:00","7922","238","6.1","0.010","0.02","105.9","100.4","104.0","59.5","59.7","59.6","0.90","1.20","1.05","0","0","1"
"09/01/2016","13:49:00","8072","231","6.9","0.008","0.00","99.8","97.3","98.7","59.5","59.7","59.6","0.90","1.10","0.96","0","0","1"
"09/01/2016","13:49:00","8221","219","6.2","0.011","0.09","99.0","98.7","98.9","59.6","59.8","59.7","0.70","0.50","0.62","0","0","1"
"09/01/2016","13:49:00","8370","216","6.7","0.004","0.09","104.7","102.3","103.7","59.5","59.8","59.7","0.50","0.60","0.56","0","0","1"
"09/01/2016","13:49:00","8520","216","7.8","0.008","0.13","101.5","98.4","100.2","59.6","59.7","59.7","0.40","0.60","0.50","0","0","1"
"09/01/2016","13:49:00","8669","218","8.2","0.003","0.10","96.0","96.6","96.3","59.7","59.7","59.7","0.50","0.40","0.45","0","0","1"
"09/01/2016","13:49:00","8819","218","8.0","0.001","0.02","97.2","97.4","97.3","59.8","59.7","59.8","0.50","0.30","0.40","0","0","1"
"09/01/2016","13:49:00","8968","218","8.6","0.004","0.03","95.8","95.4","95.6","59.7","59.7","59.7","0.50","0.40","0.45","0","0","1"
"09/01/2016","13:49:00","9118","211","9.8","0.011","0.03","95.1","92.0","93.8","60.1","59.8","59.9","0.60","0.50","0.58","0","0","1"
"09/01/2016","13:49:00","9267","204","9.6","0.008","-0.03","93.7","88.6","91.8","60.2","59.8","60.0","0.50","0.60","0.55","0","0","1"
"09/01/2016","13:49:00","9417","199","9.2","0.006","-0.05","92.1","89.9","91.1","60.0","59.7","59.8","0.40","0.40","0.40","0","0","1"
"09/01/2016","13:49:00","9566","200","9.5","0.002","-0.08","89.1","87.7","88.5","59.9","59.7","59.8","0.50","0.30","0.40","0","0","1"
"09/01/2016","13:49:00","9715","206","9.5","0.007","-0.06","87.2","86.1","86.7","59.9","59.8","59.8","0.80","0.40","0.59","0","0","1"
"09/01/2016","13:49:00","9865","211","9.5","0.005","-0.01","85.8","85.1","85.4","59.8","59.8","59.8","0.80","0.50","0.66","0","0","1"
"09/01/2016","13:49:00","10014","219","9.5","0.008","0.02","86.0","85.3","85.7","59.7","59.8","59.8","0.70","0.50","0.59","0","0","1"
"09/01/2016","13:49:00","10164","228","8.7","0.011","0.05","88.9","86.0","87.7","59.7","59.7","59.7","0.60","0.60","0.60","0","0","1"
"09/01/2016","13:49:00","10313","233","7.8","0.008","0.09","88.4","88.5","88.4","59.7","59.7","59.7","0.40","0.50","0.45","0","0","1"
"09/01/2016","13:49:00","10463","233","6.9","0.006","0.06","83.9","85.4","84.7","59.7","59.7","59.7","0.60","0.50","0.55","0","0","1"
"09/01/2016","13:49:00","10612","239","6.3","0.006","0.04","77.1","81.4","79.8","59.7","59.8","59.7","0.60","0.50","0.57","0","0","1"
"09/01/2016","13:49:00","10762","251","6.3","0.009","0.05","78.5","81.7","80.4","59.7","59.7","59.7","0.80","0.60","0.68","0","0","1"
"09/01/2016","13:49:00","10911","263","7.2","0.011","0.05","80.6","80.0","80.3","59.7","59.9","59.8","0.50","0.60","0.58","0","0","1"
"09/01/2016","13:49:00","11061","278","6.9","0.013","0.15","82.2","81.0","81.6","59.7","59.9","59.8","0.80","0.70","0.73","0","0","1"
"09/01/2016","13:49:00","11210","289","7.6","0.010","0.15","81.8","81.6","81.7","59.6","59.9","59.8","0.90","0.70","0.80","0","0","1"
"09/01/2016","13:49:00","11359","291","8.6","0.007","0.06","82.9","84.9","84.0","59.7","59.9","59.8","0.80","0.80","0.81","0","0","1"
"09/01/2016","13:49:00","11509","289","10.4","0.012","0.03","87.1","88.1","87.6","59.6","60.0","59.8","1.10","0.90","1.00","0","0","1"
"09/01/2016","13:49:00","11658","292","12.2","0.013","0.03","89.4","89.5","89.4","59.6","60.1","59.9","1.00","1.00","0.99","0","0","1"
"09/01/2016","13:49:00","11808","290","14.2","0.014","0.03","87.3","88.1","87.7","59.7","60.1","59.9","1.00","1.00","1.01","0","0","1"
"09/01/2016","13:49:00","11957","288","16.4","0.015","-0.01","86.5","84.6","85.6","59.7","59.9","59.8","1.00","1.10","1.09","0","0","1"
"09/01/2016","13:49:00","12107","287","17.6","0.008","0.09","85.0","80.5","83.3","59.6","59.9","59.8","1.00","1.20","1.11","0","0","1"
"09/01/2016","13:49:00","12256","282","18.9","0.014","0.01","78.9","76.8","77.9","59.6","59.9","59.8","0.80","1.20","1.04","0","0","1"
"09/01/2016","13:49:00","12406","279","20.2","0.011","0.10","75.8","71.9","74.3","59.6","59.8","59.7","1.10","1.30","1.19","0","0","1"
"09/01/2016","13:49:00","12555","277","22.7","0.019","-0.02","77.0","75.1","76.1","59.7","59.8","59.7","0.90","0.90","0.87","0","0","1"
"09/01/2016","13:49:00","12705","275","24.8","0.015","0.07","79.1","77.1","78.2","59.6","59.8","59.7","0.80","0.90","0.86","0","0","1"
"09/01/2016","13:49:00","12854","273","27.2","0.017","-0.03","78.6","77.9","78.2","59.5","59.8","59.7","0.90","1.00","0.95","0","0","1"
"09/01/2016","13:49:00","13003","272","29.0","0.012","-0.01","75.2","78.0","76.8","59.5","59.8","59.7","1.10","0.80","0.95","0","0","1"
"09/01/2016","13:49:00","13153","272","31.2","0.015","-0.05","73.3","74.8","74.1","59.6","59.8","59.7","0.70","0.80","0.77","0","0","1"
"09/01/2016","13:49:00","13302","272","31.2","0.001","0.05","73.7","73.8","73.7","59.6","59.7","59.6","0.80","0.80","0.76","0","0","1"
"09/01/2016","13:49:00","13452","271","31.4","0.002","-0.04","75.0","76.0","75.5","59.6","59.8","59.7","0.80","0.90","0.85","0","0","1"
"09/01/2016","13:49:00","13601","271","32.3","0.006","-0.04","76.4","75.1","75.8","59.6","59.9","59.7","0.90","1.00","0.93","0","0","1"
"09/01/2016","13:49:00","13751","271","32.5","0.002","-0.31","77.1","77.1","77.1","59.6","59.9","59.8","0.90","1.20","1.08","0","0","1"
"09/01/2016","13:49:00","13900","273","32.8","0.007","-0.14","78.8","77.2","78.1","59.6","59.8","59.7","1.00","1.30","1.15","0","0","1"
"09/01/2016","13:49:00","14050","275","32.1","0.009","0.03","76.5","75.6","76.1","59.6","59.8","59.7","1.00","1.20","1.08","0","0","1"
"09/01/2016","13:49:00","14199","275","30.7","0.010","-0.19","75.3","73.4","74.5","59.6","59.8","59.7","1.10","1.60","1.32","0","0","1"
"09/01/2016","13:49:00","14348","275","30.5","0.001","0.29","74.5","70.7","73.0","59.6","59.7","59.7","1.30","0.80","1.01","0","0","1"
"09/01/2016","13:49:00","14498","279","27.5","0.024","0.06","76.3","72.0","74.6","59.6","59.7","59.7","1.30","0.70","0.97","0","0","1"
"09/01/2016","13:49:00","14647","281","25.2","0.017","0.14","79.0","77.8","78.5","59.6","59.7","59.6","1.10","1.20","1.13","0","0","1"
"09/01/2016","13:49:00","14797","284","23.2","0.016","0.05","80.5","79.6","80.1","59.6","59.7","59.7","1.00","1.30","1.14","0","0","1"
"09/01/2016","13:49:00","14946","292","22.1","0.020","-0.13","80.3","80.3","80.3","59.6","59.7","59.7","0.90","1.70","1.32","0","0","1"
"09/01/2016","13:49:00","15096","302","21.6","0.027","0.03","79.3","78.8","79.0","59.5","59.7","59.6","1.20","1.60","1.40","0","0","1"
"09/01/2016","13:49:00","15245","315","19.9","0.033","-0.01","82.7","82.2","82.4","59.6","59.7","59.6","1.40","1.30","1.38","0","0","1"
"09/01/2016","13:49:00","15395","320","18.0","0.016","0.04","86.5","87.0","86.8","59.6","59.7","59.6","1.50","1.10","1.34","0","0","1"
"09/01/2016","13:49:00","15544","323","15.5","0.018","0.03","85.6","85.1","85.3","59.5","59.7","59.6","1.70","1.20","1.43","0","0","1"
"09/01/2016","13:49:00","15694","332","12.3","0.026","0.06","82.8","80.4","81.7","59.5","59.7","59.6","1.70","0.90","1.31","0","0","1"
"09/01/2016","13:49:00","15843","347","7.5","0.036","-0.09","79.8","79.5","79.6","59.5","59.7","59.6","1.80","0.80","1.32","0","0","1"
"09/01/2016","13:49:00","15992","1","4.9","0.020","-0.08","79.1","81.2","80.3","59.5","59.7","59.6","1.40","0.80","1.11","0","0","1"
"09/01/2016","13:49:00","16142","20","2.7","0.016","-0.01","78.3","80.1","79.3","59.5","59.7","59.6","1.00","0.90","0.95","0","0","1"
"09/01/2016","13:49:00","16291","10","2.8","0.003","0.02","76.5","77.0","76.8","59.5","59.7","59.6","0.90","0.70","0.81","0","0","1"
"09/01/2016","13:49:00","16441","351","2.5","0.006","-0.17","74.1","77.0","75.8","59.5","59.8","59.7","0.70","0.90","0.79","0","0","1"
"09/01/2016","13:49:00","16590","57","2.1","0.017","-0.47","75.4","75.4","75.4","59.5","59.8","59.7","0.90","0.90","0.89","0","0","1"
"09/01/2016","13:49:00","16740","141","1.1","0.015","-0.20","73.1","76.2","74.9","59.6","59.8","59.7","0.70","1.00","0.85","0","0","1"
"09/01/2016","13:49:00","16889","292","1.2","0.015","-0.10","71.6","72.0","71.8","59.6","59.8","59.7","1.20","1.00","1.07","0","0","1"
"09/01/2016","13:49:00","17039","9","2.2","0.015","-0.06","74.5","72.8","73.8","59.6","59.8","59.7","1.10","0.70","0.91","0","0","1"
"09/01/2016","13:49:00","17188","40","2.9","0.010","-0.01","76.6","76.2","76.4","59.5","59.9","59.7","0.90","0.80","0.85","0","0","1"
"09/01/2016","13:49:00","17338","44","1.7","0.008","-0.04","73.6","78.4","76.6","59.5","59.9","59.7","0.70","0.70","0.66","0","0","1"
"09/01/2016","13:49:00","17487","12","1.5","0.006","-0.03","72.6","81.7","79.2","59.6","59.8","59.7","0.50","0.50","0.51","0","0","1"
"09/01/2016","13:49:00","17636","341","1.3","0.005","0.11","70.6","75.3","73.5","59.5","59.7","59.6","0.50","0.60","0.59","1","0","5"
"09/01/2016","13:49:00","17786","29","3.8","0.020","-0.02","72.1","71.3","71.7","59.5","59.8","59.6","0.50","1.00","0.76","0","0","1"
"09/01/2016","13:49:00","17935","37","4.7","0.007","0.04","70.2","74.7","73.0","59.6","59.7","59.7","0.60","0.70","0.67","0","0","1"
"09/01/2016","13:49:00","18085","59","4.7","0.012","-0.24","68.8","70.5","69.8","59.5","59.8","59.6","0.70","0.80","0.75","0","0","1"
"09/01/2016","13:49:00","18234","50","3.3","0.010","-0.06","71.8","69.1","70.6","59.5","59.7","59.6","0.80","0.50","0.66","0","0","1"
"09/01/2016","13:49:00","18384","61","4.2","0.008","-0.06","77.8","74.9","76.6","59.5","59.9","59.7","1.00","0.40","0.69","0","0","1"
"09/01/2016","13:49:00","18533","87","4.6","0.013","0.04","76.3","74.9","75.6","59.5","59.9","59.7","1.00","0.70","0.85","0","0","1"
"09/01/2016","13:49:00","18683","118","5.2","0.018","0.31","71.7","73.4","72.7","59.5","60.0","59.8","1.20","0.90","1.05","0","0","1"
"09/01/2016","13:49:00","18832","130","4.4","0.009","0.13","69.5","70.4","70.0","59.5","60.1","59.8","0.70","0.80","0.75","6","0","1"
"09/01/2016","13:49:00","18981","138","3.5","0.007","-0.31","64.5","70.2","68.2","59.5","60.1","59.8","0.30","1.80","1.08","0","0","1"
"09/01/2016","13:49:00","19131","112","3.9","0.011","-0.60","69.3","69.3","69.3","59.6","60.2","59.9","0.80","1.00","0.88","1","0","5"
"09/01/2016","13:49:00","19280","53","8.1","0.047","0.50","66.8","69.0","68.1","59.5","60.2","59.8","0.50","0.80","0.67","4","0","5"
"09/01/2016","13:49:00","19430","61","9.1","0.010","-0.06","65.5","66.6","66.1","59.5","60.2","59.9","1.30","0.50","0.91","6","2","1"
"09/01/2016","13:54:00","1795","190","14.1","0.000","0.12","120.0","119.6","119.8","57.4","57.6","57.5","0.60","0.50","0.50","0","0","1"
"09/01/2016","13:54:00","1944","191","14.4","0.003","0.19","121.1","121.5","121.3","57.3","57.5","57.4","0.60","0.50","0.59","0","0","1"
"09/01/2016","13:54:00","2093","190","14.3","0.003","0.17","126.1","124.8","125.5","57.0","57.1","57.0","0.60","0.60","0.58","0","0","1"
"09/01/2016","13:54:00","2243","192","14.2","0.004","0.15","125.0","125.8","125.4","57.4","57.5","57.4","0.60","0.60","0.59","0","0","1"
"09/01/2016","13:54:00","2392","192","14.1","0.001","0.17","127.2","127.5","127.4","58.2","58.4","58.3","0.60","0.50","0.57","0","0","1"
"09/01/2016","13:54:00","2542","197","14.7","0.008","0.15","129.8","130.5","130.1","58.8","59.0","58.9","0.50","0.60","0.52","0","0","1"
"09/01/2016","13:54:00","2691","197","14.7","0.001","0.10","133.4","132.0","132.8","59.7","59.7","59.7","0.40","0.50","0.46","0","0","1"
"09/01/2016","13:54:00","2841","198","13.9","0.005","0.09","129.5","129.1","129.3","59.7","60.0","59.8","0.50","0.50","0.50","0","0","1"
"09/01/2016","13:54:00","2990","199","13.2","0.005","0.09","127.8","128.3","128.0","59.7","59.8","59.8","0.50","0.50","0.46","0","0","1"
"09/01/2016","13:54:00","3140","201","13.1","0.003","0.02","126.8","126.6","126.7","59.7","59.8","59.8","0.50","0.40","0.45","0","0","1"
"09/01/2016","13:54:00","3289","203","13.0","0.004","0.04","124.2","125.2","124.7","59.7","59.8","59.8","0.50","0.40","0.45","0","0","1"
"09/01/2016","13:54:00","3439","205","13.6","0.005","0.01","125.1","126.7","126.0","59.6","59.8","59.7","0.40","0.50","0.47","0","0","1"
"09/01/2016","13:54:00","3588","206","14.3","0.005","0.01","128.4","127.2","127.8","59.7","59.8","59.8","0.50","0.50","0.48","0","0","1"
"09/01/2016","13:54:00","3737","206","14.5","0.001","0.00","126.6","124.5","125.7","59.6","59.8","59.7","0.50","0.50","0.48","0","0","1"
"09/01/2016","13:54:00","3887","206","14.8","0.002","0.02","120.8","117.9","119.6","59.6","59.7","59.7","0.50","0.40","0.46","0","0","1"
"09/01/2016","13:54:00","4036","207","14.8","0.002","-0.02","116.4","115.2","115.8","59.6","59.7","59.6","0.50","0.50","0.50","0","0","1"
"09/01/2016","13:54:00","4186","209","15.0","0.004","-0.03","116.2","114.3","115.4","59.6","59.7","59.6","0.50","0.50","0.52","0","0","1"
"09/01/2016","13:54:00","4335","210","15.9","0.006","-0.05","119.3","117.8","118.6","59.6","59.7","59.6","0.50","0.50","0.51","0","0","1"
"09/01/2016","13:54:00","4485","212","16.2","0.003","-0.03","117.7","118.2","117.9","59.6","59.7","59.7","0.60","0.60","0.57","0","0","1"
"09/01/2016","13:54:00","4634","213","15.2","0.008","0.03","122.3","119.7","121.2","59.6","59.8","59.7","0.50","0.50","0.54","0","0","1"
"09/01/2016","13:54:00","4784","214","15.5","0.003","0.04","124.7","123.7","124.2","59.6","59.8","59.7","0.50","0.40","0.49","0","0","1"
"09/01/2016","13:54:00","4933","215","15.5","0.002","0.03","120.0","119.5","119.7","59.6","59.7","59.7","0.70","0.40","0.55","0","0","1"
"09/01/2016","13:54:00","5083","216","15.0","0.003","0.02","115.3","117.1","116.3","59.6","59.7","59.6","0.70","0.50","0.58","0","0","1"
"09/01/2016","13:54:00","5232","217","15.0","0.003","0.02","117.9","117.8","117.9","59.6","59.8","59.7","0.60","0.50","0.55","0","0","1"
"09/01/2016","13:54:00","5381","218","15.1","0.001","0.01","118.7","117.1","118.0","59.6","59.7","59.7","0.60","0.50","0.58","0","0","1"
"09/01/2016","13:54:00","5531","218","14.0","0.007","-0.05","119.6","117.4","118.6","59.6","59.7","59.6","0.60","0.60","0.62","0","0","1"
"09/01/2016","13:54:00","5680","214","13.7","0.007","0.01","121.3","120.8","121.1","59.6","59.7","59.7","0.50","0.50","0.53","0","0","1"
"09/01/2016","13:54:00","5830","212","13.3","0.004","0.03","117.4","116.7","117.1","59.6","59.7","59.7","0.60","0.60","0.56","0","0","1"
"09/01/2016","13:54:00","5979","212","12.4","0.006","-0.05","110.9","109.1","110.1","59.6","59.7","59.6","0.70","0.80","0.74","0","0","1"
"09/01/2016","13:54:00","6129","214","10.4","0.013","-0.07","110.4","106.8","109.0","59.6","59.7","59.7","0.70","1.30","0.95","0","0","1"
"09/01/2016","13:54:00","6278","211","8.0","0.017","-0.21","110.4","105.2","108.5","59.6","59.7","59.7","0.50","0.80","0.67","0","0","1"
"09/01/2016","13:54:00","6428","212","7.8","0.002","-0.20","111.8","105.8","109.7","59.6","59.7","59.7","0.60","0.70","0.63","0","0","1"
"09/01/2016","13:54:00","6577","215","7.4","0.003","-0.12","109.5","108.4","109.0","59.6","59.7","59.6","0.80","0.60","0.71","0","0","1"
"09/01/2016","13:54:00","6726","216","6.9","0.003","-0.09","109.2","109.3","109.3","59.6","59.7","59.7","0.70","0.80","0.74","0","0","1"
"09/01/2016","13:54:00","6876","223","6.5","0.005","0.05","111.0","109.8","110.4","59.6","59.6","59.6","0.80","1.00","0.87","0","0","1"
"09/01/2016","13:54:00","7025","225","6.2","0.003","0.17","109.1","106.7","108.1","59.5","59.7","59.6","0.90","1.20","1.04","0","0","1"
"09/01/2016","13:54:00","7175","225","5.5","0.005","0.07","105.4","106.0","105.7","59.6","59.7","59.7","1.00","1.20","1.07","0","0","1"
"09/01/2016","13:54:00","7324","223","5.4","0.001","0.08","106.4","108.2","107.4","59.6","59.7","59.6","1.30","1.00","1.15","0","0","1"
"09/01/2016","13:54:00","7474","227","4.9","0.004","-0.01","111.6","113.4","112.6","59.6","59.7","59.6","1.20","1.20","1.22","0","0","1"
"09/01/2016","13:54:00","7623","228","4.3","0.004","-0.06","111.7","112.6","112.2","59.5","59.7","59.6","1.10","1.20","1.14","0","0","1"
"09/01/2016","13:54:00","7773","237","4.6","0.005","-0.06","110.6","105.4","108.7","59.5","59.7","59.6","1.10","0.90","1.03","0","0","1"
"09/01/2016","13:54:00","7922","240","5.7","0.008","0.09","108.1","104.8","106.7","59.5","59.7","59.6","0.80","0.90","0.84","0","0","1"
"09/01/2016","13:54:00","8072","235","6.2","0.005","0.11","101.1","99.9","100.6","59.5","59.7","59.6","0.80","0.80","0.83","0","0","1"
"09/01/2016","13:54:00","8221","218","5.9","0.012","0.09","100.2","99.6","99.9","59.6","59.7","59.6","0.70","0.50","0.62","0","0","1"
"09/01/2016","13:54:00","8370","213","6.5","0.006","0.12","102.3","101.6","102.0","59.5","59.7","59.6","0.60","0.60","0.59","0","0","1"
"09/01/2016","13:54:00","8520","216","7.8","0.009","0.10","99.1","98.4","98.8","59.5","59.6","59.6","0.50","0.60","0.53","0","0","1"
"09/01/2016","13:54:00","8669","217","8.0","0.001","0.12","96.4","96.3","96.3","59.6","59.6","59.6","0.40","0.40","0.43","0","0","1"
"09/01/2016","13:54:00","8819","218","7.9","0.001","0.03","97.7","97.0","97.4","59.5","59.7","59.6","0.40","0.30","0.39","0","0","1"
"09/01/2016","13:54:00","8968","216","8.3","0.003","0.05","96.8","95.6","96.3","59.6","59.7","59.6","0.50","0.40","0.43","0","0","1"
"09/01/2016","13:54:00","9118","212","9.1","0.007","0.01","93.8","91.2","92.7","59.6","59.7","59.6","0.60","0.60","0.58","0","0","1"
"09/01/2016","13:54:00","9267","204","9.1","0.008","0.01","91.9","90.0","91.0","59.5","59.7","59.6","0.60","0.50","0.51","0","0","1"
"09/01/2016","13:54:00","9417","199","9.2","0.006","-0.03","90.6","90.3","90.4","59.5","59.6","59.6","0.50","0.40","0.43","0","0","1"
"09/01/2016","13:54:00","9566","197","9.1","0.002","-0.02","87.7","88.6","88.2","59.6","59.6","59.6","0.50","0.40","0.41","0","0","1"
"09/01/2016","13:54:00","9715","204","9.3","0.007","-0.08","87.8","87.1","87.5","59.6","59.7","59.6","0.60","0.40","0.51","0","0","1"
"09/01/2016","13:54:00","9865","211","9.7","0.009","0.02","86.4","87.1","86.7","59.6","59.7","59.6","0.70","0.40","0.58","0","0","1"
"09/01/2016","13:54:00","10014","217","9.5","0.006","0.00","84.4","83.7","84.1","59.6","59.6","59.6","0.70","0.50","0.60","0","0","1"
"09/01/2016","13:54:00","10164","226","8.2","0.013","-0.04","88.3","84.5","86.8","59.6","59.6","59.6","0.60","0.50","0.55","0","0","1"
"09/01/2016","13:54:00","10313","231","7.8","0.006","0.05","87.4","87.6","87.5","59.6","59.6","59.6","0.40","0.50","0.46","0","0","1"
"09/01/2016","13:54:00","10463","233","7.1","0.005","0.05","82.6","83.8","83.3","59.6","59.7","59.6","0.50","0.50","0.54","0","0","1"
"09/01/2016","13:54:00","10612","236","6.5","0.005","0.04","79.4","78.3","78.9","59.6","59.7","59.6","0.60","0.70","0.64","0","0","1"
"09/01/2016","13:54:00","10762","252","6.4","0.012","0.02","78.2","80.7","79.6","59.6","59.6","59.6","0.80","0.50","0.65","0","0","1"
"09/01/2016","13:54:00","10911","266","7.1","0.012","0.02","80.6","81.6","81.1","59.6","59.7","59.7","0.70","0.60","0.64","0","0","1"
"09/01/2016","13:54:00","11061","275","6.7","0.008","0.08","82.4","84.4","83.5","59.6","59.8","59.7","0.60","0.50","0.56","0","0","1"
"09/01/2016","13:54:00","11210","288","7.4","0.012","0.13","80.8","81.6","81.2","59.6","59.8","59.7","0.90","0.60","0.78","0","0","1"
"09/01/2016","13:54:00","11359","292","8.3","0.007","0.07","83.8","84.9","84.4","59.6","59.8","59.7","0.90","0.80","0.84","0","0","1"
"09/01/2016","13:54:00","11509","291","10.2","0.013","0.01","87.7","87.5","87.6","59.5","59.9","59.7","1.10","1.00","1.03","0","0","1"
"09/01/2016","13:54:00","11658","291","12.4","0.014","-0.03","88.9","88.6","88.8","59.6","60.0","59.8","0.90","0.90","0.92","0","0","1"
"09/01/2016","13:54:00","11808","290","14.3","0.013","0.04","87.4","86.9","87.2","59.5","60.0","59.8","1.00","1.00","0.97","0","0","1"
"09/01/2016","13:54:00","11957","288","16.4","0.015","0.02","84.3","82.4","83.4","59.6","59.9","59.7","1.20","1.10","1.13","0","0","1"
"09/01/2016","13:54:00","12107","287","18.0","0.011","0.02","82.0","79.6","80.9","59.6","59.8","59.7","1.00","1.10","1.03","0","0","1"
"09/01/2016","13:54:00","12256","286","18.5","0.004","-0.09","76.6","75.5","76.0","59.6","59.8","59.7","1.00","1.40","1.18","0","0","1"
"09/01/2016","13:54:00","12406","281","20.1","0.015","-0.08","74.4","73.5","73.9","59.5","59.7","59.6","1.00","1.40","1.17","0","0","1"
"09/01/2016","13:54:00","12555","276","23.2","0.025","0.04","76.8","76.2","76.5","59.5","59.7","59.6","0.80","1.00","0.87","0","0","1"
"09/01/2016","13:54:00","12705","275","25.0","0.013","-0.01","79.6","77.6","78.7","59.5","59.7","59.6","0.80","1.00","0.89","0","0","1"
"09/01/2016","13:54:00","12854","274","27.5","0.017","-0.09","78.9","78.1","78.5","59.5","59.7","59.6","0.80","1.00","0.94","0","0","1"
"09/01/2016","13:54:00","13003","273","29.5","0.014","0.04","77.1","77.5","77.3","59.5","59.7","59.6","0.70","1.00","0.85","0","0","1"
"09/01/2016","13:54:00","13153","272","31.0","0.011","-0.06","75.0","74.6","74.8","59.5","59.7","59.6","0.70","1.00","0.84","0","0","1"
"09/01/2016","13:54:00","13302","274","30.8","0.007","-0.05","73.9","73.0","73.4","59.5","59.7","59.6","0.80","1.00","0.90","0","0","1"
"09/01/2016","13:54:00","13452","272","31.3","0.009","-0.03","75.1","75.6","75.4","59.5","59.6","59.6","0.90","1.00","0.96","0","0","1"
"09/01/2016","13:54:00","13601","271","32.3","0.007","-0.09","75.6","74.1","74.9","59.5","59.7","59.6","0.90","1.10","1.00","0","0","1"
"09/01/2016","13:54:00","13751","270","32.8","0.005","-0.23","74.3","76.7","75.7","59.6","59.8","59.7","0.90","0.90","0.90","0","0","1"
"09/01/2016","13:54:00","13900","272","33.3","0.010","-0.16","78.6","77.7","78.2","59.5","59.7","59.6","1.10","1.20","1.12","0","0","1"
"09/01/2016","13:54:00","14050","275","33.1","0.009","-0.12","77.5","76.7","77.1","59.6","59.7","59.6","1.10","1.50","1.29","0","0","1"
"09/01/2016","13:54:00","14199","276","31.0","0.016","-0.20","76.0","75.2","75.6","59.5","59.6","59.6","1.30","1.60","1.49","0","0","1"
"09/01/2016","13:54:00","14348","278","29.7","0.011","-0.08","76.1","74.9","75.5","59.6","59.6","59.6","1.60","1.20","1.41","0","0","1"
"09/01/2016","13:54:00","14498","281","26.4","0.024","-0.07","76.9","78.4","77.7","59.6","59.7","59.6","1.30","1.50","1.42","0","0","1"
"09/01/2016","13:54:00","14647","283","24.2","0.016","-0.03","80.1","79.7","79.9","59.5","59.6","59.6","1.10","1.60","1.32","0","0","1"
"09/01/2016","13:54:00","14797","285","23.0","0.009","-0.03","81.7","80.6","81.2","59.6","59.7","59.6","1.10","1.50","1.31","0","0","1"
"09/01/2016","13:54:00","14946","293","21.8","0.022","-0.08","81.3","80.8","81.1","59.6","59.6","59.6","1.00","1.80","1.37","0","0","1"
"09/01/2016","13:54:00","15096","303","21.7","0.027","0.04","79.5","79.2","79.3","59.6","59.6","59.6","1.30","1.90","1.64","0","0","1"
"09/01/2016","13:54:00","15245","313","19.8","0.026","-0.13","81.9","80.4","81.2","59.6","59.6","59.6","1.70","1.50","1.60","0","0","1"
"09/01/2016","13:54:00","15395","320","17.7","0.021","0.00","87.2","85.7","86.5","59.5","59.6","59.6","1.60","0.90","1.28","0","0","1"
"09/01/2016","13:54:00","15544","324","15.2","0.018","-0.03","86.3","83.8","85.2","59.5","59.6","59.6","1.80","0.90","1.33","0","0","1"
"09/01/2016","13:54:00","15694","331","12.4","0.022","0.02","83.8","81.0","82.6","59.5","59.7","59.6","1.70","0.90","1.27","0","0","1"
"09/01/2016","13:54:00","15843","344","8.1","0.032","-0.06","79.7","79.9","79.8","59.5","59.6","59.6","1.90","0.70","1.30","0","0","1"
"09/01/2016","13:54:00","15992","355","4.7","0.024","-0.04","78.8","79.3","79.1","59.5","59.6","59.6","1.40","0.90","1.14","0","0","1"
"09/01/2016","13:54:00","16142","5","2.6","0.015","0.06","75.6","79.5","78.0","59.5","59.7","59.6","1.00","0.80","0.91","0","0","1"
"09/01/2016","13:54:00","16291","13","2.8","0.003","-0.03","75.0","77.7","76.6","59.5","59.6","59.6","1.00","0.60","0.83","0","0","1"
"09/01/2016","13:54:00","16441","4","2.9","0.003","-0.16","74.4","77.1","75.9","59.6","59.6","59.6","0.90","0.80","0.86","0","0","1"
"09/01/2016","13:54:00","16590","103","0.4","0.020","-0.12","74.7","74.6","74.7","59.5","59.7","59.6","0.80","0.70","0.77","0","0","1"
"09/01/2016","13:54:00","16740","197","1.8","0.013","0.01","73.1","74.1","73.6","59.5","59.6","59.6","0.80","1.40","1.07","0","0","1"
"09/01/2016","13:54:00","16889","302","2.6","0.023","-0.08","70.0","72.7","71.5","59.5","59.7","59.6","0.80","1.30","1.04","0","0","1"
"09/01/2016","13:54:00","17039","355","1.7","0.014","-0.01","72.9","73.7","73.3","59.5","59.7","59.6","1.10","0.80","0.98","0","0","1"
"09/01/2016","13:54:00","17188","57","2.3","0.014","0.05","71.5","76.5","74.7","59.5","59.8","59.7","0.60","0.80","0.70","0","0","1"
"09/01/2016","13:54:00","17338","38","1.6","0.006","0.02","73.2","78.6","76.7","59.5","59.8","59.6","0.70","0.70","0.68","0","0","1"
"09/01/2016","13:54:00","17487","14","1.7","0.005","0.03","74.4","77.1","76.0","59.5","59.8","59.6","0.50","0.70","0.62","0","0","1"
"09/01/2016","13:54:00","17636","25","3.5","0.013","-0.13","71.5","72.7","72.1","59.5","59.7","59.6","0.50","0.70","0.58","2","0","5"
"09/01/2016","13:54:00","17786","28","3.9","0.003","-0.14","72.3","73.4","72.9","59.5","59.7","59.6","0.50","1.00","0.79","0","0","1"
"09/01/2016","13:54:00","17935","43","4.5","0.009","-0.03","70.5","75.0","73.3","59.5","59.7","59.6","0.60","0.90","0.74","0","0","1"
"09/01/2016","13:54:00","18085","41","3.8","0.005","-0.28","69.8","68.3","69.1","59.5","59.7","59.6","1.00","0.70","0.85","0","0","1"
"09/01/2016","13:54:00","18234","51","3.4","0.005","-0.11","71.3","66.5","69.5","59.5","59.7","59.6","0.70","0.40","0.53","0","1","5"
"09/01/2016","13:54:00","18384","65","4.5","0.010","-0.17","75.7","73.0","74.5","59.5","59.8","59.6","1.00","0.40","0.70","0","0","1"
"09/01/2016","13:54:00","18533","102","6.1","0.025","0.34","75.5","74.6","75.1","59.5","59.8","59.6","0.80","0.80","0.79","0","0","1"
"09/01/2016","13:54:00","18683","118","5.7","0.011","0.22","71.9","72.6","72.3","59.5","59.9","59.7","0.90","0.90","0.90","0","0","1"
"09/01/2016","13:54:00","18832","124","5.0","0.006","0.04","69.7","70.9","70.4","59.5","60.0","59.8","0.90","1.40","1.16","0","0","1"
"09/01/2016","13:54:00","18981","116","4.8","0.004","-0.41","65.6","66.9","66.3","59.5","60.1","59.8","1.20","0.60","0.87","1","1","1"
"09/01/2016","13:54:00","19131","134","3.9","0.011","-0.23","68.1","70.5","69.5","59.6","60.1","59.9","0.80","1.60","1.20","2","0","5"
"09/01/2016","13:54:00","19280","53","8.4","0.058","0.44","67.0","67.3","67.1","59.5","60.1","59.8","0.40","0.60","0.52","5","0","1"
"09/01/2016","13:54:00","19430","70","11.5","0.028","-0.19","68.1","66.9","67.5","59.5","60.1","59.8","1.60","0.70","1.15","0","0","1"
"09/01/2016","13:59:00","1795","190","14.2","0.000","0.13","119.1","118.9","119.0","57.3","57.6","57.5","0.60","0.50","0.55","0","0","1"
"09/01/2016","13:59:00","1944","192","14.2","0.004","0.18","121.3","121.0","121.2","57.3","57.5","57.4","0.70","0.50","0.60","0","0","1"
"09/01/2016","13:59:00","2093","190","14.2","0.004","0.17","125.5","124.9","125.2","57.0","57.0","57.0","0.60","0.50","0.56","0","0","1"
"09/01/2016","13:59:00","2243","193","14.1","0.006","0.18","125.5","126.1","125.8","57.4","57.5","57.4","0.60","0.50","0.57","0","0","1"
"09/01/2016","13:59:00","2392","192","13.9","0.002","0.17","126.5","126.5","126.5","58.2","58.3","58.3","0.60","0.50","0.58","0","0","1"
"09/01/2016","13:59:00","2542","197","14.4","0.009","0.18","130.5","129.1","129.9","58.8","58.9","58.9","0.50","0.50","0.49","0","0","1"
"09/01/2016","13:59:00","2691","198","14.8","0.003","0.17","132.2","130.2","131.3","59.7","59.6","59.6","0.40","0.50","0.43","0","0","1"
"09/01/2016","13:59:00","2841","199","13.9","0.006","0.17","129.1","129.2","129.1","59.7","59.9","59.8","0.50","0.50","0.47","0","0","1"
"09/01/2016","13:59:00","2990","200","13.4","0.004","0.15","129.3","128.8","129.1","59.7","59.8","59.8","0.50","0.50","0.49","0","0","1"
"09/01/2016","13:59:00","3140","201","13.1","0.002","0.13","127.3","127.4","127.3","59.6","59.8","59.7","0.50","0.40","0.46","0","0","1"
"09/01/2016","13:59:00","3289","203","13.0","0.004","0.11","123.9","125.1","124.5","59.6","59.8","59.7","0.50","0.40","0.45","0","0","1"
"09/01/2016","13:59:00","3439","205","13.6","0.004","0.08","125.5","124.8","125.1","59.6","59.7","59.6","0.50","0.50","0.50","0","0","1"
"09/01/2016","13:59:00","3588","205","13.8","0.002","0.12","127.5","126.5","127.0","59.7","59.8","59.7","0.40","0.40","0.43","0","0","1"
"09/01/2016","13:59:00","3737","206","14.2","0.003","0.08","125.2","124.6","124.9","59.6","59.8","59.7","0.40","0.50","0.46","0","0","1"
"09/01/2016","13:59:00","3887","207","14.6","0.002","0.08","120.4","118.2","119.5","59.6","59.7","59.6","0.40","0.50","0.42","0","0","1"
"09/01/2016","13:59:00","4036","208","14.9","0.003","0.06","115.6","113.2","114.5","59.6","59.6","59.6","0.50","0.60","0.52","0","0","1"
"09/01/2016","13:59:00","4186","207","15.1","0.002","0.04","118.6","114.7","117.1","59.6","59.7","59.6","0.50","0.50","0.50","0","0","1"
"09/01/2016","13:59:00","4335","209","16.2","0.008","0.03","118.1","117.5","117.8","59.6","59.6","59.6","0.50","0.60","0.52","0","0","1"
"09/01/2016","13:59:00","4485","211","16.4","0.004","0.03","118.0","117.6","117.8","59.6","59.6","59.6","0.50","0.50","0.52","0","0","1"
"09/01/2016","13:59:00","4634","212","15.6","0.006","0.09","121.3","117.9","119.9","59.6","59.7","59.6","0.50","0.50","0.52","0","0","1"
"09/01/2016","13:59:00","4784","213","15.7","0.001","0.08","121.8","123.5","122.7","59.6","59.7","59.6","0.50","0.50","0.48","0","0","1"
"09/01/2016","13:59:00","4933","214","15.8","0.002","0.09","116.7","120.4","118.9","59.6","59.7","59.6","0.70","0.40","0.56","0","0","1"
"09/01/2016","13:59:00","5083","216","15.3","0.004","-0.01","113.4","115.2","114.4","59.5","59.7","59.6","0.60","0.50","0.59","0","0","1"
"09/01/2016","13:59:00","5232","218","15.0","0.004","0.01","114.6","117.1","116.0","59.6","59.7","59.7","0.60","0.50","0.58","0","0","1"
"09/01/2016","13:59:00","5381","217","15.0","0.002","0.00","117.5","116.4","117.0","59.6","59.6","59.6","0.60","0.50","0.57","0","0","1"
"09/01/2016","13:59:00","5531","219","14.5","0.005","-0.04","119.4","116.2","118.1","59.6","59.7","59.6","0.60","0.60","0.63","0","0","1"
"09/01/2016","13:59:00","5680","215","14.1","0.007","-0.09","119.1","122.5","121.1","59.6","59.7","59.6","0.60","0.50","0.58","0","0","1"
"09/01/2016","13:59:00","5830","213","13.9","0.003","-0.06","116.0","119.4","118.0","59.6","59.7","59.6","0.60","0.60","0.60","0","0","1"
"09/01/2016","13:59:00","5979","213","12.9","0.006","-0.13","109.9","111.8","111.0","59.6","59.6","59.6","0.70","0.70","0.71","0","0","1"
"09/01/2016","13:59:00","6129","212","11.2","0.012","-0.15","108.4","109.0","108.7","59.6","59.7","59.6","0.60","1.30","0.97","0","0","1"
"09/01/2016","13:59:00","6278","209","8.6","0.018","-0.15","111.1","106.4","109.3","59.6","59.6","59.6","0.60","1.00","0.77","0","0","1"
"09/01/2016","13:59:00","6428","207","7.7","0.006","-0.18","110.8","108.5","109.8","59.6","59.7","59.7","0.60","0.60","0.61","0","0","1"
"09/01/2016","13:59:00","6577","212","7.2","0.005","-0.18","111.2","109.7","110.5","59.6","59.6","59.6","0.80","0.70","0.71","0","0","1"
"09/01/2016","13:59:00","6726","218","6.6","0.006","-0.15","113.1","111.1","112.2","59.6","59.6","59.6","0.80","0.70","0.76","0","0","1"
"09/01/2016","13:59:00","6876","220","6.4","0.002","-0.04","113.5","109.9","112.1","59.6","59.6","59.6","0.80","0.90","0.85","0","0","1"
"09/01/2016","13:59:00","7025","217","6.0","0.003","-0.08","110.1","106.4","108.6","59.5","59.6","59.6","0.80","0.90","0.84","0","0","1"
"09/01/2016","13:59:00","7175","221","6.4","0.004","-0.18","107.7","106.2","107.0","59.6","59.7","59.6","0.80","0.90","0.84","0","0","1"
"09/01/2016","13:59:00","7324","223","5.7","0.005","-0.16","110.5","107.8","109.3","59.6","59.6","59.6","1.00","0.90","0.93","0","0","1"
"09/01/2016","13:59:00","7474","225","5.1","0.004","-0.10","110.4","112.3","111.5","59.5","59.6","59.6","1.10","1.00","1.06","0","0","1"
"09/01/2016","13:59:00","7623","227","4.8","0.002","-0.14","109.5","112.4","111.2","59.5","59.6","59.5","1.10","1.20","1.14","0","0","1"
"09/01/2016","13:59:00","7773","237","4.7","0.006","-0.02","109.2","107.3","108.3","59.5","59.6","59.6","0.80","0.90","0.86","0","0","1"
"09/01/2016","13:59:00","7922","239","5.6","0.007","0.03","108.0","107.4","107.7","59.5","59.6","59.6","0.70","0.70","0.68","0","0","1"
"09/01/2016","13:59:00","8072","235","6.0","0.004","0.07","100.3","103.8","102.3","59.5","59.6","59.5","0.70","0.60","0.66","0","0","1"
"09/01/2016","13:59:00","8221","216","5.6","0.013","0.12","99.8","100.0","99.9","59.5","59.6","59.6","0.70","0.50","0.57","0","0","1"
"09/01/2016","13:59:00","8370","212","6.0","0.004","0.06","99.2","100.1","99.6","59.5","59.6","59.5","0.60","0.50","0.57","0","0","1"
"09/01/2016","13:59:00","8520","214","7.5","0.011","0.09","95.6","96.0","95.8","59.5","59.6","59.6","0.50","0.60","0.56","0","0","1"
"09/01/2016","13:59:00","8669","218","7.7","0.004","0.10","94.7","95.9","95.3","59.5","59.6","59.6","0.40","0.40","0.42","0","0","1"
"09/01/2016","13:59:00","8819","217","7.7","0.001","0.05","97.4","96.6","97.0","59.5","59.6","59.5","0.50","0.30","0.39","0","0","1"
"09/01/2016","13:59:00","8968","215","7.9","0.002","0.02","93.5","94.7","94.1","59.5","59.6","59.5","0.50","0.30","0.41","0","0","1"
"09/01/2016","13:59:00","9118","210","8.7","0.007","-0.01","93.3","90.6","92.1","59.5","59.6","59.5","0.50","0.60","0.55","0","0","1"
"09/01/2016","13:59:00","9267","204","8.8","0.006","0.01","92.2","90.4","91.4","59.4","59.6","59.5","0.60","0.50","0.51","0","0","1"
"09/01/2016","13:59:00","9417","198","8.9","0.007","-0.03","90.9","89.3","90.2","59.5","59.5","59.5","0.50","0.40","0.41","0","0","1"
"09/01/2016","13:59:00","9566","196","9.1","0.002","-0.05","88.6","89.9","89.3","59.5","59.6","59.6","0.40","0.30","0.35","0","0","1"
"09/01/2016","13:59:00","9715","203","9.1","0.008","-0.10","88.6","87.1","87.9","59.5","59.6","59.6","0.70","0.40","0.54","0","0","1"
"09/01/2016","13:59:00","9865","214","9.3","0.011","0.04","87.9","87.1","87.5","59.5","59.6","59.6","0.70","0.40","0.57","0","0","1"
"09/01/2016","13:59:00","10014","218","9.3","0.005","0.03","86.1","83.4","84.9","59.5","59.5","59.5","0.60","0.50","0.54","0","0","1"
"09/01/2016","13:59:00","10164","226","8.0","0.012","-0.06","86.5","84.4","85.6","59.5","59.5","59.5","0.60","0.50","0.57","0","0","1"
"09/01/2016","13:59:00","10313","232","7.5","0.006","-0.02","87.8","87.6","87.7","59.5","59.6","59.5","0.50","0.50","0.47","0","0","1"
"09/01/2016","13:59:00","10463","236","7.1","0.004","0.04","85.1","84.8","85.0","59.5","59.6","59.6","0.50","0.40","0.45","0","0","1"
"09/01/2016","13:59:00","10612","238","6.5","0.004","-0.02","80.2","79.4","79.8","59.5","59.6","59.6","0.60","0.70","0.64","0","0","1"
"09/01/2016","13:59:00","10762","255","6.6","0.013","0.00","79.5","79.5","79.5","59.5","59.6","59.6","0.80","0.60","0.71","0","0","1"
"09/01/2016","13:59:00","10911","266","6.7","0.008","-0.03","82.0","82.7","82.4","59.5","59.6","59.6","0.40","0.50","0.44","0","0","1"
"09/01/2016","13:59:00","11061","275","6.6","0.007","-0.02","81.3","83.9","82.8","59.5","59.7","59.6","0.40","0.60","0.48","0","0","1"
"09/01/2016","13:59:00","11210","288","7.4","0.012","0.01","81.2","80.8","81.0","59.5","59.8","59.6","0.80","0.70","0.77","0","0","1"
"09/01/2016","13:59:00","11359","294","8.3","0.008","-0.02","81.5","81.9","81.7","59.5","59.8","59.6","0.80","0.70","0.77","0","0","1"
"09/01/2016","13:59:00","11509","293","10.2","0.013","0.03","86.3","84.6","85.6","59.5","59.8","59.7","0.90","0.70","0.82","0","0","1"
"09/01/2016","13:59:00","11658","294","12.5","0.015","0.02","86.6","85.6","86.1","59.5","59.9","59.7","0.80","0.70","0.78","0","0","1"
"09/01/2016","13:59:00","11808","291","14.5","0.014","0.00","85.8","82.2","84.4","59.5","59.9","59.7","0.80","0.80","0.81","0","0","1"
"09/01/2016","13:59:00","11957","290","16.8","0.016","0.00","83.2","81.4","82.4","59.6","59.8","59.7","0.90","1.00","0.92","0","0","1"
"09/01/2016","13:59:00","12107","287","18.3","0.012","0.05","81.3","80.5","80.9","59.5","59.7","59.6","0.90","0.90","0.87","0","0","1"
"09/01/2016","13:59:00","12256","284","19.1","0.008","-0.03","77.3","77.0","77.1","59.5","59.7","59.6","0.90","0.90","0.90","0","0","1"
"09/01/2016","13:59:00","12406","281","20.6","0.012","-0.03","77.0","76.0","76.6","59.5","59.7","59.6","0.80","1.10","0.95","0","0","1"
"09/01/2016","13:59:00","12555","278","23.2","0.019","-0.04","78.1","78.2","78.2","59.5","59.6","59.6","0.90","0.80","0.85","0","0","1"
"09/01/2016","13:59:00","12705","276","25.2","0.014","-0.02","80.8","78.5","79.8","59.5","59.6","59.6","0.90","0.90","0.90","0","0","1"
"09/01/2016","13:59:00","12854","274","27.9","0.019","-0.08","79.7","77.8","78.8","59.6","59.6","59.6","0.80","1.00","0.94","0","0","1"
"09/01/2016","13:59:00","13003","272","29.4","0.011","0.02","77.9","77.3","77.6","59.6","59.6","59.6","1.10","1.00","1.01","0","0","1"
"09/01/2016","13:59:00","13153","272","31.1","0.012","0.05","75.2","72.5","74.1","59.6","59.6","59.6","1.00","0.80","0.89","0","0","1"
"09/01/2016","13:59:00","13302","273","30.8","0.006","-0.11","72.1","71.7","71.9","59.5","59.6","59.6","0.60","0.80","0.72","0","0","1"
"09/01/2016","13:59:00","13452","273","31.6","0.006","0.01","73.7","73.8","73.8","59.6","59.6","59.6","0.90","1.00","0.97","0","0","1"
"09/01/2016","13:59:00","13601","272","32.7","0.008","-0.04","74.0","73.3","73.7","59.5","59.7","59.6","0.80","1.10","0.95","0","0","1"
"09/01/2016","13:59:00","13751","270","33.3","0.009","-0.07","75.1","75.8","75.5","59.5","59.8","59.6","0.90","0.90","0.89","0","0","1"
"09/01/2016","13:59:00","13900","272","33.5","0.009","-0.11","78.6","78.7","78.7","59.5","59.6","59.5","1.10","1.30","1.18","0","0","1"
"09/01/2016","13:59:00","14050","275","33.4","0.009","-0.15","77.2","78.0","77.7","59.5","59.6","59.6","1.10","1.50","1.34","0","0","1"
"09/01/2016","13:59:00","14199","276","31.3","0.016","-0.12","76.7","75.7","76.2","59.5","59.6","59.5","1.20","1.50","1.33","0","0","1"
"09/01/2016","13:59:00","14348","279","30.2","0.011","-0.01","77.7","77.2","77.4","59.5","59.6","59.5","1.40","1.10","1.25","0","0","1"
"09/01/2016","13:59:00","14498","282","27.0","0.024","-0.10","77.5","78.6","78.1","59.5","59.7","59.6","1.50","1.40","1.45","0","0","1"
"09/01/2016","13:59:00","14647","284","24.5","0.017","-0.03","80.4","80.2","80.3","59.5","59.6","59.6","1.20","1.60","1.42","0","0","1"
"09/01/2016","13:59:00","14797","288","23.5","0.013","0.03","82.4","80.9","81.7","59.5","59.6","59.6","1.20","1.70","1.49","0","0","1"
"09/01/2016","13:59:00","14946","293","22.1","0.018","0.10","81.9","81.2","81.5","59.5","59.6","59.5","1.20","1.70","1.45","0","0","1"
"09/01/2016","13:59:00","15096","304","21.5","0.028","-0.04","79.4","78.9","79.2","59.6","59.5","59.6","1.40","1.90","1.65","0","0","1"
"09/01/2016","13:59:00","15245","311","20.1","0.019","-0.15","81.2","79.2","80.3","59.5","59.6","59.5","1.70","1.60","1.62","0","0","1"
"09/01/2016","13:59:00","15395","321","17.7","0.026","0.16","85.3","85.1","85.2","59.5","59.5","59.5","1.60","0.90","1.26","0","0","1"
"09/01/2016","13:59:00","15544","326","15.5","0.018","0.01","86.7","85.1","86.0","59.5","59.5","59.5","1.50","0.90","1.20","0","0","1"
"09/01/2016","13:59:00","15694","331","13.0","0.019","0.04","86.3","82.5","84.8","59.5","59.6","59.6","1.60","0.90","1.22","0","0","1"
"09/01/2016","13:59:00","15843","337","9.8","0.023","0.05","81.2","80.1","80.7","59.5","59.6","59.5","1.90","0.80","1.37","0","0","1"
"09/01/2016","13:59:00","15992","352","4.9","0.035","-0.05","79.5","79.7","79.6","59.5","59.6","59.5","1.50","0.80","1.11","0","0","1"
"09/01/2016","13:59:00","16142","5","2.6","0.016","0.06","77.1","79.2","78.3","59.4","59.6","59.5","1.00","0.80","0.89","0","0","1"
"09/01/2016","13:59:00","16291","0","3.0","0.003","-0.05","75.8","77.8","76.9","59.5","59.6","59.5","0.90","0.70","0.81","0","0","1"
"09/01/2016","13:59:00","16441","355","2.5","0.003","-0.23","75.4","77.1","76.3","59.5","59.6","59.5","1.00","0.80","0.93","0","0","1"
"09/01/2016","13:59:00","16590","41","1.0","0.013","-0.26","76.7","76.7","76.7","59.5","59.6","59.6","0.80","1.00","0.91","0","0","1"
"09/01/2016","13:59:00","16740","136","0.9","0.009","-0.21","73.5","73.6","73.5","59.5","59.6","59.5","0.70","1.10","0.87","0","0","1"
"09/01/2016","13:59:00","16889","306","2.5","0.022","-0.14","70.4","72.4","71.5","59.5","59.6","59.5","0.80","1.00","0.87","0","0","1"
"09/01/2016","13:59:00","17039","331","2.2","0.007","-0.14","72.8","74.0","73.4","59.5","59.6","59.6","1.00","1.20","1.07","0","0","1"
"09/01/2016","13:59:00","17188","17","2.7","0.013","-0.12","71.1","74.8","73.3","59.5","59.7","59.6","1.20","0.80","1.03","0","0","1"
"09/01/2016","13:59:00","17338","42","1.8","0.009","0.08","72.8","75.8","74.5","59.5","59.7","59.6","0.60","1.00","0.83","0","0","1"
"09/01/2016","13:59:00","17487","1","1.4","0.008","-0.02","74.7","77.1","76.1","59.5","59.7","59.6","0.50","0.50","0.53","0","0","1"
"09/01/2016","13:59:00","17636","16","3.2","0.013","0.10","72.8","75.6","74.4","59.5","59.6","59.6","0.50","1.70","1.07","0","0","1"
"09/01/2016","13:59:00","17786","16","4.2","0.007","-0.11","69.5","75.0","73.0","59.5","59.7","59.6","0.60","1.20","0.88","0","0","1"
"09/01/2016","13:59:00","17935","37","4.9","0.012","-0.07","70.5","77.1","74.9","59.5","59.7","59.6","0.90","1.30","1.10","0","0","1"
"09/01/2016","13:59:00","18085","39","4.3","0.004","-0.36","68.9","72.2","70.9","59.5","59.7","59.6","0.80","0.90","0.84","0","0","1"
"09/01/2016","13:59:00","18234","55","3.2","0.010","-0.16","71.8","68.4","70.4","59.5","59.7","59.6","0.90","0.50","0.71","0","0","1"
"09/01/2016","13:59:00","18384","65","4.0","0.007","-0.21","75.1","75.2","75.2","59.5","59.7","59.6","1.00","0.60","0.80","0","0","1"
"09/01/2016","13:59:00","18533","93","4.9","0.015","-0.03","73.8","75.5","74.8","59.5","59.7","59.6","1.30","0.90","1.09","0","0","1"
"09/01/2016","13:59:00","18683","119","6.3","0.019","0.13","71.5","72.8","72.2","59.5","59.8","59.7","1.10","1.20","1.16","0","0","1"
"09/01/2016","13:59:00","18832","134","4.2","0.017","0.16","69.1","70.4","69.8","59.5","59.8","59.6","0.40","0.80","0.60","1","0","5"
"09/01/2016","13:59:00","18981","101","3.5","0.015","-0.51","65.4","66.3","65.9","59.4","59.7","59.6","0.80","0.30","0.57","2","0","1"
"09/01/2016","13:59:00","19131","95","5.1","0.012","-0.24","62.2","68.9","66.7","59.5","59.7","59.6","0.10","0.70","0.43","3","0","5"
"09/01/2016","13:59:00","19280","55","6.8","0.029","-0.19","67.2","69.6","68.6","59.5","59.8","59.6","0.40","1.00","0.72","6","0","1"
"09/01/2016","13:59:00","19430","58","10.8","0.027","0.02","67.2","67.3","67.3","59.5","59.7","59.6","0.90","0.40","0.62","0","1","5"
"09/01/2016","14:04:00","1795","191","14.3","0.000","0.09","119.9","119.0","119.5","57.4","57.5","57.4","0.70","0.40","0.56","0","0","0"
"09/01/2016","14:04:00","1944","193","14.1","0.004","0.13","121.8","121.2","121.5","57.3","57.4","57.3","0.70","0.50","0.60","0","0","0"
"09/01/2016","14:04:00","2093","190","14.5","0.006","0.08","124.2","124.0","124.1","56.9","57.0","56.9","0.70","0.50","0.59","0","0","0"
"09/01/2016","14:04:00","2243","194","14.1","0.007","0.14","126.4","124.6","125.6","57.3","57.4","57.4","0.60","0.50","0.55","0","0","0"
"09/01/2016","14:04:00","2392","193","14.0","0.001","0.09","127.0","126.5","126.8","58.2","58.3","58.3","0.70","0.50","0.63","0","0","0"
"09/01/2016","14:04:00","2542","197","14.2","0.007","0.17","131.2","128.9","130.2","58.8","58.9","58.8","0.50","0.40","0.46","0","0","0"
"09/01/2016","14:04:00","2691","198","14.7","0.004","0.13","129.0","129.5","129.3","59.6","59.5","59.5","0.50","0.50","0.47","0","0","0"
"09/01/2016","14:04:00","2841","200","13.9","0.007","0.15","129.3","128.5","128.9","59.7","59.8","59.8","0.50","0.50","0.52","0","0","0"
"09/01/2016","14:04:00","2990","201","13.4","0.003","0.12","129.3","128.9","129.1","59.7","59.7","59.7","0.50","0.40","0.46","0","0","0"
"09/01/2016","14:04:00","3140","202","13.1","0.003","0.06","127.0","127.4","127.2","59.6","59.6","59.6","0.40","0.40","0.43","0","0","0"
"09/01/2016","14:04:00","3289","203","13.1","0.001","0.06","123.7","125.0","124.4","59.6","59.6","59.6","0.40","0.40","0.42","0","0","0"
"09/01/2016","14:04:00","3439","205","13.2","0.003","0.08","122.8","123.8","123.3","59.6","59.6","59.6","0.40","0.40","0.42","0","0","0"
"09/01/2016","14:04:00","3588","205","13.8","0.004","0.12","123.2","125.0","124.2","59.6","59.6","59.6","0.40","0.50","0.45","0","0","0"
"09/01/2016","14:04:00","3737","206","14.2","0.003","0.08","122.1","123.1","122.7","59.5","59.7","59.6","0.50","0.50","0.47","0","0","0"
"09/01/2016","14:04:00","3887","207","14.5","0.003","0.09","119.5","118.9","119.2","59.5","59.6","59.6","0.40","0.50","0.44","0","0","0"
"09/01/2016","14:04:00","4036","207","14.6","0.001","0.08","114.9","113.5","114.3","59.5","59.6","59.6","0.50","0.50","0.51","0","0","0"
"09/01/2016","14:04:00","4186","206","15.1","0.004","0.10","118.3","116.2","117.4","59.5","59.6","59.5","0.50","0.50","0.50","0","0","0"
"09/01/2016","14:04:00","4335","207","15.7","0.005","0.12","117.9","116.5","117.3","59.5","59.5","59.5","0.50","0.70","0.57","0","0","0"
"09/01/2016","14:04:00","4485","210","16.5","0.007","0.06","116.9","114.7","115.9","59.5","59.6","59.5","0.50","0.60","0.54","0","0","0"
"09/01/2016","14:04:00","4634","211","15.5","0.007","0.05","119.9","116.3","118.4","59.5","59.6","59.6","0.50","0.50","0.50","0","0","0"
"09/01/2016","14:04:00","4784","211","15.4","0.001","0.08","122.5","121.1","121.8","59.5","59.6","59.6","0.60","0.50","0.51","0","0","0"
"09/01/2016","14:04:00","4933","213","15.5","0.003","0.05","116.9","117.6","117.2","59.5","59.6","59.6","0.70","0.50","0.58","0","0","0"
"09/01/2016","14:04:00","5083","216","15.2","0.007","-0.05","112.8","114.0","113.4","59.5","59.6","59.6","0.70","0.60","0.63","0","0","0"
"09/01/2016","14:04:00","5232","219","14.7","0.006","-0.06","114.0","113.4","113.7","59.6","59.7","59.6","0.60","0.50","0.58","0","0","0"
"09/01/2016","14:04:00","5381","220","14.6","0.002","-0.15","117.7","115.1","116.6","59.5","59.6","59.6","0.60","0.50","0.52","0","0","0"
"09/01/2016","14:04:00","5531","220","14.5","0.001","-0.13","121.8","117.1","120.0","59.6","59.6","59.6","0.60","0.60","0.61","0","0","0"
"09/01/2016","14:04:00","5680","218","13.9","0.005","-0.20","121.3","123.3","122.4","59.6","59.6","59.6","0.60","0.60","0.60","0","0","0"
"09/01/2016","14:04:00","5830","216","13.9","0.003","-0.15","116.3","121.1","119.3","59.6","59.6","59.6","0.60","0.60","0.58","0","0","0"
"09/01/2016","14:04:00","5979","215","13.0","0.006","-0.23","109.8","112.6","111.4","59.5","59.5","59.5","0.60","0.80","0.71","0","0","0"
"09/01/2016","14:04:00","6129","211","11.5","0.012","-0.16","108.3","109.3","108.9","59.6","59.6","59.6","0.60","1.40","0.97","0","0","0"
"09/01/2016","14:04:00","6278","204","8.2","0.023","-0.03","109.0","107.1","108.2","59.6","59.6","59.6","0.60","0.70","0.65","0","0","0"
"09/01/2016","14:04:00","6428","204","7.8","0.002","-0.12","110.2","105.5","108.4","59.5","59.6","59.6","0.70","0.60","0.62","0","0","0"
"09/01/2016","14:04:00","6577","211","7.2","0.007","-0.10","111.0","108.6","110.0","59.5","59.6","59.5","0.80","0.70","0.75","0","0","0"
"09/01/2016","14:04:00","6726","216","6.7","0.006","-0.10","114.0","111.2","112.8","59.5","59.5","59.5","0.80","0.70","0.72","0","0","0"
"09/01/2016","14:04:00","6876","217","6.5","0.001","-0.01","113.8","109.2","112.1","59.5","59.5","59.5","0.80","0.80","0.82","0","0","0"
"09/01/2016","14:04:00","7025","216","6.1","0.003","-0.09","110.2","105.7","108.5","59.5","59.6","59.6","0.80","1.00","0.87","0","0","0"
"09/01/2016","14:04:00","7175","221","6.3","0.004","-0.19","107.8","105.9","107.0","59.5","59.6","59.5","0.80","0.90","0.86","0","0","0"
"09/01/2016","14:04:00","7324","225","5.3","0.007","-0.34","110.1","104.9","108.3","59.5","59.6","59.5","0.80","1.20","1.03","0","0","0"
"09/01/2016","14:04:00","7474","237","4.8","0.008","-0.36","108.3","110.8","109.7","59.5","59.5","59.5","0.90","1.10","1.00","0","0","0"
"09/01/2016","14:04:00","7623","241","5.2","0.004","-0.19","107.9","112.1","110.5","59.5","59.6","59.5","1.00","1.10","1.08","0","0","0"
"09/01/2016","14:04:00","7773","241","5.0","0.002","-0.14","110.3","107.4","109.1","59.5","59.5","59.5","0.90","0.90","0.89","0","0","0"
"09/01/2016","14:04:00","7922","235","5.3","0.004","-0.03","108.7","107.1","107.9","59.5","59.5","59.5","0.80","0.80","0.81","0","0","0"
"09/01/2016","14:04:00","8072","232","5.7","0.003","-0.01","99.6","103.6","102.1","59.5","59.6","59.5","0.80","0.60","0.72","0","0","0"
"09/01/2016","14:04:00","8221","216","5.2","0.011","0.08","100.0","99.1","99.6","59.5","59.5","59.5","0.70","0.50","0.64","0","0","0"
"09/01/2016","14:04:00","8370","213","5.9","0.005","0.02","98.4","98.5","98.4","59.5","59.5","59.5","0.60","0.70","0.60","0","0","0"
"09/01/2016","14:04:00","8520","215","7.6","0.012","0.01","94.4","97.1","96.0","59.5","59.5","59.5","0.50","0.60","0.55","0","0","0"
"09/01/2016","14:04:00","8669","217","7.4","0.003","0.07","93.6","93.7","93.7","59.5","59.6","59.5","0.40","0.50","0.48","0","0","0"
"09/01/2016","14:04:00","8819","215","7.3","0.002","0.00","95.5","93.6","94.6","59.4","59.5","59.5","0.50","0.40","0.44","0","0","0"
"09/01/2016","14:04:00","8968","214","8.0","0.005","0.02","92.5","92.9","92.7","59.5","59.6","59.5","0.50","0.40","0.46","0","0","0"
"09/01/2016","14:04:00","9118","211","8.6","0.005","0.00","93.8","91.2","92.7","59.4","59.5","59.4","0.60","0.50","0.54","0","0","0"
"09/01/2016","14:04:00","9267","206","8.6","0.006","0.03","92.8","90.8","91.9","59.4","59.5","59.4","0.60","0.50","0.55","0","0","0"
"09/01/2016","14:04:00","9417","197","8.8","0.009","0.04","89.8","89.6","89.7","59.4","59.5","59.4","0.40","0.40","0.43","0","0","0"
"09/01/2016","14:04:00","9566","195","9.0","0.003","-0.02","88.3","89.4","88.9","59.5","59.5","59.5","0.40","0.40","0.40","0","0","0"
"09/01/2016","14:04:00","9715","201","8.7","0.007","-0.05","87.4","87.7","87.6","59.5","59.5","59.5","0.70","0.40","0.52","0","0","0"
"09/01/2016","14:04:00","9865","212","8.8","0.011","0.00","88.4","87.4","87.9","59.5","59.5","59.5","0.70","0.40","0.57","0","0","0"
"09/01/2016","14:04:00","10014","217","8.8","0.006","-0.01","85.8","83.8","84.9","59.5","59.4","59.5","0.60","0.50","0.56","0","0","0"
"09/01/2016","14:04:00","10164","226","8.0","0.010","-0.04","85.9","85.0","85.4","59.5","59.4","59.5","0.70","0.50","0.58","0","0","0"
"09/01/2016","14:04:00","10313","231","7.5","0.005","-0.04","88.1","88.4","88.3","59.5","59.5","59.5","0.40","0.50","0.47","0","0","0"
"09/01/2016","14:04:00","10463","233","7.0","0.004","0.01","84.9","84.3","84.6","59.4","59.5","59.5","0.50","0.50","0.48","0","0","0"
"09/01/2016","14:04:00","10612","237","6.6","0.004","-0.01","81.2","78.1","79.9","59.4","59.5","59.5","0.50","0.60","0.60","0","0","0"
"09/01/2016","14:04:00","10762","254","6.5","0.013","-0.01","80.4","78.5","79.6","59.4","59.5","59.5","0.70","0.70","0.68","0","0","0"
"09/01/2016","14:04:00","10911","266","6.6","0.009","-0.04","82.8","82.8","82.8","59.5","59.5","59.5","0.40","0.50","0.45","0","0","0"
"09/01/2016","14:04:00","11061","275","6.4","0.007","0.01","80.8","83.6","82.5","59.5","59.5","59.5","0.50","0.50","0.51","0","0","0"
"09/01/2016","14:04:00","11210","284","6.8","0.008","-0.03","78.5","79.8","79.2","59.5","59.5","59.5","0.60","0.60","0.63","0","0","0"
"09/01/2016","14:04:00","11359","292","8.6","0.014","0.04","83.0","80.9","82.1","59.5","59.5","59.5","0.90","0.50","0.72","0","0","0"
"09/01/2016","14:04:00","11509","290","10.2","0.011","0.01","85.6","83.5","84.7","59.6","59.5","59.5","1.00","0.50","0.78","0","0","0"
"09/01/2016","14:04:00","11658","292","12.7","0.017","0.02","86.7","82.5","85.1","59.6","59.4","59.5","0.90","0.60","0.75","0","0","0"
"09/01/2016","14:04:00","11808","290","14.7","0.014","-0.01","86.1","81.7","84.4","59.6","59.5","59.5","0.80","0.70","0.75","0","0","0"
"09/01/2016","14:04:00","11957","287","16.9","0.015","0.04","83.8","80.8","82.5","59.6","59.5","59.6","0.80","0.80","0.83","0","0","0"
"09/01/2016","14:04:00","12107","286","18.5","0.011","0.04","81.7","81.5","81.6","59.7","59.5","59.6","0.90","0.60","0.79","0","0","0"
"09/01/2016","14:04:00","12256","284","19.4","0.008","-0.08","79.6","77.5","78.7","59.6","59.5","59.6","0.90","0.90","0.89","0","0","0"
"09/01/2016","14:04:00","12406","281","21.2","0.015","-0.03","79.9","78.0","79.0","59.7","59.5","59.6","0.70","1.00","0.85","0","0","0"
"09/01/2016","14:04:00","12555","279","23.5","0.016","-0.05","79.3","79.3","79.3","59.7","59.5","59.6","0.90","1.00","0.94","0","0","0"
"09/01/2016","14:04:00","12705","276","25.3","0.014","-0.09","80.7","81.0","80.8","59.7","59.6","59.6","0.90","1.00","0.96","0","0","0"
"09/01/2016","14:04:00","12854","275","27.3","0.014","-0.09","79.3","78.7","79.0","59.8","59.5","59.7","0.80","1.10","0.95","0","0","0"
"09/01/2016","14:04:00","13003","273","29.5","0.015","-0.03","79.6","77.0","78.5","59.7","59.5","59.6","1.10","1.10","1.10","0","0","0"
"09/01/2016","14:04:00","13153","273","31.3","0.012","0.09","76.0","71.7","74.4","59.7","59.5","59.6","1.20","0.80","0.98","0","0","0"
"09/01/2016","14:04:00","13302","273","31.3","0.003","0.06","73.1","70.3","71.9","59.7","59.5","59.6","1.00","1.10","1.04","0","0","0"
"09/01/2016","14:04:00","13452","272","31.6","0.006","0.05","70.8","72.9","72.0","59.7","59.5","59.6","1.00","1.10","1.02","0","0","0"
"09/01/2016","14:04:00","13601","272","32.8","0.008","-0.06","72.2","72.5","72.3","59.7","59.4","59.6","0.90","1.00","0.97","0","0","0"
"09/01/2016","14:04:00","13751","270","33.5","0.007","0.01","73.5","76.3","75.1","59.6","59.5","59.5","1.10","0.80","0.94","0","0","0"
"09/01/2016","14:04:00","13900","272","33.7","0.008","-0.04","76.9","78.8","78.0","59.6","59.5","59.6","1.20","1.20","1.21","0","0","0"
"09/01/2016","14:04:00","14050","274","33.6","0.007","-0.10","76.3","77.3","76.8","59.7","59.5","59.6","1.00","1.50","1.27","0","0","0"
"09/01/2016","14:04:00","14199","277","31.4","0.019","-0.03","76.3","75.2","75.8","59.6","59.5","59.5","1.10","1.40","1.27","0","0","0"
"09/01/2016","14:04:00","14348","280","30.5","0.010","0.04","77.5","77.0","77.3","59.6","59.5","59.5","1.00","1.30","1.13","0","0","0"
"09/01/2016","14:04:00","14498","282","28.2","0.018","-0.05","77.5","77.1","77.3","59.5","59.5","59.5","1.30","1.40","1.36","0","0","0"
"09/01/2016","14:04:00","14647","285","24.6","0.025","-0.06","79.3","79.5","79.4","59.5","59.5","59.5","1.30","1.60","1.47","0","0","0"
"09/01/2016","14:04:00","14797","289","23.6","0.014","0.02","82.5","81.4","82.0","59.5","59.5","59.5","1.20","1.60","1.39","0","0","0"
"09/01/2016","14:04:00","14946","294","22.4","0.015","-0.06","81.4","81.2","81.3","59.5","59.5","59.5","1.10","1.60","1.35","0","0","0"
"09/01/2016","14:04:00","15096","303","22.0","0.024","-0.27","78.2","78.5","78.4","59.5","59.5","59.5","1.10","2.00","1.56","0","0","0"
"09/01/2016","14:04:00","15245","311","20.5","0.022","-0.21","78.0","78.2","78.1","59.5","59.5","59.5","1.40","1.70","1.54","0","0","0"
"09/01/2016","14:04:00","15395","321","17.2","0.030","0.15","85.2","85.2","85.2","59.4","59.5","59.5","1.40","1.00","1.20","0","0","0"
"09/01/2016","14:04:00","15544","324","15.8","0.011","0.16","88.6","86.3","87.6","59.5","59.5","59.5","1.40","1.00","1.18","0","0","0"
"09/01/2016","14:04:00","15694","329","13.4","0.019","0.16","86.9","83.2","85.4","59.5","59.5","59.5","1.60","0.90","1.24","0","0","0"
"09/01/2016","14:04:00","15843","334","10.9","0.018","0.31","82.0","81.3","81.7","59.5","59.5","59.5","1.90","0.80","1.34","0","0","0"
"09/01/2016","14:04:00","15992","353","5.0","0.043","-0.02","80.7","80.4","80.6","59.5","59.5","59.5","1.30","0.70","1.02","0","0","0"
"09/01/2016","14:04:00","16142","355","3.1","0.013","0.13","78.9","78.0","78.5","59.5","59.5","59.5","1.10","0.70","0.90","0","0","0"
"09/01/2016","14:04:00","16291","359","3.2","0.002","-0.08","75.7","76.9","76.3","59.5","59.5","59.5","0.80","0.70","0.77","0","0","0"
"09/01/2016","14:04:00","16441","5","2.8","0.004","-0.20","76.9","75.2","76.1","59.6","59.5","59.5","1.30","0.70","0.99","0","0","0"
"09/01/2016","14:04:00","16590","18","0.3","0.016","-0.16","77.7","71.6","75.6","59.6","59.5","59.6","0.90","0.60","0.74","0","0","0"
"09/01/2016","14:04:00","16740","139","0.7","0.006","-0.08","76.3","70.1","74.2","59.6","59.5","59.5","0.60","0.60","0.61","0","0","0"
"09/01/2016","14:04:00","16889","294","1.3","0.013","-0.16","74.0","70.8","72.7","59.6","59.5","59.6","1.10","0.90","1.01","0","0","0"
"09/01/2016","14:04:00","17039","352","3.3","0.019","-0.01","74.9","71.5","73.5","59.7","59.5","59.6","0.80","0.60","0.71","0","0","0"
"09/01/2016","14:04:00","17188","6","3.2","0.006","-0.15","73.8","71.8","72.9","59.6","59.5","59.6","1.90","0.60","1.27","0","0","0"
"09/01/2016","14:04:00","17338","45","1.6","0.015","-0.07","75.3","73.3","74.4","59.6","59.5","59.6","0.70","0.60","0.66","0","0","0"
"09/01/2016","14:04:00","17487","19","1.8","0.005","-0.07","78.4","74.8","77.0","59.6","59.6","59.6","0.50","0.80","0.64","0","0","0"
"09/01/2016","14:04:00","17636","12","2.9","0.007","-0.11","75.9","73.8","74.9","59.5","59.6","59.5","0.50","0.90","0.72","0","0","0"
"09/01/2016","14:04:00","17786","12","3.7","0.005","-0.24","69.7","74.8","72.9","59.5","59.6","59.6","0.60","1.20","0.91","0","0","0"
"09/01/2016","14:04:00","17935","40","5.1","0.017","-0.07","70.3","76.9","74.7","59.5","59.6","59.5","0.90","1.50","1.18","0","0","0"
"09/01/2016","14:04:00","18085","37","4.3","0.006","-0.41","66.5","71.7","69.9","59.5","59.6","59.5","0.50","0.80","0.65","1","0","4"
"09/01/2016","14:04:00","18234","195","2.0","0.041","-0.47","72.1","71.4","71.7","59.5","59.6","59.6","0.70","1.00","0.83","0","0","0"
"09/01/2016","14:04:00","18384","66","4.4","0.039","-0.17","76.1","74.2","75.2","59.6","59.6","59.6","1.00","0.50","0.78","0","0","0"
"09/01/2016","14:04:00","18533","97","5.0","0.017","-0.08","75.2","74.3","74.7","59.6","59.6","59.6","1.20","1.00","1.12","0","0","0"
"09/01/2016","14:04:00","18683","118","6.8","0.019","0.16","71.4","70.0","70.7","59.5","59.7","59.6","1.00","1.00","1.01","0","0","0"
"09/01/2016","14:04:00","18832","111","5.5","0.010","-0.06","69.2","67.7","68.5","59.5","59.7","59.6","1.70","0.50","1.07","0","0","0"
"09/01/2016","14:04:00","18981","102","6.4","0.008","0.18","65.6","67.7","66.8","59.5","59.6","59.5","0.60","0.70","0.66","3","0","0"
"09/01/2016","14:04:00","19131","97","4.9","0.010","-0.14","66.1","66.4","66.3","59.6","59.6","59.6","0.50","0.80","0.61","0","0","0"
"09/01/2016","14:04:00","19280","55","7.0","0.032","-0.19","67.8","66.7","67.3","59.5","59.6","59.6","0.70","0.80","0.76","7","1","0"
"09/01/2016","14:04:00","19430","57","10.3","0.023","0.07","69.3","66.2","68.0","59.5","59.5","59.5","0.80","0.30","0.53","0","2","4"
"09/01/2016","14:09:00","1795","190","14.6","0.000","0.03","119.9","118.8","119.4","57.3","57.4","57.4","0.70","0.40","0.56","0","0","4"
"09/01/2016","14:09:00","1944","193","14.3","0.005","0.07","121.4","121.2","121.3","57.2","57.4","57.3","0.70","0.50","0.61","0","0","4"
"09/01/2016","14:09:00","2093","190","14.4","0.006","0.04","123.6","124.4","124.0","56.8","56.9","56.9","0.70","0.40","0.55","0","0","4"
"09/01/2016","14:09:00","2243","193","14.5","0.005","0.07","126.2","125.1","125.7","57.2","57.3","57.3","0.70","0.40","0.56","0","0","4"
"09/01/2016","14:09:00","2392","194","14.0","0.004","0.03","126.6","126.5","126.5","58.2","58.2","58.2","0.70","0.50","0.60","0","0","4"
"09/01/2016","14:09:00","2542","197","14.1","0.004","0.08","130.5","128.4","129.6","58.7","58.8","58.7","0.50","0.50","0.45","0","0","4"
"09/01/2016","14:09:00","2691","199","14.7","0.005","0.08","128.2","128.6","128.4","59.5","59.5","59.5","0.40","0.50","0.46","0","0","4"
"09/01/2016","14:09:00","2841","200","14.1","0.005","0.06","127.6","127.3","127.4","59.6","59.7","59.6","0.50","0.50","0.50","0","0","4"
"09/01/2016","14:09:00","2990","202","13.5","0.004","0.06","128.8","128.6","128.7","59.6","59.6","59.6","0.50","0.40","0.44","0","0","4"
"09/01/2016","14:09:00","3140","202","13.1","0.003","0.02","127.9","127.6","127.7","59.6","59.6","59.6","0.40","0.50","0.41","0","0","4"
"09/01/2016","14:09:00","3289","204","13.0","0.002","0.01","125.3","124.4","124.9","59.5","59.5","59.5","0.40","0.40","0.42","0","0","4"
"09/01/2016","14:09:00","3439","206","13.6","0.005","0.04","123.2","123.5","123.3","59.5","59.5","59.5","0.40","0.50","0.47","0","0","4"
"09/01/2016","14:09:00","3588","205","13.7","0.001","0.08","122.3","123.9","123.2","59.5","59.5","59.5","0.40","0.50","0.46","0","0","4"
"09/01/2016","14:09:00","3737","205","14.0","0.002","0.06","120.3","122.6","121.6","59.5","59.6","59.5","0.50","0.50","0.49","0","0","4"
"09/01/2016","14:09:00","3887","206","14.5","0.004","0.06","118.8","118.9","118.8","59.5","59.5","59.5","0.40","0.50","0.48","0","0","4"
"09/01/2016","14:09:00","4036","208","14.6","0.003","0.08","115.1","114.1","114.6","59.5","59.5","59.5","0.50","0.50","0.50","0","0","4"
"09/01/2016","14:09:00","4186","206","14.7","0.003","0.07","117.5","116.4","117.0","59.5","59.5","59.5","0.50","0.50","0.51","0","0","4"
"09/01/2016","14:09:00","4335","207","14.7","0.001","0.03","118.0","116.7","117.4","59.4","59.5","59.5","0.50","0.60","0.53","0","0","4"
"09/01/2016","14:09:00","4485","210","15.8","0.009","0.03","118.3","116.5","117.5","59.5","59.5","59.5","0.50","0.60","0.55","0","0","4"
"09/01/2016","14:09:00","4634","211","14.8","0.006","0.02","119.8","117.8","118.9","59.5","59.6","59.5","0.50","0.50","0.48","0","0","4"
"09/01/2016","14:09:00","4784","211","14.9","0.001","0.00","122.0","120.4","121.3","59.5","59.5","59.5","0.50","0.50","0.47","0","0","4"
"09/01/2016","14:09:00","4933","214","15.2","0.006","0.05","117.0","115.5","116.3","59.5","59.6","59.5","0.70","0.50","0.62","0","0","4"
"09/01/2016","14:09:00","5083","218","14.9","0.007","-0.09","114.6","112.9","113.9","59.5","59.6","59.5","0.70","0.60","0.64","0","0","4"
"09/01/2016","14:09:00","5232","219","14.4","0.004","-0.08","113.8","112.6","113.3","59.5","59.5","59.5","0.60","0.50","0.56","0","0","4"
"09/01/2016","14:09:00","5381","220","14.1","0.003","-0.13","118.2","115.6","117.1","59.5","59.5","59.5","0.60","0.50","0.53","0","0","4"
"09/01/2016","14:09:00","5531","220","13.9","0.001","-0.11","122.3","118.0","120.7","59.5","59.5","59.5","0.60","0.60","0.60","0","0","4"
"09/01/2016","14:09:00","5680","219","13.7","0.003","-0.15","123.9","124.1","124.0","59.5","59.6","59.5","0.60","0.60","0.60","0","0","4"
"09/01/2016","14:09:00","5830","218","13.6","0.002","-0.15","119.0","122.5","121.1","59.5","59.5","59.5","0.60","0.60","0.56","0","0","4"
"09/01/2016","14:09:00","5979","215","13.1","0.005","-0.22","110.6","112.9","111.9","59.5","59.5","59.5","0.60","0.80","0.72","0","0","4"
"09/01/2016","14:09:00","6129","211","11.2","0.014","-0.24","109.6","109.8","109.7","59.5","59.6","59.6","0.60","1.50","1.02","0","0","4"
"09/01/2016","14:09:00","6278","201","7.8","0.025","-0.04","107.2","107.8","107.5","59.5","59.5","59.5","0.60","0.50","0.56","0","0","4"
"09/01/2016","14:09:00","6428","199","7.7","0.002","-0.10","107.5","110.9","109.5","59.5","59.5","59.5","0.50","0.40","0.48","0","0","4"
"09/01/2016","14:09:00","6577","206","7.1","0.007","-0.07","110.4","111.2","110.8","59.5","59.5","59.5","0.60","0.70","0.64","0","0","4"
"09/01/2016","14:09:00","6726","207","6.7","0.003","0.05","111.6","111.6","111.6","59.4","59.5","59.5","0.60","0.70","0.67","0","0","4"
"09/01/2016","14:09:00","6876","207","6.1","0.004","0.13","109.4","108.3","108.9","59.5","59.5","59.5","0.70","0.70","0.72","0","0","4"
"09/01/2016","14:09:00","7025","203","5.3","0.006","0.10","106.3","104.7","105.6","59.5","59.5","59.5","0.70","0.90","0.81","0","0","4"
"09/01/2016","14:09:00","7175","212","5.5","0.005","0.03","104.2","104.5","104.4","59.4","59.5","59.4","0.70","0.80","0.78","0","0","4"
"09/01/2016","14:09:00","7324","222","4.7","0.008","-0.06","104.0","103.6","103.8","59.4","59.5","59.4","0.90","1.10","0.98","0","0","4"
"09/01/2016","14:09:00","7474","242","4.8","0.011","-0.32","105.6","109.9","108.3","59.4","59.5","59.5","1.20","1.00","1.09","0","0","4"
"09/01/2016","14:09:00","7623","247","5.1","0.003","-0.28","107.1","110.4","109.1","59.4","59.5","59.5","1.10","1.00","1.05","0","0","4"
"09/01/2016","14:09:00","7773","241","4.9","0.003","-0.17","111.2","107.5","109.7","59.4","59.5","59.5","0.90","0.90","0.89","0","0","4"
"09/01/2016","14:09:00","7922","235","4.9","0.004","-0.12","109.2","107.1","108.3","59.5","59.4","59.4","0.90","0.70","0.82","0","0","4"
"09/01/2016","14:09:00","8072","227","5.4","0.006","-0.04","101.0","101.9","101.5","59.4","59.4","59.4","0.90","0.60","0.79","0","0","4"
"09/01/2016","14:09:00","8221","217","4.6","0.008","0.06","97.9","98.3","98.1","59.4","59.4","59.4","0.90","0.50","0.69","0","0","4"
"09/01/2016","14:09:00","8370","213","5.5","0.006","0.01","98.6","99.2","98.9","59.4","59.5","59.4","0.50","0.70","0.60","0","0","4"
"09/01/2016","14:09:00","8520","218","7.0","0.010","0.00","96.3","97.4","96.9","59.4","59.4","59.4","0.40","0.60","0.50","0","0","4"
"09/01/2016","14:09:00","8669","216","6.7","0.002","0.00","93.7","95.4","94.6","59.4","59.5","59.4","0.50","0.50","0.46","0","0","4"
"09/01/2016","14:09:00","8819","214","7.0","0.002","0.00","93.7","93.6","93.6","59.4","59.4","59.4","0.50","0.40","0.44","0","0","4"
"09/01/2016","14:09:00","8968","212","7.6","0.005","0.04","90.0","91.5","90.8","59.4","59.4","59.4","0.50","0.40","0.47","0","0","4"
"09/01/2016","14:09:00","9118","211","8.5","0.006","-0.03","93.3","91.3","92.4","59.4","59.4","59.4","0.60","0.50","0.55","0","0","4"
"09/01/2016","14:09:00","9267","204","8.3","0.007","0.02","93.5","89.2","91.9","59.4","59.4","59.4","0.60","0.50","0.56","0","0","4"
"09/01/2016","14:09:00","9417","197","8.4","0.007","0.01","88.9","89.4","89.2","59.4","59.4","59.4","0.50","0.40","0.44","0","0","4"
"09/01/2016","14:09:00","9566","194","8.7","0.003","-0.01","87.4","89.8","88.8","59.4","59.5","59.4","0.50","0.40","0.43","0","0","4"
"09/01/2016","14:09:00","9715","202","8.6","0.008","0.02","86.6","88.1","87.4","59.4","59.4","59.4","0.80","0.40","0.56","0","0","4"
"09/01/2016","14:09:00","9865","213","8.7","0.011","-0.01","87.9","87.6","87.8","59.4","59.5","59.4","0.70","0.40","0.54","0","0","4"
"09/01/2016","14:09:00","10014","217","8.9","0.004","0.01","85.4","86.1","85.7","59.5","59.4","59.4","0.60","0.40","0.53","0","0","4"
"09/01/2016","14:09:00","10164","226","8.4","0.010","-0.06","85.0","87.5","86.4","59.4","59.4","59.4","0.60","0.40","0.53","0","0","4"
"09/01/2016","14:09:00","10313","232","7.6","0.007","-0.05","88.4","88.0","88.2","59.5","59.4","59.5","0.40","0.50","0.50","0","0","4"
"09/01/2016","14:09:00","10463","233","7.1","0.004","0.02","86.0","83.9","85.1","59.4","59.5","59.4","0.50","0.60","0.53","0","0","4"
"09/01/2016","14:09:00","10612","242","6.7","0.008","0.02","81.0","77.8","79.7","59.4","59.5","59.4","0.50","0.60","0.57","0","0","4"
"09/01/2016","14:09:00","10762","254","6.5","0.009","0.01","81.2","77.9","79.9","59.4","59.4","59.4","0.50","0.50","0.52","0","0","4"
"09/01/2016","14:09:00","10911","265","6.8","0.009","-0.03","82.4","81.7","82.0","59.4","59.4","59.4","0.40","0.50","0.46","0","0","4"
"09/01/2016","14:09:00","11061","272","6.6","0.006","-0.01","80.6","82.3","81.6","59.5","59.5","59.5","0.50","0.50","0.51","0","0","4"
"09/01/2016","14:09:00","11210","284","6.8","0.010","-0.02","79.5","80.5","80.1","59.5","59.4","59.4","0.60","0.50","0.53","0","0","4"
"09/01/2016","14:09:00","11359","287","7.7","0.007","-0.05","80.9","81.7","81.3","59.5","59.4","59.5","0.50","0.50","0.49","0","0","4"
"09/01/2016","14:09:00","11509","290","10.6","0.019","0.03","81.4","83.9","82.8","59.6","59.5","59.5","1.00","0.50","0.74","0","0","4"
"09/01/2016","14:09:00","11658","290","12.6","0.013","0.04","84.5","81.9","83.4","59.5","59.4","59.5","0.70","0.60","0.68","0","0","4"
"09/01/2016","14:09:00","11808","288","14.9","0.016","0.00","85.6","80.9","83.9","59.6","59.4","59.5","0.80","0.80","0.77","0","0","4"
"09/01/2016","14:09:00","11957","285","17.1","0.016","0.05","83.4","82.7","83.1","59.6","59.4","59.5","0.70","0.70","0.69","0","0","4"
"09/01/2016","14:09:00","12107","285","18.7","0.010","0.10","82.3","81.9","82.1","59.6","59.4","59.5","1.00","0.80","0.87","0","0","4"
"09/01/2016","14:09:00","12256","283","20.8","0.015","0.01","83.2","82.1","82.7","59.6","59.4","59.5","0.90","0.90","0.89","0","0","4"
"09/01/2016","14:09:00","12406","281","22.2","0.010","0.01","83.8","80.0","82.3","59.6","59.4","59.5","0.80","1.10","0.94","0","0","4"
"09/01/2016","14:09:00","12555","278","24.0","0.015","0.07","81.5","80.2","80.9","59.6","59.5","59.6","0.90","1.10","0.97","0","0","4"
"09/01/2016","14:09:00","12705","276","25.8","0.013","-0.03","81.0","79.4","80.3","59.7","59.5","59.6","1.10","1.10","1.10","0","0","4"
"09/01/2016","14:09:00","12854","275","27.8","0.014","-0.10","78.4","77.1","77.8","59.8","59.4","59.6","0.80","1.10","0.94","0","0","4"
"09/01/2016","14:09:00","13003","273","29.5","0.013","-0.06","78.9","75.6","77.6","59.7","59.4","59.5","0.90","0.90","0.90","0","0","4"
"09/01/2016","14:09:00","13153","273","29.8","0.001","-0.21","73.8","71.3","72.7","59.7","59.4","59.5","1.10","1.00","1.02","0","0","4"
"09/01/2016","14:09:00","13302","273","32.0","0.015","0.11","71.9","70.6","71.3","59.6","59.5","59.6","1.00","0.90","0.94","0","0","4"
"09/01/2016","14:09:00","13452","275","33.1","0.009","0.24","70.9","72.8","72.0","59.6","59.4","59.5","1.40","1.10","1.21","0","0","4"
"09/01/2016","14:09:00","13601","271","33.1","0.013","-0.07","70.5","71.6","71.1","59.6","59.4","59.5","0.80","1.00","0.91","0","0","4"
"09/01/2016","14:09:00","13751","270","33.3","0.007","-0.06","72.8","75.7","74.5","59.6","59.4","59.5","1.20","0.80","1.01","0","0","4"
"09/01/2016","14:09:00","13900","271","33.6","0.006","0.04","76.1","78.5","77.4","59.6","59.4","59.5","1.00","1.10","1.08","0","0","4"
"09/01/2016","14:09:00","14050","272","34.5","0.006","-0.01","76.9","76.6","76.7","59.6","59.5","59.5","1.10","1.20","1.11","0","0","4"
"09/01/2016","14:09:00","14199","275","32.6","0.019","-0.12","77.0","76.0","76.5","59.6","59.4","59.5","1.00","1.60","1.26","0","0","4"
"09/01/2016","14:09:00","14348","279","30.9","0.019","0.04","78.8","77.1","78.0","59.5","59.4","59.5","1.20","1.10","1.18","0","0","4"
"09/01/2016","14:09:00","14498","282","28.4","0.019","-0.07","79.9","77.3","78.8","59.5","59.5","59.5","1.40","1.50","1.46","0","0","4"
"09/01/2016","14:09:00","14647","285","26.1","0.018","-0.13","79.9","79.1","79.5","59.4","59.5","59.5","1.40","1.50","1.46","0","0","4"
"09/01/2016","14:09:00","14797","288","23.7","0.019","-0.07","81.3","81.3","81.3","59.4","59.5","59.4","1.00","1.40","1.19","0","0","4"
"09/01/2016","14:09:00","14946","295","22.8","0.018","-0.15","80.9","81.7","81.3","59.4","59.5","59.4","0.80","1.50","1.15","0","0","4"
"09/01/2016","14:09:00","15096","301","22.1","0.018","-0.32","77.7","78.4","78.1","59.4","59.4","59.4","0.90","1.80","1.32","0","0","4"
"09/01/2016","14:09:00","15245","315","20.8","0.035","-0.21","76.2","77.0","76.6","59.4","59.4","59.4","1.20","1.90","1.56","0","0","4"
"09/01/2016","14:09:00","15395","321","18.1","0.023","-0.02","81.9","85.0","83.7","59.4","59.4","59.4","1.10","1.10","1.08","0","0","4"
"09/01/2016","14:09:00","15544","326","15.4","0.020","0.11","85.4","87.5","86.6","59.4","59.4","59.4","1.80","1.00","1.41","0","0","4"
"09/01/2016","14:09:00","15694","330","12.5","0.021","0.22","84.4","84.1","84.2","59.5","59.4","59.5","1.60","1.00","1.30","0","0","4"
"09/01/2016","14:09:00","15843","339","9.4","0.023","0.14","83.0","82.3","82.6","59.4","59.5","59.5","1.70","0.90","1.31","0","0","4"
"09/01/2016","14:09:00","15992","354","5.4","0.029","-0.10","81.2","81.5","81.4","59.4","59.5","59.5","1.30","0.80","1.05","0","0","4"
"09/01/2016","14:09:00","16142","355","3.6","0.012","0.01","78.9","78.2","78.6","59.4","59.4","59.4","1.10","0.80","0.92","0","0","4"
"09/01/2016","14:09:00","16291","2","3.3","0.003","-0.06","76.2","77.1","76.7","59.5","59.4","59.4","0.80","0.70","0.78","0","0","4"
"09/01/2016","14:09:00","16441","359","3.4","0.001","-0.16","76.7","75.0","75.9","59.5","59.5","59.5","1.10","0.80","0.91","0","0","4"
"09/01/2016","14:09:00","16590","353","0.8","0.017","-0.27","77.5","72.3","75.6","59.6","59.4","59.5","0.60","0.70","0.66","0","0","4"
"09/01/2016","14:09:00","16740","195","0.5","0.009","-0.15","75.7","73.8","74.9","59.6","59.4","59.5","0.50","0.70","0.58","0","0","4"
"09/01/2016","14:09:00","16889","322","0.8","0.008","-0.08","74.5","70.7","73.0","59.6","59.4","59.5","0.80","0.90","0.83","0","0","4"
"09/01/2016","14:09:00","17039","349","3.1","0.016","0.02","75.2","71.2","73.7","59.6","59.4","59.5","0.80","0.60","0.67","0","0","4"
"09/01/2016","14:09:00","17188","5","2.8","0.006","-0.17","74.5","71.9","73.4","59.6","59.5","59.5","1.20","0.60","0.91","0","0","4"
"09/01/2016","14:09:00","17338","81","1.7","0.019","0.03","73.1","72.5","72.8","59.6","59.5","59.5","0.90","0.60","0.71","0","0","4"
"09/01/2016","14:09:00","17487","352","1.6","0.015","-0.07","75.3","73.9","74.6","59.6","59.5","59.5","0.60","0.50","0.56","0","0","4"
"09/01/2016","14:09:00","17636","5","2.6","0.008","-0.08","74.3","74.3","74.3","59.5","59.5","59.5","0.50","1.30","0.90","0","0","4"
"09/01/2016","14:09:00","17786","24","4.6","0.015","-0.09","69.2","74.0","72.2","59.5","59.5","59.5","0.40","0.60","0.55","0","0","4"
"09/01/2016","14:09:00","17935","28","4.0","0.004","0.00","68.2","76.1","73.7","59.5","59.5","59.5","0.60","1.50","1.03","0","0","4"
"09/01/2016","14:09:00","18085","43","1.8","0.015","-0.16","66.6","72.5","70.4","59.5","59.5","59.5","0.40","1.40","0.91","2","0","8"
"09/01/2016","14:09:00","18234","152","1.3","0.017","-0.55","72.5","68.6","70.9","59.5","59.6","59.5","1.10","0.40","0.72","0","0","4"
"09/01/2016","14:09:00","18384","79","3.8","0.024","-0.04","76.8","74.4","75.8","59.5","59.6","59.5","1.10","0.60","0.85","0","0","4"
"09/01/2016","14:09:00","18533","98","4.8","0.011","-0.08","74.8","76.0","75.4","59.5","59.5","59.5","1.30","0.80","1.04","0","0","4"
"09/01/2016","14:09:00","18683","118","6.2","0.016","0.32","71.0","70.8","70.9","59.5","59.6","59.5","1.10","0.90","1.03","0","1","8"
"09/01/2016","14:09:00","18832","126","4.5","0.012","0.36","70.5","70.6","70.6","59.5","59.6","59.5","1.20","0.80","0.99","0","0","4"
"09/01/2016","14:09:00","18981","91","4.2","0.018","0.14","65.8","70.0","68.4","59.5","59.5","59.5","1.00","0.70","0.83","4","1","4"
"09/01/2016","14:09:00","19131","66","5.3","0.015","-0.32","66.9","64.9","66.0","59.5","59.5","59.5","1.00","1.10","1.01","0","1","8"
"09/01/2016","14:09:00","19280","47","5.6","0.012","0.04","67.1","63.8","65.8","59.5","59.5","59.5","1.10","0.70","0.93","0","2","8"
"09/01/2016","14:09:00","19430","56","9.6","0.027","0.12","71.0","65.7","69.1","59.5","59.4","59.5","0.90","0.30","0.63","0","3","8"
"09/01/2016","14:14:00","1795","189","14.7","0.000","0.03","120.5","119.9","120.2","57.3","57.4","57.3","0.60","0.50","0.51","0","0","4"
"09/01/2016","14:14:00","1944","191","14.2","0.005","0.02","120.6","121.5","121.0","57.2","57.3","57.3","0.70","0.40","0.56","0","0","4"
"09/01/2016","14:14:00","2093","190","14.7","0.004","0.00","123.6","125.1","124.4","56.8","56.9","56.8","0.60","0.50","0.54","0","0","4"
"09/01/2016","14:14:00","2243","191","14.6","0.002","0.02","125.7","125.2","125.5","57.2","57.3","57.3","0.70","0.40","0.55","0","0","4"
"09/01/2016","14:14:00","2392","193","14.3","0.004","0.00","126.1","125.9","126.0","58.1","58.2","58.2","0.60","0.50","0.56","0","0","4"
"09/01/2016","14:14:00","2542","197","14.1","0.006","0.05","128.9","127.8","128.4","58.6","58.7","58.7","0.50","0.50","0.48","0","0","4"
"09/01/2016","14:14:00","2691","198","14.5","0.004","0.02","127.4","128.0","127.7","59.4","59.5","59.5","0.40","0.50","0.43","0","0","4"
"09/01/2016","14:14:00","2841","199","14.2","0.002","0.04","126.8","126.4","126.6","59.5","59.6","59.6","0.50","0.50","0.48","0","0","4"
"09/01/2016","14:14:00","2990","201","13.3","0.006","0.01","128.2","127.2","127.7","59.6","59.5","59.6","0.40","0.50","0.45","0","0","4"
"09/01/2016","14:14:00","3140","202","13.0","0.003","-0.02","128.1","126.0","127.2","59.5","59.6","59.5","0.40","0.50","0.42","0","0","4"
"09/01/2016","14:14:00","3289","203","13.0","0.002","-0.05","126.7","124.6","125.8","59.5","59.5","59.5","0.40","0.40","0.37","0","0","4"
"09/01/2016","14:14:00","3439","205","13.1","0.003","0.00","124.9","124.4","124.7","59.5","59.5","59.5","0.40","0.40","0.40","0","0","4"
"09/01/2016","14:14:00","3588","205","13.9","0.005","0.06","122.4","123.2","122.8","59.5","59.5","59.5","0.50","0.50","0.47","0","0","4"
"09/01/2016","14:14:00","3737","205","14.0","0.001","0.05","120.3","121.9","121.2","59.4","59.6","59.5","0.50","0.50","0.48","0","0","4"
"09/01/2016","14:14:00","3887","206","14.6","0.005","0.05","118.7","119.5","119.1","59.5","59.5","59.5","0.50","0.50","0.47","0","0","4"
"09/01/2016","14:14:00","4036","207","14.6","0.002","0.08","117.5","115.3","116.6","59.5","59.5","59.5","0.50","0.50","0.47","0","0","4"
"09/01/2016","14:14:00","4186","207","14.2","0.003","0.07","116.1","116.9","116.5","59.5","59.5","59.5","0.50","0.60","0.54","0","0","4"
"09/01/2016","14:14:00","4335","207","14.7","0.003","0.04","117.2","118.0","117.6","59.4","59.5","59.5","0.50","0.60","0.53","0","0","4"
"09/01/2016","14:14:00","4485","210","15.5","0.008","0.06","117.5","117.4","117.4","59.5","59.5","59.5","0.60","0.50","0.54","0","0","4"
"09/01/2016","14:14:00","4634","211","14.7","0.005","0.03","119.7","118.7","119.2","59.5","59.5","59.5","0.50","0.50","0.48","0","0","4"
"09/01/2016","14:14:00","4784","211","14.9","0.001","0.02","122.5","121.1","121.9","59.5","59.5","59.5","0.50","0.50","0.48","0","0","4"
"09/01/2016","14:14:00","4933","214","15.0","0.005","0.07","118.0","115.5","116.9","59.5","59.5","59.5","0.70","0.50","0.61","0","0","4"
"09/01/2016","14:14:00","5083","218","14.6","0.007","-0.07","115.2","115.9","115.6","59.4","59.5","59.5","0.70","0.60","0.62","0","0","4"
"09/01/2016","14:14:00","5232","219","14.0","0.005","0.00","116.9","115.0","116.1","59.5","59.5","59.5","0.60","0.60","0.59","0","0","4"
"09/01/2016","14:14:00","5381","218","13.7","0.002","-0.08","118.3","117.1","117.7","59.5","59.5","59.5","0.60","0.50","0.54","0","0","4"
"09/01/2016","14:14:00","5531","219","13.4","0.003","-0.09","122.4","120.1","121.4","59.4","59.5","59.5","0.60","0.60","0.59","0","0","4"
"09/01/2016","14:14:00","5680","217","13.5","0.003","-0.11","124.4","124.2","124.3","59.5","59.5","59.5","0.70","0.60","0.64","0","0","4"
"09/01/2016","14:14:00","5830","215","13.6","0.003","-0.08","121.4","122.2","121.8","59.5","59.5","59.5","0.60","0.60","0.60","0","0","4"
"09/01/2016","14:14:00","5979","214","13.0","0.005","-0.11","113.3","113.3","113.3","59.5","59.4","59.4","0.70","0.80","0.73","0","0","4"
"09/01/2016","14:14:00","6129","209","11.0","0.014","-0.23","109.2","110.2","109.7","59.6","59.6","59.6","0.60","1.40","1.01","0","0","4"
"09/01/2016","14:14:00","6278","201","8.5","0.020","-0.11","107.3","109.0","108.2","59.5","59.5","59.5","0.60","0.90","0.78","0","0","4"
"09/01/2016","14:14:00","6428","197","7.9","0.005","0.00","107.3","107.8","107.6","59.4","59.5","59.5","0.60","0.50","0.57","0","0","4"
"09/01/2016","14:14:00","6577","198","7.7","0.002","-0.05","112.1","110.4","111.3","59.5","59.5","59.5","0.70","0.60","0.65","0","0","4"
"09/01/2016","14:14:00","6726","200","7.0","0.005","0.03","109.8","111.1","110.5","59.4","59.4","59.4","0.70","0.70","0.70","0","0","4"
"09/01/2016","14:14:00","6876","202","6.2","0.006","0.13","106.5","107.5","107.1","59.4","59.4","59.4","0.60","0.60","0.62","0","0","4"
"09/01/2016","14:14:00","7025","204","5.2","0.006","0.08","105.5","104.5","105.0","59.4","59.5","59.5","0.60","0.80","0.74","0","0","4"
"09/01/2016","14:14:00","7175","209","5.4","0.003","0.02","104.6","105.2","104.9","59.4","59.5","59.4","0.70","0.70","0.70","0","0","4"
"09/01/2016","14:14:00","7324","219","5.0","0.006","0.09","104.3","103.5","103.9","59.4","59.5","59.4","0.90","0.80","0.86","0","0","4"
"09/01/2016","14:14:00","7474","236","4.4","0.010","0.00","104.6","106.1","105.4","59.4","59.4","59.4","1.10","0.90","0.98","0","0","4"
"09/01/2016","14:14:00","7623","243","5.3","0.007","-0.21","105.8","104.8","105.3","59.4","59.4","59.4","1.10","1.00","1.05","0","0","4"
"09/01/2016","14:14:00","7773","239","5.0","0.003","-0.13","109.4","106.2","108.1","59.4","59.5","59.4","0.80","0.90","0.86","0","0","4"
"09/01/2016","14:14:00","7922","233","4.8","0.004","-0.06","109.3","107.6","108.6","59.4","59.5","59.4","0.90","0.70","0.78","0","0","4"
"09/01/2016","14:14:00","8072","223","4.6","0.006","0.07","105.3","102.0","104.0","59.4","59.4","59.4","0.70","0.70","0.71","0","0","4"
"09/01/2016","14:14:00","8221","212","4.5","0.006","0.15","100.1","98.7","99.4","59.4","59.4","59.4","0.70","0.50","0.62","0","0","4"
"09/01/2016","14:14:00","8370","211","5.6","0.008","0.08","101.0","100.1","100.5","59.4","59.4","59.4","0.50","0.70","0.57","0","0","4"
"09/01/2016","14:14:00","8520","215","7.0","0.009","0.06","100.2","99.5","99.8","59.4","59.4","59.4","0.40","0.50","0.49","0","0","4"
"09/01/2016","14:14:00","8669","215","6.8","0.001","0.02","95.3","95.2","95.3","59.4","59.4","59.4","0.50","0.50","0.47","0","0","4"
"09/01/2016","14:14:00","8819","213","7.1","0.003","0.04","94.1","93.6","93.8","59.4","59.4","59.4","0.50","0.40","0.45","0","0","4"
"09/01/2016","14:14:00","8968","211","7.8","0.005","0.07","90.2","91.6","90.9","59.4","59.4","59.4","0.50","0.40","0.47","0","0","4"
"09/01/2016","14:14:00","9118","209","8.5","0.005","0.03","92.5","91.3","92.0","59.4","59.4","59.4","0.50","0.50","0.53","0","0","4"
"09/01/2016","14:14:00","9267","201","8.2","0.008","0.08","92.7","89.2","91.3","59.4","59.4","59.4","0.50","0.50","0.52","0","0","4"
"09/01/2016","14:14:00","9417","195","8.5","0.006","0.07","89.3","88.1","88.8","59.4","59.4","59.4","0.40","0.40","0.40","0","0","4"
"09/01/2016","14:14:00","9566","195","8.8","0.002","0.02","87.5","88.0","87.7","59.4","59.4","59.4","0.40","0.40","0.39","0","0","4"
"09/01/2016","14:14:00","9715","202","8.9","0.007","0.08","87.0","87.3","87.1","59.4","59.4","59.4","0.60","0.40","0.47","0","0","4"
"09/01/2016","14:14:00","9865","209","8.9","0.007","0.11","87.2","87.4","87.3","59.4","59.4","59.4","0.60","0.40","0.48","0","0","4"
"09/01/2016","14:14:00","10014","218","8.8","0.009","0.02","86.6","87.1","86.8","59.4","59.4","59.4","0.60","0.40","0.53","0","0","4"
"09/01/2016","14:14:00","10164","229","8.4","0.011","0.08","85.2","87.8","86.7","59.4","59.4","59.4","0.70","0.40","0.56","0","0","4"
"09/01/2016","14:14:00","10313","233","7.8","0.006","0.01","89.5","86.8","88.4","59.5","59.4","59.4","0.50","0.60","0.56","0","0","4"
"09/01/2016","14:14:00","10463","234","7.0","0.005","0.05","85.0","83.2","84.2","59.4","59.4","59.4","0.50","0.60","0.53","0","0","4"
"09/01/2016","14:14:00","10612","241","6.9","0.006","0.01","81.2","76.7","79.5","59.4","59.4","59.4","0.50","0.60","0.59","0","0","4"
"09/01/2016","14:14:00","10762","253","6.5","0.010","0.04","80.4","77.9","79.4","59.4","59.4","59.4","0.50","0.50","0.48","0","0","4"
"09/01/2016","14:14:00","10911","263","6.6","0.007","0.05","81.0","81.4","81.2","59.4","59.4","59.4","0.50","0.50","0.48","0","0","4"
"09/01/2016","14:14:00","11061","272","6.3","0.007","0.03","80.7","82.3","81.5","59.4","59.4","59.4","0.70","0.50","0.59","0","0","4"
"09/01/2016","14:14:00","11210","285","7.1","0.011","0.07","80.1","81.4","80.8","59.4","59.4","59.4","0.50","0.50","0.49","0","0","4"
"09/01/2016","14:14:00","11359","286","7.6","0.004","-0.03","81.5","81.6","81.6","59.5","59.4","59.4","0.70","0.50","0.58","0","0","4"
"09/01/2016","14:14:00","11509","289","10.0","0.016","-0.05","80.7","84.2","82.8","59.5","59.5","59.5","0.80","0.70","0.76","0","0","4"
"09/01/2016","14:14:00","11658","289","12.7","0.018","0.02","82.7","82.5","82.6","59.5","59.5","59.5","0.90","0.50","0.68","0","0","4"
"09/01/2016","14:14:00","11808","286","15.6","0.020","0.10","84.7","83.2","84.0","59.6","59.5","59.5","0.80","0.80","0.78","0","0","4"
"09/01/2016","14:14:00","11957","285","17.3","0.011","0.05","83.5","83.9","83.7","59.5","59.5","59.5","0.70","0.70","0.70","0","0","4"
"09/01/2016","14:14:00","12107","284","19.3","0.014","0.02","82.7","83.0","82.9","59.5","59.7","59.6","0.80","0.80","0.77","0","0","4"
"09/01/2016","14:14:00","12256","283","20.9","0.011","0.00","82.8","82.6","82.7","59.6","59.8","59.7","0.80","0.80","0.81","0","0","4"
"09/01/2016","14:14:00","12406","279","22.5","0.014","-0.02","83.2","81.5","82.4","59.6","59.6","59.6","0.70","1.20","0.98","0","0","4"
"09/01/2016","14:14:00","12555","277","24.5","0.015","0.05","81.7","82.0","81.8","59.6","59.6","59.6","0.90","0.90","0.91","0","0","4"
"09/01/2016","14:14:00","12705","276","26.0","0.010","0.00","78.8","79.5","79.2","59.6","59.6","59.6","1.10","1.30","1.20","0","0","4"
"09/01/2016","14:14:00","12854","276","27.7","0.012","-0.08","77.1","76.9","77.0","59.6","59.6","59.6","0.80","1.40","1.09","0","0","4"
"09/01/2016","14:14:00","13003","275","29.4","0.013","-0.02","77.5","74.5","76.2","59.6","59.6","59.6","1.00","1.00","0.99","0","0","4"
"09/01/2016","14:14:00","13153","270","28.5","0.018","-0.31","73.5","71.2","72.5","59.5","59.7","59.6","1.10","1.10","1.08","0","0","4"
"09/01/2016","14:14:00","13302","271","31.9","0.023","0.17","69.3","70.9","70.2","59.5","59.7","59.6","0.80","0.90","0.85","0","0","4"
"09/01/2016","14:14:00","13452","277","34.0","0.024","0.42","68.2","71.2","69.9","59.5","59.5","59.5","0.70","1.20","0.97","0","0","4"
"09/01/2016","14:14:00","13601","272","32.4","0.021","-0.28","69.0","68.5","68.8","59.5","59.5","59.5","0.60","0.70","0.66","0","0","4"
"09/01/2016","14:14:00","13751","270","34.3","0.014","-0.04","69.2","72.9","71.4","59.5","59.4","59.5","0.90","1.80","1.31","0","0","4"
"09/01/2016","14:14:00","13900","269","33.7","0.006","-0.06","75.9","78.2","77.2","59.5","59.4","59.5","1.20","1.10","1.18","0","0","4"
"09/01/2016","14:14:00","14050","271","34.4","0.007","-0.10","78.2","77.3","77.8","59.6","59.5","59.5","1.10","1.10","1.11","0","0","4"
"09/01/2016","14:14:00","14199","272","33.7","0.006","-0.36","76.6","75.8","76.2","59.5","59.5","59.5","1.00","0.80","0.90","0","0","4"
"09/01/2016","14:14:00","14348","280","30.1","0.038","-0.05","79.7","78.3","79.0","59.4","59.5","59.5","1.20","1.60","1.38","0","0","4"
"09/01/2016","14:14:00","14498","283","28.6","0.015","-0.19","82.7","79.2","81.3","59.4","59.5","59.4","1.50","1.90","1.68","0","0","4"
"09/01/2016","14:14:00","14647","286","26.6","0.017","-0.29","83.3","81.1","82.3","59.4","59.5","59.4","1.30","1.80","1.55","0","0","4"
"09/01/2016","14:14:00","14797","289","23.9","0.020","-0.25","82.1","82.7","82.4","59.4","59.5","59.4","1.20","1.40","1.28","0","0","4"
"09/01/2016","14:14:00","14946","295","23.5","0.016","-0.28","82.9","83.2","83.0","59.4","59.5","59.4","1.00","1.60","1.28","0","0","4"
"09/01/2016","14:14:00","15096","301","22.2","0.019","-0.30","78.5","80.5","79.6","59.4","59.5","59.5","1.10","1.80","1.42","0","0","4"
"09/01/2016","14:14:00","15245","311","20.9","0.027","-0.37","76.7","79.9","78.6","59.4","59.5","59.4","1.30","1.70","1.49","0","0","4"
"09/01/2016","14:14:00","15395","321","18.4","0.028","-0.07","83.5","83.5","83.5","59.4","59.5","59.4","1.00","1.30","1.17","0","0","4"
"09/01/2016","14:14:00","15544","328","15.7","0.022","0.16","85.7","86.5","86.1","59.4","59.4","59.4","1.70","1.20","1.46","0","0","4"
"09/01/2016","14:14:00","15694","335","12.2","0.026","0.18","83.6","85.4","84.6","59.4","59.5","59.5","1.80","1.10","1.44","0","0","4"
"09/01/2016","14:14:00","15843","342","9.3","0.021","0.16","82.5","83.4","83.0","59.4","59.5","59.4","2.00","1.00","1.47","0","0","4"
"09/01/2016","14:14:00","15992","356","5.5","0.028","-0.02","81.9","81.6","81.8","59.4","59.5","59.4","1.60","0.90","1.27","0","0","4"
"09/01/2016","14:14:00","16142","2","3.6","0.014","0.05","80.3","78.7","79.5","59.4","59.4","59.4","1.00","0.90","0.95","0","0","4"
"09/01/2016","14:14:00","16291","358","4.0","0.004","0.02","75.7","78.0","77.0","59.4","59.4","59.4","0.80","0.70","0.75","0","0","4"
"09/01/2016","14:14:00","16441","350","4.6","0.006","-0.06","75.7","74.6","75.2","59.5","59.5","59.5","0.70","0.70","0.73","0","0","4"
"09/01/2016","14:14:00","16590","22","0.6","0.027","-0.22","77.1","72.4","75.4","59.6","59.4","59.5","0.70","0.60","0.67","0","0","4"
"09/01/2016","14:14:00","16740","195","0.5","0.007","-0.12","75.9","74.1","75.1","59.6","59.4","59.5","0.50","0.50","0.52","0","0","4"
"09/01/2016","14:14:00","16889","288","0.5","0.005","-0.07","73.4","70.6","72.2","59.5","59.4","59.5","0.60","0.90","0.79","0","0","4"
"09/01/2016","14:14:00","17039","359","2.2","0.014","0.08","75.6","70.9","73.9","59.6","59.4","59.5","0.70","0.50","0.62","0","0","4"
"09/01/2016","14:14:00","17188","4","2.1","0.002","-0.16","74.6","71.3","73.3","59.6","59.4","59.5","1.30","0.60","0.96","0","0","4"
"09/01/2016","14:14:00","17338","54","1.5","0.011","0.08","74.0","72.6","73.3","59.5","59.4","59.5","1.00","0.60","0.83","0","0","4"
"09/01/2016","14:14:00","17487","14","1.2","0.007","0.02","75.1","73.9","74.6","59.6","59.4","59.5","0.70","0.50","0.59","0","0","4"
"09/01/2016","14:14:00","17636","357","1.8","0.005","0.08","73.6","73.3","73.5","59.4","59.5","59.5","0.50","0.90","0.66","0","0","4"
"09/01/2016","14:14:00","17786","28","4.4","0.020","-0.03","70.5","70.9","70.7","59.5","59.5","59.5","0.40","0.70","0.55","0","0","4"
"09/01/2016","14:14:00","17935","41","3.6","0.008","-0.10","67.9","72.4","70.7","59.4","59.4","59.4","0.70","1.00","0.83","0","0","4"
"09/01/2016","14:14:00","18085","29","1.2","0.016","0.21","65.1","68.5","67.2","59.5","59.4","59.4","0.40","1.40","0.90","3","0","8"
"09/01/2016","14:14:00","18234","69","2.4","0.011","0.09","69.9","67.6","68.9","59.4","59.5","59.5","0.90","1.10","0.98","0","1","6"
"09/01/2016","14:14:00","18384","70","4.2","0.012","0.01","76.9","72.5","75.3","59.4","59.4","59.4","1.00","0.40","0.68","0","0","4"
"09/01/2016","14:14:00","18533","89","5.0","0.012","-0.02","75.6","72.1","74.2","59.5","59.4","59.4","1.20","0.70","0.96","0","0","4"
"09/01/2016","14:14:00","18683","110","5.8","0.014","0.40","71.0","69.6","70.3","59.5","59.4","59.4","1.00","0.80","0.90","0","0","4"
"09/01/2016","14:14:00","18832","126","7.0","0.014","0.07","70.3","70.4","70.3","59.4","59.4","59.4","0.90","0.90","0.89","0","0","4"
"09/01/2016","14:14:00","18981","95","5.1","0.025","0.16","66.9","69.9","68.6","59.4","59.4","59.4","1.10","0.40","0.72","0","2","8"
"09/01/2016","14:14:00","19131","81","4.0","0.010","-0.07","67.5","65.9","66.8","59.5","59.4","59.4","1.10","0.30","0.72","0","2","8"
"09/01/2016","14:14:00","19280","93","1.9","0.015","-0.28","67.9","67.2","67.6","59.4","59.4","59.4","0.90","0.50","0.70","0","0","4"
"09/01/2016","14:14:00","19430","68","8.3","0.045","-0.05","72.0","72.2","72.1","59.5","59.3","59.4","1.20","1.10","1.12","0","0","4"
"09/01/2016","14:19:00","1795","188","14.9","0.000","-0.01","121.6","120.1","120.9","57.3","57.3","57.3","0.60","0.50","0.56","0","0","4"
"09/01/2016","14:19:00","1944","190","14.7","0.004","-0.01","120.5","119.9","120.2","57.2","57.2","57.2","0.60","0.50","0.56","0","0","4"
"09/01/2016","14:19:00","2093","189","15.0","0.003","-0.02","123.1","124.4","123.8","56.8","56.8","56.8","0.50","0.50","0.49","0","0","4"
"09/01/2016","14:19:00","2243","189","14.8","0.001","0.00","125.3","126.5","125.9","57.3","57.3","57.3","0.60","0.50","0.55","0","0","4"
"09/01/2016","14:19:00","2392","192","14.3","0.005","0.02","126.9","124.9","126.0","58.2","58.2","58.2","0.60","0.50","0.52","0","0","4"
"09/01/2016","14:19:00","2542","195","13.9","0.006","0.03","127.3","125.7","126.6","58.6","58.6","58.6","0.50","0.40","0.47","0","0","4"
"09/01/2016","14:19:00","2691","197","14.3","0.005","0.03","125.3","126.7","126.1","59.4","59.4","59.4","0.50","0.40","0.46","0","0","4"
"09/01/2016","14:19:00","2841","198","14.0","0.002","0.03","126.5","126.7","126.6","59.5","59.6","59.5","0.50","0.50","0.52","0","0","4"
"09/01/2016","14:19:00","2990","199","13.0","0.007","0.05","127.5","127.4","127.4","59.5","59.5","59.5","0.40","0.50","0.45","0","0","4"
"09/01/2016","14:19:00","3140","200","12.7","0.003","0.03","126.6","124.8","125.8","59.5","59.6","59.5","0.40","0.40","0.41","0","0","4"
"09/01/2016","14:19:00","3289","201","12.6","0.002","0.01","126.6","125.2","126.0","59.5","59.5","59.5","0.40","0.40","0.43","0","0","4"
"09/01/2016","14:19:00","3439","204","12.9","0.004","-0.04","124.8","122.5","123.8","59.5","59.5","59.5","0.40","0.50","0.45","0","0","4"
"09/01/2016","14:19:00","3588","204","14.1","0.008","0.07","122.4","122.6","122.5","59.5","59.5","59.5","0.50","0.50","0.51","0","0","4"
"09/01/2016","14:19:00","3737","204","14.4","0.002","0.11","121.9","121.9","121.9","59.4","59.5","59.5","0.50","0.50","0.47","0","0","4"
"09/01/2016","14:19:00","3887","205","14.7","0.003","0.12","118.1","119.1","118.6","59.5","59.4","59.4","0.50","0.50","0.49","0","0","4"
"09/01/2016","14:19:00","4036","206","14.5","0.002","0.11","117.2","116.8","117.0","59.5","59.4","59.5","0.50","0.50","0.51","0","0","4"
"09/01/2016","14:19:00","4186","207","14.4","0.001","0.03","118.2","118.8","118.5","59.4","59.4","59.4","0.50","0.50","0.48","0","0","4"
"09/01/2016","14:19:00","4335","207","14.8","0.003","0.04","117.1","119.0","118.2","59.4","59.5","59.4","0.50","0.60","0.54","0","0","4"
"09/01/2016","14:19:00","4485","210","15.6","0.007","0.07","117.4","118.1","117.8","59.4","59.4","59.4","0.60","0.50","0.53","0","0","4"
"09/01/2016","14:19:00","4634","212","15.1","0.004","0.04","119.9","118.7","119.3","59.5","59.4","59.5","0.40","0.50","0.48","0","0","4"
"09/01/2016","14:19:00","4784","213","15.1","0.001","0.02","122.0","120.1","121.2","59.5","59.5","59.5","0.50","0.50","0.48","0","0","4"
"09/01/2016","14:19:00","4933","215","14.9","0.004","0.03","117.2","115.1","116.3","59.4","59.5","59.5","0.70","0.40","0.56","0","0","4"
"09/01/2016","14:19:00","5083","216","14.7","0.003","-0.03","117.9","115.9","117.0","59.4","59.5","59.5","0.60","0.60","0.61","0","0","4"
"09/01/2016","14:19:00","5232","216","14.3","0.003","-0.05","118.9","118.9","118.9","59.5","59.5","59.5","0.60","0.50","0.52","0","0","4"
"09/01/2016","14:19:00","5381","216","13.9","0.003","-0.11","117.0","117.4","117.2","59.5","59.5","59.5","0.60","0.50","0.54","0","0","4"
"09/01/2016","14:19:00","5531","218","13.6","0.005","-0.10","119.5","121.7","120.7","59.4","59.5","59.5","0.60","0.50","0.56","0","0","4"
"09/01/2016","14:19:00","5680","216","13.6","0.004","-0.03","121.6","126.1","124.4","59.4","59.5","59.5","0.60","0.50","0.58","0","0","4"
"09/01/2016","14:19:00","5830","215","13.7","0.002","0.01","120.8","123.1","122.1","59.4","59.4","59.4","0.60","0.50","0.56","0","0","4"
"09/01/2016","14:19:00","5979","213","13.3","0.004","0.00","112.9","114.2","113.6","59.4","59.4","59.4","0.60","0.70","0.64","0","0","4"
"09/01/2016","14:19:00","6129","211","11.6","0.012","-0.11","110.1","111.0","110.6","59.5","59.5","59.5","0.60","1.30","0.97","0","0","4"
"09/01/2016","14:19:00","6278","202","9.3","0.019","-0.08","107.8","108.5","108.1","59.4","59.4","59.4","0.60","1.20","0.91","0","0","4"
"09/01/2016","14:19:00","6428","195","8.0","0.011","-0.04","107.5","108.9","108.3","59.4","59.4","59.4","0.60","0.60","0.60","0","0","4"
"09/01/2016","14:19:00","6577","193","7.7","0.003","-0.06","111.7","111.6","111.7","59.4","59.5","59.5","0.60","0.70","0.66","0","0","4"
"09/01/2016","14:19:00","6726","192","7.2","0.004","-0.01","109.5","110.1","109.8","59.4","59.5","59.4","0.70","0.80","0.72","0","0","4"
"09/01/2016","14:19:00","6876","196","6.2","0.007","0.08","104.9","105.2","105.1","59.4","59.4","59.4","0.80","0.70","0.73","0","0","4"
"09/01/2016","14:19:00","7025","199","5.2","0.007","0.14","103.6","102.4","103.1","59.4","59.5","59.4","0.70","0.60","0.67","0","0","4"
"09/01/2016","14:19:00","7175","201","5.2","0.001","0.18","103.6","103.5","103.5","59.3","59.5","59.4","0.70","0.70","0.70","0","0","4"
"09/01/2016","14:19:00","7324","210","4.8","0.006","0.12","104.3","103.9","104.1","59.4","59.5","59.4","0.90","0.90","0.86","0","0","4"
"09/01/2016","14:19:00","7474","219","4.9","0.005","0.10","103.9","103.8","103.8","59.4","59.4","59.4","0.80","0.70","0.74","0","0","4"
"09/01/2016","14:19:00","7623","232","5.2","0.008","0.02","101.9","101.5","101.7","59.4","59.4","59.4","1.10","0.90","1.01","0","0","4"
"09/01/2016","14:19:00","7773","241","5.4","0.005","-0.08","105.4","105.9","105.7","59.4","59.4","59.4","0.90","0.80","0.87","0","0","4"
"09/01/2016","14:19:00","7922","236","4.9","0.005","-0.01","108.9","108.5","108.7","59.4","59.4","59.4","0.80","0.80","0.78","0","0","4"
"09/01/2016","14:19:00","8072","225","4.5","0.006","0.09","105.9","103.6","104.9","59.4","59.4","59.4","0.70","0.60","0.68","0","0","4"
"09/01/2016","14:19:00","8221","212","4.5","0.007","0.17","100.5","98.8","99.7","59.4","59.4","59.4","0.70","0.50","0.61","0","0","4"
"09/01/2016","14:19:00","8370","211","5.5","0.006","0.12","101.9","99.8","100.9","59.4","59.4","59.4","0.50","0.70","0.62","0","0","4"
"09/01/2016","14:19:00","8520","214","6.7","0.009","0.09","101.6","98.6","100.4","59.4","59.4","59.4","0.50","0.60","0.52","0","0","4"
"09/01/2016","14:19:00","8669","213","6.7","0.001","-0.02","97.0","94.3","95.8","59.3","59.4","59.3","0.50","0.50","0.52","0","0","4"
"09/01/2016","14:19:00","8819","210","6.9","0.003","0.02","94.9","93.2","94.1","59.3","59.4","59.4","0.50","0.40","0.47","0","0","4"
"09/01/2016","14:19:00","8968","209","7.8","0.006","0.06","92.4","91.8","92.1","59.4","59.4","59.4","0.50","0.40","0.44","0","0","4"
"09/01/2016","14:19:00","9118","209","8.6","0.005","0.03","92.3","92.2","92.3","59.4","59.4","59.4","0.50","0.50","0.48","0","0","4"
"09/01/2016","14:19:00","9267","200","8.3","0.010","0.05","91.8","90.1","91.1","59.4","59.3","59.4","0.50","0.50","0.48","0","0","4"
"09/01/2016","14:19:00","9417","194","8.4","0.005","0.09","89.2","88.3","88.8","59.4","59.4","59.4","0.50","0.40","0.42","0","0","4"
"09/01/2016","14:19:00","9566","196","8.8","0.003","0.04","88.1","87.6","87.8","59.4","59.4","59.4","0.40","0.40","0.38","0","0","4"
"09/01/2016","14:19:00","9715","203","8.9","0.007","0.06","86.6","87.2","86.9","59.4","59.4","59.4","0.70","0.40","0.52","0","0","4"
"09/01/2016","14:19:00","9865","210","8.8","0.007","0.13","87.0","85.4","86.3","59.5","59.4","59.4","0.60","0.40","0.54","0","0","4"
"09/01/2016","14:19:00","10014","217","9.1","0.007","0.08","86.2","86.4","86.3","59.5","59.4","59.4","0.80","0.40","0.61","0","0","4"
"09/01/2016","14:19:00","10164","227","8.5","0.012","0.10","86.7","87.4","87.1","59.5","59.3","59.4","0.70","0.50","0.60","0","0","4"
"09/01/2016","14:19:00","10313","234","7.6","0.008","0.01","89.2","85.8","87.8","59.5","59.4","59.5","0.60","0.60","0.63","0","0","4"
"09/01/2016","14:19:00","10463","238","6.9","0.006","0.02","84.5","83.0","83.8","59.5","59.4","59.5","0.50","0.50","0.52","0","0","4"
"09/01/2016","14:19:00","10612","244","6.7","0.005","0.01","82.0","77.9","80.4","59.5","59.4","59.4","0.60","0.50","0.53","0","0","4"
"09/01/2016","14:19:00","10762","254","6.4","0.008","0.02","81.8","79.8","80.9","59.5","59.4","59.4","0.40","0.40","0.44","0","0","4"
"09/01/2016","14:19:00","10911","264","6.4","0.008","0.08","81.4","81.3","81.4","59.4","59.3","59.4","0.50","0.50","0.51","0","0","4"
"09/01/2016","14:19:00","11061","273","6.4","0.006","0.00","81.3","81.1","81.2","59.4","59.4","59.4","0.70","0.60","0.63","0","0","4"
"09/01/2016","14:19:00","11210","285","7.0","0.011","0.04","81.2","82.0","81.6","59.4","59.5","59.4","0.50","0.60","0.51","0","0","4"
"09/01/2016","14:19:00","11359","286","8.1","0.007","-0.06","79.9","81.1","80.5","59.4","59.4","59.4","0.70","0.50","0.59","0","0","4"
"09/01/2016","14:19:00","11509","288","10.2","0.014","-0.12","79.4","80.3","79.9","59.4","59.5","59.5","0.80","1.00","0.88","0","0","4"
"09/01/2016","14:19:00","11658","288","13.1","0.020","-0.08","80.2","81.7","81.0","59.4","59.5","59.4","0.80","0.60","0.69","0","0","4"
"09/01/2016","14:19:00","11808","286","15.8","0.019","0.01","82.7","83.9","83.3","59.4","59.5","59.5","0.70","0.70","0.73","0","0","4"
"09/01/2016","14:19:00","11957","285","17.6","0.012","-0.02","82.8","83.7","83.3","59.4","59.5","59.4","0.70","0.80","0.73","0","0","4"
"09/01/2016","14:19:00","12107","284","19.7","0.013","-0.05","81.3","82.7","82.1","59.4","59.6","59.5","0.80","0.80","0.78","0","0","4"
"09/01/2016","14:19:00","12256","281","21.1","0.013","-0.08","79.8","81.5","80.8","59.4","59.7","59.6","0.80","1.00","0.93","0","0","4"
"09/01/2016","14:19:00","12406","279","22.8","0.012","-0.01","81.3","82.1","81.7","59.4","59.6","59.5","0.90","1.10","1.00","0","0","4"
"09/01/2016","14:19:00","12555","276","24.4","0.014","-0.05","80.8","82.3","81.6","59.5","59.6","59.5","0.80","1.10","0.92","0","0","4"
"09/01/2016","14:19:00","12705","276","26.2","0.012","-0.12","78.0","80.7","79.6","59.4","59.6","59.5","0.80","1.20","1.00","0","0","4"
"09/01/2016","14:19:00","12854","276","28.2","0.013","-0.04","77.4","77.5","77.4","59.4","59.6","59.5","0.70","1.00","0.89","0","0","4"
"09/01/2016","14:19:00","13003","275","30.0","0.012","-0.01","75.6","72.8","74.4","59.4","59.5","59.5","1.00","1.00","0.99","0","0","4"
"09/01/2016","14:19:00","13153","271","28.5","0.016","-0.33","70.7","69.1","69.9","59.4","59.7","59.5","1.30","1.00","1.15","0","0","4"
"09/01/2016","14:19:00","13302","271","31.6","0.021","0.17","66.9","67.7","67.3","59.3","59.7","59.5","0.40","0.40","0.41","1","1","8"
"09/01/2016","14:19:00","13452","270","31.4","0.005","-0.08","67.9","67.7","67.8","59.3","59.5","59.4","0.70","0.70","0.67","0","0","4"
"09/01/2016","14:19:00","13601","272","32.3","0.009","-0.01","69.1","69.1","69.1","59.3","59.5","59.4","0.70","1.10","0.86","0","0","4"
"09/01/2016","14:19:00","13751","268","32.1","0.016","-0.23","69.8","71.6","70.8","59.4","59.4","59.4","1.30","1.50","1.42","0","0","4"
"09/01/2016","14:19:00","13900","269","33.3","0.010","-0.08","75.7","77.4","76.6","59.3","59.4","59.4","1.10","1.40","1.25","0","0","4"
"09/01/2016","14:19:00","14050","270","34.2","0.008","-0.08","79.2","79.3","79.2","59.4","59.5","59.4","1.10","1.40","1.24","0","0","4"
"09/01/2016","14:19:00","14199","272","32.8","0.013","-0.14","78.1","78.0","78.0","59.3","59.4","59.4","1.10","1.60","1.34","0","0","4"
"09/01/2016","14:19:00","14348","278","30.1","0.028","-0.12","80.4","79.5","80.0","59.3","59.5","59.4","1.20","1.70","1.48","0","0","4"
"09/01/2016","14:19:00","14498","283","28.4","0.018","-0.11","83.3","82.2","82.8","59.3","59.4","59.4","1.60","1.80","1.70","0","0","4"
"09/01/2016","14:19:00","14647","287","26.0","0.022","-0.18","84.7","84.4","84.6","59.3","59.5","59.4","1.40","1.90","1.62","0","0","4"
"09/01/2016","14:19:00","14797","292","23.6","0.022","-0.14","85.3","85.3","85.3","59.3","59.4","59.4","1.30","1.80","1.52","0","0","4"
"09/01/2016","14:19:00","14946","298","23.1","0.016","-0.25","84.5","87.4","86.2","59.4","59.5","59.4","1.10","1.80","1.47","0","0","4"
"09/01/2016","14:19:00","15096","305","22.3","0.020","-0.02","80.7","85.3","83.6","59.4","59.5","59.4","1.20","1.80","1.51","0","0","4"
"09/01/2016","14:19:00","15245","309","21.6","0.011","-0.20","77.4","78.9","78.2","59.4","59.5","59.4","1.30","2.10","1.72","0","0","4"
"09/01/2016","14:19:00","15395","322","18.7","0.037","-0.30","81.3","81.2","81.3","59.3","59.5","59.4","1.40","1.20","1.29","0","0","4"
"09/01/2016","14:19:00","15544","327","16.0","0.021","-0.02","84.3","85.5","84.9","59.4","59.5","59.4","1.90","1.20","1.55","0","0","4"
"09/01/2016","14:19:00","15694","336","11.8","0.032","0.10","82.6","85.5","84.3","59.4","59.5","59.4","1.80","1.10","1.43","0","0","4"
"09/01/2016","14:19:00","15843","344","8.6","0.023","0.15","82.0","83.7","82.9","59.4","59.5","59.4","1.90","1.00","1.44","0","0","4"
"09/01/2016","14:19:00","15992","356","4.9","0.026","0.10","82.7","82.2","82.5","59.4","59.5","59.4","1.50","1.00","1.28","0","0","4"
"09/01/2016","14:19:00","16142","358","3.3","0.011","0.08","80.5","79.9","80.2","59.4","59.4","59.4","0.90","0.70","0.83","0","0","4"
"09/01/2016","14:19:00","16291","357","3.9","0.004","-0.06","77.0","78.9","78.0","59.4","59.4","59.4","0.90","0.70","0.83","0","0","4"
"09/01/2016","14:19:00","16441","352","4.3","0.003","-0.10","75.8","74.2","75.1","59.4","59.4","59.4","0.90","0.70","0.82","0","0","4"
"09/01/2016","14:19:00","16590","341","0.6","0.025","-0.14","72.1","74.3","73.4","59.5","59.4","59.4","0.90","0.50","0.72","0","0","4"
"09/01/2016","14:19:00","16740","242","0.3","0.005","-0.11","73.2","74.9","74.1","59.4","59.4","59.4","0.70","0.60","0.62","0","0","4"
"09/01/2016","14:19:00","16889","267","0.6","0.002","-0.09","69.5","70.6","70.1","59.4","59.4","59.4","0.70","0.90","0.81","1","0","8"
"09/01/2016","14:19:00","17039","340","1.8","0.012","-0.01","74.3","70.3","72.8","59.4","59.4","59.4","0.80","0.70","0.72","0","0","4"
"09/01/2016","14:19:00","17188","14","1.7","0.007","-0.06","74.7","70.9","73.2","59.4","59.4","59.4","1.00","0.60","0.84","0","0","4"
"09/01/2016","14:19:00","17338","41","1.6","0.005","0.01","72.0","70.6","71.4","59.4","59.3","59.4","0.80","0.50","0.68","0","0","4"
"09/01/2016","14:19:00","17487","8","1.3","0.006","-0.03","73.9","74.9","74.4","59.4","59.4","59.4","0.60","0.50","0.55","0","0","4"
"09/01/2016","14:19:00","17636","2","2.3","0.007","0.10","71.6","74.1","73.0","59.3","59.4","59.4","0.50","0.90","0.66","0","0","4"
"09/01/2016","14:19:00","17786","23","3.8","0.012","0.14","71.0","73.4","72.4","59.4","59.4","59.4","0.40","0.90","0.65","0","0","4"
"09/01/2016","14:19:00","17935","32","4.1","0.005","0.04","69.6","72.8","71.5","59.3","59.4","59.4","0.60","1.00","0.79","0","0","4"
"09/01/2016","14:19:00","18085","26","2.7","0.010","0.15","69.0","69.5","69.3","59.3","59.4","59.4","0.50","1.20","0.84","4","0","8"
"09/01/2016","14:19:00","18234","48","2.6","0.007","0.25","66.5","66.8","66.6","59.3","59.5","59.4","0.50","0.40","0.47","1","1","8"
"09/01/2016","14:19:00","18384","71","3.8","0.012","0.10","76.8","74.4","75.7","59.4","59.4","59.4","0.90","0.60","0.78","0","0","4"
"09/01/2016","14:19:00","18533","93","5.7","0.017","0.24","76.1","75.6","75.8","59.3","59.4","59.4","1.50","0.60","1.03","0","0","4"
"09/01/2016","14:19:00","18683","110","6.4","0.013","0.44","72.8","70.8","71.9","59.4","59.4","59.4","1.00","0.60","0.80","0","0","4"
"09/01/2016","14:19:00","18832","117","5.5","0.007","0.30","70.8","69.4","70.1","59.3","59.4","59.4","0.90","0.90","0.87","0","0","4"
"09/01/2016","14:19:00","18981","96","4.9","0.013","0.25","66.8","70.7","69.2","59.4","59.3","59.3","1.00","0.40","0.69","0","3","8"
"09/01/2016","14:19:00","19131","96","4.8","0.001","-0.21","66.4","65.4","65.9","59.3","59.4","59.4","0.90","0.40","0.66","0","3","8"
"09/01/2016","14:19:00","19280","98","2.2","0.017","-0.40","68.8","67.5","68.2","59.3","59.4","59.4","1.30","0.60","0.93","0","0","4"
"09/01/2016","14:19:00","19430","79","6.1","0.027","-0.58","71.7","70.2","71.0","59.3","59.3","59.3","0.60","0.80","0.70","1","0","8"
"09/01/2016","14:24:00","1795","187","15.0","0.000","0.01","121.8","121.3","121.6","57.2","57.3","57.3","0.60","0.50","0.56","0","0","4"
"09/01/2016","14:24:00","1944","189","14.6","0.005","0.02","120.6","119.7","120.2","57.2","57.2","57.2","0.70","0.50","0.57","0","0","4"
"09/01/2016","14:24:00","2093","188","15.1","0.004","-0.03","122.3","122.8","122.6","56.7","56.8","56.7","0.60","0.50","0.56","0","0","4"
"09/01/2016","14:24:00","2243","187","15.0","0.001","0.00","126.1","126.7","126.4","57.3","57.3","57.3","0.70","0.50","0.58","0","0","4"
"09/01/2016","14:24:00","2392","191","14.3","0.008","0.03","126.9","125.2","126.1","58.1","58.2","58.1","0.60","0.50","0.53","0","0","4"
"09/01/2016","14:24:00","2542","192","14.0","0.003","0.03","128.2","127.0","127.7","58.6","58.6","58.6","0.50","0.50","0.46","0","0","4"
"09/01/2016","14:24:00","2691","196","14.5","0.007","0.03","125.0","125.4","125.2","59.3","59.4","59.3","0.50","0.50","0.47","0","0","4"
"09/01/2016","14:24:00","2841","197","14.2","0.003","0.05","127.2","126.0","126.7","59.4","59.5","59.5","0.50","0.50","0.51","0","0","4"
"09/01/2016","14:24:00","2990","197","13.0","0.008","0.09","127.6","126.4","127.1","59.4","59.5","59.5","0.50","0.50","0.48","0","0","4"
"09/01/2016","14:24:00","3140","199","12.4","0.004","0.06","127.2","125.9","126.6","59.5","59.6","59.5","0.40","0.40","0.42","0","0","4"
"09/01/2016","14:24:00","3289","200","12.6","0.003","0.10","127.4","126.1","126.8","59.4","59.5","59.5","0.50","0.40","0.43","0","0","4"
"09/01/2016","14:24:00","3439","202","12.9","0.004","0.09","124.0","123.5","123.7","59.4","59.5","59.5","0.40","0.50","0.47","0","0","4"
"09/01/2016","14:24:00","3588","204","13.8","0.006","0.14","124.6","122.9","123.8","59.4","59.5","59.4","0.40","0.50","0.47","0","0","4"
"09/01/2016","14:24:00","3737","205","14.4","0.004","0.17","122.6","121.7","122.2","59.4","59.5","59.4","0.40","0.50","0.46","0","0","4"
"09/01/2016","14:24:00","3887","205","14.5","0.001","0.18","117.8","118.2","118.0","59.4","59.4","59.4","0.50","0.50","0.47","0","0","4"
"09/01/2016","14:24:00","4036","206","14.4","0.002","0.17","117.0","115.2","116.2","59.4","59.4","59.4","0.50","0.50","0.49","0","0","4"
"09/01/2016","14:24:00","4186","208","14.3","0.002","0.07","116.6","117.4","117.0","59.4","59.4","59.4","0.50","0.50","0.51","0","0","4"
"09/01/2016","14:24:00","4335","207","15.1","0.005","0.08","115.8","118.7","117.5","59.4","59.5","59.4","0.50","0.50","0.52","0","0","4"
"09/01/2016","14:24:00","4485","209","15.5","0.006","0.09","114.7","116.7","115.8","59.4","59.4","59.4","0.60","0.50","0.54","0","0","4"
"09/01/2016","14:24:00","4634","211","15.1","0.004","0.04","118.4","118.7","118.5","59.4","59.5","59.4","0.50","0.50","0.49","0","0","4"
"09/01/2016","14:24:00","4784","212","15.2","0.002","0.03","119.2","119.3","119.2","59.4","59.4","59.4","0.50","0.50","0.51","0","0","4"
"09/01/2016","14:24:00","4933","214","15.2","0.003","-0.03","115.7","115.2","115.5","59.4","59.5","59.4","0.60","0.50","0.50","0","0","4"
"09/01/2016","14:24:00","5083","215","15.4","0.002","-0.09","118.9","115.2","117.4","59.4","59.5","59.4","0.50","0.60","0.55","0","0","4"
"09/01/2016","14:24:00","5232","215","14.6","0.005","-0.10","121.2","118.9","120.2","59.4","59.4","59.4","0.50","0.50","0.49","0","0","4"
"09/01/2016","14:24:00","5381","214","14.4","0.002","-0.13","119.1","117.1","118.2","59.4","59.4","59.4","0.60","0.50","0.58","0","0","4"
"09/01/2016","14:24:00","5531","215","13.7","0.006","-0.06","118.9","121.1","120.1","59.4","59.4","59.4","0.60","0.50","0.57","0","0","4"
"09/01/2016","14:24:00","5680","215","13.7","0.000","-0.04","120.0","125.6","123.6","59.4","59.4","59.4","0.60","0.50","0.54","0","0","4"
"09/01/2016","14:24:00","5830","213","13.9","0.003","0.02","116.9","122.0","120.2","59.4","59.4","59.4","0.50","0.50","0.51","0","0","4"
"09/01/2016","14:24:00","5979","214","13.0","0.006","0.07","111.9","112.7","112.3","59.4","59.4","59.4","0.70","0.80","0.73","0","0","4"
"09/01/2016","14:24:00","6129","210","11.4","0.013","0.04","109.1","110.9","110.1","59.5","59.5","59.5","0.60","1.20","0.88","0","0","4"
"09/01/2016","14:24:00","6278","199","9.2","0.019","-0.01","108.5","108.8","108.6","59.3","59.4","59.4","0.50","1.00","0.76","0","0","4"
"09/01/2016","14:24:00","6428","195","8.2","0.008","0.02","107.3","107.7","107.5","59.4","59.4","59.4","0.60","0.50","0.53","0","0","4"
"09/01/2016","14:24:00","6577","190","7.9","0.005","0.05","109.7","109.0","109.3","59.3","59.5","59.4","0.60","0.50","0.58","0","0","4"
"09/01/2016","14:24:00","6726","190","7.1","0.005","0.02","108.2","109.3","108.8","59.3","59.5","59.4","0.70","0.50","0.58","0","0","4"
"09/01/2016","14:24:00","6876","188","6.8","0.002","-0.04","102.7","104.9","103.9","59.4","59.4","59.4","0.70","0.50","0.63","0","0","4"
"09/01/2016","14:24:00","7025","194","5.9","0.007","0.01","100.4","102.5","101.6","59.3","59.4","59.4","0.80","0.60","0.67","0","0","4"
"09/01/2016","14:24:00","7175","198","5.8","0.003","0.10","103.9","105.0","104.5","59.3","59.4","59.4","0.70","0.60","0.61","0","0","4"
"09/01/2016","14:24:00","7324","203","5.2","0.005","0.03","104.0","102.8","103.4","59.3","59.5","59.4","0.80","0.70","0.77","0","0","4"
"09/01/2016","14:24:00","7474","207","4.9","0.003","0.07","101.3","101.8","101.5","59.3","59.4","59.3","0.90","0.80","0.88","0","0","4"
"09/01/2016","14:24:00","7623","225","5.1","0.011","-0.05","101.0","101.0","101.0","59.4","59.3","59.4","1.00","1.00","0.98","0","0","4"
"09/01/2016","14:24:00","7773","238","5.2","0.008","-0.06","102.4","104.0","103.3","59.3","59.4","59.3","0.90","0.90","0.89","0","0","4"
"09/01/2016","14:24:00","7922","240","4.8","0.003","-0.08","107.7","108.2","108.0","59.4","59.4","59.4","0.80","0.70","0.73","0","0","4"
"09/01/2016","14:24:00","8072","230","4.5","0.006","0.03","105.5","105.2","105.3","59.4","59.4","59.4","0.80","0.60","0.71","0","0","4"
"09/01/2016","14:24:00","8221","214","4.3","0.009","0.10","100.5","100.1","100.3","59.4","59.4","59.4","0.70","0.60","0.66","0","0","4"
"09/01/2016","14:24:00","8370","210","4.8","0.004","0.05","101.5","100.2","100.9","59.3","59.3","59.3","0.50","0.70","0.64","0","0","4"
"09/01/2016","14:24:00","8520","215","6.5","0.012","0.04","101.2","99.5","100.4","59.3","59.4","59.4","0.50","0.60","0.53","0","0","4"
"09/01/2016","14:24:00","8669","213","7.0","0.003","-0.03","97.1","94.1","95.8","59.3","59.4","59.3","0.50","0.50","0.51","0","0","4"
"09/01/2016","14:24:00","8819","208","7.0","0.004","0.01","96.6","94.6","95.7","59.2","59.3","59.3","0.50","0.40","0.46","0","0","4"
"09/01/2016","14:24:00","8968","208","7.7","0.005","0.10","93.3","94.5","93.9","59.4","59.4","59.4","0.50","0.40","0.43","0","0","4"
"09/01/2016","14:24:00","9118","208","8.6","0.006","0.06","92.1","94.8","93.7","59.3","59.3","59.3","0.50","0.40","0.46","0","0","4"
"09/01/2016","14:24:00","9267","202","8.8","0.007","0.07","91.4","94.3","93.1","59.3","59.3","59.3","0.50","0.50","0.47","0","0","4"
"09/01/2016","14:24:00","9417","196","8.3","0.007","0.05","89.9","89.0","89.5","59.3","59.3","59.3","0.40","0.40","0.42","0","0","4"
"09/01/2016","14:24:00","9566","196","8.9","0.004","0.04","87.7","86.1","87.0","59.3","59.3","59.3","0.40","0.50","0.45","0","0","4"
"09/01/2016","14:24:00","9715","201","9.1","0.005","0.03","85.3","85.2","85.2","59.4","59.3","59.3","0.70","0.40","0.54","0","0","4"
"09/01/2016","14:24:00","9865","209","8.7","0.009","0.12","86.3","84.1","85.3","59.4","59.3","59.4","0.70","0.40","0.55","0","0","4"
"09/01/2016","14:24:00","10014","215","9.2","0.007","0.07","87.1","85.4","86.3","59.4","59.3","59.4","0.70","0.50","0.58","0","0","4"
"09/01/2016","14:24:00","10164","227","8.2","0.014","0.09","87.3","84.8","86.2","59.4","59.3","59.4","0.80","0.60","0.68","0","0","4"
"09/01/2016","14:24:00","10313","234","7.3","0.008","-0.01","88.1","85.6","87.0","59.4","59.3","59.4","0.60","0.60","0.63","0","0","4"
"09/01/2016","14:24:00","10463","238","6.8","0.005","-0.03","83.2","82.1","82.7","59.4","59.4","59.4","0.60","0.50","0.53","0","0","4"
"09/01/2016","14:24:00","10612","244","5.8","0.008","0.04","83.6","79.1","81.9","59.4","59.4","59.4","0.60","0.60","0.59","0","0","4"
"09/01/2016","14:24:00","10762","254","5.9","0.006","-0.04","84.1","81.3","82.9","59.4","59.3","59.4","0.40","0.50","0.47","0","0","4"
"09/01/2016","14:24:00","10911","264","5.6","0.007","0.03","84.7","82.8","83.9","59.4","59.3","59.3","0.40","0.50","0.47","0","0","4"
"09/01/2016","14:24:00","11061","277","5.9","0.009","-0.01","81.8","82.4","82.1","59.4","59.4","59.4","0.60","0.50","0.53","0","0","4"
"09/01/2016","14:24:00","11210","284","6.5","0.006","0.00","81.1","83.1","82.2","59.4","59.4","59.4","0.70","0.60","0.64","0","0","4"
"09/01/2016","14:24:00","11359","287","7.9","0.010","-0.01","80.3","81.0","80.7","59.3","59.4","59.4","0.80","0.60","0.66","0","0","4"
"09/01/2016","14:24:00","11509","287","10.0","0.014","-0.12","81.0","79.2","80.2","59.4","59.4","59.4","0.70","0.60","0.68","0","0","4"
"09/01/2016","14:24:00","11658","287","12.9","0.020","-0.11","80.7","82.6","81.7","59.3","59.4","59.4","0.90","0.60","0.78","0","0","4"
"09/01/2016","14:24:00","11808","286","15.7","0.019","0.04","83.3","84.7","84.1","59.4","59.5","59.4","0.70","0.80","0.72","0","0","4"
"09/01/2016","14:24:00","11957","284","17.9","0.015","-0.02","82.6","83.3","83.0","59.4","59.5","59.4","0.70","0.70","0.74","0","0","4"
"09/01/2016","14:24:00","12107","284","19.6","0.012","-0.06","82.2","81.9","82.0","59.3","59.6","59.4","0.80","0.70","0.71","0","0","4"
"09/01/2016","14:24:00","12256","281","20.9","0.011","-0.04","80.1","79.3","79.7","59.3","59.7","59.5","0.80","1.10","0.94","0","0","4"
"09/01/2016","14:24:00","12406","279","22.7","0.014","0.01","80.2","82.2","81.3","59.3","59.6","59.5","0.90","1.10","0.97","0","0","4"
"09/01/2016","14:24:00","12555","276","24.5","0.013","-0.06","79.9","82.4","81.4","59.3","59.5","59.4","0.80","1.10","0.95","0","0","4"
"09/01/2016","14:24:00","12705","276","26.5","0.014","-0.10","78.2","80.8","79.7","59.4","59.5","59.5","0.70","1.00","0.87","0","0","4"
"09/01/2016","14:24:00","12854","275","28.4","0.013","-0.05","77.7","77.9","77.8","59.4","59.5","59.4","0.80","0.90","0.86","0","0","4"
"09/01/2016","14:24:00","13003","275","28.9","0.004","-0.10","75.7","71.7","74.2","59.4","59.5","59.4","1.20","0.90","1.06","0","0","4"
"09/01/2016","14:24:00","13153","272","28.2","0.011","-0.26","70.4","69.5","70.0","59.3","59.7","59.5","1.40","1.10","1.24","0","0","4"
"09/01/2016","14:24:00","13302","269","30.2","0.015","-0.18","68.1","65.2","66.9","59.3","59.6","59.4","1.40","0.50","0.95","0","1","8"
"09/01/2016","14:24:00","13452","268","33.4","0.022","-0.45","67.9","67.4","67.7","59.3","59.5","59.4","0.60","0.70","0.67","0","0","4"
"09/01/2016","14:24:00","13601","269","33.3","0.003","-0.31","69.0","68.9","69.0","59.3","59.5","59.4","0.70","0.90","0.76","0","0","4"
"09/01/2016","14:24:00","13751","268","32.3","0.008","-0.36","67.0","71.9","70.1","59.3","59.5","59.4","0.40","1.00","0.68","1","0","8"
"09/01/2016","14:24:00","13900","269","32.5","0.004","-0.04","74.4","78.2","76.7","59.3","59.5","59.4","1.00","1.30","1.14","0","0","4"
"09/01/2016","14:24:00","14050","270","33.4","0.008","-0.10","79.0","81.9","80.7","59.4","59.6","59.5","1.10","1.30","1.20","0","0","4"
"09/01/2016","14:24:00","14199","273","32.4","0.014","-0.20","78.1","81.5","80.1","59.3","59.6","59.5","1.00","1.40","1.22","0","0","4"
"09/01/2016","14:24:00","14348","278","29.6","0.025","-0.17","80.0","82.8","81.6","59.3","59.6","59.4","1.30","1.90","1.64","0","0","4"
"09/01/2016","14:24:00","14498","284","26.7","0.029","-0.16","81.7","84.8","83.5","59.3","59.6","59.4","1.40","2.20","1.79","0","0","4"
"09/01/2016","14:24:00","14647","287","25.1","0.014","-0.11","82.8","86.1","84.8","59.3","59.5","59.4","1.40","1.90","1.67","0","0","4"
"09/01/2016","14:24:00","14797","293","23.1","0.020","-0.08","85.6","85.7","85.6","59.3","59.5","59.4","1.20","1.80","1.50","0","0","4"
"09/01/2016","14:24:00","14946","298","22.1","0.016","-0.15","85.9","87.8","87.0","59.3","59.4","59.4","1.00","1.90","1.44","0","0","4"
"09/01/2016","14:24:00","15096","307","21.9","0.022","-0.08","83.5","86.6","85.3","59.3","59.5","59.4","1.10","1.80","1.44","0","0","4"
"09/01/2016","14:24:00","15245","311","21.5","0.011","-0.11","79.3","82.4","81.1","59.3","59.5","59.4","1.30","1.80","1.55","0","0","4"
"09/01/2016","14:24:00","15395","320","18.2","0.031","-0.19","79.9","81.7","80.9","59.3","59.4","59.4","1.80","1.80","1.79","0","0","4"
"09/01/2016","14:24:00","15544","331","15.5","0.028","0.01","82.7","85.5","84.3","59.3","59.4","59.4","2.00","1.30","1.66","0","0","4"
"09/01/2016","14:24:00","15694","338","11.5","0.029","0.15","82.6","86.2","84.8","59.3","59.4","59.4","1.60","1.20","1.44","0","0","4"
"09/01/2016","14:24:00","15843","353","7.9","0.029","0.16","81.9","85.1","83.8","59.3","59.4","59.4","1.80","1.20","1.50","0","0","4"
"09/01/2016","14:24:00","15992","6","4.8","0.023","0.19","82.6","84.1","83.4","59.3","59.4","59.4","1.60","1.20","1.37","0","0","4"
"09/01/2016","14:24:00","16142","0","3.1","0.011","0.15","80.0","81.8","81.0","59.3","59.4","59.4","1.00","0.90","0.99","0","0","4"
"09/01/2016","14:24:00","16291","358","4.4","0.008","0.06","77.1","79.8","78.7","59.2","59.4","59.3","0.80","0.80","0.80","0","0","4"
"09/01/2016","14:24:00","16441","351","4.4","0.004","-0.01","75.4","75.6","75.5","59.3","59.5","59.4","0.70","0.90","0.81","0","0","4"
"09/01/2016","14:24:00","16590","348","1.0","0.023","-0.06","71.7","74.6","73.4","59.3","59.4","59.4","1.00","0.70","0.86","0","0","4"
"09/01/2016","14:24:00","16740","348","0.1","0.006","-0.05","72.1","72.4","72.2","59.3","59.4","59.4","0.60","0.60","0.61","0","0","4"
"09/01/2016","14:24:00","16889","325","1.9","0.012","-0.02","71.3","70.1","70.7","59.3","59.4","59.4","0.80","0.80","0.80","0","0","4"
"09/01/2016","14:24:00","17039","4","2.5","0.011","-0.06","74.9","72.1","73.7","59.3","59.3","59.3","0.90","0.70","0.82","0","0","4"
"09/01/2016","14:24:00","17188","35","2.7","0.009","-0.15","75.4","71.7","73.9","59.4","59.3","59.4","0.90","0.60","0.73","0","0","4"
"09/01/2016","14:24:00","17338","36","2.1","0.004","-0.13","73.3","70.7","72.2","59.3","59.3","59.3","0.80","0.60","0.67","0","0","4"
"09/01/2016","14:24:00","17487","13","2.3","0.006","-0.04","72.4","75.5","74.2","59.3","59.3","59.3","0.50","0.90","0.74","0","0","4"
"09/01/2016","14:24:00","17636","12","2.6","0.002","-0.01","71.7","75.0","73.7","59.3","59.4","59.3","0.60","0.80","0.71","0","0","4"
"09/01/2016","14:24:00","17786","17","3.6","0.007","-0.01","74.7","72.4","73.7","59.3","59.4","59.3","0.60","0.90","0.77","0","0","4"
"09/01/2016","14:24:00","17935","32","4.1","0.007","0.06","72.7","72.7","72.7","59.2","59.3","59.3","0.60","0.90","0.76","0","0","4"
"09/01/2016","14:24:00","18085","61","2.8","0.015","0.36","68.6","67.6","68.1","59.3","59.3","59.3","0.70","0.40","0.58","0","1","8"
"09/01/2016","14:24:00","18234","49","2.8","0.004","0.27","65.7","66.9","66.4","59.3","59.4","59.3","0.30","0.70","0.52","2","2","8"
"09/01/2016","14:24:00","18384","77","4.6","0.016","0.09","76.6","72.5","75.0","59.3","59.4","59.3","1.00","0.60","0.80","0","0","4"
"09/01/2016","14:24:00","18533","99","5.5","0.014","0.26","76.4","75.5","76.0","59.3","59.3","59.3","1.20","1.00","1.10","0","0","4"
"09/01/2016","14:24:00","18683","115","5.8","0.011","0.28","73.1","71.7","72.4","59.3","59.3","59.3","0.90","0.90","0.91","0","0","4"
"09/01/2016","14:24:00","18832","102","7.4","0.015","0.29","69.2","70.7","70.1","59.3","59.3","59.3","0.70","1.30","0.97","0","0","4"
"09/01/2016","14:24:00","18981","88","4.6","0.021","0.35","68.0","69.4","68.8","59.3","59.3","59.3","0.60","0.60","0.60","0","4","8"
"09/01/2016","14:24:00","19131","97","5.5","0.008","-0.18","64.1","68.9","67.1","59.3","59.4","59.3","0.20","0.50","0.33","1","4","8"
"09/01/2016","14:24:00","19280","112","4.0","0.013","-0.05","69.5","65.4","67.9","59.3","59.3","59.3","1.40","0.60","0.97","0","1","8"
"09/01/2016","14:24:00","19430","66","10.1","0.053","-0.07","71.1","71.0","71.1","59.3","59.4","59.3","0.90","0.80","0.85","2","0","8"
"09/01/2016","14:29:00","1795","186","15.2","0.000","0.05","122.3","121.5","121.9","57.2","57.3","57.2","0.60","0.40","0.53","0","0","4"
"09/01/2016","14:29:00","1944","188","14.8","0.004","0.02","119.9","119.0","119.5","57.1","57.2","57.2","0.70","0.50","0.58","0","0","4"
"09/01/2016","14:29:00","2093","186","15.2","0.004","-0.01","122.0","121.6","121.8","56.7","56.8","56.8","0.70","0.50","0.57","0","0","4"
"09/01/2016","14:29:00","2243","186","15.2","0.001","0.07","126.8","126.5","126.7","57.2","57.3","57.2","0.60","0.50","0.57","0","0","4"
"09/01/2016","14:29:00","2392","190","14.4","0.008","0.01","126.0","125.6","125.8","58.1","58.2","58.2","0.60","0.50","0.54","0","0","4"
"09/01/2016","14:29:00","2542","192","14.2","0.003","0.04","127.4","126.9","127.1","58.6","58.6","58.6","0.50","0.50","0.48","0","0","4"
"09/01/2016","14:29:00","2691","195","14.7","0.006","0.02","126.2","126.0","126.1","59.3","59.4","59.4","0.40","0.50","0.45","0","0","4"
"09/01/2016","14:29:00","2841","196","14.0","0.004","0.01","126.8","126.4","126.6","59.5","59.7","59.6","0.50","0.50","0.51","0","0","4"
"09/01/2016","14:29:00","2990","196","12.9","0.008","0.07","126.7","126.3","126.5","59.4","59.7","59.6","0.50","0.50","0.47","0","0","4"
"09/01/2016","14:29:00","3140","198","12.7","0.003","0.06","128.1","127.4","127.8","59.5","59.6","59.6","0.40","0.40","0.38","0","0","4"
"09/01/2016","14:29:00","3289","198","12.6","0.001","0.06","126.7","126.3","126.5","59.5","59.6","59.5","0.40","0.40","0.40","0","0","4"
"09/01/2016","14:29:00","3439","201","13.1","0.005","0.02","123.5","121.3","122.6","59.4","59.5","59.4","0.40","0.50","0.45","0","0","4"
"09/01/2016","14:29:00","3588","203","13.9","0.007","0.10","125.3","122.7","124.2","59.4","59.5","59.4","0.40","0.50","0.46","0","0","4"
"09/01/2016","14:29:00","3737","204","14.6","0.004","0.12","122.4","120.5","121.6","59.4","59.4","59.4","0.50","0.50","0.48","0","0","4"
"09/01/2016","14:29:00","3887","204","14.5","0.001","0.15","116.2","116.5","116.4","59.4","59.5","59.4","0.40","0.50","0.45","0","0","4"
"09/01/2016","14:29:00","4036","206","14.3","0.003","0.13","116.2","114.0","115.3","59.4","59.4","59.4","0.50","0.50","0.51","0","0","4"
"09/01/2016","14:29:00","4186","207","14.3","0.003","0.08","117.0","117.1","117.0","59.3","59.4","59.4","0.50","0.50","0.50","0","0","4"
"09/01/2016","14:29:00","4335","207","14.9","0.004","0.10","114.5","116.5","115.6","59.3","59.4","59.4","0.50","0.50","0.50","0","0","4"
"09/01/2016","14:29:00","4485","210","14.9","0.005","0.01","113.1","112.2","112.7","59.3","59.4","59.4","0.60","0.50","0.54","0","0","4"
"09/01/2016","14:29:00","4634","210","14.9","0.000","0.00","115.5","116.6","116.1","59.3","59.4","59.4","0.60","0.50","0.52","0","0","4"
"09/01/2016","14:29:00","4784","211","15.1","0.002","0.03","117.1","118.7","118.0","59.4","59.4","59.4","0.50","0.40","0.48","0","0","4"
"09/01/2016","14:29:00","4933","214","15.2","0.005","-0.05","115.6","115.2","115.4","59.3","59.4","59.4","0.60","0.50","0.52","0","0","4"
"09/01/2016","14:29:00","5083","215","15.6","0.003","-0.08","118.8","114.8","117.3","59.4","59.4","59.4","0.50","0.60","0.54","0","0","4"
"09/01/2016","14:29:00","5232","215","14.8","0.005","-0.09","121.3","118.3","120.0","59.4","59.4","59.4","0.50","0.50","0.52","0","0","4"
"09/01/2016","14:29:00","5381","213","14.9","0.002","-0.06","121.0","118.4","119.9","59.4","59.4","59.4","0.60","0.50","0.54","0","0","4"
"09/01/2016","14:29:00","5531","216","14.0","0.007","-0.03","118.5","119.4","118.9","59.3","59.4","59.4","0.60","0.50","0.58","0","0","4"
"09/01/2016","14:29:00","5680","214","13.4","0.005","-0.02","120.4","119.5","120.0","59.4","59.4","59.4","0.60","0.50","0.56","0","0","4"
"09/01/2016","14:29:00","5830","213","13.4","0.002","0.02","116.3","115.2","115.8","59.4","59.4","59.4","0.50","0.60","0.55","0","0","4"
"09/01/2016","14:29:00","5979","213","12.0","0.009","0.06","111.0","109.3","110.2","59.4","59.4","59.4","0.60","0.80","0.69","0","0","4"
"09/01/2016","14:29:00","6129","211","10.2","0.013","0.00","111.6","109.0","110.5","59.4","59.4","59.4","0.60","0.90","0.75","0","0","4"
"09/01/2016","14:29:00","6278","201","8.7","0.014","0.09","108.8","106.9","108.0","59.4","59.4","59.4","0.40","0.80","0.61","0","0","4"
"09/01/2016","14:29:00","6428","195","8.3","0.007","0.05","106.1","106.8","106.5","59.3","59.4","59.4","0.50","0.50","0.49","0","0","4"
"09/01/2016","14:29:00","6577","189","7.9","0.006","0.12","105.1","107.7","106.6","59.3","59.4","59.4","0.50","0.60","0.51","0","0","4"
"09/01/2016","14:29:00","6726","186","7.4","0.004","0.10","104.7","107.8","106.5","59.3","59.4","59.4","0.50","0.50","0.50","0","0","4"
"09/01/2016","14:29:00","6876","187","7.1","0.002","0.02","101.1","104.4","103.0","59.4","59.3","59.3","0.60","0.50","0.57","0","0","4"
"09/01/2016","14:29:00","7025","188","6.7","0.002","0.05","100.6","100.9","100.8","59.3","59.4","59.4","0.80","0.70","0.74","0","0","4"
"09/01/2016","14:29:00","7175","196","6.0","0.008","0.12","102.8","102.1","102.5","59.3","59.4","59.3","0.70","0.80","0.74","0","0","4"
"09/01/2016","14:29:00","7324","200","5.4","0.005","0.12","104.3","102.0","103.3","59.3","59.4","59.3","0.80","0.70","0.72","0","0","4"
"09/01/2016","14:29:00","7474","211","5.2","0.007","0.07","102.7","100.0","101.6","59.3","59.4","59.3","0.90","0.90","0.88","0","0","4"
"09/01/2016","14:29:00","7623","224","5.3","0.008","-0.03","101.0","100.0","100.5","59.3","59.3","59.3","0.90","1.00","0.98","0","0","4"
"09/01/2016","14:29:00","7773","235","5.6","0.007","-0.02","100.4","103.9","102.5","59.3","59.3","59.3","0.90","1.00","0.95","0","0","4"
"09/01/2016","14:29:00","7922","236","5.3","0.002","0.00","106.1","109.0","107.8","59.3","59.3","59.3","0.80","0.80","0.80","0","0","4"
"09/01/2016","14:29:00","8072","224","4.6","0.008","0.00","105.9","107.1","106.5","59.3","59.4","59.3","0.70","0.70","0.71","0","0","4"
"09/01/2016","14:29:00","8221","209","4.4","0.008","0.07","101.1","100.7","100.9","59.3","59.4","59.3","0.60","0.70","0.65","0","0","4"
"09/01/2016","14:29:00","8370","209","4.8","0.002","0.02","103.7","101.2","102.6","59.3","59.3","59.3","0.50","0.70","0.57","0","0","4"
"09/01/2016","14:29:00","8520","213","6.4","0.011","-0.04","101.9","99.9","101.0","59.3","59.4","59.3","0.50","0.60","0.57","0","0","4"
"09/01/2016","14:29:00","8669","211","6.9","0.004","-0.06","96.3","93.7","95.2","59.2","59.3","59.3","0.50","0.50","0.52","0","0","4"
"09/01/2016","14:29:00","8819","208","7.1","0.003","0.00","96.7","94.3","95.7","59.2","59.3","59.3","0.50","0.40","0.46","0","0","4"
"09/01/2016","14:29:00","8968","207","7.7","0.004","0.07","94.0","94.6","94.3","59.4","59.3","59.3","0.50","0.40","0.43","0","0","4"
"09/01/2016","14:29:00","9118","206","8.7","0.006","0.06","92.0","93.6","92.9","59.3","59.3","59.3","0.40","0.50","0.43","0","0","4"
"09/01/2016","14:29:00","9267","203","8.8","0.003","0.05","93.0","93.9","93.4","59.3","59.3","59.3","0.30","0.50","0.43","0","0","4"
"09/01/2016","14:29:00","9417","197","8.4","0.006","0.01","89.3","90.1","89.8","59.3","59.3","59.3","0.40","0.40","0.43","0","0","4"
"09/01/2016","14:29:00","9566","196","8.8","0.003","-0.03","88.3","86.6","87.5","59.3","59.3","59.3","0.60","0.40","0.50","0","0","4"
"09/01/2016","14:29:00","9715","197","9.4","0.004","-0.01","85.6","84.1","84.9","59.3","59.3","59.3","0.60","0.40","0.51","0","0","4"
"09/01/2016","14:29:00","9865","209","8.9","0.013","-0.03","86.8","83.2","85.3","59.3","59.3","59.3","0.80","0.40","0.63","0","0","4"
"09/01/2016","14:29:00","10014","215","9.3","0.007","0.00","87.7","84.4","86.4","59.4","59.3","59.3","0.90","0.50","0.68","0","0","4"
"09/01/2016","14:29:00","10164","230","8.1","0.017","-0.05","89.0","83.9","87.2","59.3","59.3","59.3","0.80","0.60","0.69","0","0","4"
"09/01/2016","14:29:00","10313","237","7.5","0.008","-0.12","88.4","85.5","87.2","59.4","59.3","59.3","0.60","0.50","0.55","0","0","4"
"09/01/2016","14:29:00","10463","241","7.0","0.005","-0.11","83.4","82.6","83.0","59.4","59.4","59.4","0.50","0.40","0.49","0","0","4"
"09/01/2016","14:29:00","10612","244","6.1","0.007","-0.13","83.1","81.5","82.4","59.4","59.3","59.3","0.50","0.40","0.47","0","0","4"
"09/01/2016","14:29:00","10762","254","6.1","0.007","-0.09","84.3","82.1","83.3","59.4","59.3","59.3","0.40","0.50","0.49","0","0","4"
"09/01/2016","14:29:00","10911","263","5.6","0.007","-0.02","85.3","83.9","84.6","59.3","59.3","59.3","0.40","0.50","0.42","0","0","4"
"09/01/2016","14:29:00","11061","277","5.9","0.009","-0.06","83.3","83.0","83.2","59.3","59.3","59.3","0.60","0.50","0.51","0","0","4"
"09/01/2016","14:29:00","11210","283","6.4","0.005","0.01","81.8","83.1","82.5","59.3","59.4","59.4","0.60","0.80","0.67","0","0","4"
"09/01/2016","14:29:00","11359","286","7.6","0.009","0.01","80.7","80.4","80.5","59.3","59.4","59.3","0.80","0.50","0.64","0","0","4"
"09/01/2016","14:29:00","11509","286","10.2","0.017","-0.10","81.1","78.4","79.9","59.3","59.3","59.3","0.90","0.60","0.74","0","0","4"
"09/01/2016","14:29:00","11658","286","13.1","0.019","-0.12","82.4","81.9","82.1","59.3","59.3","59.3","0.90","0.70","0.79","0","0","4"
"09/01/2016","14:29:00","11808","285","15.5","0.017","0.00","82.5","83.9","83.3","59.4","59.3","59.4","0.70","0.70","0.74","0","0","4"
"09/01/2016","14:29:00","11957","284","17.9","0.016","-0.03","81.8","81.9","81.9","59.3","59.4","59.4","0.80","0.80","0.77","0","0","4"
"09/01/2016","14:29:00","12107","284","19.4","0.010","-0.03","80.2","80.8","80.5","59.3","59.3","59.3","0.80","0.70","0.74","0","0","4"
"09/01/2016","14:29:00","12256","282","21.0","0.012","-0.06","79.8","79.5","79.7","59.3","59.3","59.3","0.80","0.90","0.86","0","0","4"
"09/01/2016","14:29:00","12406","280","22.7","0.013","-0.04","79.8","81.5","80.7","59.3","59.4","59.3","0.80","0.90","0.84","0","0","4"
"09/01/2016","14:29:00","12555","277","24.8","0.016","-0.06","79.8","81.5","80.7","59.3","59.3","59.3","0.80","1.00","0.93","0","0","4"
"09/01/2016","14:29:00","12705","276","26.6","0.012","-0.10","79.4","79.5","79.5","59.3","59.3","59.3","0.80","0.90","0.84","0","0","4"
"09/01/2016","14:29:00","12854","275","28.2","0.011","-0.06","77.8","76.0","77.0","59.3","59.3","59.3","0.70","0.90","0.79","0","0","4"
"09/01/2016","14:29:00","13003","276","29.6","0.010","0.00","73.1","70.9","72.1","59.3","59.3","59.3","0.90","0.70","0.79","0","0","4"
"09/01/2016","14:29:00","13153","274","30.0","0.010","-0.07","69.8","68.0","69.0","59.3","59.3","59.3","0.70","0.50","0.62","0","1","8"
"09/01/2016","14:29:00","13302","270","30.9","0.013","-0.09","68.1","66.8","67.5","59.3","59.3","59.3","0.70","0.50","0.60","0","2","8"
"09/01/2016","14:29:00","13452","268","33.7","0.020","-0.40","66.5","69.1","68.0","59.2","59.4","59.3","0.70","0.80","0.75","0","0","4"
"09/01/2016","14:29:00","13601","270","34.8","0.009","-0.07","67.1","67.1","67.1","59.3","59.3","59.3","0.80","0.50","0.64","0","0","4"
"09/01/2016","14:29:00","13751","266","33.4","0.016","-0.19","63.9","68.2","66.5","59.3","59.4","59.3","0.30","0.60","0.44","2","0","8"
"09/01/2016","14:29:00","13900","268","33.9","0.006","-0.10","71.7","74.4","73.2","59.3","59.4","59.3","1.10","0.90","1.01","0","0","4"
"09/01/2016","14:29:00","14050","269","33.8","0.006","-0.07","77.2","81.6","79.9","59.3","59.5","59.4","1.10","1.00","1.06","0","0","4"
"09/01/2016","14:29:00","14199","271","33.5","0.007","-0.04","79.3","82.1","80.9","59.2","59.5","59.4","0.90","1.30","1.07","0","0","4"
"09/01/2016","14:29:00","14348","275","31.0","0.024","-0.17","79.5","79.7","79.6","59.2","59.5","59.4","1.20","1.70","1.43","0","0","4"
"09/01/2016","14:29:00","14498","279","28.5","0.022","-0.14","80.3","82.3","81.4","59.3","59.4","59.4","1.40","1.50","1.45","0","0","4"
"09/01/2016","14:29:00","14647","286","25.4","0.029","-0.09","81.1","83.0","82.1","59.2","59.5","59.3","1.30","2.10","1.71","0","0","4"
"09/01/2016","14:29:00","14797","291","23.0","0.021","-0.21","84.2","84.5","84.3","59.3","59.4","59.3","1.10","2.10","1.59","0","0","4"
"09/01/2016","14:29:00","14946","298","22.4","0.021","-0.16","85.8","86.5","86.1","59.2","59.3","59.3","0.90","1.90","1.42","0","0","4"
"09/01/2016","14:29:00","15096","306","22.2","0.021","-0.11","83.6","85.1","84.4","59.3","59.4","59.3","0.90","1.90","1.40","0","0","4"
"09/01/2016","14:29:00","15245","313","21.7","0.016","-0.08","79.7","82.0","81.0","59.2","59.4","59.3","1.30","1.90","1.59","0","0","4"
"09/01/2016","14:29:00","15395","319","18.3","0.027","-0.22","79.3","81.9","80.8","59.3","59.4","59.3","1.60","1.70","1.65","0","0","4"
"09/01/2016","14:29:00","15544","334","13.6","0.042","0.38","83.0","87.9","86.1","59.3","59.3","59.3","1.70","1.40","1.52","0","0","4"
"09/01/2016","14:29:00","15694","341","12.0","0.015","0.44","83.9","87.3","85.9","59.3","59.3","59.3","1.50","1.30","1.38","0","0","4"
"09/01/2016","14:29:00","15843","353","9.0","0.024","0.33","82.9","85.9","84.7","59.3","59.3","59.3","2.10","1.30","1.72","0","0","4"
"09/01/2016","14:29:00","15992","15","5.5","0.030","0.33","82.1","85.0","83.8","59.3","59.4","59.4","1.60","1.30","1.40","0","0","4"
"09/01/2016","14:29:00","16142","17","3.7","0.012","0.32","78.9","83.3","81.7","59.3","59.3","59.3","1.20","1.20","1.17","0","0","4"
"09/01/2016","14:29:00","16291","14","3.7","0.001","0.30","77.5","81.2","79.8","59.3","59.3","59.3","1.00","0.90","0.93","0","0","4"
"09/01/2016","14:29:00","16441","6","3.3","0.004","0.16","75.6","76.4","76.0","59.3","59.4","59.3","0.80","1.00","0.90","0","0","4"
"09/01/2016","14:29:00","16590","30","1.2","0.015","0.09","72.9","75.3","74.3","59.3","59.3","59.3","0.70","0.80","0.77","0","0","4"
"09/01/2016","14:29:00","16740","15","0.2","0.007","0.12","73.9","72.6","73.3","59.3","59.3","59.3","0.70","0.80","0.77","0","0","4"
"09/01/2016","14:29:00","16889","339","2.5","0.016","-0.04","71.1","71.8","71.5","59.3","59.4","59.3","0.60","1.20","0.91","0","0","4"
"09/01/2016","14:29:00","17039","358","3.1","0.007","0.03","75.7","74.3","75.1","59.3","59.3","59.3","0.80","0.90","0.86","0","0","4"
"09/01/2016","14:29:00","17188","30","2.7","0.011","0.02","75.5","71.8","74.1","59.3","59.3","59.3","1.10","0.80","0.93","0","0","4"
"09/01/2016","14:29:00","17338","20","2.3","0.004","-0.25","73.7","70.8","72.5","59.3","59.3","59.3","0.90","0.60","0.77","0","0","4"
"09/01/2016","14:29:00","17487","4","2.1","0.004","-0.15","74.0","73.3","73.7","59.3","59.3","59.3","0.60","0.50","0.55","0","0","4"
"09/01/2016","14:29:00","17636","19","3.0","0.007","-0.09","72.6","71.7","72.2","59.3","59.3","59.3","0.60","0.90","0.73","0","0","4"
"09/01/2016","14:29:00","17786","22","4.4","0.010","-0.09","74.9","68.4","72.8","59.3","59.3","59.3","0.70","0.60","0.67","1","0","8"
"09/01/2016","14:29:00","17935","31","3.3","0.008","-0.02","73.4","71.3","72.5","59.3","59.3","59.3","0.70","1.20","0.94","0","0","4"
"09/01/2016","14:29:00","18085","49","2.9","0.007","0.29","69.5","64.8","67.7","59.3","59.3","59.3","1.00","0.40","0.74","0","2","8"
"09/01/2016","14:29:00","18234","60","3.2","0.004","0.22","69.5","67.2","68.5","59.3","59.3","59.3","0.70","0.70","0.69","3","3","8"
"09/01/2016","14:29:00","18384","87","4.7","0.016","0.26","77.1","73.8","75.8","59.3","59.4","59.3","1.20","0.80","0.99","0","0","4"
"09/01/2016","14:29:00","18533","99","5.1","0.007","0.28","76.7","76.1","76.4","59.3","59.3","59.3","1.00","1.00","0.98","0","0","4"
"09/01/2016","14:29:00","18683","121","7.7","0.024","-0.05","72.4","73.0","72.7","59.3","59.3","59.3","0.90","0.80","0.88","0","0","4"
"09/01/2016","14:29:00","18832","127","8.6","0.009","-0.35","69.7","70.7","70.2","59.3","59.3","59.3","1.50","0.70","1.14","0","0","4"
"09/01/2016","14:29:00","18981","103","3.6","0.037","0.35","68.8","71.3","70.2","59.3","59.3","59.3","0.60","0.70","0.65","0","5","4"
"09/01/2016","14:29:00","19131","106","4.6","0.007","-0.14","65.2","70.2","68.4","59.2","59.3","59.3","0.40","0.50","0.47","1","0","8"
"09/01/2016","14:29:00","19280","80","4.6","0.014","-0.20","64.6","64.7","64.7","59.3","59.3","59.3","0.40","0.30","0.36","1","2","8"
"09/01/2016","14:29:00","19430","72","10.7","0.042","-0.26","69.3","69.4","69.4","59.3","59.3","59.3","0.70","0.70","0.69","3","1","8"
"09/01/2016","14:34:00","1795","185","15.3","0.000","0.05","121.1","120.5","120.8","57.1","57.2","57.2","0.60","0.50","0.55","0","0","4"
"09/01/2016","14:34:00","1944","187","15.0","0.004","0.00","119.1","118.8","119.0","57.1","57.1","57.1","0.70","0.50","0.58","0","0","4"
"09/01/2016","14:34:00","2093","185","15.5","0.005","-0.01","122.1","121.3","121.7","56.7","56.7","56.7","0.70","0.50","0.62","0","0","4"
"09/01/2016","14:34:00","2243","185","15.3","0.001","0.06","125.4","124.9","125.1","57.1","57.2","57.2","0.60","0.50","0.57","0","0","4"
"09/01/2016","14:34:00","2392","189","14.6","0.008","-0.01","125.6","124.7","125.2","58.1","58.1","58.1","0.60","0.50","0.53","0","0","4"
"09/01/2016","14:34:00","2542","192","14.3","0.005","-0.02","125.0","127.7","126.5","58.5","58.6","58.6","0.50","0.50","0.51","0","0","4"
"09/01/2016","14:34:00","2691","194","14.9","0.006","0.00","125.4","125.9","125.7","59.3","59.4","59.4","0.50","0.50","0.49","0","0","4"
"09/01/2016","14:34:00","2841","196","14.0","0.006","0.00","124.8","126.6","125.8","59.5","59.6","59.6","0.60","0.60","0.59","0","0","4"
"09/01/2016","14:34:00","2990","197","12.6","0.010","-0.01","125.9","126.3","126.1","59.4","59.6","59.5","0.40","0.50","0.48","0","0","4"
"09/01/2016","14:34:00","3140","198","12.4","0.002","0.00","130.1","127.9","129.1","59.6","59.5","59.6","0.40","0.40","0.42","0","0","4"
"09/01/2016","14:34:00","3289","199","12.7","0.002","0.01","128.4","125.5","127.2","59.5","59.5","59.5","0.40","0.40","0.43","0","0","4"
"09/01/2016","14:34:00","3439","202","13.5","0.007","0.04","124.6","123.7","124.2","59.4","59.4","59.4","0.50","0.40","0.45","0","0","4"
"09/01/2016","14:34:00","3588","203","13.8","0.003","0.07","126.1","125.3","125.7","59.4","59.5","59.4","0.40","0.50","0.46","0","0","4"
"09/01/2016","14:34:00","3737","203","14.6","0.005","0.06","121.8","120.8","121.3","59.4","59.4","59.4","0.40","0.50","0.48","0","0","4"
"09/01/2016","14:34:00","3887","205","14.3","0.004","0.08","117.2","116.8","117.0","59.4","59.5","59.5","0.50","0.50","0.49","0","0","4"
"09/01/2016","14:34:00","4036","207","14.4","0.003","0.08","116.8","116.0","116.4","59.4","59.4","59.4","0.50","0.50","0.51","0","0","4"
"09/01/2016","14:34:00","4186","208","14.3","0.002","0.05","117.6","117.3","117.5","59.4","59.4","59.4","0.50","0.50","0.51","0","0","4"
"09/01/2016","14:34:00","4335","208","14.8","0.004","0.06","114.3","115.2","114.8","59.3","59.4","59.4","0.50","0.50","0.49","0","0","4"
"09/01/2016","14:34:00","4485","210","14.6","0.004","0.04","112.1","112.9","112.5","59.3","59.4","59.3","0.60","0.50","0.54","0","0","4"
"09/01/2016","14:34:00","4634","211","14.7","0.002","0.05","115.2","116.8","116.1","59.4","59.4","59.4","0.50","0.40","0.47","0","0","4"
"09/01/2016","14:34:00","4784","211","14.5","0.001","0.02","116.7","115.8","116.2","59.3","59.4","59.4","0.50","0.50","0.51","0","0","4"
"09/01/2016","14:34:00","4933","214","14.9","0.006","-0.06","115.9","114.8","115.3","59.3","59.3","59.3","0.60","0.50","0.52","0","0","4"
"09/01/2016","14:34:00","5083","215","15.4","0.004","-0.05","118.2","114.3","116.7","59.3","59.4","59.3","0.50","0.50","0.51","0","0","4"
"09/01/2016","14:34:00","5232","215","14.7","0.005","-0.09","119.5","116.1","118.1","59.4","59.4","59.4","0.60","0.50","0.55","0","0","4"
"09/01/2016","14:34:00","5381","213","14.6","0.004","-0.02","122.9","120.6","121.9","59.3","59.4","59.3","0.50","0.50","0.50","0","0","4"
"09/01/2016","14:34:00","5531","214","14.5","0.003","-0.02","120.4","118.0","119.4","59.3","59.4","59.3","0.60","0.50","0.57","0","0","4"
"09/01/2016","14:34:00","5680","213","13.6","0.006","0.02","119.8","117.4","118.7","59.3","59.3","59.3","0.50","0.60","0.52","0","0","4"
"09/01/2016","14:34:00","5830","212","13.2","0.003","0.06","117.3","114.9","116.3","59.4","59.3","59.4","0.50","0.70","0.56","0","0","4"
"09/01/2016","14:34:00","5979","213","11.7","0.010","0.10","112.4","110.1","111.4","59.4","59.4","59.4","0.50","0.80","0.67","0","0","4"
"09/01/2016","14:34:00","6129","210","10.1","0.011","0.07","112.0","108.5","110.6","59.4","59.4","59.4","0.60","0.90","0.72","0","0","4"
"09/01/2016","14:34:00","6278","203","8.9","0.011","0.11","109.2","106.3","108.0","59.4","59.4","59.4","0.40","0.80","0.58","0","0","4"
"09/01/2016","14:34:00","6428","197","8.3","0.008","0.09","106.0","107.2","106.6","59.3","59.3","59.3","0.40","0.50","0.45","0","0","4"
"09/01/2016","14:34:00","6577","190","8.1","0.006","0.11","104.9","106.6","105.8","59.3","59.4","59.3","0.50","0.60","0.52","0","0","4"
"09/01/2016","14:34:00","6726","185","7.0","0.009","0.09","104.3","107.2","106.0","59.3","59.3","59.3","0.50","0.50","0.50","0","0","4"
"09/01/2016","14:34:00","6876","185","6.8","0.001","-0.02","101.8","104.8","103.5","59.4","59.3","59.3","0.60","0.40","0.52","0","0","4"
"09/01/2016","14:34:00","7025","184","7.3","0.003","-0.06","103.0","101.7","102.4","59.4","59.3","59.3","0.70","0.50","0.63","0","0","4"
"09/01/2016","14:34:00","7175","197","6.9","0.011","0.03","102.5","102.9","102.7","59.3","59.3","59.3","0.90","0.70","0.80","0","0","4"
"09/01/2016","14:34:00","7324","202","6.0","0.007","0.11","103.7","103.2","103.5","59.3","59.4","59.3","0.70","0.70","0.70","0","0","4"
"09/01/2016","14:34:00","7474","210","5.9","0.006","0.02","100.0","101.0","100.5","59.3","59.4","59.3","0.90","0.90","0.92","0","0","4"
"09/01/2016","14:34:00","7623","221","4.9","0.009","-0.17","99.7","100.1","99.9","59.3","59.3","59.3","1.10","1.20","1.12","0","0","4"
"09/01/2016","14:34:00","7773","235","4.9","0.008","-0.17","101.3","102.7","102.1","59.3","59.3","59.3","1.00","1.00","0.96","0","0","4"
"09/01/2016","14:34:00","7922","233","4.8","0.002","-0.13","105.2","107.7","106.6","59.3","59.3","59.3","0.80","0.60","0.72","0","0","4"
"09/01/2016","14:34:00","8072","223","4.5","0.006","-0.08","106.3","107.9","107.2","59.3","59.3","59.3","0.70","0.50","0.63","0","0","4"
"09/01/2016","14:34:00","8221","209","4.5","0.007","0.03","101.5","101.6","101.6","59.3","59.3","59.3","0.60","0.50","0.58","0","0","4"
"09/01/2016","14:34:00","8370","208","5.2","0.005","-0.04","103.0","102.2","102.6","59.3","59.3","59.3","0.50","0.70","0.58","0","0","4"
"09/01/2016","14:34:00","8520","209","6.5","0.009","-0.05","99.5","99.7","99.6","59.3","59.3","59.3","0.50","0.60","0.57","0","0","4"
"09/01/2016","14:34:00","8669","207","7.3","0.005","-0.02","94.7","95.8","95.3","59.3","59.2","59.3","0.50","0.50","0.47","0","0","4"
"09/01/2016","14:34:00","8819","206","8.1","0.005","-0.04","94.0","95.0","94.5","59.2","59.3","59.3","0.50","0.50","0.46","0","0","4"
"09/01/2016","14:34:00","8968","206","8.5","0.003","0.00","93.6","91.5","92.7","59.3","59.2","59.3","0.40","0.40","0.42","0","0","4"
"09/01/2016","14:34:00","9118","205","8.8","0.002","0.04","92.9","93.0","92.9","59.3","59.2","59.2","0.40","0.40","0.43","0","0","4"
"09/01/2016","14:34:00","9267","202","8.8","0.003","0.08","93.2","93.9","93.6","59.3","59.2","59.3","0.40","0.50","0.45","0","0","4"
"09/01/2016","14:34:00","9417","197","8.7","0.006","0.00","89.4","90.8","90.2","59.3","59.3","59.3","0.40","0.40","0.44","0","0","4"
"09/01/2016","14:34:00","9566","193","9.4","0.005","-0.02","87.5","84.7","86.3","59.2","59.2","59.2","0.40","0.40","0.42","0","0","4"
"09/01/2016","14:34:00","9715","195","9.6","0.002","-0.02","85.6","83.3","84.6","59.2","59.2","59.2","0.50","0.40","0.45","0","0","4"
"09/01/2016","14:34:00","9865","205","9.2","0.011","-0.03","84.5","83.5","84.0","59.2","59.3","59.2","0.80","0.40","0.60","0","0","4"
"09/01/2016","14:34:00","10014","214","9.1","0.011","-0.10","85.1","83.5","84.3","59.3","59.3","59.3","0.90","0.40","0.65","0","0","4"
"09/01/2016","14:34:00","10164","231","8.2","0.017","-0.07","88.3","84.1","86.7","59.3","59.3","59.3","0.70","0.60","0.64","0","0","4"
"09/01/2016","14:34:00","10313","236","7.4","0.007","-0.10","88.0","86.8","87.5","59.2","59.2","59.2","0.50","0.40","0.48","0","0","4"
"09/01/2016","14:34:00","10463","242","7.0","0.005","-0.10","84.1","83.6","83.9","59.2","59.3","59.3","0.50","0.40","0.48","0","0","4"
"09/01/2016","14:34:00","10612","245","6.1","0.006","-0.13","82.8","80.2","81.7","59.3","59.3","59.3","0.50","0.40","0.43","0","0","4"
"09/01/2016","14:34:00","10762","254","6.1","0.006","-0.03","82.3","81.5","81.9","59.3","59.2","59.3","0.50","0.50","0.50","0","0","4"
"09/01/2016","14:34:00","10911","263","5.7","0.006","-0.03","83.6","82.8","83.2","59.2","59.3","59.2","0.50","0.50","0.47","0","0","4"
"09/01/2016","14:34:00","11061","277","6.0","0.010","-0.05","84.1","80.6","82.7","59.2","59.3","59.2","0.50","0.50","0.50","0","0","4"
"09/01/2016","14:34:00","11210","280","6.4","0.003","-0.10","83.0","79.2","81.5","59.3","59.3","59.3","0.50","0.60","0.54","0","0","4"
"09/01/2016","14:34:00","11359","280","8.0","0.011","-0.15","80.5","76.2","78.9","59.2","59.3","59.3","0.90","0.70","0.80","0","0","4"
"09/01/2016","14:34:00","11509","284","10.5","0.017","-0.08","81.5","79.5","80.6","59.3","59.4","59.3","0.90","0.80","0.86","0","0","4"
"09/01/2016","14:34:00","11658","285","13.0","0.017","-0.12","83.5","85.4","84.5","59.2","59.4","59.3","0.80","0.70","0.78","0","0","4"
"09/01/2016","14:34:00","11808","283","15.5","0.017","-0.06","82.4","86.1","84.7","59.3","59.4","59.3","0.70","0.90","0.80","0","0","4"
"09/01/2016","14:34:00","11957","283","17.9","0.016","-0.05","80.5","83.7","82.4","59.3","59.6","59.5","0.80","0.80","0.79","0","0","4"
"09/01/2016","14:34:00","12107","284","19.3","0.009","-0.05","80.1","80.9","80.6","59.2","59.7","59.5","0.70","0.70","0.73","0","0","4"
"09/01/2016","14:34:00","12256","281","20.6","0.010","-0.05","81.0","80.3","80.7","59.2","59.7","59.5","0.80","0.90","0.87","0","0","4"
"09/01/2016","14:34:00","12406","279","22.3","0.013","-0.05","80.5","81.5","81.0","59.2","59.8","59.5","0.90","1.00","0.94","0","0","4"
"09/01/2016","14:34:00","12555","277","25.2","0.020","-0.11","79.5","81.4","80.5","59.2","59.6","59.4","0.90","0.90","0.90","0","0","4"
"09/01/2016","14:34:00","12705","276","26.5","0.009","-0.10","80.2","77.9","79.2","59.2","59.5","59.4","0.90","0.90","0.87","0","0","4"
"09/01/2016","14:34:00","12854","275","27.7","0.009","-0.16","76.5","75.6","76.1","59.2","59.4","59.3","0.90","1.00","0.95","0","0","4"
"09/01/2016","14:34:00","13003","271","29.0","0.016","-0.33","72.1","70.4","71.3","59.2","59.4","59.3","0.90","0.80","0.87","0","0","4"
"09/01/2016","14:34:00","13153","273","29.9","0.010","-0.07","70.0","69.0","69.5","59.2","59.3","59.3","0.70","0.60","0.65","0","2","8"
"09/01/2016","14:34:00","13302","271","32.0","0.017","-0.18","69.9","70.5","70.2","59.2","59.3","59.3","0.80","1.10","0.95","0","0","4"
"09/01/2016","14:34:00","13452","269","34.3","0.017","-0.11","68.1","69.7","69.0","59.2","59.3","59.3","0.70","0.80","0.75","0","0","4"
"09/01/2016","14:34:00","13601","269","33.1","0.009","-0.35","70.1","67.8","69.1","59.3","59.3","59.3","0.80","0.60","0.70","0","0","4"
"09/01/2016","14:34:00","13751","267","34.5","0.013","-0.36","64.7","68.7","67.2","59.3","59.4","59.3","0.50","0.60","0.56","3","0","8"
"09/01/2016","14:34:00","13900","267","34.0","0.003","-0.23","71.7","71.3","71.5","59.3","59.4","59.3","0.70","0.80","0.75","1","0","8"
"09/01/2016","14:34:00","14050","270","34.0","0.010","-0.06","77.7","80.7","79.4","59.4","59.5","59.4","1.00","1.10","1.07","0","0","4"
"09/01/2016","14:34:00","14199","271","33.6","0.005","-0.10","79.7","83.0","81.7","59.3","59.5","59.4","0.90","1.40","1.14","0","0","4"
"09/01/2016","14:34:00","14348","273","32.4","0.012","-0.13","80.5","80.2","80.4","59.4","59.4","59.4","1.10","1.70","1.44","0","0","4"
"09/01/2016","14:34:00","14498","278","29.0","0.029","-0.18","81.4","80.4","80.9","59.5","59.4","59.4","1.30","1.40","1.39","0","0","4"
"09/01/2016","14:34:00","14647","282","26.6","0.020","-0.14","81.2","82.1","81.7","59.5","59.5","59.5","1.40","1.80","1.63","0","0","4"
"09/01/2016","14:34:00","14797","290","23.3","0.033","-0.05","84.2","83.3","83.7","59.4","59.4","59.4","1.30","2.10","1.69","0","0","4"
"09/01/2016","14:34:00","14946","299","22.0","0.025","-0.05","85.8","85.3","85.5","59.4","59.4","59.4","1.10","1.80","1.42","0","0","4"
"09/01/2016","14:34:00","15096","307","21.8","0.020","-0.05","83.6","84.6","84.1","59.4","59.4","59.4","1.00","1.80","1.39","0","0","4"
"09/01/2016","14:34:00","15245","312","22.0","0.015","0.07","80.7","81.7","81.2","59.3","59.4","59.3","0.90","1.50","1.17","0","0","4"
"09/01/2016","14:34:00","15395","319","18.9","0.027","-0.02","81.5","81.5","81.5","59.3","59.3","59.3","1.70","1.80","1.75","0","0","4"
"09/01/2016","14:34:00","15544","334","14.2","0.042","0.46","84.7","87.8","86.5","59.2","59.3","59.3","1.80","1.30","1.55","0","0","4"
"09/01/2016","14:34:00","15694","342","12.1","0.019","0.54","85.9","87.8","86.9","59.3","59.3","59.3","1.60","1.20","1.40","0","0","4"
"09/01/2016","14:34:00","15843","352","9.8","0.020","0.34","84.5","87.1","86.0","59.3","59.3","59.3","1.80","1.50","1.61","0","0","4"
"09/01/2016","14:34:00","15992","7","6.3","0.027","0.29","82.3","86.0","84.5","59.3","59.4","59.3","1.80","1.30","1.58","0","0","4"
"09/01/2016","14:34:00","16142","29","4.1","0.020","0.40","82.3","85.1","83.9","59.3","59.3","59.3","1.10","1.10","1.10","0","0","4"
"09/01/2016","14:34:00","16291","17","3.8","0.006","0.41","78.0","81.0","79.7","59.2","59.3","59.3","0.60","1.00","0.80","0","0","4"
"09/01/2016","14:34:00","16441","14","2.9","0.006","0.34","75.8","76.5","76.1","59.3","59.3","59.3","0.70","1.20","0.94","0","0","4"
"09/01/2016","14:34:00","16590","32","1.4","0.011","0.09","72.9","76.2","74.9","59.3","59.3","59.3","0.60","1.00","0.82","0","0","4"
"09/01/2016","14:34:00","16740","118","0.2","0.009","0.19","75.0","74.6","74.8","59.3","59.3","59.3","0.70","0.70","0.73","0","0","4"
"09/01/2016","14:34:00","16889","352","1.1","0.008","0.11","74.3","71.5","73.1","59.3","59.3","59.3","0.90","0.90","0.92","0","0","4"
"09/01/2016","14:34:00","17039","19","3.1","0.015","0.16","76.8","74.1","75.7","59.3","59.2","59.3","0.90","0.60","0.76","0","0","4"
"09/01/2016","14:34:00","17188","35","2.1","0.008","0.10","77.7","71.6","75.7","59.3","59.2","59.3","1.00","1.00","1.02","0","0","4"
"09/01/2016","14:34:00","17338","18","1.8","0.005","-0.09","74.1","70.8","72.7","59.3","59.3","59.3","0.90","0.80","0.87","0","0","4"
"09/01/2016","14:34:00","17487","21","2.9","0.007","-0.05","70.4","72.2","71.4","59.3","59.3","59.3","0.70","0.90","0.81","0","0","4"
"09/01/2016","14:34:00","17636","38","3.5","0.008","0.04","72.5","71.4","72.0","59.3","59.2","59.2","0.60","0.60","0.60","0","0","4"
"09/01/2016","14:34:00","17786","42","3.8","0.003","0.09","74.4","67.6","72.2","59.3","59.3","59.3","0.50","0.40","0.47","0","0","4"
"09/01/2016","14:34:00","17935","56","3.9","0.006","0.15","74.6","71.3","73.3","59.3","59.2","59.3","0.70","1.40","1.02","0","0","4"
"09/01/2016","14:34:00","18085","46","5.4","0.011","-0.09","69.7","65.7","68.1","59.3","59.3","59.3","0.90","0.40","0.64","0","1","8"
"09/01/2016","14:34:00","18234","68","4.9","0.013","0.22","71.4","68.9","70.3","59.3","59.2","59.3","0.80","0.90","0.85","0","0","4"
"09/01/2016","14:34:00","18384","83","6.4","0.014","0.48","75.9","73.4","74.8","59.3","59.3","59.3","0.70","0.60","0.61","0","0","4"
"09/01/2016","14:34:00","18533","90","5.7","0.007","0.33","76.4","76.6","76.5","59.3","59.3","59.3","1.10","1.00","1.04","0","0","4"
"09/01/2016","14:34:00","18683","97","5.4","0.005","0.39","71.6","72.5","72.1","59.3","59.3","59.3","0.80","0.60","0.75","0","0","4"
"09/01/2016","14:34:00","18832","126","7.2","0.024","-0.30","68.1","68.5","68.3","59.3","59.3","59.3","0.60","0.60","0.61","0","0","4"
"09/01/2016","14:34:00","18981","82","6.4","0.034","0.43","68.7","69.3","69.0","59.3","59.3","59.3","0.60","0.80","0.72","0","0","4"
"09/01/2016","14:34:00","19131","109","6.5","0.020","-0.33","66.6","68.1","67.4","59.2","59.3","59.3","1.20","0.60","0.90","0","0","4"
"09/01/2016","14:34:00","19280","95","7.3","0.013","-0.71","65.6","66.4","66.0","59.3","59.3","59.3","0.40","1.00","0.71","2","3","8"
"09/01/2016","14:34:00","19430","70","10.9","0.035","-0.01","71.1","68.9","70.1","59.3","59.3","59.3","0.90","0.60","0.77","0","0","4"
"09/01/2016","14:39:00","1795","186","14.9","0.000","0.02","119.7","120.9","120.4","57.1","57.2","57.2","0.60","0.50","0.55","0","0","4"
"09/01/2016","14:39:00","1944","188","14.9","0.004","-0.01","118.2","118.3","118.3","57.1","57.2","57.1","0.70","0.50","0.59","0","0","4"
"09/01/2016","14:39:00","2093","185","15.3","0.006","0.00","121.5","122.1","121.8","56.7","56.9","56.8","0.70","0.50","0.56","0","0","4"
"09/01/2016","14:39:00","2243","186","15.2","0.001","0.05","122.6","125.4","124.2","57.1","57.4","57.3","0.60","0.50","0.56","0","0","4"
"09/01/2016","14:39:00","2392","189","14.4","0.007","0.00","125.8","124.9","125.4","58.0","58.2","58.1","0.60","0.50","0.52","0","0","4"
"09/01/2016","14:39:00","2542","192","14.3","0.005","-0.06","124.1","127.5","126.1","58.6","58.8","58.7","0.60","0.50","0.53","0","0","4"
"09/01/2016","14:39:00","2691","194","14.8","0.006","0.00","124.6","126.0","125.4","59.3","59.5","59.4","0.50","0.50","0.49","0","0","4"
"09/01/2016","14:39:00","2841","196","14.1","0.005","-0.02","124.3","126.6","125.6","59.5","59.7","59.6","0.60","0.60","0.61","0","0","4"
"09/01/2016","14:39:00","2990","197","12.5","0.010","-0.04","124.7","126.3","125.6","59.4","59.6","59.5","0.50","0.50","0.50","0","0","4"
"09/01/2016","14:39:00","3140","198","12.4","0.003","-0.03","130.8","129.1","130.0","59.5","59.6","59.6","0.40","0.40","0.41","0","0","4"
"09/01/2016","14:39:00","3289","199","12.7","0.002","-0.02","129.0","126.2","127.8","59.5","59.5","59.5","0.40","0.40","0.40","0","0","4"
"09/01/2016","14:39:00","3439","201","13.2","0.004","-0.04","124.9","123.4","124.2","59.3","59.4","59.4","0.40","0.40","0.43","0","0","4"
"09/01/2016","14:39:00","3588","204","13.6","0.004","-0.01","128.1","124.6","126.7","59.4","59.5","59.4","0.40","0.50","0.47","0","0","4"
"09/01/2016","14:39:00","3737","204","14.3","0.005","-0.03","124.0","120.4","122.6","59.4","59.4","59.4","0.40","0.50","0.47","0","0","4"
"09/01/2016","14:39:00","3887","205","14.2","0.002","0.03","117.5","117.1","117.3","59.4","59.4","59.4","0.50","0.50","0.52","0","0","4"
"09/01/2016","14:39:00","4036","208","13.9","0.005","0.01","117.6","116.4","117.1","59.4","59.4","59.4","0.50","0.50","0.48","0","0","4"
"09/01/2016","14:39:00","4186","209","14.1","0.002","0.09","119.1","118.1","118.6","59.4","59.4","59.4","0.50","0.50","0.50","0","0","4"
"09/01/2016","14:39:00","4335","211","14.5","0.005","0.08","116.4","117.6","117.0","59.3","59.3","59.3","0.60","0.40","0.49","0","0","4"
"09/01/2016","14:39:00","4485","212","14.2","0.003","0.05","113.5","113.6","113.6","59.3","59.4","59.3","0.60","0.50","0.59","0","0","4"
"09/01/2016","14:39:00","4634","213","14.3","0.001","0.06","117.0","116.0","116.5","59.3","59.3","59.3","0.50","0.40","0.47","0","0","4"
"09/01/2016","14:39:00","4784","212","14.0","0.003","0.03","116.9","116.4","116.7","59.4","59.4","59.4","0.60","0.50","0.53","0","0","4"
"09/01/2016","14:39:00","4933","214","14.7","0.005","-0.07","116.2","113.9","115.2","59.4","59.3","59.3","0.60","0.50","0.53","0","0","4"
"09/01/2016","14:39:00","5083","215","15.2","0.004","-0.03","116.5","113.5","115.3","59.3","59.3","59.3","0.50","0.50","0.52","0","0","4"
"09/01/2016","14:39:00","5232","214","14.8","0.003","-0.07","117.5","115.9","116.8","59.4","59.3","59.4","0.60","0.60","0.58","0","0","4"
"09/01/2016","14:39:00","5381","212","14.5","0.005","-0.04","121.7","121.7","121.7","59.3","59.3","59.3","0.50","0.50","0.46","0","0","4"
"09/01/2016","14:39:00","5531","212","14.5","0.001","0.02","120.1","118.6","119.4","59.3","59.3","59.3","0.50","0.50","0.50","0","0","4"
"09/01/2016","14:39:00","5680","213","13.7","0.005","0.05","119.6","117.9","118.8","59.3","59.3","59.3","0.50","0.50","0.51","0","0","4"
"09/01/2016","14:39:00","5830","212","13.2","0.003","0.04","116.9","115.2","116.2","59.3","59.3","59.3","0.40","0.60","0.54","0","0","4"
"09/01/2016","14:39:00","5979","212","11.6","0.011","0.03","112.8","110.0","111.7","59.4","59.3","59.4","0.50","0.90","0.66","0","0","4"
"09/01/2016","14:39:00","6129","209","10.2","0.010","0.00","112.5","109.2","111.2","59.4","59.4","59.4","0.40","0.80","0.57","0","0","4"
"09/01/2016","14:39:00","6278","204","8.9","0.011","0.06","108.4","106.5","107.5","59.4","59.3","59.4","0.40","0.80","0.62","0","0","4"
"09/01/2016","14:39:00","6428","199","8.0","0.008","0.06","108.5","109.0","108.7","59.3","59.3","59.3","0.40","0.40","0.42","0","0","4"
"09/01/2016","14:39:00","6577","192","7.9","0.006","0.01","106.4","106.8","106.6","59.3","59.3","59.3","0.40","0.60","0.49","0","0","4"
"09/01/2016","14:39:00","6726","186","7.0","0.008","0.02","105.1","106.4","105.8","59.3","59.3","59.3","0.40","0.50","0.47","0","0","4"
"09/01/2016","14:39:00","6876","184","6.9","0.002","-0.04","103.9","104.3","104.1","59.4","59.2","59.3","0.50","0.50","0.50","0","0","4"
"09/01/2016","14:39:00","7025","185","7.7","0.005","-0.03","101.9","100.4","101.2","59.3","59.3","59.3","0.60","0.60","0.57","0","0","4"
"09/01/2016","14:39:00","7175","191","7.3","0.005","0.02","100.3","101.6","101.0","59.3","59.3","59.3","0.80","0.60","0.69","0","0","4"
"09/01/2016","14:39:00","7324","200","6.2","0.010","0.02","101.1","102.6","101.9","59.3","59.3","59.3","0.80","0.70","0.75","0","0","4"
"09/01/2016","14:39:00","7474","209","5.7","0.007","0.02","101.4","101.4","101.4","59.3","59.3","59.3","0.80","0.90","0.85","0","0","4"
"09/01/2016","14:39:00","7623","224","4.4","0.012","-0.15","101.0","101.2","101.1","59.3","59.3","59.3","0.90","1.20","1.05","0","0","4"
"09/01/2016","14:39:00","7773","238","4.8","0.008","-0.16","102.8","103.9","103.3","59.2","59.2","59.2","0.90","0.90","0.90","0","0","4"
"09/01/2016","14:39:00","7922","236","4.6","0.002","-0.08","105.4","108.1","106.9","59.3","59.2","59.3","0.80","0.60","0.70","0","0","4"
"09/01/2016","14:39:00","8072","222","4.4","0.007","-0.08","106.1","107.9","107.1","59.3","59.2","59.3","0.70","0.50","0.61","0","0","4"
"09/01/2016","14:39:00","8221","209","4.3","0.007","0.01","101.2","101.9","101.6","59.2","59.2","59.2","0.70","0.50","0.58","0","0","4"
"09/01/2016","14:39:00","8370","207","5.3","0.007","-0.02","101.1","101.9","101.5","59.3","59.3","59.3","0.60","0.70","0.61","0","0","4"
"09/01/2016","14:39:00","8520","207","6.7","0.010","0.01","99.1","99.7","99.4","59.3","59.2","59.3","0.50","0.60","0.54","0","0","4"
"09/01/2016","14:39:00","8669","205","7.3","0.004","0.04","94.6","93.6","94.1","59.2","59.2","59.2","0.40","0.50","0.47","0","0","4"
"09/01/2016","14:39:00","8819","204","8.2","0.006","0.01","93.2","94.8","94.1","59.3","59.2","59.3","0.40","0.40","0.41","0","0","4"
"09/01/2016","14:39:00","8968","205","8.6","0.002","0.03","93.4","93.4","93.4","59.3","59.2","59.2","0.30","0.30","0.34","0","0","4"
"09/01/2016","14:39:00","9118","206","8.7","0.001","0.02","92.4","92.4","92.4","59.2","59.2","59.2","0.40","0.40","0.42","0","0","4"
"09/01/2016","14:39:00","9267","203","8.5","0.003","0.05","90.6","91.5","91.1","59.3","59.2","59.2","0.40","0.50","0.42","0","0","4"
"09/01/2016","14:39:00","9417","199","8.8","0.005","0.02","87.4","89.2","88.4","59.3","59.2","59.2","0.50","0.40","0.41","0","0","4"
"09/01/2016","14:39:00","9566","194","9.4","0.007","-0.01","86.0","83.8","85.1","59.2","59.2","59.2","0.40","0.40","0.40","0","0","4"
"09/01/2016","14:39:00","9715","197","9.6","0.003","-0.04","84.4","83.3","83.9","59.2","59.2","59.2","0.70","0.40","0.58","0","0","4"
"09/01/2016","14:39:00","9865","205","9.1","0.009","0.01","83.2","83.6","83.4","59.2","59.2","59.2","1.00","0.40","0.71","0","0","4"
"09/01/2016","14:39:00","10014","216","8.9","0.012","-0.11","84.2","82.9","83.6","59.2","59.2","59.2","0.90","0.40","0.67","0","0","4"
"09/01/2016","14:39:00","10164","232","8.2","0.016","-0.05","88.5","84.5","87.0","59.2","59.3","59.2","0.60","0.60","0.60","0","0","4"
"09/01/2016","14:39:00","10313","236","7.5","0.006","-0.09","90.1","87.2","88.8","59.2","59.2","59.2","0.50","0.50","0.51","0","0","4"
"09/01/2016","14:39:00","10463","246","7.0","0.009","-0.05","85.7","83.6","84.8","59.2","59.2","59.2","0.50","0.50","0.50","0","0","4"
"09/01/2016","14:39:00","10612","251","6.3","0.006","-0.04","82.2","81.8","82.0","59.2","59.3","59.2","0.40","0.40","0.40","0","0","4"
"09/01/2016","14:39:00","10762","256","6.1","0.004","-0.02","80.8","81.2","81.0","59.3","59.2","59.2","0.40","0.50","0.48","0","0","4"
"09/01/2016","14:39:00","10911","265","5.9","0.007","-0.05","80.3","81.2","80.7","59.2","59.2","59.2","0.60","0.50","0.58","0","0","4"
"09/01/2016","14:39:00","11061","279","5.9","0.009","-0.09","84.4","79.1","82.5","59.2","59.2","59.2","0.50","0.60","0.54","0","0","4"
"09/01/2016","14:39:00","11210","279","6.5","0.004","-0.14","83.0","79.4","81.6","59.3","59.3","59.3","0.50","0.60","0.54","0","0","4"
"09/01/2016","14:39:00","11359","277","8.5","0.013","-0.24","78.5","79.6","79.1","59.2","59.3","59.3","1.00","0.70","0.81","0","0","4"
"09/01/2016","14:39:00","11509","283","10.8","0.017","-0.09","82.3","85.9","84.5","59.2","59.3","59.3","0.80","0.60","0.72","0","0","4"
"09/01/2016","14:39:00","11658","286","12.8","0.014","-0.10","84.9","87.1","86.2","59.2","59.3","59.3","0.70","0.80","0.71","0","0","4"
"09/01/2016","14:39:00","11808","282","15.4","0.018","-0.03","84.6","86.9","85.9","59.3","59.4","59.3","0.60","0.80","0.72","0","0","4"
"09/01/2016","14:39:00","11957","283","17.1","0.012","0.04","80.2","83.6","82.3","59.2","59.5","59.4","0.80","0.70","0.76","0","0","4"
"09/01/2016","14:39:00","12107","283","18.6","0.010","0.04","78.9","80.2","79.6","59.2","59.7","59.4","1.00","0.90","0.97","0","0","4"
"09/01/2016","14:39:00","12256","280","20.2","0.013","-0.03","81.3","81.1","81.2","59.2","59.7","59.4","0.80","1.00","0.88","0","0","4"
"09/01/2016","14:39:00","12406","278","22.0","0.013","-0.07","80.9","82.7","81.9","59.2","59.7","59.5","0.90","0.90","0.93","0","0","4"
"09/01/2016","14:39:00","12555","276","24.5","0.017","-0.10","80.4","81.5","81.0","59.2","59.6","59.4","0.90","1.00","0.93","0","0","4"
"09/01/2016","14:39:00","12705","276","26.1","0.011","-0.13","80.8","78.9","79.9","59.2","59.4","59.3","1.00","0.90","0.96","0","0","4"
"09/01/2016","14:39:00","12854","275","28.3","0.015","-0.20","76.0","77.1","76.6","59.2","59.3","59.3","0.90","1.00","0.92","0","0","4"
"09/01/2016","14:39:00","13003","273","29.5","0.010","-0.28","72.8","73.3","73.1","59.2","59.3","59.3","1.00","0.70","0.85","0","0","4"
"09/01/2016","14:39:00","13153","271","32.5","0.021","-0.02","70.1","72.1","71.2","59.2","59.2","59.2","0.70","0.90","0.82","0","0","4"
"09/01/2016","14:39:00","13302","271","33.2","0.005","-0.14","71.5","70.1","70.8","59.2","59.3","59.3","1.20","0.60","0.93","0","0","4"
"09/01/2016","14:39:00","13452","269","34.4","0.012","-0.04","68.0","69.6","68.8","59.2","59.2","59.2","0.70","0.90","0.82","0","0","4"
"09/01/2016","14:39:00","13601","272","33.5","0.014","-0.23","69.4","67.7","68.6","59.2","59.2","59.2","1.20","0.90","1.04","0","1","8"
"09/01/2016","14:39:00","13751","268","34.7","0.018","-0.29","64.1","65.6","64.9","59.2","59.2","59.2","0.80","0.40","0.58","1","1","8"
"09/01/2016","14:39:00","13900","267","33.9","0.006","-0.25","64.0","68.1","66.5","59.3","59.2","59.3","0.20","1.10","0.65","2","1","8"
"09/01/2016","14:39:00","14050","270","33.6","0.011","-0.32","72.9","75.9","74.7","59.3","59.3","59.3","1.10","1.00","1.09","0","0","4"
"09/01/2016","14:39:00","14199","272","32.4","0.011","-0.01","76.6","80.6","79.1","59.3","59.3","59.3","1.00","1.40","1.20","0","0","4"
"09/01/2016","14:39:00","14348","273","31.4","0.008","-0.11","82.0","80.7","81.4","59.3","59.3","59.3","1.00","1.60","1.29","0","0","4"
"09/01/2016","14:39:00","14498","276","29.8","0.015","-0.24","82.9","81.1","82.1","59.4","59.3","59.3","1.20","1.70","1.42","0","0","4"
"09/01/2016","14:39:00","14647","281","27.4","0.022","-0.13","82.4","81.5","82.0","59.5","59.3","59.4","1.50","1.80","1.65","0","0","4"
"09/01/2016","14:39:00","14797","287","24.6","0.026","-0.03","84.2","83.0","83.7","59.4","59.3","59.4","1.30","2.00","1.68","0","0","4"
"09/01/2016","14:39:00","14946","296","22.7","0.028","-0.03","84.3","84.3","84.3","59.3","59.3","59.3","1.20","1.70","1.42","0","0","4"
"09/01/2016","14:39:00","15096","303","21.8","0.021","0.10","83.0","83.4","83.2","59.4","59.3","59.4","1.20","1.70","1.44","0","0","4"
"09/01/2016","14:39:00","15245","310","20.9","0.018","0.08","79.1","79.4","79.3","59.2","59.4","59.3","1.30","1.50","1.40","0","0","4"
"09/01/2016","14:39:00","15395","323","19.3","0.032","-0.02","81.2","79.2","80.3","59.3","59.3","59.3","1.80","1.70","1.77","0","0","4"
"09/01/2016","14:39:00","15544","338","14.4","0.044","0.32","84.0","82.9","83.5","59.2","59.3","59.3","1.80","1.30","1.54","0","0","4"
"09/01/2016","14:39:00","15694","346","12.1","0.019","0.44","86.0","86.0","86.0","59.3","59.3","59.3","1.70","1.40","1.56","0","0","4"
"09/01/2016","14:39:00","15843","356","9.6","0.022","0.23","85.7","86.8","86.3","59.3","59.3","59.3","1.70","1.50","1.60","0","0","4"
"09/01/2016","14:39:00","15992","10","6.8","0.023","0.20","84.7","85.8","85.3","59.3","59.3","59.3","1.90","1.40","1.65","0","0","4"
"09/01/2016","14:39:00","16142","29","4.4","0.020","0.31","81.9","84.7","83.5","59.2","59.3","59.2","1.40","1.10","1.26","0","0","4"
"09/01/2016","14:39:00","16291","26","3.2","0.009","0.38","79.1","81.2","80.3","59.3","59.2","59.2","0.90","1.30","1.09","0","0","4"
"09/01/2016","14:39:00","16441","23","3.3","0.001","0.28","77.4","77.1","77.3","59.3","59.3","59.3","0.80","1.40","1.07","0","0","4"
"09/01/2016","14:39:00","16590","45","2.4","0.009","0.07","72.6","76.7","75.1","59.3","59.3","59.3","0.80","1.30","1.06","0","0","4"
"09/01/2016","14:39:00","16740","99","0.6","0.014","0.16","74.2","73.8","74.0","59.3","59.2","59.2","0.80","0.80","0.82","0","0","4"
"09/01/2016","14:39:00","16889","35","1.9","0.012","0.30","74.6","73.0","73.9","59.3","59.3","59.3","1.00","1.20","1.10","0","0","4"
"09/01/2016","14:39:00","17039","16","3.2","0.010","0.31","78.3","74.5","76.8","59.3","59.2","59.3","0.70","0.80","0.77","0","0","4"
"09/01/2016","14:39:00","17188","45","2.0","0.012","0.18","78.0","73.2","76.3","59.3","59.2","59.2","1.00","1.20","1.08","0","0","4"
"09/01/2016","14:39:00","17338","31","2.9","0.007","-0.03","73.9","69.9","72.3","59.3","59.2","59.3","0.90","1.10","0.99","0","0","4"
"09/01/2016","14:39:00","17487","27","2.7","0.002","0.15","71.5","69.6","70.6","59.3","59.2","59.3","1.10","1.00","1.02","0","0","4"
"09/01/2016","14:39:00","17636","40","3.8","0.009","0.04","72.1","71.1","71.6","59.3","59.2","59.2","0.70","0.70","0.74","0","0","4"
"09/01/2016","14:39:00","17786","48","4.9","0.009","0.08","74.2","71.7","73.1","59.2","59.3","59.2","0.60","0.80","0.72","0","0","4"
"09/01/2016","14:39:00","17935","55","3.6","0.009","-0.05","74.2","72.8","73.6","59.3","59.2","59.2","0.70","1.30","1.02","0","0","4"
"09/01/2016","14:39:00","18085","44","5.1","0.011","-0.02","67.6","66.8","67.2","59.3","59.2","59.2","0.90","0.60","0.75","1","2","8"
"09/01/2016","14:39:00","18234","54","6.1","0.010","-0.01","71.4","69.2","70.5","59.3","59.2","59.3","0.70","0.40","0.59","0","0","4"
"09/01/2016","14:39:00","18384","80","5.1","0.018","0.41","74.7","75.8","75.3","59.3","59.3","59.3","1.00","0.80","0.88","0","0","4"
"09/01/2016","14:39:00","18533","100","5.6","0.013","0.43","77.5","77.7","77.6","59.2","59.2","59.2","1.30","0.80","1.05","0","0","4"
"09/01/2016","14:39:00","18683","111","6.8","0.011","0.26","73.5","74.9","74.2","59.3","59.2","59.3","1.40","0.90","1.11","0","0","4"
"09/01/2016","14:39:00","18832","122","7.0","0.010","-0.11","69.2","71.1","70.3","59.2","59.3","59.2","0.50","1.00","0.73","0","0","4"
"09/01/2016","14:39:00","18981","102","6.9","0.016","0.33","68.9","66.7","67.9","59.3","59.2","59.3","1.10","0.60","0.88","0","1","8"
"09/01/2016","14:39:00","19131","104","4.7","0.015","-0.08","67.7","64.1","66.2","59.2","59.2","59.2","0.70","0.70","0.73","0","1","8"
"09/01/2016","14:39:00","19280","101","5.9","0.009","-0.61","66.5","67.7","67.1","59.3","59.3","59.3","0.70","1.00","0.85","0","4","8"
"09/01/2016","14:39:00","19430","68","10.9","0.045","0.01","69.1","65.6","67.7","59.2","59.2","59.2","1.00","0.70","0.85","1","1","8"
"09/01/2016","14:44:00","1795","187","15.2","0.000","-0.03","118.9","119.9","119.4","57.1","57.2","57.1","0.60","0.50","0.55","0","0","4"
"09/01/2016","14:44:00","1944","189","15.1","0.003","-0.03","118.0","118.1","118.1","57.0","57.1","57.0","0.70","0.60","0.61","0","0","4"
"09/01/2016","14:44:00","2093","184","15.7","0.009","-0.04","120.6","120.0","120.3","56.6","56.8","56.7","0.70","0.50","0.62","0","0","4"
"09/01/2016","14:44:00","2243","187","15.4","0.005","0.01","121.6","123.6","122.7","57.0","57.3","57.2","0.60","0.50","0.52","0","0","4"
"09/01/2016","14:44:00","2392","190","15.0","0.005","-0.08","126.2","124.9","125.6","58.0","58.1","58.1","0.60","0.50","0.54","0","0","4"
"09/01/2016","14:44:00","2542","192","14.7","0.004","-0.07","124.1","126.4","125.4","58.5","58.7","58.6","0.50","0.50","0.51","0","0","4"
"09/01/2016","14:44:00","2691","194","14.6","0.004","-0.02","122.9","123.1","123.0","59.2","59.3","59.2","0.50","0.50","0.54","0","0","4"
"09/01/2016","14:44:00","2841","194","14.0","0.004","-0.04","125.0","125.5","125.2","59.4","59.5","59.5","0.60","0.60","0.61","0","0","4"
"09/01/2016","14:44:00","2990","197","12.5","0.011","-0.05","125.1","125.5","125.3","59.3","59.5","59.4","0.50","0.50","0.49","0","0","4"
"09/01/2016","14:44:00","3140","199","12.2","0.003","-0.03","131.2","131.3","131.3","59.5","59.6","59.5","0.40","0.40","0.37","0","0","4"
"09/01/2016","14:44:00","3289","199","12.5","0.002","-0.02","129.8","128.7","129.3","59.4","59.5","59.4","0.40","0.40","0.40","0","0","4"
"09/01/2016","14:44:00","3439","202","13.3","0.007","-0.02","125.3","124.9","125.1","59.3","59.4","59.3","0.40","0.50","0.46","0","0","4"
"09/01/2016","14:44:00","3588","204","13.7","0.004","0.01","128.1","126.4","127.3","59.3","59.5","59.4","0.40","0.50","0.47","0","0","4"
"09/01/2016","14:44:00","3737","204","14.2","0.004","-0.04","124.9","121.9","123.7","59.4","59.4","59.4","0.40","0.50","0.47","0","0","4"
"09/01/2016","14:44:00","3887","204","14.0","0.002","-0.01","117.8","116.7","117.3","59.3","59.4","59.4","0.50","0.50","0.49","0","0","4"
"09/01/2016","14:44:00","4036","208","14.1","0.006","0.02","118.1","117.7","117.9","59.3","59.4","59.4","0.50","0.40","0.46","0","0","4"
"09/01/2016","14:44:00","4186","209","14.0","0.002","0.04","120.8","118.9","120.0","59.3","59.3","59.3","0.50","0.50","0.51","0","0","4"
"09/01/2016","14:44:00","4335","211","14.7","0.005","0.05","117.3","118.5","118.0","59.3","59.3","59.3","0.60","0.40","0.51","0","0","4"
"09/01/2016","14:44:00","4485","213","14.4","0.003","0.00","115.0","115.0","115.0","59.2","59.3","59.3","0.60","0.50","0.55","0","0","4"
"09/01/2016","14:44:00","4634","213","14.2","0.001","0.01","121.2","118.8","120.1","59.3","59.3","59.3","0.50","0.40","0.42","0","0","4"
"09/01/2016","14:44:00","4784","212","14.1","0.002","0.01","119.3","117.8","118.6","59.3","59.3","59.3","0.50","0.50","0.49","0","0","4"
"09/01/2016","14:44:00","4933","213","14.6","0.004","-0.07","115.5","114.6","115.1","59.3","59.2","59.3","0.50","0.50","0.50","0","0","4"
"09/01/2016","14:44:00","5083","215","15.2","0.005","-0.04","116.4","114.3","115.5","59.3","59.2","59.2","0.50","0.50","0.49","0","0","4"
"09/01/2016","14:44:00","5232","214","15.0","0.002","-0.11","117.5","115.1","116.4","59.3","59.3","59.3","0.60","0.60","0.60","0","0","4"
"09/01/2016","14:44:00","5381","211","14.9","0.005","-0.08","121.0","122.0","121.5","59.3","59.3","59.3","0.50","0.40","0.47","0","0","4"
"09/01/2016","14:44:00","5531","211","14.7","0.002","-0.04","119.6","118.7","119.2","59.3","59.3","59.3","0.50","0.50","0.50","0","0","4"
"09/01/2016","14:44:00","5680","211","14.2","0.003","-0.04","118.8","118.0","118.4","59.2","59.3","59.3","0.50","0.50","0.50","0","0","4"
"09/01/2016","14:44:00","5830","211","13.4","0.005","-0.08","116.3","114.1","115.4","59.3","59.3","59.3","0.50","0.60","0.52","0","0","4"
"09/01/2016","14:44:00","5979","211","11.7","0.011","-0.08","113.5","110.9","112.4","59.3","59.2","59.3","0.40","0.90","0.64","0","0","4"
"09/01/2016","14:44:00","6129","209","10.6","0.008","-0.03","111.0","108.9","110.1","59.4","59.3","59.3","0.40","0.80","0.62","0","0","4"
"09/01/2016","14:44:00","6278","205","9.1","0.011","-0.02","107.2","107.0","107.1","59.4","59.3","59.3","0.40","0.80","0.61","0","0","4"
"09/01/2016","14:44:00","6428","199","8.1","0.009","0.01","110.7","109.6","110.2","59.3","59.3","59.3","0.40","0.40","0.43","0","0","4"
"09/01/2016","14:44:00","6577","195","8.1","0.004","-0.01","110.1","108.7","109.5","59.3","59.3","59.3","0.40","0.50","0.45","0","0","4"
"09/01/2016","14:44:00","6726","188","7.1","0.010","-0.03","104.7","105.1","104.9","59.3","59.3","59.3","0.40","0.60","0.49","0","0","4"
"09/01/2016","14:44:00","6876","187","7.1","0.000","-0.07","103.2","103.9","103.5","59.3","59.3","59.3","0.50","0.60","0.53","0","0","4"
"09/01/2016","14:44:00","7025","188","7.8","0.005","-0.02","99.6","100.5","100.1","59.3","59.3","59.3","0.50","0.60","0.54","0","0","4"
"09/01/2016","14:44:00","7175","189","7.6","0.002","-0.05","98.2","99.9","99.1","59.3","59.2","59.3","0.70","0.60","0.63","0","0","4"
"09/01/2016","14:44:00","7324","195","6.5","0.009","-0.09","98.9","101.3","100.3","59.2","59.3","59.3","0.80","0.70","0.71","0","0","4"
"09/01/2016","14:44:00","7474","204","5.7","0.008","-0.06","98.7","101.1","100.1","59.2","59.2","59.2","0.90","0.80","0.85","0","0","4"
"09/01/2016","14:44:00","7623","223","4.7","0.013","-0.17","101.2","101.9","101.6","59.3","59.2","59.2","0.90","1.00","0.98","0","0","4"
"09/01/2016","14:44:00","7773","238","4.5","0.008","-0.20","102.1","103.5","102.9","59.2","59.2","59.2","1.00","0.80","0.92","0","0","4"
"09/01/2016","14:44:00","7922","236","4.4","0.002","-0.09","103.4","107.1","105.6","59.3","59.2","59.2","0.90","0.60","0.73","0","0","4"
"09/01/2016","14:44:00","8072","224","4.3","0.006","-0.09","103.5","106.0","104.9","59.2","59.2","59.2","0.70","0.40","0.59","0","0","4"
"09/01/2016","14:44:00","8221","212","4.2","0.006","0.02","99.3","101.5","100.5","59.2","59.2","59.2","0.70","0.50","0.58","0","0","4"
"09/01/2016","14:44:00","8370","205","5.0","0.006","0.06","100.4","100.7","100.6","59.2","59.2","59.2","0.60","0.60","0.58","0","0","4"
"09/01/2016","14:44:00","8520","202","6.4","0.010","0.06","98.8","98.5","98.6","59.3","59.1","59.2","0.40","0.50","0.49","0","0","4"
"09/01/2016","14:44:00","8669","201","7.1","0.005","0.08","93.2","94.3","93.8","59.2","59.2","59.2","0.50","0.50","0.48","0","0","4"
"09/01/2016","14:44:00","8819","204","7.8","0.006","0.10","91.3","93.4","92.5","59.2","59.2","59.2","0.40","0.40","0.42","0","0","4"
"09/01/2016","14:44:00","8968","205","8.3","0.003","0.09","95.2","93.3","94.4","59.2","59.2","59.2","0.40","0.40","0.38","0","0","4"
"09/01/2016","14:44:00","9118","206","8.6","0.002","0.05","95.0","93.0","94.1","59.2","59.3","59.2","0.40","0.50","0.43","0","0","4"
"09/01/2016","14:44:00","9267","202","8.5","0.004","0.04","90.8","91.4","91.1","59.2","59.2","59.2","0.40","0.40","0.40","0","0","4"
"09/01/2016","14:44:00","9417","198","8.5","0.004","0.05","87.1","86.8","86.9","59.2","59.2","59.2","0.40","0.30","0.36","0","0","4"
"09/01/2016","14:44:00","9566","196","9.3","0.006","0.07","84.3","83.5","83.9","59.2","59.2","59.2","0.40","0.40","0.41","0","0","4"
"09/01/2016","14:44:00","9715","198","9.4","0.003","0.01","84.6","84.3","84.4","59.2","59.2","59.2","0.70","0.40","0.55","0","0","4"
"09/01/2016","14:44:00","9865","202","9.0","0.005","0.05","83.4","83.4","83.4","59.1","59.2","59.1","0.70","0.40","0.56","0","0","4"
"09/01/2016","14:44:00","10014","215","8.7","0.013","-0.02","83.6","83.1","83.4","59.2","59.2","59.2","0.90","0.50","0.71","0","0","4"
"09/01/2016","14:44:00","10164","230","7.9","0.015","0.04","86.3","84.5","85.5","59.2","59.2","59.2","0.60","0.50","0.57","0","0","4"
"09/01/2016","14:44:00","10313","236","7.3","0.007","0.00","90.2","86.7","88.8","59.2","59.2","59.2","0.60","0.50","0.51","0","0","4"
"09/01/2016","14:44:00","10463","244","6.6","0.008","0.02","87.8","83.5","86.2","59.2","59.1","59.1","0.50","0.50","0.55","0","0","4"
"09/01/2016","14:44:00","10612","249","5.9","0.006","0.06","82.4","83.1","82.7","59.2","59.2","59.2","0.40","0.40","0.40","0","0","4"
"09/01/2016","14:44:00","10762","253","5.7","0.003","0.07","80.8","81.1","81.0","59.2","59.2","59.2","0.40","0.50","0.46","0","0","4"
"09/01/2016","14:44:00","10911","266","5.3","0.009","0.09","80.1","81.6","80.9","59.2","59.2","59.2","0.60","0.60","0.61","0","0","4"
"09/01/2016","14:44:00","11061","282","5.6","0.010","0.04","83.5","82.1","82.9","59.2","59.2","59.2","0.40","0.60","0.51","0","0","4"
"09/01/2016","14:44:00","11210","280","6.3","0.005","0.03","79.2","80.8","80.1","59.2","59.2","59.2","0.40","0.70","0.55","0","0","4"
"09/01/2016","14:44:00","11359","282","8.3","0.014","-0.07","77.6","83.4","81.4","59.2","59.2","59.2","0.80","0.80","0.77","0","0","4"
"09/01/2016","14:44:00","11509","284","10.1","0.012","0.01","84.0","88.9","87.1","59.2","59.2","59.2","0.80","0.80","0.78","0","0","4"
"09/01/2016","14:44:00","11658","286","12.0","0.012","0.03","86.2","87.7","87.0","59.1","59.3","59.2","0.70","0.80","0.79","0","0","4"
"09/01/2016","14:44:00","11808","283","14.7","0.019","-0.03","86.4","86.7","86.5","59.2","59.3","59.3","0.70","0.90","0.80","0","0","4"
"09/01/2016","14:44:00","11957","284","16.3","0.011","-0.02","82.3","82.8","82.6","59.2","59.5","59.3","0.80","0.60","0.72","0","0","4"
"09/01/2016","14:44:00","12107","283","18.2","0.013","0.00","80.1","79.1","79.6","59.1","59.6","59.4","1.10","1.00","1.07","0","0","4"
"09/01/2016","14:44:00","12256","280","20.3","0.015","-0.04","81.5","81.5","81.5","59.2","59.6","59.4","0.80","1.00","0.89","0","0","4"
"09/01/2016","14:44:00","12406","278","21.9","0.012","-0.07","81.4","83.4","82.5","59.2","59.7","59.4","0.90","0.90","0.87","0","0","4"
"09/01/2016","14:44:00","12555","276","23.6","0.012","-0.07","81.3","82.0","81.7","59.2","59.6","59.4","0.80","1.10","0.92","0","0","4"
"09/01/2016","14:44:00","12705","276","25.8","0.014","-0.11","80.3","79.4","79.9","59.1","59.4","59.3","0.90","1.10","1.01","0","0","4"
"09/01/2016","14:44:00","12854","274","28.2","0.018","-0.23","76.4","77.7","77.1","59.2","59.3","59.3","1.00","1.00","0.99","0","0","4"
"09/01/2016","14:44:00","13003","272","29.5","0.010","-0.36","74.0","73.4","73.7","59.2","59.3","59.2","0.70","0.70","0.73","0","0","4"
"09/01/2016","14:44:00","13153","270","32.5","0.022","-0.22","71.5","74.0","72.9","59.2","59.2","59.2","1.00","1.00","1.01","0","0","4"
"09/01/2016","14:44:00","13302","273","34.1","0.017","0.19","70.3","72.2","71.3","59.2","59.3","59.2","1.00","1.00","1.01","0","0","4"
"09/01/2016","14:44:00","13452","271","35.5","0.013","0.16","71.4","71.4","71.4","59.2","59.2","59.2","1.20","1.00","1.13","0","0","4"
"09/01/2016","14:44:00","13601","275","36.5","0.019","0.17","71.4","70.2","70.8","59.2","59.2","59.2","1.70","0.90","1.28","0","0","4"
"09/01/2016","14:44:00","13751","277","40.7","0.028","0.24","66.8","67.2","67.0","59.2","59.3","59.2","1.30","0.70","0.97","0","0","4"
"09/01/2016","14:44:00","13900","273","37.0","0.029","0.42","65.2","69.1","67.5","59.3","59.2","59.2","0.50","2.30","1.36","3","0","8"
"09/01/2016","14:44:00","14050","269","34.5","0.024","-0.31","72.6","68.9","71.1","59.3","59.3","59.3","1.20","0.60","0.91","0","0","4"
"09/01/2016","14:44:00","14199","272","32.2","0.020","0.06","75.6","78.6","77.3","59.3","59.3","59.3","1.30","1.50","1.41","0","0","4"
"09/01/2016","14:44:00","14348","272","32.0","0.002","-0.04","82.5","81.8","82.2","59.3","59.3","59.3","1.10","1.60","1.31","0","0","4"
"09/01/2016","14:44:00","14498","276","30.1","0.020","-0.06","84.2","83.3","83.8","59.4","59.2","59.3","1.20","1.80","1.53","0","0","4"
"09/01/2016","14:44:00","14647","280","27.5","0.021","-0.04","83.9","83.3","83.6","59.4","59.3","59.4","1.50","1.80","1.67","0","0","4"
"09/01/2016","14:44:00","14797","287","24.7","0.029","0.03","85.0","83.1","84.1","59.4","59.3","59.3","1.40","2.10","1.74","0","0","4"
"09/01/2016","14:44:00","14946","296","22.4","0.028","0.01","85.0","84.7","84.9","59.3","59.2","59.3","1.20","1.70","1.48","0","0","4"
"09/01/2016","14:44:00","15096","303","20.8","0.020","0.12","82.9","83.1","83.0","59.3","59.3","59.3","1.20","1.70","1.45","0","0","4"
"09/01/2016","14:44:00","15245","310","20.5","0.019","0.15","78.9","79.4","79.2","59.2","59.3","59.2","1.10","1.60","1.37","0","0","4"
"09/01/2016","14:44:00","15395","327","18.3","0.040","-0.14","77.1","76.8","76.9","59.3","59.3","59.3","1.90","1.50","1.68","0","0","4"
"09/01/2016","14:44:00","15544","341","13.6","0.041","0.03","83.0","80.9","82.1","59.3","59.2","59.2","2.00","1.30","1.63","0","0","4"
"09/01/2016","14:44:00","15694","349","11.8","0.017","0.27","87.3","83.6","85.8","59.3","59.2","59.3","1.80","1.40","1.58","0","0","4"
"09/01/2016","14:44:00","15843","4","9.9","0.023","0.10","87.6","84.9","86.4","59.3","59.3","59.3","1.80","1.60","1.69","0","0","4"
"09/01/2016","14:44:00","15992","21","7.5","0.023","-0.18","86.0","85.2","85.6","59.3","59.3","59.3","1.80","1.90","1.82","0","0","4"
"09/01/2016","14:44:00","16142","39","5.4","0.019","-0.06","85.4","82.7","84.3","59.3","59.2","59.2","1.40","1.70","1.50","0","0","4"
"09/01/2016","14:44:00","16291","41","4.1","0.009","0.07","82.7","79.0","81.2","59.3","59.2","59.2","0.90","1.90","1.36","0","0","4"
"09/01/2016","14:44:00","16441","30","4.0","0.005","0.21","77.0","76.2","76.6","59.3","59.2","59.3","0.90","1.60","1.23","0","0","4"
"09/01/2016","14:44:00","16590","49","4.1","0.009","-0.28","72.7","74.9","73.9","59.3","59.2","59.3","0.80","0.60","0.68","0","0","4"
"09/01/2016","14:44:00","16740","73","2.1","0.016","-0.08","73.7","74.3","74.0","59.2","59.2","59.2","0.70","0.50","0.63","0","0","4"
"09/01/2016","14:44:00","16889","44","1.9","0.007","0.18","74.0","72.9","73.5","59.2","59.2","59.2","1.00","1.30","1.17","0","0","4"
"09/01/2016","14:44:00","17039","19","3.0","0.010","0.27","77.3","73.6","75.8","59.3","59.2","59.2","0.80","0.90","0.87","0","0","4"
"09/01/2016","14:44:00","17188","37","2.6","0.006","0.14","77.7","73.8","76.2","59.2","59.2","59.2","1.00","1.20","1.08","0","0","4"
"09/01/2016","14:44:00","17338","52","3.4","0.008","0.25","72.5","69.8","71.3","59.3","59.1","59.2","1.00","0.80","0.90","0","0","4"
"09/01/2016","14:44:00","17487","51","2.6","0.005","0.31","70.0","70.8","70.4","59.3","59.2","59.2","0.70","0.80","0.74","0","0","4"
"09/01/2016","14:44:00","17636","44","3.4","0.006","0.07","71.5","71.5","71.5","59.3","59.2","59.2","0.80","0.70","0.80","0","0","4"
"09/01/2016","14:44:00","17786","43","5.2","0.012","0.19","72.5","72.2","72.3","59.2","59.2","59.2","0.50","1.00","0.79","0","0","4"
"09/01/2016","14:44:00","17935","49","3.6","0.011","-0.13","74.0","72.6","73.4","59.2","59.2","59.2","0.90","1.20","1.03","0","0","4"
"09/01/2016","14:44:00","18085","44","5.0","0.010","-0.02","67.4","67.4","67.4","59.2","59.2","59.2","0.90","0.50","0.67","2","3","8"
"09/01/2016","14:44:00","18234","56","4.4","0.008","0.20","69.5","69.4","69.5","59.2","59.2","59.2","0.70","1.20","0.95","0","0","4"
"09/01/2016","14:44:00","18384","80","6.0","0.018","0.20","75.8","74.0","75.0","59.2","59.2","59.2","1.30","0.50","0.91","0","0","4"
"09/01/2016","14:44:00","18533","95","6.3","0.011","0.28","79.2","76.2","77.9","59.2","59.2","59.2","1.40","0.90","1.11","0","0","4"
"09/01/2016","14:44:00","18683","107","7.6","0.013","0.24","75.7","73.6","74.7","59.2","59.2","59.2","1.20","1.00","1.12","0","0","4"
"09/01/2016","14:44:00","18832","117","7.6","0.010","0.00","68.8","65.5","67.5","59.2","59.2","59.2","0.40","0.60","0.53","0","0","4"
"09/01/2016","14:44:00","18981","93","7.5","0.021","0.20","65.1","63.8","64.5","59.2","59.2","59.2","1.00","0.40","0.66","1","2","8"
"09/01/2016","14:44:00","19131","94","5.3","0.014","-0.16","66.6","67.7","67.2","59.2","59.2","59.2","1.10","1.70","1.38","0","0","4"
"09/01/2016","14:44:00","19280","102","5.5","0.005","-0.46","64.1","67.2","65.9","59.2","59.2","59.2","0.30","0.90","0.60","1","5","4"
"09/01/2016","14:44:00","19430","71","11.1","0.047","-0.07","66.7","58.3","64.2","59.2","59.2","59.2","0.70","0.10","0.43","2","2","8"
"09/01/2016","14:49:00","1795","187","15.1","0.000","0.09","119.3","118.7","119.0","57.0","57.1","57.1","0.60","0.40","0.54","0","0","4"
"09/01/2016","14:49:00","1944","189","15.3","0.004","0.03","118.4","118.5","118.4","56.9","57.0","57.0","0.60","0.50","0.57","0","0","4"
"09/01/2016","14:49:00","2093","186","15.5","0.006","0.05","120.9","119.9","120.4","56.6","56.8","56.7","0.60","0.60","0.60","0","0","4"
"09/01/2016","14:49:00","2243","186","15.4","0.001","0.10","123.0","123.1","123.0","57.0","57.2","57.1","0.60","0.50","0.57","0","0","4"
"09/01/2016","14:49:00","2392","189","14.9","0.006","0.02","126.3","126.1","126.2","57.9","58.1","58.0","0.50","0.50","0.49","0","0","4"
"09/01/2016","14:49:00","2542","191","14.7","0.003","0.04","124.7","126.4","125.6","58.5","58.7","58.6","0.50","0.50","0.49","0","0","4"
"09/01/2016","14:49:00","2691","193","14.5","0.005","0.00","123.5","123.0","123.3","59.1","59.3","59.2","0.50","0.50","0.51","0","0","4"
"09/01/2016","14:49:00","2841","194","14.2","0.003","-0.01","126.0","125.2","125.6","59.5","59.5","59.5","0.50","0.50","0.54","0","0","4"
"09/01/2016","14:49:00","2990","195","12.7","0.010","-0.04","126.1","125.4","125.8","59.4","59.5","59.4","0.50","0.50","0.50","0","0","4"
"09/01/2016","14:49:00","3140","198","12.3","0.004","-0.03","130.1","131.5","130.8","59.4","59.6","59.5","0.40","0.40","0.38","0","0","4"
"09/01/2016","14:49:00","3289","198","12.4","0.001","-0.02","128.8","128.6","128.7","59.4","59.5","59.4","0.40","0.40","0.40","0","0","4"
"09/01/2016","14:49:00","3439","201","13.1","0.006","-0.06","124.3","124.3","124.3","59.4","59.4","59.4","0.40","0.50","0.46","0","0","4"
"09/01/2016","14:49:00","3588","202","13.4","0.002","-0.09","127.0","124.2","125.8","59.4","59.4","59.4","0.40","0.50","0.45","0","0","4"
"09/01/2016","14:49:00","3737","202","14.0","0.004","-0.08","125.5","123.7","124.7","59.3","59.4","59.3","0.40","0.50","0.48","0","0","4"
"09/01/2016","14:49:00","3887","202","14.3","0.002","-0.10","119.0","119.3","119.2","59.3","59.4","59.3","0.50","0.50","0.46","0","0","4"
"09/01/2016","14:49:00","4036","204","14.3","0.004","-0.10","117.7","117.3","117.5","59.3","59.3","59.3","0.50","0.50","0.54","0","0","4"
"09/01/2016","14:49:00","4186","206","14.5","0.004","-0.09","120.3","119.3","119.8","59.3","59.3","59.3","0.50","0.50","0.50","0","0","4"
"09/01/2016","14:49:00","4335","208","14.8","0.004","-0.04","118.6","120.0","119.3","59.3","59.3","59.3","0.50","0.50","0.49","0","0","4"
"09/01/2016","14:49:00","4485","211","14.6","0.005","-0.08","117.0","115.2","116.2","59.2","59.3","59.3","0.70","0.50","0.57","0","0","4"
"09/01/2016","14:49:00","4634","213","14.3","0.003","-0.06","122.8","122.4","122.6","59.2","59.2","59.2","0.60","0.50","0.51","0","0","4"
"09/01/2016","14:49:00","4784","213","14.6","0.002","-0.01","120.6","121.2","120.9","59.3","59.3","59.3","0.60","0.50","0.53","0","0","4"
"09/01/2016","14:49:00","4933","212","14.8","0.001","-0.06","118.3","115.0","117.0","59.2","59.2","59.2","0.50","0.50","0.50","0","0","4"
"09/01/2016","14:49:00","5083","214","15.4","0.005","-0.06","118.4","114.0","116.8","59.2","59.2","59.2","0.60","0.50","0.57","0","0","4"
"09/01/2016","14:49:00","5232","213","15.0","0.003","-0.13","118.2","114.9","116.9","59.3","59.2","59.2","0.60","0.60","0.61","0","0","4"
"09/01/2016","14:49:00","5381","210","14.9","0.005","-0.10","120.5","121.5","121.0","59.2","59.2","59.2","0.50","0.40","0.48","0","0","4"
"09/01/2016","14:49:00","5531","210","14.6","0.002","-0.05","119.4","119.8","119.6","59.3","59.3","59.3","0.50","0.50","0.49","0","0","4"
"09/01/2016","14:49:00","5680","210","14.1","0.003","-0.04","118.5","118.6","118.5","59.2","59.2","59.2","0.50","0.50","0.49","0","0","4"
"09/01/2016","14:49:00","5830","211","13.1","0.007","-0.11","116.0","116.1","116.0","59.2","59.3","59.2","0.50","0.50","0.49","0","0","4"
"09/01/2016","14:49:00","5979","212","11.9","0.008","-0.09","112.3","111.7","112.0","59.3","59.3","59.3","0.50","0.80","0.62","0","0","4"
"09/01/2016","14:49:00","6129","210","10.8","0.008","-0.07","110.3","108.9","109.7","59.3","59.3","59.3","0.50","0.80","0.64","0","0","4"
"09/01/2016","14:49:00","6278","207","8.9","0.013","-0.09","107.1","107.9","107.5","59.3","59.3","59.3","0.50","0.80","0.67","0","0","4"
"09/01/2016","14:49:00","6428","202","7.8","0.009","-0.05","110.7","110.7","110.7","59.3","59.3","59.3","0.60","0.40","0.51","0","0","4"
"09/01/2016","14:49:00","6577","198","7.6","0.004","-0.07","112.0","109.3","110.9","59.2","59.3","59.3","0.60","0.50","0.58","0","0","4"
"09/01/2016","14:49:00","6726","190","6.9","0.009","-0.03","107.4","104.9","106.3","59.2","59.3","59.3","0.50","0.60","0.52","0","0","4"
"09/01/2016","14:49:00","6876","190","7.2","0.002","-0.03","103.3","102.6","103.0","59.2","59.3","59.3","0.50","0.60","0.55","0","0","4"
"09/01/2016","14:49:00","7025","188","7.9","0.005","0.03","99.4","99.3","99.4","59.2","59.3","59.2","0.50","0.50","0.53","0","0","4"
"09/01/2016","14:49:00","7175","189","8.1","0.002","0.02","95.7","97.9","96.9","59.2","59.2","59.2","0.60","0.50","0.56","0","0","4"
"09/01/2016","14:49:00","7324","193","7.3","0.006","-0.07","97.7","98.4","98.1","59.2","59.2","59.2","1.00","0.70","0.83","0","0","4"
"09/01/2016","14:49:00","7474","198","6.3","0.008","-0.15","100.7","101.0","100.9","59.2","59.2","59.2","1.00","0.90","0.91","0","0","4"
"09/01/2016","14:49:00","7623","209","5.0","0.011","-0.11","99.4","101.5","100.6","59.2","59.2","59.2","1.10","0.80","0.95","0","0","4"
"09/01/2016","14:49:00","7773","234","4.5","0.014","-0.19","100.4","103.2","102.0","59.2","59.2","59.2","1.10","0.80","0.97","0","0","4"
"09/01/2016","14:49:00","7922","237","4.6","0.002","-0.11","103.9","105.2","104.6","59.2","59.2","59.2","0.80","0.70","0.71","0","0","4"
"09/01/2016","14:49:00","8072","226","4.3","0.006","-0.14","103.9","106.0","105.0","59.2","59.1","59.2","0.70","0.50","0.58","0","0","4"
"09/01/2016","14:49:00","8221","212","4.2","0.007","0.00","99.0","101.5","100.4","59.1","59.2","59.2","0.70","0.50","0.62","0","0","4"
"09/01/2016","14:49:00","8370","204","5.1","0.007","0.10","99.7","101.3","100.6","59.1","59.2","59.2","0.60","0.60","0.57","0","0","4"
"09/01/2016","14:49:00","8520","202","6.5","0.009","0.05","99.3","99.3","99.3","59.2","59.2","59.2","0.40","0.50","0.48","0","0","4"
"09/01/2016","14:49:00","8669","199","7.1","0.005","0.09","94.2","94.5","94.3","59.2","59.1","59.2","0.50","0.50","0.50","0","0","4"
"09/01/2016","14:49:00","8819","204","7.8","0.006","0.09","91.2","93.0","92.2","59.1","59.2","59.2","0.40","0.40","0.43","0","0","4"
"09/01/2016","14:49:00","8968","207","8.3","0.005","0.08","94.4","94.5","94.4","59.1","59.2","59.2","0.40","0.40","0.39","0","0","4"
"09/01/2016","14:49:00","9118","208","8.6","0.002","0.04","94.8","92.9","93.9","59.1","59.3","59.2","0.50","0.40","0.45","0","0","4"
"09/01/2016","14:49:00","9267","204","8.7","0.004","0.08","91.2","90.2","90.7","59.2","59.2","59.2","0.50","0.50","0.49","0","0","4"
"09/01/2016","14:49:00","9417","199","8.4","0.005","0.11","86.7","86.2","86.5","59.1","59.2","59.2","0.40","0.40","0.43","0","0","4"
"09/01/2016","14:49:00","9566","198","9.3","0.006","0.11","85.8","85.3","85.5","59.1","59.2","59.1","0.40","0.40","0.38","0","0","4"
"09/01/2016","14:49:00","9715","199","9.5","0.002","0.05","84.9","85.1","85.0","59.2","59.2","59.2","0.60","0.40","0.50","0","0","4"
"09/01/2016","14:49:00","9865","203","9.0","0.005","0.04","82.6","83.2","82.9","59.1","59.2","59.1","0.60","0.40","0.49","0","0","4"
"09/01/2016","14:49:00","10014","215","8.8","0.012","-0.01","82.8","82.0","82.4","59.2","59.2","59.2","0.90","0.50","0.72","0","0","4"
"09/01/2016","14:49:00","10164","228","8.0","0.014","0.05","84.8","84.4","84.6","59.1","59.2","59.2","0.70","0.50","0.57","0","0","4"
"09/01/2016","14:49:00","10313","234","7.2","0.007","0.00","90.0","86.4","88.5","59.2","59.2","59.2","0.50","0.50","0.50","0","0","4"
"09/01/2016","14:49:00","10463","240","6.6","0.006","0.03","87.2","84.2","86.0","59.2","59.3","59.2","0.50","0.50","0.52","0","0","4"
"09/01/2016","14:49:00","10612","249","5.8","0.008","0.07","82.4","83.9","83.2","59.1","59.4","59.3","0.50","0.40","0.41","0","0","4"
"09/01/2016","14:49:00","10762","251","5.6","0.002","0.09","81.1","81.7","81.4","59.2","59.8","59.5","0.40","0.60","0.49","0","0","4"
"09/01/2016","14:49:00","10911","268","4.9","0.012","0.11","79.3","81.7","80.7","59.3","59.7","59.5","0.50","0.70","0.58","0","0","4"
"09/01/2016","14:49:00","11061","285","5.4","0.011","0.08","81.6","82.8","82.2","59.4","59.5","59.4","0.50","0.50","0.48","0","0","4"
"09/01/2016","14:49:00","11210","279","6.2","0.007","0.03","78.4","81.2","80.0","59.4","59.4","59.4","0.40","0.80","0.62","0","0","4"
"09/01/2016","14:49:00","11359","285","8.5","0.016","0.06","78.4","83.3","81.5","59.5","59.3","59.4","1.10","0.70","0.87","0","0","4"
"09/01/2016","14:49:00","11509","285","9.7","0.008","0.02","84.5","88.5","87.0","59.5","59.2","59.4","0.70","0.70","0.66","0","0","4"
"09/01/2016","14:49:00","11658","287","11.4","0.012","0.05","86.6","86.7","86.7","59.6","59.2","59.4","0.70","0.70","0.70","0","0","4"
"09/01/2016","14:49:00","11808","286","13.5","0.014","0.08","85.7","83.0","84.5","59.7","59.2","59.5","0.80","0.80","0.80","0","0","4"
"09/01/2016","14:49:00","11957","286","16.0","0.016","0.05","81.9","79.5","80.9","59.5","59.2","59.4","0.90","0.70","0.82","0","0","4"
"09/01/2016","14:49:00","12107","284","18.3","0.016","0.01","79.7","78.7","79.3","59.3","59.2","59.3","1.20","0.90","1.05","0","0","4"
"09/01/2016","14:49:00","12256","280","20.3","0.016","0.00","81.3","80.9","81.1","59.3","59.3","59.3","0.80","0.90","0.88","0","0","4"
"09/01/2016","14:49:00","12406","279","22.0","0.012","-0.05","80.5","82.2","81.5","59.2","59.3","59.2","0.80","0.90","0.87","0","0","4"
"09/01/2016","14:49:00","12555","277","23.3","0.010","-0.04","80.8","82.0","81.4","59.2","59.3","59.2","0.70","1.10","0.93","0","0","4"
"09/01/2016","14:49:00","12705","275","25.9","0.019","-0.02","79.0","81.6","80.5","59.2","59.3","59.2","0.90","1.10","1.01","0","0","4"
"09/01/2016","14:49:00","12854","274","28.6","0.018","-0.14","75.7","78.9","77.6","59.2","59.5","59.3","0.90","1.00","0.98","0","0","4"
"09/01/2016","14:49:00","13003","271","30.9","0.019","-0.18","74.3","74.9","74.6","59.2","59.4","59.3","0.80","0.90","0.84","0","0","4"
"09/01/2016","14:49:00","13153","271","32.5","0.011","-0.16","72.4","74.4","73.5","59.2","59.3","59.3","1.20","1.10","1.16","0","0","4"
"09/01/2016","14:49:00","13302","272","33.8","0.011","0.16","69.8","72.8","71.5","59.2","59.4","59.3","0.80","0.90","0.87","0","0","4"
"09/01/2016","14:49:00","13452","271","35.0","0.011","0.12","70.4","71.2","70.8","59.2","59.4","59.3","1.00","1.00","1.00","0","0","4"
"09/01/2016","14:49:00","13601","270","35.8","0.006","-0.10","68.6","68.7","68.6","59.2","59.3","59.3","0.90","0.60","0.74","0","0","4"
"09/01/2016","14:49:00","13751","270","36.0","0.002","0.20","67.4","68.3","67.9","59.2","59.4","59.3","1.40","0.70","1.04","1","0","2"
"09/01/2016","14:49:00","13900","269","35.5","0.005","0.14","67.3","69.4","68.5","59.2","59.3","59.2","1.20","0.90","1.06","0","0","4"
"09/01/2016","14:49:00","14050","269","34.5","0.007","-0.16","69.2","69.7","69.4","59.2","59.3","59.2","0.70","0.60","0.66","0","0","4"
"09/01/2016","14:49:00","14199","274","31.4","0.027","0.09","74.0","78.5","76.8","59.2","59.3","59.2","1.40","1.60","1.49","0","0","4"
"09/01/2016","14:49:00","14348","272","31.9","0.007","0.00","83.1","84.1","83.6","59.1","59.3","59.2","1.30","1.60","1.44","0","0","4"
"09/01/2016","14:49:00","14498","276","30.6","0.017","-0.04","85.6","85.8","85.7","59.2","59.2","59.2","1.20","1.90","1.58","0","0","4"
"09/01/2016","14:49:00","14647","280","27.6","0.024","0.02","84.6","85.4","85.0","59.2","59.2","59.2","1.40","1.80","1.62","0","0","4"
"09/01/2016","14:49:00","14797","287","24.8","0.028","0.07","85.4","84.2","84.8","59.2","59.3","59.2","1.30","2.20","1.75","0","0","4"
"09/01/2016","14:49:00","14946","298","22.2","0.036","-0.03","85.0","85.6","85.3","59.2","59.2","59.2","1.20","2.10","1.65","0","0","4"
"09/01/2016","14:49:00","15096","301","21.0","0.011","0.05","83.3","82.9","83.1","59.2","59.2","59.2","1.10","2.00","1.56","0","0","4"
"09/01/2016","14:49:00","15245","317","20.0","0.038","0.11","78.9","79.3","79.1","59.2","59.2","59.2","1.10","1.50","1.35","0","0","4"
"09/01/2016","14:49:00","15395","330","16.5","0.036","-0.32","77.2","76.8","77.0","59.2","59.2","59.2","2.00","1.20","1.62","0","0","4"
"09/01/2016","14:49:00","15544","344","12.9","0.035","-0.07","83.8","81.6","82.8","59.2","59.2","59.2","1.90","1.20","1.51","0","0","4"
"09/01/2016","14:49:00","15694","351","11.1","0.016","0.14","88.0","83.5","86.3","59.2","59.2","59.2","1.90","1.30","1.61","0","0","4"
"09/01/2016","14:49:00","15843","5","8.1","0.025","-0.01","88.1","85.5","87.0","59.2","59.3","59.2","1.90","1.70","1.78","0","0","4"
"09/01/2016","14:49:00","15992","35","8.2","0.027","-0.40","87.3","84.6","86.1","59.2","59.2","59.2","1.80","1.70","1.76","0","0","4"
"09/01/2016","14:49:00","16142","40","6.9","0.010","-0.43","86.2","82.4","84.7","59.2","59.2","59.2","1.40","1.60","1.51","0","0","4"
"09/01/2016","14:49:00","16291","42","5.1","0.012","-0.21","83.1","78.4","81.3","59.3","59.2","59.2","0.80","1.60","1.22","0","0","4"
"09/01/2016","14:49:00","16441","45","3.1","0.014","0.08","78.9","75.9","77.7","59.3","59.2","59.3","1.30","1.60","1.42","0","0","4"
"09/01/2016","14:49:00","16590","65","4.0","0.010","-0.48","76.0","77.1","76.6","59.3","59.2","59.3","1.70","1.20","1.44","0","0","4"
"09/01/2016","14:49:00","16740","63","3.5","0.003","-0.34","75.5","72.7","74.3","59.3","59.2","59.2","0.80","1.20","0.99","0","0","4"
"09/01/2016","14:49:00","16889","55","1.3","0.015","0.11","76.1","73.2","74.9","59.2","59.2","59.2","0.80","1.30","1.05","0","0","4"
"09/01/2016","14:49:00","17039","43","3.2","0.013","0.25","77.3","72.6","75.5","59.2","59.2","59.2","1.20","0.90","1.04","0","0","4"
"09/01/2016","14:49:00","17188","39","3.3","0.002","0.08","77.0","73.1","75.5","59.3","59.2","59.2","1.20","1.30","1.25","0","0","4"
"09/01/2016","14:49:00","17338","50","4.8","0.011","0.01","72.6","68.1","70.9","59.3","59.2","59.2","0.90","0.60","0.75","0","0","4"
"09/01/2016","14:49:00","17487","50","3.0","0.012","0.39","71.2","72.0","71.6","59.2","59.2","59.2","0.70","0.90","0.78","0","0","4"
"09/01/2016","14:49:00","17636","26","3.8","0.011","0.21","71.8","73.3","72.6","59.3","59.2","59.2","1.30","1.00","1.17","0","0","4"
"09/01/2016","14:49:00","17786","42","4.9","0.011","0.11","74.3","72.9","73.7","59.2","59.2","59.2","0.90","0.90","0.88","0","0","4"
"09/01/2016","14:49:00","17935","52","2.8","0.015","-0.22","74.0","70.7","72.7","59.3","59.1","59.2","1.30","0.70","1.01","0","0","4"
"09/01/2016","14:49:00","18085","55","4.6","0.012","0.02","70.3","65.4","68.5","59.3","59.1","59.2","0.90","0.30","0.60","0","4","8"
"09/01/2016","14:49:00","18234","37","5.3","0.012","-0.05","70.3","69.4","69.9","59.3","59.2","59.2","1.40","0.80","1.10","0","0","4"
"09/01/2016","14:49:00","18384","78","5.7","0.026","0.05","76.0","72.1","74.5","59.3","59.2","59.2","1.20","0.60","0.89","0","0","4"
"09/01/2016","14:49:00","18533","98","6.0","0.014","0.29","78.6","76.9","77.8","59.2","59.2","59.2","1.30","0.90","1.12","0","0","4"
"09/01/2016","14:49:00","18683","109","6.3","0.008","0.37","74.1","72.9","73.5","59.2","59.1","59.2","1.20","1.00","1.09","0","0","4"
"09/01/2016","14:49:00","18832","122","7.6","0.014","0.22","70.9","65.5","69.0","59.2","59.2","59.2","0.90","0.50","0.70","0","1","8"
"09/01/2016","14:49:00","18981","86","9.0","0.035","0.11","69.2","68.9","69.0","59.2","59.1","59.2","0.50","1.90","1.22","2","0","8"
"09/01/2016","14:49:00","19131","86","8.1","0.006","0.19","66.1","66.9","66.5","59.2","59.1","59.2","0.30","0.40","0.36","0","0","4"
"09/01/2016","14:49:00","19280","107","6.0","0.022","-0.18","66.2","66.8","66.5","59.2","59.1","59.2","0.70","0.80","0.78","2","6","2"
"09/01/2016","14:49:00","19430","78","11.8","0.048","-0.25","64.7","58.6","62.6","59.2","59.2","59.2","0.30","0.10","0.17","3","3","8"
"09/01/2016","14:54:00","1795","187","15.2","0.000","0.11","118.5","118.4","118.4","57.0","57.0","57.0","0.60","0.50","0.55","0","0","4"
"09/01/2016","14:54:00","1944","189","15.4","0.004","0.05","119.4","120.3","119.9","56.9","56.9","56.9","0.60","0.50","0.52","0","0","4"
"09/01/2016","14:54:00","2093","186","15.7","0.005","0.06","120.7","119.7","120.2","56.5","56.6","56.6","0.60","0.60","0.58","0","0","4"
"09/01/2016","14:54:00","2243","187","15.5","0.002","0.12","122.9","124.0","123.5","56.9","57.0","57.0","0.60","0.50","0.54","0","0","4"
"09/01/2016","14:54:00","2392","189","15.0","0.005","0.04","126.0","126.0","126.0","57.9","58.0","57.9","0.50","0.50","0.51","0","0","4"
"09/01/2016","14:54:00","2542","191","14.9","0.004","0.06","125.3","127.1","126.3","58.4","58.5","58.5","0.50","0.40","0.49","0","0","4"
"09/01/2016","14:54:00","2691","194","14.6","0.005","0.05","123.0","123.4","123.2","59.1","59.2","59.2","0.60","0.50","0.52","0","0","4"
"09/01/2016","14:54:00","2841","193","14.2","0.003","0.05","125.8","125.2","125.5","59.4","59.4","59.4","0.50","0.50","0.51","0","0","4"
"09/01/2016","14:54:00","2990","196","12.7","0.011","-0.03","125.8","124.2","125.1","59.3","59.4","59.4","0.50","0.50","0.52","0","0","4"
"09/01/2016","14:54:00","3140","197","12.4","0.003","-0.03","127.7","130.8","129.5","59.3","59.5","59.4","0.50","0.40","0.42","0","0","4"
"09/01/2016","14:54:00","3289","198","12.7","0.002","-0.03","124.9","128.2","126.8","59.4","59.5","59.4","0.50","0.50","0.48","0","0","4"
"09/01/2016","14:54:00","3439","200","13.0","0.004","-0.02","123.3","124.3","123.8","59.4","59.4","59.4","0.50","0.50","0.49","0","0","4"
"09/01/2016","14:54:00","3588","201","13.2","0.002","-0.01","124.7","124.3","124.5","59.4","59.4","59.4","0.50","0.50","0.48","0","0","4"
"09/01/2016","14:54:00","3737","202","13.9","0.005","-0.03","125.4","125.0","125.2","59.3","59.3","59.3","0.50","0.50","0.49","0","0","4"
"09/01/2016","14:54:00","3887","201","14.6","0.005","-0.02","120.3","120.6","120.5","59.3","59.4","59.3","0.50","0.50","0.49","0","0","4"
"09/01/2016","14:54:00","4036","204","14.6","0.005","-0.04","117.9","118.0","117.9","59.3","59.3","59.3","0.50","0.50","0.52","0","0","4"
"09/01/2016","14:54:00","4186","206","14.7","0.003","-0.07","118.8","119.6","119.2","59.2","59.3","59.2","0.50","0.50","0.49","0","0","4"
"09/01/2016","14:54:00","4335","208","14.9","0.004","-0.05","118.2","119.1","118.7","59.2","59.3","59.3","0.50","0.50","0.49","0","0","4"
"09/01/2016","14:54:00","4485","211","14.5","0.005","-0.06","117.6","116.5","117.1","59.2","59.3","59.3","0.60","0.40","0.54","0","0","4"
"09/01/2016","14:54:00","4634","213","14.2","0.004","-0.04","122.4","123.5","123.0","59.2","59.3","59.2","0.60","0.50","0.51","0","0","4"
"09/01/2016","14:54:00","4784","213","14.4","0.002","0.02","120.6","124.9","123.3","59.2","59.3","59.3","0.60","0.50","0.54","0","0","4"
"09/01/2016","14:54:00","4933","213","14.8","0.002","-0.02","118.4","116.5","117.6","59.2","59.2","59.2","0.50","0.50","0.50","0","0","4"
"09/01/2016","14:54:00","5083","214","14.9","0.003","-0.01","118.8","114.4","117.1","59.2","59.2","59.2","0.70","0.50","0.58","0","0","4"
"09/01/2016","14:54:00","5232","213","14.6","0.003","-0.07","117.6","114.9","116.5","59.2","59.2","59.2","0.70","0.50","0.60","0","0","4"
"09/01/2016","14:54:00","5381","211","14.8","0.004","-0.04","120.5","119.5","120.0","59.3","59.2","59.2","0.60","0.50","0.52","0","0","4"
"09/01/2016","14:54:00","5531","211","14.6","0.002","-0.01","120.4","118.9","119.7","59.2","59.2","59.2","0.60","0.50","0.53","0","0","4"
"09/01/2016","14:54:00","5680","211","13.9","0.005","0.02","119.1","117.8","118.5","59.2","59.2","59.2","0.50","0.50","0.51","0","0","4"
"09/01/2016","14:54:00","5830","212","12.6","0.008","0.00","117.5","116.5","117.0","59.2","59.3","59.2","0.50","0.60","0.57","0","0","4"
"09/01/2016","14:54:00","5979","214","11.7","0.007","0.04","113.4","113.6","113.5","59.3","59.3","59.3","0.60","0.60","0.59","0","0","4"
"09/01/2016","14:54:00","6129","212","11.2","0.004","0.01","109.9","107.1","108.7","59.3","59.2","59.2","0.60","0.80","0.71","0","0","4"
"09/01/2016","14:54:00","6278","207","9.1","0.016","-0.15","106.1","106.5","106.3","59.2","59.3","59.3","0.60","0.90","0.76","0","0","4"
"09/01/2016","14:54:00","6428","202","7.7","0.010","-0.07","110.8","110.6","110.7","59.2","59.3","59.3","0.60","0.50","0.53","0","0","4"
"09/01/2016","14:54:00","6577","197","7.5","0.004","-0.05","112.4","110.0","111.4","59.2","59.2","59.2","0.50","0.60","0.55","0","0","4"
"09/01/2016","14:54:00","6726","191","7.2","0.005","-0.05","106.3","105.4","105.9","59.2","59.4","59.3","0.50","0.60","0.54","0","0","4"
"09/01/2016","14:54:00","6876","191","7.3","0.001","-0.03","102.5","102.1","102.3","59.2","59.4","59.3","0.50","0.50","0.52","0","0","4"
"09/01/2016","14:54:00","7025","190","8.0","0.005","0.05","99.8","100.2","100.0","59.2","59.3","59.2","0.50","0.50","0.49","0","0","4"
"09/01/2016","14:54:00","7175","190","8.1","0.001","-0.02","96.8","97.4","97.1","59.2","59.3","59.2","0.60","0.60","0.57","0","0","4"
"09/01/2016","14:54:00","7324","192","8.1","0.002","-0.03","98.7","99.0","98.9","59.2","59.2","59.2","0.50","0.70","0.62","0","0","4"
"09/01/2016","14:54:00","7474","198","6.8","0.010","-0.12","100.7","99.6","100.2","59.2","59.2","59.2","0.90","0.70","0.82","0","0","4"
"09/01/2016","14:54:00","7623","215","5.4","0.015","-0.10","99.1","101.4","100.4","59.2","59.2","59.2","1.10","0.70","0.90","0","0","4"
"09/01/2016","14:54:00","7773","236","4.6","0.014","-0.19","99.1","102.7","101.3","59.1","59.2","59.2","1.20","0.80","1.02","0","0","4"
"09/01/2016","14:54:00","7922","234","4.5","0.001","-0.12","101.8","105.2","103.9","59.1","59.2","59.1","0.90","0.60","0.76","0","0","4"
"09/01/2016","14:54:00","8072","229","4.5","0.002","-0.11","105.3","105.7","105.5","59.1","59.2","59.2","0.70","0.50","0.62","0","0","4"
"09/01/2016","14:54:00","8221","215","4.7","0.008","-0.07","100.0","101.8","101.0","59.1","59.3","59.2","0.80","0.60","0.72","0","0","4"
"09/01/2016","14:54:00","8370","202","5.5","0.009","0.06","98.6","100.7","99.8","59.1","59.3","59.2","0.60","0.60","0.60","0","0","4"
"09/01/2016","14:54:00","8520","201","6.6","0.008","0.04","98.7","99.1","98.9","59.1","59.3","59.2","0.50","0.50","0.52","0","0","4"
"09/01/2016","14:54:00","8669","199","7.5","0.006","0.05","95.2","94.7","95.0","59.1","59.2","59.2","0.50","0.50","0.49","0","0","4"
"09/01/2016","14:54:00","8819","203","8.0","0.005","0.05","90.3","91.5","90.9","59.1","59.2","59.2","0.50","0.50","0.48","0","0","4"
"09/01/2016","14:54:00","8968","206","8.3","0.004","0.06","93.5","93.0","93.3","59.1","59.2","59.2","0.40","0.40","0.38","0","0","4"
"09/01/2016","14:54:00","9118","209","8.5","0.003","0.03","93.9","91.9","93.0","59.1","59.3","59.2","0.50","0.40","0.44","0","0","4"
"09/01/2016","14:54:00","9267","206","8.8","0.004","0.04","91.3","90.7","91.0","59.1","59.2","59.2","0.50","0.40","0.48","0","0","4"
"09/01/2016","14:54:00","9417","201","8.4","0.005","0.06","89.6","88.5","89.1","59.1","59.2","59.2","0.30","0.40","0.37","0","0","4"
"09/01/2016","14:54:00","9566","200","9.1","0.005","0.09","86.4","85.5","86.0","59.1","59.2","59.2","0.40","0.40","0.36","0","0","4"
"09/01/2016","14:54:00","9715","201","9.4","0.003","0.01","85.3","85.5","85.4","59.1","59.2","59.1","0.50","0.40","0.45","0","0","4"
"09/01/2016","14:54:00","9865","206","9.0","0.006","-0.05","83.4","83.4","83.4","59.1","59.2","59.1","0.70","0.40","0.53","0","0","4"
"09/01/2016","14:54:00","10014","213","8.9","0.008","-0.09","83.3","84.9","84.2","59.1","59.2","59.2","0.80","0.40","0.59","0","0","4"
"09/01/2016","14:54:00","10164","227","7.9","0.015","-0.04","84.2","83.8","84.0","59.1","59.3","59.2","0.70","0.50","0.55","0","0","4"
"09/01/2016","14:54:00","10313","235","6.9","0.009","-0.06","90.5","86.0","88.8","59.2","59.3","59.2","0.50","0.50","0.48","0","0","4"
"09/01/2016","14:54:00","10463","239","6.3","0.005","0.01","86.5","85.9","86.2","59.1","59.3","59.2","0.60","0.50","0.51","0","0","4"
"09/01/2016","14:54:00","10612","248","5.9","0.007","0.05","82.5","83.7","83.1","59.2","59.4","59.3","0.50","0.40","0.45","0","0","4"
"09/01/2016","14:54:00","10762","252","5.4","0.005","0.02","80.6","80.6","80.6","59.2","59.8","59.5","0.40","0.60","0.48","0","0","4"
"09/01/2016","14:54:00","10911","268","4.6","0.010","0.12","79.7","82.3","81.2","59.2","59.8","59.5","0.50","0.60","0.52","0","0","4"
"09/01/2016","14:54:00","11061","280","5.3","0.009","0.13","81.1","83.3","82.3","59.4","59.5","59.5","0.50","0.50","0.47","0","0","4"
"09/01/2016","14:54:00","11210","282","5.8","0.003","0.08","78.3","80.2","79.3","59.4","59.4","59.4","0.50","0.50","0.48","0","0","4"
"09/01/2016","14:54:00","11359","283","7.8","0.013","0.02","78.1","80.3","79.4","59.5","59.3","59.4","0.70","0.60","0.67","0","0","4"
"09/01/2016","14:54:00","11509","285","9.3","0.010","-0.02","83.1","86.4","85.1","59.4","59.3","59.3","0.60","0.50","0.58","0","0","4"
"09/01/2016","14:54:00","11658","288","11.0","0.012","0.03","85.3","84.1","84.7","59.6","59.2","59.5","0.80","0.50","0.64","0","0","4"
"09/01/2016","14:54:00","11808","288","13.0","0.013","0.06","84.8","80.8","83.3","59.7","59.2","59.5","0.80","0.70","0.76","0","0","4"
"09/01/2016","14:54:00","11957","287","15.6","0.018","0.07","80.3","78.5","79.5","59.5","59.2","59.4","1.10","0.60","0.80","0","0","4"
"09/01/2016","14:54:00","12107","286","18.3","0.018","0.03","80.0","78.2","79.2","59.4","59.2","59.3","1.20","0.90","1.04","0","0","4"
"09/01/2016","14:54:00","12256","282","20.3","0.016","0.01","81.3","80.2","80.8","59.4","59.3","59.3","0.90","1.10","0.99","0","0","4"
"09/01/2016","14:54:00","12406","280","21.8","0.011","-0.03","81.3","81.2","81.2","59.3","59.3","59.3","0.70","0.80","0.75","0","0","4"
"09/01/2016","14:54:00","12555","276","23.6","0.015","0.01","82.0","80.6","81.4","59.4","59.2","59.3","0.70","1.00","0.88","0","0","4"
"09/01/2016","14:54:00","12705","275","26.1","0.017","-0.07","80.1","81.1","80.7","59.3","59.3","59.3","1.00","1.10","1.05","0","0","4"
"09/01/2016","14:54:00","12854","274","28.3","0.015","-0.08","77.3","78.8","78.1","59.3","59.5","59.4","1.00","1.10","1.04","0","0","4"
"09/01/2016","14:54:00","13003","271","30.7","0.019","-0.10","75.6","75.1","75.4","59.3","59.4","59.3","0.90","1.00","0.93","0","0","4"
"09/01/2016","14:54:00","13153","271","31.9","0.008","-0.05","72.2","73.7","73.1","59.3","59.4","59.3","1.00","1.30","1.17","0","0","4"
"09/01/2016","14:54:00","13302","270","33.1","0.009","0.07","71.6","72.8","72.3","59.3","59.4","59.3","1.00","1.20","1.14","0","0","4"
"09/01/2016","14:54:00","13452","269","34.8","0.012","0.21","71.1","73.9","72.7","59.3","59.4","59.3","1.10","0.90","0.99","0","0","4"
"09/01/2016","14:54:00","13601","271","35.8","0.011","-0.03","70.2","70.2","70.2","59.2","59.3","59.3","1.20","0.60","0.86","0","0","4"
"09/01/2016","14:54:00","13751","268","34.0","0.019","-0.48","67.6","69.6","68.7","59.3","59.3","59.3","1.00","1.00","1.02","0","0","4"
"09/01/2016","14:54:00","13900","269","34.4","0.006","-0.30","68.5","69.4","69.0","59.3","59.3","59.3","0.80","0.80","0.81","0","0","4"
"09/01/2016","14:54:00","14050","268","34.2","0.006","-0.14","71.5","69.8","70.7","59.2","59.3","59.2","0.80","0.60","0.72","0","0","4"
"09/01/2016","14:54:00","14199","276","29.4","0.044","0.39","76.8","75.7","76.3","59.2","59.3","59.3","1.30","1.30","1.28","0","0","4"
"09/01/2016","14:54:00","14348","271","31.7","0.022","-0.01","84.8","83.5","84.2","59.2","59.2","59.2","1.40","1.50","1.48","0","0","4"
"09/01/2016","14:54:00","14498","275","31.0","0.016","-0.02","87.5","86.9","87.2","59.2","59.2","59.2","1.30","1.90","1.59","0","0","4"
"09/01/2016","14:54:00","14647","280","28.1","0.026","0.04","86.3","86.1","86.2","59.2","59.2","59.2","1.40","2.00","1.67","0","0","4"
"09/01/2016","14:54:00","14797","288","24.6","0.034","0.05","86.3","85.0","85.7","59.2","59.2","59.2","1.40","2.30","1.83","0","0","4"
"09/01/2016","14:54:00","14946","299","22.0","0.033","-0.09","85.5","86.5","86.1","59.2","59.2","59.2","1.30","2.00","1.67","0","0","4"
"09/01/2016","14:54:00","15096","303","20.4","0.015","0.08","84.2","83.5","83.9","59.2","59.2","59.2","1.30","2.10","1.69","0","0","4"
"09/01/2016","14:54:00","15245","318","19.8","0.034","0.07","79.8","79.2","79.5","59.2","59.2","59.2","1.10","1.50","1.33","0","0","4"
"09/01/2016","14:54:00","15395","327","16.0","0.032","-0.18","77.1","76.3","76.7","59.2","59.2","59.2","1.60","1.10","1.32","0","0","4"
"09/01/2016","14:54:00","15544","338","13.2","0.026","-0.09","83.7","79.8","82.2","59.2","59.2","59.2","1.30","0.90","1.14","0","0","4"
"09/01/2016","14:54:00","15694","348","10.1","0.025","0.17","88.6","82.9","86.6","59.2","59.2","59.2","2.00","1.00","1.50","0","0","4"
"09/01/2016","14:54:00","15843","358","6.9","0.023","0.10","89.0","85.9","87.7","59.2","59.2","59.2","1.80","1.30","1.55","0","0","4"
"09/01/2016","14:54:00","15992","26","3.8","0.027","-0.08","87.1","84.5","86.0","59.3","59.2","59.2","1.70","1.40","1.57","0","0","4"
"09/01/2016","14:54:00","16142","33","1.9","0.012","0.10","85.2","81.2","83.6","59.3","59.2","59.3","1.40","1.20","1.28","0","0","4"
"09/01/2016","14:54:00","16291","28","2.3","0.003","0.12","79.7","78.0","79.0","59.3","59.2","59.2","1.00","1.00","1.01","0","0","4"
"09/01/2016","14:54:00","16441","39","2.5","0.003","0.03","77.7","75.0","76.6","59.3","59.2","59.2","1.30","1.20","1.24","0","0","4"
"09/01/2016","14:54:00","16590","68","1.5","0.009","-0.27","76.5","74.5","75.6","59.3","59.2","59.3","1.30","0.90","1.09","0","0","4"
"09/01/2016","14:54:00","16740","169","1.2","0.014","0.16","75.1","76.7","76.0","59.3","59.2","59.3","0.80","1.00","0.91","0","0","4"
"09/01/2016","14:54:00","16889","167","0.4","0.006","0.21","74.5","72.9","73.8","59.3","59.2","59.2","1.00","1.20","1.11","0","0","4"
"09/01/2016","14:54:00","17039","34","2.9","0.021","0.03","76.0","71.9","74.4","59.3","59.2","59.2","0.90","1.00","0.92","0","0","4"
"09/01/2016","14:54:00","17188","58","3.2","0.009","0.33","75.1","71.1","73.6","59.3","59.3","59.3","1.10","1.00","1.03","0","0","4"
"09/01/2016","14:54:00","17338","73","1.6","0.011","0.57","71.1","70.4","70.8","59.3","59.2","59.2","0.80","0.70","0.75","0","0","4"
"09/01/2016","14:54:00","17487","14","2.5","0.015","0.28","71.7","74.4","73.2","59.2","59.2","59.2","1.10","1.00","1.09","0","0","4"
"09/01/2016","14:54:00","17636","45","3.2","0.011","0.37","72.7","75.0","74.0","59.3","59.3","59.3","0.80","1.20","0.99","0","0","4"
"09/01/2016","14:54:00","17786","53","4.4","0.009","0.27","73.7","73.0","73.3","59.3","59.4","59.3","1.10","0.70","0.93","0","0","4"
"09/01/2016","14:54:00","17935","60","5.0","0.005","0.19","74.2","70.2","72.6","59.3","59.3","59.3","0.90","0.60","0.78","0","0","4"
"09/01/2016","14:54:00","18085","63","6.3","0.009","0.44","73.1","66.9","71.0","59.3","59.2","59.3","1.10","0.80","0.93","0","0","4"
"09/01/2016","14:54:00","18234","64","4.9","0.010","0.45","68.9","69.1","69.0","59.3","59.2","59.2","0.80","0.90","0.80","1","0","8"
"09/01/2016","14:54:00","18384","78","5.8","0.010","0.10","74.6","71.1","73.2","59.3","59.2","59.2","1.20","0.50","0.84","0","0","4"
"09/01/2016","14:54:00","18533","98","6.5","0.015","0.32","77.3","73.9","75.9","59.3","59.2","59.2","1.30","1.00","1.16","0","0","4"
"09/01/2016","14:54:00","18683","107","7.2","0.009","0.48","75.1","71.6","73.7","59.2","59.1","59.2","1.20","0.80","1.01","0","0","4"
"09/01/2016","14:54:00","18832","120","7.3","0.011","0.44","70.7","66.6","69.1","59.2","59.2","59.2","1.10","0.90","1.01","0","0","4"
"09/01/2016","14:54:00","18981","105","6.8","0.013","0.00","69.3","66.6","68.1","59.2","59.1","59.2","0.30","0.40","0.34","3","0","8"
"09/01/2016","14:54:00","19131","95","8.1","0.012","0.14","67.8","66.5","67.2","59.2","59.1","59.2","0.60","0.70","0.67","0","0","4"
"09/01/2016","14:54:00","19280","110","7.1","0.015","-0.11","65.5","65.3","65.4","59.3","59.1","59.2","0.30","0.50","0.39","3","7","4"
"09/01/2016","14:54:00","19430","90","9.3","0.024","0.16","65.3","62.7","64.2","59.2","59.2","59.2","0.30","0.40","0.37","4","4","8"
"09/01/2016","14:59:00","1795","188","15.1","0.000","0.12","116.6","118.8","117.8","57.0","57.0","57.0","0.60","0.50","0.53","0","0","4"
"09/01/2016","14:59:00","1944","188","15.1","0.000","0.11","119.1","120.5","119.9","56.9","56.9","56.9","0.50","0.50","0.52","0","0","4"
"09/01/2016","14:59:00","2093","187","15.6","0.003","0.07","121.0","122.0","121.5","56.5","56.6","56.6","0.50","0.60","0.55","0","0","4"
"09/01/2016","14:59:00","2243","188","15.3","0.002","0.15","121.8","123.8","122.9","57.0","57.0","57.0","0.60","0.40","0.52","0","0","4"
"09/01/2016","14:59:00","2392","189","14.8","0.004","0.08","125.6","126.6","126.1","57.8","57.9","57.9","0.50","0.50","0.51","0","0","4"
"09/01/2016","14:59:00","2542","190","15.0","0.002","0.13","125.6","127.3","126.5","58.4","58.5","58.4","0.50","0.40","0.46","0","0","4"
"09/01/2016","14:59:00","2691","193","14.4","0.007","0.12","124.1","124.5","124.3","59.1","59.2","59.1","0.50","0.50","0.49","0","0","4"
"09/01/2016","14:59:00","2841","193","14.3","0.001","0.08","127.5","125.8","126.8","59.4","59.4","59.4","0.50","0.50","0.46","0","0","4"
"09/01/2016","14:59:00","2990","195","13.0","0.009","0.06","124.8","123.7","124.3","59.3","59.3","59.3","0.60","0.50","0.54","0","0","4"
"09/01/2016","14:59:00","3140","197","12.5","0.004","0.03","125.8","128.3","127.2","59.2","59.5","59.4","0.50","0.30","0.40","0","0","4"
"09/01/2016","14:59:00","3289","197","12.6","0.001","0.05","123.0","126.7","125.2","59.4","59.5","59.5","0.50","0.40","0.44","0","0","4"
"09/01/2016","14:59:00","3439","198","12.8","0.003","0.08","120.6","123.2","122.1","59.5","59.4","59.4","0.60","0.40","0.50","0","0","4"
"09/01/2016","14:59:00","3588","202","12.9","0.006","0.06","124.7","124.0","124.3","59.4","59.3","59.4","0.50","0.40","0.45","0","0","4"
"09/01/2016","14:59:00","3737","203","13.5","0.005","0.04","125.2","123.0","124.2","59.3","59.3","59.3","0.50","0.50","0.47","0","0","4"
"09/01/2016","14:59:00","3887","203","14.2","0.005","0.06","120.7","120.0","120.4","59.2","59.2","59.2","0.50","0.50","0.52","0","0","4"
"09/01/2016","14:59:00","4036","205","14.4","0.003","0.06","117.3","117.1","117.2","59.2","59.3","59.3","0.50","0.50","0.52","0","0","4"
"09/01/2016","14:59:00","4186","206","14.2","0.004","0.04","118.0","119.0","118.5","59.2","59.2","59.2","0.50","0.50","0.49","0","0","4"
"09/01/2016","14:59:00","4335","209","14.5","0.004","0.08","118.0","118.5","118.3","59.2","59.3","59.2","0.60","0.50","0.53","0","0","4"
"09/01/2016","14:59:00","4485","213","14.1","0.008","0.09","116.3","116.7","116.5","59.2","59.3","59.3","0.70","0.50","0.60","0","0","4"
"09/01/2016","14:59:00","4634","215","13.8","0.003","0.10","123.1","123.7","123.4","59.2","59.3","59.2","0.60","0.40","0.53","0","0","4"
"09/01/2016","14:59:00","4784","213","14.3","0.005","0.07","120.2","124.9","123.2","59.2","59.3","59.2","0.60","0.50","0.55","0","0","4"
"09/01/2016","14:59:00","4933","211","14.6","0.003","0.02","115.3","117.3","116.4","59.2","59.3","59.2","0.60","0.50","0.54","0","0","4"
"09/01/2016","14:59:00","5083","213","14.4","0.003","0.01","116.6","114.6","115.7","59.2","59.3","59.2","0.60","0.50","0.53","0","0","4"
"09/01/2016","14:59:00","5232","213","14.3","0.001","-0.02","116.2","115.6","115.9","59.2","59.2","59.2","0.60","0.50","0.58","0","0","4"
"09/01/2016","14:59:00","5381","210","14.3","0.005","-0.03","119.5","117.9","118.8","59.2","59.2","59.2","0.60","0.50","0.54","0","0","4"
"09/01/2016","14:59:00","5531","212","14.2","0.003","0.02","119.6","118.4","119.1","59.2","59.2","59.2","0.60","0.50","0.55","0","0","4"
"09/01/2016","14:59:00","5680","212","13.6","0.004","0.03","120.1","117.4","119.0","59.2","59.2","59.2","0.50","0.60","0.55","0","0","4"
"09/01/2016","14:59:00","5830","212","12.3","0.008","0.00","119.0","116.9","118.1","59.2","59.3","59.2","0.50","0.70","0.58","0","0","4"
"09/01/2016","14:59:00","5979","214","11.5","0.006","0.00","114.6","113.7","114.2","59.2","59.2","59.2","0.60","0.60","0.60","0","0","4"
"09/01/2016","14:59:00","6129","212","11.0","0.004","-0.04","109.9","106.4","108.5","59.2","59.3","59.3","0.60","0.90","0.77","0","0","4"
"09/01/2016","14:59:00","6278","206","8.5","0.019","-0.12","106.6","106.7","106.7","59.2","59.3","59.2","0.60","1.00","0.80","0","0","4"
"09/01/2016","14:59:00","6428","200","7.2","0.010","-0.09","110.1","111.4","110.8","59.2","59.3","59.2","0.50","0.40","0.46","0","0","4"
"09/01/2016","14:59:00","6577","196","7.1","0.003","-0.06","110.9","112.0","111.5","59.2","59.2","59.2","0.40","0.40","0.43","0","0","4"
"09/01/2016","14:59:00","6726","191","7.2","0.004","-0.04","107.8","106.1","107.0","59.3","59.4","59.3","0.50","0.60","0.51","0","0","4"
"09/01/2016","14:59:00","6876","189","7.2","0.001","-0.05","103.5","102.4","103.0","59.2","59.4","59.3","0.50","0.50","0.48","0","0","4"
"09/01/2016","14:59:00","7025","189","7.4","0.001","-0.03","100.6","99.4","100.1","59.2","59.3","59.2","0.50","0.50","0.47","0","0","4"
"09/01/2016","14:59:00","7175","191","8.2","0.006","0.00","99.0","97.8","98.4","59.2","59.3","59.2","0.60","0.50","0.55","0","0","4"
"09/01/2016","14:59:00","7324","195","8.0","0.004","-0.06","101.2","99.9","100.6","59.2","59.2","59.2","0.70","0.70","0.70","0","0","4"
"09/01/2016","14:59:00","7474","199","6.9","0.008","-0.08","100.7","100.1","100.4","59.2","59.2","59.2","0.90","0.70","0.80","0","0","4"
"09/01/2016","14:59:00","7623","215","5.5","0.015","-0.04","100.9","100.3","100.6","59.2","59.2","59.2","1.10","0.70","0.91","0","0","4"
"09/01/2016","14:59:00","7773","227","4.5","0.010","-0.18","104.1","102.4","103.3","59.2","59.2","59.2","0.90","0.80","0.88","0","0","4"
"09/01/2016","14:59:00","7922","238","4.8","0.006","-0.16","104.4","104.6","104.5","59.1","59.2","59.2","0.90","0.70","0.80","0","0","4"
"09/01/2016","14:59:00","8072","230","5.0","0.004","-0.15","105.6","105.9","105.7","59.2","59.2","59.2","0.70","0.60","0.65","0","0","4"
"09/01/2016","14:59:00","8221","215","4.8","0.009","-0.08","101.0","101.4","101.2","59.1","59.3","59.2","0.90","0.70","0.76","0","0","4"
"09/01/2016","14:59:00","8370","204","5.2","0.007","-0.03","98.2","99.4","98.8","59.1","59.3","59.2","0.70","0.60","0.65","0","0","4"
"09/01/2016","14:59:00","8520","201","6.8","0.011","-0.02","98.5","99.4","98.9","59.1","59.3","59.2","0.60","0.50","0.56","0","0","4"
"09/01/2016","14:59:00","8669","198","7.7","0.006","0.02","96.2","95.9","96.0","59.1","59.2","59.2","0.50","0.40","0.47","0","0","4"
"09/01/2016","14:59:00","8819","200","8.0","0.003","0.00","89.9","91.0","90.5","59.1","59.2","59.2","0.50","0.50","0.48","0","0","4"
"09/01/2016","14:59:00","8968","206","8.1","0.005","0.03","91.8","92.7","92.3","59.1","59.2","59.1","0.40","0.40","0.39","0","0","4"
"09/01/2016","14:59:00","9118","209","8.4","0.004","0.01","93.7","91.4","92.7","59.1","59.2","59.2","0.40","0.40","0.43","0","0","4"
"09/01/2016","14:59:00","9267","206","8.7","0.004","0.03","92.0","90.5","91.3","59.1","59.2","59.2","0.60","0.40","0.50","0","0","4"
"09/01/2016","14:59:00","9417","200","8.3","0.006","0.05","87.7","88.7","88.2","59.1","59.2","59.2","0.40","0.50","0.43","0","0","4"
"09/01/2016","14:59:00","9566","200","8.8","0.004","0.04","86.2","85.7","86.0","59.0","59.2","59.1","0.40","0.50","0.45","0","0","4"
"09/01/2016","14:59:00","9715","203","9.2","0.004","-0.05","84.5","85.0","84.8","59.1","59.2","59.1","0.60","0.40","0.50","0","0","4"
"09/01/2016","14:59:00","9865","206","9.0","0.004","-0.08","83.5","83.2","83.4","59.1","59.2","59.1","0.70","0.40","0.54","0","0","4"
"09/01/2016","14:59:00","10014","213","8.5","0.008","-0.15","83.3","84.7","84.1","59.2","59.3","59.2","0.70","0.40","0.57","0","0","4"
"09/01/2016","14:59:00","10164","228","8.0","0.015","-0.10","85.9","84.5","85.3","59.1","59.3","59.2","0.60","0.50","0.55","0","0","4"
"09/01/2016","14:59:00","10313","233","7.2","0.007","-0.12","90.5","86.1","88.9","59.1","59.3","59.2","0.50","0.50","0.50","0","0","4"
"09/01/2016","14:59:00","10463","238","6.2","0.008","-0.02","87.4","87.6","87.5","59.1","59.3","59.2","0.60","0.50","0.51","0","0","4"
"09/01/2016","14:59:00","10612","247","6.4","0.006","-0.07","83.2","85.6","84.6","59.2","59.5","59.3","0.60","0.70","0.63","0","0","4"
"09/01/2016","14:59:00","10762","250","5.6","0.005","-0.08","80.6","83.2","82.1","59.2","59.8","59.5","0.50","1.10","0.77","0","0","4"
"09/01/2016","14:59:00","10911","270","4.6","0.014","0.00","79.5","82.7","81.4","59.2","59.8","59.5","0.50","0.70","0.63","0","0","4"
"09/01/2016","14:59:00","11061","278","4.5","0.004","-0.02","80.3","82.3","81.4","59.3","59.7","59.5","0.60","0.50","0.53","0","0","4"
"09/01/2016","14:59:00","11210","281","5.4","0.006","-0.05","79.3","79.5","79.4","59.4","59.7","59.5","0.50","0.50","0.46","0","0","4"
"09/01/2016","14:59:00","11359","281","7.2","0.012","0.03","77.8","79.6","78.8","59.5","59.7","59.6","0.60","0.70","0.66","0","0","4"
"09/01/2016","14:59:00","11509","283","8.6","0.009","0.01","82.5","83.0","82.8","59.5","59.8","59.6","0.70","0.50","0.60","0","0","4"
"09/01/2016","14:59:00","11658","288","10.7","0.015","0.03","84.0","83.2","83.6","59.6","59.7","59.7","0.90","0.50","0.70","0","0","4"
"09/01/2016","14:59:00","11808","288","12.6","0.013","-0.03","82.9","81.4","82.2","59.7","59.7","59.7","0.80","0.60","0.71","0","0","4"
"09/01/2016","14:59:00","11957","286","14.7","0.014","-0.01","79.4","79.5","79.5","59.5","59.5","59.5","0.90","0.70","0.81","0","0","4"
"09/01/2016","14:59:00","12107","285","17.5","0.018","0.05","79.5","77.7","78.7","59.5","59.5","59.5","1.10","1.00","1.09","0","0","4"
"09/01/2016","14:59:00","12256","281","19.8","0.017","0.06","80.8","78.9","80.0","59.3","59.7","59.5","1.00","1.00","1.01","0","0","4"
"09/01/2016","14:59:00","12406","276","20.9","0.015","0.21","81.6","80.0","80.9","59.3","59.7","59.5","1.30","1.10","1.18","0","0","4"
"09/01/2016","14:59:00","12555","277","23.7","0.019","-0.02","80.9","81.6","81.2","59.3","59.6","59.5","0.80","1.40","1.11","0","0","4"
"09/01/2016","14:59:00","12705","274","25.4","0.014","-0.07","78.8","78.9","78.8","59.3","59.8","59.5","0.70","1.10","0.91","0","0","4"
"09/01/2016","14:59:00","12854","275","27.4","0.014","-0.05","76.8","78.4","77.6","59.3","59.9","59.6","0.80","1.20","1.02","0","0","4"
"09/01/2016","14:59:00","13003","270","29.5","0.021","-0.02","76.0","75.6","75.8","59.3","59.7","59.5","1.00","1.00","1.03","0","0","4"
"09/01/2016","14:59:00","13153","271","30.7","0.008","-0.08","73.8","73.5","73.7","59.3","59.5","59.4","0.90","1.10","1.00","0","0","4"
"09/01/2016","14:59:00","13302","268","33.3","0.021","-0.03","74.3","73.1","73.7","59.3","59.5","59.4","1.00","0.90","0.98","0","0","4"
"09/01/2016","14:59:00","13452","268","34.6","0.009","0.16","72.0","71.5","71.8","59.3","59.5","59.4","0.80","1.00","0.87","0","0","4"
"09/01/2016","14:59:00","13601","268","34.5","0.001","0.07","70.1","71.1","70.6","59.2","59.3","59.3","0.70","0.90","0.84","0","0","4"
"09/01/2016","14:59:00","13751","271","35.6","0.015","-0.14","66.9","70.0","68.7","59.3","59.3","59.3","0.40","0.90","0.65","0","0","4"
"09/01/2016","14:59:00","13900","268","34.6","0.013","-0.12","69.2","67.8","68.6","59.2","59.3","59.3","0.90","0.60","0.74","0","0","4"
"09/01/2016","14:59:00","14050","269","35.4","0.008","0.03","70.2","69.0","69.6","59.2","59.2","59.2","0.90","0.60","0.76","0","1","8"
"09/01/2016","14:59:00","14199","274","30.4","0.038","0.11","77.2","76.6","76.9","59.2","59.3","59.2","1.20","1.60","1.40","0","0","4"
"09/01/2016","14:59:00","14348","272","31.6","0.011","-0.09","85.0","85.2","85.1","59.2","59.2","59.2","1.40","1.70","1.55","0","0","4"
"09/01/2016","14:59:00","14498","276","30.9","0.014","0.01","87.2","87.4","87.3","59.2","59.2","59.2","1.30","2.00","1.64","0","0","4"
"09/01/2016","14:59:00","14647","281","27.8","0.028","0.09","86.2","86.0","86.1","59.2","59.2","59.2","1.40","2.10","1.76","0","0","4"
"09/01/2016","14:59:00","14797","291","24.2","0.039","-0.09","85.9","84.6","85.3","59.2","59.2","59.2","1.50","2.00","1.73","0","0","4"
"09/01/2016","14:59:00","14946","297","22.3","0.020","-0.01","85.3","85.7","85.5","59.2","59.2","59.2","1.30","1.80","1.56","0","0","4"
"09/01/2016","14:59:00","15096","302","20.6","0.018","0.08","83.9","82.9","83.5","59.1","59.1","59.1","1.40","2.00","1.70","0","0","4"
"09/01/2016","14:59:00","15245","316","19.8","0.033","0.02","80.5","79.1","79.8","59.2","59.2","59.2","1.40","1.40","1.38","0","0","4"
"09/01/2016","14:59:00","15395","324","17.4","0.024","-0.13","77.1","76.3","76.7","59.2","59.3","59.2","2.00","1.40","1.72","0","0","4"
"09/01/2016","14:59:00","15544","337","12.7","0.039","-0.08","80.8","79.6","80.2","59.2","59.2","59.2","1.90","0.90","1.39","0","0","4"
"09/01/2016","14:59:00","15694","346","10.3","0.020","0.03","85.8","82.5","84.5","59.2","59.2","59.2","1.70","0.90","1.32","0","0","4"
"09/01/2016","14:59:00","15843","4","6.3","0.031","-0.09","86.8","85.0","86.0","59.1","59.2","59.2","1.80","1.10","1.49","0","0","4"
"09/01/2016","14:59:00","15992","39","3.1","0.027","-0.05","87.8","83.9","86.3","59.2","59.1","59.2","1.70","1.40","1.58","0","0","4"
"09/01/2016","14:59:00","16142","33","1.7","0.010","0.10","84.6","81.1","83.2","59.2","59.2","59.2","1.30","1.20","1.23","0","0","4"
"09/01/2016","14:59:00","16291","59","2.5","0.009","0.19","80.3","79.0","79.7","59.2","59.2","59.2","1.30","1.10","1.17","0","0","4"
"09/01/2016","14:59:00","16441","85","2.9","0.008","0.28","79.6","76.5","78.4","59.2","59.2","59.2","1.20","1.30","1.25","0","0","4"
"09/01/2016","14:59:00","16590","188","2.3","0.027","0.32","77.0","78.6","77.8","59.2","59.2","59.2","1.00","1.50","1.27","0","0","4"
"09/01/2016","14:59:00","16740","177","2.5","0.003","0.29","75.8","77.1","76.5","59.3","59.2","59.2","0.80","1.40","1.12","0","0","4"
"09/01/2016","14:59:00","16889","138","1.3","0.011","0.08","76.1","73.5","75.0","59.3","59.2","59.2","1.60","1.20","1.43","0","0","4"
"09/01/2016","14:59:00","17039","49","2.4","0.018","0.07","75.9","71.5","74.3","59.2","59.2","59.2","1.00","1.10","1.01","0","0","4"
"09/01/2016","14:59:00","17188","77","2.9","0.009","0.29","75.7","72.1","74.2","59.3","59.3","59.3","1.10","1.10","1.13","0","0","4"
"09/01/2016","14:59:00","17338","101","3.1","0.008","0.68","72.3","72.1","72.2","59.3","59.2","59.2","1.40","1.00","1.22","0","0","4"
"09/01/2016","14:59:00","17487","4","1.7","0.025","0.44","71.8","72.7","72.3","59.2","59.3","59.2","1.10","1.00","1.05","0","0","4"
"09/01/2016","14:59:00","17636","37","2.6","0.010","0.30","72.8","74.9","74.0","59.3","59.3","59.3","0.60","1.30","0.96","0","0","4"
"09/01/2016","14:59:00","17786","60","3.9","0.013","0.36","75.0","73.2","74.2","59.2","59.4","59.3","1.20","1.00","1.12","0","0","4"
"09/01/2016","14:59:00","17935","65","4.5","0.005","0.17","73.1","70.7","72.0","59.3","59.3","59.3","0.80","0.80","0.84","0","0","4"
"09/01/2016","14:59:00","18085","64","6.3","0.012","0.40","73.6","68.0","71.7","59.3","59.3","59.3","1.10","0.70","0.91","0","0","4"
"09/01/2016","14:59:00","18234","64","5.4","0.006","0.53","67.8","68.8","68.3","59.3","59.2","59.3","0.70","0.90","0.80","2","0","8"
"09/01/2016","14:59:00","18384","85","6.5","0.016","-0.02","72.0","68.7","70.6","59.4","59.2","59.3","1.10","0.50","0.80","0","0","4"
"09/01/2016","14:59:00","18533","91","6.7","0.005","0.30","76.3","72.1","74.7","59.3","59.2","59.3","1.30","0.80","1.02","0","0","4"
"09/01/2016","14:59:00","18683","107","7.0","0.013","0.46","73.8","71.9","73.0","59.2","59.2","59.2","1.30","0.80","1.06","0","0","4"
"09/01/2016","14:59:00","18832","117","8.2","0.012","0.45","69.8","69.4","69.6","59.2","59.2","59.2","1.30","1.00","1.15","0","0","4"
"09/01/2016","14:59:00","18981","112","7.4","0.007","0.37","69.7","67.7","68.8","59.2","59.2","59.2","1.00","0.90","0.97","0","0","4"
"09/01/2016","14:59:00","19131","101","6.3","0.011","0.37","69.3","65.0","67.7","59.2","59.2","59.2","0.60","0.30","0.45","0","1","8"
"09/01/2016","14:59:00","19280","115","9.0","0.022","-0.38","65.6","66.5","66.1","59.2","59.1","59.2","1.00","0.30","0.67","0","8","4"
"09/01/2016","14:59:00","19430","93","5.8","0.028","-0.78","65.6","65.2","65.4","59.2","59.2","59.2","0.40","1.10","0.75","5","5","4"
