phase,actual_phase_first_sample_utc,requested_phase_start_minus_first_sample_s,event_sample_count,pre_control_sample_count,post_control_sample_count,phase_window_duration_s,control_window_duration_s,phase_start_utc,phase_end_utc,peak_time_utc,peak_elapsed_from_source_s,apparent_speed_mps,event_peak_physical_units,pre_control_peak_physical_units,post_control_peak_physical_units,robust_pre_noise_sigma,peak_snr,event_to_control_peak_ratio,event_samples,pre_control_samples,post_control_samples,data_complete,dominant_frequency_hz,automatic_candidate,manual_review_required,sensor_type,network,station,location,channel,distance_km,source_to_station_azimuth_deg,requested_band_low_hz,requested_band_high_hz,effective_band_low_hz,effective_band_high_hz,physical_units,is_dwpf
tropospheric,2016-09-01T13:11:54.666680,-0.059288,36,36,36,36.012102,36.012102,2016-09-01T13:11:54.607392,2016-09-01T13:12:30.619494,2016-09-01T13:12:09.666680,294.15308,332.0816061427177,0.3018177041136466,0.4343045768280652,0.2979659845135652,0.35793918776123035,0.8432094457200909,0.694944792702776,36,36,36,True,0.2222222222222222,False,False,infrasound,IU,DWPF,30,LDO,97.68282725822732,239.3800458947381,0.2,1.0,0.2,0.45,Pa,True
stratospheric,2016-09-01T13:12:30.666680,-0.047186,61,60,61,60.597287,60.597287,2016-09-01T13:12:30.619494,2016-09-01T13:13:31.216782,2016-09-01T13:12:52.666680,337.15308,289.72841433994114,0.4901082453713371,0.4343045768280652,0.42678217093150617,0.3544450670823106,1.3827481065141254,1.1284897086529295,61,60,61,True,0.22950819672131148,False,False,infrasound,IU,DWPF,30,LDO,97.68282725822732,239.3800458947381,0.2,1.0,0.2,0.45,Pa,True
thermospheric_or_slow,2016-09-01T13:13:31.666680,-0.449898,167,167,167,166.979192,166.979192,2016-09-01T13:13:31.216782,2016-09-01T13:16:18.195974,2016-09-01T13:15:42.666680,507.15308,192.61014299317145,0.7416278294770895,0.5521312115470899,0.42678217093150617,0.2224645044953259,3.333690609023299,1.3432093929249604,167,167,167,True,0.23353293413173654,True,True,infrasound,IU,DWPF,30,LDO,97.68282725822732,239.3800458947381,0.2,1.0,0.2,0.45,Pa,True
tropospheric,2016-09-01T13:15:22.421000,-0.009032,2513,2513,2513,62.825596,62.825596,2016-09-01T13:15:22.411968,2016-09-01T13:16:25.237563,2016-09-01T13:16:15.521000,540.0074,315.5779507497326,0.37850690231154055,0.32020987631628356,0.687499246332707,0.05386369206965269,7.027125096105228,0.5505560978147847,2513,2513,2513,True,0.23875845602865098,False,False,infrasound,N4,060A,EP,BDF,170.41442868169113,172.79423978290907,0.2,1.0,0.2,1.0,Pa,False
stratospheric,2016-09-01T13:16:25.246000,-0.008437,4229,4229,4229,105.716147,105.716147,2016-09-01T13:16:25.237563,2016-09-01T13:18:10.953710,2016-09-01T13:16:27.146000,551.6324,308.9275189087718,0.4148946882015004,0.3234492519024657,0.8112189229446009,0.05838252889322551,7.106487095827793,0.511446018413249,4229,4229,4229,True,0.4161740364152282,False,False,infrasound,N4,060A,EP,BDF,170.41442868169113,172.79423978290907,0.2,1.0,0.2,1.0,Pa,False
thermospheric_or_slow,2016-09-01T13:18:10.971000,-0.01729,11652,11652,11652,291.306716,291.306716,2016-09-01T13:18:10.953710,2016-09-01T13:23:02.260426,2016-09-01T13:18:45.396000,689.8824,247.0195335925241,1.1967411162132444,0.3623714040816741,1.0254124059780412,0.04535210540879973,26.387774182167057,1.16708273591813,11652,11652,11652,True,0.28149673875729486,False,False,infrasound,N4,060A,EP,BDF,170.41442868169113,172.79423978290907,0.2,1.0,0.2,1.0,Pa,False
tropospheric,2016-09-01T13:17:17.596000,-0.006589,3108,3107,3108,77.687201,77.687201,2016-09-01T13:17:17.589411,2016-09-01T13:18:35.276612,2016-09-01T13:17:28.196000,612.6824,343.9408961101314,0.1441089445499294,0.13951854364161445,0.17714521880443862,0.04001655934092461,3.6012327627215655,0.8135073897140855,3108,3107,3108,True,0.23166023166023164,False,False,infrasound,N4,656A,EP,BDF,210.72653368690598,295.5861346961097,0.2,1.0,0.2,1.0,Pa,False
stratospheric,2016-09-01T13:18:35.296000,-0.019388,5229,5229,5229,130.723656,130.723656,2016-09-01T13:18:35.276612,2016-09-01T13:20:46.000268,2016-09-01T13:19:25.346000,729.8324,288.73277438341455,0.7402924407062693,0.13951854364161445,0.17714521880443862,0.03434767670845856,21.55291162746861,4.1790145153368385,5229,5229,5229,True,0.4130808950086059,True,True,infrasound,N4,656A,EP,BDF,210.72653368690598,295.5861346961097,0.2,1.0,0.2,1.0,Pa,False
thermospheric_or_slow,2016-09-01T13:20:46.021000,-0.020732,14408,14408,14409,360.216297,360.216297,2016-09-01T13:20:46.000268,2016-09-01T13:26:46.216565,2016-09-01T13:26:46.196000,1170.6824,180.00316199073805,0.3577192654875131,0.24067925811385424,0.31131143084909085,0.02722583131814673,13.138965760398428,1.149072054668364,14408,14408,14409,True,0.2665186007773459,False,False,infrasound,N4,656A,EP,BDF,210.72653368690598,295.5861346961097,0.2,1.0,0.2,1.0,Pa,False
tropospheric,2016-09-01T13:20:28.621000,-0.009239,4094,4093,4093,102.335247,102.335247,2016-09-01T13:20:28.611761,2016-09-01T13:22:10.947008,2016-09-01T13:21:09.271000,833.7574,332.93180533488504,0.26529785068975265,0.3581418572844261,0.13500139794944244,0.03500698015399666,7.578427202880687,0.7407619223883698,4094,4093,4093,True,0.27357107962872496,False,False,infrasound,N4,456A,EP,BDF,277.58435639331987,330.08469329594095,0.2,1.0,0.2,1.0,Pa,False
stratospheric,2016-09-01T13:22:10.971000,-0.023992,6887,6888,6888,172.198732,172.198732,2016-09-01T13:22:10.947008,2016-09-01T13:25:03.145740,2016-09-01T13:22:13.321000,897.8074,309.18029456353315,0.18334175481692433,0.3581418572844261,0.15333135846724663,0.03488366331131889,5.255805652654446,0.5119249567953168,6887,6888,6888,True,0.2729780746333672,False,False,infrasound,N4,456A,EP,BDF,277.58435639331987,330.08469329594095,0.2,1.0,0.2,1.0,Pa,False
thermospheric_or_slow,2016-09-01T13:25:03.146000,-0.00026,18981,18980,18980,474.503173,474.503173,2016-09-01T13:25:03.145740,2016-09-01T13:32:57.648913,2016-09-01T13:28:51.746000,1296.2324,214.14705911788644,0.7269978564956516,0.3581418572844261,0.15333135846724663,0.019279091386308345,37.70913483049062,2.0299159165813188,18981,18980,18980,True,0.2823876508087034,True,True,infrasound,N4,456A,EP,BDF,277.58435639331987,330.08469329594095,0.2,1.0,0.2,1.0,Pa,False
tropospheric,2016-09-01T13:21:34.221000,-0.014974,4432,4432,4432,110.799023,110.799023,2016-09-01T13:21:34.206026,2016-09-01T13:23:25.005048,2016-09-01T13:22:31.171000,915.6574,328.2257632423378,0.7484295283863838,0.4121450059581663,0.8110266700920312,0.1407860517317501,5.316077261776052,0.9228174066106306,4432,4432,4432,True,0.21660649819494585,False,False,infrasound,N4,061Z,EP,BDF,300.5423489834946,186.3168496798582,0.2,1.0,0.2,1.0,Pa,False
stratospheric,2016-09-01T13:23:25.021000,-0.015952,7457,7458,7458,186.440663,186.440663,2016-09-01T13:23:25.005048,2016-09-01T13:26:31.445711,2016-09-01T13:26:17.471000,1141.9574,263.18175177418584,0.7293536416662523,0.6515413790412989,0.8110266700920312,0.14950554457929488,4.8784387476640845,0.8992967414789071,7457,7458,7458,True,0.2789325466005096,False,False,infrasound,N4,061Z,EP,BDF,300.5423489834946,186.3168496798582,0.2,1.0,0.2,1.0,Pa,False
thermospheric_or_slow,2016-09-01T13:26:31.446000,-0.000289,20550,20550,20550,513.747605,513.747605,2016-09-01T13:26:31.445711,2016-09-01T13:35:05.193317,2016-09-01T13:32:35.196000,1519.6824,197.76655239508904,0.8991431158923884,0.7810118373231921,0.9204166852969771,0.09313652492721945,9.654033330049776,0.9768870232967097,20550,20550,20550,True,0.24720194647201948,False,False,infrasound,N4,061Z,EP,BDF,300.5423489834946,186.3168496798582,0.2,1.0,0.2,1.0,Pa,False
tropospheric,2016-09-01T13:25:23.446000,-0.004713,5615,5615,5615,140.377766,140.377766,2016-09-01T13:25:23.441287,2016-09-01T13:27:43.819053,2016-09-01T13:26:28.871000,1153.3574,330.14457656966556,0.04459625005916047,0.18096729189156613,0.13712703418470934,0.017628792167992142,2.5297393964478188,0.24643265417201535,5615,5615,5615,True,0.25645592163846836,False,False,infrasound,N4,257A,EP,BDF,380.7746904564904,353.59856379226915,0.2,1.0,0.2,1.0,Pa,False
stratospheric,2016-09-01T13:27:43.821000,-0.001947,9449,9448,9448,236.212587,236.212587,2016-09-01T13:27:43.819053,2016-09-01T13:31:40.031640,2016-09-01T13:30:02.971000,1367.4574,278.4545174544307,0.16369633105846465,0.18096729189156613,0.17082141181399463,0.01602337609866083,10.216094913489908,0.9045630806949906,9449,9448,9448,True,0.2878611493279712,False,False,infrasound,N4,257A,EP,BDF,380.7746904564904,353.59856379226915,0.2,1.0,0.2,1.0,Pa,False
thermospheric_or_slow,2016-09-01T13:31:40.046000,-0.01436,26036,26036,26036,650.896907,650.896907,2016-09-01T13:31:40.031640,2016-09-01T13:42:30.928547,2016-09-01T13:40:11.346000,1975.8324,192.71608789110374,0.35233655132739883,0.18096729189156613,0.17082141181399463,0.011350930936962236,31.04032200390535,1.946962612108466,26036,26036,26036,True,0.24274082040251957,True,True,infrasound,N4,257A,EP,BDF,380.7746904564904,353.59856379226915,0.2,1.0,0.2,1.0,Pa,False
tropospheric,2016-09-01T13:27:02.096000,-0.010962,6124,6124,6124,153.105992,153.105992,2016-09-01T13:27:02.085038,2016-09-01T13:29:35.191030,2016-09-01T13:28:59.196000,1303.6824,318.55918530139724,0.23726514172919372,0.07353903094971288,0.06194055804965588,0.01090595550788776,21.755557461938213,3.22638384902623,6124,6124,6124,True,0.27433050293925537,True,True,infrasound,N4,255A,EP,BDF,415.3000032357702,334.3699071311997,0.2,1.0,0.2,1.0,Pa,False
stratospheric,2016-09-01T13:29:35.196000,-0.00497,10306,10305,10305,257.630275,257.630275,2016-09-01T13:29:35.191030,2016-09-01T13:33:52.821305,2016-09-01T13:31:16.821000,1441.3074,288.14117185256265,0.2959129385117666,0.23282344163226515,0.06194055804965588,0.013710605830460307,21.582776295293137,1.2709757077603407,10306,10305,10305,True,0.24063652241412767,True,True,infrasound,N4,255A,EP,BDF,415.3000032357702,334.3699071311997,0.2,1.0,0.2,1.0,Pa,False
thermospheric_or_slow,2016-09-01T13:33:52.846000,-0.024695,28396,28397,28397,709.914535,709.914535,2016-09-01T13:33:52.821305,2016-09-01T13:45:42.735840,2016-09-01T13:34:15.871000,1620.3574,256.30148215188217,0.33930331699796024,0.2558004047849878,0.5626787663345452,0.013824730144767594,24.5432144747057,0.6030142548443436,28396,28397,28397,True,0.22397520777574303,False,False,infrasound,N4,255A,EP,BDF,415.3000032357702,334.3699071311997,0.2,1.0,0.2,1.0,Pa,False
tropospheric,2016-09-01T13:27:48.271000,-0.008814,6363,6362,6362,159.064334,159.064334,2016-09-01T13:27:48.262186,2016-09-01T13:30:27.326520,2016-09-01T13:29:09.596000,1314.0824,328.3371006009944,0.051246657847620516,0.09095796784773469,0.5802815464890568,0.01667908284560386,3.0725105404178565,0.0883134370852976,6363,6362,6362,True,0.2514537168002514,False,False,infrasound,TA,TIGA,EP,BDF,431.46200516679613,318.3969686873731,0.2,1.0,0.2,1.0,Pa,False
stratospheric,2016-09-01T13:30:27.346000,-0.01948,10706,10706,10706,267.656331,267.656331,2016-09-01T13:30:27.326520,2016-09-01T13:34:54.982851,2016-09-01T13:32:09.046000,1493.5324,288.88694022760814,0.10605888386761132,0.09095796784773469,0.5802815464890568,0.015422529998145315,6.876879725983076,0.18277142278487296,10706,10706,10706,True,0.2652718101998879,False,False,infrasound,TA,TIGA,EP,BDF,431.46200516679613,318.3969686873731,0.2,1.0,0.2,1.0,Pa,False
thermospheric_or_slow,2016-09-01T13:34:54.996000,-0.013149,29502,29502,29501,737.541889,737.541889,2016-09-01T13:34:54.982851,2016-09-01T13:47:12.524740,2016-09-01T13:45:24.496000,2288.9824,188.49511694226928,0.26530850534129935,0.12099748008543731,0.5802815464890568,0.013948674958796245,19.02033749621442,0.4572065180196156,29502,29502,29501,True,0.2698122161209409,False,False,infrasound,TA,TIGA,EP,BDF,431.46200516679613,318.3969686873731,0.2,1.0,0.2,1.0,Pa,False
tropospheric,2016-09-01T13:31:33.821000,-0.006172,7527,7526,7526,188.1679,188.1679,2016-09-01T13:31:33.814828,2016-09-01T13:34:41.982729,2016-09-01T13:34:24.446000,1628.9324,313.3373919936013,0.02492778547818303,0.01919299031380014,0.04675772831223967,0.00623669765196038,3.9969526934414534,0.5331265306928467,7527,7526,7526,True,0.22851069483193834,False,False,infrasound,N4,154A,EP,BDF,510.40542994987766,332.2587604275699,0.2,1.0,0.2,1.0,Pa,False
stratospheric,2016-09-01T13:34:41.996000,-0.013271,12665,12665,12665,316.628679,316.628679,2016-09-01T13:34:41.982729,2016-09-01T13:39:58.611408,2016-09-01T13:36:16.096000,1740.5824,293.23830342641503,0.05708000981532487,0.01919299031380014,0.04675772831223967,0.006078340620401673,9.390722465229807,1.2207609709812006,12665,12665,12665,True,0.2684563758389262,False,False,infrasound,N4,154A,EP,BDF,510.40542994987766,332.2587604275699,0.2,1.0,0.2,1.0,Pa,False
thermospheric_or_slow,2016-09-01T13:39:58.621000,-0.009593,34900,34899,34899,872.487914,872.487914,2016-09-01T13:39:58.611408,2016-09-01T13:54:31.099322,2016-09-01T13:54:09.421000,2813.9074,181.38671867804806,0.033251384614433166,0.027176117514370237,0.04675772831223967,0.005327966626566224,6.240914582429182,0.7111420039995617,34900,34899,34899,True,0.23839541547277934,False,False,infrasound,N4,154A,EP,BDF,510.40542994987766,332.2587604275699,0.2,1.0,0.2,1.0,Pa,False
tropospheric,2016-09-01T13:32:28.996000,-0.024649,7811,7812,7811,195.284871,195.284871,2016-09-01T13:32:28.971351,2016-09-01T13:35:44.256222,2016-09-01T13:35:01.521000,1666.0074,317.9518966889854,0.06466481060286221,0.1490218268806907,0.0485670010645914,0.023801797476686738,2.716803664353491,0.433928451666573,7811,7812,7811,True,0.204839329151197,False,False,infrasound,N4,352A,EP,BDF,529.7102127278853,308.692082551164,0.2,1.0,0.2,1.0,Pa,False
stratospheric,2016-09-01T13:35:44.271000,-0.014778,13144,13145,13144,328.60435,328.60435,2016-09-01T13:35:44.256222,2016-09-01T13:41:12.860572,2016-09-01T13:40:26.246000,1990.7324,266.0881054268696,0.32259735949339563,0.1490218268806907,0.11149038306877937,0.023652646611080835,13.638954016345242,2.1647658349516297,13144,13145,13144,True,0.2556299452221546,True,True,infrasound,N4,352A,EP,BDF,529.7102127278853,308.692082551164,0.2,1.0,0.2,1.0,Pa,False
thermospheric_or_slow,2016-09-01T13:41:12.871000,-0.010428,36220,36220,36219,905.487543,905.487543,2016-09-01T13:41:12.860572,2016-09-01T13:56:18.348115,2016-09-01T13:49:20.621000,2525.1074,209.77730005776596,0.2874544277240916,0.22866350155823478,0.2972017788654104,0.01524003908053102,18.861790721475998,0.9672029179013327,36220,36220,36219,True,0.24958586416344564,False,False,infrasound,N4,352A,EP,BDF,529.7102127278853,308.692082551164,0.2,1.0,0.2,1.0,Pa,False
tropospheric,2016-09-01T13:33:27.146000,-0.012006,8112,8112,8112,202.789728,202.789728,2016-09-01T13:33:27.133994,2016-09-01T13:36:49.923722,2016-09-01T13:34:03.671000,1608.1574,342.0480717601919,0.958861232148853,0.82956713929654,0.5055001358016686,0.135213533699406,7.091459012383353,1.1558572980144228,8112,8112,8112,True,0.29092702169625245,False,False,infrasound,N4,451A,EP,BDF,550.0671377568837,295.70858019005055,0.2,1.0,0.2,1.0,Pa,False
stratospheric,2016-09-01T13:36:49.946000,-0.022278,13649,13649,13650,341.232716,341.232716,2016-09-01T13:36:49.923722,2016-09-01T13:42:31.156438,2016-09-01T13:36:59.221000,1783.7074,308.3841765509767,0.984139604806406,0.82956713929654,1.261200517630216,0.1378991670515423,7.136660980980155,0.7803196962332328,13649,13649,13650,True,0.24617188072386254,False,False,infrasound,N4,451A,EP,BDF,550.0671377568837,295.70858019005055,0.2,1.0,0.2,1.0,Pa,False
thermospheric_or_slow,2016-09-01T13:42:31.171000,-0.014562,37611,37611,37612,940.285706,940.285706,2016-09-01T13:42:31.156438,2016-09-01T13:58:11.442143,2016-09-01T13:48:19.271000,2463.7574,223.2635152133419,0.951655800110304,1.5556223100571545,1.261200517630216,0.13654392523514494,6.969594571647469,0.6117524761362799,37611,37611,37612,True,0.27438781207625423,False,False,infrasound,N4,451A,EP,BDF,550.0671377568837,295.70858019005055,0.2,1.0,0.2,1.0,Pa,False
tropospheric,2016-09-01T13:35:46.371000,-0.018928,8830,8830,8831,220.753351,220.753351,2016-09-01T13:35:46.352072,2016-09-01T13:39:27.105424,2016-09-01T13:36:13.546000,1738.0324,344.523764552825,0.06827548119913124,0.03835506575278688,0.30017012581373514,0.012852668688880126,5.312163788848134,0.22745595023502868,8830,8830,8831,True,0.2446206115515289,False,False,infrasound,N4,Y58A,EP,BDF,598.7934653627814,8.097919197667187,0.2,1.0,0.2,1.0,Pa,False
stratospheric,2016-09-01T13:39:27.121000,-0.015576,14858,14859,14859,371.459966,371.459966,2016-09-01T13:39:27.105424,2016-09-01T13:45:38.565390,2016-09-01T13:44:57.721000,2262.2074,264.6943270377338,0.041417257859478196,0.03835506575278688,0.30017012581373514,0.01139195427384829,3.6356587170084493,0.13797928007392343,14858,14859,14859,True,0.26652308520662266,False,False,infrasound,N4,Y58A,EP,BDF,598.7934653627814,8.097919197667187,0.2,1.0,0.2,1.0,Pa,False
thermospheric_or_slow,2016-09-01T13:45:38.571000,-0.00561,40943,40943,40944,1023.578573,1023.578573,2016-09-01T13:45:38.565390,2016-09-01T14:02:42.143963,2016-09-01T13:56:55.746000,2980.2324,200.9217352857386,0.13200841399439747,0.03835506575278688,0.30017012581373514,0.009373765310738792,14.082752193845277,0.4397786543098988,40943,40943,40944,True,0.2510807708277361,False,False,infrasound,N4,Y58A,EP,BDF,598.7934653627814,8.097919197667187,0.2,1.0,0.2,1.0,Pa,False
tropospheric,2016-09-01T13:36:01.271000,-0.022057,8907,8907,8907,222.675528,222.675528,2016-09-01T13:36:01.248943,2016-09-01T13:39:43.924471,2016-09-01T13:39:30.546000,1935.0324,312.1432851248199,0.018834072037811872,0.017614304233802912,0.05514481028469151,0.006197336102458099,3.0390593194294504,0.3415384320043678,8907,8907,8907,True,0.26496014370719656,False,False,infrasound,N4,152A,EP,BDF,604.0073701589646,319.94043308271335,0.2,1.0,0.2,1.0,Pa,False
stratospheric,2016-09-01T13:39:43.946000,-0.021529,14987,14988,14988,374.694398,374.694398,2016-09-01T13:39:43.924471,2016-09-01T13:45:58.618870,2016-09-01T13:43:38.896000,2183.3824,276.63838004692377,0.11206302062410814,0.023387796168528027,0.11143948125045952,0.006546100744141483,17.1190491873197,1.0055953183436597,14987,14988,14988,True,0.25355307933542404,False,False,infrasound,N4,152A,EP,BDF,604.0073701589646,319.94043308271335,0.2,1.0,0.2,1.0,Pa,False
thermospheric_or_slow,2016-09-01T13:45:58.621000,-0.00213,41300,41300,41300,1032.491231,1032.491231,2016-09-01T13:45:58.618870,2016-09-01T14:03:11.110101,2016-09-01T13:51:49.246000,2673.7324,225.90419675468067,0.1564118649547818,0.06370825723832996,0.11143948125045952,0.006864947426632859,22.784131506670427,1.4035588033943476,41300,41300,41300,True,0.22953995157384988,True,True,infrasound,N4,152A,EP,BDF,604.0073701589646,319.94043308271335,0.2,1.0,0.2,1.0,Pa,False
tropospheric,2016-09-01T13:36:04.000001,-0.219582,223,223,223,223.00217,223.00217,2016-09-01T13:36:03.780419,2016-09-01T13:39:46.782589,2016-09-01T13:37:10.000001,1794.486401,337.0844083115202,0.0003078268873720661,0.00020746530443968908,0.00025475085383696016,9.037992714932728e-05,3.4059209503839187,1.2083448700394719,223,223,223,True,0.2600896860986547,False,False,infrasound,US,GOGA,30,LDO,604.8933867041543,333.52526189701126,0.2,1.0,0.2,0.30000000000000004,Pa,False
stratospheric,2016-09-01T13:39:47.000001,-0.217412,376,375,375,375.244036,375.244036,2016-09-01T13:39:46.782589,2016-09-01T13:46:02.026626,2016-09-01T13:44:49.000001,2253.486401,268.4255766689911,0.00020735780843205012,0.00024259070771007662,0.00032920269184824667,0.00010169626099924274,2.038991467283091,0.6298788362509391,376,375,375,True,0.2765957446808511,False,False,infrasound,US,GOGA,30,LDO,604.8933867041543,333.52526189701126,0.2,1.0,0.2,0.30000000000000004,Pa,False
thermospheric_or_slow,2016-09-01T13:46:03.000001,-0.973375,1034,1034,1034,1034.005789,1034.005789,2016-09-01T13:46:02.026626,2016-09-01T14:03:16.032415,2016-09-01T13:55:53.000001,2917.486401,207.33374678175724,0.00031434901058190624,0.0002885564780483661,0.00032920269184824667,8.152211855728982e-05,3.855996582829197,0.9548798304687388,1034,1034,1034,True,0.2195357833655706,False,False,infrasound,US,GOGA,30,LDO,604.8933867041543,333.52526189701126,0.2,1.0,0.2,0.30000000000000004,Pa,False
tropospheric,2016-09-01T13:36:04.346000,-0.011918,8923,8923,8923,223.073611,223.073611,2016-09-01T13:36:04.334082,2016-09-01T13:39:47.407693,2016-09-01T13:36:52.621000,1777.1074,340.4899269017905,0.6694767623194076,0.5892831256386935,0.3013071029504286,0.11806534560443033,5.670391755447382,1.1360867691464887,8923,8923,8923,True,0.2375882550711644,False,False,infrasound,N4,Y57A,EP,BDF,605.0871687226311,1.6268563581087911,0.2,1.0,0.2,1.0,Pa,False
stratospheric,2016-09-01T13:39:47.421000,-0.013307,15015,15015,15015,375.364249,375.364249,2016-09-01T13:39:47.407693,2016-09-01T13:46:02.771941,2016-09-01T13:42:44.371000,2128.8574,284.2309535258825,0.4655684506731482,0.5892831256386935,0.717830300802907,0.07527783962195989,6.184668064482201,0.6485773171631247,15015,15015,15015,True,0.25041625041625043,False,False,infrasound,N4,Y57A,EP,BDF,605.0871687226311,1.6268563581087911,0.2,1.0,0.2,1.0,Pa,False
thermospheric_or_slow,2016-09-01T13:46:02.796000,-0.024059,41373,41373,41374,1034.337041,1034.337041,2016-09-01T13:46:02.771941,2016-09-01T14:03:17.108982,2016-09-01T13:56:08.571000,2933.0574,206.29912279337972,1.0199493829539015,0.5892831256386935,0.717830300802907,0.03137235541318341,32.51108721423239,1.4208781404366304,41373,41373,41374,True,0.26780750731153163,True,True,infrasound,N4,Y57A,EP,BDF,605.0871687226311,1.6268563581087911,0.2,1.0,0.2,1.0,Pa,False
tropospheric,2016-09-01T13:36:56.246000,-0.022773,9190,9191,9191,229.768984,229.768984,2016-09-01T13:36:56.223227,2016-09-01T13:40:45.992211,2016-09-01T13:39:40.771000,1945.2574,320.3937789932876,0.3747570595859995,0.09777669261202968,0.19754338080838743,0.0159538478027872,23.49007363104767,1.897087404561053,9190,9191,9191,True,0.27856365614798695,True,True,infrasound,N4,Y59A,EP,BDF,623.2483695006572,14.649698765518455,0.2,1.0,0.2,1.0,Pa,False
stratospheric,2016-09-01T13:40:45.996000,-0.003789,15466,15466,15465,386.630502,386.630502,2016-09-01T13:40:45.992211,2016-09-01T13:47:12.622713,2016-09-01T13:41:04.771000,2029.2574,307.1312537781837,0.4341339003446027,0.09777669261202968,0.4245765776232456,0.01570558848083027,27.64200149994331,1.0225102448534924,15466,15466,15465,True,0.3000129315918789,False,False,infrasound,N4,Y59A,EP,BDF,623.2483695006572,14.649698765518455,0.2,1.0,0.2,1.0,Pa,False
thermospheric_or_slow,2016-09-01T13:47:12.646000,-0.023287,42615,42616,42615,1065.381828,1065.381828,2016-09-01T13:47:12.622713,2016-09-01T14:04:58.004542,2016-09-01T13:51:48.521000,2673.0074,233.16372768016174,0.3146462645405952,0.33874922187081274,0.4671923338467062,0.01577907988346426,19.94072321481367,0.6734833637998777,42615,42616,42615,True,0.25530916344010324,False,False,infrasound,N4,Y59A,EP,BDF,623.2483695006572,14.649698765518455,0.2,1.0,0.2,1.0,Pa,False
tropospheric,2016-09-01T13:37:55.246000,-0.005279,9496,9495,9495,237.384145,237.384145,2016-09-01T13:37:55.240721,2016-09-01T13:41:52.624866,2016-09-01T13:41:52.621000,2077.1074,310.00057698229136,0.1432594108372297,0.11204611841274117,0.11471103120530138,0.022021257610309593,6.5055054244568025,1.2488721383807853,9496,9495,9495,True,0.24431339511373207,False,False,infrasound,N4,Y60A,EP,BDF,643.904492454187,19.827904054323223,0.2,1.0,0.2,1.0,Pa,False
stratospheric,2016-09-01T13:41:52.646000,-0.021134,15977,15977,15978,399.444474,399.444474,2016-09-01T13:41:52.624866,2016-09-01T13:48:32.069340,2016-09-01T13:44:52.271000,2256.7574,285.32286742659494,0.35346531424012184,0.11204611841274117,0.18230713113648017,0.018129242635687146,19.49697079702219,1.9388452444874902,15977,15977,15978,True,0.24785629342179383,True,True,infrasound,N4,Y60A,EP,BDF,643.904492454187,19.827904054323223,0.2,1.0,0.2,1.0,Pa,False
thermospheric_or_slow,2016-09-01T13:48:32.071000,-0.00166,44028,44027,44028,1100.69144,1100.69144,2016-09-01T13:48:32.069340,2016-09-01T14:06:52.760780,2016-09-01T14:01:18.971000,3243.4574,198.52410962887535,0.19125314846238473,0.11895416225088909,0.9180898952127704,0.01651228371557394,11.582477127739752,0.20831636363676692,44028,44027,44028,True,0.21077496138820748,False,False,infrasound,N4,Y60A,EP,BDF,643.904492454187,19.827904054323223,0.2,1.0,0.2,1.0,Pa,False
tropospheric,2016-09-01T13:38:57.146000,-0.019261,9815,9815,9815,245.369437,245.369437,2016-09-01T13:38:57.126739,2016-09-01T13:43:02.496176,2016-09-01T13:39:22.871000,1927.3574,345.324950432526,0.1953693477843405,0.24737807897189537,0.26563516980473756,0.012653721076941427,15.439675538633248,0.7354799740107912,9815,9815,9815,True,0.24859908303616912,False,False,infrasound,N4,250A,EP,BDF,665.5645986207622,306.07593292936497,0.2,1.0,0.2,1.0,Pa,False
stratospheric,2016-09-01T13:43:02.521000,-0.024824,16515,16516,16516,412.881265,412.881265,2016-09-01T13:43:02.496176,2016-09-01T13:49:55.377441,2016-09-01T13:49:09.521000,2514.0074,264.7424978227042,0.13812842626851612,0.24737807897189537,0.617746138342963,0.01059977597934711,13.03125901317625,0.22360063089836651,16515,16516,16516,True,0.29306690887072356,False,False,infrasound,N4,250A,EP,BDF,665.5645986207622,306.07593292936497,0.2,1.0,0.2,1.0,Pa,False
thermospheric_or_slow,2016-09-01T13:49:55.396000,-0.018559,45508,45509,45509,1137.717263,1137.717263,2016-09-01T13:49:55.377441,2016-09-01T14:08:53.094703,2016-09-01T13:51:55.696000,2680.1824,248.3280983491132,0.3582907304963635,0.24737807897189537,0.617746138342963,0.007328068199175072,48.892930682153946,0.5799967142772264,45508,45509,45509,True,0.2724795640326975,False,False,infrasound,N4,250A,EP,BDF,665.5645986207622,306.07593292936497,0.2,1.0,0.2,1.0,Pa,False
tropospheric,2016-09-01T13:39:23.496000,-0.015722,9951,9951,9951,248.769894,248.769894,2016-09-01T13:39:23.480278,2016-09-01T13:43:32.250172,2016-09-01T13:40:33.221000,1997.7074,337.7813674750928,0.3354245591097119,0.21737729467805655,0.7201798558597279,0.028631028743466992,11.715421129820522,0.46575109867422315,9951,9951,9951,True,0.22912270123605666,False,False,infrasound,N4,X58A,EP,BDF,674.7883373871122,9.714654753433663,0.2,1.0,0.2,1.0,Pa,False
stratospheric,2016-09-01T13:43:32.271000,-0.020828,16744,16744,16744,418.603187,418.603187,2016-09-01T13:43:32.250172,2016-09-01T13:50:30.853359,2016-09-01T13:45:33.546000,2298.0324,293.6374340880103,0.46782368080642134,0.22962483255248398,0.7201798558597279,0.029589637434213348,15.810389087954656,0.6495928440652485,16744,16744,16744,True,0.22455805064500714,False,False,infrasound,N4,X58A,EP,BDF,674.7883373871122,9.714654753433663,0.2,1.0,0.2,1.0,Pa,False
thermospheric_or_slow,2016-09-01T13:50:30.871000,-0.017641,46139,46140,46140,1153.484337,1153.484337,2016-09-01T13:50:30.853359,2016-09-01T14:09:44.337697,2016-09-01T14:05:56.221000,3520.7074,191.6627145405813,0.48096321523030533,0.27758378598440875,0.7201798558597279,0.028573722106791342,16.83236133650194,0.6678376398853126,46139,46140,46140,True,0.22627278441231927,False,False,infrasound,N4,X58A,EP,BDF,674.7883373871122,9.714654753433663,0.2,1.0,0.2,1.0,Pa,False
tropospheric,2016-09-01T13:39:24.271000,-0.002794,9955,9954,9955,248.871562,248.871562,2016-09-01T13:39:24.268206,2016-09-01T13:43:33.139768,2016-09-01T13:43:33.121000,2177.6074,310.0026718400524,0.022517001303358285,0.04027495356922782,0.04470992037269107,0.009843682564171135,2.2874570727539787,0.503624276573566,9955,9954,9955,True,0.21295831240582624,False,False,infrasound,N4,Y52A,EP,BDF,675.0641122186697,331.42254403883425,0.2,1.0,0.2,1.0,Pa,False
stratospheric,2016-09-01T13:43:33.146000,-0.006232,16751,16751,16751,418.774263,418.774263,2016-09-01T13:43:33.139768,2016-09-01T13:50:31.914032,2016-09-01T13:43:33.146000,2177.6324,309.99911289833386,0.0285392775111393,0.04027495356922782,0.1242157752158444,0.008314068494817731,3.4326488323891255,0.22975566075683887,16751,16751,16751,True,0.25550713390245355,False,False,infrasound,N4,Y52A,EP,BDF,675.0641122186697,331.42254403883425,0.2,1.0,0.2,1.0,Pa,False
thermospheric_or_slow,2016-09-01T13:50:31.921000,-0.006968,46158,46158,46159,1153.955747,1153.955747,2016-09-01T13:50:31.914032,2016-09-01T14:09:45.869779,2016-09-01T13:54:56.296000,2860.7824,235.97184889653605,0.07439038733630562,0.04027495356922782,0.15424467619897936,0.006461738061254959,11.51244241581931,0.4822882006011036,46158,46158,46159,True,0.21924693444256682,False,False,infrasound,N4,Y52A,EP,BDF,675.0641122186697,331.42254403883425,0.2,1.0,0.2,1.0,Pa,False
tropospheric,2016-09-01T13:39:55.671000,-0.003886,10117,10117,10117,252.923034,252.923034,2016-09-01T13:39:55.667114,2016-09-01T13:44:08.590148,2016-09-01T13:41:55.321000,2079.8074,329.8640680851509,0.043088613065221465,0.02698805199782484,0.06994185333088684,0.008513620448165504,5.061138598738696,0.616063358535471,10117,10117,10117,True,0.27280814470692893,False,False,infrasound,N4,Z51A,EP,BDF,686.0537297976008,321.3506707704629,0.2,1.0,0.2,1.0,Pa,False
stratospheric,2016-09-01T13:44:08.596000,-0.005852,17024,17023,17023,425.591644,425.591644,2016-09-01T13:44:08.590148,2016-09-01T13:51:14.181792,2016-09-01T13:46:52.546000,2377.0324,288.61774446053016,0.050152327708559936,0.02870525391090124,0.06994185333088684,0.008087415881301324,6.201279672597975,0.7170574601633024,17024,17023,17023,True,0.20676691729323307,False,False,infrasound,N4,Z51A,EP,BDF,686.0537297976008,321.3506707704629,0.2,1.0,0.2,1.0,Pa,False
thermospheric_or_slow,2016-09-01T13:51:14.196000,-0.014208,46910,46909,46909,1172.741418,1172.741418,2016-09-01T13:51:14.181792,2016-09-01T14:10:46.923210,2016-09-01T13:53:46.271000,2790.7574,245.83065865832722,0.045725664260802976,0.02870525391090124,0.06994185333088684,0.006249916604649777,7.316203903710373,0.653766837496858,46910,46909,46909,True,0.23108079300788742,False,False,infrasound,N4,Z51A,EP,BDF,686.0537297976008,321.3506707704629,0.2,1.0,0.2,1.0,Pa,False
tropospheric,2016-09-01T13:42:09.596000,-0.016341,10808,10808,10808,270.202072,270.202072,2016-09-01T13:42:09.579659,2016-09-01T13:46:39.781731,2016-09-01T13:45:55.496000,2319.9824,315.917534833066,0.028435980869308264,0.02333810741796038,0.13239654662124792,0.006101904941602543,4.660180901120384,0.2147788714660074,10808,10808,10808,True,0.23316062176165805,False,False,infrasound,N4,W57A,EP,BDF,732.9231206640999,4.1756116038820945,0.2,1.0,0.2,1.0,Pa,False
stratospheric,2016-09-01T13:46:39.796000,-0.014269,18187,18187,18187,454.666948,454.666948,2016-09-01T13:46:39.781731,2016-09-01T13:54:14.448679,2016-09-01T13:50:10.346000,2574.8324,284.6488651704476,0.12824894452060898,0.02333810741796038,0.13239654662124792,0.006106390779244063,21.002413562612755,0.9686728830435121,18187,18187,18187,True,0.23093418375762906,False,False,infrasound,N4,W57A,EP,BDF,732.9231206640999,4.1756116038820945,0.2,1.0,0.2,1.0,Pa,False
thermospheric_or_slow,2016-09-01T13:54:14.471000,-0.022321,50114,50115,50114,1252.860035,1252.860035,2016-09-01T13:54:14.448679,2016-09-01T14:15:07.308715,2016-09-01T14:09:06.146000,3710.6324,197.51973293396026,0.04857226562801435,0.0355385297570989,0.13239654662124792,0.005335999623666653,9.102749073028932,0.3668695813265203,50114,50115,50114,True,0.21071955940455758,False,False,infrasound,N4,W57A,EP,BDF,732.9231206640999,4.1756116038820945,0.2,1.0,0.2,1.0,Pa,False
tropospheric,2016-09-01T13:42:10.146000,-0.000347,10811,10811,10811,270.275104,270.275104,2016-09-01T13:42:10.145653,2016-09-01T13:46:40.420756,2016-09-01T13:43:40.321000,2184.8074,335.55416302543983,0.3959845537324466,0.25707143538518085,0.15707282783741294,0.01666033871367914,23.76809742813449,1.5403677703013812,10811,10811,10811,True,0.25159559707705115,True,True,infrasound,TA,KMSC,EP,BDF,733.1212184787873,354.59525238877336,0.2,1.0,0.2,1.0,Pa,False
stratospheric,2016-09-01T13:46:40.421000,-0.000244,18192,18191,18192,454.789838,454.789838,2016-09-01T13:46:40.420756,2016-09-01T13:54:15.210594,2016-09-01T13:53:27.346000,2771.8324,264.4897355550023,0.2797407735889886,0.2642443237912986,0.15707282783741294,0.016497935862563397,16.956107474254864,1.0586443999074477,18192,18191,18192,True,0.23746701846965695,False,False,infrasound,TA,KMSC,EP,BDF,733.1212184787873,354.59525238877336,0.2,1.0,0.2,1.0,Pa,False
thermospheric_or_slow,2016-09-01T13:54:15.221000,-0.010406,50128,50127,50128,1253.198664,1253.198664,2016-09-01T13:54:15.210594,2016-09-01T14:15:08.409258,2016-09-01T14:09:52.446000,3756.9324,195.13825121761235,0.20580886412058963,0.2642443237912986,0.7399586189025124,0.012640944149643047,16.281130719686093,0.2781356401062536,50128,50127,50128,True,0.22741781040536227,False,False,infrasound,TA,KMSC,EP,BDF,733.1212184787873,354.59525238877336,0.2,1.0,0.2,1.0,Pa,False
tropospheric,2016-09-01T13:44:23.271000,-0.02251,11498,11498,11498,287.449663,287.449663,2016-09-01T13:44:23.248490,2016-09-01T13:49:10.698154,2016-09-01T13:46:07.196000,2331.6824,334.3968336432304,0.14865208293809506,0.04697522980015164,0.08936723561342777,0.007927317142173177,18.75187787647208,1.6633845941158274,11498,11498,11498,True,0.2504783440598365,True,True,infrasound,N4,X51A,EP,BDF,779.7072116216483,329.6986760084218,0.2,1.0,0.2,1.0,Pa,False
stratospheric,2016-09-01T13:49:10.721000,-0.022846,19347,19348,19348,483.689337,483.689337,2016-09-01T13:49:10.698154,2016-09-01T13:57:14.387491,2016-09-01T13:50:51.196000,2615.6824,298.0894055110239,0.07378964477769229,0.04697522980015164,0.08936723561342777,0.006883637718416741,10.719571220355295,0.8256901343226187,19347,19348,19348,True,0.2398304646715253,False,False,infrasound,N4,X51A,EP,BDF,779.7072116216483,329.6986760084218,0.2,1.0,0.2,1.0,Pa,False
thermospheric_or_slow,2016-09-01T13:57:14.396000,-0.008509,53313,53314,53314,1332.83284,1332.83284,2016-09-01T13:57:14.387491,2016-09-01T14:19:27.220331,2016-09-01T14:05:06.371000,3470.8574,224.64397748569223,0.1328122802717771,0.04697522980015164,0.11548814891601444,0.005909387329007279,22.474796942120275,1.1500078710964634,53313,53314,53314,True,0.2573481139684505,False,False,infrasound,N4,X51A,EP,BDF,779.7072116216483,329.6986760084218,0.2,1.0,0.2,1.0,Pa,False
tropospheric,2016-09-01T13:44:54.121000,-0.016773,11657,11657,11658,291.431049,291.431049,2016-09-01T13:44:54.104227,2016-09-01T13:49:45.535276,2016-09-01T13:48:12.571000,2457.0574,321.7290403773181,0.05315503837873982,0.12151876382554362,0.031570243065361936,0.011175236876032491,4.7565021635238285,0.43742247456574657,11657,11657,11658,True,0.28137599725486834,False,False,infrasound,N4,W52A,EP,BDF,790.5067194539882,337.2165924550854,0.2,1.0,0.2,1.0,Pa,False
stratospheric,2016-09-01T13:49:45.546000,-0.010724,19616,19616,19616,490.388784,490.388784,2016-09-01T13:49:45.535276,2016-09-01T13:57:55.924059,2016-09-01T13:56:51.321000,2975.8074,265.6444497899925,0.04576854221287784,0.12151876382554362,0.0459621792370261,0.010663322893640154,4.292146328999868,0.376637654729476,19616,19616,19616,True,0.22430668841761825,False,False,infrasound,N4,W52A,EP,BDF,790.5067194539882,337.2165924550854,0.2,1.0,0.2,1.0,Pa,False
thermospheric_or_slow,2016-09-01T13:57:55.946000,-0.021941,54051,54052,54052,1351.293538,1351.293538,2016-09-01T13:57:55.924059,2016-09-01T14:20:27.217597,2016-09-01T14:10:14.746000,3779.2324,209.17123790904955,0.1372442825197357,0.12151876382554362,0.11023075523943975,0.007812078684853651,17.568215587207284,1.1294081522814712,54051,54052,54052,True,0.2560544670773899,False,False,infrasound,N4,W52A,EP,BDF,790.5067194539882,337.2165924550854,0.2,1.0,0.2,1.0,Pa,False
tropospheric,2016-09-01T13:45:44.996000,-0.009135,11920,11920,11920,297.99655,297.99655,2016-09-01T13:45:44.986865,2016-09-01T13:50:42.983415,2016-09-01T13:48:33.671000,2478.1574,326.17607044168403,0.17300313570165637,0.07159964548053821,0.4376721136822259,0.01062370513869986,16.284632662802675,0.39528023443427834,11920,11920,11920,True,0.24161073825503354,False,False,infrasound,N4,Y49A,EP,BDF,808.3156426679806,318.0400765488093,0.2,1.0,0.2,1.0,Pa,False
stratospheric,2016-09-01T13:50:42.996000,-0.012585,20057,20057,20057,501.436503,501.436503,2016-09-01T13:50:42.983415,2016-09-01T13:59:04.419918,2016-09-01T13:56:57.696000,2982.1824,271.04835796361095,0.14579039061440713,0.07159964548053821,0.4376721136822259,0.009236971819772363,15.78335340401634,0.3331041344805874,20057,20057,20057,True,0.22336341426933243,False,False,infrasound,N4,Y49A,EP,BDF,808.3156426679806,318.0400765488093,0.2,1.0,0.2,1.0,Pa,False
thermospheric_or_slow,2016-09-01T13:59:04.421000,-0.001082,55270,55269,55269,1381.736141,1381.736141,2016-09-01T13:59:04.419918,2016-09-01T14:22:06.156059,2016-09-01T14:07:40.521000,3625.0074,222.98317037035028,0.30390132860667374,0.07159964548053821,0.4376721136822259,0.006208197557536021,48.95162014259248,0.694358445754949,55270,55269,55269,True,0.25764429165912794,False,False,infrasound,N4,Y49A,EP,BDF,808.3156426679806,318.0400765488093,0.2,1.0,0.2,1.0,Pa,False
tropospheric,2016-09-01T13:45:51.546000,-0.012526,11954,11954,11954,298.841274,298.841274,2016-09-01T13:45:51.533474,2016-09-01T13:50:50.374748,2016-09-01T13:47:28.721000,2413.2074,335.9043883964381,0.21784255242391126,0.16140785630983165,0.12556861889841398,0.01906298290965123,11.427516535915357,1.349640329809907,11954,11954,11954,True,0.2275388991132675,True,True,infrasound,N4,V55A,EP,BDF,810.6069557707584,355.91400778729343,0.2,1.0,0.2,1.0,Pa,False
stratospheric,2016-09-01T13:50:50.396000,-0.021252,20114,20114,20114,502.857913,502.857913,2016-09-01T13:50:50.374748,2016-09-01T13:59:13.232661,2016-09-01T13:57:45.946000,3030.4324,267.4888757692659,0.08139846146443454,0.16140785630983165,0.12556861889841398,0.014964522323017867,5.439429318718077,0.5043029709048704,20114,20114,20114,True,0.22670776573530874,False,False,infrasound,N4,V55A,EP,BDF,810.6069557707584,355.91400778729343,0.2,1.0,0.2,1.0,Pa,False
thermospheric_or_slow,2016-09-01T13:59:13.246000,-0.013339,55426,55426,55426,1385.652916,1385.652916,2016-09-01T13:59:13.232661,2016-09-01T14:22:18.885577,2016-09-01T14:08:58.596000,3703.0824,218.90059907140022,0.09523314493145756,0.5040215606296856,0.12556861889841398,0.018782517012805647,5.0703079287258985,0.18894656969134538,55426,55426,55426,True,0.2150615234727384,False,False,infrasound,N4,V55A,EP,BDF,810.6069557707584,355.91400778729343,0.2,1.0,0.2,1.0,Pa,False
tropospheric,2016-09-01T13:46:00.396000,-0.015504,11999,11999,11999,299.982825,299.982825,2016-09-01T13:46:00.380496,2016-09-01T13:51:00.363321,2016-09-01T13:47:57.346000,2441.8324,333.2347517032034,0.005977241711465972,0.015398292728777525,0.04122004317504173,0.0016618466968678295,3.5967467533146085,0.14500813805758275,11999,11999,11999,True,0.18668222351862654,False,False,infrasound,N4,V58A,EP,BDF,813.7034135148372,9.373377294388607,0.2,1.0,0.2,1.0,Pa,False
stratospheric,2016-09-01T13:51:00.371000,-0.007679,20191,20191,20191,504.778793,504.778793,2016-09-01T13:51:00.363321,2016-09-01T13:59:25.142114,2016-09-01T13:52:52.296000,2736.7824,297.3211949604898,0.013909658278456739,0.015398292728777525,0.04122004317504173,0.001626117518818228,8.553907154610515,0.3374489012393582,20191,20191,20191,True,0.22980535882323808,False,False,infrasound,N4,V58A,EP,BDF,813.7034135148372,9.373377294388607,0.2,1.0,0.2,1.0,Pa,False
thermospheric_or_slow,2016-09-01T13:59:25.146000,-0.003886,55638,55638,55638,1390.946006,1390.946006,2016-09-01T13:59:25.142114,2016-09-01T14:22:36.088120,2016-09-01T14:11:59.596000,3884.0824,209.49694927039582,0.030182373423022223,0.01609249027257468,0.04122004317504173,0.0011242534409070795,26.84659199145544,0.7322256625218022,55638,55638,55638,True,0.20849059994967467,False,False,infrasound,N4,V58A,EP,BDF,813.7034135148372,9.373377294388607,0.2,1.0,0.2,1.0,Pa,False
tropospheric,2016-09-01T13:46:06.396000,-0.005957,12031,12030,12030,300.758251,300.758251,2016-09-01T13:46:06.390043,2016-09-01T13:51:07.148294,2016-09-01T13:48:27.421000,2471.9074,330.03127665810405,0.1435316045102012,0.03401012020673018,0.05539633801871771,0.008338697253299464,17.21271322728601,2.590994452768768,12031,12030,12030,True,0.25600531959105643,True,True,infrasound,N4,V53A,EP,BDF,815.8067550026146,345.6006355534472,0.2,1.0,0.2,1.0,Pa,False
stratospheric,2016-09-01T13:51:07.171000,-0.022706,20243,20243,20243,506.083595,506.083595,2016-09-01T13:51:07.148294,2016-09-01T13:59:33.231888,2016-09-01T13:55:54.871000,2919.3574,279.4473725630903,0.14912219540125382,0.05089059404268649,0.05539633801871771,0.00955596729236729,15.605138740937646,2.6919143166262605,20243,20243,20243,True,0.2074791285876599,True,True,infrasound,N4,V53A,EP,BDF,815.8067550026146,345.6006355534472,0.2,1.0,0.2,1.0,Pa,False
thermospheric_or_slow,2016-09-01T13:59:33.246000,-0.014112,55782,55781,55781,1394.541462,1394.541462,2016-09-01T13:59:33.231888,2016-09-01T14:22:47.773350,2016-09-01T14:13:21.721000,3966.2074,205.68938351600443,0.2681301086960333,0.058214597220822284,0.1328503630977554,0.008729073923628304,30.71690204962579,2.018286607908892,55782,55781,55781,True,0.23520131942203576,True,True,infrasound,N4,V53A,EP,BDF,815.8067550026146,345.6006355534472,0.2,1.0,0.2,1.0,Pa,False
tropospheric,2016-09-01T13:48:00.746000,-0.022783,12620,12621,12621,315.510918,315.510918,2016-09-01T13:48:00.723217,2016-09-01T13:53:16.234135,2016-09-01T13:51:55.071000,2679.5574,319.38982379827326,0.13346724777854257,0.09978616854042735,0.0879178517028271,0.009330514127981103,14.304383011252312,1.3375325431446912,12620,12621,12621,True,0.25039619651347067,True,True,infrasound,N4,V52A,EP,BDF,855.8233658433593,341.3687522571615,0.2,1.0,0.2,1.0,Pa,False
stratospheric,2016-09-01T13:53:16.246000,-0.011865,21236,21237,21236,530.907795,530.907795,2016-09-01T13:53:16.234135,2016-09-01T14:02:07.141930,2016-09-01T13:58:38.471000,3082.9574,277.598180838749,0.21829718229549197,0.09978616854042735,0.0879178517028271,0.008641418830374791,25.261729188287024,2.1876497062521354,21236,21237,21236,True,0.21284611037860238,True,True,infrasound,N4,V52A,EP,BDF,855.8233658433593,341.3687522571615,0.2,1.0,0.2,1.0,Pa,False
thermospheric_or_slow,2016-09-01T14:02:07.146000,-0.00407,58518,58518,58518,1462.945925,1462.945925,2016-09-01T14:02:07.141930,2016-09-01T14:26:30.087855,2016-09-01T14:19:39.846000,4344.3324,196.9976712286931,1.9833632212620966,0.10061501738222145,0.0879178517028271,0.006657056921441991,297.93394358305693,19.71239754128944,58518,58518,58518,True,0.639803137496155,True,True,infrasound,N4,V52A,EP,BDF,855.8233658433593,341.3687522571615,0.2,1.0,0.2,1.0,Pa,False
tropospheric,2016-09-01T13:48:16.621000,-0.007448,12703,12702,12703,317.561284,317.561284,2016-09-01T13:48:16.613552,2016-09-01T13:53:34.174836,2016-09-01T13:52:24.746000,2709.2324,317.94429412826025,0.12040947339102506,0.057925245278713115,0.18694483794121083,0.0060680873931498285,19.843068431570956,0.6440909239167686,12703,12702,12703,True,0.22356923561363454,False,False,infrasound,N4,W50A,EP,BDF,861.3849830474123,329.9003222788015,0.2,1.0,0.2,1.0,Pa,False
stratospheric,2016-09-01T13:53:34.196000,-0.021164,21374,21374,21374,534.35793,534.35793,2016-09-01T13:53:34.174836,2016-09-01T14:02:28.532766,2016-09-01T13:54:09.421000,2813.9074,306.11703251052694,0.12231960360339754,0.060550474832392835,0.18694483794121083,0.006173517570837122,19.81359932969481,0.6543085380183848,21374,21374,21374,True,0.22831477496023206,False,False,infrasound,N4,W50A,EP,BDF,861.3849830474123,329.9003222788015,0.2,1.0,0.2,1.0,Pa,False
thermospheric_or_slow,2016-09-01T14:02:28.546000,-0.013234,58898,58898,58898,1472.452962,1472.452962,2016-09-01T14:02:28.532766,2016-09-01T14:27:00.985728,2016-09-01T14:25:44.446000,4708.9324,182.92574831768925,0.24062537525274902,0.060550474832392835,0.23553544007177804,0.004845405492170986,49.66052390074308,1.0216100608019747,58898,58898,58898,True,0.22615368942918262,False,False,infrasound,N4,W50A,EP,BDF,861.3849830474123,329.9003222788015,0.2,1.0,0.2,1.0,Pa,False
tropospheric,2016-09-01T13:48:22.796000,-0.015438,12734,12734,12734,318.357027,318.357027,2016-09-01T13:48:22.780562,2016-09-01T13:53:41.137589,2016-09-01T13:49:36.271000,2540.7574,339.8763835794974,0.364930407827426,0.22750271800053687,0.5185445823057291,0.022319175727533776,16.350532487507326,0.7037589828915932,12734,12734,12734,True,0.21046018533061095,False,False,infrasound,N4,U56A,EP,BDF,863.5434366648466,1.160934924888848,0.2,1.0,0.2,1.0,Pa,False
stratospheric,2016-09-01T13:53:41.146000,-0.008411,21428,21428,21428,535.696921,535.696921,2016-09-01T13:53:41.137589,2016-09-01T14:02:36.834510,2016-09-01T14:01:44.346000,3268.8324,264.1748890719655,0.24312931787259745,0.22750271800053687,0.5185445823057291,0.02339043368849233,10.394391190455467,0.46886868780214286,21428,21428,21428,True,0.25014000373343287,False,False,infrasound,N4,U56A,EP,BDF,863.5434366648466,1.160934924888848,0.2,1.0,0.2,1.0,Pa,False
thermospheric_or_slow,2016-09-01T14:02:36.846000,-0.01149,59046,59046,59045,1476.142627,1476.142627,2016-09-01T14:02:36.834510,2016-09-01T14:27:12.977137,2016-09-01T14:03:37.196000,3381.6824,255.35911848636246,0.4595494731386114,0.22750271800053687,0.5185445823057291,0.02356671152855017,19.499940523389732,0.8862294368117904,59046,59046,59045,True,0.24116790299088844,False,False,infrasound,N4,U56A,EP,BDF,863.5434366648466,1.160934924888848,0.2,1.0,0.2,1.0,Pa,False
tropospheric,2016-09-01T13:49:04.421000,-0.00165,12950,12949,12950,323.729774,323.729774,2016-09-01T13:49:04.419350,2016-09-01T13:54:28.149124,2016-09-01T13:53:20.621000,2765.1074,317.5706710682531,0.024921228402563673,0.02013745099937302,0.07644222610531903,0.007282193906246336,3.4222143386194883,0.3260139019006093,12950,12949,12950,True,0.25328185328185326,False,False,infrasound,N4,V51A,EP,BDF,878.1170125937925,337.0823230573328,0.2,1.0,0.2,1.0,Pa,False
stratospheric,2016-09-01T13:54:28.171000,-0.021876,21789,21789,21790,544.737601,544.737601,2016-09-01T13:54:28.149124,2016-09-01T14:03:32.886725,2016-09-01T13:56:14.321000,2938.8074,298.8004632742494,0.02921223211707869,0.042979371566996896,0.07644222610531903,0.008207951998302357,3.559015954664529,0.38214784688283737,21789,21789,21790,True,0.29556198081600804,False,False,infrasound,N4,V51A,EP,BDF,878.1170125937925,337.0823230573328,0.2,1.0,0.2,1.0,Pa,False
thermospheric_or_slow,2016-09-01T14:03:32.896000,-0.009275,60042,60042,60043,1501.054722,1501.054722,2016-09-01T14:03:32.886725,2016-09-01T14:28:33.941448,2016-09-01T14:18:23.171000,4267.6574,205.7608965034992,0.06488960861843504,0.042979371566996896,0.07790922659424776,0.006370469758907385,10.186000573616163,0.8328873415260678,60042,60042,60043,True,0.22784051164185068,False,False,infrasound,N4,V51A,EP,BDF,878.1170125937925,337.0823230573328,0.2,1.0,0.2,1.0,Pa,False
tropospheric,2016-09-01T13:49:13.721000,-0.011557,12997,12997,12997,324.928496,324.928496,2016-09-01T13:49:13.709443,2016-09-01T13:54:38.637939,2016-09-01T13:50:29.546000,2594.0324,339.7677473893953,0.06920665947875718,0.06061699200856086,0.05843379649219357,0.004412614737744331,15.683820952412146,1.1417039543793794,12997,12997,12997,True,0.2554435638993614,False,False,infrasound,N4,Z47B,EP,BDF,881.3685452031069,307.5417134397606,0.2,1.0,0.2,1.0,Pa,False
stratospheric,2016-09-01T13:54:38.646000,-0.008061,21870,21870,21870,546.754681,546.754681,2016-09-01T13:54:38.637939,2016-09-01T14:03:45.392620,2016-09-01T14:00:45.971000,3210.4574,274.53052178892233,0.05933088952238616,0.06061699200856086,0.05843379649219357,0.004368864222063159,13.580392181281306,0.978783135824472,21870,21870,21870,True,0.23959762231367168,False,False,infrasound,N4,Z47B,EP,BDF,881.3685452031069,307.5417134397606,0.2,1.0,0.2,1.0,Pa,False
thermospheric_or_slow,2016-09-01T14:03:45.396000,-0.00338,60265,60264,60264,1506.612898,1506.612898,2016-09-01T14:03:45.392620,2016-09-01T14:28:52.005518,2016-09-01T14:10:08.746000,3773.2324,233.58448453986216,0.0769777584880984,0.06061699200856086,0.07275817058686572,0.0033246410963253927,23.15370479333218,1.0579946948527923,60265,60264,60264,True,0.2422633369285655,False,False,infrasound,N4,Z47B,EP,BDF,881.3685452031069,307.5417134397606,0.2,1.0,0.2,1.0,Pa,False
tropospheric,2016-09-01T13:49:26.171000,-0.01105,13061,13061,13062,326.535013,326.535013,2016-09-01T13:49:26.159950,2016-09-01T13:54:52.694963,2016-09-01T13:52:06.621000,2691.1074,329.13075948226367,0.09945095137702642,0.072687219339211,0.3268082139685974,0.015134142352738852,6.571297471576155,0.30430982798548184,13061,13061,13062,True,0.2695046321108644,False,False,infrasound,N4,V61A,EP,BDF,885.7262224103399,24.154653136421203,0.2,1.0,0.2,1.0,Pa,False
stratospheric,2016-09-01T13:54:52.696000,-0.001037,21979,21978,21979,549.457954,549.457954,2016-09-01T13:54:52.694963,2016-09-01T14:04:02.152917,2016-09-01T13:55:08.721000,2873.2074,308.2708969809628,0.10671786736441963,0.072687219339211,0.3268082139685974,0.014103674637652303,7.5666711056646925,0.32654585412187354,21979,21978,21979,True,0.2729878520405842,False,False,infrasound,N4,V61A,EP,BDF,885.7262224103399,24.154653136421203,0.2,1.0,0.2,1.0,Pa,False
thermospheric_or_slow,2016-09-01T14:04:02.171000,-0.018083,60562,60562,60563,1514.061919,1514.061919,2016-09-01T14:04:02.152917,2016-09-01T14:29:16.214836,2016-09-01T14:10:32.571000,3797.0574,233.2664822002269,0.19332109854265844,0.0777324729297486,0.45182104040398163,0.012148202239259229,15.913556157132822,0.4278709516710564,60562,60562,60563,True,0.2536243849278425,False,False,infrasound,N4,V61A,EP,BDF,885.7262224103399,24.154653136421203,0.2,1.0,0.2,1.0,Pa,False
tropospheric,2016-09-01T13:49:39.221000,-0.020681,13128,13129,13128,328.217641,328.217641,2016-09-01T13:49:39.200319,2016-09-01T13:55:07.417960,2016-09-01T13:49:47.196000,2551.6824,348.9032771765376,0.022695247113254123,0.024799699335993998,0.04371221965281208,0.008716841864161617,2.603608906404882,0.5191968583044513,13128,13129,13128,True,0.24680073126142593,False,False,infrasound,N4,U54A,EP,BDF,890.2903516736927,352.7921789589025,0.2,1.0,0.2,1.0,Pa,False
stratospheric,2016-09-01T13:55:07.421000,-0.00304,22092,22092,22091,552.2893,552.2893,2016-09-01T13:55:07.417960,2016-09-01T14:04:19.707260,2016-09-01T14:02:13.546000,3298.0324,269.94590825538666,0.030556417469514145,0.025442785015938094,0.04371221965281208,0.008808643653333944,3.468912885123805,0.6990360524405079,22092,22092,22091,True,0.23718993300742347,False,False,infrasound,N4,U54A,EP,BDF,890.2903516736927,352.7921789589025,0.2,1.0,0.2,1.0,Pa,False
thermospheric_or_slow,2016-09-01T14:04:19.721000,-0.01374,60875,60875,60874,1521.863849,1521.863849,2016-09-01T14:04:19.707260,2016-09-01T14:29:41.571109,2016-09-01T14:27:36.021000,4820.5074,184.68809977839524,0.029106738032484362,0.027907310280328147,0.05801385225952561,0.006947201196058682,4.189707079305164,0.501720483967778,60875,60875,60874,True,0.25757700205338807,False,False,infrasound,N4,U54A,EP,BDF,890.2903516736927,352.7921789589025,0.2,1.0,0.2,1.0,Pa,False
tropospheric,2016-09-01T13:49:56.096000,-0.003194,13216,13216,13216,330.397317,330.397317,2016-09-01T13:49:56.092806,2016-09-01T13:55:26.490123,2016-09-01T13:52:31.946000,2716.4324,329.9190225326279,0.3434245744644797,0.17751580758974078,0.13181074735761295,0.014201776684494703,24.181803593590214,1.9346140443907562,13216,13216,13216,True,0.28450363196125905,True,True,infrasound,N4,X48A,EP,BDF,896.2027221839605,318.3960473576504,0.2,1.0,0.2,1.0,Pa,False
stratospheric,2016-09-01T13:55:26.496000,-0.005877,22239,22238,22239,555.957024,555.957024,2016-09-01T13:55:26.490123,2016-09-01T14:04:42.447147,2016-09-01T13:58:15.021000,3059.5074,292.9238615941771,0.21469826286323423,0.17751580758974078,0.13181074735761295,0.011172975137279476,19.215854347234448,1.2094599674155573,22239,22238,22239,True,0.24641395746211608,False,False,infrasound,N4,X48A,EP,BDF,896.2027221839605,318.3960473576504,0.2,1.0,0.2,1.0,Pa,False
thermospheric_or_slow,2016-09-01T14:04:42.471000,-0.023853,61278,61278,61279,1531.970465,1531.970465,2016-09-01T14:04:42.447147,2016-09-01T14:30:14.417612,2016-09-01T14:12:20.146000,3904.6324,229.5229436153735,0.4356288895840413,0.2652129574455537,0.2623162586838983,0.009039250054627511,48.193034483101556,1.6425626175277381,61278,61278,61279,True,0.23042527497633736,True,True,infrasound,N4,X48A,EP,BDF,896.2027221839605,318.3960473576504,0.2,1.0,0.2,1.0,Pa,False
tropospheric,2016-09-01T13:50:14.445998,-0.019118,13310,13311,13311,332.763004,332.763004,2016-09-01T13:50:14.426880,2016-09-01T13:55:47.189884,2016-09-01T13:50:16.495998,2580.982398,349.71941249488674,0.06886765448867892,0.03719799064641134,0.10160853786470916,0.011592246162285904,5.940837825954063,0.6777742888139535,13310,13311,13311,True,0.23741547708489857,False,False,infrasound,N4,U59A,EP,BDF,902.619647888204,16.125538963048804,0.2,1.0,0.2,1.0,Pa,False
stratospheric,2016-09-01T13:55:47.195998,-0.006114,22398,22398,22398,559.937747,559.937747,2016-09-01T13:55:47.189884,2016-09-01T14:05:07.127630,2016-09-01T14:01:40.070998,3264.557398,276.4906656078969,0.23684971858727782,0.04125514323756797,0.11101286165481909,0.011217474091010898,21.114353968250025,2.133534034315168,22398,22398,22398,True,0.25180819716046077,True,True,infrasound,N4,U59A,EP,BDF,902.619647888204,16.125538963048804,0.2,1.0,0.2,1.0,Pa,False
thermospheric_or_slow,2016-09-01T14:05:07.145998,-0.018368,61717,61718,61718,1542.939569,1542.939569,2016-09-01T14:05:07.127630,2016-09-01T14:30:50.067199,2016-09-01T14:19:36.770998,4341.257398,207.91663915252693,0.25396862970299794,0.10580997488766443,0.38713101527481697,0.010059415479177299,25.2468575563566,0.6560275970725581,61717,61718,61718,True,0.22943435358167114,False,False,infrasound,N4,U59A,EP,BDF,902.619647888204,16.125538963048804,0.2,1.0,0.2,1.0,Pa,False
tropospheric,2016-09-01T13:50:43.521000,-0.022758,13460,13461,13461,336.514147,336.514147,2016-09-01T13:50:43.498242,2016-09-01T13:56:20.012389,2016-09-01T13:51:16.346000,2640.8324,345.6465561992833,0.2992000884093464,0.1907294959643152,0.22453861205238182,0.02078477309593568,14.395157793079443,1.3325106344718436,13460,13461,13461,True,0.2674591381872214,True,True,infrasound,N4,346B,EP,BDF,912.794624559488,292.24615169518586,0.2,1.0,0.2,1.0,Pa,False
stratospheric,2016-09-01T13:56:20.021000,-0.008611,22650,22650,22650,566.249767,566.249767,2016-09-01T13:56:20.012389,2016-09-01T14:05:46.262156,2016-09-01T14:04:30.671000,3435.1574,265.721339161777,0.3033999229781408,0.1907294959643152,0.22453861205238182,0.01845988791347111,16.43563191717619,1.3512149211439932,22650,22650,22650,True,0.2543046357615894,True,True,infrasound,N4,346B,EP,BDF,912.794624559488,292.24615169518586,0.2,1.0,0.2,1.0,Pa,False
thermospheric_or_slow,2016-09-01T14:05:46.271000,-0.008844,62413,62414,62414,1560.332692,1560.332692,2016-09-01T14:05:46.262156,2016-09-01T14:31:46.594848,2016-09-01T14:22:18.371000,4502.8574,202.71453067989407,0.4342788221813622,0.3154877042994504,0.44783988973272787,0.013165057231790128,32.98723389767679,0.9697189378117725,62413,62414,62414,True,0.22174867415442295,False,False,infrasound,N4,346B,EP,BDF,912.794624559488,292.24615169518586,0.2,1.0,0.2,1.0,Pa,False
tropospheric,2016-09-01T13:51:32.171000,-0.019833,13711,13712,13711,342.791944,342.791944,2016-09-01T13:51:32.151167,2016-09-01T13:57:14.943111,2016-09-01T13:53:34.521000,2779.0074,334.588223289735,0.1585089104736921,0.29026034948829915,0.14803850123268308,0.02610077270429016,6.072958539179115,0.5460921918998854,13711,13712,13711,True,0.25964554007731017,False,False,infrasound,N4,146B,EP,BDF,929.8231484750258,301.16464312269363,0.2,1.0,0.2,1.0,Pa,False
stratospheric,2016-09-01T13:57:14.946000,-0.002889,23073,23073,23072,576.813368,576.813368,2016-09-01T13:57:14.943111,2016-09-01T14:06:51.756479,2016-09-01T13:58:07.196000,3051.6824,304.6919785869676,0.49345627761548594,0.29026034948829915,0.14803850123268308,0.024297791005403985,20.308688864174446,1.7000471421101833,23073,23073,23072,True,0.2097689940623239,True,True,infrasound,N4,146B,EP,BDF,929.8231484750258,301.16464312269363,0.2,1.0,0.2,1.0,Pa,False
thermospheric_or_slow,2016-09-01T14:06:51.771000,-0.014521,63578,63578,63577,1589.441279,1589.441279,2016-09-01T14:06:51.756479,2016-09-01T14:33:21.197758,2016-09-01T14:21:05.346000,4429.8324,209.90029972127746,0.30526872466353194,0.29026034948829915,0.7581651759530288,0.010693992559524858,28.545814200294828,0.40264144852050615,63578,63578,63577,True,0.23278492560319605,False,False,infrasound,N4,146B,EP,BDF,929.8231484750258,301.16464312269363,0.2,1.0,0.2,1.0,Pa,False
tropospheric,2016-09-01T13:52:11.946000,-0.002774,13917,13917,13917,347.926403,347.926403,2016-09-01T13:52:11.943226,2016-09-01T13:57:59.869629,2016-09-01T13:57:30.321000,3014.8074,313.03836159385725,0.4864754528776941,0.6044970162001925,0.9486915427713772,0.04906455063048221,9.91500883278166,0.5127856958190767,13917,13917,13917,True,0.2902924480850758,False,False,infrasound,N4,T57A,EP,BDF,943.7503690170366,7.196300818879327,0.2,1.0,0.2,1.0,Pa,False
stratospheric,2016-09-01T13:57:59.871000,-0.001371,23419,23418,23418,585.453083,585.453083,2016-09-01T13:57:59.869629,2016-09-01T14:07:45.322712,2016-09-01T13:58:22.371000,3066.8574,307.7255463579874,0.4977339190029142,0.6044970162001925,0.9486915427713772,0.05252071472650762,9.476906808956732,0.5246530579885877,23419,23418,23418,True,0.23570605064264058,False,False,infrasound,N4,T57A,EP,BDF,943.7503690170366,7.196300818879327,0.2,1.0,0.2,1.0,Pa,False
thermospheric_or_slow,2016-09-01T14:07:45.346000,-0.023288,64530,64530,64529,1613.248494,1613.248494,2016-09-01T14:07:45.322712,2016-09-01T14:34:38.571206,2016-09-01T14:10:41.896000,3806.3824,247.93892726517353,1.0652422457051318,0.6044970162001925,0.9486915427713772,0.031760940624761334,33.53937965157908,1.1228541603662654,64530,64530,64529,True,0.3068340306834031,False,False,infrasound,N4,T57A,EP,BDF,943.7503690170366,7.196300818879327,0.2,1.0,0.2,1.0,Pa,False
tropospheric,2016-09-01T13:53:39.921000,-0.008808,14371,14371,14371,359.277238,359.277238,2016-09-01T13:53:39.912192,2016-09-01T13:59:39.189430,2016-09-01T13:56:39.771000,2964.2574,328.7634559944349,0.5527020115681314,0.2271070827044251,0.9939735787217681,0.023955855276023265,23.071687702225983,0.5560530213276857,14371,14371,14371,True,0.24215433859856653,False,False,infrasound,N4,T59A,EP,BDF,974.5395072810779,16.09174103685762,0.2,1.0,0.2,1.0,Pa,False
stratospheric,2016-09-01T13:59:39.196000,-0.00657,24182,24182,24182,604.553044,604.553044,2016-09-01T13:59:39.189430,2016-09-01T14:09:43.742474,2016-09-01T14:03:00.346000,3344.8324,291.35675296647986,0.624042878430032,0.2271070827044251,0.9939735787217681,0.024959063905364624,25.002655580199953,0.6278264249564257,24182,24182,24182,True,0.28285501612769826,False,False,infrasound,N4,T59A,EP,BDF,974.5395072810779,16.09174103685762,0.2,1.0,0.2,1.0,Pa,False
thermospheric_or_slow,2016-09-01T14:09:43.746000,-0.003526,66636,66635,66635,1665.8795,1665.8795,2016-09-01T14:09:43.742474,2016-09-01T14:37:29.621974,2016-09-01T14:34:42.996000,5247.4824,185.71563141995063,0.8580004878355807,0.9254212057939246,0.9939735787217681,0.03110641375263683,27.58275173276282,0.8632025098081115,66636,66635,66635,True,0.3313524221141725,False,False,infrasound,N4,T59A,EP,BDF,974.5395072810779,16.09174103685762,0.2,1.0,0.2,1.0,Pa,False
tropospheric,2016-09-01T13:53:45.746001,-0.003067,14402,14401,14401,360.029591,360.029591,2016-09-01T13:53:45.742934,2016-09-01T13:59:45.772526,2016-09-01T13:54:55.296001,2859.782401,341.4876133908522,0.5688299499685363,1.2498215022449677,1.1857184100166518,0.025868026797556686,21.989692310905756,0.4551289515717137,14402,14401,14401,True,0.21385918622413555,False,False,infrasound,N4,545B,EP,BDF,976.5802669346509,282.0876559814668,0.2,1.0,0.2,1.0,Pa,False
stratospheric,2016-09-01T13:59:45.796001,-0.023475,24232,24232,24233,605.819024,605.819024,2016-09-01T13:59:45.772526,2016-09-01T14:09:51.591550,2016-09-01T14:04:59.396001,3463.882401,281.9322811457799,0.5215181219141887,1.2498215022449677,1.1857184100166518,0.026554439086297975,19.63958343158115,0.41727408352106427,24232,24232,24233,True,0.24100363156157145,False,False,infrasound,N4,545B,EP,BDF,976.5802669346509,282.0876559814668,0.2,1.0,0.2,1.0,Pa,False
thermospheric_or_slow,2016-09-01T14:09:51.596001,-0.004451,66775,66774,66775,1669.367978,1669.367978,2016-09-01T14:09:51.591550,2016-09-01T14:37:40.959527,2016-09-01T14:28:58.171001,4902.657401,199.1940670248459,1.104661474725398,1.2498215022449677,1.1857184100166518,0.019634463131839416,56.26135368754083,0.8838553927430207,66775,66774,66775,True,0.21505054286783976,False,False,infrasound,N4,545B,EP,BDF,976.5802669346509,282.0876559814668,0.2,1.0,0.2,1.0,Pa,False
tropospheric,2016-09-01T13:54:23.296000,-0.018276,14595,14595,14595,364.87279,364.87279,2016-09-01T13:54:23.277724,2016-09-01T14:00:28.150514,2016-09-01T13:58:17.946000,3062.4324,323.1801763986351,2.596383446402842,0.834114855557459,1.310084147973043,0.10014603763422432,25.925972786721054,1.981844792504326,14595,14595,14595,True,0.35080507022953067,True,True,infrasound,N4,V48A,EP,BDF,989.7174432408955,325.11565936953656,0.2,1.0,0.2,1.0,Pa,False
stratospheric,2016-09-01T14:00:28.171000,-0.020486,24558,24559,24559,613.968637,613.968637,2016-09-01T14:00:28.150514,2016-09-01T14:10:42.119151,2016-09-01T14:04:09.496000,3413.9824,289.9011556828458,2.0507341700682282,1.2869596178693965,1.3807226490616613,0.11382063034809396,18.017244886067967,1.4852614835151046,24558,24559,24559,True,0.26386513559736136,True,True,infrasound,N4,V48A,EP,BDF,989.7174432408955,325.11565936953656,0.2,1.0,0.2,1.0,Pa,False
thermospheric_or_slow,2016-09-01T14:10:42.121000,-0.001849,67673,67673,67673,1691.824689,1691.824689,2016-09-01T14:10:42.119151,2016-09-01T14:38:53.943840,2016-09-01T14:32:11.246000,5095.7324,194.22476801193397,1.4021866130544018,1.3030158666109573,1.696873414266033,0.10217621101940726,13.723219906716562,0.826335424472959,67673,67673,67673,True,0.223427363941306,False,False,infrasound,N4,V48A,EP,BDF,989.7174432408955,325.11565936953656,0.2,1.0,0.2,1.0,Pa,False
tropospheric,2016-09-01T13:55:14.571000,-0.010017,14860,14860,14860,371.489985,371.489985,2016-09-01T13:55:14.560983,2016-09-01T14:01:26.050968,2016-09-01T13:57:58.646000,3043.1324,331.12807845077873,0.33126705967863496,0.4525014180606501,0.9595094553526186,0.06363288043770872,5.2059101741106595,0.3452462691541635,14860,14860,14860,True,0.23418573351278602,False,False,infrasound,N4,U49A,EP,BDF,1007.6665840833065,332.3699639527765,0.2,1.0,0.2,1.0,Pa,False
stratospheric,2016-09-01T14:01:26.071000,-0.020032,25004,25004,25004,625.10334,625.10334,2016-09-01T14:01:26.050968,2016-09-01T14:11:51.154308,2016-09-01T14:10:48.546000,3813.0324,264.2690851730781,0.6696144335115051,0.4525014180606501,0.9595094553526186,0.07000034489818216,9.565873346559673,0.6978716361533119,25004,25004,25004,True,0.23036314189729643,False,False,infrasound,N4,U49A,EP,BDF,1007.6665840833065,332.3699639527765,0.2,1.0,0.2,1.0,Pa,False
thermospheric_or_slow,2016-09-01T14:11:51.171000,-0.016692,68900,68900,68900,1722.506981,1722.506981,2016-09-01T14:11:51.154308,2016-09-01T14:40:33.661289,2016-09-01T14:38:49.846000,5494.3324,183.40109602457005,0.9170096739779187,0.5053418840527674,1.01407649641741,0.0491297475662726,18.665059753073972,0.9042805717493554,68900,68900,68900,True,0.2386066763425254,False,False,infrasound,N4,U49A,EP,BDF,1007.6665840833065,332.3699639527765,0.2,1.0,0.2,1.0,Pa,False
tropospheric,2016-09-01T13:55:40.521000,-0.013638,14993,14994,14994,374.837905,374.837905,2016-09-01T13:55:40.507362,2016-09-01T14:01:55.345267,2016-09-01T14:00:15.396000,3179.8824,319.7438423033285,0.22410810720830365,0.04410947632772166,0.04928632383377264,0.010390020460247116,21.56955398362839,4.547064779352386,14993,14994,14994,True,0.274794904288668,True,True,infrasound,N4,T60A,EP,BDF,1016.7478166487299,19.690349059942385,0.2,1.0,0.2,1.0,Pa,False
stratospheric,2016-09-01T14:01:55.346000,-0.000733,25230,25230,25230,630.736859,630.736859,2016-09-01T14:01:55.345267,2016-09-01T14:12:26.082126,2016-09-01T14:07:55.396000,3639.8824,279.33534793561734,0.03293552233122269,0.11452543404552103,0.07494144132954887,0.01065760482411665,3.0903306019279557,0.2875826021155409,25230,25230,25230,True,0.20768925881886643,False,False,infrasound,N4,T60A,EP,BDF,1016.7478166487299,19.690349059942385,0.2,1.0,0.2,1.0,Pa,False
thermospheric_or_slow,2016-09-01T14:12:26.096000,-0.013874,69521,69521,69521,1738.030456,1738.030456,2016-09-01T14:12:26.082126,2016-09-01T14:41:24.112581,2016-09-01T14:22:16.796000,4501.2824,225.87958859207097,0.04496328837805948,0.11452543404552103,0.07494144132954887,0.008577555747829283,5.241969822165051,0.39260526495963927,69521,69521,69521,True,0.2134606809453259,False,False,infrasound,N4,T60A,EP,BDF,1016.7478166487299,19.690349059942385,0.2,1.0,0.2,1.0,Pa,False
tropospheric,2016-09-01T13:55:47.296000,-0.009946,15029,15028,15029,375.712575,375.712575,2016-09-01T13:55:47.286054,2016-09-01T14:02:02.998629,2016-09-01T14:01:14.196000,3238.6824,314.67128699166557,0.30159082690832506,0.06856850350745694,0.31760306147524975,0.008680237821623065,34.744535012282924,0.9495841302897123,15029,15028,15029,True,0.25018297957282587,False,False,infrasound,N4,T50A,EP,BDF,1019.1203589652563,338.0790230162619,0.2,1.0,0.2,1.0,Pa,False
stratospheric,2016-09-01T14:02:03.021000,-0.022371,25288,25288,25289,632.208659,632.208659,2016-09-01T14:02:02.998629,2016-09-01T14:12:35.207288,2016-09-01T14:07:29.871000,3614.3574,281.96446731174296,0.23369561997491398,0.0858687770901407,0.31760306147524975,0.010047906226536724,23.25814102023754,0.7358103504714657,25288,25288,25289,True,0.22303068649161656,False,False,infrasound,N4,T50A,EP,BDF,1019.1203589652563,338.0790230162619,0.2,1.0,0.2,1.0,Pa,False
thermospheric_or_slow,2016-09-01T14:12:35.221000,-0.013712,69683,69683,69684,1742.086084,1742.086084,2016-09-01T14:12:35.207288,2016-09-01T14:41:37.293372,2016-09-01T14:35:37.471000,5301.9574,192.21587087162493,0.5274359078905725,0.0858687770901407,0.6680478530910477,0.006619490031759145,79.67923591697065,0.7895181542012809,69683,69683,69684,True,0.2652009815880487,False,False,infrasound,N4,T50A,EP,BDF,1019.1203589652563,338.0790230162619,0.2,1.0,0.2,1.0,Pa,False
tropospheric,2016-09-01T13:56:09.296000,-0.003776,15142,15142,15142,378.552081,378.552081,2016-09-01T13:56:09.292224,2016-09-01T14:02:27.844305,2016-09-01T14:02:23.496000,3307.9824,310.4074914426156,0.021766256771513566,0.023707659478104836,0.032322902788457716,0.005154711636023421,4.2225944550227155,0.6734004341740664,15142,15142,15142,True,0.24303262448817858,False,False,infrasound,N4,S54A,EP,BDF,1026.822518520323,356.3739657275973,0.2,1.0,0.2,1.0,Pa,False
stratospheric,2016-09-01T14:02:27.846000,-0.001695,25480,25479,25479,636.986674,636.986674,2016-09-01T14:02:27.844305,2016-09-01T14:13:04.830979,2016-09-01T14:06:57.421000,3581.9074,286.66919712115475,0.04062491747076662,0.023707659478104836,0.047892852089158715,0.005403246684727233,7.518612390138809,0.84824594273772,25480,25479,25479,True,0.24646781789638933,False,False,infrasound,N4,S54A,EP,BDF,1026.822518520323,356.3739657275973,0.2,1.0,0.2,1.0,Pa,False
thermospheric_or_slow,2016-09-01T14:13:04.846000,-0.015021,70210,70210,70210,1755.252168,1755.252168,2016-09-01T14:13:04.830979,2016-09-01T14:42:20.083147,2016-09-01T14:34:08.121000,5212.6074,196.98827088345902,0.32317292476695525,0.023707659478104836,0.11121031235218498,0.004744124959713183,68.1206602927452,2.905961847706345,70210,70210,70210,True,0.22731804586241275,True,True,infrasound,N4,S54A,EP,BDF,1026.822518520323,356.3739657275973,0.2,1.0,0.2,1.0,Pa,False
tropospheric,2016-09-01T13:56:19.221000,-0.023937,15193,15194,15194,379.830124,379.830124,2016-09-01T13:56:19.197063,2016-09-01T14:02:39.027187,2016-09-01T14:01:25.246000,3249.7324,317.03816969238335,0.02121508010017139,0.032312326809685585,0.1347673243711106,0.004567217884616374,4.645077295661658,0.1574200586022702,15193,15194,15194,True,0.22378727045349828,False,False,infrasound,N4,344B,EP,BDF,1030.289212086036,290.61084325993767,0.2,1.0,0.2,1.0,Pa,False
stratospheric,2016-09-01T14:02:39.046000,-0.018813,25565,25566,25566,639.137228,639.137228,2016-09-01T14:02:39.027187,2016-09-01T14:13:18.164416,2016-09-01T14:04:33.071000,3437.5574,299.7154933575905,0.04236858761744085,0.032312326809685585,0.1347673243711106,0.004344653628175989,9.751890770456747,0.3143832365534682,25565,25566,25566,True,0.25816546059065126,False,False,infrasound,N4,344B,EP,BDF,1030.289212086036,290.61084325993767,0.2,1.0,0.2,1.0,Pa,False
thermospheric_or_slow,2016-09-01T14:13:18.171000,-0.006584,70447,70448,70447,1761.17814,1761.17814,2016-09-01T14:13:18.164416,2016-09-01T14:42:39.342556,2016-09-01T14:23:06.946000,4551.4324,226.36592649075402,0.12954220439982173,0.032312326809685585,0.1347673243711106,0.003843390103869621,33.70519278524327,0.961228584186324,70447,70448,70447,True,0.22768890087583574,False,False,infrasound,N4,344B,EP,BDF,1030.289212086036,290.61084325993767,0.2,1.0,0.2,1.0,Pa,False
tropospheric,2016-09-01T13:56:22.171000,-0.018729,15208,15209,15209,380.211441,380.211441,2016-09-01T13:56:22.152271,2016-09-01T14:02:42.363712,2016-09-01T14:01:21.796000,3246.2824,317.6937209295598,1.1837791883309312,0.1925416885879746,0.791979862077353,0.010063550185632304,117.63037561247607,1.4947086978018527,15208,15209,15209,True,0.24723829563387686,True,True,infrasound,N4,S57A,EP,BDF,1031.3235348441417,8.00803350007791,0.2,1.0,0.2,1.0,Pa,False
stratospheric,2016-09-01T14:02:42.371000,-0.007288,25591,25591,25591,639.778868,639.778868,2016-09-01T14:02:42.363712,2016-09-01T14:13:22.142580,2016-09-01T14:06:45.571000,3570.0574,288.8814994526815,1.4152648682799454,0.7150599159663048,0.791979862077353,0.018657710914485065,75.85415353290703,1.786996028620884,25591,25591,25591,True,0.2516509710445078,True,True,infrasound,N4,S57A,EP,BDF,1031.3235348441417,8.00803350007791,0.2,1.0,0.2,1.0,Pa,False
thermospheric_or_slow,2016-09-01T14:13:22.146000,-0.00342,70518,70518,70518,1762.946213,1762.946213,2016-09-01T14:13:22.142580,2016-09-01T14:42:45.088794,2016-09-01T14:39:36.646000,5541.1324,186.12143879546022,1.1377511556133872,1.2330758298358053,0.791979862077353,0.054186729492133406,20.996859679057785,0.9226935830579768,70518,70518,70518,True,0.2756742959244448,False,False,infrasound,N4,S57A,EP,BDF,1031.3235348441417,8.00803350007791,0.2,1.0,0.2,1.0,Pa,False
tropospheric,2016-09-01T13:56:36.821000,-0.021717,15284,15284,15284,382.101378,382.101378,2016-09-01T13:56:36.799283,2016-09-01T14:02:58.900661,2016-09-01T13:58:12.196000,3056.6824,339.07676800912776,0.5704382395587104,1.2463288923459919,0.6614226597237279,0.05942494035482897,9.599306892907226,0.4576947891218041,15284,15284,15284,True,0.2564773619471342,False,False,infrasound,N4,Y45B,EP,BDF,1036.449989022384,306.80356823040165,0.2,1.0,0.2,1.0,Pa,False
stratospheric,2016-09-01T14:02:58.921000,-0.020339,25718,25719,25719,642.95905,642.95905,2016-09-01T14:02:58.900661,2016-09-01T14:13:41.859712,2016-09-01T14:06:04.071000,3528.5574,293.7319339122509,0.5117803402086185,1.2463288923459919,0.7149444615302939,0.05065611076582394,10.103032634591843,0.41063024643943163,25718,25719,25719,True,0.27062757601679754,False,False,infrasound,N4,Y45B,EP,BDF,1036.449989022384,306.80356823040165,0.2,1.0,0.2,1.0,Pa,False
thermospheric_or_slow,2016-09-01T14:13:41.871000,-0.011288,70868,70869,70869,1771.709383,1771.709383,2016-09-01T14:13:41.859712,2016-09-01T14:43:13.569095,2016-09-01T14:41:52.796000,5677.2824,182.5609360250221,1.615717473632356,1.2463288923459919,1.0034953400157118,0.03454676679678117,46.768992396211665,1.296381303165536,70868,70869,70869,True,0.251735621154823,True,True,infrasound,N4,Y45B,EP,BDF,1036.449989022384,306.80356823040165,0.2,1.0,0.2,1.0,Pa,False
tropospheric,2016-09-01T13:57:01.771000,-0.021412,15412,15413,15413,385.320773,385.320773,2016-09-01T13:57:01.749588,2016-09-01T14:03:27.070361,2016-09-01T14:00:39.021000,3203.5074,326.2619576870902,0.4561766257217876,0.035435890915338226,0.09976127245223111,0.00469823736113817,97.09527013153645,4.572682510041354,15412,15413,15413,True,0.2647287827666753,True,True,infrasound,N4,S51A,EP,BDF,1045.1825957890803,345.1825219676263,0.2,1.0,0.2,1.0,Pa,False
stratospheric,2016-09-01T14:03:27.071000,-0.000639,25936,25935,25935,648.3763,648.3763,2016-09-01T14:03:27.070361,2016-09-01T14:14:15.446661,2016-09-01T14:08:58.146000,3702.6324,282.2809511927461,0.1567195992765953,0.035435890915338226,0.09976127245223111,0.0044773955956696025,35.00240171499914,1.5709462742833162,25936,25935,25935,True,0.283775447254781,True,True,infrasound,N4,S51A,EP,BDF,1045.1825957890803,345.1825219676263,0.2,1.0,0.2,1.0,Pa,False
thermospheric_or_slow,2016-09-01T14:14:15.471000,-0.024339,71465,71466,71465,1786.636916,1786.636916,2016-09-01T14:14:15.446661,2016-09-01T14:44:02.083577,2016-09-01T14:17:22.921000,4207.4074,248.41487795764212,0.18534910715943514,0.07968339173515548,0.21082615480225148,0.0037783976525888577,49.05494979662579,0.8791561337979482,71465,71466,71465,True,0.2574686909676065,False,False,infrasound,N4,S51A,EP,BDF,1045.1825957890803,345.1825219676263,0.2,1.0,0.2,1.0,Pa,False
tropospheric,2016-09-01T13:58:19.721000,-0.001135,15816,15815,15816,395.381454,395.381454,2016-09-01T13:58:19.719865,2016-09-01T14:04:55.101318,2016-09-01T13:59:32.396000,3136.8824,341.89110587180824,0.510886945389935,0.2631880767715352,0.5004451547605772,0.014933515101461205,34.21076296631233,1.0208650049461532,15816,15815,15816,True,0.2073849266565503,False,False,infrasound,N4,R58B,EP,BDF,1072.472192725812,12.830936355664868,0.2,1.0,0.2,1.0,Pa,False
stratospheric,2016-09-01T14:04:55.121000,-0.019682,26612,26612,26613,665.30533,665.30533,2016-09-01T14:04:55.101318,2016-09-01T14:16:00.406649,2016-09-01T14:07:41.696000,3626.1824,295.7579278763837,0.6288777879706707,0.2631880767715352,0.5004451547605772,0.017791805342804518,35.34648541020632,1.256636780251251,26612,26612,26613,True,0.2570269051555689,True,True,infrasound,N4,R58B,EP,BDF,1072.472192725812,12.830936355664868,0.2,1.0,0.2,1.0,Pa,False
thermospheric_or_slow,2016-09-01T14:16:00.421000,-0.014351,73331,73331,73332,1833.2858,1833.2858,2016-09-01T14:16:00.406649,2016-09-01T14:46:33.692448,2016-09-01T14:18:23.296000,4267.7824,251.2949565389772,0.5034960084403153,1.7805213901030994,0.5004451547605772,0.02066206333950622,24.36813788473982,0.28278009533553583,73331,73331,73332,True,0.2176432886500934,False,False,infrasound,N4,R58B,EP,BDF,1072.472192725812,12.830936355664868,0.2,1.0,0.2,1.0,Pa,False
tropospheric,2016-09-01T13:58:38.296000,-0.002152,15912,15911,15911,397.778096,397.778096,2016-09-01T13:58:38.293848,2016-09-01T14:05:16.071944,2016-09-01T13:58:58.346000,3102.8324,347.7381139482418,0.020362597959464154,0.029641307816910937,0.025367449952054533,0.0062560722248375415,3.2548534012477663,0.6869669207998609,15912,15911,15911,True,0.20864756158873804,False,False,infrasound,N4,R55A,EP,BDF,1078.9730866734965,2.13724490136502,0.2,1.0,0.2,1.0,Pa,False
stratospheric,2016-09-01T14:05:16.096000,-0.024056,26773,26773,26774,669.338143,669.338143,2016-09-01T14:05:16.071944,2016-09-01T14:16:25.410087,2016-09-01T14:13:48.546000,3993.0324,270.2139573607007,0.0484191685270303,0.029641307816910937,0.025367449952054533,0.005960272576989454,8.123650034724909,1.633503110797501,26773,26773,26774,True,0.23904680088148506,True,True,infrasound,N4,R55A,EP,BDF,1078.9730866734965,2.13724490136502,0.2,1.0,0.2,1.0,Pa,False
thermospheric_or_slow,2016-09-01T14:16:25.421000,-0.010913,73776,73776,73776,1844.398439,1844.398439,2016-09-01T14:16:25.410087,2016-09-01T14:47:09.808526,2016-09-01T14:27:18.371000,4802.8574,224.65232606604073,0.16229282810041268,0.04062001180838466,0.02581422859600146,0.005331425294822958,30.440795683286787,3.995390963104365,73776,73776,73776,True,0.2277163305139883,True,True,infrasound,N4,R55A,EP,BDF,1078.9730866734965,2.13724490136502,0.2,1.0,0.2,1.0,Pa,False
tropospheric,2016-09-01T13:58:44.666680,-0.312928,399,398,399,398.56002,398.56002,2016-09-01T13:58:44.353752,2016-09-01T14:05:22.913772,2016-09-01T13:59:44.666680,3149.15308,343.2967613386852,0.46913954606871633,0.5552285518187786,0.4839406103626975,0.18972176183353467,2.4727766679731125,0.8449485253089778,399,398,399,True,0.20300751879699247,False,False,infrasound,IU,WVT,30,LDO,1081.0940533237456,322.75827445980894,0.2,1.0,0.2,0.45,Pa,False
stratospheric,2016-09-01T14:05:23.666680,-0.752908,670,670,671,670.653879,670.653879,2016-09-01T14:05:22.913772,2016-09-01T14:16:33.567651,2016-09-01T14:15:33.666680,4098.15308,263.8003100957238,0.7932348216315493,0.5552285518187786,0.4839406103626975,0.1883148647704567,4.212279378998837,1.4286635999411892,670,670,671,True,0.21940298507462686,True,True,infrasound,IU,WVT,30,LDO,1081.0940533237456,322.75827445980894,0.2,1.0,0.2,0.45,Pa,False
thermospheric_or_slow,2016-09-01T14:16:33.666680,-0.099029,1848,1848,1848,1848.024023,1848.024023,2016-09-01T14:16:33.567651,2016-09-01T14:47:21.591674,2016-09-01T14:36:12.666680,5337.15308,202.560060976131,0.6485781028264515,0.5552285518187786,0.6687282415861404,0.14393116058881514,4.506168783557022,0.9698679710133142,1848,1848,1848,True,0.23863636363636365,False,False,infrasound,IU,WVT,30,LDO,1081.0940533237456,322.75827445980894,0.2,1.0,0.2,0.45,Pa,False
tropospheric,2016-09-01T13:59:12.571000,-0.021971,16088,16088,16088,402.19812,402.19812,2016-09-01T13:59:12.549029,2016-09-01T14:05:54.747149,2016-09-01T14:05:53.371000,3517.8574,310.12126877352665,0.06939057945597116,0.08343743591030481,0.11583704081899657,0.011217237002893184,6.186066982276806,0.599036188816311,16088,16088,16088,True,0.31079065141720535,False,False,infrasound,N4,R53A,EP,BDF,1090.9624002523396,353.64255312638477,0.2,1.0,0.2,1.0,Pa,False
stratospheric,2016-09-01T14:05:54.771000,-0.023851,27071,27071,27071,676.775683,676.775683,2016-09-01T14:05:54.747149,2016-09-01T14:17:11.522832,2016-09-01T14:05:56.471000,3520.9574,309.84822487552384,0.08074112983337994,0.08343743591030481,0.11583704081899657,0.0120956210898147,6.675236371398012,0.6970234155026765,27071,27071,27071,True,0.22163939270806396,False,False,infrasound,N4,R53A,EP,BDF,1090.9624002523396,353.64255312638477,0.2,1.0,0.2,1.0,Pa,False
thermospheric_or_slow,2016-09-01T14:17:11.546000,-0.023168,74595,74596,74596,1864.892992,1864.892992,2016-09-01T14:17:11.522832,2016-09-01T14:48:16.415824,2016-09-01T14:26:32.221000,4756.7074,229.35242984513607,0.06218311784132483,0.08343743591030481,0.11583704081899657,0.007585519444326969,8.197608390263914,0.5368154901202136,74595,74596,74596,True,0.256853676519874,False,False,infrasound,N4,R53A,EP,BDF,1090.9624002523396,353.64255312638477,0.2,1.0,0.2,1.0,Pa,False
tropospheric,2016-09-01T13:59:20.896000,-0.004408,16131,16131,16131,403.27458,403.27458,2016-09-01T13:59:20.891592,2016-09-01T14:06:04.166171,2016-09-01T14:03:22.796000,3367.2824,324.85612051812217,0.13877709339988567,0.1399960206086095,0.17064684679168668,0.008352433087037134,16.61516973003542,0.8132414750639647,16131,16131,16131,True,0.22813216787551915,False,False,infrasound,N4,W45B,EP,BDF,1093.8822971529517,314.12029538143514,0.2,1.0,0.2,1.0,Pa,False
stratospheric,2016-09-01T14:06:04.171000,-0.004829,27144,27143,27144,678.587033,678.587033,2016-09-01T14:06:04.166171,2016-09-01T14:17:22.753204,2016-09-01T14:06:45.396000,3569.8824,306.4197008710852,0.12470194203829968,0.32514919394116854,0.17064684679168668,0.008685804478788034,14.3569824007482,0.383522224142013,27144,27143,27144,True,0.23283230179781902,False,False,infrasound,N4,W45B,EP,BDF,1093.8822971529517,314.12029538143514,0.2,1.0,0.2,1.0,Pa,False
thermospheric_or_slow,2016-09-01T14:17:22.771000,-0.017796,74795,74795,74796,1869.884269,1869.884269,2016-09-01T14:17:22.753204,2016-09-01T14:48:32.637473,2016-09-01T14:27:22.946000,4807.4324,227.53981879244972,0.5901977399927298,0.3754538953295565,0.48027235253787653,0.006892929848815542,85.62363943021231,1.2288813563262193,74795,74795,74796,True,0.23263587138177685,False,False,infrasound,N4,W45B,EP,BDF,1093.8822971529517,314.12029538143514,0.2,1.0,0.2,1.0,Pa,False
tropospheric,2016-09-01T14:00:05.796000,-0.01622,16363,16363,16363,409.066604,409.066604,2016-09-01T14:00:05.779780,2016-09-01T14:06:54.846384,2016-09-01T14:00:45.396000,3209.8824,345.68031621023357,1.1475397228328243,0.9421743005134879,0.43029326068674023,0.03731226158843553,30.755029954777385,1.2179696710124779,16363,16363,16363,True,0.24934303000672248,False,False,infrasound,N4,S61A,EP,BDF,1109.5931630296634,23.041990975001237,0.2,1.0,0.2,1.0,Pa,False
stratospheric,2016-09-01T14:06:54.871000,-0.024616,27533,27533,27534,688.333228,688.333228,2016-09-01T14:06:54.846384,2016-09-01T14:18:23.179612,2016-09-01T14:07:36.146000,3620.6324,306.4639102908275,0.28875044280308987,0.9421743005134879,0.431108081593492,0.03285861124586813,8.78766423335677,0.306472425161374,27533,27533,27534,True,0.2571459702901972,False,False,infrasound,N4,S61A,EP,BDF,1109.5931630296634,23.041990975001237,0.2,1.0,0.2,1.0,Pa,False
thermospheric_or_slow,2016-09-01T14:18:23.196000,-0.016388,75869,75870,75870,1896.74045,1896.74045,2016-09-01T14:18:23.179612,2016-09-01T14:49:59.920061,2016-09-01T14:27:56.071000,4840.5574,229.22838659648238,0.7850148638651758,0.9421743005134879,1.2466000156161146,0.01728012972534013,45.42875987290797,0.6297247345029057,75869,75870,75870,True,0.2694117491992777,False,False,infrasound,N4,S61A,EP,BDF,1109.5931630296634,23.041990975001237,0.2,1.0,0.2,1.0,Pa,False
tropospheric,2016-09-01T14:00:24.421000,-0.023258,16458,16459,16458,411.468922,411.468922,2016-09-01T14:00:24.397742,2016-09-01T14:07:15.866664,2016-09-01T14:01:11.871000,3236.3574,344.8659439937069,0.5777680532527574,0.4743813577615558,0.27330858455051776,0.020179440091462535,28.63152052951152,1.2179400471785995,16458,16459,16458,True,0.2551950419248997,False,False,infrasound,N4,T47A,EP,BDF,1116.1094498520188,328.5158334668639,0.2,1.0,0.2,1.0,Pa,False
stratospheric,2016-09-01T14:07:15.871000,-0.004336,27695,27695,27695,692.375589,692.375589,2016-09-01T14:07:15.866664,2016-09-01T14:18:48.242253,2016-09-01T14:10:35.821000,3800.3074,293.68925520393924,0.6942254993169897,0.4743813577615558,0.27330858455051776,0.0194702557473873,35.655694939197055,1.4634333494739413,27695,27695,27695,True,0.21086838779563097,True,True,infrasound,N4,T47A,EP,BDF,1116.1094498520188,328.5158334668639,0.2,1.0,0.2,1.0,Pa,False
thermospheric_or_slow,2016-09-01T14:18:48.246000,-0.003747,76316,76316,76315,1907.879401,1907.879401,2016-09-01T14:18:48.242253,2016-09-01T14:50:36.121655,2016-09-01T14:19:43.346000,4347.8324,256.70480073059366,1.0437271453284176,0.6815612723784688,0.7405790158901551,0.015438804710596837,67.60414195873774,1.4093393452066516,76316,76316,76315,True,0.23324073588762514,True,True,infrasound,N4,T47A,EP,BDF,1116.1094498520188,328.5158334668639,0.2,1.0,0.2,1.0,Pa,False
tropospheric,2016-09-01T14:01:11.971000,-0.015858,16704,16704,16705,417.60536,417.60536,2016-09-01T14:01:11.955142,2016-09-01T14:08:09.560502,2016-09-01T14:04:42.871000,3447.3574,328.5863367527543,1.6434218378917436,0.8223494631403108,0.9791274486873452,0.10996787227878446,14.944563387799588,1.6784554861524679,16704,16704,16705,True,0.26101532567049807,True,True,infrasound,N4,R50A,EP,BDF,1132.7545395434995,343.0825156070259,0.2,1.0,0.2,1.0,Pa,False
stratospheric,2016-09-01T14:08:09.571000,-0.010498,28108,28108,28108,702.701327,702.701327,2016-09-01T14:08:09.560502,2016-09-01T14:19:52.261829,2016-09-01T14:09:31.346000,3735.8324,303.2134256192809,1.102891327474139,1.1131761203232053,1.5874881097984739,0.10773306434435546,10.237259416931488,0.694739897997817,28108,28108,28108,True,0.23480859541767465,False,False,infrasound,N4,R50A,EP,BDF,1132.7545395434995,343.0825156070259,0.2,1.0,0.2,1.0,Pa,False
thermospheric_or_slow,2016-09-01T14:19:52.271000,-0.009171,77453,77453,77454,1936.332546,1936.332546,2016-09-01T14:19:52.261829,2016-09-01T14:52:08.594375,2016-09-01T14:28:51.771000,4896.2574,231.35110085174432,1.937433087519671,1.6274836652917863,1.5874881097984739,0.08956422380326101,21.631774443504188,1.1904470249612704,77453,77453,77454,True,0.2654513059532878,False,False,infrasound,N4,R50A,EP,BDF,1132.7545395434995,343.0825156070259,0.2,1.0,0.2,1.0,Pa,False
tropospheric,2016-09-01T14:01:15.896000,-0.015953,16724,16725,16724,418.1118,418.1118,2016-09-01T14:01:15.880047,2016-09-01T14:08:13.991847,2016-09-01T14:06:01.971000,3526.4574,321.6055457271183,0.1564428110881826,0.25784410154164084,0.28364569564935377,0.037981433757931296,4.1189285292715985,0.551543046440511,16724,16725,16724,True,0.24396077493422624,False,False,infrasound,N4,143B,EP,BDF,1134.1282566104344,296.56021735016253,0.2,1.0,0.2,1.0,Pa,False
stratospheric,2016-09-01T14:08:13.996000,-0.004153,28142,28142,28142,703.553509,703.553509,2016-09-01T14:08:13.991847,2016-09-01T14:19:57.545356,2016-09-01T14:18:41.396000,4285.8824,264.61954639969457,0.19952922487047706,0.2729484618591607,0.28364569564935377,0.03885665761476096,5.135007412337993,0.7034452767340333,28142,28142,28142,True,0.27290171274252006,False,False,infrasound,N4,143B,EP,BDF,1134.1282566104344,296.56021735016253,0.2,1.0,0.2,1.0,Pa,False
thermospheric_or_slow,2016-09-01T14:19:57.546000,-0.000644,77548,77547,77547,1938.680781,1938.680781,2016-09-01T14:19:57.545356,2016-09-01T14:52:16.226137,2016-09-01T14:50:29.421000,6193.9074,183.10384436978094,0.35902620560037574,0.2729484618591607,0.28364569564935377,0.030857455442917937,11.634990651271456,1.2657558746959032,77548,77547,77547,True,0.23469335121473153,True,True,infrasound,N4,143B,EP,BDF,1134.1282566104344,296.56021735016253,0.2,1.0,0.2,1.0,Pa,False
tropospheric,2016-09-01T14:02:18.971000,-0.004615,17050,17050,17050,426.251972,426.251972,2016-09-01T14:02:18.966385,2016-09-01T14:09:25.218357,2016-09-01T14:05:43.146000,3507.6324,329.6264667639968,0.20370212537513155,0.02180864240929383,0.2925217706168966,0.004759531895941314,42.798773036658986,0.6963656925279302,17050,17050,17050,True,0.20879765395894428,False,False,infrasound,N4,Q54A,EP,BDF,1156.2084747189183,358.89210271395285,0.2,1.0,0.2,1.0,Pa,False
stratospheric,2016-09-01T14:09:25.221000,-0.002643,28690,28690,28690,717.250915,717.250915,2016-09-01T14:09:25.218357,2016-09-01T14:21:22.469272,2016-09-01T14:12:01.896000,3886.3824,297.5024986524533,0.49442855457047,0.13528329496066197,0.2925217706168966,0.0060108917933920855,82.25544088383141,1.6902282299460105,28690,28690,28690,True,0.23562216800278843,True,True,infrasound,N4,Q54A,EP,BDF,1156.2084747189183,358.89210271395285,0.2,1.0,0.2,1.0,Pa,False
thermospheric_or_slow,2016-09-01T14:21:22.471000,-0.001728,79057,79057,79057,1976.424743,1976.424743,2016-09-01T14:21:22.469272,2016-09-01T14:54:18.894015,2016-09-01T14:47:09.671000,5994.1574,192.88924156694955,0.5904205277862471,0.19625552080887484,0.7562404725544523,0.005497450753757916,107.39896621768749,0.7807311949225708,79057,79057,79057,True,0.23324942762816703,False,False,infrasound,N4,Q54A,EP,BDF,1156.2084747189183,358.89210271395285,0.2,1.0,0.2,1.0,Pa,False
tropospheric,2016-09-01T14:02:30.396000,-0.01842,17109,17109,17109,427.724385,427.724385,2016-09-01T14:02:30.377580,2016-09-01T14:09:38.101965,2016-09-01T14:05:20.996000,3485.4824,332.8670926887866,1.5516097941997788,1.6654574970094647,1.41702960615167,0.19946425267635362,7.778886559274294,0.9316417843060459,17109,17109,17109,True,0.2221053246829154,False,False,infrasound,N4,R49A,EP,BDF,1160.2023931059343,339.6369261888512,0.2,1.0,0.2,1.0,Pa,False
stratospheric,2016-09-01T14:09:38.121000,-0.019035,28789,28789,28789,719.728532,719.728532,2016-09-01T14:09:38.101965,2016-09-01T14:21:37.830497,2016-09-01T14:13:33.071000,3977.5574,291.6871528003428,1.5362434008816113,1.6654574970094647,2.021800036965534,0.15695999206425706,9.787483935732466,0.7598394365385996,28789,28789,28789,True,0.25704262044530896,False,False,infrasound,N4,R49A,EP,BDF,1160.2023931059343,339.6369261888512,0.2,1.0,0.2,1.0,Pa,False
thermospheric_or_slow,2016-09-01T14:21:37.846000,-0.015503,79330,79330,79330,1983.251954,1983.251954,2016-09-01T14:21:37.830497,2016-09-01T14:54:41.082451,2016-09-01T14:42:19.746000,5704.2324,203.3932546482388,2.2585428814643276,1.82506888556075,2.021800036965534,0.091586694046825,24.660163847704947,1.1170950836731186,79330,79330,79330,True,0.20824404386738937,False,False,infrasound,N4,R49A,EP,BDF,1160.2023931059343,339.6369261888512,0.2,1.0,0.2,1.0,Pa,False
tropospheric,2016-09-01T14:02:41.521000,-0.024709,17166,17167,17166,429.159057,429.159057,2016-09-01T14:02:41.496291,2016-09-01T14:09:50.655347,2016-09-01T14:09:13.846000,3718.3324,313.0688213089389,1.8601735692972494,1.1192689927344572,2.1612369540079275,0.05593061267660109,33.258594538433584,0.8606985762702382,17166,17167,17166,True,0.2260281952697192,False,False,infrasound,N4,Q52A,EP,BDF,1164.0939417028378,352.73315881456585,0.2,1.0,0.2,1.0,Pa,False
stratospheric,2016-09-01T14:09:50.671000,-0.015653,28886,28886,28885,722.142644,722.142644,2016-09-01T14:09:50.655347,2016-09-01T14:21:52.797991,2016-09-01T14:16:20.946000,4145.4324,280.81363519589365,1.792912205082057,1.1192689927344572,2.1612369540079275,0.05755667474137162,31.150378529309222,0.8295768780730743,28886,28886,28885,True,0.22709963304022707,False,False,infrasound,N4,Q52A,EP,BDF,1164.0939417028378,352.73315881456585,0.2,1.0,0.2,1.0,Pa,False
thermospheric_or_slow,2016-09-01T14:21:52.821000,-0.023009,79596,79597,79596,1989.904174,1989.904174,2016-09-01T14:21:52.797991,2016-09-01T14:55:02.702165,2016-09-01T14:26:35.521000,4760.0074,244.55717058398642,1.5944892741881296,2.1966169105382063,2.3086204005274795,0.04776071642777421,33.38495302094943,0.6906675839058758,79596,79597,79596,True,0.2623247399366802,False,False,infrasound,N4,Q52A,EP,BDF,1164.0939417028378,352.73315881456585,0.2,1.0,0.2,1.0,Pa,False
tropospheric,2016-09-01T14:02:56.371000,-0.005776,17243,17243,17243,431.077629,431.077629,2016-09-01T14:02:56.365224,2016-09-01T14:10:07.442853,2016-09-01T14:07:26.421000,3610.9074,323.82388663267835,0.08429698539672378,0.11703901596981559,0.11920994617188747,0.008229869509335382,10.242809476031576,0.7071304711032829,17243,17243,17243,True,0.2644551412167256,False,False,infrasound,N4,Q56A,EP,BDF,1169.2980685386992,5.940547348573529,0.2,1.0,0.2,1.0,Pa,False
stratospheric,2016-09-01T14:10:07.446000,-0.003147,29015,29015,29015,725.37101,725.37101,2016-09-01T14:10:07.442853,2016-09-01T14:22:12.813864,2016-09-01T14:10:33.596000,3798.0824,307.86537662761066,0.07721218016116779,0.11703901596981559,0.2062905737665243,0.00889619715709736,8.679234373708562,0.37428845512134284,29015,29015,29015,True,0.2178183698087196,False,False,infrasound,N4,Q56A,EP,BDF,1169.2980685386992,5.940547348573529,0.2,1.0,0.2,1.0,Pa,False
thermospheric_or_slow,2016-09-01T14:22:12.821000,-0.007136,79952,79952,79952,1998.800117,1998.800117,2016-09-01T14:22:12.813864,2016-09-01T14:55:31.613981,2016-09-01T14:33:39.471000,5183.9574,225.56089456651384,0.121662961545349,0.11703901596981559,0.2062905737665243,0.006313306729328188,19.270877649610952,0.5897650063402549,79952,79952,79952,True,0.22313388032819692,False,False,infrasound,N4,Q56A,EP,BDF,1169.2980685386992,5.940547348573529,0.2,1.0,0.2,1.0,Pa,False
tropospheric,2016-09-01T14:03:13.371000,-0.021925,17330,17331,17331,433.269093,433.269093,2016-09-01T14:03:13.349075,2016-09-01T14:10:26.618168,2016-09-01T14:07:22.346000,3606.8324,325.8378227072803,0.022644395321379622,0.078583813384934,0.0322280427514231,0.006591768334735197,3.4352535118771415,0.2881559744429631,17330,17331,17331,True,0.23773802654356604,False,False,infrasound,N4,342B,EP,BDF,1175.2424160860742,288.26563396729284,0.2,1.0,0.2,1.0,Pa,False
stratospheric,2016-09-01T14:10:26.621000,-0.002832,29163,29163,29163,729.058571,729.058571,2016-09-01T14:10:26.618168,2016-09-01T14:22:35.676739,2016-09-01T14:19:03.171000,4307.6574,272.8263431734553,0.04101200763958174,0.078583813384934,0.0322280427514231,0.0063979774307658475,6.410151971210149,0.521888743661357,29163,29163,29163,True,0.23865857422075917,False,False,infrasound,N4,342B,EP,BDF,1175.2424160860742,288.26563396729284,0.2,1.0,0.2,1.0,Pa,False
thermospheric_or_slow,2016-09-01T14:22:35.696000,-0.019261,80358,80359,80359,2008.961395,2008.961395,2016-09-01T14:22:35.676739,2016-09-01T14:56:04.638134,2016-09-01T14:50:06.521000,6171.0074,190.44579594671595,0.11557561415649746,0.078583813384934,0.03283573015760786,0.005152113073082877,22.43266258272168,1.4707305382390043,80358,80359,80359,True,0.22797979043779087,True,True,infrasound,N4,342B,EP,BDF,1175.2424160860742,288.26563396729284,0.2,1.0,0.2,1.0,Pa,False
tropospheric,2016-09-01T14:03:47.821000,-0.015708,17508,17509,17509,437.715057,437.715057,2016-09-01T14:03:47.805292,2016-09-01T14:11:05.520349,2016-09-01T14:10:51.421000,3815.9074,311.14541517143186,0.027389291769711603,0.032244049887330345,0.0931687026417477,0.007911802588740554,3.4618269935968646,0.29397524053789725,17508,17509,17509,True,0.21932830705962986,False,False,infrasound,N4,R61A,EP,BDF,1187.302092228739,22.796589725113556,0.2,1.0,0.2,1.0,Pa,False
stratospheric,2016-09-01T14:11:05.521000,-0.000651,29462,29462,29462,736.539759,736.539759,2016-09-01T14:11:05.520349,2016-09-01T14:23:22.060109,2016-09-01T14:14:58.621000,4063.1074,292.21528631725045,0.027101640986244704,0.14076794229749903,0.2511957550397135,0.00857263326728487,3.1614137851517303,0.10789052140614397,29462,29462,29462,True,0.23216346480211797,False,False,infrasound,N4,R61A,EP,BDF,1187.302092228739,22.796589725113556,0.2,1.0,0.2,1.0,Pa,False
thermospheric_or_slow,2016-09-01T14:23:22.071000,-0.010891,81183,81183,81183,2029.576226,2029.576226,2016-09-01T14:23:22.060109,2016-09-01T14:57:11.636335,2016-09-01T14:57:09.421000,6593.9074,180.06047404134597,0.03540660460870794,0.14076794229749903,0.2511957550397135,0.007336698840833609,4.825958564858439,0.14095224102457557,81183,81183,81183,True,0.24142985600433586,False,False,infrasound,N4,R61A,EP,BDF,1187.302092228739,22.796589725113556,0.2,1.0,0.2,1.0,Pa,False
tropospheric,2016-09-01T14:03:51.146000,-0.010737,17526,17526,17526,438.144731,438.144731,2016-09-01T14:03:51.135263,2016-09-01T14:11:09.279993,2016-09-01T14:08:12.896000,3657.3824,324.95032019489537,0.9035908251963174,0.04205009049390544,0.6200887319640088,0.005261188864871835,171.74650984864982,1.4571960086008522,17526,17526,17526,True,0.24192628095401117,True,True,infrasound,N4,Q51A,EP,BDF,1188.4675819551749,348.2988092618442,0.2,1.0,0.2,1.0,Pa,False
stratospheric,2016-09-01T14:11:09.296000,-0.016007,29490,29490,29491,737.262768,737.262768,2016-09-01T14:11:09.279993,2016-09-01T14:23:26.542761,2016-09-01T14:11:39.071000,3863.5574,307.6096609707869,0.19502983160915832,0.5130318392537174,0.6200887319640088,0.005561688172109018,35.06666062063708,0.3145192317742007,29490,29490,29491,True,0.21159715157680573,False,False,infrasound,N4,Q51A,EP,BDF,1188.4675819551749,348.2988092618442,0.2,1.0,0.2,1.0,Pa,False
thermospheric_or_slow,2016-09-01T14:23:26.546000,-0.003239,81263,81263,81263,2031.568516,2031.568516,2016-09-01T14:23:26.542761,2016-09-01T14:57:18.111278,2016-09-01T14:34:44.446000,5248.9324,226.42082072826372,0.2558674445771719,0.7348277618050765,0.6200887319640088,0.005616300320519828,45.55800615617535,0.3482005687273481,81263,81263,81263,True,0.2461144678389919,False,False,infrasound,N4,Q51A,EP,BDF,1188.4675819551749,348.2988092618442,0.2,1.0,0.2,1.0,Pa,False
tropospheric,2016-09-01T14:04:14.069538,-0.920658,441,441,441,440.985197,440.985197,2016-09-01T14:04:13.148880,2016-09-01T14:11:34.134078,2016-09-01T14:05:21.069538,3485.555938,343.17978804989934,0.5023609778136202,0.39715230152855197,0.22641619724225004,0.04431364898838546,11.336484114528421,1.2649076333692217,441,441,441,True,0.2585034013605442,True,True,infrasound,IU,WCI,31,LDO,1196.172348038908,335.15112284403176,0.2,1.0,0.2,0.45,Pa,False
stratospheric,2016-09-01T14:11:35.069538,-0.93546,742,742,742,742.0424,742.0424,2016-09-01T14:11:34.134078,2016-09-01T14:23:56.176477,2016-09-01T14:16:47.069538,4171.555938,286.7448898725298,0.8707815836083472,0.39715230152855197,0.3985912283600676,0.04435911838330896,19.63027254247679,2.184648134859923,742,742,742,True,0.24258760107816713,True,True,infrasound,IU,WCI,31,LDO,1196.172348038908,335.15112284403176,0.2,1.0,0.2,0.45,Pa,False
thermospheric_or_slow,2016-09-01T14:23:57.069538,-0.893061,2044,2045,2045,2044.739056,2044.739056,2016-09-01T14:23:56.176477,2016-09-01T14:58:00.915534,2016-09-01T14:25:51.069538,4715.555938,253.6651804720693,0.38476144160232745,0.39715230152855197,0.4225297926605488,0.03446124888375148,11.165046365564043,0.9106137562030717,2044,2045,2045,True,0.24510763209393344,False,False,infrasound,IU,WCI,31,LDO,1196.172348038908,335.15112284403176,0.2,1.0,0.2,0.45,Pa,False
tropospheric,2016-09-01T14:04:33.246000,-0.014142,17743,17743,17743,443.576549,443.576549,2016-09-01T14:04:33.231858,2016-09-01T14:11:56.808408,2016-09-01T14:06:44.071000,3568.5574,337.16744766098157,0.014917956627293,0.027250074276456905,0.06071750409474275,0.0012741396559053603,11.708258634092044,0.24569449699406662,17743,17743,17743,True,0.20740573747393334,False,False,infrasound,N4,T45B,EP,BDF,1203.2013903897086,323.2471121562244,0.2,1.0,0.2,1.0,Pa,False
stratospheric,2016-09-01T14:11:56.821000,-0.012592,29856,29856,29856,746.402848,746.402848,2016-09-01T14:11:56.808408,2016-09-01T14:24:23.211255,2016-09-01T14:23:20.121000,4564.6074,263.59362042608717,0.011015348873653196,0.027250074276456905,0.06071750409474275,0.0011843815044785813,9.300507338218402,0.18141965876042926,29856,29856,29856,True,0.262593783494105,False,False,infrasound,N4,T45B,EP,BDF,1203.2013903897086,323.2471121562244,0.2,1.0,0.2,1.0,Pa,False
thermospheric_or_slow,2016-09-01T14:24:23.221000,-0.009745,82270,82270,82270,2056.754513,2056.754513,2016-09-01T14:24:23.211255,2016-09-01T14:58:39.965769,2016-09-01T14:53:33.521000,6378.0074,188.64847826763395,0.055108230672547207,0.027250074276456905,0.06071750409474275,0.0008406496047652337,65.55434078617947,0.9076168642663093,82270,82270,82270,True,0.24650540901908352,False,False,infrasound,N4,T45B,EP,BDF,1203.2013903897086,323.2471121562244,0.2,1.0,0.2,1.0,Pa,False
tropospheric,2016-09-01T14:04:48.666680,-0.20334,446,445,446,445.541902,445.541902,2016-09-01T14:04:48.463340,2016-09-01T14:12:14.005242,2016-09-01T14:05:18.666680,3483.15308,346.96505760627514,0.8035005957707292,0.6461180413637012,0.4865203407848896,0.15137442868675552,5.308033878254573,1.243581736357114,446,445,446,True,0.2219730941704036,False,False,infrasound,IU,TEIG,30,LDO,1208.5324090536747,221.8902830870789,0.2,1.0,0.2,0.45,Pa,False
stratospheric,2016-09-01T14:12:14.666680,-0.661438,750,749,750,749.709931,749.709931,2016-09-01T14:12:14.005242,2016-09-01T14:24:43.715173,2016-09-01T14:24:34.666680,4639.15308,260.5071202034305,0.6485312024216666,0.751953771126701,0.4865203407848896,0.19769202201895866,3.28051276828699,0.862461533306669,750,749,750,True,0.24533333333333332,False,False,infrasound,IU,TEIG,30,LDO,1208.5324090536747,221.8902830870789,0.2,1.0,0.2,0.45,Pa,False
thermospheric_or_slow,2016-09-01T14:24:44.666680,-0.951507,2065,2066,2066,2065.867366,2065.867366,2016-09-01T14:24:43.715173,2016-09-01T14:59:09.582539,2016-09-01T14:50:06.666680,6171.15308,195.8357527980289,0.7939044900686759,0.8381179106107293,0.7721614115253784,0.1452536786385295,5.465641197592964,0.9472467775926237,2065,2066,2066,True,0.21694915254237288,False,False,infrasound,IU,TEIG,30,LDO,1208.5324090536747,221.8902830870789,0.2,1.0,0.2,0.45,Pa,False
tropospheric,2016-09-01T14:05:04.471000,-0.000542,17905,17904,17904,447.607337,447.607337,2016-09-01T14:05:04.470458,2016-09-01T14:12:32.077795,2016-09-01T14:08:55.521000,3700.0074,328.1439114053612,0.6917639525185786,0.7081240348177049,2.421298889652432,0.10971641915763501,6.305017588340056,0.2856995290729591,17905,17904,17904,True,0.26137950293214185,False,False,infrasound,N4,P53A,EP,BDF,1214.134900464781,356.6800319590057,0.2,1.0,0.2,1.0,Pa,False
stratospheric,2016-09-01T14:12:32.096000,-0.018205,30127,30127,30127,753.185422,753.185422,2016-09-01T14:12:32.077795,2016-09-01T14:25:05.263217,2016-09-01T14:17:49.821000,4234.3074,286.7375430666137,0.9119462200053527,0.8827902703287998,2.421298889652432,0.10146252368938692,8.988010418478712,0.3766351291460176,30127,30127,30127,True,0.2270388687887941,False,False,infrasound,N4,P53A,EP,BDF,1214.134900464781,356.6800319590057,0.2,1.0,0.2,1.0,Pa,False
thermospheric_or_slow,2016-09-01T14:25:05.271000,-0.007783,83018,83017,83018,2075.444274,2075.444274,2016-09-01T14:25:05.263217,2016-09-01T14:59:40.707491,2016-09-01T14:47:19.496000,6003.9824,202.22159553045674,3.0418397519585985,0.8827902703287998,2.421298889652432,0.06273914076710448,48.48392430572627,1.2562842881389347,83018,83017,83018,True,0.25006625069262084,True,True,infrasound,N4,P53A,EP,BDF,1214.134900464781,356.6800319590057,0.2,1.0,0.2,1.0,Pa,False
tropospheric,2016-09-01T14:05:57.346000,-0.008461,18177,18177,18177,454.428895,454.428895,2016-09-01T14:05:57.337539,2016-09-01T14:13:31.766434,2016-09-01T14:08:12.471000,3656.9574,337.0666495945102,1.4594354975957633,1.153072077958192,0.6004713740254979,0.08425396954905374,17.321860387195894,1.2656932081644592,18177,18177,18177,True,0.2376629806898828,True,True,infrasound,N4,P51A,EP,BDF,1232.6383785278508,349.96017318017255,0.2,1.0,0.2,1.0,Pa,False
stratospheric,2016-09-01T14:13:31.771000,-0.004566,30587,30586,30586,764.664007,764.664007,2016-09-01T14:13:31.766434,2016-09-01T14:26:16.430440,2016-09-01T14:14:56.321000,4060.8074,303.545146841451,1.7329268788911958,1.153072077958192,0.9898057146195864,0.08305900955538126,20.863803796453077,1.5028781912400346,30587,30586,30586,True,0.21447019975806714,True,True,infrasound,N4,P51A,EP,BDF,1232.6383785278508,349.96017318017255,0.2,1.0,0.2,1.0,Pa,False
thermospheric_or_slow,2016-09-01T14:26:16.446000,-0.01556,84283,84283,84283,2107.074151,2107.074151,2016-09-01T14:26:16.430440,2016-09-01T15:01:23.504592,2016-09-01T14:27:28.021000,4812.5074,256.1322562387854,0.9974685961992953,1.3093132411730224,1.4539461281230945,0.062065336346688024,16.071267069714718,0.6860423346544015,84283,84283,84283,True,0.24536383375057838,False,False,infrasound,N4,P51A,EP,BDF,1232.6383785278508,349.96017318017255,0.2,1.0,0.2,1.0,Pa,False
tropospheric,2016-09-01T14:06:01.921000,-0.00984,18201,18201,18200,455.01904,455.01904,2016-09-01T14:06:01.911160,2016-09-01T14:13:36.930200,2016-09-01T14:09:01.446000,3705.9324,333.0441607594046,0.1338457535093045,0.06928148122141323,1.4446464680147422,0.007769990847076943,17.225985994521093,0.09264948655101592,18201,18201,18200,True,0.22196582605351353,False,False,infrasound,N4,P57A,EP,BDF,1234.239145989086,10.359916772754612,0.2,1.0,0.2,1.0,Pa,False
stratospheric,2016-09-01T14:13:36.946000,-0.0158,30626,30626,30626,765.657038,765.657038,2016-09-01T14:13:36.930200,2016-09-01T14:26:22.587238,2016-09-01T14:25:28.996000,4693.4824,262.96873851899096,0.4883413603676006,0.06928148122141323,1.843020343547516,0.007183870927612445,67.97746859434466,0.26496797068860484,30626,30626,30626,True,0.2141970874420427,False,False,infrasound,N4,P57A,EP,BDF,1234.239145989086,10.359916772754612,0.2,1.0,0.2,1.0,Pa,False
thermospheric_or_slow,2016-09-01T14:26:22.596000,-0.008762,84393,84392,84392,2109.810506,2109.810506,2016-09-01T14:26:22.587238,2016-09-01T15:01:32.397744,2016-09-01T14:51:03.346000,6227.8324,198.18117552249575,1.8608990309232354,0.0709859171898454,1.843020343547516,0.0061398933425877615,303.08328289932933,1.0097007542202738,84393,84392,84392,True,0.2696906141504627,False,False,infrasound,N4,P57A,EP,BDF,1234.239145989086,10.359916772754612,0.2,1.0,0.2,1.0,Pa,False
tropospheric,2016-09-01T14:06:08.196000,-0.007207,18233,18233,18233,455.829057,455.829057,2016-09-01T14:06:08.188793,2016-09-01T14:13:44.017850,2016-09-01T14:09:08.446000,3712.9324,333.008033648133,1.2754569852749886,0.44478950427275143,2.11632385568788,0.01468594107149515,86.84884264928735,0.6026757113978758,18233,18233,18233,True,0.23035156035759335,False,False,infrasound,TA,P52A,EP,BDF,1236.4363175924432,353.7622082717012,0.2,1.0,0.2,1.0,Pa,False
stratospheric,2016-09-01T14:13:44.021000,-0.00315,30681,30681,30681,767.020048,767.020048,2016-09-01T14:13:44.017850,2016-09-01T14:26:31.037898,2016-09-01T14:19:22.171000,4326.6574,285.7717178144133,0.32583930544248185,0.690969529367796,2.11632385568788,0.018218832124740705,17.88475261265515,0.15396476515952354,30681,30681,30681,True,0.2007757243896874,False,False,infrasound,TA,P52A,EP,BDF,1236.4363175924432,353.7622082717012,0.2,1.0,0.2,1.0,Pa,False
thermospheric_or_slow,2016-09-01T14:26:31.046000,-0.008102,84543,84542,84542,2113.566355,2113.566355,2016-09-01T14:26:31.037898,2016-09-01T15:01:44.604253,2016-09-01T14:59:13.846000,6718.3324,184.03916983810493,1.5724235639251178,1.6352775756912796,2.11632385568788,0.017718897790485907,88.74274136675841,0.7429976086594859,84543,84542,84542,True,0.2342003477520315,False,False,infrasound,TA,P52A,EP,BDF,1236.4363175924432,353.7622082717012,0.2,1.0,0.2,1.0,Pa,False
tropospheric,2016-09-01T14:06:27.071000,-0.014882,18330,18331,18331,458.263551,458.263551,2016-09-01T14:06:27.056118,2016-09-01T14:14:05.319668,2016-09-01T14:08:56.021000,3700.5074,335.91065949642575,0.05140490930599022,0.1839067701550054,0.08707193135778726,0.01769974434877102,2.9042741122732383,0.2795161334336072,18330,18331,18331,True,0.2989634478996181,False,False,infrasound,LD,MIDE,EP,BDF,1243.0398812054036,21.618016102828612,0.2,1.0,0.2,1.0,Pa,False
stratospheric,2016-09-01T14:14:05.321000,-0.001332,30845,30845,30845,771.116552,771.116552,2016-09-01T14:14:05.319668,2016-09-01T14:26:56.436220,2016-09-01T14:14:26.171000,4030.6574,308.3963130196587,0.05911888448370327,0.26897658712069117,0.08707193135778726,0.02034221379486039,2.90621684935,0.21979193474254444,30845,30845,30845,True,0.23472199708218514,False,False,infrasound,LD,MIDE,EP,BDF,1243.0398812054036,21.618016102828612,0.2,1.0,0.2,1.0,Pa,False
thermospheric_or_slow,2016-09-01T14:26:56.446000,-0.00978,84994,84994,84994,2124.854498,2124.854498,2016-09-01T14:26:56.436220,2016-09-01T15:02:21.290718,2016-09-01T14:40:41.596000,5606.0824,221.73057627647492,0.5319171680363698,0.26897658712069117,0.08707193135778726,0.008320036564144115,63.93207096333096,1.9775593620633451,84994,84994,84994,True,0.2809610090124009,True,True,infrasound,LD,MIDE,EP,BDF,1243.0398812054036,21.618016102828612,0.2,1.0,0.2,1.0,Pa,False
tropospheric,2016-09-01T14:06:30.471000,-0.013558,18348,18348,18348,458.702431,458.702431,2016-09-01T14:06:30.457442,2016-09-01T14:14:09.159873,2016-09-01T14:11:46.671000,3871.1574,321.4104248809578,0.06923528934785703,0.03891035665421716,0.21049649964845024,0.008325853147877125,8.315699078299287,0.3289142074261887,18348,18348,18348,True,0.2616088947024199,False,False,infrasound,N4,441B,EP,BDF,1244.230344715064,284.3183213383813,0.2,1.0,0.2,1.0,Pa,False
stratospheric,2016-09-01T14:14:09.171000,-0.011127,30874,30874,30874,771.855053,771.855053,2016-09-01T14:14:09.159873,2016-09-01T14:27:01.014926,2016-09-01T14:26:26.146000,4750.6324,261.9083608142495,0.2337135732893793,0.07794306221887884,0.21049649964845024,0.00863982414631417,27.050732669030506,1.1102967207516699,30874,30874,30874,True,0.2798471205545119,False,False,infrasound,N4,441B,EP,BDF,1244.230344715064,284.3183213383813,0.2,1.0,0.2,1.0,Pa,False
thermospheric_or_slow,2016-09-01T14:27:01.021000,-0.006074,85076,85076,85075,2126.889478,2126.889478,2016-09-01T14:27:01.014926,2016-09-01T15:02:27.904404,2016-09-01T14:33:18.021000,5162.5074,241.0127963622994,0.39581169904392655,0.07794306221887884,0.21049649964845024,0.006656982115566509,59.45812864937267,1.8803718812662957,85076,85076,85075,True,0.2581221496074098,True,True,infrasound,N4,441B,EP,BDF,1244.230344715064,284.3183213383813,0.2,1.0,0.2,1.0,Pa,False
tropospheric,2016-09-01T14:07:59.146001,-0.019686,18805,18806,18806,470.143576,470.143576,2016-09-01T14:07:59.126315,2016-09-01T14:15:49.269891,2016-09-01T14:11:08.271001,3832.757401,332.72767272024873,2.6338935293501535,1.506849082671511,2.4117642959760968,0.03839288138318571,68.60369512416112,1.0921023807113606,18805,18806,18806,True,0.23610741823982986,False,False,infrasound,TA,P49A,EP,BDF,1275.2644501360392,343.6998559941728,0.2,1.0,0.2,1.0,Pa,False
stratospheric,2016-09-01T14:15:49.271001,-0.00111,31645,31645,31645,791.106979,791.106979,2016-09-01T14:15:49.269891,2016-09-01T14:29:00.376870,2016-09-01T14:27:32.046001,4816.532401,264.7681659675477,2.264434424148935,2.865535481706979,2.4117642959760968,0.040927138865372435,55.32843210950238,0.7902308097752213,31645,31645,31645,True,0.24522041396745142,False,False,infrasound,TA,P49A,EP,BDF,1275.2644501360392,343.6998559941728,0.2,1.0,0.2,1.0,Pa,False
thermospheric_or_slow,2016-09-01T14:29:00.396001,-0.019131,87197,87198,87198,2179.939231,2179.939231,2016-09-01T14:29:00.376870,2016-09-01T15:05:20.316101,2016-09-01T14:41:13.896001,5638.382401,226.17558715241867,2.505269859157405,2.865535481706979,2.4117642959760968,0.016788596847835183,149.22449337869762,0.8742763351389505,87197,87198,87198,True,0.25826576602406043,False,False,infrasound,TA,P49A,EP,BDF,1275.2644501360392,343.6998559941728,0.2,1.0,0.2,1.0,Pa,False
tropospheric,2016-09-01T14:08:32.246000,-0.016093,18976,18977,18977,474.415007,474.415007,2016-09-01T14:08:32.229907,2016-09-01T14:16:26.644915,2016-09-01T14:10:02.746000,3767.2324,341.590475697277,2.0106261998872568,1.636064879819987,1.7206774547739334,0.14852251308837944,13.537518037355175,1.1685084815337559,18976,18977,18977,True,0.2930016863406408,False,False,infrasound,N4,O52A,EP,BDF,1286.8507075781943,355.1837507830039,0.2,1.0,0.2,1.0,Pa,False
stratospheric,2016-09-01T14:16:26.646000,-0.001085,31932,31932,31932,798.294484,798.294484,2016-09-01T14:16:26.644915,2016-09-01T14:29:44.939398,2016-09-01T14:21:44.521000,4469.0074,287.95000598526514,0.8888192210023662,2.5350094886603887,1.7206774547739334,0.17269147098385293,5.14686229689637,0.35061770970808387,31932,31932,31932,True,0.28310159088062126,False,False,infrasound,N4,O52A,EP,BDF,1286.8507075781943,355.1837507830039,0.2,1.0,0.2,1.0,Pa,False
thermospheric_or_slow,2016-09-01T14:29:44.946000,-0.006602,87990,87990,87990,2199.744799,2199.744799,2016-09-01T14:29:44.939398,2016-09-01T15:06:24.684198,2016-09-01T14:40:09.696000,5574.1824,230.85909560085338,4.082296989698655,2.5350094886603887,1.7206774547739334,0.057802950707057314,70.62437020538187,1.61036753825167,87990,87990,87990,True,0.23639049892033184,True,True,infrasound,N4,O52A,EP,BDF,1286.8507075781943,355.1837507830039,0.2,1.0,0.2,1.0,Pa,False
tropospheric,2016-09-01T14:08:37.346000,-0.010683,19003,19003,19003,475.07377,475.07377,2016-09-01T14:08:37.335317,2016-09-01T14:16:32.409087,2016-09-01T14:09:04.696000,3709.1824,347.4182345710442,0.0013909598686372084,0.0017121696529451738,0.0013011454013765467,0.00034792111840282824,3.9979173297170605,0.8123960533026391,19003,19003,19003,True,0.25469662684839234,False,False,infrasound,N4,P48A,EP,BDF,1288.6376011099887,340.99541992581464,0.2,1.0,0.2,1.0,Pa,False
stratospheric,2016-09-01T14:16:32.421000,-0.011913,31976,31976,31976,799.402978,799.402978,2016-09-01T14:16:32.409087,2016-09-01T14:29:51.812066,2016-09-01T14:17:52.796000,4237.2824,304.1188855172808,0.0031362058380883977,0.0017121696529451738,0.0013859116776051344,0.0003558646440773811,8.812917749160954,1.8317144172563042,31976,31976,31976,True,0.2414310733049787,True,True,infrasound,N4,P48A,EP,BDF,1288.6376011099887,340.99541992581464,0.2,1.0,0.2,1.0,Pa,False
thermospheric_or_slow,2016-09-01T14:29:51.821000,-0.008934,88112,88112,88112,2202.799318,2202.799318,2016-09-01T14:29:51.812066,2016-09-01T15:06:34.611384,2016-09-01T14:50:37.821000,6202.3074,207.76745136979002,0.003379741475739318,0.0029961306035520383,0.004046207722527007,0.0003133676694398253,10.78522708414984,0.8352862006868357,88112,88112,88112,True,0.30915198837842744,False,False,infrasound,N4,P48A,EP,BDF,1288.6376011099887,340.99541992581464,0.2,1.0,0.2,1.0,Pa,False
tropospheric,2016-09-01T14:08:38.846000,-0.017502,19010,19011,19011,475.266438,475.266438,2016-09-01T14:08:38.828498,2016-09-01T14:16:34.094937,2016-09-01T14:14:31.571000,4036.0574,319.4107730857176,0.3343793450716892,0.45060318538470956,1.0756813045654547,0.012781994046313054,26.160186263593232,0.3108535433799039,19010,19011,19011,True,0.24829037348763808,False,False,infrasound,N4,O54A,EP,BDF,1289.1602143523314,0.7599790103272919,0.2,1.0,0.2,1.0,Pa,False
stratospheric,2016-09-01T14:16:34.096000,-0.001063,31990,31989,31989,799.72718,799.72718,2016-09-01T14:16:34.094937,2016-09-01T14:29:53.822117,2016-09-01T14:25:00.096000,4664.5824,276.37205301643536,1.517124013672524,0.45060318538470956,1.0756813045654547,0.015115140117667602,100.37115116777557,1.4103842906197943,31990,31989,31989,True,0.22757111597374177,True,True,infrasound,N4,O54A,EP,BDF,1289.1602143523314,0.7599790103272919,0.2,1.0,0.2,1.0,Pa,False
thermospheric_or_slow,2016-09-01T14:29:53.846000,-0.023883,88147,88148,88148,2203.692674,2203.692674,2016-09-01T14:29:53.822117,2016-09-01T15:06:37.514791,2016-09-01T14:37:20.596000,5405.0824,238.5088919925312,1.2103774336835968,0.9699165423581053,1.077390805061495,0.021999343188900303,55.01879866551147,1.1234339740021366,88147,88148,88148,True,0.302676211328803,False,False,infrasound,N4,O54A,EP,BDF,1289.1602143523314,0.7599790103272919,0.2,1.0,0.2,1.0,Pa,False
tropospheric,2016-09-01T14:08:56.546000,-0.013432,19102,19102,19102,477.550835,477.550835,2016-09-01T14:08:56.532568,2016-09-01T14:16:54.083403,2016-09-01T14:11:19.521000,3844.0074,336.9807869969016,0.5722745302083305,0.8302386375618165,0.11024892445597695,0.01519007316520294,37.674244487464584,0.6892892047146156,19102,19102,19102,True,0.2805988901685687,False,False,infrasound,N4,S44A,EP,BDF,1295.3566388739137,323.653822154128,0.2,1.0,0.2,1.0,Pa,False
stratospheric,2016-09-01T14:16:54.096000,-0.012597,32143,32143,32143,803.571116,803.571116,2016-09-01T14:16:54.083403,2016-09-01T14:30:17.654519,2016-09-01T14:22:03.221000,4487.7074,288.64552062238135,0.38097284649685065,0.8302386375618165,0.2548360736994241,0.012598588403343705,30.239327954847646,0.4588714970139954,32143,32143,32143,True,0.3086208505739974,False,False,infrasound,N4,S44A,EP,BDF,1295.3566388739137,323.653822154128,0.2,1.0,0.2,1.0,Pa,False
thermospheric_or_slow,2016-09-01T14:30:17.671000,-0.016481,88571,88571,88572,2214.284853,2214.284853,2016-09-01T14:30:17.654519,2016-09-01T15:07:11.939372,2016-09-01T14:52:22.271000,6306.7574,205.39186093854084,0.7854470757616352,1.2321505868787865,1.1542714352193164,0.010466008611744725,75.04743258860152,0.637460294322697,88571,88571,88572,True,0.26058190604148085,False,False,infrasound,N4,S44A,EP,BDF,1295.3566388739137,323.653822154128,0.2,1.0,0.2,1.0,Pa,False
tropospheric,2016-09-01T14:09:03.521000,-0.012028,19138,19138,19138,478.451016,478.451016,2016-09-01T14:09:03.508972,2016-09-01T14:17:01.959987,2016-09-01T14:14:05.296000,4009.7824,323.6580568788057,0.20895298803231768,0.1988285436598789,0.029514363459761533,0.009986139486774818,20.924300958247716,1.0509204774429064,19138,19138,19138,True,0.24244957675828194,False,False,infrasound,TA,O53A,EP,BDF,1297.7983800908341,357.59491824375743,0.2,1.0,0.2,1.0,Pa,False
stratospheric,2016-09-01T14:17:01.971000,-0.011013,32203,32203,32203,805.085844,805.085844,2016-09-01T14:17:01.959987,2016-09-01T14:30:27.045831,2016-09-01T14:25:38.896000,4703.3824,275.9287401532212,1.4522537143585907,0.3054812235449686,0.14682067151131284,0.00869836733403263,166.95704591327194,4.753986832663091,32203,32203,32203,True,0.24966618016954942,True,True,infrasound,TA,O53A,EP,BDF,1297.7983800908341,357.59491824375743,0.2,1.0,0.2,1.0,Pa,False
thermospheric_or_slow,2016-09-01T14:30:27.046000,-0.000169,88739,88738,88738,2218.458769,2218.458769,2016-09-01T14:30:27.045831,2016-09-01T15:07:25.504601,2016-09-01T14:34:47.871000,5252.3574,247.08874154124283,1.3429692713047598,0.3054812235449686,0.3192406745231297,0.006889751850235573,194.9227345914993,4.206761163222197,88739,88738,88738,True,0.22808460766968303,True,True,infrasound,TA,O53A,EP,BDF,1297.7983800908341,357.59491824375743,0.2,1.0,0.2,1.0,Pa,False
tropospheric,2016-09-01T14:10:29.196000,-0.017244,19580,19580,19580,489.505181,489.505181,2016-09-01T14:10:29.178756,2016-09-01T14:18:38.683937,2016-09-01T14:17:04.646000,4189.1324,316.9589017075465,0.025036943300271935,0.05373731289147175,0.07086605680980873,0.008829372913649266,2.8356422981713116,0.35329951216936506,19580,19580,19580,True,0.22880490296220635,False,False,infrasound,LD,GEDE,EP,BDF,1327.7828046114985,18.698623316144303,0.2,1.0,0.2,1.0,Pa,False
stratospheric,2016-09-01T14:18:38.696000,-0.012063,32947,32948,32948,823.686603,823.686603,2016-09-01T14:18:38.683937,2016-09-01T14:32:22.370541,2016-09-01T14:31:48.346000,5072.8324,261.74387401631844,0.026727224786695404,0.20604557236762616,0.07086605680980873,0.009054761437281714,2.951731525101235,0.12971511340709002,32947,32948,32948,True,0.2646674962819073,False,False,infrasound,LD,GEDE,EP,BDF,1327.7828046114985,18.698623316144303,0.2,1.0,0.2,1.0,Pa,False
thermospheric_or_slow,2016-09-01T14:32:22.371000,-0.000459,90789,90789,90789,2269.714196,2269.714196,2016-09-01T14:32:22.370541,2016-09-01T15:10:12.084737,2016-09-01T14:51:57.021000,6281.5074,211.3796450532715,0.03816433361671123,0.20604557236762616,0.07086605680980873,0.007381143623340755,5.170517681843698,0.185222779495686,90789,90789,90789,True,0.23483021070834573,False,False,infrasound,LD,GEDE,EP,BDF,1327.7828046114985,18.698623316144303,0.2,1.0,0.2,1.0,Pa,False
tropospheric,2016-09-01T14:10:49.321000,-0.011435,19684,19684,19684,492.102705,492.102705,2016-09-01T14:10:49.309565,2016-09-01T14:19:01.412270,2016-09-01T14:17:34.246000,4218.7324,316.4051333582035,0.474960033935113,0.3037847430598311,0.3428926922043176,0.05797705189718457,8.1922074060854,1.3851564782025192,19684,19684,19684,True,0.2702702702702703,True,True,infrasound,N4,O49A,EP,BDF,1334.8285876245739,346.0338842877037,0.2,1.0,0.2,1.0,Pa,False
stratospheric,2016-09-01T14:19:01.421000,-0.00873,33122,33122,33122,828.057436,828.057436,2016-09-01T14:19:01.412270,2016-09-01T14:32:49.469706,2016-09-01T14:29:30.721000,4935.2074,270.47061641716897,0.31808830984707026,0.3531779200864866,0.3675735746278737,0.05717738725871796,5.5631837182026995,0.8653731709878719,33122,33122,33122,True,0.6497192198538735,False,False,infrasound,N4,O49A,EP,BDF,1334.8285876245739,346.0338842877037,0.2,1.0,0.2,1.0,Pa,False
thermospheric_or_slow,2016-09-01T14:32:49.471000,-0.001294,91271,91270,91270,2281.758269,2281.758269,2016-09-01T14:32:49.469706,2016-09-01T15:10:51.227976,2016-09-01T14:54:46.871000,6451.3574,206.90662520488695,0.4683250149031937,0.3621556609802927,0.38054722838676386,0.04996890343502484,9.372329242969327,1.2306620045258039,91271,91270,91270,True,0.6858695533082797,False,False,infrasound,N4,O49A,EP,BDF,1334.8285876245739,346.0338842877037,0.2,1.0,0.2,1.0,Pa,False
tropospheric,2016-09-01T14:11:10.746000,-0.008591,19795,19795,19795,494.867588,494.867588,2016-09-01T14:11:10.737409,2016-09-01T14:19:25.604997,2016-09-01T14:12:40.046000,3924.5324,342.0352276818374,0.026755158829749635,0.02443254679700154,0.029831162398741146,0.007144331825566819,3.744949070534938,0.8968862316568222,19795,19795,19795,True,0.24854761303359438,False,False,infrasound,N4,P61A,EP,BDF,1342.3283329787478,21.833012191508242,0.2,1.0,0.2,1.0,Pa,False
stratospheric,2016-09-01T14:19:25.621000,-0.016003,33308,33308,33309,832.709884,832.709884,2016-09-01T14:19:25.604997,2016-09-01T14:33:18.314881,2016-09-01T14:33:11.221000,5155.7074,260.35774120516373,0.04855954654559343,0.43222018877811463,0.16802273344637325,0.007991941471763788,6.076063834696294,0.11234909383310192,33308,33308,33309,True,0.2690044433769665,False,False,infrasound,N4,P61A,EP,BDF,1342.3283329787478,21.833012191508242,0.2,1.0,0.2,1.0,Pa,False
thermospheric_or_slow,2016-09-01T14:33:18.321000,-0.006119,91783,91783,91784,2294.578347,2294.578347,2016-09-01T14:33:18.314881,2016-09-01T15:11:32.893228,2016-09-01T14:50:21.321000,6185.8074,217.0013138428377,0.17851584319032185,0.43222018877811463,0.16802273344637325,0.005971868984141939,29.89279297056978,0.41302060344516917,91783,91783,91784,True,0.24361809921227237,False,False,infrasound,N4,P61A,EP,BDF,1342.3283329787478,21.833012191508242,0.2,1.0,0.2,1.0,Pa,False
tropospheric,2016-09-01T14:11:57.171000,-0.015487,20034,20034,20034,500.857021,500.857021,2016-09-01T14:11:57.155513,2016-09-01T14:20:18.012534,2016-09-01T14:19:05.596000,4310.0824,315.2085142044038,0.8742298845028461,0.651512632742554,1.3570135749763343,0.08588196199107574,10.17943540453454,0.644230758353388,20034,20034,20034,True,0.33143655785165216,False,False,infrasound,N4,N53A,EP,BDF,1358.5746694025509,359.06589382441774,0.2,1.0,0.2,1.0,Pa,False
stratospheric,2016-09-01T14:20:18.021000,-0.008466,33712,33712,33711,842.788256,842.788256,2016-09-01T14:20:18.012534,2016-09-01T14:34:20.800790,2016-09-01T14:32:42.546000,5127.0324,264.98265729753354,0.8950276730227279,1.3117686582204469,1.3570135749763343,0.11657159718867621,7.677922363661936,0.6595569046082216,33712,33712,33711,True,0.2930707166587565,False,False,infrasound,N4,N53A,EP,BDF,1358.5746694025509,359.06589382441774,0.2,1.0,0.2,1.0,Pa,False
thermospheric_or_slow,2016-09-01T14:34:20.821000,-0.02021,92894,92894,92894,2322.349862,2322.349862,2016-09-01T14:34:20.800790,2016-09-01T15:13:03.150652,2016-09-01T14:42:08.396000,5692.8824,238.6444289456165,1.6928030717873286,1.3117686582204469,1.3570135749763343,0.08929589893428433,18.95723198926656,1.2474474117304613,92894,92894,92894,True,0.2648179645617586,False,False,infrasound,N4,N53A,EP,BDF,1358.5746694025509,359.06589382441774,0.2,1.0,0.2,1.0,Pa,False
tropospheric,2016-09-01T14:12:06.666680,-0.461893,502,502,502,502.024669,502.024669,2016-09-01T14:12:06.204787,2016-09-01T14:20:28.229456,2016-09-01T14:16:34.666680,4159.15308,327.40846252266465,0.820408627490765,0.7863061210455468,0.7401808476767151,0.24295575638718625,3.3767820103974877,1.043370521394228,502,502,502,True,0.23505976095617528,False,False,infrasound,IU,SSPA,30,LDO,1361.7419153192052,9.68932590402237,0.2,1.0,0.2,0.30000000000000004,Pa,False
stratospheric,2016-09-01T14:20:28.666680,-0.437224,845,845,844,844.753049,844.753049,2016-09-01T14:20:28.229456,2016-09-01T14:34:32.982505,2016-09-01T14:32:17.666680,5102.15308,266.89554271844884,0.6599918940448238,1.0100218778480252,0.7401808476767151,0.26833583276142475,2.459574210618443,0.6534431664500348,845,845,844,True,0.221301775147929,False,False,infrasound,IU,SSPA,30,LDO,1361.7419153192052,9.68932590402237,0.2,1.0,0.2,0.30000000000000004,Pa,False
thermospheric_or_slow,2016-09-01T14:34:33.666680,-0.684175,2328,2328,2327,2327.763958,2327.763958,2016-09-01T14:34:32.982505,2016-09-01T15:13:20.746463,2016-09-01T14:45:27.666680,5892.15308,231.11108907564318,0.8524699384298414,1.0100218778480252,0.7671030328904896,0.23105002744321357,3.6895470122346454,0.844011359680775,2328,2328,2327,True,0.22508591065292097,False,False,infrasound,IU,SSPA,30,LDO,1361.7419153192052,9.68932590402237,0.2,1.0,0.2,0.30000000000000004,Pa,False
tropospheric,2016-09-01T14:12:10.871000,-0.006175,20105,20105,20105,502.625964,502.625964,2016-09-01T14:12:10.864825,2016-09-01T14:20:33.490789,2016-09-01T14:18:06.121000,4250.6074,320.7477897406967,1.5165392250753549,1.0001871167606964,0.8608202533915011,0.14570511018124907,10.40827753528249,1.5162555082562619,20105,20105,20105,True,0.3044018900770953,True,True,infrasound,TA,O48B,EP,BDF,1363.3729286054495,343.28852579414007,0.2,1.0,0.2,1.0,Pa,False
stratospheric,2016-09-01T14:20:33.496000,-0.005211,33831,33830,33831,845.764844,845.764844,2016-09-01T14:20:33.490789,2016-09-01T14:34:39.255633,2016-09-01T14:31:48.496000,5072.9824,268.75175608838094,0.6481083759867079,1.0001871167606964,0.8608202533915011,0.12449945265910513,5.205712652900641,0.6479871267345804,33831,33830,33831,True,0.25302237592740384,False,False,infrasound,TA,O48B,EP,BDF,1363.3729286054495,343.28852579414007,0.2,1.0,0.2,1.0,Pa,False
thermospheric_or_slow,2016-09-01T14:34:39.271000,-0.015367,93222,93222,93222,2330.552015,2330.552015,2016-09-01T14:34:39.255633,2016-09-01T15:13:29.807648,2016-09-01T15:00:01.321000,6765.8074,201.50927273002915,1.5859119464702438,1.2686459013483966,1.4380766415373067,0.08525819686722003,18.6012841550018,1.1028007135801197,93222,93222,93222,True,0.23771212803844582,False,False,infrasound,TA,O48B,EP,BDF,1363.3729286054495,343.28852579414007,0.2,1.0,0.2,1.0,Pa,False
tropospheric,2016-09-01T14:12:28.271000,-0.01265,20195,20195,20195,504.87029,504.87029,2016-09-01T14:12:28.258350,2016-09-01T14:20:53.128640,2016-09-01T14:15:41.671000,4106.1574,333.5139228821218,0.8742460704263356,0.5736437352638439,1.0293841556481276,0.051940378352178566,16.83172318265692,0.8492903894327838,20195,20195,20195,True,0.24758603614756128,False,False,infrasound,N4,P46A,EP,BDF,1369.4606624454536,335.29378948355304,0.2,1.0,0.2,1.0,Pa,False
stratospheric,2016-09-01T14:20:53.146000,-0.01736,33981,33982,33981,849.541354,849.541354,2016-09-01T14:20:53.128640,2016-09-01T14:35:02.669994,2016-09-01T14:30:48.146000,5012.6324,273.20189336953047,1.0565704625899477,0.7290381676148745,1.0293841556481276,0.053712726238369465,19.670765879598772,1.0264102636441912,33981,33982,33981,True,0.268385274123775,False,False,infrasound,N4,P46A,EP,BDF,1369.4606624454536,335.29378948355304,0.2,1.0,0.2,1.0,Pa,False
thermospheric_or_slow,2016-09-01T14:35:02.671000,-0.001006,93639,93638,93638,2340.958397,2340.958397,2016-09-01T14:35:02.669994,2016-09-01T15:14:03.628391,2016-09-01T15:04:58.096000,7062.5824,193.90367218164474,2.276543743110409,0.7290381676148745,1.8728898217367012,0.04921291418009899,46.259072055338905,1.2155246489616809,93639,93638,93638,True,0.41307574835271627,False,False,infrasound,N4,P46A,EP,BDF,1369.4606624454536,335.29378948355304,0.2,1.0,0.2,1.0,Pa,False
tropospheric,2016-09-01T14:12:59.921000,-0.012795,20358,20358,20359,508.954143,508.954143,2016-09-01T14:12:59.908205,2016-09-01T14:21:28.862348,2016-09-01T14:19:51.621000,4356.1074,316.9201273175174,0.015238738752650199,0.023405229526245193,0.022623209538515286,0.0016920666432244918,9.005992059278736,0.6510826452508149,20358,20358,20359,True,0.2711464780430297,False,False,infrasound,N4,N51A,EP,BDF,1380.5381118167797,353.65398706566333,0.2,1.0,0.2,1.0,Pa,False
stratospheric,2016-09-01T14:21:28.871000,-0.008652,34257,34257,34257,856.413221,856.413221,2016-09-01T14:21:28.862348,2016-09-01T14:35:45.275569,2016-09-01T14:34:12.221000,5216.7074,264.6378272656771,0.013571156601295532,0.023405229526245193,0.03151822485661959,0.0012327937026197567,11.00845711042817,0.43058124824708394,34257,34257,34257,True,0.25921709431649004,False,False,infrasound,N4,N51A,EP,BDF,1380.5381118167797,353.65398706566333,0.2,1.0,0.2,1.0,Pa,False
thermospheric_or_slow,2016-09-01T14:35:45.296000,-0.020431,94395,94396,94396,2359.894208,2359.894208,2016-09-01T14:35:45.275569,2016-09-01T15:15:05.169777,2016-09-01T15:04:02.471000,7006.9574,197.02390538535022,0.03771305290199802,0.023405229526245193,0.049732977228979035,0.000784743831392913,48.057788278574556,0.7583107829712417,94395,94396,94396,True,0.2682345463213094,False,False,infrasound,N4,N51A,EP,BDF,1380.5381118167797,353.65398706566333,0.2,1.0,0.2,1.0,Pa,False
tropospheric,2016-09-01T14:13:17.821000,-0.009894,20451,20450,20450,511.264194,511.264194,2016-09-01T14:13:17.811106,2016-09-01T14:21:49.075300,2016-09-01T14:14:54.996000,4059.4824,341.62092366358786,0.35638281712848596,0.30150505692882457,1.005340467520424,0.012077765671112316,29.507346543482367,0.3544896765246803,20451,20450,20450,True,0.2229719818101804,False,False,infrasound,N4,Q44B,EP,BDF,1386.8041270840786,327.98335942377645,0.2,1.0,0.2,1.0,Pa,False
stratospheric,2016-09-01T14:21:49.096000,-0.0207,34412,34412,34412,860.300327,860.300327,2016-09-01T14:21:49.075300,2016-09-01T14:36:09.375627,2016-09-01T14:33:28.571000,5173.0574,268.0821069343013,0.32544964338512783,0.7381454879134498,2.8062913855250233,0.011369930856007248,28.623713504218724,0.1159714365599423,34412,34412,34412,True,0.2452632802510752,False,False,infrasound,N4,Q44B,EP,BDF,1386.8041270840786,327.98335942377645,0.2,1.0,0.2,1.0,Pa,False
thermospheric_or_slow,2016-09-01T14:36:09.396000,-0.020373,94824,94824,94824,2370.605345,2370.605345,2016-09-01T14:36:09.375627,2016-09-01T15:15:39.980973,2016-09-01T14:40:03.746000,5568.2324,249.05643792527025,0.6643048959298181,0.7381454879134498,2.8062913855250233,0.008388422796240582,79.19306311402639,0.23671985715964228,94824,94824,94824,True,0.23917995444191345,False,False,infrasound,N4,Q44B,EP,BDF,1386.8041270840786,327.98335942377645,0.2,1.0,0.2,1.0,Pa,False
tropospheric,2016-09-01T14:14:14.996000,-0.006235,20746,20745,20746,518.642086,518.642086,2016-09-01T14:14:14.989765,2016-09-01T14:22:53.631851,2016-09-01T14:19:57.421000,4361.9074,322.5232745393057,0.7649832498459013,0.428058304041002,2.1030290513850014,0.03819480885375496,20.028461270089462,0.3637530586380168,20746,20745,20746,True,0.30463703846524637,False,False,infrasound,N4,N58A,EP,BDF,1406.8166578852292,13.485950499873827,0.2,1.0,0.2,1.0,Pa,False
stratospheric,2016-09-01T14:22:53.646000,-0.014149,34909,34908,34909,872.715048,872.715048,2016-09-01T14:22:53.631851,2016-09-01T14:37:26.346900,2016-09-01T14:29:52.321000,4956.8074,283.815073768093,1.3578860815105651,0.7642185621683248,2.1030290513850014,0.04389630452366352,30.933949822098555,0.6456810858681652,34909,34908,34909,True,0.2348964450428256,False,False,infrasound,N4,N58A,EP,BDF,1406.8166578852292,13.485950499873827,0.2,1.0,0.2,1.0,Pa,False
thermospheric_or_slow,2016-09-01T14:37:26.371000,-0.0241,96192,96192,96193,2404.8148,2404.8148,2016-09-01T14:37:26.346900,2016-09-01T15:17:31.161699,2016-09-01T14:52:34.821000,6319.3074,222.62196928182814,2.289597339732879,0.7642185621683248,2.1030290513850014,0.02064795379040352,110.88737232630805,1.0887140803998918,96192,96192,96193,True,0.2490851630073187,False,False,infrasound,N4,N58A,EP,BDF,1406.8166578852292,13.485950499873827,0.2,1.0,0.2,1.0,Pa,False
tropospheric,2016-09-01T14:14:24.121000,-0.012247,20793,20793,20793,519.818729,519.818729,2016-09-01T14:14:24.108753,2016-09-01T14:23:03.927482,2016-09-01T14:18:37.796000,4282.2824,329.2656045961537,0.7240299876672458,0.9168884312701566,3.0421380216823444,0.06948893882269454,10.419355942600513,0.23800037424562584,20793,20793,20793,True,0.2904823738758236,False,False,infrasound,N4,N49A,EP,BDF,1410.008303487468,347.46673707145163,0.2,1.0,0.2,1.0,Pa,False
stratospheric,2016-09-01T14:23:03.946000,-0.018518,34988,34988,34988,874.694977,874.694977,2016-09-01T14:23:03.927482,2016-09-01T14:37:38.622460,2016-09-01T14:34:47.796000,5252.2824,268.45630072889224,1.4511469399453398,1.1629875879203504,3.0421380216823444,0.08587555511158138,16.898253968312744,0.47701548371655916,34988,34988,34988,True,0.28009603292557445,False,False,infrasound,N4,N49A,EP,BDF,1410.008303487468,347.46673707145163,0.2,1.0,0.2,1.0,Pa,False
thermospheric_or_slow,2016-09-01T14:37:38.646000,-0.02354,96410,96411,96411,2410.270604,2410.270604,2016-09-01T14:37:38.622460,2016-09-01T15:17:48.893064,2016-09-01T14:41:42.846000,5667.3324,248.79576562113562,1.882058204848427,1.204002450574332,3.0421380216823444,0.07617027406191636,24.708565487352224,0.6186629901189108,96410,96411,96411,True,0.22570272793278703,False,False,infrasound,N4,N49A,EP,BDF,1410.008303487468,347.46673707145163,0.2,1.0,0.2,1.0,Pa,False
tropospheric,2016-09-01T14:15:17.446000,-0.014878,21068,21068,21068,526.699035,526.699035,2016-09-01T14:15:17.431122,2016-09-01T14:24:04.130157,2016-09-01T14:17:21.846000,4206.3324,339.64770179311034,1.5625721413248834,2.146411321413736,0.6892414340457464,0.07811860591317919,20.002560504747382,0.7279928715134123,21068,21068,21068,True,0.3113726979305107,False,False,infrasound,TA,M53A,EP,BDF,1428.6711326378982,359.66944818014844,0.2,1.0,0.2,1.0,Pa,False
stratospheric,2016-09-01T14:24:04.146000,-0.015843,35451,35451,35451,886.272415,886.272415,2016-09-01T14:24:04.130157,2016-09-01T14:38:50.402572,2016-09-01T14:26:58.021000,4782.5074,298.72847298425467,1.1335161921647705,2.146411321413736,0.6892414340457464,0.0520288194273314,21.78631390527612,0.5280983103546896,35451,35451,35451,True,0.27869453612027867,False,False,infrasound,TA,M53A,EP,BDF,1428.6711326378982,359.66944818014844,0.2,1.0,0.2,1.0,Pa,False
thermospheric_or_slow,2016-09-01T14:38:50.421000,-0.018428,97687,97687,97687,2442.172876,2442.172876,2016-09-01T14:38:50.402572,2016-09-01T15:19:32.575448,2016-09-01T14:50:58.846000,6223.3324,229.56690094809946,1.8342404336256688,2.146411321413736,0.901257789829025,0.028425324811879905,64.52838958797324,0.8545614791192698,97687,97687,97687,True,0.2325795653464637,False,False,infrasound,TA,M53A,EP,BDF,1428.6711326378982,359.66944818014844,0.2,1.0,0.2,1.0,Pa,False
tropospheric,2016-09-01T14:15:50.196001,-0.003059,21237,21237,21237,530.926367,530.926367,2016-09-01T14:15:50.192942,2016-09-01T14:24:41.119309,2016-09-01T14:23:09.496001,4553.982401,316.23700819091505,0.7287971322051308,0.3683265017105347,0.9200021964643537,0.04345103542945504,16.772836941673575,0.7921689046025758,21237,21237,21237,True,0.2636907284456373,False,False,infrasound,TA,SFIN,EP,BDF,1440.13776984632,337.2390461299155,0.2,1.0,0.2,1.0,Pa,False
stratospheric,2016-09-01T14:24:41.121001,-0.001692,35736,35735,35735,893.385713,893.385713,2016-09-01T14:24:41.119309,2016-09-01T14:39:34.505022,2016-09-01T14:37:55.846001,5440.332401,264.7150327766011,0.9571693744442568,0.3683265017105347,0.9336003856308267,0.033502544309261084,28.57005025077057,1.0252452646508974,35736,35735,35735,True,0.40855160062681883,False,False,infrasound,TA,SFIN,EP,BDF,1440.13776984632,337.2390461299155,0.2,1.0,0.2,1.0,Pa,False
thermospheric_or_slow,2016-09-01T14:39:34.521001,-0.015979,98471,98471,98471,2461.773966,2461.773966,2016-09-01T14:39:34.505022,2016-09-01T15:20:36.278988,2016-09-01T14:45:59.971001,5924.457401,243.08348805128324,1.5771049820442884,0.5533820801290954,1.101404239540353,0.028078262831903296,56.16818218014322,1.4319038600236902,98471,98471,98471,True,0.30628306811142364,True,True,infrasound,TA,SFIN,EP,BDF,1440.13776984632,337.2390461299155,0.2,1.0,0.2,1.0,Pa,False
tropospheric,2016-09-01T14:15:53.596000,-0.024673,21254,21255,21254,531.362287,531.362287,2016-09-01T14:15:53.571327,2016-09-01T14:24:44.933614,2016-09-01T14:20:40.346000,4404.8324,327.2134041460708,0.22789437306038662,0.6852686317123069,0.9152678885638608,0.017651334775387773,12.910886114864939,0.24899199011337958,21254,21255,21254,True,0.27477180765973463,False,False,infrasound,N4,M55A,EP,BDF,1441.320204296907,6.080280561269974,0.2,1.0,0.2,1.0,Pa,False
stratospheric,2016-09-01T14:24:44.946000,-0.012386,35765,35765,35764,894.119233,894.119233,2016-09-01T14:24:44.933614,2016-09-01T14:39:39.052847,2016-09-01T14:26:48.946000,4773.4324,301.94629011545385,0.21493488888038234,0.6852686317123069,1.6886922174912524,0.015457674694081327,13.904736199596693,0.12727890059189884,35765,35765,35764,True,0.21697189990213897,False,False,infrasound,N4,M55A,EP,BDF,1441.320204296907,6.080280561269974,0.2,1.0,0.2,1.0,Pa,False
thermospheric_or_slow,2016-09-01T14:39:39.071000,-0.018153,98552,98552,98551,2463.795221,2463.795221,2016-09-01T14:39:39.052847,2016-09-01T15:20:42.848068,2016-09-01T15:16:55.996000,7780.4824,185.2481800224761,1.4153499786868664,0.9942357896306333,1.6886922174912524,0.012374921294979522,114.3724428583696,0.838133772410897,98552,98552,98551,True,0.32064290932705575,False,False,infrasound,N4,M55A,EP,BDF,1441.320204296907,6.080280561269974,0.2,1.0,0.2,1.0,Pa,False
tropospheric,2016-09-01T14:15:54.446000,-0.015553,21259,21259,21259,531.473142,531.473142,2016-09-01T14:15:54.430447,2016-09-01T14:24:45.903589,2016-09-01T14:21:34.821000,4459.3074,323.28358807138056,0.024944656076020612,0.02030763266951378,0.041028470138871925,0.0004584519616448928,54.41062131465415,0.6079840654937583,21259,21259,21259,True,0.2483653981842984,False,False,infrasound,N4,M52A,EP,BDF,1441.6208965852588,357.3908556989402,0.2,1.0,0.2,1.0,Pa,False
stratospheric,2016-09-01T14:24:45.921000,-0.017411,35772,35772,35773,894.305767,894.305767,2016-09-01T14:24:45.903589,2016-09-01T14:39:40.209356,2016-09-01T14:32:57.871000,5142.3574,280.34241583155205,0.023027243961608882,0.02030763266951378,0.041028470138871925,0.0005909332667726192,38.96758780796371,0.5612503679436978,35772,35772,35773,True,0.22922956502292294,False,False,infrasound,N4,M52A,EP,BDF,1441.6208965852588,357.3908556989402,0.2,1.0,0.2,1.0,Pa,False
thermospheric_or_slow,2016-09-01T14:39:40.221000,-0.011644,98572,98572,98573,2464.309225,2464.309225,2016-09-01T14:39:40.209356,2016-09-01T15:20:44.518581,2016-09-01T15:17:17.196000,7801.6824,184.78333552584235,0.10485757591270173,0.02030763266951378,0.041028470138871925,0.0007742350447520142,135.43377637508954,2.5557271708592344,98572,98572,98573,True,0.37049060585156024,True,True,infrasound,N4,M52A,EP,BDF,1441.6208965852588,357.3908556989402,0.2,1.0,0.2,1.0,Pa,False
tropospheric,2016-09-01T14:15:55.996000,-0.019728,21267,21267,21267,531.672603,531.672603,2016-09-01T14:15:55.976272,2016-09-01T14:24:47.648875,2016-09-01T14:19:19.571000,4324.0574,333.52053451950565,1.3590531070763971,3.1785366045973307,1.9123990747030375,0.28789431636791735,4.720666681517887,0.42757195405920684,21267,21267,21267,True,0.22570179150797007,False,False,infrasound,N4,M50A,EP,BDF,1442.1619353410238,351.7122391810303,0.2,1.0,0.2,1.0,Pa,False
stratospheric,2016-09-01T14:24:47.671000,-0.022125,35785,35786,35785,894.641399,894.641399,2016-09-01T14:24:47.648875,2016-09-01T14:39:42.290274,2016-09-01T14:35:15.846000,5280.3324,273.11953606197665,2.2517561907034365,3.1785366045973307,2.3297152535997028,0.28875175243201906,7.7982425101768635,0.7084254393819377,35785,35786,35785,True,0.297331284057566,False,False,infrasound,N4,M50A,EP,BDF,1442.1619353410238,351.7122391810303,0.2,1.0,0.2,1.0,Pa,False
thermospheric_or_slow,2016-09-01T14:39:42.296000,-0.005726,98610,98610,98609,2465.234078,2465.234078,2016-09-01T14:39:42.290274,2016-09-01T15:20:47.524352,2016-09-01T15:16:17.771000,7742.2574,186.271504657159,2.90455152387455,3.1785366045973307,3.4016894056614633,0.21158903791660105,13.727325160481113,0.8538555927653119,98610,98610,98609,True,0.20809248554913293,False,False,infrasound,N4,M50A,EP,BDF,1442.1619353410238,351.7122391810303,0.2,1.0,0.2,1.0,Pa,False
tropospheric,2016-09-01T14:16:01.096000,-0.009336,21293,21293,21293,532.332008,532.332008,2016-09-01T14:16:01.086664,2016-09-01T14:24:53.418672,2016-09-01T14:24:16.971000,4621.4574,312.4448517568175,0.6594752600976392,1.397277549086939,1.3582785544002118,0.13445361071465417,4.904853477659434,0.4719715567809546,21293,21293,21293,True,0.22354764476588548,False,False,infrasound,N4,N47A,EP,BDF,1443.9505722434474,342.4904524254662,0.2,1.0,0.2,1.0,Pa,False
stratospheric,2016-09-01T14:24:53.421000,-0.002328,35830,35830,35830,895.750975,895.750975,2016-09-01T14:24:53.418672,2016-09-01T14:39:49.169647,2016-09-01T14:37:01.196000,5385.6824,268.1091206275824,1.8234403851802838,1.535032371585673,1.3582785544002118,0.14499908589384589,12.575530210688557,1.1878839944571906,35830,35830,35830,True,0.27574658107730954,False,False,infrasound,N4,N47A,EP,BDF,1443.9505722434474,342.4904524254662,0.2,1.0,0.2,1.0,Pa,False
thermospheric_or_slow,2016-09-01T14:39:49.171000,-0.001353,98732,98732,98732,2468.291576,2468.291576,2016-09-01T14:39:49.169647,2016-09-01T15:20:57.461224,2016-09-01T14:40:26.521000,5591.0074,258.26304079716425,1.598597365328266,1.833366363269876,1.8295108199771,0.0981936048952917,16.280055784008773,0.8719464899951088,98732,98732,98732,True,0.235384677713406,False,False,infrasound,N4,N47A,EP,BDF,1443.9505722434474,342.4904524254662,0.2,1.0,0.2,1.0,Pa,False
tropospheric,2016-09-01T14:16:05.666681,-0.077529,533,532,533,532.912974,532.912974,2016-09-01T14:16:05.589152,2016-09-01T14:24:58.502126,2016-09-01T14:20:30.666681,4395.153081,328.8910343813234,0.8815334132170896,0.9969714909870147,0.7689152324860931,0.22028086480936002,4.001861051253836,0.8842112549721558,533,532,533,True,0.23452157598499063,False,False,infrasound,IU,CCM,30,LDO,1445.5264430743505,319.49681798178034,0.2,1.0,0.2,0.45,Pa,False
stratospheric,2016-09-01T14:24:58.666681,-0.164555,897,896,897,896.728563,896.728563,2016-09-01T14:24:58.502126,2016-09-01T14:39:55.230689,2016-09-01T14:35:24.666681,5289.153081,273.30017130096945,0.8713206469423181,0.9969714909870147,0.7689152324860931,0.22949908302917496,3.796619295561856,0.8739674652879988,897,896,897,True,0.24303232998885171,False,False,infrasound,IU,CCM,30,LDO,1445.5264430743505,319.49681798178034,0.2,1.0,0.2,0.45,Pa,False
thermospheric_or_slow,2016-09-01T14:39:55.666681,-0.435992,2471,2471,2471,2470.985373,2470.985373,2016-09-01T14:39:55.230689,2016-09-01T15:21:06.216062,2016-09-01T14:49:08.666681,6113.153081,236.46167925470775,0.9222619947719546,0.9969714909870147,0.9610639516249839,0.17196183392324274,5.363178408434615,0.9250635580952303,2471,2471,2471,True,0.2274382840955079,False,False,infrasound,IU,CCM,30,LDO,1445.5264430743505,319.49681798178034,0.2,1.0,0.2,0.45,Pa,False
tropospheric,2016-09-01T14:16:22.796000,-0.004787,21406,21405,21406,535.132595,535.132595,2016-09-01T14:16:22.791213,2016-09-01T14:25:17.923808,2016-09-01T14:17:14.871000,4199.3574,345.6593535993381,0.015317426609483068,0.08433323482170144,0.035986688095694816,0.002199169414428029,6.965096235419817,0.18162977670508426,21406,21405,21406,True,0.2821638792861814,False,False,infrasound,N4,M57A,EP,BDF,1451.547164416597,11.566895685577487,0.2,1.0,0.2,1.0,Pa,False
stratospheric,2016-09-01T14:25:17.946000,-0.022192,36018,36018,36019,900.463502,900.463502,2016-09-01T14:25:17.923808,2016-09-01T14:40:18.387309,2016-09-01T14:31:00.221000,5024.7074,288.88192861072804,0.015487006661921529,0.08433323482170144,0.035986688095694816,0.0021533731592284036,7.1919753413620295,0.1836406097153084,36018,36018,36019,True,0.2643122883002943,False,False,infrasound,N4,M57A,EP,BDF,1451.547164416597,11.566895685577487,0.2,1.0,0.2,1.0,Pa,False
thermospheric_or_slow,2016-09-01T14:40:18.396000,-0.008691,99251,99251,99251,2481.277204,2481.277204,2016-09-01T14:40:18.387309,2016-09-01T15:21:39.664513,2016-09-01T15:20:04.096000,7968.5824,182.15876947154325,0.028923153014145622,0.08433323482170144,0.035986688095694816,0.0018444345048264775,15.681312043588493,0.3429626893275869,99251,99251,99251,True,0.2897703801473033,False,False,infrasound,N4,M57A,EP,BDF,1451.547164416597,11.566895685577487,0.2,1.0,0.2,1.0,Pa,False
tropospheric,2016-09-01T14:17:17.946000,-0.009889,21690,21690,21690,542.248066,542.248066,2016-09-01T14:17:17.936111,2016-09-01T14:26:20.184177,2016-09-01T14:19:41.821000,4346.3074,338.4132192259625,0.004842910233583297,0.007935990393245804,0.00901461811788092,0.0005948705691271901,8.141115874481644,0.5372285514765353,21690,21690,21690,True,0.2581834946980175,False,False,infrasound,N4,Z38B,EP,BDF,1470.8478789796231,294.32785738284673,0.2,1.0,0.2,1.0,Pa,False
stratospheric,2016-09-01T14:26:20.196000,-0.011823,36497,36497,36498,912.436649,912.436649,2016-09-01T14:26:20.184177,2016-09-01T14:41:32.620827,2016-09-01T14:29:35.821000,4940.3074,297.72395923776384,0.008263069574104841,0.007935990393245804,0.00901461811788092,0.0005040688603068607,16.392739613144432,0.9166300187153411,36497,36497,36498,True,0.34632983532893113,False,False,infrasound,N4,Z38B,EP,BDF,1470.8478789796231,294.32785738284673,0.2,1.0,0.2,1.0,Pa,False
thermospheric_or_slow,2016-09-01T14:41:32.621000,-0.000173,100571,100571,100571,2514.269879,2514.269879,2016-09-01T14:41:32.620827,2016-09-01T15:23:26.890705,2016-09-01T14:47:59.721000,6044.2074,243.34834687830585,0.008223386683693244,0.007993980443259725,0.00901461811788092,0.0003954543536321985,20.79478101116468,0.9122279586510457,100571,100571,100571,True,0.3213650058167861,False,False,infrasound,N4,Z38B,EP,BDF,1470.8478789796231,294.32785738284673,0.2,1.0,0.2,1.0,Pa,False
tropospheric,2016-09-01T14:17:29.621000,-0.023795,21750,21751,21750,543.752723,543.752723,2016-09-01T14:17:29.597205,2016-09-01T14:26:33.349928,2016-09-01T14:17:36.571000,4221.0574,349.42174957927546,1.8366719961089826,1.9588494961046998,1.2475260151708787,0.058569514902233326,31.35883913627818,0.9376279289252824,21750,21751,21750,True,0.2574712643678161,False,False,infrasound,N4,O44A,EP,BDF,1474.9292617825474,332.7145810713595,0.2,1.0,0.2,1.0,Pa,False
stratospheric,2016-09-01T14:26:33.371000,-0.021072,36598,36599,36599,914.968525,914.968525,2016-09-01T14:26:33.349928,2016-09-01T14:41:48.318453,2016-09-01T14:31:26.896000,5051.3824,291.9852715530995,2.126655086948948,1.9588494961046998,1.2475260151708787,0.05041876663136862,42.179831619003245,1.0856653822450069,36598,36599,36599,True,0.2513798568227772,False,False,infrasound,N4,O44A,EP,BDF,1474.9292617825474,332.7145810713595,0.2,1.0,0.2,1.0,Pa,False
thermospheric_or_slow,2016-09-01T14:41:48.321000,-0.002547,100850,100850,100850,2521.246601,2521.246601,2016-09-01T14:41:48.318453,2016-09-01T15:23:49.565054,2016-09-01T15:03:35.346000,6979.8324,211.31299109453508,3.498624826532408,1.9588494961046998,2.784682469571164,0.036014130596499515,97.14589158713346,1.2563819626699448,100850,100850,100850,True,0.2514625681705503,True,True,infrasound,N4,O44A,EP,BDF,1474.9292617825474,332.7145810713595,0.2,1.0,0.2,1.0,Pa,False
tropospheric,2016-09-01T14:17:39.796000,-0.011953,21803,21803,21802,545.067154,545.067154,2016-09-01T14:17:39.784047,2016-09-01T14:26:44.851202,2016-09-01T14:26:09.771000,4734.2574,312.2970577185339,1.4884518271645288,0.8404174678014422,3.2377469322640042,0.09940740096890456,14.973249603720438,0.4597183962502358,21803,21803,21802,True,0.31555290556345456,False,False,infrasound,N4,P43A,EP,BDF,1478.4946565021962,328.54410187497365,0.2,1.0,0.2,1.0,Pa,False
stratospheric,2016-09-01T14:26:44.871000,-0.019798,36687,36687,36687,917.180308,917.180308,2016-09-01T14:26:44.851202,2016-09-01T14:42:02.031510,2016-09-01T14:36:55.571000,5380.0574,274.81020118896805,2.1320369352323123,1.4984023490365495,3.2785166952147273,0.11382822990833603,18.730300356503882,0.6503053464221185,36687,36687,36687,True,0.25186033199771035,False,False,infrasound,N4,P43A,EP,BDF,1478.4946565021962,328.54410187497365,0.2,1.0,0.2,1.0,Pa,False
thermospheric_or_slow,2016-09-01T14:42:02.046000,-0.01449,101094,101094,101093,2527.341293,2527.341293,2016-09-01T14:42:02.031510,2016-09-01T15:24:09.372803,2016-09-01T15:24:00.346000,8204.8324,180.1980326255289,2.464806514789797,1.4984023490365495,3.2785166952147273,0.11601157451350885,21.24621207087216,0.7518053875971993,101094,101094,101093,True,0.2108928324133974,False,False,infrasound,N4,P43A,EP,BDF,1478.4946565021962,328.54410187497365,0.2,1.0,0.2,1.0,Pa,False
tropospheric,2016-09-01T14:18:13.666680,-0.309371,550,549,550,549.399188,549.399188,2016-09-01T14:18:13.357309,2016-09-01T14:27:22.756498,2016-09-01T14:21:13.666680,4438.15308,335.78050855215577,0.6960264888436543,0.6745253664724392,1.0093374444567131,0.2289641909285879,3.0398923343464626,0.6895875038286111,550,549,550,True,0.2109090909090909,False,False,infrasound,IU,HKT,30,LDO,1490.2452982347165,279.6835455210992,0.2,1.0,0.2,0.30000000000000004,Pa,False
stratospheric,2016-09-01T14:27:23.666680,-0.910182,924,924,925,924.469788,924.469788,2016-09-01T14:27:22.756498,2016-09-01T14:42:47.226286,2016-09-01T14:33:32.666680,5177.15308,287.8503446212018,1.5094750372699135,0.9027263914667685,1.0093374444567131,0.24210014202552643,6.234920081586562,1.4955107883492869,924,924,925,True,0.22186147186147187,True,True,infrasound,IU,HKT,30,LDO,1490.2452982347165,279.6835455210992,0.2,1.0,0.2,0.30000000000000004,Pa,False
thermospheric_or_slow,2016-09-01T14:42:47.666680,-0.440394,2547,2547,2548,2547.42786,2547.42786,2016-09-01T14:42:47.226286,2016-09-01T15:25:14.654146,2016-09-01T14:42:48.666680,5733.15308,259.9346777314232,0.8664872166029326,0.945292565258296,1.3984107651791269,0.20275911070251734,4.273481046551931,0.6196228162559528,2547,2547,2548,True,0.22340007852375343,False,False,infrasound,IU,HKT,30,LDO,1490.2452982347165,279.6835455210992,0.2,1.0,0.2,0.30000000000000004,Pa,False
tropospheric,2016-09-01T14:19:17.596000,-0.001451,22308,22307,22308,557.687864,557.687864,2016-09-01T14:19:17.594549,2016-09-01T14:28:35.282414,2016-09-01T14:26:25.221000,4749.7074,318.4887414866531,0.36253991613445763,0.23349648163365908,0.46010563426673196,0.030984244115415678,11.700782978084082,0.7879493080153989,22308,22307,22308,True,0.2671687287071902,False,False,infrasound,N4,237B,EP,BDF,1512.7283322558433,288.35901391765253,0.2,1.0,0.2,1.0,Pa,False
stratospheric,2016-09-01T14:28:35.296000,-0.013586,37537,37536,37537,938.41708,938.41708,2016-09-01T14:28:35.282414,2016-09-01T14:44:13.699493,2016-09-01T14:29:10.571000,4915.0574,307.774296238299,0.2932761470932825,0.23349648163365908,0.7481073967778387,0.032498820828157894,9.024208867270032,0.39202412428542677,37537,37536,37537,True,0.32607826944081836,False,False,infrasound,N4,237B,EP,BDF,1512.7283322558433,288.35901391765253,0.2,1.0,0.2,1.0,Pa,False
thermospheric_or_slow,2016-09-01T14:44:13.721000,-0.021507,103434,103434,103434,2585.860397,2585.860397,2016-09-01T14:44:13.699493,2016-09-01T15:27:19.559890,2016-09-01T14:48:47.146000,6091.6324,248.32889329563668,0.47770244745511586,0.4090137201104369,0.7481073967778387,0.02093746800213921,22.815674149630144,0.6385479538267105,103434,103434,103434,True,0.22468433977222185,False,False,infrasound,N4,237B,EP,BDF,1512.7283322558433,288.35901391765253,0.2,1.0,0.2,1.0,Pa,False
tropospheric,2016-09-01T14:19:31.046000,-0.008799,22377,22377,22376,559.4224,559.4224,2016-09-01T14:19:31.037201,2016-09-01T14:28:50.459601,2016-09-01T14:21:53.321000,4477.8074,338.8786351682115,0.03475883248762246,0.029637347899877844,0.04792867657952833,0.008660822975701506,4.013340601134626,0.7252199511485974,22377,22377,22376,True,0.22701881396076323,False,False,infrasound,N4,N62A,EP,BDF,1517.4332602581176,23.411519646826328,0.2,1.0,0.2,1.0,Pa,False
stratospheric,2016-09-01T14:28:50.471000,-0.011399,37653,37653,37653,941.335769,941.335769,2016-09-01T14:28:50.459601,2016-09-01T14:44:31.795370,2016-09-01T14:40:54.871000,5619.3574,270.03679464454734,0.044764351280037654,0.051843078262752175,0.04792867657952833,0.009186710543917663,4.872729043332625,0.8634585904247821,37653,37653,37653,True,0.23052612009667223,False,False,infrasound,N4,N62A,EP,BDF,1517.4332602581176,23.411519646826328,0.2,1.0,0.2,1.0,Pa,False
thermospheric_or_slow,2016-09-01T14:44:31.796000,-0.00063,103757,103756,103756,2593.903009,2593.903009,2016-09-01T14:44:31.795370,2016-09-01T15:27:45.698379,2016-09-01T14:49:16.196000,6120.6824,247.9189673782318,0.06771226875718248,0.051843078262752175,0.04792867657952833,0.0076658173225907615,8.83301361195211,1.3061004675301442,103757,103756,103756,True,0.2675482136145031,True,True,infrasound,N4,N62A,EP,BDF,1517.4332602581176,23.411519646826328,0.2,1.0,0.2,1.0,Pa,False
tropospheric,2016-09-01T14:19:52.996000,-0.014209,22490,22490,22491,562.25396,562.25396,2016-09-01T14:19:52.981791,2016-09-01T14:29:15.235752,2016-09-01T14:26:52.396000,4776.8824,319.2697117730995,1.5638721333336458,1.0919296950920376,1.1500649852839988,0.08127866969617917,19.24086773540244,1.3598119700579014,22490,22490,22491,True,0.2614495331258337,True,True,infrasound,N4,L48A,EP,BDF,1525.113867021992,347.789868365384,0.2,1.0,0.2,1.0,Pa,False
stratospheric,2016-09-01T14:29:15.246000,-0.010248,37844,37844,37844,946.100414,946.100414,2016-09-01T14:29:15.235752,2016-09-01T14:45:01.336165,2016-09-01T14:34:05.271000,5209.7574,292.74182076539535,1.3117839227003072,1.0919296950920376,1.1500649852839988,0.06213170083913432,21.112956912231606,1.140617216840467,37844,37844,37844,True,0.21984991015748861,False,False,infrasound,N4,L48A,EP,BDF,1525.113867021992,347.789868365384,0.2,1.0,0.2,1.0,Pa,False
thermospheric_or_slow,2016-09-01T14:45:01.346000,-0.009835,104281,104281,104282,2607.032251,2607.032251,2016-09-01T14:45:01.336165,2016-09-01T15:28:28.368417,2016-09-01T15:04:14.646000,7019.1324,217.27954113274626,1.737703646867588,1.0919296950920376,1.1500649852839988,0.05686478436939543,30.55851993703889,1.5109612666265784,104281,104281,104282,True,0.2493263394098637,True,True,infrasound,N4,L48A,EP,BDF,1525.113867021992,347.789868365384,0.2,1.0,0.2,1.0,Pa,False
tropospheric,2016-09-01T14:20:04.971000,-0.006949,22552,22552,22552,563.800058,563.800058,2016-09-01T14:20:04.964051,2016-09-01T14:29:28.764109,2016-09-01T14:25:14.746000,4679.2324,326.8287460817627,0.026522392894794855,0.10474438676507145,0.13941503821451295,0.0015279269803013763,17.35841649288989,0.19024054531323797,22552,22552,22552,True,0.235899255054984,False,False,infrasound,N4,R40B,EP,BDF,1529.307657917157,317.888557095897,0.2,1.0,0.2,1.0,Pa,False
stratospheric,2016-09-01T14:29:28.771000,-0.006891,37948,37948,37948,948.702021,948.702021,2016-09-01T14:29:28.764109,2016-09-01T14:45:17.466130,2016-09-01T14:37:19.721000,5404.2074,282.98463488228765,0.049534475591497595,0.10474438676507145,0.13941503821451295,0.0012563391965380178,39.42762888238729,0.3553022416081159,37948,37948,37948,True,0.21081479919890378,False,False,infrasound,N4,R40B,EP,BDF,1529.307657917157,317.888557095897,0.2,1.0,0.2,1.0,Pa,False
thermospheric_or_slow,2016-09-01T14:45:17.471000,-0.00487,104568,104568,104568,2614.201125,2614.201125,2016-09-01T14:45:17.466130,2016-09-01T15:28:51.667255,2016-09-01T15:13:05.646000,7550.1324,202.55375361591766,0.07979467547679342,0.10474438676507145,0.1700641940272076,0.0008925203329796782,89.40376205256746,0.46920326723229894,104568,104568,104568,True,0.22110014535995712,False,False,infrasound,N4,R40B,EP,BDF,1529.307657917157,317.888557095897,0.2,1.0,0.2,1.0,Pa,False
tropospheric,2016-09-01T14:20:08.596000,-0.01978,22570,22571,22571,564.266145,564.266145,2016-09-01T14:20:08.576220,2016-09-01T14:29:32.842365,2016-09-01T14:24:07.371000,4611.8574,331.877546140523,1.6489513326186855,2.615219592464885,1.8123455948106761,0.26427049031369243,6.239634741894032,0.6305211758774426,22570,22571,22571,True,0.32609658839167033,False,False,infrasound,N4,L56A,EP,BDF,1530.5719170620125,9.469628218553945,0.2,1.0,0.2,1.0,Pa,False
stratospheric,2016-09-01T14:29:32.846000,-0.003635,37980,37980,37980,949.486301,949.486301,2016-09-01T14:29:32.842365,2016-09-01T14:45:22.328666,2016-09-01T14:41:17.971000,5642.4574,271.2598090792874,2.1434832892786666,2.615219592464885,1.944116137729849,0.21001123156179316,10.206517400703751,0.819618855508191,37980,37980,37980,True,0.2306477093206951,False,False,infrasound,N4,L56A,EP,BDF,1530.5719170620125,9.469628218553945,0.2,1.0,0.2,1.0,Pa,False
thermospheric_or_slow,2016-09-01T14:45:22.346000,-0.017334,104654,104655,104655,2616.362251,2616.362251,2016-09-01T14:45:22.328666,2016-09-01T15:28:58.690917,2016-09-01T14:47:17.471000,6001.9574,255.01212605441225,1.6499017727491592,2.615219592464885,2.6399771742772202,0.11660254307455968,14.149792356536814,0.6249681962499821,104654,104655,104655,True,0.24423337856173674,False,False,infrasound,N4,L56A,EP,BDF,1530.5719170620125,9.469628218553945,0.2,1.0,0.2,1.0,Pa,False
tropospheric,2016-09-01T14:21:12.746000,-0.00613,22902,22902,22902,572.545325,572.545325,2016-09-01T14:21:12.739870,2016-09-01T14:30:45.285196,2016-09-01T14:27:55.271000,4839.7574,320.8898848168491,0.09911252881492782,0.07670392287140712,0.7678960155214277,0.02151462830218264,4.606750691801305,0.12907024754859162,22902,22902,22902,True,0.19386953104532353,False,False,infrasound,OK,X37A,EP,BDF,1553.029194627493,299.2091749632129,0.2,1.0,0.2,1.0,Pa,False
stratospheric,2016-09-01T14:30:45.296000,-0.010804,38537,38536,38537,963.417615,963.417615,2016-09-01T14:30:45.285196,2016-09-01T14:46:48.702810,2016-09-01T14:43:40.721000,5785.2074,268.44831779539885,0.11065113596491322,0.07670392287140712,0.7678960155214277,0.02141222966902469,5.167660616165681,0.14409651011117344,38537,38536,38537,True,0.26779458702026626,False,False,infrasound,OK,X37A,EP,BDF,1553.029194627493,299.2091749632129,0.2,1.0,0.2,1.0,Pa,False
thermospheric_or_slow,2016-09-01T14:46:48.721000,-0.01819,106190,106190,106190,2654.75076,2654.75076,2016-09-01T14:46:48.702810,2016-09-01T15:31:03.453570,2016-09-01T15:28:24.396000,8468.8824,183.38065417315195,1.7770602025786983,0.08002194827220652,3.855577819624978,0.017903111887564993,99.25985011650378,0.4609063247364434,106190,106190,106190,True,0.23354364817779452,False,False,infrasound,OK,X37A,EP,BDF,1553.029194627493,299.2091749632129,0.2,1.0,0.2,1.0,Pa,False
tropospheric,2016-09-01T14:21:30.446000,-0.003102,22994,22993,22993,574.829587,574.829587,2016-09-01T14:21:30.442898,2016-09-01T14:31:05.272484,2016-09-01T14:22:33.696000,4518.1824,345.1001124133677,0.6042673565546404,0.43703407907053465,0.7827817582283189,0.050798241440070196,11.895438492049605,0.7719486947706693,22994,22993,22993,True,0.21570844568148212,False,False,infrasound,N4,S39B,EP,BDF,1559.2252541440994,313.76338674137094,0.2,1.0,0.2,1.0,Pa,False
stratospheric,2016-09-01T14:31:05.296000,-0.023516,38690,38690,38690,967.261324,967.261324,2016-09-01T14:31:05.272484,2016-09-01T14:47:12.533808,2016-09-01T14:31:55.021000,5079.5074,306.9638709738073,1.212008386316152,0.43703407907053465,0.7827817582283189,0.03369164982755489,35.97355405626069,1.5483349906611363,38690,38690,38690,True,0.2367536831222538,True,True,infrasound,N4,S39B,EP,BDF,1559.2252541440994,313.76338674137094,0.2,1.0,0.2,1.0,Pa,False
thermospheric_or_slow,2016-09-01T14:47:12.546000,-0.012192,106614,106613,106613,2665.342315,2665.342315,2016-09-01T14:47:12.533808,2016-09-01T15:31:37.876123,2016-09-01T15:17:58.796000,7843.2824,198.79754095607973,0.5140138169803568,0.5002095317662335,0.7827817582283189,0.02402281543995434,21.396901552407453,0.6566502241234282,106614,106613,106613,True,0.22398559288648767,False,False,infrasound,N4,S39B,EP,BDF,1559.2252541440994,313.76338674137094,0.2,1.0,0.2,1.0,Pa,False
tropospheric,2016-09-01T14:21:37.446000,-0.003084,23030,23029,23029,575.732815,575.732815,2016-09-01T14:21:37.442916,2016-09-01T14:31:13.175731,2016-09-01T14:29:07.996000,4912.4824,317.899410829543,0.41691088662816495,0.6059872160567823,0.14259879317074312,0.03412270693062243,12.21798984107033,0.6879862736066358,23030,23029,23029,True,0.26921406860616587,False,False,infrasound,N4,U38B,EP,BDF,1561.6752606704995,307.52998043568584,0.2,1.0,0.2,1.0,Pa,False
stratospheric,2016-09-01T14:31:13.196000,-0.020269,38751,38751,38751,968.781179,968.781179,2016-09-01T14:31:13.175731,2016-09-01T14:47:21.956910,2016-09-01T14:41:32.071000,5656.5574,276.08227942149045,0.34838681346768086,0.6059872160567823,0.14259879317074312,0.024398937254797453,14.278770006639496,0.574907859830225,38751,38751,38751,True,0.2312198394880132,False,False,infrasound,N4,U38B,EP,BDF,1561.6752606704995,307.52998043568584,0.2,1.0,0.2,1.0,Pa,False
thermospheric_or_slow,2016-09-01T14:47:21.971000,-0.01409,106781,106781,106781,2669.53036,2669.53036,2016-09-01T14:47:21.956910,2016-09-01T15:31:51.487270,2016-09-01T14:55:31.346000,6495.8324,240.41187710915992,0.5956876971089491,0.6059872160567823,0.19210845086463954,0.01481114388394367,40.21888530532181,0.9830037355988247,106781,106781,106781,True,0.26971090362517675,False,False,infrasound,N4,U38B,EP,BDF,1561.6752606704995,307.52998043568584,0.2,1.0,0.2,1.0,Pa,False
tropospheric,2016-09-01T14:22:19.146000,-0.015771,23244,23245,23245,581.111823,581.111823,2016-09-01T14:22:19.130229,2016-09-01T14:32:00.242052,2016-09-01T14:26:05.996000,4730.4824,333.21460411804867,0.22671904950913466,0.14925126575314546,0.5861950687106736,0.013940586349258464,16.26323626776247,0.3867638293303959,23244,23245,23245,True,0.22715539494062983,False,False,infrasound,N4,M44A,EP,BDF,1576.2658202033967,336.47835760114197,0.2,1.0,0.2,1.0,Pa,False
stratospheric,2016-09-01T14:32:00.246000,-0.003948,39114,39113,39114,977.832395,977.832395,2016-09-01T14:32:00.242052,2016-09-01T14:48:18.074447,2016-09-01T14:42:10.546000,5695.0324,276.77907858845487,0.4402757758674538,0.14925126575314546,0.5861950687106736,0.013252284070384058,33.222633436554034,0.7510738308253482,39114,39113,39114,True,0.28531983433041874,False,False,infrasound,N4,M44A,EP,BDF,1576.2658202033967,336.47835760114197,0.2,1.0,0.2,1.0,Pa,False
thermospheric_or_slow,2016-09-01T14:48:18.096000,-0.021553,107778,107779,107779,2694.471488,2694.471488,2016-09-01T14:48:18.074447,2016-09-01T15:33:12.545934,2016-09-01T15:29:33.296000,8537.7824,184.62239330477627,1.3155339822967838,0.14925126575314546,1.8439294207614951,0.008574363569869575,153.4264288628473,0.7134405294935325,107778,107779,107779,True,0.24865928111488428,False,False,infrasound,N4,M44A,EP,BDF,1576.2658202033967,336.47835760114197,0.2,1.0,0.2,1.0,Pa,False
tropospheric,2016-09-01T14:22:28.400000,-0.047855,11646,11646,11646,582.301748,582.301748,2016-09-01T14:22:28.352145,2016-09-01T14:32:10.653893,2016-09-01T14:22:28.400000,4512.8864,349.99628857304543,0.05807287999677575,0.05796707726722706,0.08820903202412339,0.01846335108627644,3.1453055149853344,0.6583552575533761,11646,11646,11646,True,0.2713377983857118,False,False,infrasound,IM,I51H3,,BDF,1579.4934907517722,70.68762473704223,0.2,1.0,0.2,1.0,Pa,False
stratospheric,2016-09-01T14:32:10.700000,-0.046107,19596,19597,19597,979.834672,979.834672,2016-09-01T14:32:10.653893,2016-09-01T14:48:30.488564,2016-09-01T14:43:29,5773.4864,273.57706961114036,0.11651453753009355,0.06294466991457862,0.13334682954831215,0.01870590694498254,6.228756396189926,0.8737705870080684,19596,19597,19597,True,0.24188609920391912,False,False,infrasound,IM,I51H3,,BDF,1579.4934907517722,70.68762473704223,0.2,1.0,0.2,1.0,Pa,False
thermospheric_or_slow,2016-09-01T14:48:30.500000,-0.011436,54000,54000,54000,2699.988873,2699.988873,2016-09-01T14:48:30.488564,2016-09-01T15:33:30.477438,2016-09-01T15:31:02.200000,8626.6864,183.09388072247208,0.159452156676775,0.08491391384287307,0.13334682954831215,0.01589719298612816,10.0302082773929,1.1957701372945262,54000,54000,54000,True,0.24777777777777776,False,False,infrasound,IM,I51H3,,BDF,1579.4934907517722,70.68762473704223,0.2,1.0,0.2,1.0,Pa,False
tropospheric,2016-09-01T14:22:30.550000,-0.023962,11652,11652,11651,582.58225,582.58225,2016-09-01T14:22:30.526038,2016-09-01T14:32:13.108288,2016-09-01T14:31:27.050000,5051.5364,312.826480514849,1.080736642661505,0.5489908445698123,0.36532079213561686,0.031011656668200157,34.84936823029224,1.968587733932735,11652,11652,11651,True,0.2900789564023344,True,True,infrasound,IM,I51H1,,BDF,1580.2543532046504,70.6090734245934,0.2,1.0,0.2,1.0,Pa,False
stratospheric,2016-09-01T14:32:13.150000,-0.041712,19606,19606,19606,980.306671,980.306671,2016-09-01T14:32:13.108288,2016-09-01T14:48:33.414958,2016-09-01T14:34:52.500000,5256.9864,300.6008068053306,0.8757486375144521,0.8490253284345206,0.632982787347737,0.036210301349342326,24.1850690240212,1.0314752789875012,19606,19606,19606,True,0.242782821585229,False,False,infrasound,IM,I51H1,,BDF,1580.2543532046504,70.6090734245934,0.2,1.0,0.2,1.0,Pa,False
thermospheric_or_slow,2016-09-01T14:48:33.450000,-0.035042,54026,54026,54025,2701.289493,2701.289493,2016-09-01T14:48:33.414958,2016-09-01T15:33:34.704451,2016-09-01T15:22:03.600000,8088.0864,195.3804985570691,0.8158006559671783,1.3143450041922493,0.7357490235385027,0.06735010307879448,12.11283455665619,0.6206898899186223,54026,54026,54025,True,0.22396623847776995,False,False,infrasound,IM,I51H1,,BDF,1580.2543532046504,70.6090734245934,0.2,1.0,0.2,1.0,Pa,False
tropospheric,2016-09-01T14:22:32.550000,-0.773648,582,583,583,582.743581,582.743581,2016-09-01T14:22:31.776352,2016-09-01T14:32:14.519933,2016-09-01T14:29:39.550000,4944.0364,319.71689432304186,1.53110410130413,0.5684248961689269,0.38969927402214294,0.08268172714155846,18.51804690391559,2.693590853643944,582,583,583,True,0.26288659793814434,True,True,infrasound,IU,BBSR,30,LDO,1580.6919632280724,70.57185673716921,0.2,1.0,0.2,0.45,Pa,False
stratospheric,2016-09-01T14:32:14.550000,-0.030067,981,981,981,980.578141,980.578141,2016-09-01T14:32:14.519933,2016-09-01T14:48:35.098074,2016-09-01T14:34:35.550000,5240.0364,301.65667613073686,0.8198134725099038,1.4536777157032548,1.7991557989785307,0.11710694450714959,7.000553860918578,0.45566563661432335,981,981,981,True,0.2252803261977574,False,False,infrasound,IU,BBSR,30,LDO,1580.6919632280724,70.57185673716921,0.2,1.0,0.2,0.45,Pa,False
thermospheric_or_slow,2016-09-01T14:48:35.550000,-0.451926,2702,2702,2702,2702.037544,2702.037544,2016-09-01T14:48:35.098074,2016-09-01T15:33:37.135618,2016-09-01T15:00:20.550000,6785.0364,232.96735198473988,0.6786063048802364,1.4536777157032548,1.7991557989785307,0.116295452498948,5.835192093056047,0.37718040053313595,2702,2702,2702,True,0.34863064396743154,False,False,infrasound,IU,BBSR,30,LDO,1580.6919632280724,70.57185673716921,0.2,1.0,0.2,0.45,Pa,False
tropospheric,2016-09-01T14:22:33.400000,-0.002521,11660,11659,11659,582.952759,582.952759,2016-09-01T14:22:33.397479,2016-09-01T14:32:16.350238,2016-09-01T14:25:12.900000,4677.3864,338.0647273039166,0.08467923281139034,0.060218290533474085,0.05471105103275066,0.019368941888248566,4.371908042264638,1.40620452791364,11660,11659,11659,True,0.21269296740994853,True,True,infrasound,IM,I51H2,,BDF,1581.2593578110482,70.64730293269798,0.2,1.0,0.2,1.0,Pa,False
stratospheric,2016-09-01T14:32:16.400000,-0.049762,19618,19618,19619,980.930123,980.930123,2016-09-01T14:32:16.350238,2016-09-01T14:48:37.280361,2016-09-01T14:46:08.900000,5933.3864,266.50200260192867,0.06156944893553279,0.060218290533474085,0.06291634242618832,0.018103104031524465,3.4010437562705658,0.9785923110162408,19618,19618,19619,True,0.24263431542461003,False,False,infrasound,IM,I51H2,,BDF,1581.2593578110482,70.64730293269798,0.2,1.0,0.2,1.0,Pa,False
thermospheric_or_slow,2016-09-01T14:48:37.300000,-0.019639,54060,54060,54060,2703.007449,2703.007449,2016-09-01T14:48:37.280361,2016-09-01T15:33:40.287810,2016-09-01T15:11:28.200000,7452.6864,212.17307061397997,0.09290902662828134,0.0733309158565873,0.06291634242618832,0.015312971088375487,6.067341608109691,1.2669830390497616,54060,54060,54060,True,0.23677395486496486,True,True,infrasound,IM,I51H2,,BDF,1581.2593578110482,70.64730293269798,0.2,1.0,0.2,1.0,Pa,False
tropospheric,2016-09-01T14:22:51.796000,-0.01067,23413,23413,23413,585.325385,585.325385,2016-09-01T14:22:51.785330,2016-09-01T14:32:37.110714,2016-09-01T14:23:24.396000,4568.8824,347.50185416771365,0.000478774845849201,0.0005172144799008014,0.0005635033206819189,0.00011512979900901112,4.158565809810262,0.8496397949701798,23413,23413,23413,True,0.27847776876094477,False,False,infrasound,N4,K50A,EP,BDF,1587.6951054742335,353.8845230831559,0.2,1.0,0.2,1.0,Pa,False
stratospheric,2016-09-01T14:32:37.121000,-0.010286,39397,39397,39397,984.922522,984.922522,2016-09-01T14:32:37.110714,2016-09-01T14:49:02.033236,2016-09-01T14:39:18.496000,5522.9824,287.4706074519147,0.00043956471296641066,0.0005172144799008014,0.0005635033206819189,0.00011271964711298551,3.8996281857217774,0.7800570055815733,39397,39397,39397,True,0.23656623600781784,False,False,infrasound,N4,K50A,EP,BDF,1587.6951054742335,353.8845230831559,0.2,1.0,0.2,1.0,Pa,False
thermospheric_or_slow,2016-09-01T14:49:02.046000,-0.012764,108560,108560,108561,2714.008727,2714.008727,2016-09-01T14:49:02.033236,2016-09-01T15:34:16.041964,2016-09-01T15:25:33.946000,8298.4324,191.32470193698677,0.000586828937784411,0.0006670261458758334,0.0005635033206819189,9.828525173864664e-05,5.970671361201434,0.8797690186699951,108560,108560,108561,True,0.29403095062638174,False,False,infrasound,N4,K50A,EP,BDF,1587.6951054742335,353.8845230831559,0.2,1.0,0.2,1.0,Pa,False
tropospheric,2016-09-01T14:23:05.596000,-0.009515,23484,23484,23484,587.106179,587.106179,2016-09-01T14:23:05.586485,2016-09-01T14:32:52.692664,2016-09-01T14:24:17.271000,4621.7574,344.5714199089301,0.052861361258241556,0.059751914584062656,0.36276582871114316,0.011969628481159086,4.416290893359682,0.14571758714444155,23484,23484,23484,True,0.5637881110543348,False,False,infrasound,N4,L59A,EP,BDF,1592.5255097926051,16.836192622887037,0.2,1.0,0.2,1.0,Pa,False
stratospheric,2016-09-01T14:32:52.696000,-0.003336,39517,39517,39517,987.919051,987.919051,2016-09-01T14:32:52.692664,2016-09-01T14:49:20.611715,2016-09-01T14:39:00.021000,5504.5074,289.3129928016093,0.07559334199062268,0.059751914584062656,0.36276582871114316,0.011611419563312436,6.510258420896976,0.20838054747106521,39517,39517,39517,True,0.5729179846648278,False,False,infrasound,N4,L59A,EP,BDF,1592.5255097926051,16.836192622887037,0.2,1.0,0.2,1.0,Pa,False
thermospheric_or_slow,2016-09-01T14:49:20.621000,-0.009285,108891,108891,108890,2722.265829,2722.265829,2016-09-01T14:49:20.611715,2016-09-01T15:34:42.877543,2016-09-01T15:31:21.346000,8645.8324,184.19574149882956,0.2897652311110505,0.15014773789797844,0.3690917293071342,0.007625658473036001,37.998716063097746,0.785076467725254,108891,108891,108890,True,0.5943558237136218,False,False,infrasound,N4,L59A,EP,BDF,1592.5255097926051,16.836192622887037,0.2,1.0,0.2,1.0,Pa,False
tropospheric,2016-09-01T14:23:56.046000,-0.018544,23744,23745,23745,593.614691,593.614691,2016-09-01T14:23:56.027456,2016-09-01T14:33:49.642147,2016-09-01T14:30:06.096000,4970.5824,323.94188848878355,1.4757120132942665,0.7000378213464524,0.7737160864433388,0.022202168409672953,66.46702187212192,1.9073042930746105,23744,23745,23745,True,0.2526954177897574,True,True,infrasound,N4,P40B,EP,BDF,1610.1798495451103,322.05257932636744,0.2,1.0,0.2,1.0,Pa,False
stratospheric,2016-09-01T14:33:49.646000,-0.003853,39955,39955,39955,998.870874,998.870874,2016-09-01T14:33:49.642147,2016-09-01T14:50:28.513021,2016-09-01T14:45:04.471000,5868.9574,274.3553479439313,1.1082865487325264,0.7000378213464524,0.8746045419158069,0.027525515077054488,40.26397128736762,1.2671859058779216,39955,39955,39955,True,0.26329620823426353,True,True,infrasound,N4,P40B,EP,BDF,1610.1798495451103,322.05257932636744,0.2,1.0,0.2,1.0,Pa,False
thermospheric_or_slow,2016-09-01T14:50:28.521000,-0.007979,110098,110098,110098,2752.444187,2752.444187,2016-09-01T14:50:28.513021,2016-09-01T15:36:20.957209,2016-09-01T15:35:20.821000,8885.3074,181.21824907769766,1.2911326852407674,0.7000378213464524,1.892057636803856,0.02485223448247633,51.952378211752496,0.6823960645415662,110098,110098,110098,True,0.2350633072353721,False,False,infrasound,N4,P40B,EP,BDF,1610.1798495451103,322.05257932636744,0.2,1.0,0.2,1.0,Pa,False
tropospheric,2016-09-01T14:24:07.071000,-0.001665,23802,23801,23801,595.03945,595.03945,2016-09-01T14:24:07.069335,2016-09-01T14:34:02.108785,2016-09-01T14:26:49.196000,4773.6824,338.1130900617651,1.9430114344423226,0.921732204745154,1.7391936890999926,0.11063315282051292,17.562650841150585,1.1171909411928713,23802,23801,23801,True,0.2537601882194773,False,False,infrasound,N4,K57A,EP,BDF,1614.0445072374628,12.010626574151306,0.2,1.0,0.2,1.0,Pa,False
stratospheric,2016-09-01T14:34:02.121000,-0.012215,40051,40050,40050,1001.268305,1001.268305,2016-09-01T14:34:02.108785,2016-09-01T14:50:43.377089,2016-09-01T14:49:16.071000,6120.5574,263.7087444417175,1.9995402843302033,0.921732204745154,1.8804448611505138,0.09776760748046241,20.451971116607158,1.0633336428204672,40051,40050,40050,True,0.2207185838056478,False,False,infrasound,N4,K57A,EP,BDF,1614.0445072374628,12.010626574151306,0.2,1.0,0.2,1.0,Pa,False
thermospheric_or_slow,2016-09-01T14:50:43.396000,-0.018911,110362,110362,110362,2759.05044,2759.05044,2016-09-01T14:50:43.377089,2016-09-01T15:36:42.427529,2016-09-01T14:55:17.571000,6482.0574,249.00188437662754,2.5018062575332625,1.9747380590002732,1.8804448611505138,0.09190018440364839,27.223082018472446,1.2669053731611482,110362,110362,110362,True,0.2580598394374875,True,True,infrasound,N4,K57A,EP,BDF,1614.0445072374628,12.010626574151306,0.2,1.0,0.2,1.0,Pa,False
tropospheric,2016-09-01T14:24:28.896000,-0.024987,23914,23915,23915,597.852569,597.852569,2016-09-01T14:24:28.871013,2016-09-01T14:34:26.723582,2016-09-01T14:24:28.896000,4633.3824,349.9981124775364,0.0046092326374506006,0.0051172807553038135,0.004432164819468456,0.0012567443799408494,3.667597572759817,0.9007191236621822,23914,23915,23915,True,0.21242786652170276,False,False,infrasound,N4,M63A,EP,BDF,1621.6750943866377,26.29675537335045,0.2,1.0,0.2,1.0,Pa,False
stratospheric,2016-09-01T14:34:26.746000,-0.022418,40240,40241,40241,1006.00192,1006.00192,2016-09-01T14:34:26.723582,2016-09-01T14:51:12.725501,2016-09-01T14:46:03.721000,5928.2074,273.5523548630633,0.004213033577546463,0.0051172807553038135,0.004432164819468456,0.0013289345409464115,3.170234084326017,0.8232953748296608,40240,40241,40241,True,0.2246520874751491,False,False,infrasound,N4,M63A,EP,BDF,1621.6750943866377,26.29675537335045,0.2,1.0,0.2,1.0,Pa,False
thermospheric_or_slow,2016-09-01T14:51:12.746000,-0.020499,110883,110884,110884,2772.094178,2772.094178,2016-09-01T14:51:12.725501,2016-09-01T15:37:24.819680,2016-09-01T15:21:26.796000,8051.2824,201.4182354834104,0.005419305887641524,0.0051172807553038135,0.005650472269905835,0.0010552365036915724,5.135631556227413,0.959089015710157,110883,110884,110884,True,0.23808879629880142,False,False,infrasound,N4,M63A,EP,BDF,1621.6750943866377,26.29675537335045,0.2,1.0,0.2,1.0,Pa,False
tropospheric,2016-09-01T14:25:25.596000,-0.020041,24206,24207,24207,605.169337,605.169337,2016-09-01T14:25:25.575959,2016-09-01T14:35:30.745295,2016-09-01T14:25:59.596000,4724.0824,347.4795074534684,0.4515008778812574,0.4696379690653294,0.1685100314087609,0.016307230782530897,27.687158163293258,0.9613806966669064,24206,24207,24207,True,0.22308518549120054,False,False,infrasound,N4,J54A,EP,BDF,1641.521825521599,5.5602029478228445,0.2,1.0,0.2,1.0,Pa,False
stratospheric,2016-09-01T14:35:30.746000,-0.000705,40733,40733,40732,1018.313788,1018.313788,2016-09-01T14:35:30.745295,2016-09-01T14:52:29.059083,2016-09-01T14:49:37.596000,6142.0824,267.258190075991,0.27393540415074047,0.4696379690653294,0.1685100314087609,0.015899037825487992,17.229684409681095,0.5832905816706537,40733,40733,40732,True,0.2346991382908207,False,False,infrasound,N4,J54A,EP,BDF,1641.521825521599,5.5602029478228445,0.2,1.0,0.2,1.0,Pa,False
thermospheric_or_slow,2016-09-01T14:52:29.071000,-0.011917,112241,112241,112241,2806.020215,2806.020215,2016-09-01T14:52:29.059083,2016-09-01T15:39:15.079297,2016-09-01T15:00:05.746000,6770.2324,242.4616657947516,0.43347917599175384,0.4696379690653294,0.4525342126057895,0.0104046302433164,41.66214135963236,0.9230070917274033,112241,112241,112241,True,0.2248732637806149,False,False,infrasound,N4,J54A,EP,BDF,1641.521825521599,5.5602029478228445,0.2,1.0,0.2,1.0,Pa,False
tropospheric,2016-09-01T14:25:25.696000,-0.008905,24207,24207,24208,605.183677,605.183677,2016-09-01T14:25:25.687095,2016-09-01T14:35:30.870772,2016-09-01T14:30:05.421000,4969.9074,330.3000622114949,0.014422618453898814,0.010497379089476486,0.03223269580034567,0.0013907711475808805,10.370231277076494,0.44745306266763274,24207,24207,24208,True,0.2610815053496922,False,False,infrasound,N4,N41A,EP,BDF,1641.560723405369,327.85067463039474,0.2,1.0,0.2,1.0,Pa,False
stratospheric,2016-09-01T14:35:30.871000,-0.000228,40734,40733,40734,1018.337918,1018.337918,2016-09-01T14:35:30.870772,2016-09-01T14:52:29.208690,2016-09-01T14:39:50.696000,5555.1824,295.5007784092506,0.025028569823826338,0.010497379089476486,0.036531494775432646,0.001412173683040173,17.723435951549547,0.685123069222396,40734,40733,40734,True,0.2729906220847449,False,False,infrasound,N4,N41A,EP,BDF,1641.560723405369,327.85067463039474,0.2,1.0,0.2,1.0,Pa,False
thermospheric_or_slow,2016-09-01T14:52:29.221000,-0.01231,112243,112243,112244,2806.086707,2806.086707,2016-09-01T14:52:29.208690,2016-09-01T15:39:15.295397,2016-09-01T15:20:53.446000,8017.9324,204.73616407708414,0.04140714968719175,0.03286838373748195,0.05865987541496996,0.0009187774456912818,45.067660162290224,0.7058854011242014,112243,112243,112244,True,0.2391240433701879,False,False,infrasound,N4,N41A,EP,BDF,1641.560723405369,327.85067463039474,0.2,1.0,0.2,1.0,Pa,False
tropospheric,2016-09-01T14:25:39.596001,-0.020325,24279,24279,24279,606.975752,606.975752,2016-09-01T14:25:39.575676,2016-09-01T14:35:46.551428,2016-09-01T14:29:26.746001,4931.232401,333.87631990560806,0.22288538541651726,0.4509583333366216,0.6085212564889062,0.010763416283494847,20.707680493441536,0.36627378754612266,24279,24279,24279,True,0.2322995181020635,False,False,infrasound,TA,TUL1,EP,BDF,1646.4217266451758,303.5295003070404,0.2,1.0,0.2,1.0,Pa,False
stratospheric,2016-09-01T14:35:46.571001,-0.019573,40854,40854,40854,1021.353428,1021.353428,2016-09-01T14:35:46.551428,2016-09-01T14:52:47.904856,2016-09-01T14:40:09.971001,5574.457401,295.3510284875125,0.3255908247985213,0.8030824053157573,0.6085212564889062,0.010701147103247023,30.425787222355638,0.4054264203067741,40854,40854,40854,True,0.22617124394184168,False,False,infrasound,TA,TUL1,EP,BDF,1646.4217266451758,303.5295003070404,0.2,1.0,0.2,1.0,Pa,False
thermospheric_or_slow,2016-09-01T14:52:47.921001,-0.016145,112576,112576,112576,2814.396114,2814.396114,2016-09-01T14:52:47.904856,2016-09-01T15:39:42.300970,2016-09-01T15:37:57.221001,9041.707401,182.09190517081808,0.5545427958328575,0.8030824053157573,0.6085212564889062,0.008650914118996482,64.10221951170927,0.6905179246391551,112576,112576,112576,True,0.23841671404206935,False,False,infrasound,TA,TUL1,EP,BDF,1646.4217266451758,303.5295003070404,0.2,1.0,0.2,1.0,Pa,False
tropospheric,2016-09-01T14:25:48.571000,-0.023738,24325,24326,24326,608.133376,608.133376,2016-09-01T14:25:48.547262,2016-09-01T14:35:56.680637,2016-09-01T14:33:23.071000,5167.5574,319.2149895674177,1.0928463650507823,1.38643783146433,2.272079264755166,0.05722186188694429,19.098406256160732,0.48098954204775285,24325,24326,24326,True,0.22692702980472765,False,False,infrasound,TA,L44A,EP,BDF,1649.5617815300322,338.2546360935199,0.2,1.0,0.2,1.0,Pa,False
stratospheric,2016-09-01T14:35:56.696000,-0.015363,40932,40933,40933,1023.301353,1023.301353,2016-09-01T14:35:56.680637,2016-09-01T14:52:59.981990,2016-09-01T14:45:17.446000,5881.9324,280.44555247354293,4.480364770562634,1.38643783146433,2.272079264755166,0.03707892293445037,120.83319621994428,1.9719227405763187,40932,40933,40933,True,0.34300791556728233,True,True,infrasound,TA,L44A,EP,BDF,1649.5617815300322,338.2546360935199,0.2,1.0,0.2,1.0,Pa,False
thermospheric_or_slow,2016-09-01T14:52:59.996000,-0.014009,112790,112791,112791,2819.763729,2819.763729,2016-09-01T14:52:59.981990,2016-09-01T15:39:59.745720,2016-09-01T14:53:20.696000,6365.1824,259.1538903158584,1.3731681920821357,1.9506757450536374,2.272079264755166,0.018949585759359212,72.46428547409946,0.6043663235622658,112790,112791,112791,True,0.30534621863640393,False,False,infrasound,TA,L44A,EP,BDF,1649.5617815300322,338.2546360935199,0.2,1.0,0.2,1.0,Pa,False
tropospheric,2016-09-01T14:25:50.296000,-0.013855,24334,24334,24335,608.357232,608.357232,2016-09-01T14:25:50.282145,2016-09-01T14:35:58.639377,2016-09-01T14:33:57.471000,5201.9574,317.22078132974445,1.3486704111951069,1.2780983274736282,1.2602698414064757,0.0963928944290189,13.991388257235403,1.0552164745109838,24334,24334,24335,True,0.25314374948631546,False,False,infrasound,N4,J55A,EP,BDF,1650.168990872046,7.891316746428012,0.2,1.0,0.2,1.0,Pa,False
stratospheric,2016-09-01T14:35:58.646000,-0.006623,40947,40947,40948,1023.678034,1023.678034,2016-09-01T14:35:58.639377,2016-09-01T14:53:02.317411,2016-09-01T14:47:56.596000,6041.0824,273.15783523695126,2.0482010900327183,1.2780983274736282,1.5288530380603298,0.10036544346812136,20.407433268436456,1.3396978251299354,40947,40947,40948,True,0.24519500818130752,True,True,infrasound,N4,J55A,EP,BDF,1650.168990872046,7.891316746428012,0.2,1.0,0.2,1.0,Pa,False
thermospheric_or_slow,2016-09-01T14:53:02.321000,-0.003589,112832,112832,112832,2820.801694,2820.801694,2016-09-01T14:53:02.317411,2016-09-01T15:40:03.119105,2016-09-01T15:10:31.796000,7396.2824,223.10789415937472,2.0438490934601505,1.2780983274736282,3.0364468068843555,0.08409861053217105,24.303006679025895,0.6731055155737465,112832,112832,112832,True,0.2875070901871809,False,False,infrasound,N4,J55A,EP,BDF,1650.168990872046,7.891316746428012,0.2,1.0,0.2,1.0,Pa,False
tropospheric,2016-09-01T14:26:35.546000,-0.00898,24568,24568,24568,614.19657,614.19657,2016-09-01T14:26:35.537020,2016-09-01T14:36:49.733590,2016-09-01T14:30:28.646000,4993.1324,333.65992797570215,0.5504109792461835,1.3554112021723226,0.9490610772170389,0.04195942928264888,13.117694607771755,0.4060841303097081,24568,24568,24568,True,0.24747639205470529,False,False,infrasound,TA,WHTX,EP,BDF,1666.008196957145,287.3607828487195,0.2,1.0,0.2,1.0,Pa,False
stratospheric,2016-09-01T14:36:49.746000,-0.01241,41340,41340,41340,1033.503844,1033.503844,2016-09-01T14:36:49.733590,2016-09-01T14:54:03.237434,2016-09-01T14:46:39.821000,5964.3074,279.32970003476765,0.5824108067135079,1.3554112021723226,0.9490610772170389,0.040861629554003936,14.25324474501871,0.4296930745297633,41340,41340,41340,True,0.22254475084663763,False,False,infrasound,TA,WHTX,EP,BDF,1666.008196957145,287.3607828487195,0.2,1.0,0.2,1.0,Pa,False
thermospheric_or_slow,2016-09-01T14:54:03.246000,-0.008566,113915,113915,113915,2847.87726,2847.87726,2016-09-01T14:54:03.237434,2016-09-01T15:41:31.114694,2016-09-01T15:39:11.971000,9116.4574,182.74732430133935,0.829444424418377,1.3554112021723226,1.2397612697299794,0.022343934039849175,37.12168246375542,0.6119503978490242,113915,113915,113915,True,0.23666769082210423,False,False,infrasound,TA,WHTX,EP,BDF,1666.008196957145,287.3607828487195,0.2,1.0,0.2,1.0,Pa,False
tropospheric,2016-09-01T14:26:36.471000,-0.00643,24573,24572,24573,614.316254,614.316254,2016-09-01T14:26:36.464570,2016-09-01T14:36:50.780824,2016-09-01T14:30:55.871000,5020.3574,331.91518185064837,0.38057768009673476,0.3528330160406483,0.48250437109672467,0.08031748360852292,4.738416382063415,0.7887548857468126,24573,24572,24573,True,0.27672648842225206,False,False,infrasound,N4,J56A,EP,BDF,1666.332839376248,10.552593511476381,0.2,1.0,0.2,1.0,Pa,False
stratospheric,2016-09-01T14:36:50.796000,-0.015176,41348,41348,41349,1033.705235,1033.705235,2016-09-01T14:36:50.780824,2016-09-01T14:54:04.486059,2016-09-01T14:45:17.921000,5882.4074,283.27396014363916,0.2952191634788406,0.43597592460028395,0.48250437109672467,0.08363391003856138,3.5298979007764055,0.6118476456654935,41348,41348,41349,True,0.22830608493760277,False,False,infrasound,N4,J56A,EP,BDF,1666.332839376248,10.552593511476381,0.2,1.0,0.2,1.0,Pa,False
thermospheric_or_slow,2016-09-01T14:54:04.496000,-0.009941,113937,113937,113938,2848.432204,2848.432204,2016-09-01T14:54:04.486059,2016-09-01T15:41:32.918263,2016-09-01T15:32:20.496000,8704.9824,191.42288436749143,0.45688663987711403,0.43597592460028395,0.48250437109672467,0.06783236194532202,6.735526034688266,0.9469067375257514,113937,113937,113938,True,0.2833144632560099,False,False,infrasound,N4,J56A,EP,BDF,1666.332839376248,10.552593511476381,0.2,1.0,0.2,1.0,Pa,False
tropospheric,2016-09-01T14:26:53.546000,-0.014096,24661,24661,24661,616.518491,616.518491,2016-09-01T14:26:53.531904,2016-09-01T14:37:10.050395,2016-09-01T14:33:23.471000,5167.9574,323.5913682835031,0.40730851801510987,0.4256966982379112,0.2543192475882039,0.026332747660671986,15.467756090771568,0.956804503537576,24661,24661,24661,True,0.25951907870727053,False,False,infrasound,N4,J47A,EP,BDF,1672.3064062968551,347.9749692130454,0.2,1.0,0.2,1.0,Pa,False
stratospheric,2016-09-01T14:37:10.071000,-0.020605,41496,41497,41496,1037.410922,1037.410922,2016-09-01T14:37:10.050395,2016-09-01T14:54:27.461317,2016-09-01T14:52:48.521000,6333.0074,264.06196940443414,0.4106735279093882,0.4256966982379112,0.33721692111895596,0.027655664471337424,14.849526697686613,0.9647092157615775,41496,41497,41496,True,0.26026604973973394,False,False,infrasound,N4,J47A,EP,BDF,1672.3064062968551,347.9749692130454,0.2,1.0,0.2,1.0,Pa,False
thermospheric_or_slow,2016-09-01T14:54:27.471000,-0.009683,114346,114346,114346,2858.64343,2858.64343,2016-09-01T14:54:27.461317,2016-09-01T15:42:06.104746,2016-09-01T15:16:25.271000,7749.7574,215.78822664782447,0.40356980428296185,0.4677436639714355,0.4978610587365838,0.02420354978476679,16.673992363589587,0.8106072913336428,114346,114346,114346,True,0.2511675091389292,False,False,infrasound,N4,J47A,EP,BDF,1672.3064062968551,347.9749692130454,0.2,1.0,0.2,1.0,Pa,False
tropospheric,2016-09-01T14:27:05.796000,-0.007181,24724,24724,24724,618.100028,618.100028,2016-09-01T14:27:05.788819,2016-09-01T14:37:23.888847,2016-09-01T14:29:52.496000,4956.9824,338.2292272246907,0.15638935779196755,0.7927634287829037,0.41965339868400925,0.06441928917190021,2.427679035306475,0.19727115569907852,24724,24724,24724,True,0.21517553793884484,False,False,infrasound,N4,Z35B,EP,BDF,1676.5963265183927,292.54352144613745,0.2,1.0,0.2,1.0,Pa,False
stratospheric,2016-09-01T14:37:23.896000,-0.007153,41603,41603,41603,1040.072163,1040.072163,2016-09-01T14:37:23.888847,2016-09-01T14:54:43.961010,2016-09-01T14:54:20.371000,6424.8574,260.9546363656869,0.3778575885796547,0.7927634287829037,0.5735135645772146,0.0668696501871204,5.650658968938839,0.47663347584002896,41603,41603,41603,True,0.2153690839602913,False,False,infrasound,N4,Z35B,EP,BDF,1676.5963265183927,292.54352144613745,0.2,1.0,0.2,1.0,Pa,False
thermospheric_or_slow,2016-09-01T14:54:43.971000,-0.00999,114639,114639,114639,2865.976627,2865.976627,2016-09-01T14:54:43.961010,2016-09-01T15:42:29.937636,2016-09-01T15:01:34.521000,6859.0074,244.43716542985396,0.2773309972724046,1.2508195682852001,0.5735135645772146,0.07512076960630501,3.6918018641961274,0.22171942644981887,114639,114639,114639,True,0.30739975052120133,False,False,infrasound,N4,Z35B,EP,BDF,1676.5963265183927,292.54352144613745,0.2,1.0,0.2,1.0,Pa,False
tropospheric,2016-09-01T14:27:22.646000,-0.010177,24811,24811,24811,620.273835,620.273835,2016-09-01T14:27:22.635823,2016-09-01T14:37:42.909659,2016-09-01T14:32:01.046000,5085.5324,330.83906381648075,0.2606452282877961,0.15827516096535393,0.1026550346937792,0.020651206362486452,12.621307623038728,1.646785425445568,24811,24811,24811,True,0.2257063399298698,True,True,infrasound,N4,735B,EP,BDF,1682.4927782243803,275.2607239223049,0.2,1.0,0.2,1.0,Pa,False
stratospheric,2016-09-01T14:37:42.921000,-0.011341,41749,41749,41750,1043.730011,1043.730011,2016-09-01T14:37:42.909659,2016-09-01T14:55:06.639670,2016-09-01T14:53:52.671000,6397.1574,263.0063124950436,0.23749892912672788,0.18666781597684534,0.1026550346937792,0.024270942435292393,9.785319616653226,1.2723078581269078,41749,41749,41750,True,0.22515509353517446,True,True,infrasound,N4,735B,EP,BDF,1682.4927782243803,275.2607239223049,0.2,1.0,0.2,1.0,Pa,False
thermospheric_or_slow,2016-09-01T14:55:06.646000,-0.00633,115042,115042,115043,2876.056031,2876.056031,2016-09-01T14:55:06.639670,2016-09-01T15:43:02.695701,2016-09-01T14:56:47.321000,6571.8074,256.0167509206646,0.2180684651220616,0.2513288068705062,0.16488800826207206,0.019583986510049993,11.135039590134243,0.8676620393714696,115042,115042,115043,True,0.22217972566540914,False,False,infrasound,N4,735B,EP,BDF,1682.4927782243803,275.2607239223049,0.2,1.0,0.2,1.0,Pa,False
tropospheric,2016-09-01T14:28:05.046000,-0.002621,25030,25029,25030,625.745778,625.745778,2016-09-01T14:28:05.043379,2016-09-01T14:38:30.789157,2016-09-01T14:28:47.421000,4891.9074,346.9680196167449,0.030776084879753873,0.03348428145440133,0.0921855239335324,0.009001598516432664,3.4189577355145633,0.3338494328235748,25030,25029,25030,True,0.2540950858969237,False,False,infrasound,TA,L61B,EP,BDF,1697.3354227264997,22.71084221099508,0.2,1.0,0.2,1.0,Pa,False
stratospheric,2016-09-01T14:38:30.796000,-0.006843,42118,42117,42117,1052.937607,1052.937607,2016-09-01T14:38:30.789157,2016-09-01T14:56:03.726764,2016-09-01T14:50:51.296000,6215.7824,273.0686683508257,0.03382502705067181,0.03348428145440133,0.10149115583041432,0.008887649505277437,3.8058461948332565,0.33328053832780674,42118,42117,42117,True,0.24027731611187617,False,False,infrasound,TA,L61B,EP,BDF,1697.3354227264997,22.71084221099508,0.2,1.0,0.2,1.0,Pa,False
thermospheric_or_slow,2016-09-01T14:56:03.746000,-0.019236,116057,116057,116057,2901.428073,2901.428073,2016-09-01T14:56:03.726764,2016-09-01T15:44:25.154837,2016-09-01T15:41:59.321000,9283.8074,182.8275134969409,0.07505042232946671,0.03348428145440133,0.2661267467029241,0.00739337066202627,10.151042840979104,0.28201006948484253,116057,116057,116057,True,0.23298896232023916,False,False,infrasound,TA,L61B,EP,BDF,1697.3354227264997,22.71084221099508,0.2,1.0,0.2,1.0,Pa,False
tropospheric,2016-09-01T14:28:06.371000,-0.021197,25036,25037,25037,625.914349,625.914349,2016-09-01T14:28:06.349803,2016-09-01T14:38:32.264152,2016-09-01T14:36:43.946000,5368.4324,316.25482907103196,0.27996313312252974,0.4204179567495287,1.177860976197099,0.012105436193763692,23.127058673586436,0.23768775668791808,25036,25037,25037,True,0.2332640996964371,False,False,infrasound,N4,J57A,EP,BDF,1697.7926710413897,12.761271417644899,0.2,1.0,0.2,1.0,Pa,False
stratospheric,2016-09-01T14:38:32.271000,-0.006848,42129,42129,42129,1053.22126,1053.22126,2016-09-01T14:38:32.264152,2016-09-01T14:56:05.485412,2016-09-01T14:52:04.146000,6288.6324,269.9780434043799,0.19837011196939022,0.4204179567495287,1.177860976197099,0.011014853591887629,18.00932806909831,0.16841555665581,42129,42129,42129,True,0.26015333855538936,False,False,infrasound,N4,J57A,EP,BDF,1697.7926710413897,12.761271417644899,0.2,1.0,0.2,1.0,Pa,False
thermospheric_or_slow,2016-09-01T14:56:05.496000,-0.010588,116088,116089,116089,2902.209694,2902.209694,2016-09-01T14:56:05.485412,2016-09-01T15:44:27.695106,2016-09-01T15:02:11.646000,6896.1324,246.19490644370308,0.5701731035153785,0.4204179567495287,1.177860976197099,0.007904574645436126,72.1320411395672,0.48407504369171644,116088,116089,116089,True,0.22155606091930258,False,False,infrasound,N4,J57A,EP,BDF,1697.7926710413897,12.761271417644899,0.2,1.0,0.2,1.0,Pa,False
tropospheric,2016-09-01T14:28:13.746000,-0.000604,25075,25074,25074,626.868619,626.868619,2016-09-01T14:28:13.745396,2016-09-01T14:38:40.614015,2016-09-01T14:34:46.671000,5251.1574,323.81073336927585,0.03726071206443542,0.04026162132126301,0.04263802662769384,0.01189170459734099,3.133336500199222,0.8738845348024198,25075,25074,25074,True,0.28075772681954136,False,False,infrasound,TA,M65A,EP,BDF,1700.3811287315,29.37550564894152,0.2,1.0,0.2,1.0,Pa,False
stratospheric,2016-09-01T14:38:40.621000,-0.006985,42193,42193,42193,1054.827003,1054.827003,2016-09-01T14:38:40.614015,2016-09-01T14:56:15.441018,2016-09-01T14:41:13.396000,5637.8824,301.59925448808576,0.04194114801735216,0.040483616550576626,0.046542356884700646,0.012508464817079646,3.3530212244818203,0.9011393239335288,42193,42193,42193,True,0.24459033488967363,False,False,infrasound,TA,M65A,EP,BDF,1700.3811287315,29.37550564894152,0.2,1.0,0.2,1.0,Pa,False
thermospheric_or_slow,2016-09-01T14:56:15.446000,-0.004982,116266,116265,116265,2906.634408,2906.634408,2016-09-01T14:56:15.441018,2016-09-01T15:44:42.075426,2016-09-01T15:09:22.421000,7326.9074,232.07351149701987,0.05394494512956227,0.042808930785704295,0.06320753739437975,0.010351832317452294,5.211149434734927,0.8534574728481499,116266,116265,116265,True,0.24736380369153493,False,False,infrasound,TA,M65A,EP,BDF,1700.3811287315,29.37550564894152,0.2,1.0,0.2,1.0,Pa,False
tropospheric,2016-09-01T14:28:20.746000,-0.021689,25110,25111,25111,627.769124,627.769124,2016-09-01T14:28:20.724311,2016-09-01T14:38:48.493435,2016-09-01T14:29:52.521000,4957.0074,343.5185004678674,1.1360098330448274,1.2602720605016144,2.286383211173738,0.11463697640676407,9.909628364707968,0.4968588937729495,25110,25111,25111,True,0.2819593787335723,False,False,infrasound,N4,L42A,EP,BDF,1702.8237488561224,333.5341367961838,0.2,1.0,0.2,1.0,Pa,False
stratospheric,2016-09-01T14:38:48.496000,-0.002565,42254,42254,42254,1056.342276,1056.342276,2016-09-01T14:38:48.493435,2016-09-01T14:56:24.835711,2016-09-01T14:46:00.121000,5924.6074,287.4154579181268,2.0762866265834825,2.294692437395337,2.490956775152502,0.11397915872047225,18.21637086895389,0.833529769482398,42254,42254,42254,True,0.25749041510862875,False,False,infrasound,N4,L42A,EP,BDF,1702.8237488561224,333.5341367961838,0.2,1.0,0.2,1.0,Pa,False
thermospheric_or_slow,2016-09-01T14:56:24.846000,-0.010289,116432,116433,116433,2910.809827,2910.809827,2016-09-01T14:56:24.835711,2016-09-01T15:44:55.645538,2016-09-01T15:08:57.746000,7302.2324,233.19221514452516,4.032567797650925,2.294692437395337,3.6679438532173823,0.10221015806675726,39.45368908457323,1.0994082676902779,116432,116433,116433,True,0.27621272502404837,False,False,infrasound,N4,L42A,EP,BDF,1702.8237488561224,333.5341367961838,0.2,1.0,0.2,1.0,Pa,False
tropospheric,2016-09-01T14:28:38.496000,-0.012999,25202,25202,25202,630.060568,630.060568,2016-09-01T14:28:38.483001,2016-09-01T14:39:08.543569,2016-09-01T14:33:09.821000,5154.3074,331.5749639706225,2.488264163293321,0.925822741829985,1.8872972460078505,0.0363309102941673,68.48890223630858,1.3184272740060845,25202,25202,25202,True,0.2729942068089834,True,True,infrasound,N4,J58A,EP,BDF,1709.0392904485127,14.695552698108317,0.2,1.0,0.2,1.0,Pa,False
stratospheric,2016-09-01T14:39:08.546000,-0.002431,42408,42408,42408,1060.198071,1060.198071,2016-09-01T14:39:08.543569,2016-09-01T14:56:48.741640,2016-09-01T14:44:29.396000,5833.8824,292.9505898933637,2.3989422690172755,1.1074768430846027,1.8872972460078505,0.03288935171777355,72.93978578850724,1.2710993321755193,42408,42408,42408,True,0.21411054518015468,True,True,infrasound,N4,J58A,EP,BDF,1709.0392904485127,14.695552698108317,0.2,1.0,0.2,1.0,Pa,False
thermospheric_or_slow,2016-09-01T14:56:48.746000,-0.00436,116858,116857,116857,2921.434685,2921.434685,2016-09-01T14:56:48.741640,2016-09-01T15:45:30.176325,2016-09-01T15:02:40.421000,6924.9074,246.7959774376929,2.047806636320731,2.047260206161475,3.35000128858304,0.030487926645619882,67.1677894047588,0.6112853279489029,116858,116857,116857,True,0.21393486111348817,False,False,infrasound,N4,J58A,EP,BDF,1709.0392904485127,14.695552698108317,0.2,1.0,0.2,1.0,Pa,False
tropospheric,2016-09-01T14:28:40.046000,-0.002335,25211,25210,25211,630.261944,630.261944,2016-09-01T14:28:40.043665,2016-09-01T14:39:10.305609,2016-09-01T14:36:01.421000,5325.9074,320.99422584735817,0.15252030723739607,0.3048567634917092,0.574680882512546,0.02482542041439369,6.143714978094201,0.2654000017724034,25211,25210,25211,True,0.23799135298084168,False,False,infrasound,N4,P38B,EP,BDF,1709.585522797716,319.2403648741555,0.2,1.0,0.2,1.0,Pa,False
stratospheric,2016-09-01T14:39:10.321000,-0.015391,42421,42421,42422,1060.536925,1060.536925,2016-09-01T14:39:10.305609,2016-09-01T14:56:50.842534,2016-09-01T14:49:58.021000,6162.5074,277.41719592867605,0.2989940833930681,0.3048567634917092,0.9117442199763728,0.024726088667823925,12.092251524688145,0.3279363628988142,42421,42421,42422,True,0.2508191697508309,False,False,infrasound,N4,P38B,EP,BDF,1709.585522797716,319.2403648741555,0.2,1.0,0.2,1.0,Pa,False
thermospheric_or_slow,2016-09-01T14:56:50.846000,-0.003466,116895,116894,116895,2922.368415,2922.368415,2016-09-01T14:56:50.842534,2016-09-01T15:45:33.210949,2016-09-01T15:14:37.271000,7641.7574,223.7162779857047,0.4568836279625672,0.3048567634917092,1.0999323436769313,0.017060849132446283,26.779653487097956,0.4153743006004028,116895,116894,116895,True,0.2340562042858976,False,False,infrasound,N4,P38B,EP,BDF,1709.585522797716,319.2403648741555,0.2,1.0,0.2,1.0,Pa,False
tropospheric,2016-09-01T14:29:02.021000,-0.015067,25324,25324,25324,633.095785,633.095785,2016-09-01T14:29:02.005933,2016-09-01T14:39:35.101718,2016-09-01T14:30:32.746000,4997.2324,343.64467753286164,1.5200674057534944,1.1737995275507442,2.306526722447338,0.12451598618956577,12.207809232135958,0.6590287426371668,25324,25324,25324,True,0.23850892434054652,False,False,infrasound,N4,K43A,EP,BDF,1717.2723166547682,338.07748900768877,0.2,1.0,0.2,1.0,Pa,False
stratospheric,2016-09-01T14:39:35.121000,-0.019282,42612,42612,42612,1065.305407,1065.305407,2016-09-01T14:39:35.101718,2016-09-01T14:57:20.407126,2016-09-01T14:54:32.096000,6436.5824,266.7987776641791,2.6186317669418213,1.8559147370293059,2.306526722447338,0.1480224676618116,17.690772274683567,1.135313864546657,42612,42612,42612,True,0.2356143809255609,False,False,infrasound,N4,K43A,EP,BDF,1717.2723166547682,338.07748900768877,0.2,1.0,0.2,1.0,Pa,False
thermospheric_or_slow,2016-09-01T14:57:20.421000,-0.013874,117420,117420,117421,2935.508234,2935.508234,2016-09-01T14:57:20.407126,2016-09-01T15:46:15.915359,2016-09-01T15:17:35.971000,7820.4574,219.58719660754986,2.094670002155449,2.2005034670069614,3.3863319343195153,0.12701494289886034,16.491524180925673,0.618566059908824,117420,117420,117421,True,0.2939873956736501,False,False,infrasound,N4,K43A,EP,BDF,1717.2723166547682,338.07748900768877,0.2,1.0,0.2,1.0,Pa,False
tropospheric,2016-09-01T14:29:04.571000,-0.019775,25337,25337,25337,633.42421,633.42421,2016-09-01T14:29:04.551225,2016-09-01T14:39:37.975435,2016-09-01T14:29:04.921000,4909.4074,349.9736381394803,0.5397465240659745,1.3221100156970496,1.9510765026188905,0.14033362323034224,3.84616681050157,0.27664036922257207,25337,25337,25337,True,0.5146623515017563,False,False,infrasound,N4,I49A,EP,BDF,1718.1631688868868,353.8994648401352,0.2,1.0,0.2,1.0,Pa,False
stratospheric,2016-09-01T14:39:37.996000,-0.020565,42634,42635,42635,1065.858045,1065.858045,2016-09-01T14:39:37.975435,2016-09-01T14:57:23.833480,2016-09-01T14:54:17.771000,6422.2574,267.5325920270475,0.26577501764662326,1.3221100156970496,2.200094371334992,0.140787966531984,1.887767997460528,0.12080164428826479,42634,42635,42635,True,0.2514425106722334,False,False,infrasound,N4,I49A,EP,BDF,1718.1631688868868,353.8994648401352,0.2,1.0,0.2,1.0,Pa,False
thermospheric_or_slow,2016-09-01T14:57:23.846000,-0.01252,117481,117482,117481,2937.031058,2937.031058,2016-09-01T14:57:23.833480,2016-09-01T15:46:20.864538,2016-09-01T15:24:24.171000,8228.6574,208.80237022468413,1.2929214356674192,1.3221100156970496,2.337063981478122,0.08254144155096904,15.663906655531875,0.5532246639005945,117481,117482,117481,True,0.23186728066666099,False,False,infrasound,N4,I49A,EP,BDF,1718.1631688868868,353.8994648401352,0.2,1.0,0.2,1.0,Pa,False
tropospheric,2016-09-01T14:29:25.696000,-0.006735,25446,25446,25446,636.151699,636.151699,2016-09-01T14:29:25.689265,2016-09-01T14:40:01.840964,2016-09-01T14:37:22.521000,5407.0074,319.13429279380557,0.037373373956025274,0.020467708340366503,0.04244622644872197,0.005923977148736529,6.3088315531393135,0.8804875505523427,25446,25446,25446,True,0.23736540124184544,False,False,infrasound,N4,L64A,EP,BDF,1725.5614827298734,28.132957325065775,0.2,1.0,0.2,1.0,Pa,False
stratospheric,2016-09-01T14:40:01.846000,-0.005036,42818,42818,42818,1070.44757,1070.44757,2016-09-01T14:40:01.840964,2016-09-01T14:57:52.288534,2016-09-01T14:49:13.296000,6117.7824,282.05669471504467,0.064539538400873,0.03728852533628998,0.04244622644872197,0.0062754412809407035,10.284462161551508,1.5205012035366983,42818,42818,42818,True,0.2597038628614134,True,True,infrasound,N4,L64A,EP,BDF,1725.5614827298734,28.132957325065775,0.2,1.0,0.2,1.0,Pa,False
thermospheric_or_slow,2016-09-01T14:57:52.296000,-0.007466,117987,117987,117987,2949.677748,2949.677748,2016-09-01T14:57:52.288534,2016-09-01T15:47:01.966282,2016-09-01T15:31:40.196000,8664.6824,199.14884390106133,0.10023703021767034,0.1400693542883238,0.04244622644872197,0.006297095072101713,15.91797949212403,0.7156242757522737,117987,117987,117987,True,0.2634188512293727,False,False,infrasound,N4,L64A,EP,BDF,1725.5614827298734,28.132957325065775,0.2,1.0,0.2,1.0,Pa,False
tropospheric,2016-09-01T14:29:54.321000,-0.021616,25593,25594,25593,639.843327,639.843327,2016-09-01T14:29:54.299384,2016-09-01T14:40:34.142711,2016-09-01T14:38:11.196000,5455.6824,318.1224450271146,0.02945864642435147,0.04135324905049318,0.08862400410218291,0.010448894194966746,2.819307562568847,0.3324003098572012,25593,25594,25593,True,0.2516313054350799,False,False,infrasound,N4,K62A,EP,BDF,1735.5750243793966,23.427219304005273,0.2,1.0,0.2,1.0,Pa,False
stratospheric,2016-09-01T14:40:34.146000,-0.003289,43067,43067,43066,1076.659444,1076.659444,2016-09-01T14:40:34.142711,2016-09-01T14:58:30.802155,2016-09-01T14:55:54.946000,6519.4324,266.21566386352845,0.11130653665348103,0.04135324905049318,0.14886150666302567,0.010367708938010254,10.73588555764787,0.7477187296340017,43067,43067,43066,True,0.23126755984860797,False,False,infrasound,N4,K62A,EP,BDF,1735.5750243793966,23.427219304005273,0.2,1.0,0.2,1.0,Pa,False
thermospheric_or_slow,2016-09-01T14:58:30.821000,-0.018845,118672,118672,118671,2966.794913,2966.794913,2016-09-01T14:58:30.802155,2016-09-01T15:47:57.597069,2016-09-01T15:05:57.046000,7121.5324,243.70808512777342,0.08545099897186106,0.047144570725924505,0.37004094180913993,0.008304671384797185,10.289509965233613,0.23092309341255288,118672,118672,118671,True,0.24234865848725898,False,False,infrasound,N4,K62A,EP,BDF,1735.5750243793966,23.427219304005273,0.2,1.0,0.2,1.0,Pa,False
tropospheric,2016-09-01T14:30:08.721000,-0.024093,25668,25669,25668,641.701072,641.701072,2016-09-01T14:30:08.696907,2016-09-01T14:40:50.397979,2016-09-01T14:35:55.696000,5320.1824,327.1718949808229,0.041018555139824886,0.03132253618364519,0.08157971450654904,0.0027486069649510746,14.923397802186322,0.5028033670862136,25668,25669,25668,True,0.19791179678977713,False,False,infrasound,N4,J59A,EP,BDF,1740.614157451622,16.580021454520587,0.2,1.0,0.2,1.0,Pa,False
stratospheric,2016-09-01T14:40:50.421000,-0.023021,43191,43192,43192,1079.785457,1079.785457,2016-09-01T14:40:50.397979,2016-09-01T14:58:50.183436,2016-09-01T14:46:59.746000,5984.2324,290.8667379715437,0.04927612755208535,0.03132253618364519,0.08157971450654904,0.0026026178624642187,18.93329338231375,0.6040242706185197,43191,43192,43192,True,0.2250468847676599,False,False,infrasound,N4,J59A,EP,BDF,1740.614157451622,16.580021454520587,0.2,1.0,0.2,1.0,Pa,False
thermospheric_or_slow,2016-09-01T14:58:50.196000,-0.012564,119016,119017,119017,2975.408816,2975.408816,2016-09-01T14:58:50.183436,2016-09-01T15:48:25.592253,2016-09-01T15:34:14.796000,8819.2824,197.36460162015248,0.05386592764847003,0.04172116035019795,0.08157971450654904,0.0014334433509597573,37.57799539996071,0.6602858072535397,119016,119017,119017,True,0.2386233783692949,False,False,infrasound,N4,J59A,EP,BDF,1740.614157451622,16.580021454520587,0.2,1.0,0.2,1.0,Pa,False
tropospheric,2016-09-01T14:30:28.666680,-0.189551,645,644,644,644.253359,644.253359,2016-09-01T14:30:28.477129,2016-09-01T14:41:12.730488,2016-09-01T14:38:41.666680,5486.15308,318.53599594262397,1.149304727567391,0.8251856698864911,0.7909906456225881,0.2060858035469849,5.576826291702157,1.3927831874800787,645,644,644,True,0.22170542635658913,True,True,infrasound,IU,HRV,30,LDO,1747.5372352314942,25.326023782905676,0.2,1.0,0.2,0.30000000000000004,Pa,False
stratospheric,2016-09-01T14:41:13.666680,-0.936192,1084,1084,1084,1084.080171,1084.080171,2016-09-01T14:41:12.730488,2016-09-01T14:59:16.810659,2016-09-01T14:48:47.666680,6092.15308,286.85051282911854,1.3487212791392271,0.8367711782915128,0.8654545993436511,0.20154142914189468,6.692029945811606,1.5583963389438091,1084,1084,1084,True,0.235239852398524,True,True,infrasound,IU,HRV,30,LDO,1747.5372352314942,25.326023782905676,0.2,1.0,0.2,0.30000000000000004,Pa,False
thermospheric_or_slow,2016-09-01T14:59:17.666680,-0.856021,2987,2987,2987,2987.243137,2987.243137,2016-09-01T14:59:16.810659,2016-09-01T15:49:04.053796,2016-09-01T15:02:19.666680,6904.15308,253.11391780894493,0.996148327269757,1.0576873449649233,0.8654545993436511,0.18061495037939698,5.515314901547536,0.9418173830025288,2987,2987,2987,True,0.23367927686642118,False,False,infrasound,IU,HRV,30,LDO,1747.5372352314942,25.326023782905676,0.2,1.0,0.2,0.30000000000000004,Pa,False
tropospheric,2016-09-01T14:30:46.446000,-0.022161,25862,25863,25862,646.569063,646.569063,2016-09-01T14:30:46.423839,2016-09-01T14:41:32.992902,2016-09-01T14:37:35.121000,5419.6074,323.60620508132115,1.60082693136173,1.3456931921096684,1.757909376611569,0.19141491141642825,8.363125524108664,0.9106424669327262,25862,25863,25862,True,0.22581393550382797,False,False,infrasound,N4,T35B,EP,BDF,1753.8185837446458,305.9646681163505,0.2,1.0,0.2,1.0,Pa,False
stratospheric,2016-09-01T14:41:32.996000,-0.003098,43519,43519,43519,1087.976789,1087.976789,2016-09-01T14:41:32.992902,2016-09-01T14:59:40.969691,2016-09-01T14:42:19.671000,5704.1574,307.46321687137277,1.4805934039262814,1.3456931921096684,1.757909376611569,0.1904013707077004,7.776169879571154,0.8422467185311773,43519,43519,43519,True,0.26379282612192373,False,False,infrasound,N4,T35B,EP,BDF,1753.8185837446458,305.9646681163505,0.2,1.0,0.2,1.0,Pa,False
thermospheric_or_slow,2016-09-01T14:59:40.971000,-0.001309,119920,119920,119919,2997.980485,2997.980485,2016-09-01T14:59:40.969691,2016-09-01T15:49:38.950176,2016-09-01T15:11:36.046000,7460.5324,235.07954790795438,1.9453615737675556,1.7737746921666848,2.2078135002931645,0.18280964703676475,10.641460148852675,0.8811258620844744,119920,119920,119919,True,0.2781854569713142,False,False,infrasound,N4,T35B,EP,BDF,1753.8185837446458,305.9646681163505,0.2,1.0,0.2,1.0,Pa,False
tropospheric,2016-09-01T14:32:01.671000,-0.012943,26251,26251,26251,656.276704,656.276704,2016-09-01T14:32:01.658057,2016-09-01T14:42:57.934761,2016-09-01T14:37:36.396000,5420.8824,328.3875997734089,0.1242484048702352,0.11717450035208712,0.1378277467189804,0.006369759743171957,19.50597979828405,0.9014759932451599,26251,26251,26251,True,0.24684773913374725,False,False,infrasound,N4,L40A,EP,BDF,1780.1505599899167,330.0966482158728,0.2,1.0,0.2,1.0,Pa,False
stratospheric,2016-09-01T14:42:57.946000,-0.011239,44173,44172,44173,1104.311762,1104.311762,2016-09-01T14:42:57.934761,2016-09-01T15:01:22.246523,2016-09-01T14:49:02.946000,6107.4324,291.4728225219352,0.24156531777901927,0.11717450035208712,0.1378277467189804,0.006258063561942852,38.60064944818552,1.752661010061721,44173,44172,44173,True,0.2698480972539787,True,True,infrasound,N4,L40A,EP,BDF,1780.1505599899167,330.0966482158728,0.2,1.0,0.2,1.0,Pa,False
thermospheric_or_slow,2016-09-01T15:01:22.271000,-0.024477,121719,121720,121720,3042.99241,3042.99241,2016-09-01T15:01:22.246523,2016-09-01T15:52:05.238933,2016-09-01T15:36:47.321000,8971.8074,198.4160471378283,0.5710796729790131,0.28970528246401017,0.19699532221469238,0.0055518381495055814,102.86317028710042,1.9712435621534026,121719,121720,121720,True,0.24581207535388885,True,True,infrasound,N4,L40A,EP,BDF,1780.1505599899167,330.0966482158728,0.2,1.0,0.2,1.0,Pa,False
tropospheric,2016-09-01T14:32:04.521000,-0.005521,26266,26266,26266,656.645404,656.645404,2016-09-01T14:32:04.515479,2016-09-01T14:43:01.160882,2016-09-01T14:35:38.246000,5302.7324,335.89299311282474,0.19107349592612632,0.2329973477662851,0.7035516107122199,0.0299877748231921,6.371713041487591,0.27158419228505304,26266,26266,26266,True,0.318282189903297,False,False,infrasound,N4,N38B,EP,BDF,1781.1506575123526,322.9354178885808,0.2,1.0,0.2,1.0,Pa,False
stratospheric,2016-09-01T14:43:01.171000,-0.010118,44197,44197,44198,1104.93217,1104.93217,2016-09-01T14:43:01.160882,2016-09-01T15:01:26.093052,2016-09-01T14:59:01.871000,6706.3574,265.5913711834613,0.26192233814803934,0.2329973477662851,0.7035516107122199,0.026139801028422168,10.020058601947564,0.37228589084301844,44197,44197,44198,True,0.24707559336606558,False,False,infrasound,N4,N38B,EP,BDF,1781.1506575123526,322.9354178885808,0.2,1.0,0.2,1.0,Pa,False
thermospheric_or_slow,2016-09-01T15:01:26.096000,-0.002948,121788,121788,121789,3044.701979,3044.701979,2016-09-01T15:01:26.093052,2016-09-01T15:52:10.795031,2016-09-01T15:44:30.221000,9434.7074,188.78705846376886,0.5125306563331483,0.2329973477662851,1.027773738580072,0.013378715275783513,38.3094075752451,0.49868043626142716,121788,121788,121789,True,0.24600124807041743,False,False,infrasound,N4,N38B,EP,BDF,1781.1506575123526,322.9354178885808,0.2,1.0,0.2,1.0,Pa,False
tropospheric,2016-09-01T14:32:28.546000,-0.004687,26390,26390,26390,659.745511,659.745511,2016-09-01T14:32:28.541313,2016-09-01T14:43:28.286824,2016-09-01T14:43:28.271000,5772.7574,310.00084976780136,0.408728631168494,1.181081645090736,0.3851181156699426,0.04989315527134809,8.192078230883359,0.34606297783680623,26390,26390,26390,True,0.27586206896551724,False,False,infrasound,N4,I45A,EP,BDF,1789.5596995033638,345.145928303576,0.2,1.0,0.2,1.0,Pa,False
stratospheric,2016-09-01T14:43:28.296000,-0.009176,44406,44406,44406,1110.148697,1110.148697,2016-09-01T14:43:28.286824,2016-09-01T15:01:58.435521,2016-09-01T14:47:04.021000,5988.5074,298.8323433487556,0.9840978695623848,1.181081645090736,0.3851181156699426,0.03497076616150785,28.14058648350623,0.8332174779388617,44406,44406,44406,True,0.27924154393550416,False,False,infrasound,N4,I45A,EP,BDF,1789.5596995033638,345.145928303576,0.2,1.0,0.2,1.0,Pa,False
thermospheric_or_slow,2016-09-01T15:01:58.446000,-0.010479,122363,122363,122363,3059.076409,3059.076409,2016-09-01T15:01:58.435521,2016-09-01T15:52:57.511931,2016-09-01T15:02:44.471000,6928.9574,258.2725792921405,1.2361406498665426,1.181081645090736,0.7079063526379432,0.027188779697589014,45.46510228173861,1.0466174417362795,122363,122363,122363,True,0.24615284031937756,False,False,infrasound,N4,I45A,EP,BDF,1789.5596995033638,345.145928303576,0.2,1.0,0.2,1.0,Pa,False
tropospheric,2016-09-01T14:32:32.346000,-0.013785,26409,26409,26409,660.23466,660.23466,2016-09-01T14:32:32.332215,2016-09-01T14:43:32.566875,2016-09-01T14:38:06.621000,5451.1074,328.53627416936627,0.012699677728235076,0.006912880920615434,0.007333424494518111,0.0007767180072995344,16.3504355620502,1.7317527081281536,26409,26409,26409,True,0.32867583020939833,True,True,infrasound,N4,J61A,EP,BDF,1790.8865152930612,21.524103150194613,0.2,1.0,0.2,1.0,Pa,False
stratospheric,2016-09-01T14:43:32.571000,-0.004125,44439,44439,44439,1110.971784,1110.971784,2016-09-01T14:43:32.566875,2016-09-01T15:02:03.538659,2016-09-01T14:59:20.696000,6725.1824,266.2956049033051,0.022043889852052106,0.011642109348680272,0.007333424494518111,0.000809591229548748,27.22841978456089,1.8934618454301808,44439,44439,44439,True,0.22232723508629804,True,True,infrasound,N4,J61A,EP,BDF,1790.8865152930612,21.524103150194613,0.2,1.0,0.2,1.0,Pa,False
thermospheric_or_slow,2016-09-01T15:02:03.546000,-0.007341,122454,122454,122454,3061.344471,3061.344471,2016-09-01T15:02:03.538659,2016-09-01T15:53:04.883129,2016-09-01T15:06:40.971000,7165.4574,249.93331413749823,0.016093446703934047,0.011642109348680272,0.007333424494518111,0.00037009225732358196,43.48495918373969,1.382348011166754,122454,122454,122454,True,0.26556911166642166,True,True,infrasound,N4,J61A,EP,BDF,1790.8865152930612,21.524103150194613,0.2,1.0,0.2,1.0,Pa,False
P_candidate,2016-09-01T13:07:27.744538,-0.020585,814,814,814,20.350589,20.350589,2016-09-01T13:07:27.723953,2016-09-01T13:07:48.074542,2016-09-01T13:07:46.994538,31.480938,3102.9198449622854,9.153245692809348e-07,1.065298814536833e-06,6.947923433677207e-07,3.4153832189011005e-07,2.680005465317712,0.8592186124593563,814,814,814,True,0.5405405405405405,False,False,seismic,IU,DWPF,10,BHZ,97.68282725822732,239.3800458947381,0.5,5.0,0.5,5.0,m/s,True
S_candidate,2016-09-01T13:07:37.244538,-0.023643,1736,1737,1736,43.41459,43.41459,2016-09-01T13:07:37.220895,2016-09-01T13:08:20.635485,2016-09-01T13:08:07.144538,51.630938,1891.9436880698802,1.4403262160429876e-06,1.1975616295326239e-06,7.900679628839067e-07,3.484109820676825e-07,4.133986269592355,1.2027157354775204,1736,1737,1736,True,3.0645161290322576,False,False,seismic,IU,DWPF,10,BHZ,97.68282725822732,239.3800458947381,0.5,5.0,0.5,5.0,m/s,True
surface_candidate,2016-09-01T13:07:43.444538,-0.021559,6698,6699,6698,167.456275,167.456275,2016-09-01T13:07:43.422979,2016-09-01T13:10:30.879255,2016-09-01T13:09:21.344538,125.830938,776.3021464421358,1.6390180580178546e-06,1.4371765524509619e-06,1.0372752355659187e-06,2.582506522997074e-07,6.346617301534349,1.140443082808909,6698,6699,6698,True,0.5733054643177067,False,False,seismic,IU,DWPF,10,BHZ,97.68282725822732,239.3800458947381,0.5,5.0,0.5,5.0,m/s,True
ground_coupled_airwave,2016-09-01T13:11:32.594538,-0.020866,2742,2742,2742,68.549352,68.549352,2016-09-01T13:11:32.573672,2016-09-01T13:12:41.123024,2016-09-01T13:11:32.594538,257.080938,379.9691568661824,1.0429415231190955e-06,1.1975616295326239e-06,8.476284730677744e-07,3.417804828874443e-07,3.05149525891026,0.8708875580174755,2742,2742,2742,True,0.5397520058351568,False,False,seismic,IU,DWPF,10,BHZ,97.68282725822732,239.3800458947381,0.5,5.0,0.5,5.0,m/s,True
P_candidate,2016-09-01T13:07:36.820000,-0.004596,3550,3550,3550,35.503006,35.503006,2016-09-01T13:07:36.815404,2016-09-01T13:08:12.318410,2016-09-01T13:07:52.390000,36.8764,4621.232785241812,1.3833841808518e-06,1.8517874464657843e-06,1.3781948982019362e-06,4.5460072003684723e-07,3.0430752083711416,0.7470534393631667,3550,3550,3550,True,0.619718309859155,False,False,seismic,N4,060A,,HHZ,170.41442868169113,172.79423978290907,0.5,5.0,0.5,5.0,m/s,False
S_candidate,2016-09-01T13:07:53.390000,-0.006527,7574,7574,7574,75.739746,75.739746,2016-09-01T13:07:53.383473,2016-09-01T13:09:09.123219,2016-09-01T13:08:53.500000,97.9864,1739.1640950345266,2.0511659163508846e-06,1.8517874464657843e-06,1.5194455223222714e-06,4.754136572734739e-07,4.314486731648488,1.107668118317587,7574,7574,7574,True,0.8053868497491419,False,False,seismic,N4,060A,,HHZ,170.41442868169113,172.79423978290907,0.5,5.0,0.5,5.0,m/s,False
surface_candidate,2016-09-01T13:08:04.210000,-0.006563,29214,29214,29214,292.139021,292.139021,2016-09-01T13:08:04.203437,2016-09-01T13:12:56.342457,2016-09-01T13:08:53.500000,97.9864,1739.1640950345266,2.0511659163508846e-06,1.9483028958722894e-06,1.971009239964882e-06,3.948241100529773e-07,5.19513845310931,1.040667833899871,29214,29214,29214,True,0.7325255014718971,False,False,seismic,N4,060A,,HHZ,170.41442868169113,172.79423978290907,0.5,5.0,0.5,5.0,m/s,False
ground_coupled_airwave,2016-09-01T13:14:43.980000,-0.007377,11959,11959,11959,119.589073,119.589073,2016-09-01T13:14:43.972623,2016-09-01T13:16:43.561696,2016-09-01T13:15:08.950000,473.4364,359.9521048269443,1.798072640355244e-06,1.8517874464657843e-06,1.603932889076555e-06,4.946771316814688e-07,3.6348408390001223,0.9709929958683664,11959,11959,11959,True,0.6689522535329041,False,False,seismic,N4,060A,,HHZ,170.41442868169113,172.79423978290907,0.5,5.0,0.5,5.0,m/s,False
P_candidate,2016-09-01T13:07:41.860000,-0.005583,4390,4390,4390,43.901361,43.901361,2016-09-01T13:07:41.854417,2016-09-01T13:08:25.755778,2016-09-01T13:08:24.710000,69.1964,3045.3395507122623,5.98967184158635e-07,7.167118013763431e-07,7.789059150460189e-07,2.3739979224164723e-07,2.523031627377969,0.7689852812624322,4390,4390,4390,True,0.5239179954441914,False,False,seismic,N4,656A,,HHZ,210.72653368690598,295.5861346961097,0.5,5.0,0.5,5.0,m/s,False
S_candidate,2016-09-01T13:08:02.350000,-0.008281,9365,9366,9366,93.656237,93.656237,2016-09-01T13:08:02.341719,2016-09-01T13:09:35.997956,2016-09-01T13:09:29.550000,134.0364,1572.1590082015482,8.413060809391746e-07,7.167118013763431e-07,7.789059150460189e-07,2.235452153392338e-07,3.7634716523119396,1.0801125844441288,9365,9366,9366,True,0.6300053390282968,False,False,seismic,N4,656A,,HHZ,210.72653368690598,295.5861346961097,0.5,5.0,0.5,5.0,m/s,False
surface_candidate,2016-09-01T13:08:15.730000,-0.008819,36124,36125,36125,361.245486,361.245486,2016-09-01T13:08:15.721181,2016-09-01T13:14:16.966667,2016-09-01T13:14:16.960000,421.4464,500.0079101088679,8.413060809391746e-07,7.167118013763431e-07,7.789059150460189e-07,1.614512407046127e-07,5.210898827828817,1.0801125844441288,36124,36125,36125,True,0.5647215147824162,False,False,seismic,N4,656A,,HHZ,210.72653368690598,295.5861346961097,0.5,5.0,0.5,5.0,m/s,False
ground_coupled_airwave,2016-09-01T13:16:30.060000,-0.00289,14788,14788,14788,147.878269,147.878269,2016-09-01T13:16:30.057110,2016-09-01T13:18:57.935379,2016-09-01T13:17:54.830000,639.3164,329.61227599809104,9.647425199041374e-07,7.167118013763431e-07,7.789059150460189e-07,2.047668719799147e-07,4.711418944753757,1.2385867166603028,14788,14788,14788,True,0.5950770895320531,False,False,seismic,N4,656A,,HHZ,210.72653368690598,295.5861346961097,0.5,5.0,0.5,5.0,m/s,False
P_candidate,2016-09-01T13:07:50.220000,-0.008355,5783,5783,5783,57.830074,57.830074,2016-09-01T13:07:50.211645,2016-09-01T13:08:48.041719,2016-09-01T13:07:57.900000,42.3864,6548.901449363943,1.1860479916351128e-06,1.3716766521097237e-06,1.3089369707139958e-06,3.55593772207921e-07,3.3354014730652053,0.8646702484954435,5783,5783,5783,True,1.7292062943109112,False,False,seismic,N4,456A,,HHZ,277.58435639331987,330.08469329594095,0.5,5.0,0.5,5.0,m/s,False
S_candidate,2016-09-01T13:08:17.200000,-0.000987,12337,12337,12337,123.370825,123.370825,2016-09-01T13:08:17.199013,2016-09-01T13:10:20.569838,2016-09-01T13:10:19.040000,183.5264,1512.5036855369028,1.4087602247389023e-06,1.3716766521097237e-06,1.3251070309904711e-06,3.3305409265305896e-07,4.2298240910866145,1.027035214583657,12337,12337,12337,True,2.4154980951608978,False,False,seismic,N4,456A,,HHZ,277.58435639331987,330.08469329594095,0.5,5.0,0.5,5.0,m/s,False
surface_candidate,2016-09-01T13:08:34.830000,-0.006584,47586,47586,47586,475.858897,475.858897,2016-09-01T13:08:34.823416,2016-09-01T13:16:30.682313,2016-09-01T13:14:37.080000,441.5664,628.6355945409792,1.6653953367978068e-06,1.5459286938290844e-06,1.7197916708374052e-06,2.761238181101283e-07,6.031335319771603,0.9683703933668246,47586,47586,47586,True,0.45181355860967515,False,False,seismic,N4,456A,,HHZ,277.58435639331987,330.08469329594095,0.5,5.0,0.5,5.0,m/s,False
ground_coupled_airwave,2016-09-01T13:19:26,-0.001252,19480,19480,19480,194.79604,194.79604,2016-09-01T13:19:25.998748,2016-09-01T13:22:40.794788,2016-09-01T13:20:37.100000,801.5864,346.29374499532406,2.8743492888986382e-06,1.5459286938290844e-06,1.7197916708374052e-06,3.6526681259093896e-07,7.86917724200039,1.6713357423687563,19480,19480,19480,True,2.448665297741273,True,True,seismic,N4,456A,,HHZ,277.58435639331987,330.08469329594095,0.5,5.0,0.5,5.0,m/s,False
P_candidate,2016-09-01T13:07:53.090000,-0.008606,6261,6262,6261,62.612989,62.612989,2016-09-01T13:07:53.081394,2016-09-01T13:08:55.694383,2016-09-01T13:08:42.360000,86.8464,3460.619541898048,1.3260195189200304e-06,1.432501679241418e-06,1.4918029919783787e-06,4.4636363723083087e-07,2.970715820729585,0.888870397800656,6261,6262,6261,True,0.7826225842517169,False,False,seismic,N4,061Z,,HHZ,300.5423489834946,186.3168496798582,0.5,5.0,0.5,5.0,m/s,False
S_candidate,2016-09-01T13:08:22.310000,-0.009211,13357,13358,13357,133.574377,133.574377,2016-09-01T13:08:22.300789,2016-09-01T13:10:35.875166,2016-09-01T13:09:00.270000,104.7564,2868.96408222786,1.4685409563649282e-06,1.5453621948454807e-06,1.630102718341843e-06,4.718512473247778e-07,3.112296438106316,0.9008886003568799,13357,13358,13357,True,0.6962641311671783,False,False,seismic,N4,061Z,,HHZ,300.5423489834946,186.3168496798582,0.5,5.0,0.5,5.0,m/s,False
surface_candidate,2016-09-01T13:08:41.390000,-0.007157,51521,51522,51521,515.215455,515.215455,2016-09-01T13:08:41.382843,2016-09-01T13:17:16.598298,2016-09-01T13:09:00.270000,104.7564,2868.96408222786,1.4685409563649282e-06,1.6777918540500312e-06,1.6980635852377353e-06,3.598507215172798e-07,4.080972660476963,0.8648327242464993,51521,51522,51521,True,0.6870984647037129,False,False,seismic,N4,061Z,,HHZ,300.5423489834946,186.3168496798582,0.5,5.0,0.5,5.0,m/s,False
ground_coupled_airwave,2016-09-01T13:20:26.420000,-0.005482,21091,21091,21090,210.906912,210.906912,2016-09-01T13:20:26.414518,2016-09-01T13:23:57.321430,2016-09-01T13:20:27.200000,791.6864,379.6229782190203,1.3524230713128062e-06,1.6777918540500312e-06,1.6980635852377353e-06,4.546875595773536e-07,2.9744008667620596,0.7964501936618951,21091,21091,21090,True,0.7728414963728605,False,False,seismic,N4,061Z,,HHZ,300.5423489834946,186.3168496798582,0.5,5.0,0.5,5.0,m/s,False
P_candidate,2016-09-01T13:08:03.120000,-0.009564,7932,7933,7933,79.328061,79.328061,2016-09-01T13:08:03.110436,2016-09-01T13:09:22.438497,2016-09-01T13:08:37.880000,82.3664,4622.937149814615,1.99782074429269e-06,2.9470219722524412e-06,3.623519074017691e-06,7.604225074510761e-07,2.6272509357848346,0.5513482069455601,7932,7933,7933,True,0.6177508825012606,False,False,seismic,N4,257A,,HHZ,380.7746904564904,353.59856379226915,0.5,5.0,0.5,5.0,m/s,False
S_candidate,2016-09-01T13:08:40.140000,-0.009802,16923,16924,16923,169.233196,169.233196,2016-09-01T13:08:40.130198,2016-09-01T13:11:29.363394,2016-09-01T13:09:41.620000,146.1064,2606.1465511195292,2.347565530577749e-06,2.9470219722524412e-06,3.623519074017691e-06,6.989841216050161e-07,3.3585391398981135,0.6478689590489203,16923,16924,16923,True,0.6618211900963187,False,False,seismic,N4,257A,,HHZ,380.7746904564904,353.59856379226915,0.5,5.0,0.5,5.0,m/s,False
surface_candidate,2016-09-01T13:09:04.310000,-0.003631,65276,65276,65275,652.756612,652.756612,2016-09-01T13:09:04.306369,2016-09-01T13:19:57.062981,2016-09-01T13:17:04.850000,589.3364,646.1075379978064,2.470433704002379e-06,3.5691062472891255e-06,3.623519074017691e-06,6.268578512999347e-07,3.9409791213101397,0.6817774802722943,65276,65276,65275,True,0.5821435136956922,False,False,seismic,N4,257A,,HHZ,380.7746904564904,353.59856379226915,0.5,5.0,0.5,5.0,m/s,False
ground_coupled_airwave,2016-09-01T13:23:57.560000,-0.007741,26721,26721,26721,267.210309,267.210309,2016-09-01T13:23:57.552259,2016-09-01T13:28:24.762568,2016-09-01T13:26:54.900000,1179.3864,322.8583019581118,3.136364395575674e-06,2.9470219722524412e-06,3.623519074017691e-06,7.211932649665177e-07,4.348854250214446,0.8655575785608135,26721,26721,26721,True,0.5538714868455522,False,False,seismic,N4,257A,,HHZ,380.7746904564904,353.59856379226915,0.5,5.0,0.5,5.0,m/s,False
P_candidate,2016-09-01T13:08:07.430000,-0.0039,8652,8652,8652,86.520834,86.520834,2016-09-01T13:08:07.426100,2016-09-01T13:09:33.946934,2016-09-01T13:09:11.180000,115.6664,3590.4982193253204,2.088841313596165e-06,6.079956744752292e-07,9.133256296689547e-07,1.9650382371907646e-07,10.630028841486517,2.2870718238283643,8652,8652,8652,True,0.6356911696717522,True,True,seismic,N4,255A,,HHZ,415.3000032357702,334.3699071311997,0.5,5.0,0.5,5.0,m/s,False
S_candidate,2016-09-01T13:08:47.810000,-0.00751,18458,18458,18458,184.577779,184.577779,2016-09-01T13:08:47.802490,2016-09-01T13:11:52.380269,2016-09-01T13:09:11.180000,115.6664,3590.4982193253204,2.088841313596165e-06,9.807691696940913e-07,1.017597070392512e-06,2.085509421274623e-07,10.015976395443497,2.0527194646801097,18458,18458,18458,True,2.389207931520208,True,True,seismic,N4,255A,,HHZ,415.3000032357702,334.3699071311997,0.5,5.0,0.5,5.0,m/s,False
surface_candidate,2016-09-01T13:09:14.180000,-0.009256,71194,71194,71194,711.942863,711.942863,2016-09-01T13:09:14.170744,2016-09-01T13:21:06.113606,2016-09-01T13:20:49.360000,813.8464,510.29285530509225,1.7050333684204639e-06,1.3634773933730591e-06,1.017597070392512e-06,1.9499528264830628e-07,8.743972393915108,1.250503584956727,71194,71194,71194,True,0.5183021041098969,True,True,seismic,N4,255A,,HHZ,415.3000032357702,334.3699071311997,0.5,5.0,0.5,5.0,m/s,False
ground_coupled_airwave,2016-09-01T13:25:28.410000,-0.001655,29144,29144,29144,291.438599,291.438599,2016-09-01T13:25:28.408345,2016-09-01T13:30:19.846944,2016-09-01T13:28:29.440000,1273.9264,325.9999975161596,1.1602404039034098e-06,9.807691696940913e-07,1.017597070392512e-06,2.1115585983965096e-07,5.494710896417847,1.140176635390545,29144,29144,29144,True,2.31265440570958,False,False,seismic,N4,255A,,HHZ,415.3000032357702,334.3699071311997,0.5,5.0,0.5,5.0,m/s,False
P_candidate,2016-09-01T13:08:09.450000,-0.003649,8989,8989,8988,89.887918,89.887918,2016-09-01T13:08:09.446351,2016-09-01T13:09:39.334268,2016-09-01T13:08:43.710000,88.1964,4892.05914489476,3.2584977394924435e-06,3.4804531552152937e-06,4.100326474498353e-06,6.80755935372677e-07,4.786587336485862,0.7946922665203381,8989,8989,8988,True,3.9826454555567916,False,False,seismic,TA,TIGA,,HHZ,431.46200516679613,318.3969686873731,0.5,5.0,0.5,5.0,m/s,False
S_candidate,2016-09-01T13:08:51.400000,-0.005954,19176,19176,19176,191.760891,191.760891,2016-09-01T13:08:51.394046,2016-09-01T13:12:03.154937,2016-09-01T13:10:45.320000,209.8064,2056.476852788076,3.827581350414448e-06,5.061303478538151e-06,4.679452668924151e-06,6.763644341994647e-07,5.659051772798668,0.7562441901863516,19176,19176,19176,True,3.353149770546517,False,False,seismic,TA,TIGA,,HHZ,431.46200516679613,318.3969686873731,0.5,5.0,0.5,5.0,m/s,False
surface_candidate,2016-09-01T13:09:18.790000,-0.001541,73965,73965,73964,739.649152,739.649152,2016-09-01T13:09:18.788459,2016-09-01T13:21:38.437610,2016-09-01T13:10:45.320000,209.8064,2056.476852788076,3.827581350414448e-06,5.061303478538151e-06,4.679452668924151e-06,5.391964859503287e-07,7.098676364087151,0.7562441901863516,73965,73965,73964,True,3.2704657608328263,False,False,seismic,TA,TIGA,,HHZ,431.46200516679613,318.3969686873731,0.5,5.0,0.5,5.0,m/s,False
ground_coupled_airwave,2016-09-01T13:26:10.940000,-7.1e-05,30279,30278,30278,302.780355,302.780355,2016-09-01T13:26:10.939929,2016-09-01T13:31:13.720284,2016-09-01T13:30:10.490000,1374.9764,313.7959350915377,5.031795594143874e-06,5.061303478538151e-06,4.679452668924151e-06,5.906937765633091e-07,8.51845032703604,0.9941699041522799,30279,30278,30278,True,3.632880874533505,False,False,seismic,TA,TIGA,,HHZ,431.46200516679613,318.3969686873731,0.5,5.0,0.5,5.0,m/s,False
P_candidate,2016-09-01T13:08:17.998391,-0.0005,10414,10414,10414,104.140486,104.140486,2016-09-01T13:08:17.997891,2016-09-01T13:10:02.138377,2016-09-01T13:09:32.428391,136.914791,3650.988523000753,9.093554194244764e-07,8.218243696705061e-07,9.347819492989072e-07,2.477950939669321e-07,3.669787826977028,0.9727995069935819,10414,10414,10414,True,0.5377376608411754,False,False,seismic,CO,SUMMV,00,HHZ,499.8743305700468,3.193685661707232,0.5,5.0,0.5,5.0,m/s,False
S_candidate,2016-09-01T13:09:06.598391,-0.001606,22217,22216,22216,222.166369,222.166369,2016-09-01T13:09:06.596785,2016-09-01T13:12:48.763154,2016-09-01T13:09:32.428391,136.914791,3650.988523000753,9.335398274810896e-07,8.503242403803142e-07,9.347819492989072e-07,2.708916319491239e-07,3.4461744748779006,0.9986712175831495,22217,22216,22216,True,0.6031417383085025,False,False,seismic,CO,SUMMV,00,HHZ,499.8743305700468,3.193685661707232,0.5,5.0,0.5,5.0,m/s,False
surface_candidate,2016-09-01T13:09:38.338391,-0.003554,85693,85692,85693,856.927424,856.927424,2016-09-01T13:09:38.334837,2016-09-01T13:23:55.262261,2016-09-01T13:19:41.988391,746.474791,669.646633211016,1.2212409742916957e-06,1.2137173724556688e-06,9.93504227352764e-07,2.2049594807775393e-07,5.538609597764794,1.0061988087233231,85693,85692,85693,True,0.5694747528969694,False,False,seismic,CO,SUMMV,00,HHZ,499.8743305700468,3.193685661707232,0.5,5.0,0.5,5.0,m/s,False
ground_coupled_airwave,2016-09-01T13:29:10.978391,-0.006026,35079,35078,35079,350.789004,350.789004,2016-09-01T13:29:10.972365,2016-09-01T13:35:01.761369,2016-09-01T13:34:27.728391,1632.214791,306.25523878740955,1.129762966633824e-06,1.2137173724556688e-06,9.93504227352764e-07,2.6739654001907054e-07,4.225047065131247,0.9308287021944961,35079,35078,35079,True,0.5786938054106445,False,False,seismic,CO,SUMMV,00,HHZ,499.8743305700468,3.193685661707232,0.5,5.0,0.5,5.0,m/s,False
P_candidate,2016-09-01T13:08:18.700000,-0.022757,4210,4211,4211,105.272738,105.272738,2016-09-01T13:08:18.677243,2016-09-01T13:10:03.949981,2016-09-01T13:09:11.150000,115.6364,4369.810388918066,1.291989868926215e-06,1.0142882083090253e-06,1.1842542872747685e-06,2.9233661548082157e-07,4.419528038939667,1.090973351592731,4210,4211,4211,True,0.5985748218527316,False,False,seismic,US,NHSC,00,BHZ,505.309142057085,4.235430295915968,0.5,5.0,0.5,5.0,m/s,False
S_candidate,2016-09-01T13:09:07.825000,-0.02048,8983,8984,8983,224.581841,224.581841,2016-09-01T13:09:07.804520,2016-09-01T13:12:52.386361,2016-09-01T13:09:11.150000,115.6364,4369.810388918066,1.291989868926215e-06,1.0964781647370281e-06,1.1842542872747685e-06,2.803733004165449e-07,4.608105932364929,1.090973351592731,8983,8984,8983,True,0.6144940443059111,False,False,seismic,US,NHSC,00,BHZ,505.309142057085,4.235430295915968,0.5,5.0,0.5,5.0,m/s,False
surface_candidate,2016-09-01T13:09:39.900000,-0.012359,34650,34650,34649,866.244244,866.244244,2016-09-01T13:09:39.887641,2016-09-01T13:24:06.131884,2016-09-01T13:22:51.625000,936.1114,539.7959495601539,1.3575013474951734e-06,1.4797278783235976e-06,1.2069074400605774e-06,2.599612417961345e-07,5.221937463122854,0.917399318740351,34650,34650,34649,True,0.5956709956709957,False,False,seismic,US,NHSC,00,BHZ,505.309142057085,4.235430295915968,0.5,5.0,0.5,5.0,m/s,False
ground_coupled_airwave,2016-09-01T13:29:25.275000,-0.0005,14185,14185,14184,354.602907,354.602907,2016-09-01T13:29:25.274500,2016-09-01T13:35:19.877407,2016-09-01T13:31:59.800000,1484.2864,340.4391107114402,1.2154279649014667e-06,1.4797278783235976e-06,1.2069074400605774e-06,2.9856989893431086e-07,4.0708322213314485,0.8213861364012689,14185,14185,14184,True,0.6119139936552697,False,False,seismic,US,NHSC,00,BHZ,505.309142057085,4.235430295915968,0.5,5.0,0.5,5.0,m/s,False
P_candidate,2016-09-01T13:08:19.320000,-0.005721,10633,10634,10633,106.334465,106.334465,2016-09-01T13:08:19.314279,2016-09-01T13:10:05.648743,2016-09-01T13:08:27.070000,71.5564,7132.9109618409775,3.336782141573669e-07,4.0982254781009117e-07,3.9561492353897056e-07,1.226305091544291e-07,2.7210048825383626,0.814201697638147,10633,10634,10633,True,0.5642810119439481,False,False,seismic,N4,154A,,HHZ,510.40542994987766,332.2587604275699,0.5,5.0,0.5,5.0,m/s,False
S_candidate,2016-09-01T13:09:08.940000,-0.002971,22685,22685,22685,226.846858,226.846858,2016-09-01T13:09:08.937029,2016-09-01T13:12:55.783887,2016-09-01T13:10:38.950000,203.4364,2508.9189051215894,3.697454055182918e-07,4.0982254781009117e-07,3.9561492353897056e-07,1.2319631253819286e-07,3.0012700697000545,0.9022085473189463,22685,22685,22685,True,0.5245757108221292,False,False,seismic,N4,154A,,HHZ,510.40542994987766,332.2587604275699,0.5,5.0,0.5,5.0,m/s,False
surface_candidate,2016-09-01T13:09:41.350000,-0.006277,87498,87498,87498,874.980737,874.980737,2016-09-01T13:09:41.343723,2016-09-01T13:24:16.324460,2016-09-01T13:22:27.380000,911.8664,559.7370732706871,4.507898918923016e-07,8.754855583728184e-07,5.810541087018839e-07,1.0524109143564487e-07,4.283401908350224,0.5149027160769412,87498,87498,87498,True,0.5268691855813847,False,False,seismic,N4,154A,,HHZ,510.40542994987766,332.2587604275699,0.5,5.0,0.5,5.0,m/s,False
ground_coupled_airwave,2016-09-01T13:29:38.690000,-0.004216,35818,35818,35818,358.179249,358.179249,2016-09-01T13:29:38.685784,2016-09-01T13:35:36.865033,2016-09-01T13:30:46.510000,1410.9964,361.7340412419746,4.951017698098089e-07,4.6040786200396084e-07,5.810541087018839e-07,1.1899983632110852e-07,4.1605247966377785,0.8520751551278096,35818,35818,35818,True,0.5165000837567704,False,False,seismic,N4,154A,,HHZ,510.40542994987766,332.2587604275699,0.5,5.0,0.5,5.0,m/s,False
P_candidate,2016-09-01T13:08:21.730000,-0.002623,11036,11035,11036,110.356294,110.356294,2016-09-01T13:08:21.727377,2016-09-01T13:10:12.083671,2016-09-01T13:08:23.550000,68.0364,7785.688436305936,3.2581982625022755e-07,3.567754968492174e-07,4.5511745520234526e-07,1.1044271389222133e-07,2.95012513517359,0.7159027247271104,11036,11035,11036,True,0.516491482421167,False,False,seismic,N4,352A,,HHZ,529.7102127278853,308.692082551164,0.5,5.0,0.5,5.0,m/s,False
S_candidate,2016-09-01T13:09:13.230000,-0.003019,23543,23542,23543,235.426761,235.426761,2016-09-01T13:09:13.226981,2016-09-01T13:13:08.653742,2016-09-01T13:11:34.270000,258.7564,2047.1385933947345,3.513590321229992e-07,4.221931791283274e-07,4.5511745520234526e-07,1.1569758157576335e-07,3.036874473412527,0.7720183616486099,23543,23542,23543,True,0.5479335683642697,False,False,seismic,N4,352A,,HHZ,529.7102127278853,308.692082551164,0.5,5.0,0.5,5.0,m/s,False
surface_candidate,2016-09-01T13:09:46.860000,-0.000625,90808,90807,90807,908.07465,908.07465,2016-09-01T13:09:46.859375,2016-09-01T13:24:54.934025,2016-09-01T13:21:16.820000,841.3064,629.6281743819911,4.814248155302028e-07,4.221931791283274e-07,4.5867844074017623e-07,9.295355256345243e-08,5.17919759120094,1.0495911138821359,90808,90807,90807,True,0.5440049334860364,False,False,seismic,N4,352A,,HHZ,529.7102127278853,308.692082551164,0.5,5.0,0.5,5.0,m/s,False
ground_coupled_airwave,2016-09-01T13:30:29.490000,-0.002156,37173,37172,37173,371.726465,371.726465,2016-09-01T13:30:29.487844,2016-09-01T13:36:41.214309,2016-09-01T13:36:41.210000,1765.6964,300.0007321348592,5.068810534826957e-07,4.221931791283274e-07,4.5867844074017623e-07,1.1247929917337216e-07,4.506438582102158,1.1050902080000407,37173,37172,37173,True,0.5272644123422915,False,False,seismic,N4,352A,,HHZ,529.7102127278853,308.692082551164,0.5,5.0,0.5,5.0,m/s,False
P_candidate,2016-09-01T13:08:23.148393,-0.007197,11271,11271,11272,112.71266,112.71266,2016-09-01T13:08:23.141196,2016-09-01T13:10:15.853856,2016-09-01T13:08:47.738393,92.224793,5866.326710701334,1.4071446306242126e-07,1.1604321247328791e-07,1.0821252253764964e-07,3.9959319698884026e-08,3.5214429105095877,1.2126039952126666,11271,11271,11272,True,0.5767012687427913,False,False,seismic,CO,HAW,00,HHZ,541.0207665648014,349.75393103805646,0.5,5.0,0.5,5.0,m/s,False
S_candidate,2016-09-01T13:09:15.748393,-0.007956,24045,24046,24046,240.453674,240.453674,2016-09-01T13:09:15.740437,2016-09-01T13:13:16.194111,2016-09-01T13:12:04.348393,288.834793,1873.1149420935637,1.512915128492553e-07,1.4417127293151173e-07,1.214541291319552e-07,3.681137383577476e-08,4.109912157155737,1.0493873694319535,24045,24046,24046,True,0.5531295487627365,False,False,seismic,CO,HAW,00,HHZ,541.0207665648014,349.75393103805646,0.5,5.0,0.5,5.0,m/s,False
surface_candidate,2016-09-01T13:09:50.098393,-0.007431,92746,92747,92747,927.464171,927.464171,2016-09-01T13:09:50.090962,2016-09-01T13:25:17.555133,2016-09-01T13:12:04.348393,288.834793,1873.1149420935637,1.512915128492553e-07,1.4417127293151173e-07,1.25443529500516e-07,2.985539894107036e-08,5.067475840730845,1.0493873694319535,92746,92747,92747,True,0.6048778383973432,False,False,seismic,CO,HAW,00,HHZ,541.0207665648014,349.75393103805646,0.5,5.0,0.5,5.0,m/s,False
ground_coupled_airwave,2016-09-01T13:30:59.258393,-0.005934,37966,37967,37967,379.663696,379.663696,2016-09-01T13:30:59.252459,2016-09-01T13:37:18.916155,2016-09-01T13:35:15.238393,1679.724793,322.0889331510876,1.339332303097437e-07,1.4417127293151173e-07,1.214541291319552e-07,3.71963425371848e-08,3.600709671276202,0.9289869443919553,37966,37967,37967,True,0.6216088078807354,False,False,seismic,CO,HAW,00,HHZ,541.0207665648014,349.75393103805646,0.5,5.0,0.5,5.0,m/s,False
P_candidate,2016-09-01T13:08:24.280000,-0.008008,11459,11460,11459,114.59732,114.59732,2016-09-01T13:08:24.271992,2016-09-01T13:10:18.869313,2016-09-01T13:09:30.650000,135.1364,4070.4587199073203,1.383876153373635e-06,1.7684205207301864e-06,2.1357519217670636e-06,4.4044015051216446e-07,3.14202997107416,0.6479573490111403,11459,11460,11459,True,0.6806876690810717,False,False,seismic,N4,451A,,HHZ,550.0671377568837,295.70858019005055,0.5,5.0,0.5,5.0,m/s,False
S_candidate,2016-09-01T13:09:17.760000,-0.009258,24447,24448,24447,244.474283,244.474283,2016-09-01T13:09:17.750742,2016-09-01T13:13:22.225025,2016-09-01T13:11:26.540000,251.0264,2191.2720644397705,2.0077920151873434e-06,1.7684205207301864e-06,2.5333164147466583e-06,4.831296691159472e-07,4.1558035938080415,0.7925547726686683,24447,24448,24447,True,0.503129218308995,False,False,seismic,N4,451A,,HHZ,550.0671377568837,295.70858019005055,0.5,5.0,0.5,5.0,m/s,False
surface_candidate,2016-09-01T13:09:52.680000,-0.004361,94297,94298,94297,942.972236,942.972236,2016-09-01T13:09:52.675639,2016-09-01T13:25:35.647876,2016-09-01T13:11:26.540000,251.0264,2191.2720644397705,2.0077920151873434e-06,1.7684205207301864e-06,2.5333164147466583e-06,3.996443040938297e-07,5.02394753189313,0.7925547726686683,94297,94298,94297,True,0.5917473514533865,False,False,seismic,N4,451A,,HHZ,550.0671377568837,295.70858019005055,0.5,5.0,0.5,5.0,m/s,False
ground_coupled_airwave,2016-09-01T13:31:23.060000,-0.001301,38602,38602,38601,386.012026,386.012026,2016-09-01T13:31:23.058699,2016-09-01T13:37:49.070726,2016-09-01T13:37:07.830000,1792.3164,306.90292057634673,1.8610205886580385e-06,1.7684205207301864e-06,2.5333164147466583e-06,4.918054778477524e-07,3.7840582760531034,0.7346182963268518,38602,38602,38601,True,0.5699186570644009,False,False,seismic,N4,451A,,HHZ,550.0671377568837,295.70858019005055,0.5,5.0,0.5,5.0,m/s,False
