event_number,event_label,reference_time_epoch_s,reference_time_utc,stream_file,requested_score_window_start_s,requested_score_window_end_s,score_window_start_s,score_window_end_s,score_window_clipped,score_window_usable_fraction,score_window_n_samples,passes_core_filter,forced_named_event,coarse_back_azimuth_deg,coarse_apparent_speed_mps,best_back_azimuth_deg,best_apparent_speed_mps,maximum_coherence_score,best_semblance,best_mean_pairwise_correlation,correlation_dd1_dd2,correlation_dd1_dd3,correlation_dd2_dd3,mean_dd1_pair_correlation,dd1_correlation_deficit,residual_lag_closure_s,stability_back_azimuth_std_deg,stability_speed_std_mps,stability_score_min,stability_valid_window_count,stack_peak_to_peak_pa,dd1_delay_relative_dd2_s,dd3_delay_relative_dd2_s,surface_maximum,surface_median,surface_p95,peak_minus_surface_median,peak_minus_surface_p95,best_on_azimuth_edge,best_on_speed_edge,azimuth_width_drop_0p01_deg,speed_width_drop_0p01_mps,surface_area_drop_0p01_deg_mps,azimuth_width_drop_0p02_deg,speed_width_drop_0p02_mps,surface_area_drop_0p02_deg_mps,solution_quality_class,sequence_time_s,relative_back_azimuth_deg,approximate_cross_range_m,final_event_number,f_stat,above_empirical_background_threshold,back_azimuth_grid_edge,trace_velocity_grid_edge,estimated_source_epoch_s,estimated_source_utc
1,short_impulsive_candidate,1472735235.9271336,2016-09-01 13:07:15.927133560+00:00,/Users/glennthompson/Developer/KSCRocketSeismoHydrology/08_fireball_paper/falcon9-seismoacoustic-workflow-1.0.0/data/outputs/070_prepare_event_waveform_products/event_streams/candidate_event_001.pkl,-0.04,0.18,-0.04,0.18,False,1.0,56,True,False,201.0,352.0,200.8999999999999,352.5,0.9799817318242232,0.9777196978494237,0.966749565572845,0.9519550956366495,0.9742417495410526,0.9735417951447046,0.963098422588851,0.010443372555853592,0.0,0.29101779674906775,0.7243558228002943,0.9686067589816977,9,53.30535982953414,0.08771806564564166,0.010284018918402263,0.9799817318242232,0.9491170932660951,0.9759875530288037,0.030864638558128155,0.003994178795419523,False,False,2.199999999999875,15.0,23.449999999998667,3.3999999999998067,21.5,52.849999999996996,A_high_quality,0.0,0.5999999999999943,14.86956031622465,1,4.48814004205191,True,False,False,1472735231.9147732,2016-09-01 13:07:11.914773226+00:00
2,short_impulsive_candidate,1472735236.0571334,2016-09-01 13:07:16.057133436+00:00,/Users/glennthompson/Developer/KSCRocketSeismoHydrology/08_fireball_paper/falcon9-seismoacoustic-workflow-1.0.0/data/outputs/070_prepare_event_waveform_products/event_streams/candidate_event_002.pkl,-0.04,0.18,-0.04,0.18,False,1.0,56,True,False,201.5,356.0,201.59999999999988,355.5,0.961109953379313,0.957101315093424,0.934245821616293,0.8966984503445271,0.9318808497804699,0.9783766177954102,0.9142896500624985,0.06408696773291167,0.0,0.22662308949299978,2.4037008503093262,0.9581647097162354,9,44.01385677675001,0.08612501651892865,0.009194900180620979,0.961109953379313,0.9503966608685074,0.9601215475900917,0.010713292510805661,0.000988405789221325,False,False,3.799999999999784,28.5,79.1499999999955,3.9999999999997726,38.0,124.49999999999292,A_high_quality,0.12999987602233887,1.299999999999983,32.22173247550827,2,13.519680698437549,True,False,False,1472735232.044773,2016-09-01 13:07:12.044773102+00:00
3,short_impulsive_candidate,1472735236.255,2016-09-01 13:07:16.255000114+00:00,/Users/glennthompson/Developer/KSCRocketSeismoHydrology/08_fireball_paper/falcon9-seismoacoustic-workflow-1.0.0/data/outputs/070_prepare_event_waveform_products/event_streams/candidate_event_003.pkl,-0.04,0.18,-0.04,0.18,False,1.0,56,True,False,201.0,354.0,201.29999999999987,352.5,0.9572356258262253,0.9529952955567913,0.9271922424607526,0.9129664011100845,0.899623718229093,0.9758887106663848,0.9062950596695888,0.06959365099679604,0.0,0.17708197167231468,1.509230856356236,0.9496634812797764,9,53.10425088107131,0.08722819194179193,0.00970656048028264,0.9572356258262253,0.9444736103603469,0.9559083183170214,0.012762015465878407,0.0013273075092039566,False,False,3.8999999999997783,23.5,66.7999999999962,3.9999999999997726,34.5,111.69999999999365,A_high_quality,0.3278665542602539,0.9999999999999716,24.784211233598235,3,8.616134316995051,True,False,False,1472735232.2426398,2016-09-01 13:07:12.242639780+00:00
4,short_impulsive_candidate,1472735236.4470668,2016-09-01 13:07:16.447066784+00:00,/Users/glennthompson/Developer/KSCRocketSeismoHydrology/08_fireball_paper/falcon9-seismoacoustic-workflow-1.0.0/data/outputs/070_prepare_event_waveform_products/event_streams/candidate_event_004.pkl,-0.04,0.18,-0.04,0.18,False,1.0,56,False,False,200.5,342.0,200.79999999999987,340.5,0.8729085335654482,0.860820553330881,0.7820810078345978,0.7133457222367573,0.6986465289946963,0.9617002387575114,0.7059961256157268,0.25570411314178465,0.0,0.39752319599993996,1.6832508230603465,0.8568084118619242,9,36.09500476160418,0.09093554512296952,0.010795823712826096,0.8729085335654482,0.8589978948938066,0.8702490199209552,0.013910638671641551,0.0026595136444930167,False,False,3.2999999999998124,28.0,56.84999999999677,3.9999999999997726,40.0,119.5999999999932,B_probable,0.5199332237243652,0.4999999999999716,12.391161856075128,4,5.947992469573705,True,False,False,1472735232.4347064,2016-09-01 13:07:12.434706450+00:00
5,short_impulsive_candidate,1472735236.7995667,2016-09-01 13:07:16.799566746+00:00,/Users/glennthompson/Developer/KSCRocketSeismoHydrology/08_fireball_paper/falcon9-seismoacoustic-workflow-1.0.0/data/outputs/070_prepare_event_waveform_products/event_streams/candidate_event_005.pkl,-0.04,0.18,-0.04,0.18,False,1.0,56,False,False,200.5,360.0,200.69999999999987,359.0,0.8065245284587634,0.7846557807801833,0.6786552999532676,0.5766667682901319,0.4976221309128953,0.9566621143077981,0.5371444496015136,0.4195176647062845,0.0,0.24494897427830387,4.186250274174334,0.7889546216760028,9,37.28096318273875,0.08636878486991897,0.010381136718750274,0.8065245284587634,0.7899962589681943,0.8034821097225169,0.01652826949056918,0.003042418736246555,False,False,3.2999999999998124,17.5,39.649999999997746,3.9999999999997726,34.5,98.64999999999439,B_probable,0.8724331855773926,0.39999999999997726,9.912838893103979,5,4.677606740480749,True,False,False,1472735232.7872064,2016-09-01 13:07:12.787206411+00:00
6,short_impulsive_candidate,1472735237.242,2016-09-01 13:07:17.242000103+00:00,/Users/glennthompson/Developer/KSCRocketSeismoHydrology/08_fireball_paper/falcon9-seismoacoustic-workflow-1.0.0/data/outputs/070_prepare_event_waveform_products/event_streams/candidate_event_006.pkl,-0.04,0.18,-0.04,0.18,False,1.0,56,True,False,201.5,338.0,201.69999999999987,336.5,0.9355701425301726,0.9276591332095299,0.8948733130222736,0.8720327488658783,0.8245710468520338,0.9778623037249722,0.848301897858956,0.12956040586601614,0.0,0.4629481479110772,4.35748256691724,0.9305722543020165,9,47.92809258332021,0.09085812352978295,0.009562679666359371,0.9355701425301726,0.9242234070903034,0.9337723683830566,0.011346735439869193,0.0017977741471160158,False,False,3.9999999999997726,26.0,61.79999999999649,3.9999999999997726,40.0,140.14999999999202,B_probable,1.314866542816162,1.3999999999999773,34.701278870402284,6,10.034955525856416,True,False,False,1472735233.2296398,2016-09-01 13:07:13.229639769+00:00
7,short_impulsive_candidate,1472735237.634,2016-09-01 13:07:17.634000063+00:00,/Users/glennthompson/Developer/KSCRocketSeismoHydrology/08_fireball_paper/falcon9-seismoacoustic-workflow-1.0.0/data/outputs/070_prepare_event_waveform_products/event_streams/candidate_event_007.pkl,-0.04,0.18,-0.04,0.18,False,1.0,56,False,False,201.5,354.0,201.4999999999999,354.0,0.8159904203559827,0.8002951631767542,0.679066612249651,0.5701076637085511,0.5623663150210492,0.9688542555657934,0.5662369893648002,0.40261726620099325,0.0,0.21081851067787996,1.3494397557212354,0.8076018969340923,9,45.649604804651204,0.08661309296933328,0.00937774678926399,0.8159904203559827,0.7892269820432097,0.8125009670482277,0.026763438312772947,0.003489453307754964,False,False,2.3999999999998636,16.0,27.749999999998423,3.5999999999997954,23.5,60.599999999996555,B_probable,1.7068665027618408,1.1999999999999886,29.742382488127284,7,8.104282845787615,True,False,False,1472735233.6216397,2016-09-01 13:07:13.621639729+00:00
8,short_impulsive_candidate,1472735237.8951335,2016-09-01 13:07:17.895133495+00:00,/Users/glennthompson/Developer/KSCRocketSeismoHydrology/08_fireball_paper/falcon9-seismoacoustic-workflow-1.0.0/data/outputs/070_prepare_event_waveform_products/event_streams/candidate_event_008.pkl,-0.04,0.18,-0.04,0.18,False,1.0,56,True,False,201.0,358.0,200.7999999999999,359.5,0.9559247317090291,0.9524578370704332,0.9222501473338461,0.8738921733512363,0.9289960336605602,0.9831720598051522,0.9014441035058982,0.081727956299254,0.0,0.2845832994414438,1.264422964082338,0.9403451233723025,9,51.80767452628383,0.08612949405944677,0.010225251666807444,0.9559247317090291,0.938803239873612,0.9537891527010094,0.017121491835417113,0.00213557900801975,False,False,3.099999999999824,21.5,46.699999999997345,3.9999999999997726,31.5,95.94999999999455,A_high_quality,1.9679999351501465,0.5,12.391161856075831,8,9.937933587050898,True,False,False,1472735233.8827732,2016-09-01 13:07:13.882773161+00:00
9,short_impulsive_candidate,1472735238.1111336,2016-09-01 13:07:18.111133575+00:00,/Users/glennthompson/Developer/KSCRocketSeismoHydrology/08_fireball_paper/falcon9-seismoacoustic-workflow-1.0.0/data/outputs/070_prepare_event_waveform_products/event_streams/candidate_event_009.pkl,-0.04,0.18,-0.04,0.18,False,1.0,56,True,False,200.5,352.0,200.69999999999987,350.0,0.988343884660608,0.9856919559003082,0.984643555602115,0.968432564906078,0.9715709420281937,0.9956102946171151,0.9700017534671359,0.025608541149979236,0.0,0.2615244954653145,0.9460770203292445,0.9804855602445591,9,176.31058070178022,0.08858969648085974,0.01064808023437528,0.988343884660608,0.9717780246275607,0.9868488263901865,0.016565860033047275,0.001495058270421512,False,False,3.2999999999998124,22.0,54.999999999996874,3.9999999999997726,30.0,94.34999999999464,A_high_quality,2.184000015258789,0.39999999999997726,9.912838893103979,9,11.190798700693204,True,False,False,1472735234.0987732,2016-09-01 13:07:14.098773241+00:00
10,short_impulsive_candidate,1472735238.3890667,2016-09-01 13:07:18.389066696+00:00,/Users/glennthompson/Developer/KSCRocketSeismoHydrology/08_fireball_paper/falcon9-seismoacoustic-workflow-1.0.0/data/outputs/070_prepare_event_waveform_products/event_streams/candidate_event_010.pkl,-0.04,0.18,-0.04,0.18,False,1.0,56,False,False,201.5,344.0,201.3999999999999,344.5,0.9554967333316609,0.9503917192263803,0.9263085089791633,0.8780687668498168,0.9264462976120229,0.9722476720568707,0.9022575322309199,0.06999013982595081,0.0,0.31661792997275995,1.4614384931073228,0.9509069133650349,9,63.35359564809015,0.08912781727424995,0.009784173004755023,0.9554967333316609,0.9372762780135044,0.9530551489159674,0.018220455318156414,0.0024415844156934208,False,False,3.2999999999998124,21.0,50.79999999999711,3.799999999999784,30.5,89.24999999999493,A_high_quality,2.461933135986328,1.0999999999999943,27.26321378157781,10,3.535685425371638,True,False,False,1472735234.3767064,2016-09-01 13:07:14.376706362+00:00
11,short_impulsive_candidate,1472735238.9771335,2016-09-01 13:07:18.977133512+00:00,/Users/glennthompson/Developer/KSCRocketSeismoHydrology/08_fireball_paper/falcon9-seismoacoustic-workflow-1.0.0/data/outputs/070_prepare_event_waveform_products/event_streams/candidate_event_011.pkl,-0.04,0.18,-0.04,0.18,False,1.0,56,True,False,200.0,350.0,199.8999999999999,350.0,0.9751442948030901,0.971466813769551,0.9613210327067977,0.9522570051769698,0.9319325536955401,0.9874111030904699,0.9420947794362549,0.04531632365421501,0.0,0.18856180831640196,1.286204100310025,0.9702139892630447,9,124.38122097445509,0.08955916533587682,0.011809163566126667,0.9751442948030901,0.9598019441088047,0.9722459894236333,0.015342350694285356,0.0028983053794567892,False,False,3.5999999999997954,21.5,56.09999999999681,3.9999999999997726,32.0,101.64999999999422,A_high_quality,3.049999952316284,-0.4000000000000057,-9.912838893104682,11,8.588867030620579,True,False,False,1472735234.9647732,2016-09-01 13:07:14.964773178+00:00
12,short_impulsive_candidate,1472735239.2395668,2016-09-01 13:07:19.239566803+00:00,/Users/glennthompson/Developer/KSCRocketSeismoHydrology/08_fireball_paper/falcon9-seismoacoustic-workflow-1.0.0/data/outputs/070_prepare_event_waveform_products/event_streams/candidate_event_012.pkl,-0.04,0.18,-0.04,0.18,False,1.0,56,True,False,201.0,352.0,200.7999999999999,353.0,0.9963701303709852,0.9957814148724181,0.9945064072376714,0.9919493336346258,0.9955243952308648,0.9935426380603911,0.9937368644327453,-0.00019422637235422258,0.0,0.11331154474649989,0.3142696805273545,0.9955407136805453,9,288.31301305486215,0.08771544791606548,0.010413535337725991,0.9963701303709852,0.976489730175359,0.9943605418929544,0.019880400195626202,0.002009588478030788,False,False,3.199999999999818,19.0,45.19999999999743,3.9999999999997726,27.5,83.19999999999527,A_high_quality,3.3124332427978516,0.5,12.391161856075831,12,8.866770123804834,True,False,False,1472735235.2272065,2016-09-01 13:07:15.227206469+00:00
13,principal_first_stage_explosion,1472735239.4271336,2016-09-01 13:07:19.427133560+00:00,/Users/glennthompson/Developer/KSCRocketSeismoHydrology/08_fireball_paper/falcon9-seismoacoustic-workflow-1.0.0/data/outputs/070_prepare_event_waveform_products/event_streams/candidate_event_013.pkl,-0.04,0.35,-0.04,0.35,False,1.0,98,False,True,200.5,352.0,200.2999999999999,352.5,0.9983980564566397,0.9982648743054681,0.9971956593667944,0.9967754324084279,0.9977521039823392,0.9976643979838373,0.9972637681953835,0.00040062978845378794,0.0,0.08164965809276796,0.408248290463863,0.9980230433383921,9,1469.0146319096773,0.08844485269449828,0.011149257983489556,0.9983980564566397,0.991287707817664,0.9977235868025776,0.00711034863897575,0.0006744696540621486,False,False,3.9999999999997726,32.0,105.19999999999402,3.9999999999997726,40.0,153.2999999999913,A_high_quality,3.5,0.0,0.0,13,27.244686303876144,True,False,False,1472735235.4147732,2016-09-01 13:07:15.414773226+00:00
14,short_impulsive_candidate,1472735239.5001335,2016-09-01 13:07:19.500133513+00:00,/Users/glennthompson/Developer/KSCRocketSeismoHydrology/08_fireball_paper/falcon9-seismoacoustic-workflow-1.0.0/data/outputs/070_prepare_event_waveform_products/event_streams/candidate_event_014.pkl,-0.04,0.18,-0.04,0.18,False,1.0,56,True,False,200.5,358.0,200.69999999999987,357.0,0.9966832902049897,0.9962347928741669,0.9947120724024474,0.9915636062868362,0.9956960881607866,0.9957968734861294,0.9936298472238114,0.002167026262318017,0.0,0.24545246704859183,2.28656840302852,0.9947252149602874,9,790.7027750460223,0.08685264360868603,0.010439294347426745,0.9966832902049897,0.9940935299477933,0.9964221429931588,0.002589760257196372,0.0002611472118309033,False,False,3.9999999999997726,40.0,162.34999999999076,3.9999999999997726,40.0,166.04999999999058,A_high_quality,3.572999954223633,0.39999999999997726,9.912838893103979,14,148.70781480744955,True,False,False,1472735235.4877732,2016-09-01 13:07:15.487773180+00:00
15,short_impulsive_candidate,1472735239.5831337,2016-09-01 13:07:19.583133698+00:00,/Users/glennthompson/Developer/KSCRocketSeismoHydrology/08_fireball_paper/falcon9-seismoacoustic-workflow-1.0.0/data/outputs/070_prepare_event_waveform_products/event_streams/candidate_event_015.pkl,-0.04,0.18,-0.04,0.18,False,1.0,56,True,False,200.5,358.0,200.4999999999999,357.5,0.9890715270967345,0.9877518091360101,0.9821022080756423,0.9782583089766325,0.9851050489879292,0.9815197831474847,0.9816816789822809,-0.00016189583479619962,0.0,0.39157800414900207,1.0540925533894596,0.984756384931405,9,491.0380142761213,0.08697004641507713,0.010709074363921187,0.9890715270967345,0.9852805878224309,0.9885644519962864,0.0037909392743036285,0.0005070751004481178,False,False,3.9999999999997726,40.0,150.74999999999142,3.9999999999997726,40.0,166.04999999999058,A_high_quality,3.6560001373291016,0.19999999999998863,4.956359053593282,15,14.503290735594785,True,False,False,1472735235.5707734,2016-09-01 13:07:15.570773363+00:00
16,short_impulsive_candidate,1472735240.9075668,2016-09-01 13:07:20.907566786+00:00,/Users/glennthompson/Developer/KSCRocketSeismoHydrology/08_fireball_paper/falcon9-seismoacoustic-workflow-1.0.0/data/outputs/070_prepare_event_waveform_products/event_streams/candidate_event_016.pkl,-0.04,0.18,-0.04,0.18,False,1.0,56,True,False,202.5,336.0,202.3999999999999,337.0,0.9468540120485043,0.9398400228627086,0.9147499916543956,0.9025835312489626,0.873140315459451,0.9535562561737749,0.8878619233542069,0.06569433281956805,0.0,0.6390579486465594,6.883958809354461,0.930201708519496,9,65.2825026622854,0.08980820385559803,0.008489491981302805,0.9468540120485043,0.9367404207988876,0.944909257499383,0.010113591249616638,0.0019447545491212415,False,False,3.9999999999997726,30.0,81.44999999999537,3.9999999999997726,37.0,134.14999999999236,B_probable,4.980433225631714,2.0999999999999943,52.06487478540282,16,5.099956801150691,True,False,False,1472735236.8952065,2016-09-01 13:07:16.895206451+00:00
17,short_impulsive_candidate,1472735241.5698934,2016-09-01 13:07:21.569893360+00:00,/Users/glennthompson/Developer/KSCRocketSeismoHydrology/08_fireball_paper/falcon9-seismoacoustic-workflow-1.0.0/data/outputs/070_prepare_event_waveform_products/event_streams/candidate_event_017.pkl,-0.04,0.18,-0.04,0.18,False,1.0,56,False,False,202.0,354.0,201.8999999999999,354.0,0.8306653276825471,0.8095232777803745,0.7247568050716123,0.5958865303992884,0.6381997364982347,0.9087684831141635,0.6170431334487616,0.29172534966540187,0.0,0.4021546904633962,2.926043129391932,0.8127847315705791,9,31.232553511744293,0.08611895393446405,0.00880203910642563,0.8306653276825471,0.8067441504526907,0.8249946020592391,0.023921177229856427,0.005670725623307948,False,False,2.499999999999858,16.5,22.34999999999873,3.2999999999998124,27.0,64.59999999999633,B_probable,5.642759799957275,1.5999999999999943,39.661021413776204,17,5.204689172402524,True,False,False,1472735237.557533,2016-09-01 13:07:17.557533026+00:00
18,short_impulsive_candidate,1472735243.4671335,2016-09-01 13:07:23.467133522+00:00,/Users/glennthompson/Developer/KSCRocketSeismoHydrology/08_fireball_paper/falcon9-seismoacoustic-workflow-1.0.0/data/outputs/070_prepare_event_waveform_products/event_streams/candidate_event_018.pkl,-0.04,0.18,-0.04,0.18,False,1.0,56,True,False,200.0,352.0,200.19999999999987,351.0,0.9972935929767548,0.9966998673870531,0.9963683627226146,0.9922326162106098,0.9956416499907262,0.9972751370404042,0.993937133100668,0.003338003939736156,0.0,0.08314794192830509,0.3928371006591931,0.9961386423206022,9,237.16228743721643,0.0889435261402752,0.01134161035865264,0.9972935929767548,0.9849670310200972,0.9961129379592489,0.0123265619566576,0.0011806550175058605,False,False,3.9999999999997726,23.5,70.349999999996,3.9999999999997726,33.5,113.04999999999357,A_high_quality,7.539999961853027,-0.10000000000002274,-2.478171977815483,18,26.96280169665354,True,False,False,1472735239.4547732,2016-09-01 13:07:19.454773188+00:00
19,short_impulsive_candidate,1472735245.5420666,2016-09-01 13:07:25.542066574+00:00,/Users/glennthompson/Developer/KSCRocketSeismoHydrology/08_fireball_paper/falcon9-seismoacoustic-workflow-1.0.0/data/outputs/070_prepare_event_waveform_products/event_streams/candidate_event_019.pkl,-0.04,0.18,-0.04,0.18,False,1.0,56,True,False,205.5,328.0,205.3999999999999,327.5,0.8357412022837105,0.8184469463753676,0.7233651722924495,0.8957770887697375,0.696751717743282,0.6575342963863363,0.7962644032565098,-0.1387301068701735,0.004,0.5349512496537794,2.8620548605313907,0.8078702187067389,9,47.37300473020031,0.08822318779867157,0.004052781191780146,0.8357412022837105,0.822393786207675,0.8335879435554643,0.013347416076035512,0.0021532587282462323,False,False,3.099999999999824,27.0,56.44999999999679,3.9999999999997726,37.5,119.6499999999932,B_probable,9.614933013916016,5.099999999999994,126.72149510200335,19,5.263075631735209,True,False,False,1472735241.5297062,2016-09-01 13:07:21.529706240+00:00
20,short_impulsive_candidate,1472735246.1871336,2016-09-01 13:07:26.187133551+00:00,/Users/glennthompson/Developer/KSCRocketSeismoHydrology/08_fireball_paper/falcon9-seismoacoustic-workflow-1.0.0/data/outputs/070_prepare_event_waveform_products/event_streams/candidate_event_020.pkl,-0.04,0.18,-0.04,0.18,False,1.0,56,True,False,200.0,354.0,200.19999999999987,352.5,0.9311716689726817,0.9250254643623215,0.8807819517764436,0.9239562716676598,0.8399619604729912,0.8986963574897966,0.8819591160703255,0.016737241419471083,0.0,0.23306863292668709,0.5665577237325315,0.9262598701427933,9,75.40956405226999,0.0885650430503166,0.011293348186913691,0.9311716689726817,0.9208687272257902,0.9299225862037654,0.010302941746891503,0.001249082768916221,False,False,3.9999999999997726,26.5,81.19999999999538,3.9999999999997726,39.0,134.39999999999236,A_high_quality,10.259999990463257,-0.10000000000002274,-2.478171977815483,20,9.768539973386009,True,False,False,1472735242.1747732,2016-09-01 13:07:22.174773216+00:00
21,short_impulsive_candidate,1472735246.7898934,2016-09-01 13:07:26.789893389+00:00,/Users/glennthompson/Developer/KSCRocketSeismoHydrology/08_fireball_paper/falcon9-seismoacoustic-workflow-1.0.0/data/outputs/070_prepare_event_waveform_products/event_streams/candidate_event_021.pkl,-0.04,0.18,-0.04,0.18,False,1.0,56,True,False,200.5,354.0,200.3999999999999,354.0,0.9819075345544768,0.9789027168739317,0.9728295221505885,0.9578367889174448,0.9650561225039518,0.9821693145112976,0.9614464557106983,0.02072285880059932,0.0,0.3010270485365177,1.8774161387462,0.979809535817199,9,57.099169543812295,0.08795013701811544,0.0109585018945366,0.9819075345544768,0.9698165123284392,0.9803015463366147,0.012091022226037529,0.0016059882178620644,False,False,3.799999999999784,24.0,68.84999999999609,3.9999999999997726,35.5,120.64999999999314,A_high_quality,10.862759828567505,0.09999999999999432,2.4781719778147786,21,21.47921745774836,True,False,False,1472735242.777533,2016-09-01 13:07:22.777533054+00:00
22,short_impulsive_candidate,1472735248.405903,2016-09-01 13:07:28.405903101+00:00,/Users/glennthompson/Developer/KSCRocketSeismoHydrology/08_fireball_paper/falcon9-seismoacoustic-workflow-1.0.0/data/outputs/070_prepare_event_waveform_products/event_streams/candidate_event_022.pkl,-0.04,0.18,-0.04,0.18,False,1.0,56,True,False,201.5,352.0,201.59999999999988,351.5,0.9976793000875412,0.9971601878671339,0.996915936836305,0.9929268195800844,0.997558555811237,0.9967354700107804,0.9952426876956607,0.001492782315119734,0.0,0.0737027731190047,0.15713484026367724,0.9970116020828255,9,371.9459539051881,0.08710510205541717,0.009299536313544122,0.9976793000875412,0.986360850569906,0.9964199567817926,0.011318449517635276,0.001259343305748617,False,False,3.9999999999997726,25.0,75.5999999999957,3.9999999999997726,36.0,121.69999999999308,A_high_quality,12.478769540786743,1.299999999999983,32.22173247550827,22,27.00485894828002,True,False,False,1472735244.3935428,2016-09-01 13:07:24.393542767+00:00
23,short_impulsive_candidate,1472735248.9858932,2016-09-01 13:07:28.985893250+00:00,/Users/glennthompson/Developer/KSCRocketSeismoHydrology/08_fireball_paper/falcon9-seismoacoustic-workflow-1.0.0/data/outputs/070_prepare_event_waveform_products/event_streams/candidate_event_023.pkl,-0.04,0.18,-0.04,0.18,False,1.0,56,True,False,201.0,352.0,201.19999999999987,351.5,0.9981267571833816,0.9979154719031242,0.9968873702075355,0.9957636767560678,0.9977004297584429,0.9971555170495479,0.9967320532572553,0.0004234637922925222,0.0,0.04714045207910049,0.3685138655950444,0.9974715910396252,9,409.90048243505134,0.08759956928715118,0.009878996061986271,0.9981267571833816,0.9882827309179716,0.9971604762435646,0.009844026265410033,0.000966280939816988,False,False,3.9999999999997726,27.0,84.14999999999522,3.9999999999997726,38.5,132.2499999999925,A_high_quality,13.058759689331055,0.8999999999999773,22.305359725980548,23,31.90223010280414,True,False,False,1472735244.973533,2016-09-01 13:07:24.973532915+00:00
24,short_impulsive_candidate,1472735250.4511335,2016-09-01 13:07:30.451133490+00:00,/Users/glennthompson/Developer/KSCRocketSeismoHydrology/08_fireball_paper/falcon9-seismoacoustic-workflow-1.0.0/data/outputs/070_prepare_event_waveform_products/event_streams/candidate_event_024.pkl,-0.04,0.18,-0.04,0.18,False,1.0,56,True,False,200.5,348.0,200.2999999999999,348.5,0.9947068719898258,0.9940109281584376,0.991501575473816,0.9884109076565228,0.9911128379806001,0.9935254310758486,0.9897618728185615,0.003763558257287025,0.0,0.09938079899998499,0.8498365855987974,0.9933802671887249,9,336.22587365462925,0.08946000164938492,0.011277226511277098,0.9947068719898258,0.9801040206230307,0.9929056552955945,0.014602851366795067,0.001801216694231278,False,False,3.6999999999997897,21.5,58.69999999999666,3.9999999999997726,31.5,103.99999999999409,A_high_quality,14.5239999294281,0.0,0.0,24,29.739667883286476,True,False,False,1472735246.4387732,2016-09-01 13:07:26.438773155+00:00
25,short_impulsive_candidate,1472735252.7978933,2016-09-01 13:07:32.797893286+00:00,/Users/glennthompson/Developer/KSCRocketSeismoHydrology/08_fireball_paper/falcon9-seismoacoustic-workflow-1.0.0/data/outputs/070_prepare_event_waveform_products/event_streams/candidate_event_025.pkl,-0.04,0.18,-0.04,0.18,False,1.0,56,True,False,201.5,348.0,201.2999999999999,347.5,0.9893536998837318,0.9859595190287294,0.9888899423324706,0.9815161531524998,0.963683542422303,0.9916181400544785,0.9725998477874014,0.019018292267077075,0.0,0.17284832429003513,1.0829771494232183,0.9873245615421274,9,194.48185803546488,0.08848327384023495,0.009846223221006093,0.9893536998837318,0.9761105327287836,0.9876433496968031,0.013243167154948221,0.0017103501869286664,False,False,3.6999999999997897,23.5,66.8499999999962,3.9999999999997726,34.0,109.34999999999378,A_high_quality,16.87075972557068,1.0,24.784211233598942,25,24.011164879829423,True,False,False,1472735248.785533,2016-09-01 13:07:28.785532951+00:00
26,short_impulsive_candidate,1472735254.4351337,2016-09-01 13:07:34.435133696+00:00,/Users/glennthompson/Developer/KSCRocketSeismoHydrology/08_fireball_paper/falcon9-seismoacoustic-workflow-1.0.0/data/outputs/070_prepare_event_waveform_products/event_streams/candidate_event_026.pkl,-0.04,0.18,-0.04,0.18,False,1.0,56,True,False,200.5,346.0,200.69999999999987,344.5,0.9651045195738115,0.9612183245456782,0.9418676242320229,0.9089251187091675,0.9428766258851631,0.9736807158612201,0.9259008722971653,0.047779843564054736,0.0,0.11331154474649989,1.7497795275581802,0.9625916217045036,9,44.79556229243961,0.09000404577155562,0.010818078612572852,0.9651045195738115,0.9466447190566669,0.9634002613292176,0.018459800517144576,0.0017042582445938592,False,False,3.499999999999801,21.0,50.9999999999971,3.9999999999997726,28.5,87.44999999999503,A_high_quality,18.508000135421753,0.39999999999997726,9.912838893103979,26,11.77760305731486,True,False,False,1472735250.4227734,2016-09-01 13:07:30.422773361+00:00
27,short_impulsive_candidate,1472735258.384,2016-09-01 13:07:38.384000063+00:00,/Users/glennthompson/Developer/KSCRocketSeismoHydrology/08_fireball_paper/falcon9-seismoacoustic-workflow-1.0.0/data/outputs/070_prepare_event_waveform_products/event_streams/candidate_event_027.pkl,-0.04,0.18,-0.04,0.18,False,1.0,56,True,False,203.0,346.0,202.9999999999999,346.0,0.9631120529465056,0.9584477386339464,0.9402170488306894,0.9265101479399932,0.9097725013709977,0.9767321745417689,0.9181413246554955,0.05859084988627339,0.0,0.11653431646334354,0.97182531580755,0.9340107173276684,9,68.20698325809227,0.08669777407595436,0.007383575895608875,0.9631120529465056,0.9316294701081518,0.9592692253883501,0.03148258283835381,0.0038428275581554594,False,False,2.499999999999858,14.5,25.899999999998528,3.5999999999997954,21.5,55.29999999999686,A_high_quality,22.45686650276184,2.6999999999999886,66.96014806279356,27,4.173275540338436,True,False,False,1472735254.3716397,2016-09-01 13:07:34.371639729+00:00
28,short_impulsive_candidate,1472735259.0231335,2016-09-01 13:07:39.023133516+00:00,/Users/glennthompson/Developer/KSCRocketSeismoHydrology/08_fireball_paper/falcon9-seismoacoustic-workflow-1.0.0/data/outputs/070_prepare_event_waveform_products/event_streams/candidate_event_028.pkl,-0.04,0.18,-0.04,0.18,False,1.0,56,True,False,201.5,340.0,201.2999999999999,340.0,0.8855435009404455,0.873965230018559,0.8058218146465509,0.696785963334452,0.7665785298691091,0.9694790418799536,0.7316822466017805,0.2377967952781731,0.0,0.25819888974714644,1.3966450099973928,0.8787227929572237,9,36.35485911465365,0.09043511076318131,0.010063419321469466,0.8855435009404455,0.8673525248358545,0.8826467574413913,0.018190976104591083,0.002896743499054222,False,False,3.5999999999997954,21.5,51.0499999999971,3.9999999999997726,30.0,88.049999999995,B_probable,23.09599995613098,1.0,24.784211233598942,28,15.697757770837187,True,False,False,1472735255.0107732,2016-09-01 13:07:35.010773182+00:00
29,short_impulsive_candidate,1472735261.8618932,2016-09-01 13:07:41.861893177+00:00,/Users/glennthompson/Developer/KSCRocketSeismoHydrology/08_fireball_paper/falcon9-seismoacoustic-workflow-1.0.0/data/outputs/070_prepare_event_waveform_products/event_streams/candidate_event_029.pkl,-0.04,0.18,-0.04,0.18,False,1.0,56,True,False,202.5,350.0,202.4999999999999,349.0,0.973103323015901,0.9695390108681063,0.9568995824751859,0.9380456862031415,0.9412135689245911,0.983666293778745,0.9396296275638663,0.044036666214878784,0.0,0.09428090415820098,1.1493422703098444,0.9640173901013445,9,69.89999726623529,0.08659294722247518,0.008051402355605457,0.973103323015901,0.9490095570135677,0.9707866850863205,0.02409376600233326,0.0023166379295804784,False,False,2.899999999999835,17.5,36.79999999999791,3.9999999999997726,24.5,72.79999999999586,A_high_quality,25.934759616851807,2.1999999999999886,54.54653765344527,29,11.331665913708862,True,False,False,1472735257.8495328,2016-09-01 13:07:37.849532843+00:00
30,short_impulsive_candidate,1472735262.2351334,2016-09-01 13:07:42.235133410+00:00,/Users/glennthompson/Developer/KSCRocketSeismoHydrology/08_fireball_paper/falcon9-seismoacoustic-workflow-1.0.0/data/outputs/070_prepare_event_waveform_products/event_streams/candidate_event_030.pkl,-0.04,0.18,-0.04,0.18,False,1.0,56,True,False,203.5,302.0,203.3999999999999,302.5,0.675282661576655,0.637046302043856,0.4652744017517067,0.2864650114620597,0.2953260381600255,0.9331585744782016,0.29089552481104264,0.642263049667159,0.0,,,,0,36.50345831762441,0.09856851975014672,0.007769912461142097,0.675282661576655,0.6696237818610729,0.6744712459252447,0.005658879715582099,0.0008114156514102966,False,False,3.9999999999997726,39.0,128.8499999999927,3.9999999999997726,40.0,156.6499999999911,C_weak_or_broad,26.307999849319458,3.0999999999999943,76.8983046385478,30,7.9215317175474205,True,False,False,1472735258.222773,2016-09-01 13:07:38.222773075+00:00
31,short_impulsive_candidate,1472735265.6635666,2016-09-01 13:07:45.663566589+00:00,/Users/glennthompson/Developer/KSCRocketSeismoHydrology/08_fireball_paper/falcon9-seismoacoustic-workflow-1.0.0/data/outputs/070_prepare_event_waveform_products/event_streams/candidate_event_031.pkl,-0.04,0.18,-0.04,0.18,False,1.0,56,False,False,203.0,354.0,202.9999999999999,355.0,0.6878238462796027,0.6519862819804348,0.48316038545670925,0.28919423458600546,0.3707231711256721,0.7740208632002791,0.3299587028558388,0.4440621603444403,0.0,,,,0,19.06592093473906,0.08449980233881749,0.007196386647551182,0.6878238462796027,0.6616562774517388,0.6840730760187538,0.026167568827863863,0.0037507702608489124,False,False,2.2999999999998693,16.0,25.14999999999857,3.499999999999801,24.0,59.04999999999664,C_weak_or_broad,29.736433029174805,2.6999999999999886,66.96014806279356,31,2.5286790826405863,False,False,False,1472735261.6512063,2016-09-01 13:07:41.651206255+00:00
32,short_impulsive_candidate,1472735267.6961336,2016-09-01 13:07:47.696133614+00:00,/Users/glennthompson/Developer/KSCRocketSeismoHydrology/08_fireball_paper/falcon9-seismoacoustic-workflow-1.0.0/data/outputs/070_prepare_event_waveform_products/event_streams/candidate_event_032.pkl,-0.04,0.18,-0.04,0.18,False,1.0,56,True,False,200.5,356.0,200.4999999999999,356.5,0.9694463946424592,0.9661743109783398,0.9487090402772765,0.9128006701526569,0.952054911142151,0.9829288181077203,0.9324277906474039,0.05050102746031637,0.0,0.19436506316149896,1.0540925533894596,0.9634829892131886,9,58.738461500729386,0.0872140016644883,0.01073911384320287,0.9694463946424592,0.9593375097256169,0.9685191015983456,0.010108884916842253,0.0009272930441135419,False,False,3.9999999999997726,28.0,82.5999999999953,3.9999999999997726,38.0,129.49999999999264,A_high_quality,31.76900005340576,0.19999999999998863,4.956359053593282,32,15.217173678367844,True,False,False,1472735263.6837733,2016-09-01 13:07:43.683773279+00:00
33,short_impulsive_candidate,1472735268.6515667,2016-09-01 13:07:48.651566744+00:00,/Users/glennthompson/Developer/KSCRocketSeismoHydrology/08_fireball_paper/falcon9-seismoacoustic-workflow-1.0.0/data/outputs/070_prepare_event_waveform_products/event_streams/candidate_event_033.pkl,-0.04,0.18,-0.04,0.18,False,1.0,56,True,False,200.5,330.0,200.4999999999999,330.0,0.846835562093127,0.8317102080255119,0.7390471863890994,0.6662658995183727,0.6403027593187236,0.9361272772777076,0.6532843294185482,0.2828429478591594,0.0,0.840634680861185,3.1190375216929334,0.838707560406079,9,27.50657042044165,0.09421755028300023,0.011601497227581282,0.846835562093127,0.8377128548042931,0.8451007031566568,0.009122707288833909,0.001734858936470296,False,False,3.9999999999997726,29.5,88.34999999999498,3.9999999999997726,35.0,133.39999999999242,B_probable,32.724433183670044,0.19999999999998863,4.956359053593282,33,4.860643473708231,True,False,False,1472735264.6392064,2016-09-01 13:07:44.639206409+00:00
34,short_impulsive_candidate,1472735272.5721335,2016-09-01 13:07:52.572133541+00:00,/Users/glennthompson/Developer/KSCRocketSeismoHydrology/08_fireball_paper/falcon9-seismoacoustic-workflow-1.0.0/data/outputs/070_prepare_event_waveform_products/event_streams/candidate_event_034.pkl,-0.04,0.18,-0.04,0.18,False,1.0,56,True,False,201.5,352.0,201.59999999999988,350.5,0.80852576656878,0.7776103993925412,0.7097976346662765,0.8190945951851819,0.46551005465643364,0.7146421474248196,0.6423023249208077,0.07233982250401183,0.0,0.3559026084010235,2.047280641409809,0.7651614903060724,9,59.48357821434354,0.08735361875172365,0.009326068514153373,0.80852576656878,0.7858256175707428,0.8026868984099114,0.022700148998037184,0.005838868158868582,False,False,3.199999999999818,19.5,25.599999999998545,3.799999999999784,28.0,71.04999999999596,B_probable,36.644999980926514,1.299999999999983,32.22173247550827,34,6.849444481368013,True,False,False,1472735268.5597732,2016-09-01 13:07:48.559773207+00:00
35,short_impulsive_candidate,1472735276.0815668,2016-09-01 13:07:56.081566811+00:00,/Users/glennthompson/Developer/KSCRocketSeismoHydrology/08_fireball_paper/falcon9-seismoacoustic-workflow-1.0.0/data/outputs/070_prepare_event_waveform_products/event_streams/candidate_event_035.pkl,-0.04,0.18,-0.04,0.18,False,1.0,56,True,False,202.0,314.0,202.29999999999987,312.5,0.6533102469746053,0.6172672354341889,0.41474952857045927,0.17515039186335843,0.17157788895173362,0.9488221469094713,0.17336414040754602,0.7754580065019253,0.0,,,,0,30.32085685449234,0.09699103559833476,0.009318302266608444,0.6533102469746053,0.646258667832006,0.6515448353313149,0.00705157914259924,0.00176541164329036,False,False,3.9999999999997726,40.0,126.5999999999928,3.9999999999997726,40.0,160.2499999999909,C_weak_or_broad,40.154433250427246,1.9999999999999716,49.583529541855405,35,3.7678498940899328,True,False,False,1472735272.0692065,2016-09-01 13:07:52.069206476+00:00
36,short_impulsive_candidate,1472735277.9578934,2016-09-01 13:07:57.957893372+00:00,/Users/glennthompson/Developer/KSCRocketSeismoHydrology/08_fireball_paper/falcon9-seismoacoustic-workflow-1.0.0/data/outputs/070_prepare_event_waveform_products/event_streams/candidate_event_036.pkl,-0.04,0.18,-0.04,0.18,False,1.0,56,True,False,202.5,350.0,202.3999999999999,350.0,0.9075370145001571,0.8956223156805379,0.8508181254591721,0.8779265846850548,0.8353936388023602,0.8169801970750054,0.8566601117437075,-0.03967991466870213,0.0,0.31622776601681996,1.178511301977579,0.8891373086029932,9,54.03725009844035,0.08647247056953294,0.008174167993425845,0.9075370145001571,0.8934624684569197,0.9057250109844318,0.014074546043237435,0.0018120035157253023,False,False,3.199999999999818,24.5,56.199999999996805,3.9999999999997726,34.0,112.34999999999361,A_high_quality,42.03075981140137,2.0999999999999943,52.06487478540282,36,13.832074173917162,True,False,False,1472735273.945533,2016-09-01 13:07:53.945533037+00:00
37,short_impulsive_candidate,1472735289.5911336,2016-09-01 13:08:09.591133595+00:00,/Users/glennthompson/Developer/KSCRocketSeismoHydrology/08_fireball_paper/falcon9-seismoacoustic-workflow-1.0.0/data/outputs/070_prepare_event_waveform_products/event_streams/candidate_event_037.pkl,-0.04,0.18,-0.04,0.18,False,1.0,56,True,False,202.0,350.0,201.9999999999999,350.0,0.940339150495002,0.9319809746676646,0.9057528284720163,0.9035441579898907,0.8644323008008906,0.9259379272137099,0.8839882293953907,0.041949697818319254,0.0,0.31972210155416314,1.7864372434237252,0.8771073823452711,9,69.38546399664328,0.08697755968436982,0.008756993133045246,0.940339150495002,0.9206776999190787,0.9380677483669645,0.01966145057592339,0.0022714021280375585,False,False,3.199999999999818,19.0,42.149999999997604,3.9999999999997726,27.0,83.79999999999524,A_high_quality,53.664000034332275,1.6999999999999886,42.14124784104771,37,12.10076682663621,True,False,False,1472735285.5787733,2016-09-01 13:08:05.578773260+00:00
38,short_impulsive_candidate,1472735298.232,2016-09-01 13:08:18.232000113+00:00,/Users/glennthompson/Developer/KSCRocketSeismoHydrology/08_fireball_paper/falcon9-seismoacoustic-workflow-1.0.0/data/outputs/070_prepare_event_waveform_products/event_streams/candidate_event_038.pkl,-0.04,0.18,-0.04,0.18,False,1.0,56,True,False,201.5,350.0,201.3999999999999,350.0,0.9101926655054717,0.8997994612612163,0.8515649437437096,0.8062906843550045,0.8089001348275568,0.9339067564929129,0.8075954095912807,0.12631134690163215,0.0,0.19499920860870273,0.9128709291752769,0.9032169051725343,9,51.43763797347929,0.08772723728851176,0.009630421714680301,0.9101926655054717,0.8914258079865548,0.9076032852434065,0.018766857518916935,0.002589380262065233,False,False,2.899999999999835,20.0,43.14999999999755,3.9999999999997726,28.0,87.69999999999501,A_high_quality,62.304866552352905,1.0999999999999943,27.26321378157781,38,14.814464409381268,True,False,False,1472735294.2196398,2016-09-01 13:08:14.219639778+00:00
39,short_impulsive_candidate,1472735302.6631336,2016-09-01 13:08:22.663133621+00:00,/Users/glennthompson/Developer/KSCRocketSeismoHydrology/08_fireball_paper/falcon9-seismoacoustic-workflow-1.0.0/data/outputs/070_prepare_event_waveform_products/event_streams/candidate_event_039.pkl,-0.04,0.18,-0.04,0.18,False,1.0,56,True,False,201.0,352.0,200.8999999999999,351.5,0.9616249033498661,0.9566892415964285,0.9380567919600445,0.9096411858764069,0.9039464501879437,0.991513951119579,0.9067938180321753,0.08472013308740367,0.0,0.17708197167231468,1.9735910742590679,0.9591609004507853,9,60.16893658258091,0.08796761917521675,0.010313276440218486,0.9616249033498661,0.9538961304191131,0.9600244934590748,0.007728772930752914,0.0016004098907912434,False,False,3.9999999999997726,31.5,102.1499999999942,3.9999999999997726,40.0,149.74999999999147,A_high_quality,66.73600006103516,0.5999999999999943,14.86956031622465,39,12.94818910038689,True,False,False,1472735298.6507733,2016-09-01 13:08:18.650773287+00:00
40,short_impulsive_candidate,1472735329.1835666,2016-09-01 13:08:49.183566570+00:00,/Users/glennthompson/Developer/KSCRocketSeismoHydrology/08_fireball_paper/falcon9-seismoacoustic-workflow-1.0.0/data/outputs/070_prepare_event_waveform_products/event_streams/candidate_event_040.pkl,-0.04,0.18,-0.04,0.18,False,1.0,56,False,False,200.5,358.0,200.3999999999999,359.0,0.8634420999587986,0.8526239156849608,0.7593387527391106,0.7299646892782358,0.7578306114932163,0.8490123198108717,0.743897650385726,0.10511466942514569,0.0,0.5868938953886003,1.257078722109418,0.8512206787352987,9,24.37567687037912,0.08672520474766814,0.010805876519960882,0.8634420999587986,0.8502913268673111,0.8612762151638247,0.013150773091487489,0.002165884794973927,False,False,3.499999999999801,26.5,67.39999999999617,3.9999999999997726,36.0,114.64999999999348,B_probable,93.25643301010132,0.09999999999999432,2.4781719778147786,40,2.9149997044364073,True,False,False,1472735325.1712062,2016-09-01 13:08:45.171206236+00:00
41,short_impulsive_candidate,1472735347.3150668,2016-09-01 13:09:07.315066814+00:00,/Users/glennthompson/Developer/KSCRocketSeismoHydrology/08_fireball_paper/falcon9-seismoacoustic-workflow-1.0.0/data/outputs/070_prepare_event_waveform_products/event_streams/candidate_event_041.pkl,-0.04,0.18,-0.04,0.18,False,1.0,56,False,False,200.0,346.0,200.29999999999987,344.5,0.8710842835509158,0.8566837912375183,0.7853700440420243,0.7026061431055675,0.7299110248605364,0.9225598926027286,0.716258583983052,0.20630130861967666,0.0,0.29606472432163267,3.0368111930481,0.8432113375221522,9,20.591914896295656,0.09049872445518332,0.011408166732017649,0.8710842835509158,0.8536540478750938,0.8675022084389695,0.017430235675822026,0.0035820751119463035,False,False,3.6999999999997897,20.0,31.799999999998192,3.9999999999997726,36.0,103.39999999999412,B_probable,111.38793325424194,-2.842170943040401e-14,-7.043381235405082e-13,41,2.569305908961639,False,False,False,1472735343.3027065,2016-09-01 13:09:03.302706480+00:00
42,short_impulsive_candidate,1472735354.1855617,2016-09-01 13:09:14.185561657+00:00,/Users/glennthompson/Developer/KSCRocketSeismoHydrology/08_fireball_paper/falcon9-seismoacoustic-workflow-1.0.0/data/outputs/070_prepare_event_waveform_products/event_streams/candidate_event_042.pkl,-0.04,0.18,-0.04,0.18,False,1.0,56,False,False,201.0,324.0,200.7999999999999,325.0,0.6955056021045685,0.6626490267709876,0.48958093020987975,0.2566943727024257,0.3025058833069188,0.9506851753136337,0.27960012800467227,0.6710850473089615,-0.004,,,,0,23.267842548593432,0.09527247112114189,0.011310701459130077,0.6955056021045685,0.6878825544307638,0.6945927062134918,0.007623047673804617,0.0009128958910766816,False,False,3.8999999999997783,34.0,103.19999999999413,3.9999999999997726,40.0,148.79999999999154,C_weak_or_broad,118.25842809677124,0.5,12.391161856075831,42,5.096149716442508,True,False,False,1472735350.1732013,2016-09-01 13:09:10.173201323+00:00
43,short_impulsive_candidate,1472735359.0820668,2016-09-01 13:09:19.082066774+00:00,/Users/glennthompson/Developer/KSCRocketSeismoHydrology/08_fireball_paper/falcon9-seismoacoustic-workflow-1.0.0/data/outputs/070_prepare_event_waveform_products/event_streams/candidate_event_043.pkl,-0.04,0.18,-0.04,0.18,False,1.0,56,False,False,202.5,328.0,202.4999999999999,328.5,0.7503366970250439,0.7206968902506053,0.5895928143734036,0.5580270949418453,0.3591020994255197,0.8260068117603581,0.4585645971836825,0.3674422145766756,0.0,0.6601533678894268,3.095197394929804,0.7104895367404833,9,16.49390569712752,0.09199676889084882,0.00855384907794918,0.7503366970250439,0.7393024082046069,0.7486692871493383,0.011034288820437,0.0016674098757055722,False,False,3.2999999999998124,34.0,73.64999999999581,3.9999999999997726,39.0,130.4499999999926,B_probable,123.15493321418762,2.1999999999999886,54.54653765344527,43,2.3113571886879383,False,False,False,1472735355.0697064,2016-09-01 13:09:15.069706440+00:00
44,short_impulsive_candidate,1472735359.824,2016-09-01 13:09:19.823999882+00:00,/Users/glennthompson/Developer/KSCRocketSeismoHydrology/08_fireball_paper/falcon9-seismoacoustic-workflow-1.0.0/data/outputs/070_prepare_event_waveform_products/event_streams/candidate_event_044.pkl,-0.04,0.18,-0.04,0.18,False,1.0,56,True,False,200.5,362.0,200.3999999999999,361.5,0.853052748472959,0.8372043806165836,0.7536506005150444,0.6321031972088803,0.702426765645391,0.9328897499203542,0.6672649814271356,0.2656247684932186,0.0,0.41365578819967175,3.24037034920393,0.8477990439735831,9,35.00214583063635,0.08612544537873544,0.010731147083446631,0.853052748472959,0.8349677629138538,0.8494491414584037,0.018084985559105204,0.00360360701455531,False,False,3.099999999999824,19.5,41.69999999999763,3.6999999999997897,31.5,92.09999999999476,B_probable,123.89686632156372,0.09999999999999432,2.4781719778147786,44,6.905771775140774,True,False,False,1472735355.8116395,2016-09-01 13:09:15.811639547+00:00
45,short_impulsive_candidate,1472735362.7675667,2016-09-01 13:09:22.767566681+00:00,/Users/glennthompson/Developer/KSCRocketSeismoHydrology/08_fireball_paper/falcon9-seismoacoustic-workflow-1.0.0/data/outputs/070_prepare_event_waveform_products/event_streams/candidate_event_045.pkl,-0.04,0.18,-0.04,0.18,False,1.0,56,False,False,199.5,368.0,199.2999999999999,368.0,0.7161971269060445,0.6845152428820441,0.5274399058840903,0.3854901581363542,0.2521091970443611,0.9427192377884835,0.31879967759035766,0.6239195601981259,0.0,,,,0,23.458942544628115,0.08585920307505983,0.012058334669660577,0.7161971269060445,0.7065658579918939,0.7153226188661564,0.00963126891415067,0.0008745080398880889,False,False,3.8999999999997783,32.0,86.84999999999506,3.9999999999997726,40.0,143.79999999999183,C_weak_or_broad,126.84043312072754,-1.0,-24.784211233598942,45,2.557255791314461,False,False,False,1472735358.7552063,2016-09-01 13:09:18.755206347+00:00
46,short_impulsive_candidate,1472735371.0058932,2016-09-01 13:09:31.005893230+00:00,/Users/glennthompson/Developer/KSCRocketSeismoHydrology/08_fireball_paper/falcon9-seismoacoustic-workflow-1.0.0/data/outputs/070_prepare_event_waveform_products/event_streams/candidate_event_046.pkl,-0.04,0.18,-0.04,0.18,False,1.0,56,True,False,201.0,358.0,200.8999999999999,359.0,0.5995202648187146,0.553843426838763,0.33607104357728373,-0.09847280163304238,0.15077057270376418,0.9399976497037112,0.026148885535360898,0.9138487641683504,0.0,,,,0,52.762878368804635,0.08612985554342253,0.010097818018765456,0.5995202648187146,0.5862064127447382,0.596911427035437,0.013313852073976395,0.0026088377832775844,False,False,3.199999999999818,25.5,61.44999999999651,3.9999999999997726,39.0,116.99999999999335,C_weak_or_broad,135.07875967025757,0.5999999999999943,14.86956031622465,46,3.0646222841200332,True,False,False,1472735366.993533,2016-09-01 13:09:26.993532896+00:00
47,short_impulsive_candidate,1472735373.9361334,2016-09-01 13:09:33.936133385+00:00,/Users/glennthompson/Developer/KSCRocketSeismoHydrology/08_fireball_paper/falcon9-seismoacoustic-workflow-1.0.0/data/outputs/070_prepare_event_waveform_products/event_streams/candidate_event_047.pkl,-0.04,0.18,-0.04,0.18,False,1.0,56,True,False,200.5,354.0,200.3999999999999,354.5,0.8133149379465956,0.7916216608115381,0.6917097072983639,0.533981295336956,0.5649544869063662,0.9633616914085988,0.5494678911216611,0.4138938002869378,0.0,0.31426968052733656,0.7243558228002942,0.8098783061932344,9,53.332983033295,0.08782608886999396,0.01094304561541878,0.8133149379465956,0.7931064618553945,0.8111706764172044,0.020208476091201133,0.002144261529391178,False,False,3.199999999999818,19.0,44.89999999999745,3.799999999999784,28.0,82.29999999999532,B_probable,138.00899982452393,0.09999999999999432,2.4781719778147786,47,3.810050753242263,True,False,False,1472735369.923773,2016-09-01 13:09:29.923773050+00:00
48,short_impulsive_candidate,1472735379.9755669,2016-09-01 13:09:39.975566864+00:00,/Users/glennthompson/Developer/KSCRocketSeismoHydrology/08_fireball_paper/falcon9-seismoacoustic-workflow-1.0.0/data/outputs/070_prepare_event_waveform_products/event_streams/candidate_event_048.pkl,-0.04,0.18,-0.04,0.18,False,1.0,56,True,False,200.5,348.0,200.59999999999988,346.5,0.6737203726126091,0.6373343613654848,0.45659877896659057,0.16447064965826655,0.26900275683819785,0.934531219648217,0.2167367032482322,0.7177945163999848,0.0,,,,0,30.28066603134198,0.08960790756530451,0.010902357394749637,0.6737203726126091,0.6623589844761153,0.6725275396549024,0.011361388136493789,0.0011928329577066688,False,False,3.799999999999784,27.5,74.39999999999577,3.9999999999997726,37.5,123.89999999999296,C_weak_or_broad,144.048433303833,0.29999999999998295,7.434576325667169,48,2.0485956947830943,False,False,True,1472735375.9632065,2016-09-01 13:09:35.963206530+00:00
49,short_impulsive_candidate,1472735403.7985668,2016-09-01 13:10:03.798566818+00:00,/Users/glennthompson/Developer/KSCRocketSeismoHydrology/08_fireball_paper/falcon9-seismoacoustic-workflow-1.0.0/data/outputs/070_prepare_event_waveform_products/event_streams/candidate_event_049.pkl,-0.04,0.18,-0.04,0.18,False,1.0,56,False,False,200.5,356.0,200.3999999999999,356.5,0.7045616038744131,0.6646018741645432,0.5290023968784355,0.2729824298726692,0.2809181101872396,0.9368078936805362,0.2769502700299544,0.6598576236505818,0.0,,,,0,22.321290332984134,0.08733337588895614,0.010881654055163979,0.7045616038744131,0.6898784835370266,0.7009335854098925,0.014683120337386502,0.003628018464520655,False,False,3.199999999999818,26.0,50.49999999999713,3.9999999999997726,33.0,108.69999999999382,C_weak_or_broad,167.87143325805664,0.09999999999999432,2.4781719778147786,49,2.278270253443317,False,False,False,1472735399.7862065,2016-09-01 13:09:59.786206484+00:00
50,short_impulsive_candidate,1472735406.2590666,2016-09-01 13:10:06.259066582+00:00,/Users/glennthompson/Developer/KSCRocketSeismoHydrology/08_fireball_paper/falcon9-seismoacoustic-workflow-1.0.0/data/outputs/070_prepare_event_waveform_products/event_streams/candidate_event_050.pkl,-0.04,0.18,-0.04,0.18,False,1.0,56,False,False,200.5,350.0,200.4999999999999,349.5,0.7265309083004493,0.6939194085668106,0.5508963158018146,0.4707070923487207,0.2660167366357195,0.8859135095662071,0.3683619144922201,0.517551595073987,0.0,,,,0,19.00544338355936,0.08896077709124486,0.01095420339084928,0.7265309083004493,0.7104703525081083,0.7239909008980248,0.016060555792341003,0.002540007402424549,False,False,3.5999999999997954,20.0,47.79999999999728,3.9999999999997726,30.0,101.39999999999424,C_weak_or_broad,170.3319330215454,0.19999999999998863,4.956359053593282,50,4.209511540336874,True,False,False,1472735402.2467062,2016-09-01 13:10:02.246706247+00:00
51,short_impulsive_candidate,1472735422.0620668,2016-09-01 13:10:22.062066793+00:00,/Users/glennthompson/Developer/KSCRocketSeismoHydrology/08_fireball_paper/falcon9-seismoacoustic-workflow-1.0.0/data/outputs/070_prepare_event_waveform_products/event_streams/candidate_event_051.pkl,-0.04,0.18,-0.04,0.18,False,1.0,56,False,False,200.5,338.0,200.4999999999999,337.0,0.8750018927155566,0.8606702521876572,0.7929987070148109,0.7291000422431456,0.7459381087906294,0.8979779838106834,0.7375190755168874,0.16045890829379594,0.0,0.24695678634324006,1.1573703697777589,0.8591297626239436,9,18.925384080826294,0.09226050917919904,0.011360516573002445,0.8750018927155566,0.8549468047902989,0.8715453165162445,0.020055087925257675,0.003456576199312167,False,False,3.199999999999818,18.5,28.599999999998374,3.799999999999784,31.5,82.7499999999953,B_probable,186.1349332332611,0.19999999999998863,4.956359053593282,51,5.165549921483875,True,False,False,1472735418.0497065,2016-09-01 13:10:18.049706459+00:00
52,short_impulsive_candidate,1472735428.7245717,2016-09-01 13:10:28.724571705+00:00,/Users/glennthompson/Developer/KSCRocketSeismoHydrology/08_fireball_paper/falcon9-seismoacoustic-workflow-1.0.0/data/outputs/070_prepare_event_waveform_products/event_streams/candidate_event_052.pkl,-0.04,0.18,-0.04,0.18,False,1.0,56,False,False,201.0,354.0,200.8999999999999,354.5,0.9108232577149872,0.9001092087904079,0.8537886622037124,0.7686515082761312,0.8443888830480081,0.9374510482326959,0.8065201956620696,0.1309308525706263,0.0,0.31269438398821087,2.4608038433722332,0.8678287919653437,9,24.436938666596692,0.08722318234157599,0.010225999065548087,0.9108232577149872,0.8944402800842352,0.9085827671037814,0.016382977630752027,0.002240490611205792,False,False,3.3999999999998067,22.5,51.54999999999707,3.9999999999997726,32.0,96.6499999999945,A_high_quality,192.79743814468384,0.5999999999999943,14.86956031622465,52,5.555406287708106,True,False,False,1472735424.7122114,2016-09-01 13:10:24.712211370+00:00
53,short_impulsive_candidate,1472735435.1970668,2016-09-01 13:10:35.197066784+00:00,/Users/glennthompson/Developer/KSCRocketSeismoHydrology/08_fireball_paper/falcon9-seismoacoustic-workflow-1.0.0/data/outputs/070_prepare_event_waveform_products/event_streams/candidate_event_053.pkl,-0.04,0.18,-0.04,0.18,False,1.0,56,False,False,202.0,304.0,201.7999999999999,304.5,0.5720450207109766,0.5359091868760478,0.25249754292673954,0.015044124300829376,0.0036710730576167178,0.9000357655500338,0.009357598679223048,0.8906781668708108,-0.012,,,,0,15.5306489618158,0.10026266216779618,0.010400284397849568,0.5720450207109766,0.5616516738931323,0.5708239472051926,0.010393346817844318,0.0012210735057840427,False,False,2.9999999999998295,35.5,79.94999999999546,3.9999999999997726,40.0,151.94999999999135,C_weak_or_broad,199.26993322372437,1.5,37.181036804281625,53,1.8009848548365728,False,False,False,1472735431.1847064,2016-09-01 13:10:31.184706450+00:00
54,short_impulsive_candidate,1472735657.3631334,2016-09-01 13:14:17.363133430+00:00,/Users/glennthompson/Developer/KSCRocketSeismoHydrology/08_fireball_paper/falcon9-seismoacoustic-workflow-1.0.0/data/outputs/070_prepare_event_waveform_products/event_streams/candidate_event_054.pkl,-0.04,0.18,-0.04,0.18,False,1.0,56,True,False,200.5,352.0,200.59999999999988,351.0,0.9458691974327795,0.9330717683492153,0.9301306821162516,0.852484275918142,0.8499993309992314,0.9963393506540948,0.8512418034586867,0.14509754719540813,0.0,0.11331154474649989,1.314684396244359,0.9423843134495188,9,265.006220445685,0.0884590882375442,0.010762583581996436,0.9458691974327795,0.9285781073101133,0.9431729151507585,0.017291090122666275,0.002696282282021012,False,False,3.2999999999998124,19.0,44.69999999999746,3.9999999999997726,28.5,93.39999999999469,A_high_quality,421.4359998703003,0.29999999999998295,7.434576325667169,54,25.57251325150511,True,False,False,1472735653.350773,2016-09-01 13:14:13.350773096+00:00
55,short_impulsive_candidate,1472735659.4221334,2016-09-01 13:14:19.422133446+00:00,/Users/glennthompson/Developer/KSCRocketSeismoHydrology/08_fireball_paper/falcon9-seismoacoustic-workflow-1.0.0/data/outputs/070_prepare_event_waveform_products/event_streams/candidate_event_055.pkl,-0.04,0.18,-0.04,0.18,False,1.0,56,True,False,203.0,344.0,203.09999999999988,343.0,0.9522961261282771,0.9456437605174552,0.9245493490890198,0.9287178280799742,0.9431127754869404,0.883566318761633,0.9359153017834573,-0.052348983021824225,0.0,0.667406996341349,1.606314699422329,0.9388155356960766,9,119.14010481573337,0.08732493703210795,0.0072992678105398764,0.9522961261282771,0.9438168422629838,0.9509711034135725,0.008479283865293286,0.0013250227147045823,False,False,3.9999999999997726,34.5,99.14999999999436,3.9999999999997726,40.0,154.3499999999912,B_probable,423.4949998855591,2.799999999999983,69.4440358209842,55,10.443672494956097,True,False,False,1472735655.409773,2016-09-01 13:14:15.409773111+00:00
56,short_impulsive_candidate,1472735670.4951334,2016-09-01 13:14:30.495133400+00:00,/Users/glennthompson/Developer/KSCRocketSeismoHydrology/08_fireball_paper/falcon9-seismoacoustic-workflow-1.0.0/data/outputs/070_prepare_event_waveform_products/event_streams/candidate_event_056.pkl,-0.04,0.18,-0.04,0.18,False,1.0,56,True,False,201.5,352.0,201.4999999999999,352.5,0.9916705810327566,0.9905656731978957,0.9866558855700956,0.9821172521078084,0.98415917094967,0.9912691063330505,0.9831382115287393,0.008130894804311284,0.0,0.20786985482076273,0.7453559924999299,0.9909285619592787,9,162.14317502250816,0.0869816593223943,0.00941765209475022,0.9916705810327566,0.9736805731714897,0.9900271164574591,0.01799000786126692,0.0016434645752975152,False,False,3.3999999999998067,19.5,47.99999999999727,3.9999999999997726,28.0,90.74999999999484,A_high_quality,434.5679998397827,1.1999999999999886,29.742382488127284,56,13.874026982024894,True,False,False,1472735666.482773,2016-09-01 13:14:26.482773066+00:00
57,short_impulsive_candidate,1472735746.158893,2016-09-01 13:15:46.158893108+00:00,/Users/glennthompson/Developer/KSCRocketSeismoHydrology/08_fireball_paper/falcon9-seismoacoustic-workflow-1.0.0/data/outputs/070_prepare_event_waveform_products/event_streams/candidate_event_057.pkl,-0.04,0.18,-0.04,0.18,False,1.0,56,True,False,200.5,354.0,200.4999999999999,354.0,0.9708877394686379,0.9668213143693984,0.9539747542349946,0.9231921777246193,0.9425323257864409,0.9849714111512327,0.9328622517555301,0.0521091593957026,0.0,0.3177855476905395,0.43744488188954506,0.9625714607586393,9,124.1418373693964,0.0878299197553392,0.010814955042660515,0.9708877394686379,0.9489524530928857,0.9668574896009934,0.02193528637575226,0.004030249867644553,False,False,2.9999999999998295,16.0,33.149999999998116,3.6999999999997897,25.0,73.7999999999958,A_high_quality,510.23175954818726,0.19999999999998863,4.956359053593282,57,15.23968059361449,True,False,False,1472735742.1465328,2016-09-01 13:15:42.146532774+00:00
58,short_impulsive_candidate,1472735949.3250668,2016-09-01 13:19:09.325066805+00:00,/Users/glennthompson/Developer/KSCRocketSeismoHydrology/08_fireball_paper/falcon9-seismoacoustic-workflow-1.0.0/data/outputs/070_prepare_event_waveform_products/event_streams/candidate_event_058.pkl,-0.04,0.18,-0.04,0.18,False,1.0,56,False,False,208.5,358.0,208.1999999999999,360.0,0.676113796264989,0.6367978717831971,0.47017536597535364,0.3124132760750644,0.2422296228457872,0.8141998534236154,0.2773214494604258,0.5368784039631896,-0.012,,,,0,14.566047129707325,0.07650216342320815,-0.0002986361120520774,0.676113796264989,0.6707584498874299,0.6749014775153859,0.005355346377559078,0.0012123187496031473,False,False,3.9999999999997726,39.5,117.64999999999331,3.9999999999997726,40.0,158.54999999999097,C_weak_or_broad,713.3979332447052,7.900000000000006,197.02553495916501,58,2.404965311505254,False,False,False,1472735945.3127065,2016-09-01 13:19:05.312706470+00:00
59,short_impulsive_candidate,1472735951.1161337,2016-09-01 13:19:11.116133690+00:00,/Users/glennthompson/Developer/KSCRocketSeismoHydrology/08_fireball_paper/falcon9-seismoacoustic-workflow-1.0.0/data/outputs/070_prepare_event_waveform_products/event_streams/candidate_event_059.pkl,-0.04,0.18,-0.04,0.18,False,1.0,56,False,False,201.5,318.0,201.3999999999999,318.5,0.48106088631293376,0.4132508341198968,0.16555192920497838,-0.04774219690011483,-0.18119684929817229,0.8494392570658976,-0.11446952309914356,0.9639087801650412,-0.036000000000000004,,,,0,17.894439454436217,0.09640355745990302,0.01058288100514319,0.48106088631293376,0.46838624762330416,0.47800577414181133,0.012674638689629592,0.0030551121711224205,False,False,3.9999999999997726,30.0,57.9999999999967,3.9999999999997726,39.5,134.39999999999236,C_weak_or_broad,715.1890001296997,1.0999999999999943,27.26321378157781,59,5.77130612662966,True,False,False,1472735947.1037734,2016-09-01 13:19:07.103773355+00:00
60,short_impulsive_candidate,1472735951.356567,2016-09-01 13:19:11.356566906+00:00,/Users/glennthompson/Developer/KSCRocketSeismoHydrology/08_fireball_paper/falcon9-seismoacoustic-workflow-1.0.0/data/outputs/070_prepare_event_waveform_products/event_streams/candidate_event_060.pkl,-0.04,0.18,-0.04,0.18,False,1.0,56,False,False,201.5,322.0,201.69999999999987,322.5,0.6226099131485685,0.580722945104656,0.3708807304288741,0.4341385578594155,0.10969167163400914,0.6131624907734803,0.2719151147467123,0.34124737602676797,-0.036,,,,0,11.999211351440842,0.09480235214813013,0.009977803744899,0.6226099131485685,0.6057224635380498,0.6206413259876195,0.01688744961051869,0.0019685871609490535,False,False,3.5999999999997954,22.0,48.999999999997215,3.9999999999997726,33.0,94.9999999999946,C_weak_or_broad,715.4294333457947,1.3999999999999773,34.701278870402284,60,1.965116394050697,False,False,False,1472735947.3442066,2016-09-01 13:19:07.344206572+00:00
61,short_impulsive_candidate,1472735951.6145668,2016-09-01 13:19:11.614566803+00:00,/Users/glennthompson/Developer/KSCRocketSeismoHydrology/08_fireball_paper/falcon9-seismoacoustic-workflow-1.0.0/data/outputs/070_prepare_event_waveform_products/event_streams/candidate_event_061.pkl,-0.04,0.18,-0.04,0.18,False,1.0,56,False,False,198.5,322.0,198.4999999999999,321.5,0.794235979466315,0.7738457703551123,0.6496425862662384,0.5116635879804773,0.6465445269593154,0.8240978516582128,0.5791040574698963,0.24499379418831646,0.0,0.5958705634573849,5.89622184952071,0.77430678112218,9,11.71553955724541,0.09929942160934094,0.015061848577881645,0.794235979466315,0.7827122221864968,0.7922523103056225,0.011523757279818136,0.0019836691606924806,False,False,3.8999999999997783,30.0,74.09999999999579,3.9999999999997726,33.0,118.19999999999328,B_probable,715.6874332427979,-1.8000000000000114,-44.62173123415769,61,3.308764104037905,True,False,False,1472735947.6022065,2016-09-01 13:19:07.602206469+00:00
62,short_impulsive_candidate,1472735953.066893,2016-09-01 13:19:13.066893101+00:00,/Users/glennthompson/Developer/KSCRocketSeismoHydrology/08_fireball_paper/falcon9-seismoacoustic-workflow-1.0.0/data/outputs/070_prepare_event_waveform_products/event_streams/candidate_event_062.pkl,-0.04,0.18,-0.04,0.18,False,1.0,56,True,False,200.5,356.0,200.59999999999988,358.0,0.9355222332015026,0.9288348346569179,0.8911066620367595,0.8386494251242175,0.8537268903780802,0.9873804404538312,0.8461881577511489,0.14119228270268236,0.0,0.2819683897877511,1.1785113019775793,0.9230766469090981,9,60.227557797649126,0.08672944126083244,0.01055214200357751,0.9355222332015026,0.9268642442613705,0.9344454678062311,0.008657988940132144,0.0010767653952715728,False,False,3.9999999999997726,31.5,94.34999999999464,3.9999999999997726,39.0,143.34999999999184,A_high_quality,717.1397595405579,0.29999999999998295,7.434576325667169,62,18.873418601770304,True,False,False,1472735949.0545328,2016-09-01 13:19:09.054532766+00:00
63,short_impulsive_candidate,1472735953.258067,2016-09-01 13:19:13.258066893+00:00,/Users/glennthompson/Developer/KSCRocketSeismoHydrology/08_fireball_paper/falcon9-seismoacoustic-workflow-1.0.0/data/outputs/070_prepare_event_waveform_products/event_streams/candidate_event_063.pkl,-0.04,0.18,-0.04,0.18,False,1.0,56,True,False,202.0,360.0,201.8999999999999,359.5,0.8093823309098969,0.7891096089948549,0.6795828275649197,0.5152841569050387,0.5708531284841694,0.9648559550876388,0.5430686426946041,0.4217873123930347,0.0,0.22110831935701408,1.4907119849998598,0.7982494464038421,9,29.71068772769319,0.08480141778247642,0.008667376477537334,0.8093823309098969,0.7982814863440065,0.8079012275967032,0.011100844565890333,0.0014811033131936213,False,False,3.799999999999784,27.5,77.2999999999956,3.9999999999997726,37.5,121.94999999999307,B_probable,717.3309333324432,1.5999999999999943,39.661021413776204,63,4.301430268621847,True,False,False,1472735949.2457066,2016-09-01 13:19:09.245706558+00:00
64,short_impulsive_candidate,1472735953.7368932,2016-09-01 13:19:13.736893177+00:00,/Users/glennthompson/Developer/KSCRocketSeismoHydrology/08_fireball_paper/falcon9-seismoacoustic-workflow-1.0.0/data/outputs/070_prepare_event_waveform_products/event_streams/candidate_event_064.pkl,-0.04,0.18,-0.04,0.18,False,1.0,56,True,False,198.5,390.0,198.3999999999999,391.0,0.9277699926845364,0.920290930608639,0.8779771715967651,0.8409126909469772,0.8366687460925076,0.9637277506993908,0.8387907185197424,0.12493703217964836,0.0,0.31661792997275995,4.718626081685795,0.9267220544163945,9,33.91026678551689,0.08175294092510306,0.01251389821575705,0.9277699926845364,0.9228864081428669,0.9270346308133943,0.004883584541669483,0.0007353618711420928,False,False,3.9999999999997726,38.0,140.99999999999199,3.9999999999997726,40.0,166.04999999999058,B_probable,717.8097596168518,-1.9000000000000057,-47.10248674743608,64,11.041629818373314,True,False,False,1472735949.7245328,2016-09-01 13:19:09.724532843+00:00
65,short_impulsive_candidate,1472735954.5211334,2016-09-01 13:19:14.521133423+00:00,/Users/glennthompson/Developer/KSCRocketSeismoHydrology/08_fireball_paper/falcon9-seismoacoustic-workflow-1.0.0/data/outputs/070_prepare_event_waveform_products/event_streams/candidate_event_065.pkl,-0.04,0.18,-0.04,0.18,False,1.0,56,True,False,199.5,344.0,199.59999999999988,344.0,0.9332337620856941,0.9260549974732908,0.888003818008598,0.8217334315661418,0.8663339443709783,0.979180112692689,0.84403368796856,0.13514642472412897,0.0,0.27397395568749444,1.257078722109418,0.9258243888873869,9,88.39167365570827,0.09148656599262163,0.012457546355921625,0.9332337620856941,0.9205873939328741,0.931941103575984,0.012646368152819942,0.001292658509710054,False,False,3.5999999999997954,24.5,68.39999999999611,3.9999999999997726,35.0,116.44999999999338,A_high_quality,718.5939998626709,-0.700000000000017,-17.348049377035224,65,13.303117155066076,True,False,False,1472735950.508773,2016-09-01 13:19:10.508773088+00:00
66,short_impulsive_candidate,1472735955.212,2016-09-01 13:19:15.211999893+00:00,/Users/glennthompson/Developer/KSCRocketSeismoHydrology/08_fireball_paper/falcon9-seismoacoustic-workflow-1.0.0/data/outputs/070_prepare_event_waveform_products/event_streams/candidate_event_066.pkl,-0.04,0.18,-0.04,0.18,False,1.0,56,True,False,200.5,348.0,200.2999999999999,349.0,0.9126046120382412,0.9050564888371719,0.8478535936796904,0.7994472931798366,0.7872197540128156,0.9860871525746211,0.7933335235963261,0.19275362897829496,0.0,0.2114033065604374,1.082977149423218,0.9053553476562108,9,62.754691648037486,0.08933183545791015,0.011261070026303926,0.9126046120382412,0.9005347187759722,0.9113791798185265,0.012069893262268927,0.0012254322197147172,False,False,3.9999999999997726,24.5,72.59999999999587,3.9999999999997726,35.5,115.29999999999345,A_high_quality,719.2848663330078,0.0,0.0,66,16.6546755979032,True,False,False,1472735951.1996396,2016-09-01 13:19:11.199639559+00:00
67,short_impulsive_candidate,1472735956.8075666,2016-09-01 13:19:16.807566643+00:00,/Users/glennthompson/Developer/KSCRocketSeismoHydrology/08_fireball_paper/falcon9-seismoacoustic-workflow-1.0.0/data/outputs/070_prepare_event_waveform_products/event_streams/candidate_event_067.pkl,-0.04,0.18,-0.04,0.18,False,1.0,56,True,False,200.0,350.0,200.39999999999986,347.5,0.833692954881218,0.8160553009968455,0.720298871415553,0.601748870160142,0.6477926026837835,0.9227073816418787,0.6247707364219628,0.2979366452199159,0.0,0.49665548085834976,3.423773097362356,0.7977476961728788,9,30.449587711362504,0.08959524749471331,0.011163481066664663,0.833692954881218,0.8182947768175328,0.8303000219089556,0.015398178063685153,0.003392932972262397,False,False,3.9999999999997726,21.5,42.54999999999758,3.9999999999997726,38.5,120.19999999999317,B_probable,720.8804330825806,0.0999999999999659,2.4781719778140747,67,9.134195639620785,True,False,False,1472735952.7952063,2016-09-01 13:19:12.795206308+00:00
68,short_impulsive_candidate,1472735958.1421337,2016-09-01 13:19:18.142133713+00:00,/Users/glennthompson/Developer/KSCRocketSeismoHydrology/08_fireball_paper/falcon9-seismoacoustic-workflow-1.0.0/data/outputs/070_prepare_event_waveform_products/event_streams/candidate_event_068.pkl,-0.04,0.18,-0.04,0.18,False,1.0,56,False,False,200.5,352.0,200.4999999999999,353.0,0.7482194663952457,0.7203475098452007,0.580054802440627,0.3575764707009094,0.43663483993316654,0.9473524836693284,0.397105655317038,0.5502468283522904,0.0,,,,0,24.142107543224846,0.0880787297263175,0.010845592309070323,0.7482194663952457,0.7367345990451257,0.7466361955198682,0.011484867350119998,0.0015832708753775737,False,False,3.499999999999801,25.5,71.59999999999593,3.9999999999997726,40.0,135.3499999999923,C_weak_or_broad,722.2150001525879,0.19999999999998863,4.956359053593282,68,2.32861139558896,False,False,False,1472735954.1297734,2016-09-01 13:19:14.129773378+00:00
69,short_impulsive_candidate,1472735958.8551335,2016-09-01 13:19:18.855133533+00:00,/Users/glennthompson/Developer/KSCRocketSeismoHydrology/08_fireball_paper/falcon9-seismoacoustic-workflow-1.0.0/data/outputs/070_prepare_event_waveform_products/event_streams/candidate_event_069.pkl,-0.04,0.18,-0.04,0.18,False,1.0,56,True,False,200.0,360.0,200.19999999999987,358.5,0.9497152351757068,0.940070430112592,0.9283648855407581,0.8474648119573317,0.9106720773633631,0.9721800461859673,0.8790684446603474,0.09311160152561992,0.0,0.2572408200619904,1.867526257107957,0.9466240150985716,9,47.24205129948511,0.08708278291558326,0.011104338175417224,0.9497152351757068,0.9302251033464114,0.9462288421060717,0.019490131829295376,0.003486393069635052,False,False,3.5999999999997954,21.5,35.84999999999796,3.9999999999997726,31.0,84.69999999999519,A_high_quality,722.9279999732971,-0.10000000000002274,-2.478171977815483,69,9.810625405623536,True,False,False,1472735954.8427732,2016-09-01 13:19:14.842773199+00:00
70,short_impulsive_candidate,1472735962.6218932,2016-09-01 13:19:22.621893167+00:00,/Users/glennthompson/Developer/KSCRocketSeismoHydrology/08_fireball_paper/falcon9-seismoacoustic-workflow-1.0.0/data/outputs/070_prepare_event_waveform_products/event_streams/candidate_event_070.pkl,-0.04,0.18,-0.04,0.18,False,1.0,56,True,False,200.5,354.0,200.59999999999988,353.5,0.9457794047156637,0.9400494183357553,0.9087487685710522,0.9314033364818262,0.8625247539033147,0.9362942921257569,0.8969640451925704,0.03933024693318643,0.0,0.2845832994414438,1.1083298524033336,0.9394352948076514,9,40.05971464625004,0.08783349355411037,0.010686469129507072,0.9457794047156637,0.9279337684606914,0.9437637457183554,0.017845636254972264,0.0020156589973082673,False,False,3.2999999999998124,19.0,43.9499999999975,3.9999999999997726,28.5,91.4499999999948,A_high_quality,726.6947596073151,0.29999999999998295,7.434576325667169,70,10.475900720058982,True,False,False,1472735958.6095328,2016-09-01 13:19:18.609532833+00:00
71,short_impulsive_candidate,1472735962.8071334,2016-09-01 13:19:22.807133436+00:00,/Users/glennthompson/Developer/KSCRocketSeismoHydrology/08_fireball_paper/falcon9-seismoacoustic-workflow-1.0.0/data/outputs/070_prepare_event_waveform_products/event_streams/candidate_event_071.pkl,-0.04,0.18,-0.04,0.18,False,1.0,56,True,False,200.5,352.0,200.4999999999999,352.5,0.9599138875842643,0.9560692921652038,0.9313615614257106,0.9020825011285709,0.9139634340815733,0.9862658795332723,0.9080229676050722,0.0782429119282001,0.0,0.11653431646334354,0.926296222251837,0.9544035463708473,9,51.46769936401617,0.08820366409472363,0.010860976127948434,0.9599138875842643,0.9459757051243114,0.9571670155938024,0.01393818245995293,0.0027468719904619743,False,False,3.8999999999997783,22.0,62.49999999999645,3.9999999999997726,32.5,110.49999999999372,A_high_quality,726.8799998760223,0.19999999999998863,4.956359053593282,71,13.537930377198837,True,False,False,1472735958.794773,2016-09-01 13:19:18.794773102+00:00
72,short_impulsive_candidate,1472735963.7338932,2016-09-01 13:19:23.733893156+00:00,/Users/glennthompson/Developer/KSCRocketSeismoHydrology/08_fireball_paper/falcon9-seismoacoustic-workflow-1.0.0/data/outputs/070_prepare_event_waveform_products/event_streams/candidate_event_072.pkl,-0.04,0.18,-0.04,0.18,False,1.0,56,True,False,200.5,352.0,200.4999999999999,353.0,0.9618634589356663,0.9573305196850391,0.9373257356232138,0.9037170121793946,0.92072156080253,0.9835487656007533,0.9122192864909623,0.07132947910979104,0.0,0.22986845406195583,1.9148542155126762,0.9545745428199534,9,40.029194050857974,0.0880787297263175,0.010845592309070323,0.9618634589356663,0.9529733597861769,0.9608965739020562,0.00889009914948935,0.0009668850336100876,False,False,3.9999999999997726,29.0,90.79999999999484,3.9999999999997726,40.0,145.69999999999172,A_high_quality,727.806759595871,0.19999999999998863,4.956359053593282,72,28.1221953769234,True,False,False,1472735959.7215328,2016-09-01 13:19:19.721532822+00:00
73,short_impulsive_candidate,1472735965.036,2016-09-01 13:19:25.036000013+00:00,/Users/glennthompson/Developer/KSCRocketSeismoHydrology/08_fireball_paper/falcon9-seismoacoustic-workflow-1.0.0/data/outputs/070_prepare_event_waveform_products/event_streams/candidate_event_073.pkl,-0.04,0.18,-0.04,0.18,False,1.0,56,True,False,200.0,354.0,199.9999999999999,354.0,0.9751965948637982,0.9725247961223095,0.9584085859520624,0.9425084061784993,0.949754731222739,0.9840984451491533,0.9461315687006191,0.03796687644853425,0.0,0.08164965809276796,0.6573421981221795,0.9738926945163098,9,70.00367347162666,0.0884283233057416,0.011532351115915763,0.9751965948637982,0.9626059981268728,0.9743228270328468,0.012590596736925419,0.0008737678309513885,False,False,3.9999999999997726,24.5,70.74999999999598,3.9999999999997726,33.5,109.44999999999378,A_high_quality,729.1088664531708,-0.30000000000001137,-7.434576325667873,73,21.036339263347593,True,False,False,1472735961.0236397,2016-09-01 13:19:21.023639679+00:00
74,short_impulsive_candidate,1472735966.8391335,2016-09-01 13:19:26.839133501+00:00,/Users/glennthompson/Developer/KSCRocketSeismoHydrology/08_fireball_paper/falcon9-seismoacoustic-workflow-1.0.0/data/outputs/070_prepare_event_waveform_products/event_streams/candidate_event_074.pkl,-0.04,0.18,-0.04,0.18,False,1.0,56,True,False,200.5,350.0,200.4999999999999,350.0,0.9819353774005672,0.9786426253624301,0.9737490109155461,0.9541767266286223,0.9600577719315884,0.9896573155707239,0.9571172492801053,0.03254006629061856,0.0,0.16178021976178011,0.6236095644623235,0.9799444455480133,9,64.01091523426658,0.0888336902668288,0.010938554528862353,0.9819353774005672,0.9696080342108395,0.9803678310540049,0.012327343189727724,0.0015675463465623096,False,False,3.9999999999997726,23.5,67.89999999999614,3.9999999999997726,34.5,115.44999999999344,A_high_quality,730.9119999408722,0.19999999999998863,4.956359053593282,74,12.439705080715264,True,False,False,1472735962.8267732,2016-09-01 13:19:22.826773167+00:00
75,short_impulsive_candidate,1472735969.365,2016-09-01 13:19:29.365000010+00:00,/Users/glennthompson/Developer/KSCRocketSeismoHydrology/08_fireball_paper/falcon9-seismoacoustic-workflow-1.0.0/data/outputs/070_prepare_event_waveform_products/event_streams/candidate_event_075.pkl,-0.04,0.18,-0.04,0.18,False,1.0,56,True,False,200.5,350.0,200.2999999999999,350.0,0.9853629618392739,0.9837656298548952,0.9755179196316837,0.962737697256527,0.9723503000285084,0.9918573370619931,0.9675439986425177,0.02431333841947536,0.0,0.11653431646334354,0.8534606386520677,0.9805200367440736,9,86.71002490642933,0.08907660164231612,0.01122889554051448,0.9853629618392739,0.9724852289311494,0.9839147374284833,0.01287773290812444,0.0014482244107905107,False,False,3.8999999999997783,22.5,63.949999999996365,3.9999999999997726,34.0,114.84999999999347,A_high_quality,733.4378664493561,0.0,0.0,75,13.923044720977725,True,False,False,1472735965.3526397,2016-09-01 13:19:25.352639675+00:00
76,short_impulsive_candidate,1472735973.3711336,2016-09-01 13:19:33.371133566+00:00,/Users/glennthompson/Developer/KSCRocketSeismoHydrology/08_fireball_paper/falcon9-seismoacoustic-workflow-1.0.0/data/outputs/070_prepare_event_waveform_products/event_streams/candidate_event_076.pkl,-0.04,0.18,-0.04,0.18,False,1.0,56,True,False,200.5,356.0,200.4999999999999,356.5,0.9543387780528824,0.9492207275275597,0.9240317076817327,0.8960442230205043,0.9092919666956192,0.9661570841578949,0.9026680948580618,0.06348898929983315,0.0,0.23622546250520102,1.7159383568311668,0.9425441449104582,9,38.18387373495105,0.0872140016644883,0.01073911384320287,0.9543387780528824,0.9443504867541452,0.9524378241691518,0.009988291298737129,0.0019009538837305717,False,False,3.8999999999997783,31.0,83.04999999999528,3.9999999999997726,40.0,146.99999999999164,A_high_quality,737.444000005722,0.19999999999998863,4.956359053593282,76,19.61544188498125,True,False,False,1472735969.3587732,2016-09-01 13:19:29.358773232+00:00
77,short_impulsive_candidate,1472735973.7820668,2016-09-01 13:19:33.782066822+00:00,/Users/glennthompson/Developer/KSCRocketSeismoHydrology/08_fireball_paper/falcon9-seismoacoustic-workflow-1.0.0/data/outputs/070_prepare_event_waveform_products/event_streams/candidate_event_077.pkl,-0.04,0.18,-0.04,0.18,False,1.0,56,False,False,200.5,352.0,200.3999999999999,352.5,0.7986568150117861,0.7768071009219145,0.6628627722931867,0.5089609746642019,0.6217073583919394,0.8656075694855246,0.5653341665280707,0.30027340295745397,0.004,0.4565030796482882,3.9440531887330774,0.7536307910192441,9,15.601902755245748,0.08832439292032018,0.011005133817492078,0.7986568150117861,0.7831207193450356,0.7948730749623933,0.015536095666750516,0.0037837400493927476,False,False,3.6999999999997897,21.0,33.4499999999981,3.9999999999997726,37.0,119.19999999999322,B_probable,737.8549332618713,0.09999999999999432,2.4781719778147786,77,5.069449824472467,True,False,False,1472735969.7697065,2016-09-01 13:19:29.769706488+00:00
78,short_impulsive_candidate,1472735982.4041336,2016-09-01 13:19:42.404133558+00:00,/Users/glennthompson/Developer/KSCRocketSeismoHydrology/08_fireball_paper/falcon9-seismoacoustic-workflow-1.0.0/data/outputs/070_prepare_event_waveform_products/event_streams/candidate_event_078.pkl,-0.04,0.18,-0.04,0.18,False,1.0,56,True,False,199.0,354.0,199.29999999999987,352.5,0.9703905894450917,0.9673400459847213,0.9499328092712944,0.9432194652533802,0.9357231208581521,0.9740876208197143,0.9394712930557662,0.034616327763948185,0.0,0.3235604395235602,1.9148542155126762,0.9696152800687342,9,41.55485092044992,0.08963457228828943,0.012588559314709511,0.9703905894450917,0.9633042446300668,0.9692886240547735,0.007086344815024903,0.0011019653903182602,False,False,3.9999999999997726,34.5,112.34999999999361,3.9999999999997726,40.0,156.7999999999911,A_high_quality,746.4769999980927,-1.0000000000000284,-24.784211233599645,78,10.89028763404731,True,False,False,1472735978.3917732,2016-09-01 13:19:38.391773224+00:00
79,short_impulsive_candidate,1472735988.337067,2016-09-01 13:19:48.337066889+00:00,/Users/glennthompson/Developer/KSCRocketSeismoHydrology/08_fireball_paper/falcon9-seismoacoustic-workflow-1.0.0/data/outputs/070_prepare_event_waveform_products/event_streams/candidate_event_079.pkl,-0.04,0.18,-0.04,0.18,False,1.0,56,False,False,201.0,362.0,201.09999999999988,363.0,0.8151419170133642,0.7918671920386241,0.7001080089509486,0.5539262843644179,0.626237697579364,0.8834546117564095,0.590081990971891,0.29337262078451853,0.004,0.6913932971601405,1.6120686809496565,0.8049413210895219,9,13.929818395250411,0.08494343182893223,0.00970622888302939,0.8151419170133642,0.8044787806858,0.8124013539563474,0.010663136327564215,0.002740563057016865,False,False,3.9999999999997726,32.0,77.84999999999557,3.9999999999997726,40.0,144.94999999999175,B_probable,752.4099333286285,0.799999999999983,19.82664414419708,79,4.148330931467893,True,False,False,1472735984.3247066,2016-09-01 13:19:44.324706554+00:00
80,short_impulsive_candidate,1472735995.4231336,2016-09-01 13:19:55.423133612+00:00,/Users/glennthompson/Developer/KSCRocketSeismoHydrology/08_fireball_paper/falcon9-seismoacoustic-workflow-1.0.0/data/outputs/070_prepare_event_waveform_products/event_streams/candidate_event_080.pkl,-0.04,0.18,-0.04,0.18,False,1.0,56,True,False,200.5,360.0,200.89999999999986,357.5,0.8878393477612052,0.8767835266596603,0.8088461588270454,0.7158508283355305,0.7508970408465756,0.9787780007863643,0.733373934591053,0.2454040661953113,0.0,0.30469576001780685,2.0742394113993856,0.8755312788357357,9,44.35664788904747,0.08649123955269566,0.01014018648597709,0.8878393477612052,0.8744514689681206,0.8860913507798662,0.013387878793084562,0.001747996981338984,False,False,3.9999999999997726,23.5,52.19999999999703,3.9999999999997726,35.5,122.99999999999301,B_probable,759.4960000514984,0.5999999999999659,14.869560316223946,80,14.020100431735065,True,False,False,1472735991.4107733,2016-09-01 13:19:51.410773277+00:00
81,short_impulsive_candidate,1472735996.212067,2016-09-01 13:19:56.212066889+00:00,/Users/glennthompson/Developer/KSCRocketSeismoHydrology/08_fireball_paper/falcon9-seismoacoustic-workflow-1.0.0/data/outputs/070_prepare_event_waveform_products/event_streams/candidate_event_081.pkl,-0.04,0.18,-0.04,0.18,False,1.0,56,True,False,200.5,362.0,200.59999999999988,361.0,0.9365257576509173,0.9285833195832028,0.8968788295049782,0.8425466188236493,0.8648128392750203,0.9712654800257442,0.8536797290493348,0.11758575097640944,0.0,0.38809442659048865,1.2933829696469796,0.920079339781291,9,45.03642454845605,0.08600869798165656,0.01046445107279986,0.9365257576509173,0.9230063234107402,0.9350613250908095,0.013519434240177097,0.0014644325601077535,False,False,3.5999999999997954,26.0,66.34999999999623,3.9999999999997726,36.5,110.64999999999371,A_high_quality,760.2849333286285,0.29999999999998295,7.434576325667169,81,6.14906133494625,True,False,False,1472735992.1997066,2016-09-01 13:19:52.199706554+00:00
82,short_impulsive_candidate,1472736000.0520668,2016-09-01 13:20:00.052066803+00:00,/Users/glennthompson/Developer/KSCRocketSeismoHydrology/08_fireball_paper/falcon9-seismoacoustic-workflow-1.0.0/data/outputs/070_prepare_event_waveform_products/event_streams/candidate_event_082.pkl,-0.04,0.18,-0.04,0.18,False,1.0,56,False,False,202.0,336.0,201.6999999999999,337.5,0.7714713297666307,0.7431296817798337,0.627967603493652,0.45145621263491276,0.607422059715407,0.7852052956589317,0.5294391361751598,0.2557661594837719,0.0,0.1770819716723147,2.2662308949301266,0.7634791256605429,9,14.604957440076888,0.09058891427487986,0.009534345800681233,0.7714713297666307,0.7603282396755926,0.7699093660289422,0.011143090091038088,0.0015619637376884654,False,False,3.8999999999997783,28.5,74.94999999999574,3.9999999999997726,36.5,125.69999999999285,B_probable,764.1249332427979,1.4000000000000057,34.70127887040299,82,4.626881320463171,True,False,False,1472735996.0397065,2016-09-01 13:19:56.039706469+00:00
83,short_impulsive_candidate,1472736003.938,2016-09-01 13:20:03.937999964+00:00,/Users/glennthompson/Developer/KSCRocketSeismoHydrology/08_fireball_paper/falcon9-seismoacoustic-workflow-1.0.0/data/outputs/070_prepare_event_waveform_products/event_streams/candidate_event_083.pkl,-0.04,0.18,-0.04,0.18,False,1.0,56,True,False,200.5,348.0,200.2999999999999,348.5,0.9724951854097268,0.9692593295234537,0.9546979384782728,0.9507437631739967,0.9362274869488679,0.9746957327326768,0.9434856250614323,0.031210107671244547,0.0,0.06285393610546733,0.3685138655950444,0.9626991735710245,9,77.69068767573367,0.08946000164938492,0.011277226511277098,0.9724951854097268,0.9510194028314853,0.9703030954350627,0.021475782578241454,0.0021920899746641354,False,False,3.099999999999824,18.5,41.099999999997664,3.9999999999997726,26.0,78.59999999999553,A_high_quality,768.0108664035797,0.0,0.0,83,7.967396753224869,True,False,False,1472735999.9256396,2016-09-01 13:19:59.925639629+00:00
84,short_impulsive_candidate,1472736005.179067,2016-09-01 13:20:05.179066896+00:00,/Users/glennthompson/Developer/KSCRocketSeismoHydrology/08_fireball_paper/falcon9-seismoacoustic-workflow-1.0.0/data/outputs/070_prepare_event_waveform_products/event_streams/candidate_event_084.pkl,-0.04,0.18,-0.04,0.18,False,1.0,56,False,False,200.5,372.0,200.3999999999999,372.5,0.7149596523452322,0.6845626893409169,0.5211101937034098,0.39425943724678175,0.4219602909029193,0.7643123738844246,0.4081098640748505,0.35620250980957413,0.0,,,,0,13.317742794892894,0.08358214363600769,0.010414254149438817,0.7149596523452322,0.7037819053506367,0.7130336319492206,0.011177746994595505,0.0019260203960115296,False,False,3.9999999999997726,30.0,76.49999999999565,3.9999999999997726,39.0,127.09999999999278,C_weak_or_broad,769.2519333362579,0.09999999999999432,2.4781719778147786,84,2.4472359356186293,False,False,False,1472736001.1667066,2016-09-01 13:20:01.166706562+00:00
85,short_impulsive_candidate,1472736006.2955666,2016-09-01 13:20:06.295566559+00:00,/Users/glennthompson/Developer/KSCRocketSeismoHydrology/08_fireball_paper/falcon9-seismoacoustic-workflow-1.0.0/data/outputs/070_prepare_event_waveform_products/event_streams/candidate_event_085.pkl,-0.04,0.18,-0.04,0.18,False,1.0,56,False,False,199.0,440.0,199.19999999999987,440.0,0.558175342537029,0.5112082174506296,0.2572520603332569,0.08468676213404806,-0.00811597348569646,0.8697649340966053,0.0382853943241758,0.8314795397724295,0.004,,,,0,16.22423707466139,0.07190362973202893,0.010200297122016467,0.558175342537029,0.5487657356738287,0.5563262027135626,0.00940960686320036,0.0018491398234664613,False,True,3.9999999999997726,18.0,47.34999999999731,3.9999999999997726,20.0,84.04999999999522,C_weak_or_broad,770.3684329986572,-1.1000000000000227,-27.263213781578514,85,3.5855485012486827,True,False,True,1472736002.2832062,2016-09-01 13:20:02.283206224+00:00
86,short_impulsive_candidate,1472736016.4215667,2016-09-01 13:20:16.421566725+00:00,/Users/glennthompson/Developer/KSCRocketSeismoHydrology/08_fireball_paper/falcon9-seismoacoustic-workflow-1.0.0/data/outputs/070_prepare_event_waveform_products/event_streams/candidate_event_086.pkl,-0.04,0.18,-0.04,0.18,False,1.0,56,False,False,199.5,372.0,199.3999999999999,372.5,0.759853359450477,0.732811179637048,0.6008332583412409,0.4335580650568056,0.4806073767769248,0.906358822021834,0.4570827209168652,0.44927610110496885,0.004,0.32659863237107184,6.142344427149001,0.7570083860177159,9,17.024484710542605,0.08471055069446166,0.011776617626546085,0.759853359450477,0.7487141499915082,0.7577554320475182,0.011139209458968846,0.002097927402958888,False,False,3.9999999999997726,31.0,73.8999999999958,3.9999999999997726,40.0,148.94999999999152,B_probable,780.4944331645966,-0.9000000000000057,-22.305359725981255,86,2.349871863750449,False,False,False,1472736012.4092064,2016-09-01 13:20:12.409206390+00:00
87,short_impulsive_candidate,1472736017.9765668,2016-09-01 13:20:17.976566792+00:00,/Users/glennthompson/Developer/KSCRocketSeismoHydrology/08_fireball_paper/falcon9-seismoacoustic-workflow-1.0.0/data/outputs/070_prepare_event_waveform_products/event_streams/candidate_event_087.pkl,-0.04,0.18,-0.04,0.18,False,1.0,56,False,False,202.0,304.0,202.19999999999987,302.0,0.7464223979380291,0.7168133254233175,0.5816720134201933,0.48942209795510244,0.38412208275203663,0.8521157836977901,0.43677209035356956,0.4153436933442205,0.0,,,,0,11.945956272078654,0.10050973583120605,0.00981116307472598,0.7464223979380291,0.7285235502562982,0.742943124056205,0.01789884768173089,0.0034792738818241187,False,False,3.3999999999998067,19.0,40.79999999999768,3.9999999999997726,32.0,90.49999999999486,C_weak_or_broad,782.0494332313538,1.8999999999999773,47.10248674743537,87,3.4226275105356367,True,False,False,1472736013.9642065,2016-09-01 13:20:13.964206457+00:00
88,short_impulsive_candidate,1472736018.6420667,2016-09-01 13:20:18.642066717+00:00,/Users/glennthompson/Developer/KSCRocketSeismoHydrology/08_fireball_paper/falcon9-seismoacoustic-workflow-1.0.0/data/outputs/070_prepare_event_waveform_products/event_streams/candidate_event_088.pkl,-0.04,0.18,-0.04,0.18,False,1.0,56,False,False,199.0,340.0,199.09999999999988,340.5,0.5955434536143573,0.5514434706173825,0.3233868562196394,0.19499352248367496,0.46725860524055307,0.6854750036521498,0.331126063862114,0.35434893979003573,-0.04,,,,0,15.334558545850157,0.09303644951235238,0.013329752238810055,0.5955434536143573,0.590522764935434,0.5947385519481129,0.005020688678923357,0.000804901666244473,False,False,3.9999999999997726,40.0,138.7999999999921,3.9999999999997726,40.0,160.34999999999087,C_weak_or_broad,782.7149331569672,-1.200000000000017,-29.742382488127987,88,3.288956013841883,True,False,False,1472736014.6297064,2016-09-01 13:20:14.629706383+00:00
89,short_impulsive_candidate,1472736020.5260668,2016-09-01 13:20:20.526066779+00:00,/Users/glennthompson/Developer/KSCRocketSeismoHydrology/08_fireball_paper/falcon9-seismoacoustic-workflow-1.0.0/data/outputs/070_prepare_event_waveform_products/event_streams/candidate_event_089.pkl,-0.04,0.18,-0.04,0.18,False,1.0,56,False,False,196.0,370.0,195.8999999999999,371.0,0.6953010160648253,0.6595093803488823,0.4979769392774796,0.4292165682306156,0.3272172051826805,0.7113584381566742,0.37821688670664805,0.33314155145002616,0.0,,,,0,14.690719062395942,0.08881222023675046,0.016580694764514337,0.6953010160648253,0.6863416720740183,0.6933648386372067,0.008959343990807,0.001936177427618646,False,False,3.9999999999997726,34.5,92.19999999999476,3.9999999999997726,40.0,155.0499999999912,C_weak_or_broad,784.5989332199097,-4.400000000000006,-109.25431267499364,89,3.5291667779943032,True,False,False,1472736016.5137064,2016-09-01 13:20:16.513706446+00:00
90,short_impulsive_candidate,1472736023.4185667,2016-09-01 13:20:23.418566704+00:00,/Users/glennthompson/Developer/KSCRocketSeismoHydrology/08_fireball_paper/falcon9-seismoacoustic-workflow-1.0.0/data/outputs/070_prepare_event_waveform_products/event_streams/candidate_event_090.pkl,-0.04,0.18,-0.04,0.18,False,1.0,56,False,False,196.5,414.0,196.59999999999988,413.0,0.7303526028681369,0.7002563022648358,0.5509941075461767,0.390411686863166,0.48205179838387513,0.7936624210753183,0.4362317426235206,0.35743067845179766,0.008,,,,0,14.161748607526686,0.07912851365065499,0.014043909039971738,0.7303526028681369,0.7255285044221154,0.7295146381913971,0.004824098446021496,0.0008379646767397997,False,False,3.9999999999997726,39.5,124.8999999999929,3.9999999999997726,40.0,162.79999999999075,C_weak_or_broad,787.4914331436157,-3.700000000000017,-91.81994179657563,90,3.558864808593064,True,False,False,1472736019.4062064,2016-09-01 13:20:19.406206369+00:00
91,short_impulsive_candidate,1472736026.3125668,2016-09-01 13:20:26.312566757+00:00,/Users/glennthompson/Developer/KSCRocketSeismoHydrology/08_fireball_paper/falcon9-seismoacoustic-workflow-1.0.0/data/outputs/070_prepare_event_waveform_products/event_streams/candidate_event_091.pkl,-0.04,0.18,-0.04,0.18,False,1.0,56,True,False,200.5,350.0,200.59999999999988,350.0,0.9241539979359871,0.915777906199305,0.8734362710820208,0.8121863368024507,0.8420586611614548,0.9667555799329658,0.8271224989819528,0.139633080951013,0.0,0.19499920860870273,1.7391639824998364,0.900452761054374,9,34.405624067088524,0.08871182848965148,0.010793333820802144,0.9241539979359871,0.9128806463451923,0.9226420383961333,0.011273351590794789,0.0015119595398537244,False,False,3.799999999999784,26.0,74.44999999999577,3.9999999999997726,36.0,122.44999999999304,A_high_quality,790.3854331970215,0.29999999999998295,7.434576325667169,91,9.081713762393232,True,False,False,1472736022.3002064,2016-09-01 13:20:22.300206423+00:00
92,short_impulsive_candidate,1472736028.6020668,2016-09-01 13:20:28.602066755+00:00,/Users/glennthompson/Developer/KSCRocketSeismoHydrology/08_fireball_paper/falcon9-seismoacoustic-workflow-1.0.0/data/outputs/070_prepare_event_waveform_products/event_streams/candidate_event_092.pkl,-0.04,0.18,-0.04,0.18,False,1.0,56,False,False,199.5,350.0,198.89999999999992,353.0,0.43881297005557296,0.37629027349691957,0.06519402978710616,0.028148881073398933,-0.18423832382490848,0.8024968553787021,-0.07804472137575477,0.8805415767544569,0.0,,,,0,14.880706927093376,0.08997521073301967,0.01314458587134507,0.43881297005557296,0.43292587915126857,0.43716046698696986,0.005887090904304393,0.001652503068603095,False,False,3.9999999999997726,32.0,113.69999999999354,3.9999999999997726,40.0,155.84999999999116,C_weak_or_broad,792.6749331951141,-1.3999999999999773,-34.701278870402284,92,1.7301341169320708,False,False,False,1472736024.5897064,2016-09-01 13:20:24.589706421+00:00
93,short_impulsive_candidate,1472736033.8025668,2016-09-01 13:20:33.802566767+00:00,/Users/glennthompson/Developer/KSCRocketSeismoHydrology/08_fireball_paper/falcon9-seismoacoustic-workflow-1.0.0/data/outputs/070_prepare_event_waveform_products/event_streams/candidate_event_093.pkl,-0.04,0.18,-0.04,0.18,False,1.0,56,False,False,198.5,376.0,198.69999999999987,375.0,0.6685943258611455,0.6285033223009008,0.45746166240302494,0.2513805275058893,0.1931609185142874,0.8837235043338774,0.22227072301008835,0.661452781323789,0.0,,,,0,17.76461676008875,0.08491520191401429,0.012643307867856567,0.6685943258611455,0.6622929012239864,0.6673938290173982,0.006301424637159103,0.0012004968437473451,False,False,3.9999999999997726,35.0,116.44999999999338,3.9999999999997726,40.0,153.69999999999126,C_weak_or_broad,797.8754332065582,-1.6000000000000227,-39.66102141377691,93,3.2355647480377097,True,False,False,1472736029.7902064,2016-09-01 13:20:29.790206432+00:00
94,short_impulsive_candidate,1472736039.8355668,2016-09-01 13:20:39.835566759+00:00,/Users/glennthompson/Developer/KSCRocketSeismoHydrology/08_fireball_paper/falcon9-seismoacoustic-workflow-1.0.0/data/outputs/070_prepare_event_waveform_products/event_streams/candidate_event_094.pkl,-0.04,0.18,-0.04,0.18,False,1.0,56,False,False,200.5,330.0,200.4999999999999,331.0,0.8027615360951499,0.780168544113102,0.6733020481364435,0.5653695145118193,0.5554208352813065,0.8899680987158325,0.5603951748965629,0.3295729238192696,0.0,0.15947444549340564,2.9668955384041533,0.7789320591456882,9,20.59634328098499,0.09393290511598211,0.011566447387014574,0.8027615360951499,0.7852597430451799,0.8002066448772868,0.017501793049970016,0.00255489121786312,False,False,3.2999999999998124,23.5,47.64999999999729,3.9999999999997726,31.0,93.39999999999469,B_probable,803.9084331989288,0.19999999999998863,4.956359053593282,94,6.682969787580509,True,False,False,1472736035.8232064,2016-09-01 13:20:35.823206425+00:00
95,short_impulsive_candidate,1472736040.7351334,2016-09-01 13:20:40.735133410+00:00,/Users/glennthompson/Developer/KSCRocketSeismoHydrology/08_fireball_paper/falcon9-seismoacoustic-workflow-1.0.0/data/outputs/070_prepare_event_waveform_products/event_streams/candidate_event_095.pkl,-0.04,0.18,-0.04,0.18,False,1.0,56,True,False,200.5,346.0,200.4999999999999,345.5,0.9669263492797421,0.9634348470617342,0.9443272052135079,0.925953264028748,0.92938052945668,0.9801230182923755,0.927666896742714,0.052456121549661505,0.0,0.12472191289245763,2.3465235646603193,0.9623372710561784,9,50.97194580206944,0.08999071372905956,0.011081024848341024,0.9669263492797421,0.9539765144239413,0.9649329946948735,0.012949834855800813,0.0019933545848686007,False,False,3.9999999999997726,24.5,67.84999999999614,3.9999999999997726,34.0,110.19999999999374,A_high_quality,804.8079998493195,0.19999999999998863,4.956359053593282,95,9.09851873559831,True,False,False,1472736036.722773,2016-09-01 13:20:36.722773075+00:00
96,short_impulsive_candidate,1472736054.0225668,2016-09-01 13:20:54.022566795+00:00,/Users/glennthompson/Developer/KSCRocketSeismoHydrology/08_fireball_paper/falcon9-seismoacoustic-workflow-1.0.0/data/outputs/070_prepare_event_waveform_products/event_streams/candidate_event_096.pkl,-0.04,0.18,-0.04,0.18,False,1.0,56,False,False,197.0,352.0,196.7999999999999,353.5,0.6387900184807831,0.5980342431659167,0.3998473629061654,0.3453051892365791,0.4285999763359943,0.42018559554887674,0.3869525827862867,0.03323301276259005,0.004,,,,0,30.82780823263368,0.09222700904072587,0.016123340160621676,0.6387900184807831,0.6283348688210597,0.6371214727438592,0.010455149659723384,0.0016685457369238765,False,False,3.9999999999997726,25.5,80.54999999999542,3.9999999999997726,36.5,125.64999999999286,C_weak_or_broad,818.0954332351685,-3.5,-86.84397930594065,96,2.8972674668223117,True,False,False,1472736050.0102065,2016-09-01 13:20:50.010206461+00:00
97,short_impulsive_candidate,1472736067.2175667,2016-09-01 13:21:07.217566729+00:00,/Users/glennthompson/Developer/KSCRocketSeismoHydrology/08_fireball_paper/falcon9-seismoacoustic-workflow-1.0.0/data/outputs/070_prepare_event_waveform_products/event_streams/candidate_event_097.pkl,-0.04,0.18,-0.04,0.18,False,1.0,56,False,False,198.5,372.0,198.4999999999999,371.5,0.6976266417363229,0.6679702229336186,0.4842225398807587,0.32141130461798123,0.5162318174330944,0.6682228811502078,0.4188215610255378,0.24940132012466998,0.0,,,,0,11.650218049209737,0.08593476190418065,0.01303468187830134,0.6976266417363229,0.6826712530804946,0.6955246278926199,0.01495538865582835,0.00210201384370301,False,False,3.5999999999997954,26.0,50.29999999999714,3.9999999999997726,34.0,110.8999999999937,C_weak_or_broad,831.2904331684113,-1.8000000000000114,-44.62173123415769,97,2.057427867338581,False,False,False,1472736063.2052064,2016-09-01 13:21:03.205206394+00:00
98,short_impulsive_candidate,1472736068.9565668,2016-09-01 13:21:08.956566811+00:00,/Users/glennthompson/Developer/KSCRocketSeismoHydrology/08_fireball_paper/falcon9-seismoacoustic-workflow-1.0.0/data/outputs/070_prepare_event_waveform_products/event_streams/candidate_event_098.pkl,-0.04,0.18,-0.04,0.18,False,1.0,56,True,False,200.0,346.0,199.8999999999999,346.5,0.9133306309827738,0.9033416813304236,0.8566281109225985,0.8255326005205509,0.7813255505635043,0.9581794149028511,0.8034290755420276,0.1547503393608235,0.0,0.3119037521692756,1.2347839317162705,0.8940464731589804,9,29.04770000913976,0.09046380336957255,0.011928448046592596,0.9133306309827738,0.8997424142314058,0.9118289713353439,0.01358821675136801,0.001501659647429876,False,False,3.799999999999784,24.5,65.1999999999963,3.9999999999997726,33.5,105.79999999999399,A_high_quality,833.0294332504272,-0.4000000000000057,-9.912838893104682,98,6.827361194853755,True,False,False,1472736064.9442065,2016-09-01 13:21:04.944206476+00:00
99,short_impulsive_candidate,1472736071.7475667,2016-09-01 13:21:11.747566700+00:00,/Users/glennthompson/Developer/KSCRocketSeismoHydrology/08_fireball_paper/falcon9-seismoacoustic-workflow-1.0.0/data/outputs/070_prepare_event_waveform_products/event_streams/candidate_event_099.pkl,-0.04,0.18,-0.04,0.18,False,1.0,56,False,False,200.5,376.0,200.69999999999987,376.0,0.7792647403805968,0.7544041040781629,0.6331113896684948,0.48036223108039766,0.6536116300655788,0.7608446072057565,0.5669869305729882,0.19385767663276832,0.0,0.21659542988463132,2.1358203096378987,0.7610693523650764,9,19.69680865551877,0.08246381321356624,0.00991177681391316,0.7792647403805968,0.7673555245944336,0.7776988205710461,0.011909215786163219,0.0015659198095506754,False,False,3.499999999999801,27.0,67.49999999999616,3.9999999999997726,40.0,132.59999999999246,B_probable,835.820433139801,0.39999999999997726,9.912838893103979,99,3.9976815221968063,True,False,False,1472736067.7352064,2016-09-01 13:21:07.735206366+00:00
100,short_impulsive_candidate,1472736074.8670669,2016-09-01 13:21:14.867066860+00:00,/Users/glennthompson/Developer/KSCRocketSeismoHydrology/08_fireball_paper/falcon9-seismoacoustic-workflow-1.0.0/data/outputs/070_prepare_event_waveform_products/event_streams/candidate_event_100.pkl,-0.04,0.18,-0.04,0.18,False,1.0,56,False,False,201.0,342.0,200.8999999999999,343.5,0.7147709834334189,0.6806688678827124,0.5318483135189576,0.4924722950112078,0.28611760025482436,0.7844200102061736,0.3892949476330161,0.3951250625731575,0.0,,,,0,13.971487495086468,0.09001635557522181,0.010553469195740316,0.7147709834334189,0.7055428321413408,0.7131280317014574,0.009228151292078102,0.001642951731961495,False,False,3.9999999999997726,33.0,86.79999999999507,3.9999999999997726,37.0,119.5499999999932,C_weak_or_broad,838.9399333000183,0.5999999999999943,14.86956031622465,100,3.282451564292915,True,False,False,1472736070.8547065,2016-09-01 13:21:10.854706526+00:00
101,short_impulsive_candidate,1472736075.0635667,2016-09-01 13:21:15.063566685+00:00,/Users/glennthompson/Developer/KSCRocketSeismoHydrology/08_fireball_paper/falcon9-seismoacoustic-workflow-1.0.0/data/outputs/070_prepare_event_waveform_products/event_streams/candidate_event_101.pkl,-0.04,0.18,-0.04,0.18,False,1.0,56,False,False,200.0,386.0,200.09999999999988,385.5,0.6293003428090089,0.5888717559337019,0.3798864462439386,0.23619368646943548,0.19805647728686215,0.7840188639261751,0.21712508187814883,0.5668937820480263,0.012,,,,0,10.375135463236962,0.08109325467349719,0.010458326604581937,0.6293003428090089,0.6218417526037308,0.628514304707106,0.0074585902052781705,0.0007860381019029195,False,False,3.9999999999997726,36.5,101.19999999999425,3.9999999999997726,40.0,148.89999999999154,C_weak_or_broad,839.1364331245422,-0.20000000000001705,-4.956359053593986,101,2.0015943738058715,False,False,False,1472736071.0512064,2016-09-01 13:21:11.051206350+00:00
102,short_impulsive_candidate,1472736077.2705667,2016-09-01 13:21:17.270566702+00:00,/Users/glennthompson/Developer/KSCRocketSeismoHydrology/08_fireball_paper/falcon9-seismoacoustic-workflow-1.0.0/data/outputs/070_prepare_event_waveform_products/event_streams/candidate_event_102.pkl,-0.04,0.18,-0.04,0.18,False,1.0,56,False,False,199.5,378.0,198.99999999999991,380.5,0.7050690893533207,0.6711335756672546,0.5119447197648398,0.3833454904949402,0.33137774185088026,0.805377858156825,0.35736161617291023,0.4480162419839148,0.0,,,,0,12.373054612242589,0.08336433255285741,0.012061541958027399,0.7050690893533207,0.6942542215961555,0.7033555374890355,0.010814867757165225,0.0017135518642852343,False,False,3.199999999999818,36.0,75.89999999999569,3.9999999999997726,40.0,141.79999999999194,C_weak_or_broad,841.3434331417084,-1.299999999999983,-32.22173247550827,102,2.523485445133107,False,False,True,1472736073.2582064,2016-09-01 13:21:13.258206367+00:00
103,short_impulsive_candidate,1472736077.6620667,2016-09-01 13:21:17.662066698+00:00,/Users/glennthompson/Developer/KSCRocketSeismoHydrology/08_fireball_paper/falcon9-seismoacoustic-workflow-1.0.0/data/outputs/070_prepare_event_waveform_products/event_streams/candidate_event_103.pkl,-0.04,0.18,-0.04,0.18,False,1.0,56,True,False,199.5,358.0,199.3999999999999,357.5,0.6879871817922542,0.653288542368821,0.4800702818548082,0.36111880764737625,0.16360306273158423,0.9150765702807335,0.2623609351894802,0.6527156350912533,0.0,,,,0,25.243427419562913,0.08826483953478872,0.012270741443044523,0.6879871817922542,0.6764217607231764,0.6871114369665057,0.011565421069077764,0.0008757448257484812,False,False,3.799999999999784,26.0,73.74999999999581,3.9999999999997726,36.0,118.54999999999326,C_weak_or_broad,841.7349331378937,-0.9000000000000057,-22.305359725981255,103,3.3202132420973656,True,False,False,1472736073.6497064,2016-09-01 13:21:13.649706364+00:00
104,short_impulsive_candidate,1472736077.9950666,2016-09-01 13:21:17.995066643+00:00,/Users/glennthompson/Developer/KSCRocketSeismoHydrology/08_fireball_paper/falcon9-seismoacoustic-workflow-1.0.0/data/outputs/070_prepare_event_waveform_products/event_streams/candidate_event_104.pkl,-0.04,0.18,-0.04,0.18,False,1.0,56,False,False,200.5,356.0,200.4999999999999,356.5,0.7055957897861171,0.6729402539333305,0.5091581871305945,0.4347773343848432,0.25497006735071176,0.8384837409644313,0.34487370086777747,0.4936100400966539,0.0,,,,0,19.157775366631125,0.0872140016644883,0.01073911384320287,0.7055957897861171,0.6856617911532955,0.7039168948388124,0.019933998632821637,0.0016788949473047765,False,False,3.2999999999998124,18.5,44.09999999999749,3.9999999999997726,26.5,83.24999999999527,C_weak_or_broad,842.0679330825806,0.19999999999998863,4.956359053593282,104,2.523911439133164,False,False,False,1472736073.9827063,2016-09-01 13:21:13.982706308+00:00
105,short_impulsive_candidate,1472736078.8450668,2016-09-01 13:21:18.845066786+00:00,/Users/glennthompson/Developer/KSCRocketSeismoHydrology/08_fireball_paper/falcon9-seismoacoustic-workflow-1.0.0/data/outputs/070_prepare_event_waveform_products/event_streams/candidate_event_105.pkl,-0.04,0.18,-0.04,0.18,False,1.0,56,False,False,200.5,358.0,200.3999999999999,358.0,0.5323819857470565,0.47772334269686395,0.22873990064469085,0.20318509545141858,0.3877380847743586,0.4430899487292175,0.2954615901128886,0.1476283586163289,0.04,,,,0,12.252555442121238,0.08696745392294095,0.01083606053258647,0.5323819857470565,0.5131215129657754,0.5265839142729976,0.01926047278128118,0.0057980714740589745,False,False,2.899999999999835,15.5,20.849999999998815,3.9999999999997726,31.5,88.94999999999494,C_weak_or_broad,842.9179332256317,0.09999999999999432,2.4781719778147786,105,2.1027704112741836,False,False,False,1472736074.8327065,2016-09-01 13:21:14.832706451+00:00
106,short_impulsive_candidate,1472736080.0200667,2016-09-01 13:21:20.020066738+00:00,/Users/glennthompson/Developer/KSCRocketSeismoHydrology/08_fireball_paper/falcon9-seismoacoustic-workflow-1.0.0/data/outputs/070_prepare_event_waveform_products/event_streams/candidate_event_106.pkl,-0.04,0.18,-0.04,0.18,False,1.0,56,False,False,201.5,322.0,201.69999999999987,319.5,0.6323939142447832,0.5889585253296094,0.39509399523508754,0.2016139817011961,0.3530139622931505,0.5956854199888958,0.27731397199717334,0.31837144799172246,0.0,,,,0,13.903526958590511,0.09569251507909848,0.010071492042973168,0.6323939142447832,0.6179613147420774,0.630647802773201,0.014432599502705812,0.0017461114715822124,False,False,3.099999999999824,26.5,55.59999999999684,3.9999999999997726,36.5,115.49999999999343,C_weak_or_broad,844.092933177948,1.3999999999999773,34.701278870402284,106,2.6384407414635516,False,False,False,1472736076.0077064,2016-09-01 13:21:16.007706404+00:00
107,short_impulsive_candidate,1472736080.1440668,2016-09-01 13:21:20.144066811+00:00,/Users/glennthompson/Developer/KSCRocketSeismoHydrology/08_fireball_paper/falcon9-seismoacoustic-workflow-1.0.0/data/outputs/070_prepare_event_waveform_products/event_streams/candidate_event_107.pkl,-0.04,0.18,-0.04,0.18,False,1.0,56,False,False,200.5,336.0,200.4999999999999,336.0,0.6746622815068217,0.6390851607163318,0.45605592538511314,0.39658906126359994,0.3113995869956329,0.6678945749642601,0.3539943241296164,0.3139002508346437,0.0,,,,0,12.58139761139461,0.09253509402794666,0.011394327634231618,0.6746622815068217,0.6539776913192848,0.6729815811894139,0.020684590187536878,0.0016807003174078572,False,False,2.899999999999835,21.5,43.199999999997544,3.799999999999784,29.0,80.54999999999542,C_weak_or_broad,844.2169332504272,0.19999999999998863,4.956359053593282,107,2.343652338937787,False,False,False,1472736076.1317065,2016-09-01 13:21:16.131706475+00:00
108,short_impulsive_candidate,1472736080.6345668,2016-09-01 13:21:20.634566784+00:00,/Users/glennthompson/Developer/KSCRocketSeismoHydrology/08_fireball_paper/falcon9-seismoacoustic-workflow-1.0.0/data/outputs/070_prepare_event_waveform_products/event_streams/candidate_event_108.pkl,-0.04,0.18,-0.04,0.18,False,1.0,56,False,False,199.5,378.0,199.59999999999988,377.5,0.7437419149932901,0.7143276280354285,0.5757266908601651,0.5795278340230493,0.5496691711927503,0.5852773209436288,0.5645985026078998,0.020678818335729043,0.0,,,,0,15.314685795645342,0.08336789059989891,0.011352042242217322,0.7437419149932901,0.7332842590114947,0.7418103696202215,0.010457655981795377,0.0019315453730686105,False,False,3.9999999999997726,29.5,76.84999999999563,3.9999999999997726,40.0,149.19999999999152,C_weak_or_broad,844.7074332237244,-0.700000000000017,-17.348049377035224,108,4.247508542516655,True,False,False,1472736076.6222064,2016-09-01 13:21:16.622206450+00:00
109,short_impulsive_candidate,1472736081.7098932,2016-09-01 13:21:21.709893227+00:00,/Users/glennthompson/Developer/KSCRocketSeismoHydrology/08_fireball_paper/falcon9-seismoacoustic-workflow-1.0.0/data/outputs/070_prepare_event_waveform_products/event_streams/candidate_event_109.pkl,-0.04,0.18,-0.04,0.18,False,1.0,56,True,False,200.5,352.0,200.3999999999999,353.0,0.9157491555085548,0.9042443058098216,0.8660128601133099,0.8526435489088344,0.7606812553120419,0.9557745719233209,0.8066624021104382,0.14911216981288278,0.0,0.28846122190547624,2.4507494444569757,0.9084073575588621,9,30.99470978301199,0.08819928754791179,0.010989545809252002,0.9157491555085548,0.9007209203843247,0.9126726383064876,0.015028235124230127,0.0030765172020672527,False,False,3.3999999999998067,21.5,52.99999999999699,3.9999999999997726,32.0,106.14999999999397,A_high_quality,845.7827596664429,0.09999999999999432,2.4781719778147786,109,11.066128770078793,True,False,False,1472736077.697533,2016-09-01 13:21:17.697532892+00:00
110,short_impulsive_candidate,1472736091.6875668,2016-09-01 13:21:31.687566757+00:00,/Users/glennthompson/Developer/KSCRocketSeismoHydrology/08_fireball_paper/falcon9-seismoacoustic-workflow-1.0.0/data/outputs/070_prepare_event_waveform_products/event_streams/candidate_event_110.pkl,-0.04,0.18,-0.04,0.18,False,1.0,56,False,False,198.0,440.0,197.8999999999999,440.0,0.6606734652822954,0.623071018318094,0.43415427145719493,0.3160183352788813,0.27377389443439093,0.7663154424732569,0.29489611485663614,0.47141932761662075,0.004,,,,0,14.821999355752393,0.0731070821038933,0.01169422040057709,0.6606734652822954,0.649358195778924,0.6586778557939101,0.011315269503371472,0.001995609488385286,False,True,3.9999999999997726,12.5,36.39999999999793,3.9999999999997726,20.0,69.09999999999607,C_weak_or_broad,855.7604331970215,-2.4000000000000057,-59.510877003646584,110,2.468590374093086,False,False,True,1472736087.6752064,2016-09-01 13:21:27.675206423+00:00
111,short_impulsive_candidate,1472736100.0065668,2016-09-01 13:21:40.006566763+00:00,/Users/glennthompson/Developer/KSCRocketSeismoHydrology/08_fireball_paper/falcon9-seismoacoustic-workflow-1.0.0/data/outputs/070_prepare_event_waveform_products/event_streams/candidate_event_111.pkl,-0.04,0.18,-0.04,0.18,False,1.0,56,True,False,199.5,360.0,199.2999999999999,361.0,0.7938344887342199,0.7711906563848172,0.6556004745166479,0.5604553869811577,0.47470606941289384,0.9351964973376268,0.5175807281970257,0.41761576914060106,0.0,0.3281071791162792,2.1787412834586197,0.770267522620038,9,27.319113422149847,0.08752406296848203,0.012292152793449005,0.7938344887342199,0.7773963738422697,0.7915613274228366,0.01643811489195024,0.0022731613113833316,False,False,3.099999999999824,21.0,48.099999999997266,3.6999999999997897,34.5,99.39999999999435,B_probable,864.0794332027435,-1.0,-24.784211233598942,111,3.873634100696985,True,False,False,1472736095.9942064,2016-09-01 13:21:35.994206429+00:00
112,short_impulsive_candidate,1472736105.9385667,2016-09-01 13:21:45.938566685+00:00,/Users/glennthompson/Developer/KSCRocketSeismoHydrology/08_fireball_paper/falcon9-seismoacoustic-workflow-1.0.0/data/outputs/070_prepare_event_waveform_products/event_streams/candidate_event_112.pkl,-0.04,0.18,-0.04,0.18,False,1.0,56,False,False,197.0,392.0,196.8999999999999,391.5,0.7278602641505412,0.6997061668251437,0.5401828202772744,0.2993341922109695,0.5871535204773448,0.7694137591741568,0.4432438563441572,0.3261699028299996,-0.004,,,,0,18.226104627227503,0.08317543920175842,0.014429904939675352,0.7278602641505412,0.7211441211856829,0.7267224216521648,0.006716142964858229,0.0011378424983763402,False,False,3.799999999999784,40.0,115.44999999999344,3.9999999999997726,40.0,148.74999999999153,C_weak_or_broad,870.0114331245422,-3.4000000000000057,-84.35680232227672,112,10.530307374005131,True,False,False,1472736101.9262064,2016-09-01 13:21:41.926206350+00:00
113,short_impulsive_candidate,1472736111.0235667,2016-09-01 13:21:51.023566723+00:00,/Users/glennthompson/Developer/KSCRocketSeismoHydrology/08_fireball_paper/falcon9-seismoacoustic-workflow-1.0.0/data/outputs/070_prepare_event_waveform_products/event_streams/candidate_event_113.pkl,-0.04,0.18,-0.04,0.18,False,1.0,56,False,False,200.5,332.0,200.2999999999999,332.5,0.7049298839327387,0.6722090473109472,0.508022277730852,0.6890313782072769,0.16519666937066343,0.6707126653213211,0.4271140237889702,0.24359864153235095,0.0,,,,0,18.328447723798234,0.09376484383401698,0.01181989004264682,0.7049298839327387,0.6894061870016067,0.7031439666239672,0.01552369693113198,0.001785917308771534,False,False,3.3999999999998067,22.0,53.94999999999693,3.9999999999997726,32.0,103.39999999999412,C_weak_or_broad,875.0964331626892,0.0,0.0,113,2.598915706599161,False,False,False,1472736107.0112064,2016-09-01 13:21:47.011206388+00:00
114,short_impulsive_candidate,1472736111.8925667,2016-09-01 13:21:51.892566681+00:00,/Users/glennthompson/Developer/KSCRocketSeismoHydrology/08_fireball_paper/falcon9-seismoacoustic-workflow-1.0.0/data/outputs/070_prepare_event_waveform_products/event_streams/candidate_event_114.pkl,-0.04,0.18,-0.04,0.18,False,1.0,56,False,False,200.0,424.0,199.9999999999999,425.0,0.8084584310076337,0.7874172835221065,0.680040304471849,0.666083613604643,0.6238265562668004,0.8064645480893484,0.6449550849357217,0.1615094631536267,-0.008,0.7272474743090063,2.092018931529192,0.7882258507014785,9,15.739124264097576,0.07365559164760595,0.009605770105962776,0.8084584310076337,0.7976004111112894,0.8067507508656515,0.010858019896344273,0.001707680141982193,False,False,3.6999999999997897,34.5,68.5499999999961,3.9999999999997726,36.0,118.89999999999324,B_probable,875.9654331207275,-0.30000000000001137,-7.434576325667873,114,3.021531604825166,True,False,False,1472736107.8802063,2016-09-01 13:21:47.880206347+00:00
115,short_impulsive_candidate,1472736113.9460669,2016-09-01 13:21:53.946066856+00:00,/Users/glennthompson/Developer/KSCRocketSeismoHydrology/08_fireball_paper/falcon9-seismoacoustic-workflow-1.0.0/data/outputs/070_prepare_event_waveform_products/event_streams/candidate_event_115.pkl,-0.04,0.18,-0.04,0.18,False,1.0,56,False,False,199.5,344.0,199.4999999999999,345.0,0.633006668834982,0.5906978904511062,0.39293967282159176,0.30318334595487606,0.46062499288363784,0.4012586612328772,0.381904169419257,0.0193544918136202,-0.004,,,,0,11.068025025047772,0.09134225337601123,0.012568404667879497,0.633006668834982,0.623493418339489,0.6315667404986087,0.009513250495493009,0.0014399283363732973,False,False,3.6999999999997897,30.0,87.74999999999501,3.9999999999997726,38.0,136.09999999999226,C_weak_or_broad,878.0189332962036,-0.8000000000000114,-19.826644144197783,115,3.172942831076924,True,False,False,1472736109.9337065,2016-09-01 13:21:49.933706522+00:00
116,short_impulsive_candidate,1472736114.5260668,2016-09-01 13:21:54.526066779+00:00,/Users/glennthompson/Developer/KSCRocketSeismoHydrology/08_fireball_paper/falcon9-seismoacoustic-workflow-1.0.0/data/outputs/070_prepare_event_waveform_products/event_streams/candidate_event_116.pkl,-0.04,0.18,-0.04,0.18,False,1.0,56,False,False,200.0,354.0,199.7999999999999,344.5,0.8440646066532287,0.8274349543047386,0.7380181703519276,0.6291152675701845,0.7749606530101644,0.8193813737909763,0.7020379602901745,0.1173434135008018,0.0,0.29059326290269505,4.499657051403686,0.8200939202804451,9,13.137416820445736,0.09111086734519294,0.01214499161331905,0.8440646066532287,0.8287582993367677,0.8425026606416846,0.015306307316460988,0.0015619460115441353,False,False,3.9999999999997726,25.0,58.0499999999967,3.9999999999997726,31.0,102.0999999999942,B_probable,878.5989332199097,-0.5,-12.391161856075831,116,3.893145402104057,True,False,False,1472736110.5137064,2016-09-01 13:21:50.513706446+00:00
117,short_impulsive_candidate,1472736114.908567,2016-09-01 13:21:54.908566952+00:00,/Users/glennthompson/Developer/KSCRocketSeismoHydrology/08_fireball_paper/falcon9-seismoacoustic-workflow-1.0.0/data/outputs/070_prepare_event_waveform_products/event_streams/candidate_event_117.pkl,-0.04,0.18,-0.04,0.18,False,1.0,56,False,False,204.0,346.0,204.19999999999987,345.5,0.6405761700423567,0.5985409946248235,0.4072578663373127,0.18377236037661732,0.5808782283829375,0.5315903536336466,0.38232529437977736,0.14926505925386924,-0.008,,,,0,7.8621791769519485,0.08524376603854877,0.00561918187320342,0.6405761700423567,0.6283972192611007,0.6375726768838774,0.01217895078125597,0.0030034931584792535,False,False,3.9999999999997726,26.5,61.149999999996524,3.9999999999997726,39.0,133.8999999999924,C_weak_or_broad,878.981433391571,3.8999999999999773,96.79815125913217,117,2.076223881001832,False,False,False,1472736110.8962066,2016-09-01 13:21:50.896206617+00:00
118,short_impulsive_candidate,1472736115.3265667,2016-09-01 13:21:55.326566696+00:00,/Users/glennthompson/Developer/KSCRocketSeismoHydrology/08_fireball_paper/falcon9-seismoacoustic-workflow-1.0.0/data/outputs/070_prepare_event_waveform_products/event_streams/candidate_event_118.pkl,-0.04,0.18,-0.04,0.18,False,1.0,56,False,False,200.5,372.0,200.59999999999988,372.0,0.7812567866244292,0.7567334870914463,0.6360834718478073,0.679492171066832,0.5416348899721736,0.6841736308725017,0.6105635305195027,0.07361010035299898,0.0,0.21487866228680685,2.9292058503253484,0.7030417217771237,9,11.273255477856646,0.08346543003058607,0.01015501837978696,0.7812567866244292,0.764298392714906,0.7784161239361236,0.01695839390952325,0.0028406626883056285,False,False,3.6999999999997897,21.0,37.69999999999786,3.9999999999997726,35.0,102.34999999999418,B_probable,879.3994331359863,0.29999999999998295,7.434576325667169,118,3.507292285633174,True,False,False,1472736111.3142064,2016-09-01 13:21:51.314206362+00:00
119,short_impulsive_candidate,1472736115.6210668,2016-09-01 13:21:55.621066809+00:00,/Users/glennthompson/Developer/KSCRocketSeismoHydrology/08_fireball_paper/falcon9-seismoacoustic-workflow-1.0.0/data/outputs/070_prepare_event_waveform_products/event_streams/candidate_event_119.pkl,-0.04,0.18,-0.04,0.18,False,1.0,56,False,False,199.0,344.0,198.7999999999999,345.0,0.7369297557757848,0.7074316998282836,0.5623536793940731,0.5617911274132831,0.45920735656715306,0.6624441652468406,0.5104992419902181,0.15194492325662246,0.0,,,,0,8.86254444267166,0.09218050287210383,0.013596077610948654,0.7369297557757848,0.7092427290095968,0.7335749834511773,0.02768702676618795,0.003354772324607458,False,False,2.599999999999852,23.5,30.299999999998278,2.9999999999998295,29.0,65.0499999999963,C_weak_or_broad,879.6939332485199,-1.5,-37.181036804281625,119,1.65375220545885,False,False,False,1472736111.6087065,2016-09-01 13:21:51.608706474+00:00
120,short_impulsive_candidate,1472736115.879567,2016-09-01 13:21:55.879566908+00:00,/Users/glennthompson/Developer/KSCRocketSeismoHydrology/08_fireball_paper/falcon9-seismoacoustic-workflow-1.0.0/data/outputs/070_prepare_event_waveform_products/event_streams/candidate_event_120.pkl,-0.04,0.18,-0.04,0.18,False,1.0,56,False,False,198.0,390.0,197.7999999999999,388.5,0.6583188808784917,0.6226711998051657,0.42358080497696093,0.2661144629426865,0.36277118265091113,0.6731347535296479,0.3144428227967988,0.3586919307328491,0.0,,,,0,8.603408064622016,0.08290132792986307,0.01337429890429584,0.6583188808784917,0.6486148027593578,0.6562197856096126,0.009704078119133874,0.002099095268879081,False,False,3.5999999999997954,33.0,84.94999999999517,3.9999999999997726,40.0,137.0999999999922,C_weak_or_broad,879.952433347702,-2.5,-61.993583876812586,120,1.9242560739545052,False,False,False,1472736111.8672066,2016-09-01 13:21:51.867206573+00:00
121,short_impulsive_candidate,1472736116.4020667,2016-09-01 13:21:56.402066708+00:00,/Users/glennthompson/Developer/KSCRocketSeismoHydrology/08_fireball_paper/falcon9-seismoacoustic-workflow-1.0.0/data/outputs/070_prepare_event_waveform_products/event_streams/candidate_event_121.pkl,-0.04,0.18,-0.04,0.18,False,1.0,56,True,False,200.5,350.0,200.3999999999999,350.5,0.86176229757259,0.8462835948007561,0.7699607034606819,0.7088368226512684,0.6652769366479437,0.9341624173041897,0.687056879649606,0.24710553765458365,0.0,0.2006163342807418,1.6960375024970828,0.8351595235061571,9,26.756814335193614,0.08882838375010803,0.011067930586778768,0.86176229757259,0.8402821314429902,0.8590353424980325,0.021480166129599798,0.0027269550745575577,False,False,2.899999999999835,20.0,39.79999999999774,3.9999999999997726,27.0,77.99999999999557,B_probable,880.4749331474304,0.09999999999999432,2.4781719778147786,121,5.049138270830981,True,False,False,1472736112.3897064,2016-09-01 13:21:52.389706373+00:00
122,short_impulsive_candidate,1472736117.2005668,2016-09-01 13:21:57.200566769+00:00,/Users/glennthompson/Developer/KSCRocketSeismoHydrology/08_fireball_paper/falcon9-seismoacoustic-workflow-1.0.0/data/outputs/070_prepare_event_waveform_products/event_streams/candidate_event_122.pkl,-0.04,0.18,-0.04,0.18,False,1.0,56,False,False,198.5,364.0,198.4999999999999,365.0,0.6042903881550034,0.5601605017287878,0.34097043558865336,0.12973996257500028,0.16492596621216274,0.7272423335404103,0.1473329643935815,0.5799093691468289,-0.04,,,,0,11.347160075892736,0.08746510697918661,0.013266806350106703,0.6042903881550034,0.5925127877124798,0.6022922879690773,0.011777600442523517,0.001998100185926055,False,False,3.8999999999997783,27.5,71.54999999999593,3.9999999999997726,36.0,121.54999999999309,C_weak_or_broad,881.2734332084656,-1.8000000000000114,-44.62173123415769,122,1.6509284688147945,False,True,True,1472736113.1882064,2016-09-01 13:21:53.188206434+00:00
123,short_impulsive_candidate,1472736118.491067,2016-09-01 13:21:58.491066933+00:00,/Users/glennthompson/Developer/KSCRocketSeismoHydrology/08_fireball_paper/falcon9-seismoacoustic-workflow-1.0.0/data/outputs/070_prepare_event_waveform_products/event_streams/candidate_event_123.pkl,-0.04,0.18,-0.04,0.18,False,1.0,56,False,False,200.5,352.0,200.2999999999999,353.0,0.8214701313074403,0.7941119688577752,0.7250147499638758,0.551371456829437,0.5886313056924494,0.9335010973381036,0.5700013812609432,0.36349971607716036,0.0,0.3235604395235602,2.8490847566573523,0.8209675346734133,9,24.670136042903664,0.0883195766991803,0.011133465833371298,0.8214701313074403,0.8059516555305173,0.8184491693947233,0.015518475776923002,0.0030209619127169463,False,False,2.799999999999841,25.0,48.04999999999727,3.9999999999997726,34.5,109.89999999999375,B_probable,882.5639333724976,0.0,0.0,123,5.7609723798052155,True,False,False,1472736114.4787066,2016-09-01 13:21:54.478706598+00:00
124,short_impulsive_candidate,1472736119.9460669,2016-09-01 13:21:59.946066856+00:00,/Users/glennthompson/Developer/KSCRocketSeismoHydrology/08_fireball_paper/falcon9-seismoacoustic-workflow-1.0.0/data/outputs/070_prepare_event_waveform_products/event_streams/candidate_event_124.pkl,-0.04,0.18,-0.04,0.18,False,1.0,56,False,False,199.5,360.0,199.79999999999987,359.0,0.7161235680953364,0.6834421515711642,0.5302913857631893,0.31190730459431787,0.38593865107595887,0.8776437263999619,0.34892297783513837,0.5287207485648235,0.0,,,,0,21.644022425358685,0.08743090195102785,0.01165445574035777,0.7161235680953364,0.7071849237477146,0.7149273463277876,0.008938644347621816,0.001196221767548744,False,False,3.9999999999997726,33.0,93.39999999999469,3.9999999999997726,39.5,141.29999999999197,C_weak_or_broad,884.0189332962036,-0.5000000000000284,-12.391161856076536,124,2.1743288225580213,False,False,False,1472736115.9337065,2016-09-01 13:21:55.933706522+00:00
125,short_impulsive_candidate,1472736121.7160668,2016-09-01 13:22:01.716066837+00:00,/Users/glennthompson/Developer/KSCRocketSeismoHydrology/08_fireball_paper/falcon9-seismoacoustic-workflow-1.0.0/data/outputs/070_prepare_event_waveform_products/event_streams/candidate_event_125.pkl,-0.04,0.18,-0.04,0.18,False,1.0,56,False,False,198.5,340.0,198.4999999999999,340.5,0.7844640827155147,0.7596541608607547,0.6433579309953092,0.5878430966002435,0.47754252312619805,0.870242956138769,0.5326928098632208,0.33755014627554825,0.0,0.20245407953652844,3.3729131637023424,0.7459162802671542,9,18.571363808566726,0.09375848472071399,0.014221393003785453,0.7844640827155147,0.77278267343488,0.782940317302586,0.011681409280634658,0.001523765412928757,False,False,3.3999999999998067,29.5,67.69999999999615,3.9999999999997726,36.0,128.04999999999274,B_probable,885.7889332771301,-1.8000000000000114,-44.62173123415769,125,5.808111885534066,True,False,False,1472736117.7037065,2016-09-01 13:21:57.703706503+00:00
126,short_impulsive_candidate,1472736122.8555667,2016-09-01 13:22:02.855566740+00:00,/Users/glennthompson/Developer/KSCRocketSeismoHydrology/08_fireball_paper/falcon9-seismoacoustic-workflow-1.0.0/data/outputs/070_prepare_event_waveform_products/event_streams/candidate_event_126.pkl,-0.04,0.18,-0.04,0.18,False,1.0,56,False,False,200.5,280.0,200.79999999999987,280.0,0.49740992638345916,0.4412950776933598,0.16316439883721645,0.1757500506105494,0.16201111587166536,0.6156664922331705,0.16888058324110738,0.4467859089920631,0.008,,,,0,10.194989488249627,0.11058411826561115,0.013128492765061738,0.49740992638345916,0.4733837187766702,0.49413801398257184,0.024026207606788974,0.0032719124008873113,False,True,3.2999999999998124,6.5,15.399999999999125,3.9999999999997726,10.0,34.09999999999806,C_weak_or_broad,886.9284331798553,0.4999999999999716,12.391161856075128,126,2.035598284468379,False,False,False,1472736118.8432064,2016-09-01 13:21:58.843206406+00:00
127,short_impulsive_candidate,1472736123.5095668,2016-09-01 13:22:03.509566784+00:00,/Users/glennthompson/Developer/KSCRocketSeismoHydrology/08_fireball_paper/falcon9-seismoacoustic-workflow-1.0.0/data/outputs/070_prepare_event_waveform_products/event_streams/candidate_event_127.pkl,-0.04,0.18,-0.04,0.18,False,1.0,56,False,False,201.0,354.0,201.19999999999987,353.5,0.6565667005575926,0.6177929230737628,0.4294547335666743,0.2815638609110135,0.14920413235093785,0.8493001605699805,0.21538399663097568,0.6339161639390047,0.0,,,,0,16.297144376222775,0.08710395644818567,0.009823103580730335,0.6565667005575926,0.6408574080198443,0.6549545890594886,0.01570929253774833,0.0016121114981040296,False,False,3.199999999999818,22.0,52.149999999997036,3.9999999999997726,32.5,105.599999999994,C_weak_or_broad,887.5824332237244,0.8999999999999773,22.305359725980548,127,1.8809972396392325,False,False,False,1472736119.4972064,2016-09-01 13:21:59.497206450+00:00
128,short_impulsive_candidate,1472736125.2231336,2016-09-01 13:22:05.223133564+00:00,/Users/glennthompson/Developer/KSCRocketSeismoHydrology/08_fireball_paper/falcon9-seismoacoustic-workflow-1.0.0/data/outputs/070_prepare_event_waveform_products/event_streams/candidate_event_128.pkl,-0.04,0.18,-0.04,0.18,False,1.0,56,True,False,200.0,358.0,199.8999999999999,359.0,0.8837759043798804,0.8705719239467177,0.8071637500592491,0.7143596765576041,0.7425016974168719,0.9607122837857544,0.728430686987238,0.23228159679851634,0.0,0.099380798999985,0.28327886186626583,0.8753509655975679,9,57.44955629477253,0.08731394949180192,0.011513112111822654,0.8837759043798804,0.8653304666967491,0.8819248914074466,0.018445437683131338,0.0018510129724338409,False,False,3.2999999999998124,18.5,45.44999999999742,3.9999999999997726,27.5,88.29999999999498,B_probable,889.2960000038147,-0.4000000000000057,-9.912838893104682,128,6.118371861306586,True,False,False,1472736121.2107732,2016-09-01 13:22:01.210773230+00:00
129,short_impulsive_candidate,1472736126.0925667,2016-09-01 13:22:06.092566729+00:00,/Users/glennthompson/Developer/KSCRocketSeismoHydrology/08_fireball_paper/falcon9-seismoacoustic-workflow-1.0.0/data/outputs/070_prepare_event_waveform_products/event_streams/candidate_event_129.pkl,-0.04,0.18,-0.04,0.18,False,1.0,56,False,False,198.0,428.0,197.7999999999999,431.5,0.6175856282378389,0.5757228719524834,0.3607595253317449,0.17685941400528007,0.29854154946588113,0.6153519603150138,0.23770048173558062,0.3776514785794332,0.0,,,,0,11.329308838557019,0.0746400136749752,0.012041518248711316,0.6175856282378389,0.6115471282617211,0.6166466800571533,0.006038499976117828,0.0009389481806856281,False,False,3.5999999999997954,32.0,94.69999999999462,3.9999999999997726,32.0,117.8499999999933,C_weak_or_broad,890.1654331684113,-2.5,-61.993583876812586,129,2.3765888986293873,False,False,True,1472736122.0802064,2016-09-01 13:22:02.080206394+00:00
130,short_impulsive_candidate,1472736126.6475668,2016-09-01 13:22:06.647566795+00:00,/Users/glennthompson/Developer/KSCRocketSeismoHydrology/08_fireball_paper/falcon9-seismoacoustic-workflow-1.0.0/data/outputs/070_prepare_event_waveform_products/event_streams/candidate_event_130.pkl,-0.04,0.18,-0.04,0.18,False,1.0,56,False,False,191.5,338.0,191.69999999999987,337.0,0.5520385943784301,0.5021635828209122,0.2537022234294135,0.2668147496999584,0.16203431209407135,0.3584531862396961,0.21442453089701485,0.14402865534268122,0.028,,,,0,6.956718141478385,0.10225592096977165,0.024445551800600616,0.5520385943784301,0.5120911508140378,0.5483132795382908,0.03994744356439228,0.003725314840139271,False,False,1.7999999999998977,17.0,23.099999999998687,2.599999999999852,22.5,43.14999999999755,C_weak_or_broad,890.7204332351685,-8.600000000000023,-214.73764527521766,130,2.9767485067447743,True,False,False,1472736122.6352065,2016-09-01 13:22:02.635206461+00:00
131,short_impulsive_candidate,1472736127.4235668,2016-09-01 13:22:07.423566818+00:00,/Users/glennthompson/Developer/KSCRocketSeismoHydrology/08_fireball_paper/falcon9-seismoacoustic-workflow-1.0.0/data/outputs/070_prepare_event_waveform_products/event_streams/candidate_event_131.pkl,-0.04,0.18,-0.04,0.18,False,1.0,56,False,False,199.5,364.0,199.3999999999999,364.5,0.7209856220361903,0.6858454166462419,0.5473918602422259,0.48537862967849393,0.338754254254763,0.7621714909748306,0.41206644196662845,0.35010504900820216,0.0,,,,0,16.2427439784898,0.08656976717060896,0.01203508934400115,0.7209856220361903,0.7037103204283186,0.7192020138192717,0.017275301607871718,0.0017836082169185863,False,False,2.799999999999841,23.0,48.04999999999727,3.799999999999784,32.5,94.19999999999465,C_weak_or_broad,891.4964332580566,-0.9000000000000057,-22.305359725981255,131,3.577205466458034,True,False,False,1472736123.4112065,2016-09-01 13:22:03.411206484+00:00
132,short_impulsive_candidate,1472736128.2815666,2016-09-01 13:22:08.281566620+00:00,/Users/glennthompson/Developer/KSCRocketSeismoHydrology/08_fireball_paper/falcon9-seismoacoustic-workflow-1.0.0/data/outputs/070_prepare_event_waveform_products/event_streams/candidate_event_132.pkl,-0.04,0.18,-0.04,0.18,False,1.0,56,False,False,200.5,348.0,200.2999999999999,348.5,0.7171957371213029,0.679519321721779,0.5474207204411775,0.26413742576454063,0.44579651083045485,0.8479030111530096,0.35496696829749774,0.49293604285551185,0.0,,,,0,17.300655290743254,0.08946000164938492,0.011277226511277098,0.7171957371213029,0.7014397156781891,0.7146805584826437,0.015756021443113832,0.0025151786386592434,False,False,3.6999999999997897,20.0,38.29999999999782,3.9999999999997726,34.0,111.89999999999364,C_weak_or_broad,892.3544330596924,0.0,0.0,132,4.382919022362098,True,False,False,1472736124.2692063,2016-09-01 13:22:04.269206285+00:00
133,short_impulsive_candidate,1472736130.592567,2016-09-01 13:22:10.592566967+00:00,/Users/glennthompson/Developer/KSCRocketSeismoHydrology/08_fireball_paper/falcon9-seismoacoustic-workflow-1.0.0/data/outputs/070_prepare_event_waveform_products/event_streams/candidate_event_133.pkl,-0.04,0.18,-0.04,0.18,False,1.0,56,False,False,198.5,366.0,198.3999999999999,366.0,0.5811827530839033,0.5294266288218168,0.3176338789540657,0.5067635347213145,0.39191533776035786,0.4909969520364541,0.44933943624083617,0.04165751579561794,0.0,,,,0,18.234509223696246,0.08733715820140792,0.013368672684046467,0.5811827530839033,0.562455194349371,0.5766862643870603,0.018727558734532357,0.004496488696843048,False,False,3.3999999999998067,18.5,29.949999999998298,3.9999999999997726,35.0,93.2499999999947,C_weak_or_broad,894.6654334068298,-1.9000000000000057,-47.10248674743608,133,1.5663199967109973,False,True,False,1472736126.5802066,2016-09-01 13:22:06.580206633+00:00
134,short_impulsive_candidate,1472736131.2325668,2016-09-01 13:22:11.232566833+00:00,/Users/glennthompson/Developer/KSCRocketSeismoHydrology/08_fireball_paper/falcon9-seismoacoustic-workflow-1.0.0/data/outputs/070_prepare_event_waveform_products/event_streams/candidate_event_134.pkl,-0.04,0.18,-0.04,0.18,False,1.0,56,False,False,199.0,346.0,199.19999999999987,345.0,0.6311391220798055,0.5901169568728152,0.38534473978058176,0.09133925225464982,0.5671130303740142,0.4970740232990036,0.329226141314332,0.1678478819846716,0.0,,,,0,13.189410580591016,0.09170317994809488,0.01300907459039781,0.6311391220798055,0.6160317614728079,0.6291160521771033,0.015107360606997577,0.0020230699027021792,False,False,2.6999999999998465,25.0,45.6999999999974,3.6999999999997897,35.5,105.14999999999402,C_weak_or_broad,895.3054332733154,-1.1000000000000227,-27.263213781578514,134,3.019423831051571,True,False,False,1472736127.2202065,2016-09-01 13:22:07.220206499+00:00
135,short_impulsive_candidate,1472736148.8835669,2016-09-01 13:22:28.883566856+00:00,/Users/glennthompson/Developer/KSCRocketSeismoHydrology/08_fireball_paper/falcon9-seismoacoustic-workflow-1.0.0/data/outputs/070_prepare_event_waveform_products/event_streams/candidate_event_135.pkl,-0.04,0.18,-0.04,0.18,False,1.0,56,False,False,200.5,344.0,200.2999999999999,343.5,0.7892511516142162,0.7650853859188332,0.6509996003145818,0.5171741953334104,0.5112500500220579,0.9144599912792805,0.5142121226777341,0.4002478686015464,0.0,0.17638342073762936,1.201850425154663,0.7697298669017285,9,19.299908826115892,0.09076218507950698,0.011441378280000199,0.7892511516142162,0.7580401047599095,0.7867425300912247,0.031211046854306757,0.002508621522991472,False,False,2.3999999999998636,16.5,31.399999999998215,3.2999999999998124,23.0,58.499999999996675,B_probable,912.9564332962036,0.0,0.0,135,2.4742764447735777,False,False,False,1472736144.8712065,2016-09-01 13:22:24.871206522+00:00
136,short_impulsive_candidate,1472736149.6770668,2016-09-01 13:22:29.677066803+00:00,/Users/glennthompson/Developer/KSCRocketSeismoHydrology/08_fireball_paper/falcon9-seismoacoustic-workflow-1.0.0/data/outputs/070_prepare_event_waveform_products/event_streams/candidate_event_136.pkl,-0.04,0.18,-0.04,0.18,False,1.0,56,False,False,200.0,322.0,199.9999999999999,322.5,0.6593077422277033,0.6160183997652107,0.4484835118428842,0.2517454799569205,0.4434602570036866,0.5768770619828412,0.34760286848030353,0.22927419350253764,0.0,,,,0,10.162779266000426,0.09706550837281402,0.012658766806307536,0.6593077422277033,0.640366772745158,0.6563981239655085,0.01894096948254531,0.002909618262194824,False,False,2.799999999999841,19.0,30.549999999998263,3.9999999999997726,30.5,89.24999999999493,C_weak_or_broad,913.7499332427979,-0.30000000000001137,-7.434576325667873,136,2.55932119946365,False,False,False,1472736145.6647065,2016-09-01 13:22:25.664706469+00:00
137,short_impulsive_candidate,1472736149.9280667,2016-09-01 13:22:29.928066730+00:00,/Users/glennthompson/Developer/KSCRocketSeismoHydrology/08_fireball_paper/falcon9-seismoacoustic-workflow-1.0.0/data/outputs/070_prepare_event_waveform_products/event_streams/candidate_event_137.pkl,-0.04,0.18,-0.04,0.18,False,1.0,56,False,False,201.0,358.0,200.9999999999999,357.5,0.857825215863351,0.8417733599637852,0.7638059994253995,0.6881117235058051,0.7050399065246579,0.8948284898065711,0.6965758150152315,0.19825267479133968,0.0,0.17638342073762936,1.3286956381223776,0.8485704533895975,9,19.159982822873218,0.08637087825521965,0.009997886211251094,0.857825215863351,0.8344398916144666,0.8547839852098494,0.023385324248884398,0.003041230653501592,False,False,2.6999999999998465,17.0,30.549999999998263,3.5999999999997954,26.0,71.49999999999594,B_probable,914.0009331703186,0.6999999999999886,17.34804937703452,137,3.917007861015538,True,False,False,1472736145.9157064,2016-09-01 13:22:25.915706396+00:00
138,short_impulsive_candidate,1472736158.7178934,2016-09-01 13:22:38.717893362+00:00,/Users/glennthompson/Developer/KSCRocketSeismoHydrology/08_fireball_paper/falcon9-seismoacoustic-workflow-1.0.0/data/outputs/070_prepare_event_waveform_products/event_streams/candidate_event_138.pkl,-0.04,0.18,-0.04,0.18,False,1.0,56,True,False,200.0,350.0,199.7999999999999,351.5,0.8782724032168395,0.8579165805423876,0.817612274457035,0.6765290950842541,0.7138353749835781,0.9702601423729114,0.6951822350339161,0.2750779073389953,0.0,0.298142396999955,4.068851871911234,0.8592359586681543,9,45.36334714764123,0.08929642617473392,0.01190312833794712,0.8782724032168395,0.8580070144801246,0.8757168126461246,0.020265388736714907,0.0025555905707149718,False,False,2.199999999999875,22.0,37.49999999999787,3.9999999999997726,29.5,81.74999999999535,B_probable,922.7907598018646,-0.5,-12.391161856075831,138,10.397847745327788,True,False,False,1472736154.705533,2016-09-01 13:22:34.705533028+00:00
139,short_impulsive_candidate,1472736160.1865668,2016-09-01 13:22:40.186566830+00:00,/Users/glennthompson/Developer/KSCRocketSeismoHydrology/08_fireball_paper/falcon9-seismoacoustic-workflow-1.0.0/data/outputs/070_prepare_event_waveform_products/event_streams/candidate_event_139.pkl,-0.04,0.18,-0.04,0.18,False,1.0,56,False,False,200.0,358.0,199.7999999999999,359.5,0.768778731500604,0.7426296606830525,0.6160046754538628,0.5446594991584961,0.4369722310594617,0.8602017428557784,0.4908158651089789,0.36938587774679954,0.0,0.2739739556874945,0.5328701692569688,0.7485285098949508,9,13.842728749081576,0.08730930125290395,0.011638246483417002,0.768778731500604,0.7498381124393576,0.7662331721717183,0.018940619061246444,0.0025455593288857825,False,False,3.199999999999818,17.5,36.9499999999979,3.9999999999997726,29.0,87.14999999999505,B_probable,924.2594332695007,-0.5,-12.391161856075831,139,2.7664976391125293,False,False,False,1472736156.1742065,2016-09-01 13:22:36.174206495+00:00
140,short_impulsive_candidate,1472736160.9475667,2016-09-01 13:22:40.947566748+00:00,/Users/glennthompson/Developer/KSCRocketSeismoHydrology/08_fireball_paper/falcon9-seismoacoustic-workflow-1.0.0/data/outputs/070_prepare_event_waveform_products/event_streams/candidate_event_140.pkl,-0.04,0.18,-0.04,0.18,False,1.0,56,False,False,200.5,346.0,200.3999999999999,345.5,0.7139396311711026,0.6824159568789128,0.5224502852187748,0.39105886906426424,0.3775649757747722,0.8548031195160947,0.3843119224195182,0.47049119709657644,-0.04,,,,0,19.405255417562437,0.09011388858006616,0.011228103243606243,0.7139396311711026,0.6979645393990477,0.7114378951833287,0.015975091772054917,0.002501735987773923,False,False,3.199999999999818,20.5,49.99999999999716,3.8999999999997783,32.0,102.99999999999415,C_weak_or_broad,925.0204331874847,0.09999999999999432,2.4781719778147786,140,3.032013413236088,True,False,False,1472736156.9352064,2016-09-01 13:22:36.935206413+00:00
141,short_impulsive_candidate,1472736162.9195666,2016-09-01 13:22:42.919566631+00:00,/Users/glennthompson/Developer/KSCRocketSeismoHydrology/08_fireball_paper/falcon9-seismoacoustic-workflow-1.0.0/data/outputs/070_prepare_event_waveform_products/event_streams/candidate_event_141.pkl,-0.04,0.18,-0.04,0.18,False,1.0,56,False,False,199.0,354.0,198.9999999999999,354.0,0.7302607356168014,0.7023353703400846,0.5442975670637532,0.5179646199821969,0.3555961852398303,0.7869483613083533,0.4367804026110136,0.35016795869733974,0.0,,,,0,20.60963575786958,0.08960488287107982,0.012964453997258301,0.7302607356168014,0.7194644236792482,0.729213541318996,0.010796311937553149,0.0010471942978054205,False,False,3.799999999999784,28.5,77.04999999999562,3.9999999999997726,39.0,126.89999999999279,C_weak_or_broad,926.9924330711365,-1.3000000000000114,-32.22173247550897,141,5.0358369312881734,True,False,False,1472736158.9072063,2016-09-01 13:22:38.907206297+00:00
142,short_impulsive_candidate,1472736165.0595667,2016-09-01 13:22:45.059566736+00:00,/Users/glennthompson/Developer/KSCRocketSeismoHydrology/08_fireball_paper/falcon9-seismoacoustic-workflow-1.0.0/data/outputs/070_prepare_event_waveform_products/event_streams/candidate_event_142.pkl,-0.04,0.18,-0.04,0.18,False,1.0,56,False,False,200.5,374.0,200.4999999999999,373.5,0.7821822832762864,0.7556624173847416,0.6439241642272067,0.5400470714946207,0.5220769895734038,0.84648529490128,0.5310620305340122,0.31542326436726775,-0.004,0.5902499993463409,3.7712361663282534,0.7756711750376581,9,24.521120741454077,0.08324442193678736,0.010250318835613986,0.7821822832762864,0.769665616481265,0.7792849017228403,0.012516666795021392,0.002897381553446099,False,False,3.3999999999998067,29.5,66.54999999999622,3.9999999999997726,37.0,119.99999999999318,B_probable,929.1324331760406,0.19999999999998863,4.956359053593282,142,6.337482791881802,True,False,False,1472736161.0472064,2016-09-01 13:22:41.047206402+00:00
143,short_impulsive_candidate,1472736168.085,2016-09-01 13:22:48.085000038+00:00,/Users/glennthompson/Developer/KSCRocketSeismoHydrology/08_fireball_paper/falcon9-seismoacoustic-workflow-1.0.0/data/outputs/070_prepare_event_waveform_products/event_streams/candidate_event_143.pkl,-0.04,0.18,-0.04,0.18,False,1.0,56,True,False,198.5,358.0,198.0999999999999,352.0,0.7102240384404238,0.673268921672381,0.5313134271849763,0.7928982627071788,0.35829934712744754,0.3785125376910879,0.5755988049173132,-0.1970862672262253,0.0,,,,0,46.567217853384314,0.09115546232411853,0.014330948329582371,0.7102240384404238,0.6978826235977413,0.708871552710826,0.012341414842682474,0.0013524857295977855,False,False,3.9999999999997726,26.5,71.44999999999594,3.9999999999997726,35.5,113.09999999999357,C_weak_or_broad,932.1578664779663,-2.1999999999999886,-54.54653765344527,143,3.8912791566615086,True,False,False,1472736164.0726397,2016-09-01 13:22:44.072639704+00:00
144,short_impulsive_candidate,1472736178.465067,2016-09-01 13:22:58.465066910+00:00,/Users/glennthompson/Developer/KSCRocketSeismoHydrology/08_fireball_paper/falcon9-seismoacoustic-workflow-1.0.0/data/outputs/070_prepare_event_waveform_products/event_streams/candidate_event_144.pkl,-0.04,0.18,-0.04,0.18,False,1.0,56,True,False,200.0,350.0,199.9999999999999,348.5,0.8624668243112537,0.8426912762132626,0.7842602929164805,0.6454158424777426,0.737715927811414,0.9089789726705245,0.6915658851445783,0.21741308752594624,0.0,0.3424674446093681,1.2692955176439846,0.8274997442396865,9,33.833088793013864,0.08982389225317797,0.011714353787759483,0.8624668243112537,0.8437078961920562,0.8597166254958657,0.018758928119197438,0.002750198815387961,False,False,3.099999999999824,19.0,41.04999999999767,3.9999999999997726,28.0,88.64999999999496,B_probable,942.5379333496094,-0.30000000000001137,-7.434576325667873,144,4.49009666602884,True,False,False,1472736174.4527066,2016-09-01 13:22:54.452706575+00:00
145,short_impulsive_candidate,1472736192.3475666,2016-09-01 13:23:12.347566605+00:00,/Users/glennthompson/Developer/KSCRocketSeismoHydrology/08_fireball_paper/falcon9-seismoacoustic-workflow-1.0.0/data/outputs/070_prepare_event_waveform_products/event_streams/candidate_event_145.pkl,-0.04,0.18,-0.04,0.18,False,1.0,56,True,False,198.5,354.0,198.69999999999987,353.5,0.731320030736561,0.7005200545576127,0.5550399900099673,0.482150694154338,0.7609435077597616,0.4125484017335412,0.6215471009570498,-0.2089986992235086,0.004,,,,0,25.77520635024961,0.09007977572208023,0.013412278501969487,0.731320030736561,0.7183051877326503,0.7293756527347506,0.013014843003910759,0.001944378001810465,False,False,3.2999999999998124,30.5,68.24999999999612,3.9999999999997726,36.5,112.6499999999936,C_weak_or_broad,956.4204330444336,-1.6000000000000227,-39.66102141377691,145,3.733670370079144,True,False,False,1472736188.3352063,2016-09-01 13:23:08.335206270+00:00
146,short_impulsive_candidate,1472736222.070567,2016-09-01 13:23:42.070566893+00:00,/Users/glennthompson/Developer/KSCRocketSeismoHydrology/08_fireball_paper/falcon9-seismoacoustic-workflow-1.0.0/data/outputs/070_prepare_event_waveform_products/event_streams/candidate_event_146.pkl,-0.04,0.18,-0.04,0.18,False,1.0,56,True,False,199.5,344.0,199.59999999999988,344.0,0.7235530759153253,0.6932605114378195,0.5379838452631676,0.4439094819420151,0.39200407293955625,0.783758746588617,0.4179567774407857,0.3658019691478313,0.0,,,,0,17.11590501706796,0.09148656599262163,0.012457546355921625,0.7235530759153253,0.7068677376206431,0.7211494914546406,0.016685338294682106,0.0024035844606846712,False,False,2.9999999999998295,22.0,47.19999999999732,3.9999999999997726,31.5,98.09999999999442,C_weak_or_broad,986.1434333324432,-0.700000000000017,-17.348049377035224,146,4.1606201413119015,True,False,False,1472736218.0582066,2016-09-01 13:23:38.058206558+00:00
147,short_impulsive_candidate,1472736257.5315666,2016-09-01 13:24:17.531566620+00:00,/Users/glennthompson/Developer/KSCRocketSeismoHydrology/08_fireball_paper/falcon9-seismoacoustic-workflow-1.0.0/data/outputs/070_prepare_event_waveform_products/event_streams/candidate_event_147.pkl,-0.04,0.18,-0.04,0.18,False,1.0,56,True,False,200.5,344.0,200.3999999999999,344.5,0.8101296601335831,0.7889702795134463,0.6837374621275766,0.5224331812802023,0.613606922932663,0.9143261535976436,0.5680200521064327,0.3463061014912109,0.0,0.11331154474649988,2.454524670486058,0.80286824968863,9,29.33573191244829,0.09037546735678625,0.011260695705851836,0.8101296601335831,0.798124252396267,0.808523915734316,0.012005407737316065,0.001605744399267084,False,False,3.499999999999801,27.5,66.7499999999962,3.9999999999997726,39.0,128.69999999999268,B_probable,1021.6044330596924,0.09999999999999432,2.4781719778147786,147,5.93993642301663,True,False,False,1472736253.5192063,2016-09-01 13:24:13.519206285+00:00
148,short_impulsive_candidate,1472736595.1581335,2016-09-01 13:29:55.158133507+00:00,/Users/glennthompson/Developer/KSCRocketSeismoHydrology/08_fireball_paper/falcon9-seismoacoustic-workflow-1.0.0/data/outputs/070_prepare_event_waveform_products/event_streams/candidate_event_148.pkl,-0.04,0.18,-0.04,0.18,False,1.0,56,True,False,200.5,358.0,200.4999999999999,356.5,0.964661637337439,0.9602280627449268,0.9426239984524148,0.9182339238877603,0.9268702556583881,0.9759221028060225,0.9225520897730741,0.053370013032948416,0.0,0.22986845406195583,1.5275252316519468,0.9588003857570162,9,64.54834241017171,0.0872140016644883,0.01073911384320287,0.964661637337439,0.9524539841900624,0.9630553934692145,0.012207653147376596,0.0016062438682244995,False,False,3.799999999999784,23.5,67.94999999999614,3.9999999999997726,36.0,120.14999999999317,A_high_quality,1359.2309999465942,0.19999999999998863,4.956359053593282,148,12.006631013601986,True,False,False,1472736591.1457732,2016-09-01 13:29:51.145773172+00:00
149,short_impulsive_candidate,1472736642.724,2016-09-01 13:30:42.723999977+00:00,/Users/glennthompson/Developer/KSCRocketSeismoHydrology/08_fireball_paper/falcon9-seismoacoustic-workflow-1.0.0/data/outputs/070_prepare_event_waveform_products/event_streams/candidate_event_149.pkl,-0.04,0.18,-0.04,0.18,False,1.0,56,True,False,200.5,354.0,200.4999999999999,354.5,0.9394938186258276,0.9326529635891974,0.8995102023615459,0.8726743788781491,0.8524883450473345,0.9717756122259037,0.8625813619627418,0.10919425026316187,0.0,0.18724777273724177,1.0570165328022472,0.9386071575643831,9,37.799821216555145,0.08770604116612152,0.010799701227367627,0.9394938186258276,0.9171150914274901,0.9372983914147548,0.022378727198337445,0.002195427211072798,False,False,2.899999999999835,18.0,34.59999999999803,3.8999999999997783,25.0,74.99999999999574,A_high_quality,1406.7968664169312,0.19999999999998863,4.956359053593282,149,5.690123224382134,True,False,False,1472736638.7116396,2016-09-01 13:30:38.711639643+00:00
150,short_impulsive_candidate,1472736751.9651334,2016-09-01 13:32:31.965133429+00:00,/Users/glennthompson/Developer/KSCRocketSeismoHydrology/08_fireball_paper/falcon9-seismoacoustic-workflow-1.0.0/data/outputs/070_prepare_event_waveform_products/event_streams/candidate_event_150.pkl,-0.04,0.18,-0.04,0.18,False,1.0,56,True,False,199.5,356.0,199.69999999999987,355.0,0.8652938938610064,0.8492013673923192,0.7788653671280749,0.6574539701191964,0.7592544170133064,0.9046977661329337,0.7083541935662514,0.19634357256668233,0.0,0.11547005383791858,1.7795130420052185,0.8639603400538796,9,25.76637319464725,0.08853403977724611,0.01192867388280677,0.8652938938610064,0.8474035316458307,0.8629669102730908,0.017890362215175704,0.0023269835879156098,False,False,3.099999999999824,19.0,42.2499999999976,3.9999999999997726,29.5,92.74999999999473,B_probable,1516.037999868393,-0.6000000000000227,-14.869560316225355,150,9.568343249532928,True,False,False,1472736747.952773,2016-09-01 13:32:27.952773094+00:00
151,short_impulsive_candidate,1472736811.789,2016-09-01 13:33:31.789000034+00:00,/Users/glennthompson/Developer/KSCRocketSeismoHydrology/08_fireball_paper/falcon9-seismoacoustic-workflow-1.0.0/data/outputs/070_prepare_event_waveform_products/event_streams/candidate_event_151.pkl,-0.04,0.18,-0.04,0.18,False,1.0,56,True,False,199.5,354.0,199.79999999999987,353.5,0.9613738644659185,0.956065080845927,0.9386740797918117,0.8948313029282725,0.9215894190165058,0.9858721418618936,0.9082103609723892,0.07766178088950448,0.0,0.09938079899998499,0.3333333333333333,0.9589811236444323,9,51.09043792160412,0.08879121301391513,0.011835783906049339,0.9613738644659185,0.9384712589231439,0.9591085737308411,0.02290260554277468,0.0022652907350774187,False,False,2.9999999999998295,17.5,35.69999999999797,3.8999999999997783,25.0,73.8999999999958,A_high_quality,1575.8618664741516,-0.5000000000000284,-12.391161856076536,151,24.65040587224143,True,False,False,1472736807.7766397,2016-09-01 13:33:27.776639700+00:00
152,short_impulsive_candidate,1472736829.5165668,2016-09-01 13:33:49.516566753+00:00,/Users/glennthompson/Developer/KSCRocketSeismoHydrology/08_fireball_paper/falcon9-seismoacoustic-workflow-1.0.0/data/outputs/070_prepare_event_waveform_products/event_streams/candidate_event_152.pkl,-0.04,0.18,-0.04,0.18,False,1.0,56,False,False,199.5,346.0,199.3999999999999,345.0,0.7869736610899478,0.7629335810845193,0.6460675621961812,0.46070950858801063,0.5200157855090453,0.952475820783281,0.49036264704852794,0.462113173734753,0.0,0.2748737083744951,1.0304020550550783,0.7734332504722397,9,24.6802766827364,0.09146284096720861,0.012715333524314254,0.7869736610899478,0.7653795430738799,0.7834725549660725,0.02159411801606792,0.0035011061238753305,False,False,2.6999999999998465,18.5,32.39999999999816,3.6999999999997897,28.5,77.79999999999558,B_probable,1593.5894331932068,-0.9000000000000057,-22.305359725981255,152,3.3105153010004975,True,False,False,1472736825.5042064,2016-09-01 13:33:45.504206418+00:00
153,short_impulsive_candidate,1472736834.396067,2016-09-01 13:33:54.396066904+00:00,/Users/glennthompson/Developer/KSCRocketSeismoHydrology/08_fireball_paper/falcon9-seismoacoustic-workflow-1.0.0/data/outputs/070_prepare_event_waveform_products/event_streams/candidate_event_153.pkl,-0.04,0.18,-0.04,0.18,False,1.0,56,False,False,200.0,356.0,199.8999999999999,356.5,0.5705108414195132,0.5225352132818161,0.2849485672521177,0.33923064952636595,0.29026215676883316,0.6423068049329309,0.31474640314759955,0.32756040178533136,0.068,,,,0,9.447563722962244,0.08792624927785944,0.011593849223406266,0.5705108414195132,0.5483714500561839,0.5663574421102932,0.02213939136332932,0.004153399309220096,False,False,2.199999999999875,18.5,27.299999999998448,3.3999999999998067,29.5,72.29999999999589,C_weak_or_broad,1598.4689333438873,-0.4000000000000057,-9.912838893104682,153,1.9236847844918152,False,False,True,1472736830.3837066,2016-09-01 13:33:50.383706570+00:00
