reconstructed_event_number,reduced_event_epoch_s,first_reduced_pick_epoch_s,last_reduced_pick_epoch_s,corrected_pick_span_s,pick_count,channel_count,channels,pick_indices,observed_first_pick_epoch_s,observed_last_pick_epoch_s,reduced_event_time,observed_first_pick_time,observed_last_pick_time,catalogue_decision,decision_basis,dd2_dd3_best_correlation,robust_stack_peak_snr,review_reference_epoch_s,event_number,candidate_event_number,assigned_pick_count,assigned_channel_count,assigned_pick_span_s,stack_channels,stack_channel_count,valid_measurement,failure_reason,median_stack_snr,valid_pair,positive_index,negative_index,positive_time_s,negative_time_s,positive_peak_pa,negative_peak_pa,peak_to_peak_pa,positive_negative_lag_s,model_event_start_s,model_event_end_s,event_start_s,event_end_s,event_duration_s,noise_scale_pa,boundary_threshold_pa,start_boundary_method,end_boundary_method,morphology_class,quality_class,segment_file,segment_path,segment_start_epoch_s,segment_end_epoch_s,filter_peak_to_peak_pa,filter_stack_snr,filter_channel_count,valid_measurement_boolean,forced_named_event,event_label,passes_analysis_amplitude,passes_analysis_snr,passes_analysis_channel_count,passes_analysis_morphology,passes_legacy_analysis_filter,passes_analysis_filter,passes_core_amplitude,passes_core_snr,passes_core_channel_count,passes_core_filter,legacy_filter_reason,analysis_filter_reason
1,1472735235.9271336,1472735235.9258933,1472735235.928,0.0021066665649414,3,3,"DD1,DD2,DD3","198,193,194",1472735235.928,1472735236.016,2016-09-01 13:07:15.927133560+00:00,2016-09-01 13:07:15.927999973+00:00,2016-09-01 13:07:16.016000032+00:00,retain,at least two reduced-time-associated infrasound channels,,,,1,1,3,3,0.0021066665649414,"DD1,DD2,DD3",3,True,,25.125280764730935,True,126.0,148.0,0.0048663616180419,0.0928664207458496,33.00596889606609,-18.375680516310325,51.38164941237642,0.0880000591278076,-0.0391336679458618,0.1368664503097534,-0.0191335678100585,0.1368664503097534,0.156000018119812,1.3136557240943352,2.6273114481886704,noise_threshold,model,robust_impulsive,robust_impulsive,candidate_event_001.pkl,/Users/glennthompson/Developer/KSCRocketSeismoHydrology/08_fireball_paper/falcon9-seismoacoustic-workflow-1.0.0/data/outputs/070_prepare_event_waveform_products/event_streams/candidate_event_001.pkl,1472735235.4271336,1472735236.5271337,51.38164941237642,25.125280764730935,3,True,False,short_impulsive_candidate,True,True,True,True,True,True,True,True,True,True,pass,analyze_all_final_events
2,1472735236.0571334,1472735236.0558932,1472735236.067,0.0111067295074462,3,3,"DD1,DD2,DD3","201,199,200",1472735236.067,1472735236.146,2016-09-01 13:07:16.057133436+00:00,2016-09-01 13:07:16.066999911+00:00,2016-09-01 13:07:16.145999908+00:00,retain,at least two reduced-time-associated infrasound channels,,,,2,2,3,3,0.0111067295074462,"DD1,DD2,DD3",3,True,,13.186529856435058,True,134.0,156.0,0.0380001068115234,0.126000165939331,22.88343069207909,-21.205054192615886,44.08848488469498,0.0880000591278076,-0.0059999227523803,0.1700001955032348,-0.0059999227523803,0.1700001955032348,0.1760001182556152,1.7353641133199211,3.4707282266398423,model,model,robust_impulsive,robust_impulsive,candidate_event_002.pkl,/Users/glennthompson/Developer/KSCRocketSeismoHydrology/08_fireball_paper/falcon9-seismoacoustic-workflow-1.0.0/data/outputs/070_prepare_event_waveform_products/event_streams/candidate_event_002.pkl,1472735235.5571334,1472735236.657133,44.08848488469498,13.186529856435058,3,True,False,short_impulsive_candidate,True,True,True,True,True,True,True,True,True,True,pass,analyze_all_final_events
3,1472735236.255,1472735236.2521336,1472735236.2558932,0.0037596225738525,3,3,"DD1,DD2,DD3","204,202,203",1472735236.255,1472735236.346,2016-09-01 13:07:16.255000114+00:00,2016-09-01 13:07:16.255000114+00:00,2016-09-01 13:07:16.345999956+00:00,retain,at least two reduced-time-associated infrasound channels,,,,3,3,3,3,0.0037596225738525,"DD1,DD2,DD3",3,True,,3.63392185183619,True,131.0,139.0,0.0249998569488525,0.056999921798706,37.66396994430215,-9.892703982209197,47.55667392651135,0.0320000648498535,0.0089998245239257,0.0729999542236328,0.0169999599456787,0.0690000057220459,0.0520000457763671,10.364551435048298,20.729102870096597,noise_threshold,noise_threshold,weak_impulsive,weak_impulsive,candidate_event_003.pkl,/Users/glennthompson/Developer/KSCRocketSeismoHydrology/08_fireball_paper/falcon9-seismoacoustic-workflow-1.0.0/data/outputs/070_prepare_event_waveform_products/event_streams/candidate_event_003.pkl,1472735235.755,1472735236.855,47.55667392651135,3.63392185183619,3,True,False,short_impulsive_candidate,True,True,True,True,True,True,True,True,True,True,pass,analyze_all_final_events
4,1472735236.4470668,1472735236.4321334,1472735236.462,0.0298664569854736,2,2,"DD2,DD3","206,205",1472735236.445,1472735236.462,2016-09-01 13:07:16.447066784+00:00,2016-09-01 13:07:16.444999933+00:00,2016-09-01 13:07:16.461999893+00:00,retain,at least two reduced-time-associated infrasound channels,,,,4,4,2,2,0.0298664569854736,"DD2,DD3",2,True,,1.914207076782365,True,134.0,144.0,0.0369331836700439,0.0769331455230712,25.064111393503534,-9.007070955340824,34.07118234884436,0.0399999618530273,0.0169332027435302,0.0969331264495849,0.032933235168457,0.0889332294464111,0.0559999942779541,13.093730400179268,26.187460800358537,noise_threshold,noise_threshold,weak_impulsive,weak_impulsive,candidate_event_004.pkl,/Users/glennthompson/Developer/KSCRocketSeismoHydrology/08_fireball_paper/falcon9-seismoacoustic-workflow-1.0.0/data/outputs/070_prepare_event_waveform_products/event_streams/candidate_event_004.pkl,1472735235.9470668,1472735237.0470667,34.07118234884436,1.914207076782365,2,True,False,short_impulsive_candidate,True,True,True,True,True,True,True,False,True,False,pass,analyze_all_final_events
5,1472735236.7995667,1472735236.7991335,1472735236.8,0.000866413116455,2,2,"DD2,DD3","207,208",1472735236.8,1472735236.812,2016-09-01 13:07:16.799566746+00:00,2016-09-01 13:07:16.799999952+00:00,2016-09-01 13:07:16.812000036+00:00,retain,at least two reduced-time-associated infrasound channels,,,,5,5,2,2,0.000866413116455,"DD2,DD3",2,True,,2.2535180583495182,True,142.0,151.0,0.0684332847595214,0.1044332981109619,15.706477635933398,-24.34954914301055,40.056026778943945,0.0360000133514404,0.0504332780838012,0.1224333047866821,0.0644330978393554,0.1244332790374755,0.0600001811981201,10.805127144552024,21.610254289104045,noise_threshold,noise_threshold,weak_impulsive,weak_impulsive,candidate_event_005.pkl,/Users/glennthompson/Developer/KSCRocketSeismoHydrology/08_fireball_paper/falcon9-seismoacoustic-workflow-1.0.0/data/outputs/070_prepare_event_waveform_products/event_streams/candidate_event_005.pkl,1472735236.2995667,1472735237.399567,40.056026778943945,2.2535180583495182,2,True,False,short_impulsive_candidate,True,True,True,True,True,True,True,False,True,False,pass,analyze_all_final_events
6,1472735237.242,1472735237.2411337,1472735237.2448933,0.0037598609924316,3,3,"DD1,DD2,DD3","211,209,210",1472735237.242,1472735237.335,2016-09-01 13:07:17.242000103+00:00,2016-09-01 13:07:17.242000103+00:00,2016-09-01 13:07:17.335000038+00:00,retain,at least two reduced-time-associated infrasound channels,,,,6,6,3,3,0.0037596225738525,"DD1,DD2,DD3",3,True,,5.796782165713952,True,133.0,172.0,0.0339999198913574,0.1899998188018798,33.6957352680494,-19.240708710626976,52.93644397867637,0.1559998989105224,-0.0440000295639038,0.2679997682571411,0.0099997520446777,0.2299997806549072,0.2200000286102295,5.812834483819061,11.625668967638122,noise_threshold,noise_threshold,moderate_impulsive,moderate_impulsive,candidate_event_006.pkl,/Users/glennthompson/Developer/KSCRocketSeismoHydrology/08_fireball_paper/falcon9-seismoacoustic-workflow-1.0.0/data/outputs/070_prepare_event_waveform_products/event_streams/candidate_event_006.pkl,1472735236.742,1472735237.842,52.93644397867637,5.796782165713952,3,True,False,short_impulsive_candidate,True,True,True,True,True,True,True,True,True,True,pass,analyze_all_final_events
7,1472735237.634,1472735237.632893,1472735237.6361334,0.0032401084899902,3,3,"DD1,DD2,DD3","215,213,214",1472735237.634,1472735237.723,2016-09-01 13:07:17.634000063+00:00,2016-09-01 13:07:17.634000063+00:00,2016-09-01 13:07:17.723000050+00:00,retain,at least two reduced-time-associated infrasound channels,,,,7,7,3,3,0.0032403469085693,"DD1,DD2,DD3",3,True,,2.227323583017329,True,130.0,143.0,0.0219998359680175,0.0739998817443847,28.522734684348936,-13.296857356657217,41.81959204100615,0.0520000457763671,-0.004000186920166,0.0999999046325683,0.0179998874664306,0.0859999656677246,0.0680000782012939,12.805833378601204,25.611666757202407,noise_threshold,noise_threshold,weak_impulsive,weak_impulsive,candidate_event_007.pkl,/Users/glennthompson/Developer/KSCRocketSeismoHydrology/08_fireball_paper/falcon9-seismoacoustic-workflow-1.0.0/data/outputs/070_prepare_event_waveform_products/event_streams/candidate_event_007.pkl,1472735237.134,1472735238.234,41.81959204100615,2.227323583017329,3,True,False,short_impulsive_candidate,True,True,True,True,True,True,True,False,True,False,pass,analyze_all_final_events
8,1472735237.8951335,1472735237.8918934,1472735237.896,0.0041065216064453,3,3,"DD1,DD2,DD3","218,216,217",1472735237.896,1472735237.982,2016-09-01 13:07:17.895133495+00:00,2016-09-01 13:07:17.895999908+00:00,2016-09-01 13:07:17.982000113+00:00,retain,at least two reduced-time-associated infrasound channels,,,,8,8,3,3,0.0041065216064453,"DD1,DD2,DD3",3,True,,4.190789515406945,True,130.0,138.0,0.0208663940429687,0.0528664588928222,29.77866339480653,-21.5081565323884,51.28681992719493,0.0320000648498535,0.0048663616180419,0.068866491317749,0.0088663101196289,0.068866491317749,0.0600001811981201,7.105740645128745,14.21148129025749,noise_threshold,noise_threshold,moderate_impulsive,moderate_impulsive,candidate_event_008.pkl,/Users/glennthompson/Developer/KSCRocketSeismoHydrology/08_fireball_paper/falcon9-seismoacoustic-workflow-1.0.0/data/outputs/070_prepare_event_waveform_products/event_streams/candidate_event_008.pkl,1472735237.3951335,1472735238.4951334,51.28681992719493,4.190789515406945,3,True,False,short_impulsive_candidate,True,True,True,True,True,True,True,True,True,True,pass,analyze_all_final_events
9,1472735238.1111336,1472735238.109893,1472735238.112,0.0021066665649414,3,3,"DD1,DD2,DD3","221,219,220",1472735238.112,1472735238.2,2016-09-01 13:07:18.111133575+00:00,2016-09-01 13:07:18.111999989+00:00,2016-09-01 13:07:18.200000048+00:00,retain,at least two reduced-time-associated infrasound channels,,,,9,9,3,3,0.0021069049835205,"DD1,DD2,DD3",3,True,,11.131978868361225,True,130.0,137.0,0.0208663940429687,0.0488665103912353,104.79472197438682,-74.74012993930513,179.53485191369197,0.0280001163482666,0.0068663358688354,0.0628665685653686,0.000866413116455,0.0728664398193359,0.0720000267028808,9.413844853068248,18.827689706136496,noise_threshold,noise_threshold,robust_impulsive,robust_impulsive,candidate_event_009.pkl,/Users/glennthompson/Developer/KSCRocketSeismoHydrology/08_fireball_paper/falcon9-seismoacoustic-workflow-1.0.0/data/outputs/070_prepare_event_waveform_products/event_streams/candidate_event_009.pkl,1472735237.6111336,1472735238.7111337,179.53485191369197,11.131978868361225,3,True,False,short_impulsive_candidate,True,True,True,True,True,True,True,True,True,True,pass,analyze_all_final_events
10,1472735238.3890667,1472735238.388,1472735238.3901336,0.0021336078643798,2,2,"DD2,DD3","223,224",1472735238.388,1472735238.403,2016-09-01 13:07:18.389066696+00:00,2016-09-01 13:07:18.388000011+00:00,2016-09-01 13:07:18.403000116+00:00,retain,at least two reduced-time-associated infrasound channels,,,,10,10,2,2,0.0021336078643798,"DD2,DD3",2,True,,1.4006427805467283,True,153.0,179.0,0.1128265857696533,0.2168266773223877,29.53187626839667,-29.702961603256355,59.23483787165303,0.1040000915527343,0.0608265399932861,0.2688267230987549,0.1088266372680664,0.2288265228271484,0.119999885559082,21.206664551301273,42.413329102602546,noise_threshold,noise_threshold,weak_impulsive,weak_impulsive,candidate_event_010.pkl,/Users/glennthompson/Developer/KSCRocketSeismoHydrology/08_fireball_paper/falcon9-seismoacoustic-workflow-1.0.0/data/outputs/070_prepare_event_waveform_products/event_streams/candidate_event_010.pkl,1472735237.8890667,1472735238.9890666,59.23483787165303,1.4006427805467283,2,True,False,short_impulsive_candidate,True,False,True,True,False,True,True,False,True,False,stack_snr,analyze_all_final_events
11,1472735238.9771335,1472735238.9768932,1472735238.983,0.0061068534851074,3,3,"DD1,DD2,DD3","227,225,226",1472735238.983,1472735239.067,2016-09-01 13:07:18.977133512+00:00,2016-09-01 13:07:18.983000040+00:00,2016-09-01 13:07:19.066999911+00:00,retain,at least two reduced-time-associated infrasound channels,,,,11,11,3,3,0.0061068534851074,"DD1,DD2,DD3",3,True,,3.606015660429608,True,140.0,174.0,0.0619997978210449,0.1979999542236328,70.72818968592003,-79.73829438659277,150.4664840725128,0.1360001564025879,-0.006000280380249,0.2660000324249267,0.0459997653961181,0.241999864578247,0.1960000991821289,22.11257573326596,44.22515146653192,noise_threshold,noise_threshold,weak_impulsive,weak_impulsive,candidate_event_011.pkl,/Users/glennthompson/Developer/KSCRocketSeismoHydrology/08_fireball_paper/falcon9-seismoacoustic-workflow-1.0.0/data/outputs/070_prepare_event_waveform_products/event_streams/candidate_event_011.pkl,1472735238.4771335,1472735239.5771334,150.4664840725128,3.606015660429608,3,True,False,short_impulsive_candidate,True,True,True,True,True,True,True,True,True,True,pass,analyze_all_final_events
12,1472735239.2395668,1472735239.239,1472735239.2401335,0.0011334419250488,2,2,"DD2,DD3","228,229",1472735239.239,1472735239.253,2016-09-01 13:07:19.239566803+00:00,2016-09-01 13:07:19.239000082+00:00,2016-09-01 13:07:19.253000021+00:00,retain,at least two reduced-time-associated infrasound channels,,,,12,12,2,2,0.0011334419250488,"DD2,DD3",2,True,,7.514999626918411,True,139.0,147.0,0.0564332008361816,0.0884332656860351,155.18634738640003,-141.95192250121062,297.13826988761065,0.0320000648498535,0.0404331684112548,0.1044332981109619,0.0084331035614013,0.1044332981109619,0.0960001945495605,20.650213584912112,41.300427169824225,noise_threshold,model,moderate_impulsive,moderate_impulsive,candidate_event_012.pkl,/Users/glennthompson/Developer/KSCRocketSeismoHydrology/08_fireball_paper/falcon9-seismoacoustic-workflow-1.0.0/data/outputs/070_prepare_event_waveform_products/event_streams/candidate_event_012.pkl,1472735238.7395668,1472735239.8395667,297.13826988761065,7.514999626918411,2,True,False,short_impulsive_candidate,True,True,True,True,True,True,True,True,True,True,pass,analyze_all_final_events
13,1472735239.4271336,1472735239.4258933,1472735239.428,0.0021066665649414,3,3,"DD1,DD2,DD3","238,230,232",1472735239.428,1472735239.516,2016-09-01 13:07:19.427133560+00:00,2016-09-01 13:07:19.427999973+00:00,2016-09-01 13:07:19.516000032+00:00,retain,at least two reduced-time-associated infrasound channels,,,,13,13,3,3,0.0021066665649414,"DD1,DD2,DD3",3,False,no positive-before-negative pair,,False,,,,,,,,,,,,,,,,none,none,complex_or_noncanonical,complex_or_noncanonical,candidate_event_013.pkl,/Users/glennthompson/Developer/KSCRocketSeismoHydrology/08_fireball_paper/falcon9-seismoacoustic-workflow-1.0.0/data/outputs/070_prepare_event_waveform_products/event_streams/candidate_event_013.pkl,1472735238.9271336,1472735240.0271337,,,3,False,True,principal_first_stage_explosion,False,False,True,False,True,True,False,False,True,False,forced_named_complex_event,analyze_all_final_events
14,1472735239.5001335,1472735239.4988933,1472735239.505,0.0061068534851074,3,3,"DD1,DD2,DD3","240,236,237",1472735239.505,1472735239.589,2016-09-01 13:07:19.500133513+00:00,2016-09-01 13:07:19.505000114+00:00,2016-09-01 13:07:19.588999987+00:00,retain,at least two reduced-time-associated infrasound channels,,,,14,14,3,3,0.0061068534851074,"DD1,DD2,DD3",3,True,,25.38160636224296,True,150.0,187.0,0.1017596721649169,0.2497596740722656,315.817671198456,-112.6848820826961,428.50255328115213,0.1480000019073486,0.0277596712112426,0.3237596750259399,-0.0742402076721191,0.2617597579956054,0.3359999656677246,53.750951109347014,107.50190221869404,noise_threshold,noise_threshold,robust_impulsive,robust_impulsive,candidate_event_014.pkl,/Users/glennthompson/Developer/KSCRocketSeismoHydrology/08_fireball_paper/falcon9-seismoacoustic-workflow-1.0.0/data/outputs/070_prepare_event_waveform_products/event_streams/candidate_event_014.pkl,1472735239.0001335,1472735240.1001334,428.50255328115213,25.38160636224296,3,True,False,short_impulsive_candidate,True,True,True,True,True,True,True,True,True,True,pass,analyze_all_final_events
15,1472735239.5831337,1472735239.5818932,1472735239.585,0.0031068325042724,3,3,"DD1,DD2,DD3","242,239,241",1472735239.585,1472735239.672,2016-09-01 13:07:19.583133459+00:00,2016-09-01 13:07:19.585000038+00:00,2016-09-01 13:07:19.671999931+00:00,retain,at least two reduced-time-associated infrasound channels,,,,15,15,3,3,0.0031068325042724,"DD1,DD2,DD3",3,True,,3.1761226814023993,True,130.0,167.0,0.0208663940429687,0.1688663959503173,314.01015027030815,-109.2779080303702,423.2880583006784,0.1480000019073486,-0.0531336069107055,0.2428663969039917,0.0048663616180419,0.1808664798736572,0.1760001182556152,98.86587571348431,197.73175142696863,noise_threshold,noise_threshold,weak_impulsive,weak_impulsive,candidate_event_015.pkl,/Users/glennthompson/Developer/KSCRocketSeismoHydrology/08_fireball_paper/falcon9-seismoacoustic-workflow-1.0.0/data/outputs/070_prepare_event_waveform_products/event_streams/candidate_event_015.pkl,1472735239.0831337,1472735240.1831336,423.2880583006784,3.1761226814023993,3,True,False,short_impulsive_candidate,True,True,True,True,True,True,True,True,True,True,pass,analyze_all_final_events
16,1472735240.9075668,1472735240.9051335,1472735240.91,0.004866600036621,2,2,"DD2,DD3","243,244",1472735240.91,1472735240.918,2016-09-01 13:07:20.907566786+00:00,2016-09-01 13:07:20.910000086+00:00,2016-09-01 13:07:20.917999983+00:00,retain,at least two reduced-time-associated infrasound channels,,,,16,16,2,2,0.004866600036621,"DD2,DD3",2,True,,5.132004708467133,True,136.0,150.0,0.0444331169128418,0.1004331111907959,36.652547160170656,-33.01873777587749,69.67128493604815,0.0559999942779541,0.0164331197738647,0.1284331083297729,0.0124332904815673,0.1204330921173095,0.1079998016357421,7.141955092071286,14.283910184142572,noise_threshold,noise_threshold,moderate_impulsive,moderate_impulsive,candidate_event_016.pkl,/Users/glennthompson/Developer/KSCRocketSeismoHydrology/08_fireball_paper/falcon9-seismoacoustic-workflow-1.0.0/data/outputs/070_prepare_event_waveform_products/event_streams/candidate_event_016.pkl,1472735240.4075668,1472735241.5075667,69.67128493604815,5.132004708467133,2,True,False,short_impulsive_candidate,True,True,True,True,True,True,True,True,True,True,pass,analyze_all_final_events
17,1472735241.5698934,1472735241.5681336,1472735241.573,0.0048663616180419,3,3,"DD1,DD2,DD3","248,246,247",1472735241.573,1472735241.66,2016-09-01 13:07:21.569893360+00:00,2016-09-01 13:07:21.572999954+00:00,2016-09-01 13:07:21.660000086+00:00,retain,at least two reduced-time-associated infrasound channels,,,,17,17,3,3,0.0048663616180419,"DD1,DD2,DD3",3,True,,2.092251441485508,True,120.0,130.0,-0.0187599658966064,0.0212399959564209,15.793719738553106,-15.443537281005272,31.237257019558378,0.0399999618530273,-0.0387599468231201,0.0412399768829345,-0.0227599143981933,0.0332400798797607,0.0559999942779541,7.548671935596563,15.097343871193123,noise_threshold,noise_threshold,weak_impulsive,weak_impulsive,candidate_event_017.pkl,/Users/glennthompson/Developer/KSCRocketSeismoHydrology/08_fireball_paper/falcon9-seismoacoustic-workflow-1.0.0/data/outputs/070_prepare_event_waveform_products/event_streams/candidate_event_017.pkl,1472735241.0698934,1472735242.1698933,31.237257019558378,2.092251441485508,3,True,False,short_impulsive_candidate,True,True,True,True,True,True,True,False,True,False,pass,analyze_all_final_events
18,1472735243.4671335,1472735243.4658933,1472735243.468,0.0021066665649414,3,3,"DD1,DD2,DD3","254,249,250",1472735243.468,1472735243.556,2016-09-01 13:07:23.467133522+00:00,2016-09-01 13:07:23.467999935+00:00,2016-09-01 13:07:23.555999994+00:00,retain,at least two reduced-time-associated infrasound channels,,,,18,18,3,3,0.0021066665649414,"DD1,DD2,DD3",3,True,,36.920570236824446,True,129.0,136.0,0.0168664455413818,0.0448663234710693,191.86644163961736,-46.93837657891178,238.8048182185291,0.0279998779296875,0.002866506576538,0.058866262435913,-0.0151336193084716,0.068866491317749,0.0840001106262207,5.196735597768489,10.39347119553698,noise_threshold,noise_threshold,robust_impulsive,robust_impulsive,candidate_event_018.pkl,/Users/glennthompson/Developer/KSCRocketSeismoHydrology/08_fireball_paper/falcon9-seismoacoustic-workflow-1.0.0/data/outputs/070_prepare_event_waveform_products/event_streams/candidate_event_018.pkl,1472735242.9671335,1472735244.0671334,238.8048182185291,36.920570236824446,3,True,False,short_impulsive_candidate,True,True,True,True,True,True,True,True,True,True,pass,analyze_all_final_events
19,1472735245.5420666,1472735245.5341334,1472735245.55,0.0158665180206298,2,2,"DD2,DD3","257,256",1472735245.547,1472735245.55,2016-09-01 13:07:25.542066574+00:00,2016-09-01 13:07:25.546999931+00:00,2016-09-01 13:07:25.549999952+00:00,retain,at least two reduced-time-associated infrasound channels,,,,19,19,2,2,0.0158665180206298,"DD2,DD3",2,True,,7.044531217552959,True,130.0,144.0,0.0219333171844482,0.0779333114624023,23.72050243659688,-30.68903362572365,54.40953606232053,0.0559999942779541,-0.0060666799545288,0.1059333086013794,0.0059332847595214,0.1779334545135498,0.1720001697540283,4.356433760880404,8.712867521760808,noise_threshold,noise_threshold,moderate_impulsive,moderate_impulsive,candidate_event_019.pkl,/Users/glennthompson/Developer/KSCRocketSeismoHydrology/08_fireball_paper/falcon9-seismoacoustic-workflow-1.0.0/data/outputs/070_prepare_event_waveform_products/event_streams/candidate_event_019.pkl,1472735245.0420666,1472735246.1420665,54.40953606232053,7.044531217552959,2,True,False,short_impulsive_candidate,True,True,True,True,True,True,True,True,True,True,pass,analyze_all_final_events
20,1472735246.1871336,1472735246.1858933,1472735246.192,0.0061066150665283,3,3,"DD1,DD2,DD3","261,259,260",1472735246.192,1472735246.276,2016-09-01 13:07:26.187133551+00:00,2016-09-01 13:07:26.191999912+00:00,2016-09-01 13:07:26.276000023+00:00,retain,at least two reduced-time-associated infrasound channels,,,,20,20,3,3,0.0061066150665283,"DD1,DD2,DD3",3,True,,15.012756831731055,True,131.0,142.0,0.0248663425445556,0.068866491317749,57.291072869817555,-18.369667480324207,75.66074035014177,0.0440001487731933,0.0028662681579589,0.0908665657043457,0.0048663616180419,0.0848665237426757,0.0800001621246337,3.816159384446086,7.632318768892172,noise_threshold,noise_threshold,robust_impulsive,robust_impulsive,candidate_event_020.pkl,/Users/glennthompson/Developer/KSCRocketSeismoHydrology/08_fireball_paper/falcon9-seismoacoustic-workflow-1.0.0/data/outputs/070_prepare_event_waveform_products/event_streams/candidate_event_020.pkl,1472735245.6871336,1472735246.7871337,75.66074035014177,15.012756831731055,3,True,False,short_impulsive_candidate,True,True,True,True,True,True,True,True,True,True,pass,analyze_all_final_events
21,1472735246.7898934,1472735246.7881336,1472735246.792,0.00386643409729,3,3,"DD1,DD2,DD3","264,262,263",1472735246.792,1472735246.88,2016-09-01 13:07:26.789893389+00:00,2016-09-01 13:07:26.792000055+00:00,2016-09-01 13:07:26.880000114+00:00,retain,at least two reduced-time-associated infrasound channels,,,,21,21,3,3,0.00386643409729,"DD1,DD2,DD3",3,True,,5.418729766389277,True,131.0,139.0,0.0252399444580078,0.0572400093078613,41.06659182067494,-20.757576887282873,61.82416870795781,0.0320000648498535,0.009239912033081,0.073240041732788,0.0052399635314941,0.0692400932312011,0.064000129699707,7.578638092528334,15.157276185056668,noise_threshold,noise_threshold,moderate_impulsive,moderate_impulsive,candidate_event_021.pkl,/Users/glennthompson/Developer/KSCRocketSeismoHydrology/08_fireball_paper/falcon9-seismoacoustic-workflow-1.0.0/data/outputs/070_prepare_event_waveform_products/event_streams/candidate_event_021.pkl,1472735246.2898934,1472735247.3898933,61.82416870795781,5.418729766389277,3,True,False,short_impulsive_candidate,True,True,True,True,True,True,True,True,True,True,pass,analyze_all_final_events
22,1472735248.405903,1472735248.4041336,1472735248.40799,0.0038564205169677,3,3,"DD1,DD2,DD3","270,265,266",1472735248.40799,1472735248.49601,2016-09-01 13:07:28.405903339+00:00,2016-09-01 13:07:28.407989979+00:00,2016-09-01 13:07:28.496010065+00:00,retain,at least two reduced-time-associated infrasound channels,,,,22,22,3,3,0.0038564205169677,"DD1,DD2,DD3",3,True,,71.37279665628405,True,129.0,140.0,0.0172302722930908,0.061230182647705,269.39189953231005,-103.2611412642381,372.65304079654817,0.0439999103546142,-0.0047696828842163,0.0832301378250122,-0.0067696571350097,0.1492302417755127,0.1559998989105224,3.7744338480898145,7.548867696179629,noise_threshold,noise_threshold,robust_impulsive,robust_impulsive,candidate_event_022.pkl,/Users/glennthompson/Developer/KSCRocketSeismoHydrology/08_fireball_paper/falcon9-seismoacoustic-workflow-1.0.0/data/outputs/070_prepare_event_waveform_products/event_streams/candidate_event_022.pkl,1472735247.905903,1472735249.005903,372.65304079654817,71.37279665628405,3,True,False,short_impulsive_candidate,True,True,True,True,True,True,True,True,True,True,pass,analyze_all_final_events
23,1472735248.9858932,1472735248.9831336,1472735248.988,0.0048663616180419,3,3,"DD1,DD2,DD3","273,271,272",1472735248.988,1472735249.076,2016-09-01 13:07:28.985893250+00:00,2016-09-01 13:07:28.987999916+00:00,2016-09-01 13:07:29.075999975+00:00,retain,at least two reduced-time-associated infrasound channels,,,,23,23,3,3,0.0048663616180419,"DD1,DD2,DD3",3,True,,20.72086820659291,True,129.0,157.0,0.017240285873413,0.1292402744293213,295.35301198385656,-113.512919661581,408.8659316454376,0.1119999885559082,-0.038759708404541,0.1852402687072754,-0.0027596950531005,0.1772403717041015,0.1800000667572021,14.253891730747164,28.50778346149433,noise_threshold,noise_threshold,robust_impulsive,robust_impulsive,candidate_event_023.pkl,/Users/glennthompson/Developer/KSCRocketSeismoHydrology/08_fireball_paper/falcon9-seismoacoustic-workflow-1.0.0/data/outputs/070_prepare_event_waveform_products/event_streams/candidate_event_023.pkl,1472735248.4858932,1472735249.5858932,408.8659316454376,20.72086820659291,3,True,False,short_impulsive_candidate,True,True,True,True,True,True,True,True,True,True,pass,analyze_all_final_events
24,1472735250.4511335,1472735250.4498932,1472735250.452,0.0021066665649414,3,3,"DD1,DD2,DD3","277,274,275",1472735250.452,1472735250.54,2016-09-01 13:07:30.451133490+00:00,2016-09-01 13:07:30.451999903+00:00,2016-09-01 13:07:30.539999962+00:00,retain,at least two reduced-time-associated infrasound channels,,,,24,24,3,3,0.0021066665649414,"DD1,DD2,DD3",3,True,,88.5624351386575,True,129.0,154.0,0.0168664455413818,0.1168663501739502,255.38236963212927,-83.06860195487242,338.4509715870017,0.0999999046325683,-0.0331335067749023,0.1668663024902343,-0.0071334838867187,0.1528663635253906,0.1599998474121093,2.883642135994687,5.767284271989374,noise_threshold,noise_threshold,robust_impulsive,robust_impulsive,candidate_event_024.pkl,/Users/glennthompson/Developer/KSCRocketSeismoHydrology/08_fireball_paper/falcon9-seismoacoustic-workflow-1.0.0/data/outputs/070_prepare_event_waveform_products/event_streams/candidate_event_024.pkl,1472735249.9511335,1472735251.0511334,338.4509715870017,88.5624351386575,3,True,False,short_impulsive_candidate,True,True,True,True,True,True,True,True,True,True,pass,analyze_all_final_events
25,1472735252.7978933,1472735252.7951336,1472735252.8,0.0048663616180419,3,3,"DD1,DD2,DD3","281,278,279",1472735252.8,1472735252.888,2016-09-01 13:07:32.797893286+00:00,2016-09-01 13:07:32.799999952+00:00,2016-09-01 13:07:32.888000011+00:00,retain,at least two reduced-time-associated infrasound channels,,,,25,25,3,3,0.0048663616180419,"DD1,DD2,DD3",3,True,,41.13802423066489,True,129.0,138.0,0.017240285873413,0.0532402992248535,94.96998978538087,-97.74148187883075,192.7114716642116,0.0360000133514404,-0.0007597208023071,0.0712403059005737,-0.0227596759796142,0.0712403059005737,0.0939999818801879,2.3759401115324543,4.751880223064909,noise_threshold,model,robust_impulsive,robust_impulsive,candidate_event_025.pkl,/Users/glennthompson/Developer/KSCRocketSeismoHydrology/08_fireball_paper/falcon9-seismoacoustic-workflow-1.0.0/data/outputs/070_prepare_event_waveform_products/event_streams/candidate_event_025.pkl,1472735252.2978933,1472735253.3978932,192.7114716642116,41.13802423066489,3,True,False,short_impulsive_candidate,True,True,True,True,True,True,True,True,True,True,pass,analyze_all_final_events
26,1472735254.4351337,1472735254.433,1472735254.4358933,0.0028932094573974,3,3,"DD1,DD2,DD3","284,282,283",1472735254.433,1472735254.526,2016-09-01 13:07:34.435133457+00:00,2016-09-01 13:07:34.433000088+00:00,2016-09-01 13:07:34.526000023+00:00,retain,at least two reduced-time-associated infrasound channels,,,,26,26,3,3,0.0028932094573974,"DD1,DD2,DD3",3,True,,9.167292783262464,True,129.0,149.0,0.0168664455413818,0.0968663692474365,33.84767361476219,-11.902353893602184,45.750027508364376,0.0799999237060546,-0.0231335163116455,0.1368663311004638,0.000866413116455,0.1168663501739502,0.1159999370574951,3.6922212931347502,7.3844425862695005,noise_threshold,noise_threshold,robust_impulsive,robust_impulsive,candidate_event_026.pkl,/Users/glennthompson/Developer/KSCRocketSeismoHydrology/08_fireball_paper/falcon9-seismoacoustic-workflow-1.0.0/data/outputs/070_prepare_event_waveform_products/event_streams/candidate_event_026.pkl,1472735253.9351337,1472735255.0351336,45.750027508364376,9.167292783262464,3,True,False,short_impulsive_candidate,True,True,True,True,True,True,True,True,True,True,pass,analyze_all_final_events
27,1472735258.384,1472735258.3801334,1472735258.3898933,0.0097599029541015,3,3,"DD1,DD2,DD3","288,285,286",1472735258.384,1472735258.48,2016-09-01 13:07:38.384000063+00:00,2016-09-01 13:07:38.384000063+00:00,2016-09-01 13:07:38.480000019+00:00,retain,at least two reduced-time-associated infrasound channels,,,,27,27,3,3,0.0097599029541015,"DD1,DD2,DD3",3,True,,9.758572857012885,True,128.0,134.0,0.0138933658599853,0.0378932952880859,29.223145605414977,-30.0446513852442,59.26779699065918,0.0239999294281005,0.001893401145935,0.0498932600021362,0.0018932819366455,0.0658931732177734,0.0639998912811279,3.0787956216008543,6.157591243201709,noise_threshold,noise_threshold,robust_impulsive,robust_impulsive,candidate_event_027.pkl,/Users/glennthompson/Developer/KSCRocketSeismoHydrology/08_fireball_paper/falcon9-seismoacoustic-workflow-1.0.0/data/outputs/070_prepare_event_waveform_products/event_streams/candidate_event_027.pkl,1472735257.884,1472735258.984,59.26779699065918,9.758572857012885,3,True,False,short_impulsive_candidate,True,True,True,True,True,True,True,True,True,True,pass,analyze_all_final_events
28,1472735259.0231335,1472735259.0218933,1472735259.028,0.0061068534851074,3,3,"DD1,DD2,DD3","291,289,290",1472735259.028,1472735259.112,2016-09-01 13:07:39.023133516+00:00,2016-09-01 13:07:39.028000116+00:00,2016-09-01 13:07:39.111999989+00:00,retain,at least two reduced-time-associated infrasound channels,,,,28,28,3,3,0.0061068534851074,"DD1,DD2,DD3",3,True,,10.422086894126128,True,127.0,133.0,0.0088663101196289,0.0328664779663085,19.532402838881737,-17.195873279977747,36.72827611885948,0.0240001678466796,-0.0031337738037109,0.0448665618896484,-0.0111336708068847,0.0968663692474365,0.1080000400543212,1.8741354814351212,3.7482709628702424,noise_threshold,noise_threshold,robust_impulsive,robust_impulsive,candidate_event_028.pkl,/Users/glennthompson/Developer/KSCRocketSeismoHydrology/08_fireball_paper/falcon9-seismoacoustic-workflow-1.0.0/data/outputs/070_prepare_event_waveform_products/event_streams/candidate_event_028.pkl,1472735258.5231335,1472735259.6231334,36.72827611885948,10.422086894126128,3,True,False,short_impulsive_candidate,True,True,True,True,True,True,True,True,True,True,pass,analyze_all_final_events
29,1472735261.8618932,1472735261.8591335,1472735261.864,0.004866600036621,3,3,"DD1,DD2,DD3","296,292,293",1472735261.864,1472735261.952,2016-09-01 13:07:41.861893177+00:00,2016-09-01 13:07:41.864000082+00:00,2016-09-01 13:07:41.951999903+00:00,retain,at least two reduced-time-associated infrasound channels,,,,29,29,3,3,0.004866600036621,"DD1,DD2,DD3",3,True,,24.963005333536874,True,128.0,134.0,0.0132403373718261,0.0372402667999267,29.466328628743845,-36.12452839699267,65.59085702573651,0.0239999294281005,0.0012403726577758,0.049240231513977,-0.0027596950531005,0.0732402801513671,0.0759999752044677,1.4471225685498976,2.8942451370997953,noise_threshold,noise_threshold,robust_impulsive,robust_impulsive,candidate_event_029.pkl,/Users/glennthompson/Developer/KSCRocketSeismoHydrology/08_fireball_paper/falcon9-seismoacoustic-workflow-1.0.0/data/outputs/070_prepare_event_waveform_products/event_streams/candidate_event_029.pkl,1472735261.3618932,1472735262.461893,65.59085702573651,24.963005333536874,3,True,False,short_impulsive_candidate,True,True,True,True,True,True,True,True,True,True,pass,analyze_all_final_events
30,1472735262.2351334,1472735262.232,1472735262.2418933,0.0098931789398193,3,3,"DD1,DD2,DD3","299,297,298",1472735262.232,1472735262.332,2016-09-01 13:07:42.235133410+00:00,2016-09-01 13:07:42.232000113+00:00,2016-09-01 13:07:42.332000017+00:00,retain,at least two reduced-time-associated infrasound channels,,,,30,30,3,3,0.0098931789398193,"DD1,DD2,DD3",3,True,,4.002224268511154,True,136.0,156.0,0.0448665618896484,0.1248667240142822,20.63612660796182,-16.11510259138181,36.751229199343626,0.0800001621246337,0.0048664808273315,0.1648668050765991,0.012866735458374,0.1368665695190429,0.1239998340606689,5.156164478418536,10.312328956837073,noise_threshold,noise_threshold,moderate_impulsive,moderate_impulsive,candidate_event_030.pkl,/Users/glennthompson/Developer/KSCRocketSeismoHydrology/08_fireball_paper/falcon9-seismoacoustic-workflow-1.0.0/data/outputs/070_prepare_event_waveform_products/event_streams/candidate_event_030.pkl,1472735261.7351334,1472735262.8351333,36.751229199343626,4.002224268511154,3,True,False,short_impulsive_candidate,True,True,True,True,True,True,True,True,True,True,pass,analyze_all_final_events
31,1472735265.6635666,1472735265.6591334,1472735265.668,0.008866548538208,2,2,"DD2,DD3","300,301",1472735265.668,1472735265.672,2016-09-01 13:07:45.663566589+00:00,2016-09-01 13:07:45.667999983+00:00,2016-09-01 13:07:45.671999931+00:00,retain,at least two reduced-time-associated infrasound channels,,,,31,31,2,2,0.008866548538208,"DD2,DD3",2,True,,6.655776222774602,True,129.0,134.0,0.0164334774017334,0.036433458328247,6.089041975490279,-10.083994119358804,16.17303609484908,0.0199999809265136,0.0064334869384765,0.0464334487915039,0.0044333934783935,0.0644333362579345,0.059999942779541,1.5150740923130188,3.0301481846260376,noise_threshold,noise_threshold,moderate_impulsive,moderate_impulsive,candidate_event_031.pkl,/Users/glennthompson/Developer/KSCRocketSeismoHydrology/08_fireball_paper/falcon9-seismoacoustic-workflow-1.0.0/data/outputs/070_prepare_event_waveform_products/event_streams/candidate_event_031.pkl,1472735265.1635666,1472735266.2635665,16.17303609484908,6.655776222774602,2,True,False,short_impulsive_candidate,True,True,True,True,True,True,False,True,True,False,pass,analyze_all_final_events
32,1472735267.6961336,1472735267.6938932,1472735267.697,0.0031068325042724,3,3,"DD1,DD2,DD3","309,306,307",1472735267.697,1472735267.784,2016-09-01 13:07:47.696133614+00:00,2016-09-01 13:07:47.697000027+00:00,2016-09-01 13:07:47.783999920+00:00,retain,at least two reduced-time-associated infrasound channels,,,,32,32,3,3,0.0031068325042724,"DD1,DD2,DD3",3,True,,30.258698370393603,True,131.0,144.0,0.0257596969604492,0.0777597427368164,46.66150318267545,-11.636025884676608,58.29752906735206,0.0520000457763671,-0.0002403259277343,0.103759765625,-0.0262403488159179,0.1377596855163574,0.1640000343322754,1.5420856049885825,3.084171209977165,noise_threshold,noise_threshold,robust_impulsive,robust_impulsive,candidate_event_032.pkl,/Users/glennthompson/Developer/KSCRocketSeismoHydrology/08_fireball_paper/falcon9-seismoacoustic-workflow-1.0.0/data/outputs/070_prepare_event_waveform_products/event_streams/candidate_event_032.pkl,1472735267.1961336,1472735268.2961335,58.29752906735206,30.258698370393603,3,True,False,short_impulsive_candidate,True,True,True,True,True,True,True,True,True,True,pass,analyze_all_final_events
33,1472735268.6515667,1472735268.6471336,1472735268.656,0.0088663101196289,2,2,"DD2,DD3","310,311",1472735268.656,1472735268.66,2016-09-01 13:07:48.651566744+00:00,2016-09-01 13:07:48.655999899+00:00,2016-09-01 13:07:48.660000086+00:00,retain,at least two reduced-time-associated infrasound channels,,,,33,33,2,2,0.0088663101196289,"DD2,DD3",2,True,,17.839447349429754,True,138.0,171.0,0.0524332523345947,0.1844332218170166,21.505595525115233,-10.82162090761819,32.32721643273342,0.1319999694824218,-0.0135667324066162,0.2504332065582275,0.0164332389831542,0.2164332866668701,0.2000000476837158,1.2055079456148436,2.4110158912296873,noise_threshold,noise_threshold,moderate_impulsive,moderate_impulsive,candidate_event_033.pkl,/Users/glennthompson/Developer/KSCRocketSeismoHydrology/08_fireball_paper/falcon9-seismoacoustic-workflow-1.0.0/data/outputs/070_prepare_event_waveform_products/event_streams/candidate_event_033.pkl,1472735268.1515667,1472735269.2515666,32.32721643273342,17.839447349429754,2,True,False,short_impulsive_candidate,True,True,True,True,True,True,True,True,True,True,pass,analyze_all_final_events
34,1472735272.5721335,1472735272.5698934,1472735272.579,0.0091066360473632,3,3,"DD1,DD2,DD3","317,312,313",1472735272.579,1472735272.66,2016-09-01 13:07:52.572133541+00:00,2016-09-01 13:07:52.578999996+00:00,2016-09-01 13:07:52.660000086+00:00,retain,at least two reduced-time-associated infrasound channels,,,,34,34,3,3,0.0091066360473632,"DD1,DD2,DD3",3,True,,19.602646771077428,True,130.0,141.0,0.0217597484588623,0.0657596588134765,37.64687074223383,-17.16626877116812,54.81313951340195,0.0439999103546142,-0.0002402067184448,0.0877596139907836,0.0017597675323486,0.105759859085083,0.1040000915527343,1.9204993683699696,3.840998736739939,noise_threshold,noise_threshold,robust_impulsive,robust_impulsive,candidate_event_034.pkl,/Users/glennthompson/Developer/KSCRocketSeismoHydrology/08_fireball_paper/falcon9-seismoacoustic-workflow-1.0.0/data/outputs/070_prepare_event_waveform_products/event_streams/candidate_event_034.pkl,1472735272.0721335,1472735273.1721334,54.81313951340195,19.602646771077428,3,True,False,short_impulsive_candidate,True,True,True,True,True,True,True,True,True,True,pass,analyze_all_final_events
35,1472735276.0815668,1472735276.0791335,1472735276.084,0.004866600036621,2,2,"DD2,DD3","318,319",1472735276.084,1472735276.092,2016-09-01 13:07:56.081566811+00:00,2016-09-01 13:07:56.084000111+00:00,2016-09-01 13:07:56.092000008+00:00,retain,at least two reduced-time-associated infrasound channels,,,,35,35,2,2,0.004866600036621,"DD2,DD3",2,True,,19.03473635600757,True,130.0,158.0,0.02156662940979,0.1335666179656982,23.289502213641025,-6.054211481900611,29.34371369554164,0.1119999885559082,-0.034433364868164,0.1895666122436523,0.0015666484832763,0.1535665988922119,0.1519999504089355,1.223526387655514,2.447052775311028,noise_threshold,noise_threshold,moderate_impulsive,moderate_impulsive,candidate_event_035.pkl,/Users/glennthompson/Developer/KSCRocketSeismoHydrology/08_fireball_paper/falcon9-seismoacoustic-workflow-1.0.0/data/outputs/070_prepare_event_waveform_products/event_streams/candidate_event_035.pkl,1472735275.5815668,1472735276.6815667,29.34371369554164,19.03473635600757,2,True,False,short_impulsive_candidate,True,True,True,True,True,True,True,True,True,True,pass,analyze_all_final_events
36,1472735277.9578934,1472735277.9551334,1472735277.964,0.008866548538208,3,3,"DD1,DD2,DD3","326,322,323",1472735277.964,1472735278.048,2016-09-01 13:07:57.957893372+00:00,2016-09-01 13:07:57.963999987+00:00,2016-09-01 13:07:58.048000097+00:00,retain,at least two reduced-time-associated infrasound channels,,,,36,36,3,3,0.008866548538208,"DD1,DD2,DD3",3,True,,17.092611987307347,True,133.0,162.0,0.0332400798797607,0.1492400169372558,27.208279832616263,-25.298591407893632,52.506871240509895,0.1159999370574951,-0.0247598886489868,0.2072399854660034,0.0012400150299072,0.1812400817871093,0.1800000667572021,1.5918152154170833,3.1836304308341665,noise_threshold,noise_threshold,robust_impulsive,robust_impulsive,candidate_event_036.pkl,/Users/glennthompson/Developer/KSCRocketSeismoHydrology/08_fireball_paper/falcon9-seismoacoustic-workflow-1.0.0/data/outputs/070_prepare_event_waveform_products/event_streams/candidate_event_036.pkl,1472735277.4578934,1472735278.5578933,52.506871240509895,17.092611987307347,3,True,False,short_impulsive_candidate,True,True,True,True,True,True,True,True,True,True,pass,analyze_all_final_events
37,1472735289.5911336,1472735289.589893,1472735289.592,0.0021066665649414,3,3,"DD1,DD2,DD3","335,330,331",1472735289.592,1472735289.68,2016-09-01 13:08:09.591133595+00:00,2016-09-01 13:08:09.592000008+00:00,2016-09-01 13:08:09.680000067+00:00,retain,at least two reduced-time-associated infrasound channels,,,,37,37,3,3,0.0021069049835205,"DD1,DD2,DD3",3,True,,29.21084120971488,True,129.0,135.0,0.0168664455413818,0.0408663749694824,37.666629541351845,-28.68038964242105,66.3470191837729,0.0239999294281005,0.0048664808273315,0.0528663396835327,-0.0031335353851318,0.064866304397583,0.0679998397827148,1.2894743178031025,2.578948635606205,noise_threshold,noise_threshold,robust_impulsive,robust_impulsive,candidate_event_037.pkl,/Users/glennthompson/Developer/KSCRocketSeismoHydrology/08_fireball_paper/falcon9-seismoacoustic-workflow-1.0.0/data/outputs/070_prepare_event_waveform_products/event_streams/candidate_event_037.pkl,1472735289.0911336,1472735290.1911335,66.3470191837729,29.21084120971488,3,True,False,short_impulsive_candidate,True,True,True,True,True,True,True,True,True,True,pass,analyze_all_final_events
38,1472735298.232,1472735298.2271335,1472735298.237893,0.0107598304748535,3,3,"DD1,DD2,DD3","341,336,337",1472735298.232,1472735298.328,2016-09-01 13:08:18.232000113+00:00,2016-09-01 13:08:18.232000113+00:00,2016-09-01 13:08:18.328000069+00:00,retain,at least two reduced-time-associated infrasound channels,,,,38,38,3,3,0.0107595920562744,"DD1,DD2,DD3",3,True,,19.01579622809472,True,128.0,134.0,0.0138933658599853,0.0378932952880859,26.98105400554497,-22.724943599573493,49.705997605118455,0.0239999294281005,0.001893401145935,0.0498932600021362,-0.0021066665649414,0.1658933162689209,0.1679999828338623,1.4188758483687391,2.8377516967374783,noise_threshold,noise_threshold,robust_impulsive,robust_impulsive,candidate_event_038.pkl,/Users/glennthompson/Developer/KSCRocketSeismoHydrology/08_fireball_paper/falcon9-seismoacoustic-workflow-1.0.0/data/outputs/070_prepare_event_waveform_products/event_streams/candidate_event_038.pkl,1472735297.732,1472735298.832,49.705997605118455,19.01579622809472,3,True,False,short_impulsive_candidate,True,True,True,True,True,True,True,True,True,True,pass,analyze_all_final_events
39,1472735302.6631336,1472735302.656,1472735302.6738932,0.0178933143615722,3,3,"DD1,DD2,DD3","347,342,343",1472735302.656,1472735302.764,2016-09-01 13:08:22.663133621+00:00,2016-09-01 13:08:22.655999899+00:00,2016-09-01 13:08:22.763999939+00:00,retain,at least two reduced-time-associated infrasound channels,,,,39,39,3,3,0.0178933143615722,"DD1,DD2,DD3",3,True,,30.104271254779388,True,131.0,143.0,0.0248663425445556,0.0728664398193359,35.09635223522203,-25.25712038087976,60.35347261610179,0.0480000972747802,0.0008662939071655,0.096866488456726,-0.0071334838867187,0.1488664150238037,0.1559998989105224,1.1658263353460214,2.331652670692043,noise_threshold,noise_threshold,robust_impulsive,robust_impulsive,candidate_event_039.pkl,/Users/glennthompson/Developer/KSCRocketSeismoHydrology/08_fireball_paper/falcon9-seismoacoustic-workflow-1.0.0/data/outputs/070_prepare_event_waveform_products/event_streams/candidate_event_039.pkl,1472735302.1631336,1472735303.2631335,60.35347261610179,30.104271254779388,3,True,False,short_impulsive_candidate,True,True,True,True,True,True,True,True,True,True,pass,analyze_all_final_events
40,1472735329.1835666,1472735329.1791334,1472735329.188,0.008866548538208,2,2,"DD2,DD3","350,351",1472735329.188,1472735329.192,2016-09-01 13:08:49.183566570+00:00,2016-09-01 13:08:49.187999964+00:00,2016-09-01 13:08:49.191999912+00:00,retain,at least two reduced-time-associated infrasound channels,,,,40,40,2,2,0.008866548538208,"DD2,DD3",2,True,,9.22275317722876,True,128.0,136.0,0.0124335289001464,0.0444333553314209,13.535221354932416,-9.773173940269178,23.308395295201592,0.0319998264312744,-0.0035663843154907,0.0604332685470581,-0.0075664520263671,0.1724333763122558,0.179999828338623,1.4885435284210635,2.977087056842127,noise_threshold,noise_threshold,moderate_impulsive,moderate_impulsive,candidate_event_040.pkl,/Users/glennthompson/Developer/KSCRocketSeismoHydrology/08_fireball_paper/falcon9-seismoacoustic-workflow-1.0.0/data/outputs/070_prepare_event_waveform_products/event_streams/candidate_event_040.pkl,1472735328.6835666,1472735329.7835665,23.308395295201592,9.22275317722876,2,True,False,short_impulsive_candidate,True,True,True,True,True,True,False,True,True,False,pass,analyze_all_final_events
41,1472735347.3150668,1472735347.3131337,1472735347.317,0.00386643409729,2,2,"DD2,DD3","353,354",1472735347.317,1472735347.326,2016-09-01 13:09:07.315066814+00:00,2016-09-01 13:09:07.316999912+00:00,2016-09-01 13:09:07.325999975+00:00,retain,at least two reduced-time-associated infrasound channels,,,,41,41,2,2,0.0038661956787109,"DD2,DD3",2,True,,7.610897024261961,True,130.0,137.0,0.0209331512451171,0.0489332675933837,13.140534118684773,-7.37516794223958,20.515702060924355,0.0280001163482666,0.0069330930709838,0.062933325767517,0.0009331703186035,0.092933177947998,0.0920000076293945,1.7265420983617932,3.4530841967235864,noise_threshold,noise_threshold,moderate_impulsive,moderate_impulsive,candidate_event_041.pkl,/Users/glennthompson/Developer/KSCRocketSeismoHydrology/08_fireball_paper/falcon9-seismoacoustic-workflow-1.0.0/data/outputs/070_prepare_event_waveform_products/event_streams/candidate_event_041.pkl,1472735346.8150668,1472735347.9150667,20.515702060924355,7.610897024261961,2,True,False,short_impulsive_candidate,True,True,True,True,True,True,False,True,True,False,pass,analyze_all_final_events
42,1472735354.1855617,1472735354.1831236,1472735354.188,0.0048763751983642,2,2,"DD2,DD3","358,359",1472735354.188,1472735354.19599,2016-09-01 13:09:14.185561657+00:00,2016-09-01 13:09:14.187999964+00:00,2016-09-01 13:09:14.195990086+00:00,retain,at least two reduced-time-associated infrasound channels,,,,42,42,2,2,0.0048763751983642,"DD2,DD3",2,True,,5.530781121659304,True,129.0,135.0,0.0175719261169433,0.0415718555450439,12.941763257560766,-10.31643188008082,23.258195137641582,0.0239999294281005,0.005571961402893,0.0535718202590942,-0.0024280548095703,0.0775718688964843,0.0799999237060546,2.3399521646009513,4.679904329201903,noise_threshold,noise_threshold,moderate_impulsive,moderate_impulsive,candidate_event_042.pkl,/Users/glennthompson/Developer/KSCRocketSeismoHydrology/08_fireball_paper/falcon9-seismoacoustic-workflow-1.0.0/data/outputs/070_prepare_event_waveform_products/event_streams/candidate_event_042.pkl,1472735353.6855617,1472735354.7855616,23.258195137641582,5.530781121659304,2,True,False,short_impulsive_candidate,True,True,True,True,True,True,False,True,True,False,pass,analyze_all_final_events
43,1472735359.0820668,1472735359.0761335,1472735359.088,0.0118665695190429,2,2,"DD2,DD3","361,362",1472735359.088,1472735359.089,2016-09-01 13:09:19.082066774+00:00,2016-09-01 13:09:19.088000059+00:00,2016-09-01 13:09:19.088999987+00:00,retain,at least two reduced-time-associated infrasound channels,,,,43,43,2,2,0.0118665695190429,"DD2,DD3",2,True,,4.331102699314717,True,130.0,151.0,0.0219333171844482,0.1059334278106689,9.098677031169675,-6.679180799382116,15.777857830551792,0.0840001106262207,-0.0200667381286621,0.1479334831237793,0.0059332847595214,0.1219332218170166,0.1159999370574951,2.100776098569378,4.201552197138757,noise_threshold,noise_threshold,moderate_impulsive,moderate_impulsive,candidate_event_043.pkl,/Users/glennthompson/Developer/KSCRocketSeismoHydrology/08_fireball_paper/falcon9-seismoacoustic-workflow-1.0.0/data/outputs/070_prepare_event_waveform_products/event_streams/candidate_event_043.pkl,1472735358.5820668,1472735359.682067,15.777857830551792,4.331102699314717,2,True,False,short_impulsive_candidate,True,True,True,True,True,True,False,True,True,False,pass,analyze_all_final_events
44,1472735359.824,1472735359.8188932,1472735359.8271334,0.0082402229309082,3,3,"DD1,DD2,DD3","367,363,366",1472735359.824,1472735359.909,2016-09-01 13:09:19.823999882+00:00,2016-09-01 13:09:19.823999882+00:00,2016-09-01 13:09:19.908999920+00:00,retain,at least two reduced-time-associated infrasound channels,,,,44,44,3,3,0.0082402229309082,"DD1,DD2,DD3",3,True,,6.878617469729698,True,130.0,135.0,0.0218935012817382,0.0418934822082519,16.84517340979098,-18.185311146664983,35.03048455645596,0.0199999809265136,0.0118935108184814,0.0518934726715087,0.0018935203552246,0.0778934955596923,0.0759999752044677,2.643745087830795,5.28749017566159,noise_threshold,noise_threshold,moderate_impulsive,moderate_impulsive,candidate_event_044.pkl,/Users/glennthompson/Developer/KSCRocketSeismoHydrology/08_fireball_paper/falcon9-seismoacoustic-workflow-1.0.0/data/outputs/070_prepare_event_waveform_products/event_streams/candidate_event_044.pkl,1472735359.324,1472735360.4239998,35.03048455645596,6.878617469729698,3,True,False,short_impulsive_candidate,True,True,True,True,True,True,True,True,True,True,pass,analyze_all_final_events
45,1472735362.7675667,1472735362.7671337,1472735362.768,0.000866413116455,2,2,"DD2,DD3","368,369",1472735362.768,1472735362.78,2016-09-01 13:09:22.767566681+00:00,2016-09-01 13:09:22.767999887+00:00,2016-09-01 13:09:22.779999971+00:00,retain,at least two reduced-time-associated infrasound channels,,,,45,45,2,2,0.0008661746978759,"DD2,DD3",2,True,,4.6169123873871465,True,130.0,164.0,0.0204331874847412,0.15643310546875,13.6137688611362,-9.524047097012811,23.137815958149012,0.1359999179840088,-0.0475667715072631,0.2244330644607544,0.0004332065582275,0.1724331378936767,0.1719999313354492,2.948673857950476,5.897347715900952,noise_threshold,noise_threshold,moderate_impulsive,moderate_impulsive,candidate_event_045.pkl,/Users/glennthompson/Developer/KSCRocketSeismoHydrology/08_fireball_paper/falcon9-seismoacoustic-workflow-1.0.0/data/outputs/070_prepare_event_waveform_products/event_streams/candidate_event_045.pkl,1472735362.2675667,1472735363.3675666,23.137815958149012,4.6169123873871465,2,True,False,short_impulsive_candidate,True,True,True,True,True,True,False,True,True,False,pass,analyze_all_final_events
46,1472735371.0058932,1472735371.0,1472735371.0071335,0.0071334838867187,3,3,"DD1,DD2,DD3","373,370,371",1472735371.0,1472735371.096,2016-09-01 13:09:31.005893230+00:00,2016-09-01 13:09:31+00:00,2016-09-01 13:09:31.095999956+00:00,retain,at least two reduced-time-associated infrasound channels,,,,46,46,3,3,0.0071334838867187,"DD1,DD2,DD3",3,True,,7.796943288495331,True,127.0,133.0,0.0092401504516601,0.0332403182983398,27.272563185090103,-25.51844482649692,52.791008011587024,0.0240001678466796,-0.0027599334716796,0.0452404022216796,-0.0027596950531005,0.0572402477264404,0.059999942779541,3.497853219649776,6.995706439299552,noise_threshold,noise_threshold,moderate_impulsive,moderate_impulsive,candidate_event_046.pkl,/Users/glennthompson/Developer/KSCRocketSeismoHydrology/08_fireball_paper/falcon9-seismoacoustic-workflow-1.0.0/data/outputs/070_prepare_event_waveform_products/event_streams/candidate_event_046.pkl,1472735370.5058932,1472735371.6058931,52.791008011587024,7.796943288495331,3,True,False,short_impulsive_candidate,True,True,True,True,True,True,True,True,True,True,pass,analyze_all_final_events
47,1472735373.9361334,1472735373.9298933,1472735373.94,0.0101068019866943,3,3,"DD1,DD2,DD3","378,374,375",1472735373.94,1472735374.02,2016-09-01 13:09:33.936133385+00:00,2016-09-01 13:09:33.940000057+00:00,2016-09-01 13:09:34.019999981+00:00,retain,at least two reduced-time-associated infrasound channels,,,,47,47,3,3,0.0101068019866943,"DD1,DD2,DD3",3,True,,7.589233855856507,True,128.0,134.0,0.0137600898742675,0.0377600193023681,22.49230726160491,-28.690468760220792,51.1827760218257,0.0239999294281005,0.0017601251602172,0.0497599840164184,0.0017600059509277,0.0577600002288818,0.0559999942779541,3.7804170098251424,7.560834019650285,noise_threshold,noise_threshold,moderate_impulsive,moderate_impulsive,candidate_event_047.pkl,/Users/glennthompson/Developer/KSCRocketSeismoHydrology/08_fireball_paper/falcon9-seismoacoustic-workflow-1.0.0/data/outputs/070_prepare_event_waveform_products/event_streams/candidate_event_047.pkl,1472735373.4361334,1472735374.5361333,51.1827760218257,7.589233855856507,3,True,False,short_impulsive_candidate,True,True,True,True,True,True,True,True,True,True,pass,analyze_all_final_events
48,1472735379.9755669,1472735379.9751334,1472735379.976,0.0008666515350341,2,2,"DD2,DD3","382,383",1472735379.976,1472735379.988,2016-09-01 13:09:39.975566864+00:00,2016-09-01 13:09:39.976000071+00:00,2016-09-01 13:09:39.987999916+00:00,retain,at least two reduced-time-associated infrasound channels,,,,48,48,2,2,0.0008666515350341,"DD2,DD3",2,True,,13.440790729370564,True,141.0,151.0,0.0644330978393554,0.1044332981109619,17.553578302817634,-14.993985095745373,32.54756339856301,0.0400002002716064,0.0444329977035522,0.1244333982467651,0.0004332065582275,0.1244333982467651,0.1240001916885376,1.305992977367015,2.61198595473403,noise_threshold,model,moderate_impulsive,moderate_impulsive,candidate_event_048.pkl,/Users/glennthompson/Developer/KSCRocketSeismoHydrology/08_fireball_paper/falcon9-seismoacoustic-workflow-1.0.0/data/outputs/070_prepare_event_waveform_products/event_streams/candidate_event_048.pkl,1472735379.4755669,1472735380.5755668,32.54756339856301,13.440790729370564,2,True,False,short_impulsive_candidate,True,True,True,True,True,True,True,True,True,True,pass,analyze_all_final_events
49,1472735403.7985668,1472735403.7981336,1472735403.799,0.000866413116455,2,2,"DD2,DD3","385,386",1472735403.799,1472735403.811,2016-09-01 13:10:03.798566818+00:00,2016-09-01 13:10:03.799000025+00:00,2016-09-01 13:10:03.811000109+00:00,retain,at least two reduced-time-associated infrasound channels,,,,49,49,2,2,0.000866413116455,"DD2,DD3",2,True,,7.74073454150752,True,130.0,137.0,0.0214331150054931,0.0494332313537597,14.63641182511168,-9.85190757327915,24.48831939839083,0.0280001163482666,0.0074330568313598,0.063433289527893,0.0054330825805664,0.093433141708374,0.0880000591278076,1.8908298361903544,3.781659672380708,noise_threshold,noise_threshold,moderate_impulsive,moderate_impulsive,candidate_event_049.pkl,/Users/glennthompson/Developer/KSCRocketSeismoHydrology/08_fireball_paper/falcon9-seismoacoustic-workflow-1.0.0/data/outputs/070_prepare_event_waveform_products/event_streams/candidate_event_049.pkl,1472735403.2985668,1472735404.3985667,24.48831939839083,7.74073454150752,2,True,False,short_impulsive_candidate,True,True,True,True,True,True,False,True,True,False,pass,analyze_all_final_events
50,1472735406.2590666,1472735406.257,1472735406.2611334,0.0041334629058837,2,2,"DD2,DD3","387,388",1472735406.257,1472735406.274,2016-09-01 13:10:06.259066582+00:00,2016-09-01 13:10:06.256999969+00:00,2016-09-01 13:10:06.273999929+00:00,retain,at least two reduced-time-associated infrasound channels,,,,50,50,2,2,0.0041334629058837,"DD2,DD3",2,True,,3.877383045268858,True,143.0,148.0,0.0729334354400634,0.0929334163665771,9.970756200546932,-8.950582656808354,18.921338857355288,0.0199999809265136,0.0629334449768066,0.1029334068298339,0.036933422088623,0.1169333457946777,0.0799999237060546,2.571516944324896,5.143033888649792,noise_threshold,noise_threshold,weak_impulsive,weak_impulsive,candidate_event_050.pkl,/Users/glennthompson/Developer/KSCRocketSeismoHydrology/08_fireball_paper/falcon9-seismoacoustic-workflow-1.0.0/data/outputs/070_prepare_event_waveform_products/event_streams/candidate_event_050.pkl,1472735405.7590666,1472735406.8590665,18.921338857355288,3.877383045268858,2,True,False,short_impulsive_candidate,True,True,True,True,True,True,False,True,True,False,pass,analyze_all_final_events
51,1472735422.0620668,1472735422.061,1472735422.0631337,0.0021333694458007,2,2,"DD2,DD3","392,393",1472735422.061,1472735422.076,2016-09-01 13:10:22.062066793+00:00,2016-09-01 13:10:22.061000109+00:00,2016-09-01 13:10:22.075999975+00:00,retain,at least two reduced-time-associated infrasound channels,,,,51,51,2,2,0.0021336078643798,"DD2,DD3",2,True,,7.140905974992673,True,129.0,134.0,0.0179331302642822,0.0379331111907959,11.95489921732288,-9.199307845806857,21.154207063129732,0.0199999809265136,0.0079331398010253,0.0479331016540527,0.0019330978393554,0.0819330215454101,0.0799999237060546,1.674143205244366,3.348286410488732,noise_threshold,noise_threshold,moderate_impulsive,moderate_impulsive,candidate_event_051.pkl,/Users/glennthompson/Developer/KSCRocketSeismoHydrology/08_fireball_paper/falcon9-seismoacoustic-workflow-1.0.0/data/outputs/070_prepare_event_waveform_products/event_streams/candidate_event_051.pkl,1472735421.5620668,1472735422.6620667,21.154207063129732,7.140905974992673,2,True,False,short_impulsive_candidate,True,True,True,True,True,True,False,True,True,False,pass,analyze_all_final_events
52,1472735428.7245717,1472735428.7231436,1472735428.726,0.0028564929962158,2,2,"DD2,DD3","394,395",1472735428.726,1472735428.73601,2016-09-01 13:10:28.724571705+00:00,2016-09-01 13:10:28.726000071+00:00,2016-09-01 13:10:28.736010075+00:00,retain,at least two reduced-time-associated infrasound channels,,,,52,52,2,2,0.0028564929962158,"DD2,DD3",2,True,,6.008087229665107,True,130.0,166.0,0.0213215351104736,0.1653215885162353,12.353630263146908,-9.192493976555912,21.54612423970282,0.1440000534057617,-0.0506784915924072,0.2373216152191162,0.0053215026855468,0.185321569442749,0.1800000667572021,2.0561669281615114,4.112333856323023,noise_threshold,noise_threshold,moderate_impulsive,moderate_impulsive,candidate_event_052.pkl,/Users/glennthompson/Developer/KSCRocketSeismoHydrology/08_fireball_paper/falcon9-seismoacoustic-workflow-1.0.0/data/outputs/070_prepare_event_waveform_products/event_streams/candidate_event_052.pkl,1472735428.2245717,1472735429.3245716,21.54612423970282,6.008087229665107,2,True,False,short_impulsive_candidate,True,True,True,True,True,True,False,True,True,False,pass,analyze_all_final_events
53,1472735435.1970668,1472735435.1931336,1472735435.201,0.0078663825988769,2,2,"DD2,DD3","397,398",1472735435.201,1472735435.206,2016-09-01 13:10:35.197066784+00:00,2016-09-01 13:10:35.200999975+00:00,2016-09-01 13:10:35.206000090+00:00,retain,at least two reduced-time-associated infrasound channels,,,,53,53,2,2,0.0078663825988769,"DD2,DD3",2,True,,7.75280529174694,True,131.0,137.0,0.0248265266418457,0.0488266944885253,9.038592290924012,-6.005140847999244,15.043733138923258,0.0240001678466796,0.0128264427185058,0.0608267784118652,0.004826545715332,0.12882661819458,0.124000072479248,1.165847967386183,2.331695934772366,noise_threshold,noise_threshold,moderate_impulsive,moderate_impulsive,candidate_event_053.pkl,/Users/glennthompson/Developer/KSCRocketSeismoHydrology/08_fireball_paper/falcon9-seismoacoustic-workflow-1.0.0/data/outputs/070_prepare_event_waveform_products/event_streams/candidate_event_053.pkl,1472735434.6970668,1472735435.7970667,15.043733138923258,7.75280529174694,2,True,False,short_impulsive_candidate,True,True,True,True,True,True,False,True,True,False,pass,analyze_all_final_events
54,1472735657.3631334,1472735657.3618932,1472735657.368,0.0061068534851074,3,3,"DD1,DD2,DD3","408,403,404",1472735657.368,1472735657.452,2016-09-01 13:14:17.363133430+00:00,2016-09-01 13:14:17.368000031+00:00,2016-09-01 13:14:17.451999903+00:00,retain,at least two reduced-time-associated infrasound channels,,,,54,54,3,3,0.0061068534851074,"DD1,DD2,DD3",3,True,,68.94310041194008,True,130.0,137.0,0.0208666324615478,0.0488667488098144,135.49331205874785,-132.103837557999,267.59714961674683,0.0280001163482666,0.0068665742874145,0.0628668069839477,0.0008666515350341,0.1208665370941162,0.119999885559082,1.9652918312226368,3.9305836624452737,noise_threshold,noise_threshold,robust_impulsive,robust_impulsive,candidate_event_054.pkl,/Users/glennthompson/Developer/KSCRocketSeismoHydrology/08_fireball_paper/falcon9-seismoacoustic-workflow-1.0.0/data/outputs/070_prepare_event_waveform_products/event_streams/candidate_event_054.pkl,1472735656.8631334,1472735657.963133,267.59714961674683,68.94310041194008,3,True,False,short_impulsive_candidate,True,True,True,True,True,True,True,True,True,True,pass,analyze_all_final_events
55,1472735659.4221334,1472735659.4218934,1472735659.429,0.0071065425872802,3,3,"DD1,DD2,DD3","411,409,410",1472735659.429,1472735659.512,2016-09-01 13:14:19.422133446+00:00,2016-09-01 13:14:19.428999901+00:00,2016-09-01 13:14:19.512000083+00:00,retain,at least two reduced-time-associated infrasound channels,,,,55,55,3,3,0.0071065425872802,"DD1,DD2,DD3",3,True,,19.36324460055181,True,132.0,144.0,0.0298666954040527,0.0778665542602539,67.23345133094044,-53.12478349752113,120.35823482846158,0.0479998588562011,0.0058667659759521,0.1018664836883544,0.0098664760589599,0.1018664836883544,0.0920000076293945,3.472220318335722,6.944440636671444,noise_threshold,model,robust_impulsive,robust_impulsive,candidate_event_055.pkl,/Users/glennthompson/Developer/KSCRocketSeismoHydrology/08_fireball_paper/falcon9-seismoacoustic-workflow-1.0.0/data/outputs/070_prepare_event_waveform_products/event_streams/candidate_event_055.pkl,1472735658.9221334,1472735660.0221334,120.35823482846158,19.36324460055181,3,True,False,short_impulsive_candidate,True,True,True,True,True,True,True,True,True,True,pass,analyze_all_final_events
56,1472735670.4951334,1472735670.494903,1472735670.499,0.0040967464447021,3,3,"DD1,DD2,DD3","418,413,414",1472735670.499,1472735670.58501,2016-09-01 13:14:30.495133400+00:00,2016-09-01 13:14:30.499000072+00:00,2016-09-01 13:14:30.585010052+00:00,retain,at least two reduced-time-associated infrasound channels,,,,56,56,3,3,0.0040969848632812,"DD1,DD2,DD3",3,True,,34.798438095953294,True,130.0,154.0,0.0208666324615478,0.1168665885925293,104.53010292489137,-54.81603978003661,159.34614270492796,0.0959999561309814,-0.0271333456039428,0.16486656665802,0.0008666515350341,0.1888666152954101,0.1879999637603759,3.0038734105438816,6.007746821087763,noise_threshold,noise_threshold,robust_impulsive,robust_impulsive,candidate_event_056.pkl,/Users/glennthompson/Developer/KSCRocketSeismoHydrology/08_fireball_paper/falcon9-seismoacoustic-workflow-1.0.0/data/outputs/070_prepare_event_waveform_products/event_streams/candidate_event_056.pkl,1472735669.9951334,1472735671.0951333,159.34614270492796,34.798438095953294,3,True,False,short_impulsive_candidate,True,True,True,True,True,True,True,True,True,True,pass,analyze_all_final_events
57,1472735746.158893,1472735746.1551335,1472735746.16,0.004866600036621,3,3,"DD1,DD2,DD3","426,421,422",1472735746.16,1472735746.249,2016-09-01 13:15:46.158893347+00:00,2016-09-01 13:15:46.160000086+00:00,2016-09-01 13:15:46.249000072+00:00,retain,at least two reduced-time-associated infrasound channels,,,,57,57,3,3,0.004866600036621,"DD1,DD2,DD3",3,True,,63.55907970341736,True,129.0,137.0,0.0171070098876953,0.0491070747375488,83.34058483462773,-44.91807995038229,128.25866478501,0.0320000648498535,0.0011069774627685,0.0651071071624755,-0.0108931064605712,0.1331069469451904,0.1440000534057617,1.3112302006812535,2.622460401362507,noise_threshold,noise_threshold,robust_impulsive,robust_impulsive,candidate_event_057.pkl,/Users/glennthompson/Developer/KSCRocketSeismoHydrology/08_fireball_paper/falcon9-seismoacoustic-workflow-1.0.0/data/outputs/070_prepare_event_waveform_products/event_streams/candidate_event_057.pkl,1472735745.658893,1472735746.758893,128.25866478501,63.55907970341736,3,True,False,short_impulsive_candidate,True,True,True,True,True,True,True,True,True,True,pass,analyze_all_final_events
58,1472735949.3250668,1472735949.3191335,1472735949.331,0.0118665695190429,2,2,"DD2,DD3","428,429",1472735949.331,1472735949.332,2016-09-01 13:19:09.325066805+00:00,2016-09-01 13:19:09.331000090+00:00,2016-09-01 13:19:09.332000017+00:00,retain,at least two reduced-time-associated infrasound channels,,,,58,58,2,2,0.0118665695190429,"DD2,DD3",2,True,,9.391428910621396,True,135.0,179.0,0.0408265590667724,0.2168266773223877,13.063982095792737,-1.7947145200358954,14.85869661582863,0.1760001182556152,-0.0471735000610351,0.3048267364501953,-0.0031733512878417,0.2288265228271484,0.2319998741149902,1.391053717184379,2.782107434368758,noise_threshold,noise_threshold,moderate_impulsive,moderate_impulsive,candidate_event_058.pkl,/Users/glennthompson/Developer/KSCRocketSeismoHydrology/08_fireball_paper/falcon9-seismoacoustic-workflow-1.0.0/data/outputs/070_prepare_event_waveform_products/event_streams/candidate_event_058.pkl,1472735948.8250668,1472735949.9250667,14.85869661582863,9.391428910621396,2,True,False,short_impulsive_candidate,True,True,True,True,True,True,False,True,True,False,pass,analyze_all_final_events
59,1472735951.1161337,1472735951.1158934,1472735951.122,0.0061066150665283,3,3,"DD1,DD2,DD3","435,432,433",1472735951.122,1472735951.206,2016-09-01 13:19:11.116133451+00:00,2016-09-01 13:19:11.121999979+00:00,2016-09-01 13:19:11.206000090+00:00,retain,at least two reduced-time-associated infrasound channels,,,,59,59,3,3,0.0061066150665283,"DD1,DD2,DD3",3,True,,7.646809554146913,True,130.0,146.0,0.0217597484588623,0.0857598781585693,12.438922080713928,-5.047227419606407,17.486149500320334,0.064000129699707,-0.0102403163909912,0.1177599430084228,0.0097596645355224,0.1137597560882568,0.1040000915527343,1.6266812966419728,3.2533625932839456,noise_threshold,noise_threshold,moderate_impulsive,moderate_impulsive,candidate_event_059.pkl,/Users/glennthompson/Developer/KSCRocketSeismoHydrology/08_fireball_paper/falcon9-seismoacoustic-workflow-1.0.0/data/outputs/070_prepare_event_waveform_products/event_streams/candidate_event_059.pkl,1472735950.6161337,1472735951.7161336,17.486149500320334,7.646809554146913,3,True,False,short_impulsive_candidate,True,True,True,True,True,True,False,True,True,False,pass,analyze_all_final_events
60,1472735951.356567,1472735951.3551335,1472735951.358,0.002866506576538,2,2,"DD2,DD3","436,437",1472735951.358,1472735951.368,2016-09-01 13:19:11.356566906+00:00,2016-09-01 13:19:11.358000040+00:00,2016-09-01 13:19:11.368000031+00:00,retain,at least two reduced-time-associated infrasound channels,,,,60,60,2,2,0.002866506576538,"DD2,DD3",2,True,,1.9301577291670953,True,129.0,137.0,0.0173265933990478,0.0493266582489013,4.626508939831478,-1.8022757816745052,6.428784721505983,0.0320000648498535,0.001326560974121,0.0653266906738281,0.0133266448974609,0.0613265037536621,0.0479998588562011,2.3969589997331027,4.793917999466205,noise_threshold,noise_threshold,weak_impulsive,weak_impulsive,candidate_event_060.pkl,/Users/glennthompson/Developer/KSCRocketSeismoHydrology/08_fireball_paper/falcon9-seismoacoustic-workflow-1.0.0/data/outputs/070_prepare_event_waveform_products/event_streams/candidate_event_060.pkl,1472735950.856567,1472735951.9565668,6.428784721505983,1.9301577291670953,2,True,False,short_impulsive_candidate,False,True,True,True,False,True,False,False,True,False,peak_to_peak,analyze_all_final_events
61,1472735951.6145668,1472735951.6091335,1472735951.62,0.0108664035797119,2,2,"DD2,DD3","438,439",1472735951.62,1472735951.622,2016-09-01 13:19:11.614566803+00:00,2016-09-01 13:19:11.619999886+00:00,2016-09-01 13:19:11.621999979+00:00,retain,at least two reduced-time-associated infrasound channels,,,,61,61,2,2,0.0108664035797119,"DD2,DD3",2,True,,5.080573542891166,True,131.0,144.0,0.02543306350708,0.0774331092834472,7.9387290220283715,-4.342004839043605,12.280733861071976,0.0520000457763671,-0.0005669593811035,0.1034331321716308,0.0094330310821533,0.0894331932067871,0.0800001621246337,1.5625655164733103,3.1251310329466206,noise_threshold,noise_threshold,moderate_impulsive,moderate_impulsive,candidate_event_061.pkl,/Users/glennthompson/Developer/KSCRocketSeismoHydrology/08_fireball_paper/falcon9-seismoacoustic-workflow-1.0.0/data/outputs/070_prepare_event_waveform_products/event_streams/candidate_event_061.pkl,1472735951.1145668,1472735952.2145667,12.280733861071976,5.080573542891166,2,True,False,short_impulsive_candidate,True,True,True,True,True,True,False,True,True,False,pass,analyze_all_final_events
62,1472735953.066893,1472735953.0631337,1472735953.069,0.005866527557373,3,3,"DD1,DD2,DD3","445,440,441",1472735953.069,1472735953.157,2016-09-01 13:19:13.066893338+00:00,2016-09-01 13:19:13.069000006+00:00,2016-09-01 13:19:13.157000065+00:00,retain,at least two reduced-time-associated infrasound channels,,,,62,62,3,3,0.0058662891387939,"DD1,DD2,DD3",3,True,,24.42089831132647,True,130.0,142.0,0.0211069583892822,0.0691070556640625,47.970967832950755,-13.92325106812897,61.894218901079725,0.0480000972747802,-0.0028930902481079,0.0931071043014526,-0.0028929710388183,0.093106985092163,0.0959999561309814,1.964340837155106,3.928681674310212,noise_threshold,noise_threshold,robust_impulsive,robust_impulsive,candidate_event_062.pkl,/Users/glennthompson/Developer/KSCRocketSeismoHydrology/08_fireball_paper/falcon9-seismoacoustic-workflow-1.0.0/data/outputs/070_prepare_event_waveform_products/event_streams/candidate_event_062.pkl,1472735952.566893,1472735953.666893,61.894218901079725,24.42089831132647,3,True,False,short_impulsive_candidate,True,True,True,True,True,True,True,True,True,True,pass,analyze_all_final_events
63,1472735953.258067,1472735953.2541337,1472735953.262,0.007866621017456,2,2,"DD2,DD3","446,447",1472735953.262,1472735953.267,2016-09-01 13:19:13.258066654+00:00,2016-09-01 13:19:13.262000084+00:00,2016-09-01 13:19:13.266999959+00:00,retain,at least two reduced-time-associated infrasound channels,,,,63,63,2,2,0.0078663825988769,"DD2,DD3",2,True,,12.020712709266435,True,129.0,137.0,0.0179331302642822,0.0499331951141357,17.679986594966415,-10.845476700867678,28.525463295834093,0.0320000648498535,0.0019330978393554,0.0659332275390625,-0.0140669345855712,0.0739331245422363,0.0880000591278076,1.4707935396656973,2.9415870793313945,noise_threshold,noise_threshold,moderate_impulsive,moderate_impulsive,candidate_event_063.pkl,/Users/glennthompson/Developer/KSCRocketSeismoHydrology/08_fireball_paper/falcon9-seismoacoustic-workflow-1.0.0/data/outputs/070_prepare_event_waveform_products/event_streams/candidate_event_063.pkl,1472735952.758067,1472735953.8580668,28.525463295834093,12.020712709266435,2,True,False,short_impulsive_candidate,True,True,True,True,True,True,True,True,True,True,pass,analyze_all_final_events
64,1472735953.7368932,1472735953.7361336,1472735953.737,0.000866413116455,3,3,"DD1,DD2,DD3","450,448,449",1472735953.737,1472735953.827,2016-09-01 13:19:13.736893177+00:00,2016-09-01 13:19:13.736999989+00:00,2016-09-01 13:19:13.826999903+00:00,retain,at least two reduced-time-associated infrasound channels,,,,64,64,3,3,0.000866413116455,"DD1,DD2,DD3",3,True,,9.64939274769072,True,129.0,145.0,0.0170001983642578,0.0810000896453857,24.922865590499807,-10.03674727529561,34.95961286579542,0.0639998912811279,-0.0149997472763061,0.1130000352859497,-0.0029997825622558,0.1010000705718994,0.1039998531341552,2.582842904437102,5.165685808874204,noise_threshold,noise_threshold,robust_impulsive,robust_impulsive,candidate_event_064.pkl,/Users/glennthompson/Developer/KSCRocketSeismoHydrology/08_fireball_paper/falcon9-seismoacoustic-workflow-1.0.0/data/outputs/070_prepare_event_waveform_products/event_streams/candidate_event_064.pkl,1472735953.2368932,1472735954.336893,34.95961286579542,9.64939274769072,3,True,False,short_impulsive_candidate,True,True,True,True,True,True,True,True,True,True,pass,analyze_all_final_events
65,1472735954.5211334,1472735954.5188932,1472735954.523,0.0041067600250244,3,3,"DD1,DD2,DD3","456,451,452",1472735954.523,1472735954.609,2016-09-01 13:19:14.521133423+00:00,2016-09-01 13:19:14.523000001+00:00,2016-09-01 13:19:14.608999968+00:00,retain,at least two reduced-time-associated infrasound channels,,,,65,65,3,3,0.0041067600250244,"DD1,DD2,DD3",3,True,,30.11579108778829,True,129.0,146.0,0.0180001258850097,0.0860002040863037,70.66831259684791,-20.845844015163735,91.51415661201165,0.0680000782012939,-0.0159999132156372,0.1200002431869506,0.002000093460083,0.1140000820159912,0.1119999885559082,2.3465534207900434,4.693106841580087,noise_threshold,noise_threshold,robust_impulsive,robust_impulsive,candidate_event_065.pkl,/Users/glennthompson/Developer/KSCRocketSeismoHydrology/08_fireball_paper/falcon9-seismoacoustic-workflow-1.0.0/data/outputs/070_prepare_event_waveform_products/event_streams/candidate_event_065.pkl,1472735954.0211334,1472735955.121133,91.51415661201165,30.11579108778829,3,True,False,short_impulsive_candidate,True,True,True,True,True,True,True,True,True,True,pass,analyze_all_final_events
66,1472735955.212,1472735955.211893,1472735955.2121334,0.0002400875091552,3,3,"DD1,DD2,DD3","459,457,458",1472735955.212,1472735955.302,2016-09-01 13:19:15.211999893+00:00,2016-09-01 13:19:15.211999893+00:00,2016-09-01 13:19:15.302000046+00:00,retain,at least two reduced-time-associated infrasound channels,,,,66,66,3,3,0.0002403259277343,"DD1,DD2,DD3",3,True,,16.190044414320628,True,129.0,146.0,0.0178935527801513,0.0858936309814453,49.657819508161154,-13.02624268027823,62.684062188439384,0.0680000782012939,-0.0161064863204956,0.1198936700820922,0.0018935203552246,0.1178934574127197,0.1159999370574951,3.0671824139183443,6.134364827836689,noise_threshold,noise_threshold,robust_impulsive,robust_impulsive,candidate_event_066.pkl,/Users/glennthompson/Developer/KSCRocketSeismoHydrology/08_fireball_paper/falcon9-seismoacoustic-workflow-1.0.0/data/outputs/070_prepare_event_waveform_products/event_streams/candidate_event_066.pkl,1472735954.712,1472735955.8119998,62.684062188439384,16.190044414320628,3,True,False,short_impulsive_candidate,True,True,True,True,True,True,True,True,True,True,pass,analyze_all_final_events
67,1472735956.8075666,1472735956.8061335,1472735956.809,0.002866506576538,2,2,"DD2,DD3","460,461",1472735956.809,1472735956.819,2016-09-01 13:19:16.807566643+00:00,2016-09-01 13:19:16.809000015+00:00,2016-09-01 13:19:16.819000006+00:00,retain,at least two reduced-time-associated infrasound channels,,,,67,67,2,2,0.002866506576538,"DD2,DD3",2,True,,11.913504572116322,True,131.0,138.0,0.0244333744049072,0.0524334907531738,21.535674521541964,-9.69356532258644,31.2292398441284,0.0280001163482666,0.0104333162307739,0.0664335489273071,0.0004334449768066,0.0724334716796875,0.0720000267028808,1.8076691364140176,3.615338272828036,noise_threshold,noise_threshold,moderate_impulsive,moderate_impulsive,candidate_event_067.pkl,/Users/glennthompson/Developer/KSCRocketSeismoHydrology/08_fireball_paper/falcon9-seismoacoustic-workflow-1.0.0/data/outputs/070_prepare_event_waveform_products/event_streams/candidate_event_067.pkl,1472735956.3075666,1472735957.4075663,31.2292398441284,11.913504572116322,2,True,False,short_impulsive_candidate,True,True,True,True,True,True,True,True,True,True,pass,analyze_all_final_events
68,1472735958.1421337,1472735958.1338933,1472735958.145,0.0111067295074462,3,3,"DD1,DD2,DD3","464,462,463",1472735958.145,1472735958.224,2016-09-01 13:19:18.142133474+00:00,2016-09-01 13:19:18.144999981+00:00,2016-09-01 13:19:18.223999977+00:00,retain,at least two reduced-time-associated infrasound channels,,,,68,68,3,3,0.0111067295074462,"DD1,DD2,DD3",3,True,,5.656093509885787,True,129.0,140.0,0.0178663730621337,0.061866283416748,11.9786876500278,-12.454107460803932,24.432795110831737,0.0439999103546142,-0.0041335821151733,0.0838662385940551,0.001866340637207,0.0818662643432617,0.0799999237060546,2.2018920725119724,4.403784145023945,noise_threshold,noise_threshold,moderate_impulsive,moderate_impulsive,candidate_event_068.pkl,/Users/glennthompson/Developer/KSCRocketSeismoHydrology/08_fireball_paper/falcon9-seismoacoustic-workflow-1.0.0/data/outputs/070_prepare_event_waveform_products/event_streams/candidate_event_068.pkl,1472735957.6421337,1472735958.7421336,24.432795110831737,5.656093509885787,3,True,False,short_impulsive_candidate,True,True,True,True,True,True,False,True,True,False,pass,analyze_all_final_events
69,1472735958.8551335,1472735958.8538933,1472735958.856,0.0021066665649414,3,3,"DD1,DD2,DD3","468,465,466",1472735958.856,1472735958.944,2016-09-01 13:19:18.855133533+00:00,2016-09-01 13:19:18.855999947+00:00,2016-09-01 13:19:18.944000006+00:00,retain,at least two reduced-time-associated infrasound channels,,,,69,69,3,3,0.0021066665649414,"DD1,DD2,DD3",3,True,,28.67711647829436,True,129.0,147.0,0.0168664455413818,0.0888664722442627,32.44955888619827,-14.06435404637976,46.51391293257803,0.0720000267028808,-0.0191335678100585,0.1248664855957031,0.000866413116455,0.1488664150238037,0.1480000019073486,1.131548874893306,2.263097749786612,noise_threshold,noise_threshold,robust_impulsive,robust_impulsive,candidate_event_069.pkl,/Users/glennthompson/Developer/KSCRocketSeismoHydrology/08_fireball_paper/falcon9-seismoacoustic-workflow-1.0.0/data/outputs/070_prepare_event_waveform_products/event_streams/candidate_event_069.pkl,1472735958.3551335,1472735959.4551334,46.51391293257803,28.67711647829436,3,True,False,short_impulsive_candidate,True,True,True,True,True,True,True,True,True,True,pass,analyze_all_final_events
70,1472735962.6218932,1472735962.6191337,1472735962.624,0.004866600036621,3,3,"DD1,DD2,DD3","475,471,472",1472735962.624,1472735962.712,2016-09-01 13:19:22.621893167+00:00,2016-09-01 13:19:22.624000072+00:00,2016-09-01 13:19:22.711999893+00:00,retain,at least two reduced-time-associated infrasound channels,,,,70,70,3,3,0.0048663616180419,"DD1,DD2,DD3",3,True,,24.32548733897119,True,175.0,186.0,0.2012403011322021,0.2452402114868164,39.758673773515795,-11.363929554226289,51.12260332774208,0.0439999103546142,0.179240345954895,0.2672401666641235,0.1852402687072754,0.2932403087615967,0.1080000400543212,1.6344451076965485,3.268890215393097,noise_threshold,noise_threshold,robust_impulsive,robust_impulsive,candidate_event_070.pkl,/Users/glennthompson/Developer/KSCRocketSeismoHydrology/08_fireball_paper/falcon9-seismoacoustic-workflow-1.0.0/data/outputs/070_prepare_event_waveform_products/event_streams/candidate_event_070.pkl,1472735962.1218932,1472735963.221893,51.12260332774208,24.32548733897119,3,True,False,short_impulsive_candidate,True,True,True,True,True,True,True,True,True,True,pass,analyze_all_final_events
71,1472735962.8071334,1472735962.806893,1472735962.808,0.0011067390441894,3,3,"DD1,DD2,DD3","478,476,477",1472735962.808,1472735962.897,2016-09-01 13:19:22.807133436+00:00,2016-09-01 13:19:22.808000088+00:00,2016-09-01 13:19:22.897000074+00:00,retain,at least two reduced-time-associated infrasound channels,,,,71,71,3,3,0.0011069774627685,"DD1,DD2,DD3",3,True,,19.07505094179979,True,129.0,139.0,0.0168666839599609,0.0568666458129882,39.99810580991282,-11.117114662670538,51.11522047258336,0.0399999618530273,-0.0031332969665527,0.0768666267395019,0.0008666515350341,0.0808665752410888,0.0799999237060546,2.0968806810504317,4.193761362100863,noise_threshold,noise_threshold,robust_impulsive,robust_impulsive,candidate_event_071.pkl,/Users/glennthompson/Developer/KSCRocketSeismoHydrology/08_fireball_paper/falcon9-seismoacoustic-workflow-1.0.0/data/outputs/070_prepare_event_waveform_products/event_streams/candidate_event_071.pkl,1472735962.3071334,1472735963.407133,51.11522047258336,19.07505094179979,3,True,False,short_impulsive_candidate,True,True,True,True,True,True,True,True,True,True,pass,analyze_all_final_events
72,1472735963.7338932,1472735963.7311337,1472735963.736,0.004866600036621,3,3,"DD1,DD2,DD3","481,479,480",1472735963.736,1472735963.824,2016-09-01 13:19:23.733893156+00:00,2016-09-01 13:19:23.736000061+00:00,2016-09-01 13:19:23.823999882+00:00,retain,at least two reduced-time-associated infrasound channels,,,,72,72,3,3,0.0048663616180419,"DD1,DD2,DD3",3,True,,13.4180673114398,True,128.0,147.0,0.0132403373718261,0.0892403125762939,30.053113974508477,-11.209279908139234,41.262393882647714,0.0759999752044677,-0.0247596502304077,0.1272403001785278,-0.0027596950531005,0.1132402420043945,0.1159999370574951,2.2397498296111684,4.479499659222337,noise_threshold,noise_threshold,robust_impulsive,robust_impulsive,candidate_event_072.pkl,/Users/glennthompson/Developer/KSCRocketSeismoHydrology/08_fireball_paper/falcon9-seismoacoustic-workflow-1.0.0/data/outputs/070_prepare_event_waveform_products/event_streams/candidate_event_072.pkl,1472735963.2338932,1472735964.333893,41.262393882647714,13.4180673114398,3,True,False,short_impulsive_candidate,True,True,True,True,True,True,True,True,True,True,pass,analyze_all_final_events
73,1472735965.036,1472735965.0311334,1472735965.0378933,0.0067598819732666,3,3,"DD1,DD2,DD3","487,482,483",1472735965.036,1472735965.128,2016-09-01 13:19:25.036000013+00:00,2016-09-01 13:19:25.036000013+00:00,2016-09-01 13:19:25.128000020+00:00,retain,at least two reduced-time-associated infrasound channels,,,,73,73,3,3,0.0067598819732666,"DD1,DD2,DD3",3,True,,35.30124132705147,True,129.0,134.0,0.0178933143615722,0.0378932952880859,54.043572047384345,-13.941047117646516,67.98461916503086,0.0199999809265136,0.0078933238983154,0.0478932857513427,-0.0021066665649414,0.1218931674957275,0.1239998340606689,1.5309255430054964,3.061851086010993,noise_threshold,noise_threshold,robust_impulsive,robust_impulsive,candidate_event_073.pkl,/Users/glennthompson/Developer/KSCRocketSeismoHydrology/08_fireball_paper/falcon9-seismoacoustic-workflow-1.0.0/data/outputs/070_prepare_event_waveform_products/event_streams/candidate_event_073.pkl,1472735964.536,1472735965.636,67.98461916503086,35.30124132705147,3,True,False,short_impulsive_candidate,True,True,True,True,True,True,True,True,True,True,pass,analyze_all_final_events
74,1472735966.8391335,1472735966.8378932,1472735966.844,0.0061068534851074,3,3,"DD1,DD2,DD3","492,488,489",1472735966.844,1472735966.928,2016-09-01 13:19:26.839133501+00:00,2016-09-01 13:19:26.844000101+00:00,2016-09-01 13:19:26.927999973+00:00,retain,at least two reduced-time-associated infrasound channels,,,,74,74,3,3,0.0061068534851074,"DD1,DD2,DD3",3,True,,32.95766290557022,True,130.0,139.0,0.0208663940429687,0.0568664073944091,48.84874712413691,-15.967586240710972,64.81633336484788,0.0360000133514404,0.0028663873672485,0.0748664140701294,0.000866413116455,0.1168663501739502,0.1159999370574951,1.4821665985266486,2.964333197053297,noise_threshold,noise_threshold,robust_impulsive,robust_impulsive,candidate_event_074.pkl,/Users/glennthompson/Developer/KSCRocketSeismoHydrology/08_fireball_paper/falcon9-seismoacoustic-workflow-1.0.0/data/outputs/070_prepare_event_waveform_products/event_streams/candidate_event_074.pkl,1472735966.3391335,1472735967.4391334,64.81633336484788,32.95766290557022,3,True,False,short_impulsive_candidate,True,True,True,True,True,True,True,True,True,True,pass,analyze_all_final_events
75,1472735969.365,1472735969.3641336,1472735969.3659034,0.0017697811126708,3,3,"DD1,DD2,DD3","498,493,494",1472735969.365,1472735969.45601,2016-09-01 13:19:29.365000010+00:00,2016-09-01 13:19:29.365000010+00:00,2016-09-01 13:19:29.456010103+00:00,retain,at least two reduced-time-associated infrasound channels,,,,75,75,3,3,0.0017697811126708,"DD1,DD2,DD3",3,True,,65.43015188783795,True,129.0,148.0,0.0168933868408203,0.092893362045288,56.04719493844181,-28.400819806508867,84.44801474495068,0.0759999752044677,-0.0211066007614135,0.1308933496475219,-0.0311067104339599,0.1848933696746826,0.2160000801086425,0.856595825033684,1.713191650067368,noise_threshold,noise_threshold,robust_impulsive,robust_impulsive,candidate_event_075.pkl,/Users/glennthompson/Developer/KSCRocketSeismoHydrology/08_fireball_paper/falcon9-seismoacoustic-workflow-1.0.0/data/outputs/070_prepare_event_waveform_products/event_streams/candidate_event_075.pkl,1472735968.865,1472735969.965,84.44801474495068,65.43015188783795,3,True,False,short_impulsive_candidate,True,True,True,True,True,True,True,True,True,True,pass,analyze_all_final_events
76,1472735973.3711336,1472735973.3578932,1472735973.376,0.0181066989898681,3,3,"DD1,DD2,DD3","503,499,500",1472735973.376,1472735973.448,2016-09-01 13:19:33.371133566+00:00,2016-09-01 13:19:33.375999928+00:00,2016-09-01 13:19:33.447999954+00:00,retain,at least two reduced-time-associated infrasound channels,,,,76,76,3,3,0.0181066989898681,"DD1,DD2,DD3",3,True,,17.585886255311728,True,131.0,140.0,0.0248663425445556,0.060866355895996,24.150107638216443,-14.63150300208679,38.781610640303235,0.0360000133514404,0.0068663358688354,0.0788663625717163,0.000866413116455,0.0888664722442627,0.0880000591278076,1.3732664528591516,2.746532905718303,noise_threshold,noise_threshold,robust_impulsive,robust_impulsive,candidate_event_076.pkl,/Users/glennthompson/Developer/KSCRocketSeismoHydrology/08_fireball_paper/falcon9-seismoacoustic-workflow-1.0.0/data/outputs/070_prepare_event_waveform_products/event_streams/candidate_event_076.pkl,1472735972.8711336,1472735973.9711337,38.781610640303235,17.585886255311728,3,True,False,short_impulsive_candidate,True,True,True,True,True,True,True,True,True,True,pass,analyze_all_final_events
77,1472735973.7820668,1472735973.7781334,1472735973.786,0.007866621017456,2,2,"DD2,DD3","504,505",1472735973.786,1472735973.791,2016-09-01 13:19:33.782066822+00:00,2016-09-01 13:19:33.786000013+00:00,2016-09-01 13:19:33.790999889+00:00,retain,at least two reduced-time-associated infrasound channels,,,,77,77,2,2,0.007866621017456,"DD2,DD3",2,True,,4.794496736982177,True,131.0,141.0,0.025933027267456,0.0659329891204834,13.37854674690534,-2.728441408056629,16.106988154961968,0.0399999618530273,0.0059330463409423,0.085932970046997,0.0099329948425292,0.0779330730438232,0.0680000782012939,2.790396465120187,5.580792930240374,noise_threshold,noise_threshold,moderate_impulsive,moderate_impulsive,candidate_event_077.pkl,/Users/glennthompson/Developer/KSCRocketSeismoHydrology/08_fireball_paper/falcon9-seismoacoustic-workflow-1.0.0/data/outputs/070_prepare_event_waveform_products/event_streams/candidate_event_077.pkl,1472735973.2820668,1472735974.3820667,16.106988154961968,4.794496736982177,2,True,False,short_impulsive_candidate,True,True,True,True,True,True,False,True,True,False,pass,analyze_all_final_events
78,1472735982.4041336,1472735982.3988934,1472735982.408,0.0091066360473632,3,3,"DD1,DD2,DD3","511,506,507",1472735982.408,1472735982.489,2016-09-01 13:19:42.404133558+00:00,2016-09-01 13:19:42.407999992+00:00,2016-09-01 13:19:42.489000082+00:00,retain,at least two reduced-time-associated infrasound channels,,,,78,78,3,3,0.0091066360473632,"DD1,DD2,DD3",3,True,,18.33500922576791,True,131.0,142.0,0.0257596969604492,0.0697598457336425,26.29616207565343,-14.810957123723377,41.10711919937681,0.0440001487731933,0.0037596225738525,0.0917599201202392,-0.0022401809692382,0.1257598400115966,0.1280000209808349,1.4342050092179377,2.868410018435875,noise_threshold,noise_threshold,robust_impulsive,robust_impulsive,candidate_event_078.pkl,/Users/glennthompson/Developer/KSCRocketSeismoHydrology/08_fireball_paper/falcon9-seismoacoustic-workflow-1.0.0/data/outputs/070_prepare_event_waveform_products/event_streams/candidate_event_078.pkl,1472735981.9041336,1472735983.0041337,41.10711919937681,18.33500922576791,3,True,False,short_impulsive_candidate,True,True,True,True,True,True,True,True,True,True,pass,analyze_all_final_events
79,1472735988.337067,1472735988.3321335,1472735988.342,0.0098664760589599,2,2,"DD2,DD3","512,513",1472735988.342,1472735988.345,2016-09-01 13:19:48.337066650+00:00,2016-09-01 13:19:48.342000008+00:00,2016-09-01 13:19:48.345000029+00:00,retain,at least two reduced-time-associated infrasound channels,,,,79,79,2,2,0.0098664760589599,"DD2,DD3",2,True,,7.900766795675902,True,130.0,141.0,0.0208265781402587,0.064826488494873,9.120476345391328,-4.94692024748432,14.067396592875648,0.0439999103546142,-0.0011733770370483,0.0868264436721801,0.004826545715332,0.0888266563415527,0.0840001106262207,1.15437862947467,2.30875725894934,noise_threshold,noise_threshold,moderate_impulsive,moderate_impulsive,candidate_event_079.pkl,/Users/glennthompson/Developer/KSCRocketSeismoHydrology/08_fireball_paper/falcon9-seismoacoustic-workflow-1.0.0/data/outputs/070_prepare_event_waveform_products/event_streams/candidate_event_079.pkl,1472735987.837067,1472735988.9370668,14.067396592875648,7.900766795675902,2,True,False,short_impulsive_candidate,True,True,True,True,True,True,False,True,True,False,pass,analyze_all_final_events
80,1472735995.4231336,1472735995.4218934,1472735995.424,0.0021066665649414,3,3,"DD1,DD2,DD3","521,516,517",1472735995.424,1472735995.512,2016-09-01 13:19:55.423133612+00:00,2016-09-01 13:19:55.424000025+00:00,2016-09-01 13:19:55.512000083+00:00,retain,at least two reduced-time-associated infrasound channels,,,,80,80,3,3,0.0021066665649414,"DD1,DD2,DD3",3,True,,20.657251360692054,True,129.0,140.0,0.0168664455413818,0.060866355895996,29.419863693959805,-14.676929768473052,44.096793462432856,0.0439999103546142,-0.0051335096359252,0.0828663110733032,0.000866413116455,0.1408665180206298,0.1400001049041748,1.4241906234409198,2.8483812468818397,noise_threshold,noise_threshold,robust_impulsive,robust_impulsive,candidate_event_080.pkl,/Users/glennthompson/Developer/KSCRocketSeismoHydrology/08_fireball_paper/falcon9-seismoacoustic-workflow-1.0.0/data/outputs/070_prepare_event_waveform_products/event_streams/candidate_event_080.pkl,1472735994.9231336,1472735996.0231335,44.096793462432856,20.657251360692054,3,True,False,short_impulsive_candidate,True,True,True,True,True,True,True,True,True,True,pass,analyze_all_final_events
81,1472735996.212067,1472735996.2111337,1472735996.213,0.0018665790557861,2,2,"DD2,DD3","522,523",1472735996.213,1472735996.224,2016-09-01 13:19:56.212066650+00:00,2016-09-01 13:19:56.213000059+00:00,2016-09-01 13:19:56.223999977+00:00,retain,at least two reduced-time-associated infrasound channels,,,,81,81,2,2,0.001866340637207,"DD2,DD3",2,True,,27.99069152588266,True,128.0,143.0,0.0138266086578369,0.0738265514373779,35.177406256751766,-9.604811947505414,44.78221820425718,0.059999942779541,-0.0161733627319335,0.1038265228271484,-0.0021734237670898,0.1818265914916992,0.184000015258789,1.2567537398718298,2.5135074797436596,noise_threshold,noise_threshold,moderate_impulsive,moderate_impulsive,candidate_event_081.pkl,/Users/glennthompson/Developer/KSCRocketSeismoHydrology/08_fireball_paper/falcon9-seismoacoustic-workflow-1.0.0/data/outputs/070_prepare_event_waveform_products/event_streams/candidate_event_081.pkl,1472735995.712067,1472735996.8120668,44.78221820425718,27.99069152588266,2,True,False,short_impulsive_candidate,True,True,True,True,True,True,True,True,True,True,pass,analyze_all_final_events
82,1472736000.0520668,1472736000.0471334,1472736000.057,0.0098664760589599,2,2,"DD2,DD3","524,525",1472736000.057,1472736000.06,2016-09-01 13:20:00.052066803+00:00,2016-09-01 13:20:00.056999922+00:00,2016-09-01 13:20:00.059999943+00:00,retain,at least two reduced-time-associated infrasound channels,,,,82,82,2,2,0.0098664760589599,"DD2,DD3",2,True,,7.871619870639472,True,131.0,137.0,0.0258264541625976,0.0498266220092773,8.470039791915177,-5.596222377554187,14.066262169469365,0.0240001678466796,0.0138263702392578,0.0618267059326171,0.001826524734497,0.1098265647888183,0.1080000400543212,1.0760224618452123,2.1520449236904247,noise_threshold,noise_threshold,moderate_impulsive,moderate_impulsive,candidate_event_082.pkl,/Users/glennthompson/Developer/KSCRocketSeismoHydrology/08_fireball_paper/falcon9-seismoacoustic-workflow-1.0.0/data/outputs/070_prepare_event_waveform_products/event_streams/candidate_event_082.pkl,1472735999.5520668,1472736000.6520667,14.066262169469365,7.871619870639472,2,True,False,short_impulsive_candidate,True,True,True,True,True,True,False,True,True,False,pass,analyze_all_final_events
83,1472736003.938,1472736003.9361334,1472736003.9388933,0.0027599334716796,3,3,"DD1,DD2,DD3","531,526,527",1472736003.938,1472736004.029,2016-09-01 13:20:03.937999964+00:00,2016-09-01 13:20:03.937999964+00:00,2016-09-01 13:20:04.029000044+00:00,retain,at least two reduced-time-associated infrasound channels,,,,83,83,3,3,0.0027599334716796,"DD1,DD2,DD3",3,True,,37.80642458808327,True,128.0,134.0,0.0140001773834228,0.0380001068115234,41.59669427650013,-34.36481295130986,75.96150722780999,0.0239999294281005,0.0020002126693725,0.0500000715255737,-0.0019998550415039,0.0860002040863037,0.0880000591278076,1.1002546453337874,2.2005092906675747,noise_threshold,noise_threshold,robust_impulsive,robust_impulsive,candidate_event_083.pkl,/Users/glennthompson/Developer/KSCRocketSeismoHydrology/08_fireball_paper/falcon9-seismoacoustic-workflow-1.0.0/data/outputs/070_prepare_event_waveform_products/event_streams/candidate_event_083.pkl,1472736003.438,1472736004.538,75.96150722780999,37.80642458808327,3,True,False,short_impulsive_candidate,True,True,True,True,True,True,True,True,True,True,pass,analyze_all_final_events
84,1472736005.179067,1472736005.178,1472736005.1801336,0.0021336078643798,2,2,"DD2,DD3","532,533",1472736005.178,1472736005.193,2016-09-01 13:20:05.179066658+00:00,2016-09-01 13:20:05.177999973+00:00,2016-09-01 13:20:05.193000078+00:00,retain,at least two reduced-time-associated infrasound channels,,,,84,84,2,2,0.0021336078643798,"DD2,DD3",2,True,,4.6011020903457585,True,133.0,157.0,0.032933235168457,0.1289331912994384,6.300389329931295,-5.554543670150142,11.854933000081438,0.0959999561309814,-0.0150667428970336,0.1769331693649292,-0.0030667781829833,0.1449332237243652,0.1480000019073486,1.3693217855676487,2.7386435711352974,noise_threshold,noise_threshold,moderate_impulsive,moderate_impulsive,candidate_event_084.pkl,/Users/glennthompson/Developer/KSCRocketSeismoHydrology/08_fireball_paper/falcon9-seismoacoustic-workflow-1.0.0/data/outputs/070_prepare_event_waveform_products/event_streams/candidate_event_084.pkl,1472736004.679067,1472736005.7790668,11.854933000081438,4.6011020903457585,2,True,False,short_impulsive_candidate,True,True,True,True,True,True,False,True,True,False,pass,analyze_all_final_events
85,1472736006.2955666,1472736006.2941334,1472736006.297,0.002866506576538,2,2,"DD2,DD3","534,535",1472736006.297,1472736006.307,2016-09-01 13:20:06.295566559+00:00,2016-09-01 13:20:06.296999931+00:00,2016-09-01 13:20:06.306999922+00:00,retain,at least two reduced-time-associated infrasound channels,,,,85,85,2,2,0.002866506576538,"DD2,DD3",2,True,,7.81723404074257,True,128.0,135.0,0.0124335289001464,0.0404334068298339,11.207741802093436,-5.571620420456499,16.779362222549935,0.0279998779296875,-0.0015664100646972,0.0544333457946777,-0.0035665035247802,0.0524334907531738,0.0559999942779541,1.433722176370812,2.867444352741624,noise_threshold,noise_threshold,moderate_impulsive,moderate_impulsive,candidate_event_085.pkl,/Users/glennthompson/Developer/KSCRocketSeismoHydrology/08_fireball_paper/falcon9-seismoacoustic-workflow-1.0.0/data/outputs/070_prepare_event_waveform_products/event_streams/candidate_event_085.pkl,1472736005.7955666,1472736006.8955665,16.779362222549935,7.81723404074257,2,True,False,short_impulsive_candidate,True,True,True,True,True,True,False,True,True,False,pass,analyze_all_final_events
86,1472736016.4215667,1472736016.4191334,1472736016.424,0.004866600036621,2,2,"DD2,DD3","536,537",1472736016.424,1472736016.432,2016-09-01 13:20:16.421566725+00:00,2016-09-01 13:20:16.424000025+00:00,2016-09-01 13:20:16.431999922+00:00,retain,at least two reduced-time-associated infrasound channels,,,,86,86,2,2,0.004866600036621,"DD2,DD3",2,True,,9.016481665119876,True,131.0,139.0,0.0255665779113769,0.0575666427612304,11.803187871227784,-6.14659782887983,17.949785700107615,0.0320000648498535,0.0095665454864501,0.0735666751861572,-0.0024333000183105,0.1015665531158447,0.1039998531341552,1.3090680278193476,2.6181360556386952,noise_threshold,noise_threshold,moderate_impulsive,moderate_impulsive,candidate_event_086.pkl,/Users/glennthompson/Developer/KSCRocketSeismoHydrology/08_fireball_paper/falcon9-seismoacoustic-workflow-1.0.0/data/outputs/070_prepare_event_waveform_products/event_streams/candidate_event_086.pkl,1472736015.9215667,1472736017.0215666,17.949785700107615,9.016481665119876,2,True,False,short_impulsive_candidate,True,True,True,True,True,True,False,True,True,False,pass,analyze_all_final_events
87,1472736017.9765668,1472736017.9761336,1472736017.977,0.000866413116455,2,2,"DD2,DD3","538,539",1472736017.977,1472736017.989,2016-09-01 13:20:17.976566792+00:00,2016-09-01 13:20:17.976999998+00:00,2016-09-01 13:20:17.989000082+00:00,retain,at least two reduced-time-associated infrasound channels,,,,87,87,2,2,0.000866413116455,"DD2,DD3",2,True,,4.568456223379319,True,130.0,138.0,0.0213265419006347,0.0533266067504882,6.397355434133217,-5.385347924307841,11.782703358441058,0.0320000648498535,0.005326509475708,0.069326639175415,0.001326560974121,0.069326639175415,0.0680000782012939,1.4003319986726388,2.8006639973452776,noise_threshold,noise_threshold,moderate_impulsive,moderate_impulsive,candidate_event_087.pkl,/Users/glennthompson/Developer/KSCRocketSeismoHydrology/08_fireball_paper/falcon9-seismoacoustic-workflow-1.0.0/data/outputs/070_prepare_event_waveform_products/event_streams/candidate_event_087.pkl,1472736017.4765668,1472736018.5765667,11.782703358441058,4.568456223379319,2,True,False,short_impulsive_candidate,True,True,True,True,True,True,False,True,True,False,pass,analyze_all_final_events
88,1472736018.6420667,1472736018.641,1472736018.6431334,0.0021333694458007,2,2,"DD2,DD3","540,541",1472736018.641,1472736018.656,2016-09-01 13:20:18.642066717+00:00,2016-09-01 13:20:18.641000032+00:00,2016-09-01 13:20:18.655999899+00:00,retain,at least two reduced-time-associated infrasound channels,,,,88,88,2,2,0.0021333694458007,"DD2,DD3",2,True,,8.458558082463208,True,130.0,140.0,0.0219333171844482,0.0619332790374755,9.427943871190385,-7.278120055293793,16.706063926484177,0.0399999618530273,0.0019333362579345,0.0819332599639892,0.0019333362579345,0.1099333763122558,0.1080000400543212,1.1146041416606178,2.2292082833212357,noise_threshold,noise_threshold,moderate_impulsive,moderate_impulsive,candidate_event_088.pkl,/Users/glennthompson/Developer/KSCRocketSeismoHydrology/08_fireball_paper/falcon9-seismoacoustic-workflow-1.0.0/data/outputs/070_prepare_event_waveform_products/event_streams/candidate_event_088.pkl,1472736018.1420667,1472736019.2420666,16.706063926484177,8.458558082463208,2,True,False,short_impulsive_candidate,True,True,True,True,True,True,False,True,True,False,pass,analyze_all_final_events
89,1472736020.5260668,1472736020.525,1472736020.5271337,0.0021333694458007,2,2,"DD2,DD3","543,544",1472736020.525,1472736020.54,2016-09-01 13:20:20.526066779+00:00,2016-09-01 13:20:20.525000095+00:00,2016-09-01 13:20:20.539999962+00:00,retain,at least two reduced-time-associated infrasound channels,,,,89,89,2,2,0.0021336078643798,"DD2,DD3",2,True,,6.922892374463832,True,134.0,143.0,0.037933349609375,0.0739333629608154,5.782735534554652,-6.302832670194012,12.085568204748665,0.0360000133514404,0.0199333429336547,0.0919333696365356,0.0019333362579345,0.1459333896636963,0.1440000534057617,0.9104334329164198,1.8208668658328395,noise_threshold,noise_threshold,moderate_impulsive,moderate_impulsive,candidate_event_089.pkl,/Users/glennthompson/Developer/KSCRocketSeismoHydrology/08_fireball_paper/falcon9-seismoacoustic-workflow-1.0.0/data/outputs/070_prepare_event_waveform_products/event_streams/candidate_event_089.pkl,1472736020.0260668,1472736021.1260667,12.085568204748665,6.922892374463832,2,True,False,short_impulsive_candidate,True,True,True,True,True,True,False,True,True,False,pass,analyze_all_final_events
90,1472736023.4185667,1472736023.4151337,1472736023.422,0.006866455078125,2,2,"DD2,DD3","545,546",1472736023.422,1472736023.428,2016-09-01 13:20:23.418566704+00:00,2016-09-01 13:20:23.421999931+00:00,2016-09-01 13:20:23.427999973+00:00,retain,at least two reduced-time-associated infrasound channels,,,,90,90,2,2,0.0068662166595458,"DD2,DD3",2,True,,6.736916707644923,True,130.0,135.0,0.0214333534240722,0.0414333343505859,10.36790906492372,-4.157479737163429,14.52538880208715,0.0199999809265136,0.0114333629608154,0.0514333248138427,0.0014333724975585,0.0574333667755126,0.0559999942779541,1.5389694595983971,3.0779389191967943,noise_threshold,noise_threshold,moderate_impulsive,moderate_impulsive,candidate_event_090.pkl,/Users/glennthompson/Developer/KSCRocketSeismoHydrology/08_fireball_paper/falcon9-seismoacoustic-workflow-1.0.0/data/outputs/070_prepare_event_waveform_products/event_streams/candidate_event_090.pkl,1472736022.9185667,1472736024.0185666,14.52538880208715,6.736916707644923,2,True,False,short_impulsive_candidate,True,True,True,True,True,True,False,True,True,False,pass,analyze_all_final_events
91,1472736026.3125668,1472736026.3121336,1472736026.313,0.000866413116455,2,2,"DD2,DD3","548,549",1472736026.313,1472736026.325,2016-09-01 13:20:26.312566757+00:00,2016-09-01 13:20:26.312999964+00:00,2016-09-01 13:20:26.325000048+00:00,retain,at least two reduced-time-associated infrasound channels,,,,91,91,2,2,0.000866413116455,"DD2,DD3",2,True,,26.52219228748976,True,130.0,138.0,0.0213265419006347,0.0533266067504882,25.08556000049227,-8.743943417254105,33.82950341774637,0.0320000648498535,0.005326509475708,0.069326639175415,-0.0386734008789062,0.1653265953063964,0.2039999961853027,0.9458328228894132,1.8916656457788263,noise_threshold,noise_threshold,moderate_impulsive,moderate_impulsive,candidate_event_091.pkl,/Users/glennthompson/Developer/KSCRocketSeismoHydrology/08_fireball_paper/falcon9-seismoacoustic-workflow-1.0.0/data/outputs/070_prepare_event_waveform_products/event_streams/candidate_event_091.pkl,1472736025.8125668,1472736026.912567,33.82950341774637,26.52219228748976,2,True,False,short_impulsive_candidate,True,True,True,True,True,True,True,True,True,True,pass,analyze_all_final_events
92,1472736028.6020668,1472736028.601,1472736028.6031334,0.0021333694458007,2,2,"DD2,DD3","552,553",1472736028.601,1472736028.616,2016-09-01 13:20:28.602066755+00:00,2016-09-01 13:20:28.601000071+00:00,2016-09-01 13:20:28.615999937+00:00,retain,at least two reduced-time-associated infrasound channels,,,,92,92,2,2,0.0021333694458007,"DD2,DD3",2,True,,7.522509206651995,True,130.0,142.0,0.0219333171844482,0.0699334144592285,11.154988810695498,-5.453968305296579,16.608957115992077,0.0480000972747802,-0.0020667314529418,0.0939334630966186,0.0019333362579345,0.0859334468841552,0.0840001106262207,1.4828813769787583,2.965762753957517,noise_threshold,noise_threshold,moderate_impulsive,moderate_impulsive,candidate_event_092.pkl,/Users/glennthompson/Developer/KSCRocketSeismoHydrology/08_fireball_paper/falcon9-seismoacoustic-workflow-1.0.0/data/outputs/070_prepare_event_waveform_products/event_streams/candidate_event_092.pkl,1472736028.1020668,1472736029.202067,16.608957115992077,7.522509206651995,2,True,False,short_impulsive_candidate,True,True,True,True,True,True,False,True,True,False,pass,analyze_all_final_events
93,1472736033.8025668,1472736033.7961335,1472736033.809,0.0128664970397949,2,2,"DD2,DD3","555,556",1472736033.809,1472736033.809,2016-09-01 13:20:33.802566767+00:00,2016-09-01 13:20:33.809000015+00:00,2016-09-01 13:20:33.809000015+00:00,retain,at least two reduced-time-associated infrasound channels,,,,93,93,2,2,0.0128664970397949,"DD2,DD3",2,True,,11.137779563105118,True,131.0,142.0,0.02543306350708,0.0694332122802734,10.166775191968949,-6.693767048862235,16.860542240831183,0.0440001487731933,0.0034329891204833,0.0914332866668701,-0.0185668468475341,0.0894331932067871,0.1080000400543212,0.9128188553531166,1.8256377107062332,noise_threshold,noise_threshold,moderate_impulsive,moderate_impulsive,candidate_event_093.pkl,/Users/glennthompson/Developer/KSCRocketSeismoHydrology/08_fireball_paper/falcon9-seismoacoustic-workflow-1.0.0/data/outputs/070_prepare_event_waveform_products/event_streams/candidate_event_093.pkl,1472736033.3025668,1472736034.402567,16.860542240831183,11.137779563105118,2,True,False,short_impulsive_candidate,True,True,True,True,True,True,False,True,True,False,pass,analyze_all_final_events
94,1472736039.8355668,1472736039.8311336,1472736039.84,0.0088663101196289,2,2,"DD2,DD3","558,559",1472736039.84,1472736039.844,2016-09-01 13:20:39.835566759+00:00,2016-09-01 13:20:39.839999914+00:00,2016-09-01 13:20:39.844000101+00:00,retain,at least two reduced-time-associated infrasound channels,,,,94,94,2,2,0.0088663101196289,"DD2,DD3",2,True,,8.886772845017727,True,129.0,135.0,0.0164332389831542,0.0404331684112548,11.498555181807848,-10.690715898567518,22.189271080375367,0.0239999294281005,0.004433274269104,0.0524331331253051,0.0044331550598144,0.0844333171844482,0.0800001621246337,1.2938954761575108,2.5877909523150215,noise_threshold,noise_threshold,moderate_impulsive,moderate_impulsive,candidate_event_094.pkl,/Users/glennthompson/Developer/KSCRocketSeismoHydrology/08_fireball_paper/falcon9-seismoacoustic-workflow-1.0.0/data/outputs/070_prepare_event_waveform_products/event_streams/candidate_event_094.pkl,1472736039.3355668,1472736040.435567,22.189271080375367,8.886772845017727,2,True,False,short_impulsive_candidate,True,True,True,True,True,True,False,True,True,False,pass,analyze_all_final_events
95,1472736040.7351334,1472736040.7338932,1472736040.736,0.0021069049835205,3,3,"DD1,DD2,DD3","564,561,562",1472736040.736,1472736040.824,2016-09-01 13:20:40.735133410+00:00,2016-09-01 13:20:40.736000061+00:00,2016-09-01 13:20:40.823999882+00:00,retain,at least two reduced-time-associated infrasound channels,,,,95,95,3,3,0.0021069049835205,"DD1,DD2,DD3",3,True,,20.819792469483502,True,129.0,142.0,0.0168666839599609,0.0688667297363281,35.08523411699891,-14.46740711455088,49.55264123154979,0.0520000457763671,-0.0091333389282226,0.0948667526245117,0.0008666515350341,0.0968666076660156,0.0959999561309814,1.685186543930488,3.370373087860976,noise_threshold,noise_threshold,robust_impulsive,robust_impulsive,candidate_event_095.pkl,/Users/glennthompson/Developer/KSCRocketSeismoHydrology/08_fireball_paper/falcon9-seismoacoustic-workflow-1.0.0/data/outputs/070_prepare_event_waveform_products/event_streams/candidate_event_095.pkl,1472736040.2351334,1472736041.3351333,49.55264123154979,20.819792469483502,3,True,False,short_impulsive_candidate,True,True,True,True,True,True,True,True,True,True,pass,analyze_all_final_events
96,1472736054.0225668,1472736054.0131335,1472736054.032,0.0188665390014648,2,2,"DD2,DD3","567,566",1472736054.026,1472736054.032,2016-09-01 13:20:54.022566795+00:00,2016-09-01 13:20:54.026000023+00:00,2016-09-01 13:20:54.032000065+00:00,retain,at least two reduced-time-associated infrasound channels,,,,96,96,2,2,0.0188665390014648,"DD2,DD3",2,True,,15.290978228345809,True,132.0,137.0,0.029433250427246,0.0494332313537597,8.11262099137422,-16.102146013727086,24.214767005101308,0.0199999809265136,0.0194332599639892,0.0594332218170166,-0.0025668144226074,0.1414332389831543,0.1440000534057617,1.0530487829665187,2.1060975659330374,noise_threshold,noise_threshold,moderate_impulsive,moderate_impulsive,candidate_event_096.pkl,/Users/glennthompson/Developer/KSCRocketSeismoHydrology/08_fireball_paper/falcon9-seismoacoustic-workflow-1.0.0/data/outputs/070_prepare_event_waveform_products/event_streams/candidate_event_096.pkl,1472736053.5225668,1472736054.6225667,24.214767005101308,15.290978228345809,2,True,False,short_impulsive_candidate,True,True,True,True,True,True,False,True,True,False,pass,analyze_all_final_events
97,1472736067.2175667,1472736067.214,1472736067.2211337,0.0071334838867187,2,2,"DD2,DD3","572,573",1472736067.214,1472736067.234,2016-09-01 13:21:07.217566729+00:00,2016-09-01 13:21:07.213999987+00:00,2016-09-01 13:21:07.233999968+00:00,retain,at least two reduced-time-associated infrasound channels,,,,97,97,2,2,0.0071337223052978,"DD2,DD3",2,True,,5.131885793028951,True,128.0,141.0,0.0135667324066162,0.0655665397644043,4.367602707262294,-6.169295155712353,10.536897862974648,0.051999807357788,-0.0124331712722778,0.0915664434432983,-0.0264334678649902,0.0935666561126709,0.1200001239776611,1.2021497368652665,2.404299473730533,noise_threshold,noise_threshold,moderate_impulsive,moderate_impulsive,candidate_event_097.pkl,/Users/glennthompson/Developer/KSCRocketSeismoHydrology/08_fireball_paper/falcon9-seismoacoustic-workflow-1.0.0/data/outputs/070_prepare_event_waveform_products/event_streams/candidate_event_097.pkl,1472736066.7175667,1472736067.8175666,10.536897862974648,5.131885793028951,2,True,False,short_impulsive_candidate,True,True,True,True,True,True,False,True,True,False,pass,analyze_all_final_events
98,1472736068.9565668,1472736068.953,1472736068.9601336,0.0071334838867187,2,2,"DD2,DD3","576,577",1472736068.953,1472736068.973,2016-09-01 13:21:08.956566811+00:00,2016-09-01 13:21:08.953000069+00:00,2016-09-01 13:21:08.973000050+00:00,retain,at least two reduced-time-associated infrasound channels,,,,98,98,2,2,0.0071334838867187,"DD2,DD3",2,True,,13.385890582984317,True,133.0,139.0,0.0333266258239746,0.0573265552520751,12.105128274465546,-15.38604505243827,27.491173326903816,0.0239999294281005,0.0213266611099243,0.0693265199661254,0.001326560974121,0.1613266468048095,0.1600000858306884,1.1494225921730217,2.298845184346043,noise_threshold,noise_threshold,moderate_impulsive,moderate_impulsive,candidate_event_098.pkl,/Users/glennthompson/Developer/KSCRocketSeismoHydrology/08_fireball_paper/falcon9-seismoacoustic-workflow-1.0.0/data/outputs/070_prepare_event_waveform_products/event_streams/candidate_event_098.pkl,1472736068.4565668,1472736069.5565667,27.491173326903816,13.385890582984317,2,True,False,short_impulsive_candidate,True,True,True,True,True,True,True,True,True,True,pass,analyze_all_final_events
99,1472736071.7475667,1472736071.7441337,1472736071.751,0.006866455078125,2,2,"DD2,DD3","578,579",1472736071.751,1472736071.757,2016-09-01 13:21:11.747566700+00:00,2016-09-01 13:21:11.750999928+00:00,2016-09-01 13:21:11.756999969+00:00,retain,at least two reduced-time-associated infrasound channels,,,,99,99,2,2,0.0068662166595458,"DD2,DD3",2,True,,8.82270988337584,True,129.0,135.0,0.0164332389831542,0.0404331684112548,11.065928119441942,-7.323541717360907,18.38946983680285,0.0239999294281005,0.004433274269104,0.0524331331253051,0.0004332065582275,0.0564332008361816,0.0559999942779541,1.254255015263834,2.5085100305276677,noise_threshold,noise_threshold,moderate_impulsive,moderate_impulsive,candidate_event_099.pkl,/Users/glennthompson/Developer/KSCRocketSeismoHydrology/08_fireball_paper/falcon9-seismoacoustic-workflow-1.0.0/data/outputs/070_prepare_event_waveform_products/event_streams/candidate_event_099.pkl,1472736071.2475667,1472736072.3475666,18.38946983680285,8.82270988337584,2,True,False,short_impulsive_candidate,True,True,True,True,True,True,False,True,True,False,pass,analyze_all_final_events
100,1472736074.8670669,1472736074.865,1472736074.8691337,0.0041334629058837,2,2,"DD2,DD3","581,582",1472736074.865,1472736074.882,2016-09-01 13:21:14.867066860+00:00,2016-09-01 13:21:14.865000010+00:00,2016-09-01 13:21:14.881999969+00:00,retain,at least two reduced-time-associated infrasound channels,,,,100,100,2,2,0.0041337013244628,"DD2,DD3",2,True,,7.938024908704621,True,131.0,136.0,0.0249330997467041,0.0449330806732177,7.538186980463996,-6.326357970476501,13.864544950940497,0.0199999809265136,0.0149331092834472,0.0549330711364746,0.0009331703186035,0.0769331455230712,0.0759999752044677,0.9496300486784598,1.8992600973569196,noise_threshold,noise_threshold,moderate_impulsive,moderate_impulsive,candidate_event_100.pkl,/Users/glennthompson/Developer/KSCRocketSeismoHydrology/08_fireball_paper/falcon9-seismoacoustic-workflow-1.0.0/data/outputs/070_prepare_event_waveform_products/event_streams/candidate_event_100.pkl,1472736074.3670669,1472736075.4670668,13.864544950940497,7.938024908704621,2,True,False,short_impulsive_candidate,True,True,True,True,True,True,False,True,True,False,pass,analyze_all_final_events
101,1472736075.0635667,1472736075.0581336,1472736075.069,0.0108664035797119,2,2,"DD2,DD3","585,586",1472736075.069,1472736075.071,2016-09-01 13:21:15.063566685+00:00,2016-09-01 13:21:15.069000006+00:00,2016-09-01 13:21:15.071000099+00:00,retain,at least two reduced-time-associated infrasound channels,,,,101,101,2,2,0.0108664035797119,"DD2,DD3",2,True,,3.1433849864752124,True,128.0,136.0,0.0124332904815673,0.0444331169128418,5.536949120731811,-3.940342148477946,9.477291269209758,0.0319998264312744,-0.0035666227340698,0.060433030128479,0.0044331550598144,0.0564332008361816,0.0520000457763671,1.761460700663518,3.522921401327036,noise_threshold,noise_threshold,weak_impulsive,weak_impulsive,candidate_event_101.pkl,/Users/glennthompson/Developer/KSCRocketSeismoHydrology/08_fireball_paper/falcon9-seismoacoustic-workflow-1.0.0/data/outputs/070_prepare_event_waveform_products/event_streams/candidate_event_101.pkl,1472736074.5635667,1472736075.6635666,9.477291269209758,3.1433849864752124,2,True,False,short_impulsive_candidate,False,True,True,True,False,True,False,True,True,False,peak_to_peak,analyze_all_final_events
102,1472736077.2705667,1472736077.2601335,1472736077.281,0.0208663940429687,2,2,"DD2,DD3","588,587",1472736077.273,1472736077.281,2016-09-01 13:21:17.270566702+00:00,2016-09-01 13:21:17.273000002+00:00,2016-09-01 13:21:17.280999899+00:00,retain,at least two reduced-time-associated infrasound channels,,,,102,102,2,2,0.0208663940429687,"DD2,DD3",2,True,,2.891092352411606,True,130.0,136.0,0.0214333534240722,0.0454332828521728,6.486406750004592,-5.261117563829631,11.747524313834225,0.0239999294281005,0.0094333887100219,0.0574332475662231,0.0134334564208984,0.0574333667755126,0.0439999103546142,2.2435833793389386,4.487166758677877,noise_threshold,noise_threshold,weak_impulsive,weak_impulsive,candidate_event_102.pkl,/Users/glennthompson/Developer/KSCRocketSeismoHydrology/08_fireball_paper/falcon9-seismoacoustic-workflow-1.0.0/data/outputs/070_prepare_event_waveform_products/event_streams/candidate_event_102.pkl,1472736076.7705667,1472736077.8705666,11.747524313834225,2.891092352411606,2,True,False,short_impulsive_candidate,True,True,True,True,True,True,False,False,True,False,pass,analyze_all_final_events
103,1472736077.6620667,1472736077.6591334,1472736077.665,0.005866527557373,2,2,"DD2,DD3","590,591",1472736077.665,1472736077.672,2016-09-01 13:21:17.662066698+00:00,2016-09-01 13:21:17.664999962+00:00,2016-09-01 13:21:17.671999931+00:00,retain,at least two reduced-time-associated infrasound channels,,,,103,103,2,2,0.005866527557373,"DD2,DD3",2,True,,9.355518828975992,True,127.0,134.0,0.0099332332611083,0.037933349609375,14.249969425619938,-11.954499755362646,26.204469180982585,0.0280001163482666,-0.0040668249130249,0.0519334077835083,-0.0060665607452392,0.0659332275390625,0.0719997882843017,1.523161856238781,3.046323712477562,noise_threshold,noise_threshold,moderate_impulsive,moderate_impulsive,candidate_event_103.pkl,/Users/glennthompson/Developer/KSCRocketSeismoHydrology/08_fireball_paper/falcon9-seismoacoustic-workflow-1.0.0/data/outputs/070_prepare_event_waveform_products/event_streams/candidate_event_103.pkl,1472736077.1620667,1472736078.2620666,26.204469180982585,9.355518828975992,2,True,False,short_impulsive_candidate,True,True,True,True,True,True,True,True,True,True,pass,analyze_all_final_events
104,1472736077.9950666,1472736077.9921336,1472736077.998,0.0058662891387939,2,2,"DD2,DD3","593,594",1472736077.998,1472736078.005,2016-09-01 13:21:17.995066643+00:00,2016-09-01 13:21:17.997999907+00:00,2016-09-01 13:21:18.005000114+00:00,retain,at least two reduced-time-associated infrasound channels,,,,104,104,2,2,0.0058662891387939,"DD2,DD3",2,True,,5.029645440959597,True,131.0,136.0,0.0249333381652832,0.0449333190917968,7.731581188589685,-11.301695693211729,19.033276881801413,0.0199999809265136,0.0149333477020263,0.0549333095550537,0.0089333057403564,0.0649333000183105,0.0559999942779541,2.247016380354536,4.4940327607090715,noise_threshold,noise_threshold,moderate_impulsive,moderate_impulsive,candidate_event_104.pkl,/Users/glennthompson/Developer/KSCRocketSeismoHydrology/08_fireball_paper/falcon9-seismoacoustic-workflow-1.0.0/data/outputs/070_prepare_event_waveform_products/event_streams/candidate_event_104.pkl,1472736077.4950666,1472736078.5950663,19.033276881801413,5.029645440959597,2,True,False,short_impulsive_candidate,True,True,True,True,True,True,False,True,True,False,pass,analyze_all_final_events
105,1472736078.8450668,1472736078.8411336,1472736078.849,0.0078663825988769,2,2,"DD2,DD3","596,597",1472736078.849,1472736078.854,2016-09-01 13:21:18.845066786+00:00,2016-09-01 13:21:18.848999977+00:00,2016-09-01 13:21:18.854000092+00:00,retain,at least two reduced-time-associated infrasound channels,,,,105,105,2,2,0.0078663825988769,"DD2,DD3",2,True,,8.396091460773466,True,126.0,131.0,0.004826545715332,0.0248265266418457,7.336860537721767,-2.576873442262842,9.91373397998461,0.0199999809265136,-0.0051734447479248,0.0348265171051025,-0.0191733837127685,0.0608265399932861,0.0799999237060546,0.8738423791593476,1.7476847583186952,noise_threshold,noise_threshold,moderate_impulsive,moderate_impulsive,candidate_event_105.pkl,/Users/glennthompson/Developer/KSCRocketSeismoHydrology/08_fireball_paper/falcon9-seismoacoustic-workflow-1.0.0/data/outputs/070_prepare_event_waveform_products/event_streams/candidate_event_105.pkl,1472736078.3450668,1472736079.4450667,9.91373397998461,8.396091460773466,2,True,False,short_impulsive_candidate,False,True,True,True,False,True,False,True,True,False,peak_to_peak,analyze_all_final_events
106,1472736080.0200667,1472736080.0131335,1472736080.027,0.0138664245605468,2,2,"DD2,DD3","599,598",1472736080.026,1472736080.027,2016-09-01 13:21:20.020066738+00:00,2016-09-01 13:21:20.026000023+00:00,2016-09-01 13:21:20.026999950+00:00,retain,at least two reduced-time-associated infrasound channels,,,,106,106,2,2,0.0138664245605468,"DD2,DD3",2,True,,0.9619013600934918,True,128.0,167.0,0.0138266086578369,0.1698265075683593,6.252296909628321,-6.921332420544726,13.173629330173046,0.1559998989105224,-0.0641733407974243,0.2478264570236206,0.0098264217376708,0.1818265914916992,0.1720001697540283,7.1954700426580205,14.39094008531604,noise_threshold,noise_threshold,weak_impulsive,weak_impulsive,candidate_event_106.pkl,/Users/glennthompson/Developer/KSCRocketSeismoHydrology/08_fireball_paper/falcon9-seismoacoustic-workflow-1.0.0/data/outputs/070_prepare_event_waveform_products/event_streams/candidate_event_106.pkl,1472736079.5200667,1472736080.6200666,13.173629330173046,0.9619013600934918,2,True,False,short_impulsive_candidate,True,False,True,True,False,True,False,False,True,False,stack_snr,analyze_all_final_events
107,1472736080.1440668,1472736080.144,1472736080.1441336,0.0001335144042968,2,2,"DD2,DD3","600,601",1472736080.144,1472736080.157,2016-09-01 13:21:20.144066811+00:00,2016-09-01 13:21:20.144000053+00:00,2016-09-01 13:21:20.157000065+00:00,retain,at least two reduced-time-associated infrasound channels,,,,107,107,2,2,0.0001335144042968,"DD2,DD3",2,True,,2.1994579433955055,True,130.0,136.0,0.0218265056610107,0.0458264350891113,5.0398938803958675,-6.921401485584919,11.961295365980789,0.0239999294281005,0.0098265409469604,0.0578263998031616,0.0178265571594238,0.0578265190124511,0.0399999618530273,3.1468669389057355,6.293733877811471,noise_threshold,noise_threshold,weak_impulsive,weak_impulsive,candidate_event_107.pkl,/Users/glennthompson/Developer/KSCRocketSeismoHydrology/08_fireball_paper/falcon9-seismoacoustic-workflow-1.0.0/data/outputs/070_prepare_event_waveform_products/event_streams/candidate_event_107.pkl,1472736079.6440668,1472736080.7440667,11.961295365980789,2.1994579433955055,2,True,False,short_impulsive_candidate,True,True,True,True,True,True,False,False,True,False,pass,analyze_all_final_events
108,1472736080.6345668,1472736080.633,1472736080.6361334,0.0031335353851318,2,2,"DD2,DD3","602,603",1472736080.633,1472736080.649,2016-09-01 13:21:20.634566784+00:00,2016-09-01 13:21:20.632999897+00:00,2016-09-01 13:21:20.648999929+00:00,retain,at least two reduced-time-associated infrasound channels,,,,108,108,2,2,0.0031335353851318,"DD2,DD3",2,True,,9.893125157550628,True,128.0,134.0,0.0134332180023193,0.0374331474304199,8.565534593519537,-8.364366544981856,16.929901138501393,0.0239999294281005,0.001433253288269,0.0494331121444702,0.0014331340789794,0.0894331932067871,0.0880000591278076,0.8658067554095534,1.7316135108191069,noise_threshold,noise_threshold,moderate_impulsive,moderate_impulsive,candidate_event_108.pkl,/Users/glennthompson/Developer/KSCRocketSeismoHydrology/08_fireball_paper/falcon9-seismoacoustic-workflow-1.0.0/data/outputs/070_prepare_event_waveform_products/event_streams/candidate_event_108.pkl,1472736080.1345668,1472736081.2345667,16.929901138501393,9.893125157550628,2,True,False,short_impulsive_candidate,True,True,True,True,True,True,False,True,True,False,pass,analyze_all_final_events
109,1472736081.7098932,1472736081.7081337,1472736081.717,0.008866548538208,3,3,"DD1,DD2,DD3","607,604,605",1472736081.717,1472736081.8,2016-09-01 13:21:21.709893227+00:00,2016-09-01 13:21:21.717000008+00:00,2016-09-01 13:21:21.799999952+00:00,retain,at least two reduced-time-associated infrasound channels,,,,109,109,3,3,0.0088663101196289,"DD1,DD2,DD3",3,True,,15.435033996953818,True,129.0,135.0,0.017240285873413,0.0412402153015136,17.432632004096966,-14.628752052647448,32.061384056744416,0.0239999294281005,0.0052403211593627,0.0532401800155639,0.0012402534484863,0.0972402095794677,0.0959999561309814,1.129419734840713,2.2588394696814253,noise_threshold,noise_threshold,robust_impulsive,robust_impulsive,candidate_event_109.pkl,/Users/glennthompson/Developer/KSCRocketSeismoHydrology/08_fireball_paper/falcon9-seismoacoustic-workflow-1.0.0/data/outputs/070_prepare_event_waveform_products/event_streams/candidate_event_109.pkl,1472736081.2098932,1472736082.3098931,32.061384056744416,15.435033996953818,3,True,False,short_impulsive_candidate,True,True,True,True,True,True,True,True,True,True,pass,analyze_all_final_events
110,1472736091.6875668,1472736091.6841335,1472736091.691,0.006866455078125,2,2,"DD2,DD3","611,612",1472736091.691,1472736091.697,2016-09-01 13:21:31.687566757+00:00,2016-09-01 13:21:31.690999985+00:00,2016-09-01 13:21:31.697000027+00:00,retain,at least two reduced-time-associated infrasound channels,,,,110,110,2,2,0.006866455078125,"DD2,DD3",2,True,,8.253149261780404,True,130.0,134.0,0.0204331874847412,0.0364332199096679,9.28584931468652,-6.1592878030017,15.44513711768822,0.0160000324249267,0.0124331712722778,0.0444332361221313,0.0044331550598144,0.0804331302642822,0.0759999752044677,1.1251279990401308,2.2502559980802617,noise_threshold,noise_threshold,moderate_impulsive,moderate_impulsive,candidate_event_110.pkl,/Users/glennthompson/Developer/KSCRocketSeismoHydrology/08_fireball_paper/falcon9-seismoacoustic-workflow-1.0.0/data/outputs/070_prepare_event_waveform_products/event_streams/candidate_event_110.pkl,1472736091.1875668,1472736092.287567,15.44513711768822,8.253149261780404,2,True,False,short_impulsive_candidate,True,True,True,True,True,True,False,True,True,False,pass,analyze_all_final_events
111,1472736100.0065668,1472736100.005,1472736100.0081334,0.0031332969665527,2,2,"DD2,DD3","616,617",1472736100.005,1472736100.021,2016-09-01 13:21:40.006566763+00:00,2016-09-01 13:21:40.005000114+00:00,2016-09-01 13:21:40.020999908+00:00,retain,at least two reduced-time-associated infrasound channels,,,,111,111,2,2,0.0031332969665527,"DD2,DD3",2,True,,17.3874970208703,True,130.0,136.0,0.0214331150054931,0.0454330444335937,17.015242224966624,-10.07580258518984,27.091044810156465,0.0239999294281005,0.0094331502914428,0.057433009147644,0.0054330825805664,0.0974330902099609,0.0920000076293945,0.9785906622754929,1.9571813245509857,noise_threshold,noise_threshold,moderate_impulsive,moderate_impulsive,candidate_event_111.pkl,/Users/glennthompson/Developer/KSCRocketSeismoHydrology/08_fireball_paper/falcon9-seismoacoustic-workflow-1.0.0/data/outputs/070_prepare_event_waveform_products/event_streams/candidate_event_111.pkl,1472736099.5065668,1472736100.606567,27.091044810156465,17.3874970208703,2,True,False,short_impulsive_candidate,True,True,True,True,True,True,True,True,True,True,pass,analyze_all_final_events
112,1472736105.9385667,1472736105.933,1472736105.9441335,0.0111334323883056,2,2,"DD2,DD3","620,621",1472736105.933,1472736105.957,2016-09-01 13:21:45.938566685+00:00,2016-09-01 13:21:45.933000088+00:00,2016-09-01 13:21:45.957000017+00:00,retain,at least two reduced-time-associated infrasound channels,,,,112,112,2,2,0.0111334323883056,"DD2,DD3",2,True,,10.75957088589094,True,128.0,133.0,0.0134334564208984,0.0334334373474121,9.799965723738294,-7.306809701072411,17.106775424810706,0.0199999809265136,0.0034334659576416,0.0434334278106689,-0.0065665245056152,0.0854334831237793,0.0920000076293945,0.9108138073228386,1.8216276146456771,noise_threshold,noise_threshold,moderate_impulsive,moderate_impulsive,candidate_event_112.pkl,/Users/glennthompson/Developer/KSCRocketSeismoHydrology/08_fireball_paper/falcon9-seismoacoustic-workflow-1.0.0/data/outputs/070_prepare_event_waveform_products/event_streams/candidate_event_112.pkl,1472736105.4385667,1472736106.5385666,17.106775424810706,10.75957088589094,2,True,False,short_impulsive_candidate,True,True,True,True,True,True,False,True,True,False,pass,analyze_all_final_events
113,1472736111.0235667,1472736111.0191336,1472736111.028,0.008866548538208,2,2,"DD2,DD3","624,625",1472736111.028,1472736111.032,2016-09-01 13:21:51.023566723+00:00,2016-09-01 13:21:51.028000116+00:00,2016-09-01 13:21:51.032000065+00:00,retain,at least two reduced-time-associated infrasound channels,,,,113,113,2,2,0.008866548538208,"DD2,DD3",2,True,,6.705031624208278,True,128.0,135.0,0.0124332904815673,0.0404331684112548,9.383596894448411,-7.216855454004554,16.60045234845297,0.0279998779296875,-0.0015666484832763,0.0544331073760986,0.0044331550598144,0.0604331493377685,0.0559999942779541,1.3994858518741762,2.7989717037483524,noise_threshold,noise_threshold,moderate_impulsive,moderate_impulsive,candidate_event_113.pkl,/Users/glennthompson/Developer/KSCRocketSeismoHydrology/08_fireball_paper/falcon9-seismoacoustic-workflow-1.0.0/data/outputs/070_prepare_event_waveform_products/event_streams/candidate_event_113.pkl,1472736110.5235667,1472736111.6235666,16.60045234845297,6.705031624208278,2,True,False,short_impulsive_candidate,True,True,True,True,True,True,False,True,True,False,pass,analyze_all_final_events
114,1472736111.8925667,1472736111.889,1472736111.8961334,0.0071334838867187,2,2,"DD2,DD3","627,628",1472736111.889,1472736111.909,2016-09-01 13:21:51.892566681+00:00,2016-09-01 13:21:51.888999939+00:00,2016-09-01 13:21:51.908999920+00:00,retain,at least two reduced-time-associated infrasound channels,,,,114,114,2,2,0.0071334838867187,"DD2,DD3",2,True,,7.139734559101126,True,131.0,140.0,0.0253267288208007,0.0613267421722412,9.030575651874036,-5.585228987489989,14.615804639364024,0.0360000133514404,0.0073267221450805,0.0793267488479614,0.009326696395874,0.0813267230987548,0.0720000267028808,1.2648335280703993,2.5296670561407986,noise_threshold,noise_threshold,moderate_impulsive,moderate_impulsive,candidate_event_114.pkl,/Users/glennthompson/Developer/KSCRocketSeismoHydrology/08_fireball_paper/falcon9-seismoacoustic-workflow-1.0.0/data/outputs/070_prepare_event_waveform_products/event_streams/candidate_event_114.pkl,1472736111.3925667,1472736112.4925666,14.615804639364024,7.139734559101126,2,True,False,short_impulsive_candidate,True,True,True,True,True,True,False,True,True,False,pass,analyze_all_final_events
115,1472736113.9460669,1472736113.945,1472736113.9471335,0.0021336078643798,2,2,"DD2,DD3","630,631",1472736113.945,1472736113.96,2016-09-01 13:21:53.946066856+00:00,2016-09-01 13:21:53.944999933+00:00,2016-09-01 13:21:53.960000038+00:00,retain,at least two reduced-time-associated infrasound channels,,,,115,115,2,2,0.0021336078643798,"DD2,DD3",2,True,,1.6947938302587486,True,127.0,132.0,0.0099329948425292,0.029933214187622,5.10139050556185,-2.9593241725383086,8.060714678100158,0.0200002193450927,-6.711483001708984e-05,0.0399333238601684,0.0059330463409423,0.0419330596923828,0.0360000133514404,3.010036037706726,6.020072075413452,noise_threshold,noise_threshold,weak_impulsive,weak_impulsive,candidate_event_115.pkl,/Users/glennthompson/Developer/KSCRocketSeismoHydrology/08_fireball_paper/falcon9-seismoacoustic-workflow-1.0.0/data/outputs/070_prepare_event_waveform_products/event_streams/candidate_event_115.pkl,1472736113.4460669,1472736114.5460668,8.060714678100158,1.6947938302587486,2,True,False,short_impulsive_candidate,False,True,True,True,False,True,False,False,True,False,peak_to_peak,analyze_all_final_events
116,1472736114.5260668,1472736114.525,1472736114.5271337,0.0021333694458007,2,2,"DD2,DD3","633,634",1472736114.525,1472736114.54,2016-09-01 13:21:54.526066779+00:00,2016-09-01 13:21:54.525000095+00:00,2016-09-01 13:21:54.539999962+00:00,retain,at least two reduced-time-associated infrasound channels,,,,116,116,2,2,0.0021336078643798,"DD2,DD3",2,True,,5.547339393643353,True,128.0,133.0,0.0139334201812744,0.033933401107788,8.1519685781595,-6.390430479533864,14.542399057693366,0.0199999809265136,0.0039334297180175,0.0439333915710449,0.0019333362579345,0.0579333305358886,0.0559999942779541,1.4695276419360188,2.9390552838720376,noise_threshold,noise_threshold,moderate_impulsive,moderate_impulsive,candidate_event_116.pkl,/Users/glennthompson/Developer/KSCRocketSeismoHydrology/08_fireball_paper/falcon9-seismoacoustic-workflow-1.0.0/data/outputs/070_prepare_event_waveform_products/event_streams/candidate_event_116.pkl,1472736114.0260668,1472736115.1260667,14.542399057693366,5.547339393643353,2,True,False,short_impulsive_candidate,True,True,True,True,True,True,False,True,True,False,pass,analyze_all_final_events
117,1472736114.908567,1472736114.9071336,1472736114.91,0.002866506576538,2,2,"DD2,DD3","635,636",1472736114.91,1472736114.92,2016-09-01 13:21:54.908566952+00:00,2016-09-01 13:21:54.910000086+00:00,2016-09-01 13:21:54.920000076+00:00,retain,at least two reduced-time-associated infrasound channels,,,,117,117,2,2,0.002866506576538,"DD2,DD3",2,True,,3.5240671121516605,True,128.0,134.0,0.0133264064788818,0.0373263359069824,4.7842410793807,-3.1723909055570285,7.956631984937728,0.0239999294281005,0.0013264417648315,0.0493263006210327,0.0053262710571289,0.0533263683319091,0.0480000972747802,1.3575907969753804,2.715181593950761,noise_threshold,noise_threshold,weak_impulsive,weak_impulsive,candidate_event_117.pkl,/Users/glennthompson/Developer/KSCRocketSeismoHydrology/08_fireball_paper/falcon9-seismoacoustic-workflow-1.0.0/data/outputs/070_prepare_event_waveform_products/event_streams/candidate_event_117.pkl,1472736114.408567,1472736115.5085669,7.956631984937728,3.5240671121516605,2,True,False,short_impulsive_candidate,False,True,True,True,False,True,False,True,True,False,peak_to_peak,analyze_all_final_events
118,1472736115.3265667,1472736115.3211336,1472736115.332,0.0108664035797119,2,2,"DD2,DD3","637,638",1472736115.332,1472736115.334,2016-09-01 13:21:55.326566696+00:00,2016-09-01 13:21:55.332000017+00:00,2016-09-01 13:21:55.334000111+00:00,retain,at least two reduced-time-associated infrasound channels,,,,118,118,2,2,0.0108664035797119,"DD2,DD3",2,True,,4.401828067406789,True,128.0,135.0,0.0134334564208984,0.0414333343505859,7.298264869971998,-4.8471624506012425,12.14542732057324,0.0279998779296875,-0.0005664825439453,0.0554332733154296,0.0054333209991455,0.0574333667755126,0.0520000457763671,1.658007709117899,3.316015418235798,noise_threshold,noise_threshold,moderate_impulsive,moderate_impulsive,candidate_event_118.pkl,/Users/glennthompson/Developer/KSCRocketSeismoHydrology/08_fireball_paper/falcon9-seismoacoustic-workflow-1.0.0/data/outputs/070_prepare_event_waveform_products/event_streams/candidate_event_118.pkl,1472736114.8265667,1472736115.9265666,12.14542732057324,4.401828067406789,2,True,False,short_impulsive_candidate,True,True,True,True,True,True,False,True,True,False,pass,analyze_all_final_events
119,1472736115.6210668,1472736115.6171336,1472736115.625,0.0078663825988769,2,2,"DD2,DD3","639,640",1472736115.625,1472736115.63,2016-09-01 13:21:55.621066809+00:00,2016-09-01 13:21:55.625000+00:00,2016-09-01 13:21:55.630000114+00:00,retain,at least two reduced-time-associated infrasound channels,,,,119,119,2,2,0.0078663825988769,"DD2,DD3",2,True,,6.561012616198119,True,128.0,133.0,0.0128266811370849,0.0328266620635986,7.079928623688753,-2.3102828862625313,9.390211509951284,0.0199999809265136,0.0028266906738281,0.0428266525268554,-0.0111734867095947,0.0448265075683593,0.0559999942779541,1.0790908412840894,2.1581816825681788,noise_threshold,noise_threshold,moderate_impulsive,moderate_impulsive,candidate_event_119.pkl,/Users/glennthompson/Developer/KSCRocketSeismoHydrology/08_fireball_paper/falcon9-seismoacoustic-workflow-1.0.0/data/outputs/070_prepare_event_waveform_products/event_streams/candidate_event_119.pkl,1472736115.1210668,1472736116.2210667,9.390211509951284,6.561012616198119,2,True,False,short_impulsive_candidate,False,True,True,True,False,True,False,True,True,False,peak_to_peak,analyze_all_final_events
120,1472736115.879567,1472736115.8791337,1472736115.88,0.0008666515350341,2,2,"DD2,DD3","641,642",1472736115.88,1472736115.892,2016-09-01 13:21:55.879566669+00:00,2016-09-01 13:21:55.880000114+00:00,2016-09-01 13:21:55.891999960+00:00,retain,at least two reduced-time-associated infrasound channels,,,,120,120,2,2,0.000866413116455,"DD2,DD3",2,True,,3.1157900570809063,True,126.0,137.0,0.0044331550598144,0.0484333038330078,3.436955967258291,-3.540655425774695,6.977611393032987,0.0440001487731933,-0.0175669193267822,0.0704333782196044,-0.0035667419433593,0.0644330978393554,0.0679998397827148,1.136358792123444,2.272717584246888,noise_threshold,noise_threshold,weak_impulsive,weak_impulsive,candidate_event_120.pkl,/Users/glennthompson/Developer/KSCRocketSeismoHydrology/08_fireball_paper/falcon9-seismoacoustic-workflow-1.0.0/data/outputs/070_prepare_event_waveform_products/event_streams/candidate_event_120.pkl,1472736115.379567,1472736116.4795668,6.977611393032987,3.1157900570809063,2,True,False,short_impulsive_candidate,False,True,True,True,False,True,False,True,True,False,peak_to_peak,analyze_all_final_events
121,1472736116.4020667,1472736116.3991334,1472736116.405,0.005866527557373,2,2,"DD2,DD3","643,644",1472736116.405,1472736116.412,2016-09-01 13:21:56.402066708+00:00,2016-09-01 13:21:56.404999971+00:00,2016-09-01 13:21:56.411999941+00:00,retain,at least two reduced-time-associated infrasound channels,,,,121,121,2,2,0.005866527557373,"DD2,DD3",2,True,,18.537223075777728,True,127.0,133.0,0.0099332332611083,0.033933401107788,15.319756885685262,-11.924622313666704,27.244379199351965,0.0240001678466796,-0.0020668506622314,0.0459334850311279,-0.0100667476654052,0.0539333820343017,0.064000129699707,0.8264321372764472,1.6528642745528943,noise_threshold,noise_threshold,moderate_impulsive,moderate_impulsive,candidate_event_121.pkl,/Users/glennthompson/Developer/KSCRocketSeismoHydrology/08_fireball_paper/falcon9-seismoacoustic-workflow-1.0.0/data/outputs/070_prepare_event_waveform_products/event_streams/candidate_event_121.pkl,1472736115.9020667,1472736117.0020666,27.244379199351965,18.537223075777728,2,True,False,short_impulsive_candidate,True,True,True,True,True,True,True,True,True,True,pass,analyze_all_final_events
122,1472736117.2005668,1472736117.197,1472736117.2041335,0.0071334838867187,2,2,"DD2,DD3","646,647",1472736117.197,1472736117.217,2016-09-01 13:21:57.200566769+00:00,2016-09-01 13:21:57.197000027+00:00,2016-09-01 13:21:57.217000008+00:00,retain,at least two reduced-time-associated infrasound channels,,,,122,122,2,2,0.0071334838867187,"DD2,DD3",2,True,,5.571797241902687,True,129.0,134.0,0.0173265933990478,0.0373265743255615,5.858803627745572,-4.617868765543283,10.476672393288856,0.0199999809265136,0.007326602935791,0.0473265647888183,0.001326560974121,0.0533266067504882,0.0520000457763671,1.051510558152485,2.10302111630497,noise_threshold,noise_threshold,moderate_impulsive,moderate_impulsive,candidate_event_122.pkl,/Users/glennthompson/Developer/KSCRocketSeismoHydrology/08_fireball_paper/falcon9-seismoacoustic-workflow-1.0.0/data/outputs/070_prepare_event_waveform_products/event_streams/candidate_event_122.pkl,1472736116.7005668,1472736117.800567,10.476672393288856,5.571797241902687,2,True,False,short_impulsive_candidate,True,True,True,True,True,True,False,True,True,False,pass,analyze_all_final_events
123,1472736118.491067,1472736118.4901335,1472736118.492,0.0018665790557861,2,2,"DD2,DD3","648,649",1472736118.492,1472736118.503,2016-09-01 13:21:58.491066933+00:00,2016-09-01 13:21:58.492000103+00:00,2016-09-01 13:21:58.503000020+00:00,retain,at least two reduced-time-associated infrasound channels,,,,123,123,2,2,0.0018665790557861,"DD2,DD3",2,True,,14.793525175147938,True,129.0,134.0,0.0169332027435302,0.0369331836700439,14.006208664139958,-10.70244181608463,24.708650480224588,0.0199999809265136,0.0069332122802734,0.0469331741333007,0.0009331703186035,0.0649330615997314,0.0639998912811279,0.946779655174372,1.8935593103487445,noise_threshold,noise_threshold,moderate_impulsive,moderate_impulsive,candidate_event_123.pkl,/Users/glennthompson/Developer/KSCRocketSeismoHydrology/08_fireball_paper/falcon9-seismoacoustic-workflow-1.0.0/data/outputs/070_prepare_event_waveform_products/event_streams/candidate_event_123.pkl,1472736117.991067,1472736119.0910668,24.708650480224588,14.793525175147938,2,True,False,short_impulsive_candidate,True,True,True,True,True,True,False,True,True,False,pass,analyze_all_final_events
124,1472736119.9460669,1472736119.9401336,1472736119.952,0.0118663311004638,2,2,"DD2,DD3","651,652",1472736119.952,1472736119.953,2016-09-01 13:21:59.946066856+00:00,2016-09-01 13:21:59.951999903+00:00,2016-09-01 13:21:59.953000069+00:00,retain,at least two reduced-time-associated infrasound channels,,,,124,124,2,2,0.0118663311004638,"DD2,DD3",2,True,,11.862311349169934,True,128.0,134.0,0.0139331817626953,0.0379331111907959,12.928214280068186,-9.638732785251404,22.56694706531959,0.0239999294281005,0.001933217048645,0.0499330759048461,-0.0060667991638183,0.1139330863952636,0.119999885559082,1.089856259840359,2.179712519680718,noise_threshold,noise_threshold,moderate_impulsive,moderate_impulsive,candidate_event_124.pkl,/Users/glennthompson/Developer/KSCRocketSeismoHydrology/08_fireball_paper/falcon9-seismoacoustic-workflow-1.0.0/data/outputs/070_prepare_event_waveform_products/event_streams/candidate_event_124.pkl,1472736119.4460669,1472736120.5460668,22.56694706531959,11.862311349169934,2,True,False,short_impulsive_candidate,True,True,True,True,True,True,False,True,True,False,pass,analyze_all_final_events
125,1472736121.7160668,1472736121.716,1472736121.7161336,0.0001335144042968,2,2,"DD2,DD3","654,655",1472736121.716,1472736121.729,2016-09-01 13:22:01.716066837+00:00,2016-09-01 13:22:01.716000080+00:00,2016-09-01 13:22:01.729000092+00:00,retain,at least two reduced-time-associated infrasound channels,,,,125,125,2,2,0.0001335144042968,"DD2,DD3",2,True,,8.141046882177948,True,128.0,139.0,0.0138266086578369,0.0578265190124511,10.524551380836586,-6.43971453274259,16.964265913579176,0.0439999103546142,-0.0081733465194702,0.0798264741897583,0.001826524734497,0.0898265838623046,0.0880000591278076,1.2927761666471311,2.5855523332942623,noise_threshold,noise_threshold,moderate_impulsive,moderate_impulsive,candidate_event_125.pkl,/Users/glennthompson/Developer/KSCRocketSeismoHydrology/08_fireball_paper/falcon9-seismoacoustic-workflow-1.0.0/data/outputs/070_prepare_event_waveform_products/event_streams/candidate_event_125.pkl,1472736121.2160668,1472736122.3160667,16.964265913579176,8.141046882177948,2,True,False,short_impulsive_candidate,True,True,True,True,True,True,False,True,True,False,pass,analyze_all_final_events
126,1472736122.8555667,1472736122.8471334,1472736122.864,0.0168666839599609,2,2,"DD2,DD3","658,657",1472736122.86,1472736122.864,2016-09-01 13:22:02.855566740+00:00,2016-09-01 13:22:02.859999895+00:00,2016-09-01 13:22:02.864000082+00:00,retain,at least two reduced-time-associated infrasound channels,,,,126,126,2,2,0.0168666839599609,"DD2,DD3",2,True,,5.67182880165379,True,129.0,136.0,0.0164332389831542,0.0444331169128418,6.5335370499987135,-4.850158586158021,11.383695636156734,0.0279998779296875,0.0024333000183105,0.0584330558776855,0.0084331035614013,0.0884332656860351,0.0800001621246337,1.1519277606005434,2.3038555212010867,noise_threshold,noise_threshold,moderate_impulsive,moderate_impulsive,candidate_event_126.pkl,/Users/glennthompson/Developer/KSCRocketSeismoHydrology/08_fireball_paper/falcon9-seismoacoustic-workflow-1.0.0/data/outputs/070_prepare_event_waveform_products/event_streams/candidate_event_126.pkl,1472736122.3555667,1472736123.4555666,11.383695636156734,5.67182880165379,2,True,False,short_impulsive_candidate,True,True,True,True,True,True,False,True,True,False,pass,analyze_all_final_events
127,1472736123.5095668,1472736123.5071335,1472736123.512,0.004866600036621,2,2,"DD2,DD3","659,660",1472736123.512,1472736123.52,2016-09-01 13:22:03.509566784+00:00,2016-09-01 13:22:03.512000083+00:00,2016-09-01 13:22:03.519999981+00:00,retain,at least two reduced-time-associated infrasound channels,,,,127,127,2,2,0.004866600036621,"DD2,DD3",2,True,,8.920393070682493,True,127.0,134.0,0.0095665454864501,0.0375666618347168,8.961452068777689,-7.801039884097305,16.762491952874996,0.0280001163482666,-0.0044335126876831,0.0515667200088501,0.0015666484832763,0.085566759109497,0.0840001106262207,1.0046028238632374,2.009205647726475,noise_threshold,noise_threshold,moderate_impulsive,moderate_impulsive,candidate_event_127.pkl,/Users/glennthompson/Developer/KSCRocketSeismoHydrology/08_fireball_paper/falcon9-seismoacoustic-workflow-1.0.0/data/outputs/070_prepare_event_waveform_products/event_streams/candidate_event_127.pkl,1472736123.0095668,1472736124.1095667,16.762491952874996,8.920393070682493,2,True,False,short_impulsive_candidate,True,True,True,True,True,True,False,True,True,False,pass,analyze_all_final_events
128,1472736125.2231336,1472736125.2218933,1472736125.224,0.0021066665649414,3,3,"DD1,DD2,DD3","666,662,663",1472736125.224,1472736125.312,2016-09-01 13:22:05.223133564+00:00,2016-09-01 13:22:05.223999977+00:00,2016-09-01 13:22:05.312000036+00:00,retain,at least two reduced-time-associated infrasound channels,,,,128,128,3,3,0.0021066665649414,"DD1,DD2,DD3",3,True,,11.85236973823148,True,128.0,134.0,0.0128664970397949,0.0368664264678955,28.23905773037298,-29.195573058281784,57.434630788654765,0.0239999294281005,0.0008665323257446,0.0488663911819458,0.000866413116455,0.0768663883209228,0.0759999752044677,2.463268840163446,4.926537680326892,noise_threshold,noise_threshold,robust_impulsive,robust_impulsive,candidate_event_128.pkl,/Users/glennthompson/Developer/KSCRocketSeismoHydrology/08_fireball_paper/falcon9-seismoacoustic-workflow-1.0.0/data/outputs/070_prepare_event_waveform_products/event_streams/candidate_event_128.pkl,1472736124.7231336,1472736125.8231337,57.434630788654765,11.85236973823148,3,True,False,short_impulsive_candidate,True,True,True,True,True,True,True,True,True,True,pass,analyze_all_final_events
129,1472736126.0925667,1472736126.09,1472736126.0951335,0.0051336288452148,2,2,"DD2,DD3","667,668",1472736126.09,1472736126.108,2016-09-01 13:22:06.092566729+00:00,2016-09-01 13:22:06.089999914+00:00,2016-09-01 13:22:06.108000040+00:00,retain,at least two reduced-time-associated infrasound channels,,,,129,129,2,2,0.0051336288452148,"DD2,DD3",2,True,,5.409435355923553,True,127.0,133.0,0.0093264579772949,0.0333266258239746,4.965423145709267,-3.620202490026501,8.585625635735768,0.0240001678466796,-0.0026736259460449,0.0453267097473144,0.001326560974121,0.0573265552520751,0.0559999942779541,0.9179189358963178,1.8358378717926356,noise_threshold,noise_threshold,moderate_impulsive,moderate_impulsive,candidate_event_129.pkl,/Users/glennthompson/Developer/KSCRocketSeismoHydrology/08_fireball_paper/falcon9-seismoacoustic-workflow-1.0.0/data/outputs/070_prepare_event_waveform_products/event_streams/candidate_event_129.pkl,1472736125.5925667,1472736126.6925666,8.585625635735768,5.409435355923553,2,True,False,short_impulsive_candidate,False,True,True,True,False,True,False,True,True,False,peak_to_peak,analyze_all_final_events
130,1472736126.6475668,1472736126.6451335,1472736126.65,0.004866600036621,2,2,"DD2,DD3","669,670",1472736126.65,1472736126.658,2016-09-01 13:22:06.647566795+00:00,2016-09-01 13:22:06.650000095+00:00,2016-09-01 13:22:06.657999992+00:00,retain,at least two reduced-time-associated infrasound channels,,,,130,130,2,2,0.004866600036621,"DD2,DD3",2,True,,3.0605752622100613,True,125.0,130.0,0.0004332065582275,0.0204331874847412,1.9721311183257333,-3.2712470160063,5.243378134332033,0.0199999809265136,-0.0095667839050292,0.030433177947998,-0.0035667419433593,0.032433271408081,0.0360000133514404,1.0688340379658272,2.1376680759316544,noise_threshold,noise_threshold,weak_impulsive,weak_impulsive,candidate_event_130.pkl,/Users/glennthompson/Developer/KSCRocketSeismoHydrology/08_fireball_paper/falcon9-seismoacoustic-workflow-1.0.0/data/outputs/070_prepare_event_waveform_products/event_streams/candidate_event_130.pkl,1472736126.1475668,1472736127.2475667,5.243378134332033,3.0605752622100613,2,True,False,short_impulsive_candidate,False,True,True,True,False,True,False,True,True,False,peak_to_peak,analyze_all_final_events
131,1472736127.4235668,1472736127.4221334,1472736127.425,0.002866506576538,2,2,"DD2,DD3","671,672",1472736127.425,1472736127.435,2016-09-01 13:22:07.423566818+00:00,2016-09-01 13:22:07.424999952+00:00,2016-09-01 13:22:07.434999943+00:00,retain,at least two reduced-time-associated infrasound channels,,,,131,131,2,2,0.002866506576538,"DD2,DD3",2,True,,7.038500645280431,True,127.0,133.0,0.0084331035614013,0.032433271408081,8.711440855921044,-9.312217209190829,18.02365806511187,0.0240001678466796,-0.0035669803619384,0.0444333553314209,0.0004332065582275,0.0484333038330078,0.0480000972747802,1.32303990274335,2.6460798054867003,noise_threshold,noise_threshold,moderate_impulsive,moderate_impulsive,candidate_event_131.pkl,/Users/glennthompson/Developer/KSCRocketSeismoHydrology/08_fireball_paper/falcon9-seismoacoustic-workflow-1.0.0/data/outputs/070_prepare_event_waveform_products/event_streams/candidate_event_131.pkl,1472736126.9235668,1472736128.0235667,18.02365806511187,7.038500645280431,2,True,False,short_impulsive_candidate,True,True,True,True,True,True,False,True,True,False,pass,analyze_all_final_events
132,1472736128.2815666,1472736128.2771337,1472736128.286,0.008866548538208,2,2,"DD2,DD3","674,675",1472736128.286,1472736128.29,2016-09-01 13:22:08.281566620+00:00,2016-09-01 13:22:08.286000013+00:00,2016-09-01 13:22:08.289999962+00:00,retain,at least two reduced-time-associated infrasound channels,,,,132,132,2,2,0.0088663101196289,"DD2,DD3",2,True,,8.08076261906105,True,128.0,135.0,0.0135669708251953,0.0415668487548828,8.567731981073365,-7.494125504045366,16.06185748511873,0.0279998779296875,-0.0004329681396484,0.0555667877197265,0.0055668354034423,0.0655667781829834,0.059999942779541,1.0602627975809664,2.120525595161933,noise_threshold,noise_threshold,moderate_impulsive,moderate_impulsive,candidate_event_132.pkl,/Users/glennthompson/Developer/KSCRocketSeismoHydrology/08_fireball_paper/falcon9-seismoacoustic-workflow-1.0.0/data/outputs/070_prepare_event_waveform_products/event_streams/candidate_event_132.pkl,1472736127.7815666,1472736128.8815663,16.06185748511873,8.08076261906105,2,True,False,short_impulsive_candidate,True,True,True,True,True,True,False,True,True,False,pass,analyze_all_final_events
133,1472736130.592567,1472736130.5911336,1472736130.594,0.002866506576538,2,2,"DD2,DD3","677,678",1472736130.594,1472736130.604,2016-09-01 13:22:10.592566967+00:00,2016-09-01 13:22:10.594000101+00:00,2016-09-01 13:22:10.604000092+00:00,retain,at least two reduced-time-associated infrasound channels,,,,133,133,2,2,0.002866506576538,"DD2,DD3",2,True,,4.844637732877825,True,127.0,133.0,0.0093262195587158,0.0333263874053955,8.786038644560232,-9.303741753211844,18.08978039777207,0.0240001678466796,-0.002673864364624,0.0453264713287353,0.0013263225555419,0.0493264198303222,0.0480000972747802,1.9204205280557087,3.8408410561114175,noise_threshold,noise_threshold,moderate_impulsive,moderate_impulsive,candidate_event_133.pkl,/Users/glennthompson/Developer/KSCRocketSeismoHydrology/08_fireball_paper/falcon9-seismoacoustic-workflow-1.0.0/data/outputs/070_prepare_event_waveform_products/event_streams/candidate_event_133.pkl,1472736130.092567,1472736131.1925669,18.08978039777207,4.844637732877825,2,True,False,short_impulsive_candidate,True,True,True,True,True,True,False,True,True,False,pass,analyze_all_final_events
134,1472736131.2325668,1472736131.2251334,1472736131.24,0.0148665904998779,2,2,"DD2,DD3","681,680",1472736131.238,1472736131.24,2016-09-01 13:22:11.232566833+00:00,2016-09-01 13:22:11.237999916+00:00,2016-09-01 13:22:11.240000010+00:00,retain,at least two reduced-time-associated infrasound channels,,,,134,134,2,2,0.0148665904998779,"DD2,DD3",2,True,,5.401706486403708,True,128.0,133.0,0.0133266448974609,0.0333266258239746,5.705494167458034,-6.411640569628475,12.11713473708651,0.0199999809265136,0.0033266544342041,0.0433266162872314,0.005326509475708,0.0533266067504882,0.0480000972747802,1.1869657460594736,2.373931492118947,noise_threshold,noise_threshold,moderate_impulsive,moderate_impulsive,candidate_event_134.pkl,/Users/glennthompson/Developer/KSCRocketSeismoHydrology/08_fireball_paper/falcon9-seismoacoustic-workflow-1.0.0/data/outputs/070_prepare_event_waveform_products/event_streams/candidate_event_134.pkl,1472736130.7325668,1472736131.8325667,12.11713473708651,5.401706486403708,2,True,False,short_impulsive_candidate,True,True,True,True,True,True,False,True,True,False,pass,analyze_all_final_events
135,1472736148.8835669,1472736148.8831334,1472736148.884,0.0008666515350341,2,2,"DD2,DD3","689,690",1472736148.884,1472736148.896,2016-09-01 13:22:28.883566856+00:00,2016-09-01 13:22:28.884000063+00:00,2016-09-01 13:22:28.895999908+00:00,retain,at least two reduced-time-associated infrasound channels,,,,135,135,2,2,0.0008666515350341,"DD2,DD3",2,True,,10.399395926088037,True,128.0,133.0,0.0124332904815673,0.032433271408081,9.515995385970516,-9.823075038307104,19.33907042427762,0.0199999809265136,0.0024333000183105,0.0424332618713378,0.0004332065582275,0.1044332981109619,0.1040000915527343,0.9445813110802748,1.8891626221605493,noise_threshold,noise_threshold,moderate_impulsive,moderate_impulsive,candidate_event_135.pkl,/Users/glennthompson/Developer/KSCRocketSeismoHydrology/08_fireball_paper/falcon9-seismoacoustic-workflow-1.0.0/data/outputs/070_prepare_event_waveform_products/event_streams/candidate_event_135.pkl,1472736148.3835669,1472736149.4835668,19.33907042427762,10.399395926088037,2,True,False,short_impulsive_candidate,True,True,True,True,True,True,False,True,True,False,pass,analyze_all_final_events
136,1472736149.6770668,1472736149.6741335,1472736149.68,0.005866527557373,2,2,"DD2,DD3","692,694",1472736149.68,1472736149.687,2016-09-01 13:22:29.677066803+00:00,2016-09-01 13:22:29.680000067+00:00,2016-09-01 13:22:29.687000036+00:00,retain,at least two reduced-time-associated infrasound channels,,,,136,136,2,2,0.005866527557373,"DD2,DD3",2,True,,9.223199204237414,True,130.0,135.0,0.0208265781402587,0.0408265590667724,5.339859819713103,-7.7590046864746895,13.098864506187793,0.0199999809265136,0.0108265876770019,0.0508265495300293,0.0088264942169189,0.0568265914916992,0.0480000972747802,0.8412487375215717,1.6824974750431434,noise_threshold,noise_threshold,moderate_impulsive,moderate_impulsive,candidate_event_136.pkl,/Users/glennthompson/Developer/KSCRocketSeismoHydrology/08_fireball_paper/falcon9-seismoacoustic-workflow-1.0.0/data/outputs/070_prepare_event_waveform_products/event_streams/candidate_event_136.pkl,1472736149.1770668,1472736150.2770667,13.098864506187793,9.223199204237414,2,True,False,short_impulsive_candidate,True,True,True,True,True,True,False,True,True,False,pass,analyze_all_final_events
137,1472736149.9280667,1472736149.9101336,1472736149.946,0.0358664989471435,2,2,"DD2,DD3","697,696",1472736149.923,1472736149.946,2016-09-01 13:22:29.928066730+00:00,2016-09-01 13:22:29.923000097+00:00,2016-09-01 13:22:29.946000099+00:00,retain,threshold-sensitive DD2-DD3 event; coherent waveform,0.87855,8.02,1472736149.928067,137,137,2,2,0.0358664989471435,"DD2,DD3",2,True,,9.01552296405569,True,138.0,143.0,0.0538268089294433,0.073826789855957,7.969981680714837,-10.84602553226203,18.816007212976867,0.0199999809265136,0.0438268184661865,0.0838267803192138,0.0218267440795898,0.1058268547058105,0.0840001106262207,1.2030389779388768,2.4060779558777536,noise_threshold,noise_threshold,moderate_impulsive,moderate_impulsive,candidate_event_137.pkl,/Users/glennthompson/Developer/KSCRocketSeismoHydrology/08_fireball_paper/falcon9-seismoacoustic-workflow-1.0.0/data/outputs/070_prepare_event_waveform_products/event_streams/candidate_event_137.pkl,1472736149.4280667,1472736150.5280666,18.816007212976867,9.01552296405569,2,True,False,short_impulsive_candidate,True,True,True,True,True,True,False,True,True,False,pass,analyze_all_final_events
138,1472736158.7178934,1472736158.713,1472736158.7221334,0.0091333389282226,3,3,"DD1,DD2,DD3","704,701,702",1472736158.713,1472736158.808,2016-09-01 13:22:38.717893362+00:00,2016-09-01 13:22:38.713000059+00:00,2016-09-01 13:22:38.808000088+00:00,retain,at least two reduced-time-associated infrasound channels,,,,138,138,3,3,0.0091333389282226,"DD1,DD2,DD3",3,True,,15.428356855614588,True,128.0,134.0,0.013240098953247,0.0372400283813476,19.743959793420306,-27.1260462015301,46.8700059949504,0.0239999294281005,0.0012401342391967,0.0492399930953979,-0.0107600688934326,0.0572400093078613,0.0680000782012939,1.7581941133062764,3.516388226612553,noise_threshold,noise_threshold,robust_impulsive,robust_impulsive,candidate_event_138.pkl,/Users/glennthompson/Developer/KSCRocketSeismoHydrology/08_fireball_paper/falcon9-seismoacoustic-workflow-1.0.0/data/outputs/070_prepare_event_waveform_products/event_streams/candidate_event_138.pkl,1472736158.2178934,1472736159.3178933,46.8700059949504,15.428356855614588,3,True,False,short_impulsive_candidate,True,True,True,True,True,True,True,True,True,True,pass,analyze_all_final_events
139,1472736160.1865668,1472736160.1851337,1472736160.188,0.002866506576538,2,2,"DD2,DD3","705,706",1472736160.188,1472736160.198,2016-09-01 13:22:40.186566830+00:00,2016-09-01 13:22:40.187999964+00:00,2016-09-01 13:22:40.197999954+00:00,retain,at least two reduced-time-associated infrasound channels,,,,139,139,2,2,0.0028662681579589,"DD2,DD3",2,True,,7.989575007002489,True,129.0,139.0,0.0174331665039062,0.0574331283569335,7.424996740647332,-6.525514929171877,13.950511669819209,0.0399999618530273,-0.0025668144226074,0.0774331092834472,0.0014331340789794,0.0854332447052002,0.0840001106262207,0.9293356322632518,1.8586712645265036,noise_threshold,noise_threshold,moderate_impulsive,moderate_impulsive,candidate_event_139.pkl,/Users/glennthompson/Developer/KSCRocketSeismoHydrology/08_fireball_paper/falcon9-seismoacoustic-workflow-1.0.0/data/outputs/070_prepare_event_waveform_products/event_streams/candidate_event_139.pkl,1472736159.6865668,1472736160.7865667,13.950511669819209,7.989575007002489,2,True,False,short_impulsive_candidate,True,True,True,True,True,True,False,True,True,False,pass,analyze_all_final_events
140,1472736160.9475667,1472736160.947,1472736160.9481337,0.0011334419250488,2,2,"DD2,DD3","707,708",1472736160.947,1472736160.961,2016-09-01 13:22:40.947566748+00:00,2016-09-01 13:22:40.947000027+00:00,2016-09-01 13:22:40.960999966+00:00,retain,at least two reduced-time-associated infrasound channels,,,,140,140,2,2,0.0011336803436279,"DD2,DD3",2,True,,8.121169800930797,True,129.0,134.0,0.0164332389831542,0.0364332199096679,8.326328245078644,-8.622141660409913,16.948469905488558,0.0199999809265136,0.0064332485198974,0.0464332103729248,0.0044331550598144,0.0724332332611084,0.0680000782012939,1.061687154899987,2.123374309799974,noise_threshold,noise_threshold,moderate_impulsive,moderate_impulsive,candidate_event_140.pkl,/Users/glennthompson/Developer/KSCRocketSeismoHydrology/08_fireball_paper/falcon9-seismoacoustic-workflow-1.0.0/data/outputs/070_prepare_event_waveform_products/event_streams/candidate_event_140.pkl,1472736160.4475667,1472736161.547567,16.948469905488558,8.121169800930797,2,True,False,short_impulsive_candidate,True,True,True,True,True,True,False,True,True,False,pass,analyze_all_final_events
141,1472736162.9195666,1472736162.9181335,1472736162.921,0.002866506576538,2,2,"DD2,DD3","710,711",1472736162.921,1472736162.931,2016-09-01 13:22:42.919566631+00:00,2016-09-01 13:22:42.921000004+00:00,2016-09-01 13:22:42.930999994+00:00,retain,at least two reduced-time-associated infrasound channels,,,,141,141,2,2,0.002866506576538,"DD2,DD3",2,True,,8.637502195917406,True,128.0,134.0,0.0124335289001464,0.036433458328247,10.984993872112462,-9.833754695819309,20.81874856793177,0.0239999294281005,0.0004335641860961,0.0484334230422973,0.0004334449768066,0.0724334716796875,0.0720000267028808,1.271778996166811,2.5435579923336213,noise_threshold,noise_threshold,moderate_impulsive,moderate_impulsive,candidate_event_141.pkl,/Users/glennthompson/Developer/KSCRocketSeismoHydrology/08_fireball_paper/falcon9-seismoacoustic-workflow-1.0.0/data/outputs/070_prepare_event_waveform_products/event_streams/candidate_event_141.pkl,1472736162.4195666,1472736163.5195663,20.81874856793177,8.637502195917406,2,True,False,short_impulsive_candidate,True,True,True,True,True,True,False,True,True,False,pass,analyze_all_final_events
142,1472736165.0595667,1472736165.0591335,1472736165.06,0.000866413116455,2,2,"DD2,DD3","713,714",1472736165.06,1472736165.072,2016-09-01 13:22:45.059566736+00:00,2016-09-01 13:22:45.059999943+00:00,2016-09-01 13:22:45.072000027+00:00,retain,at least two reduced-time-associated infrasound channels,,,,142,142,2,2,0.000866413116455,"DD2,DD3",2,True,,8.423020410967702,True,128.0,134.0,0.0124332904815673,0.0364332199096679,12.859398738189771,-10.733083949856445,23.592482688046218,0.0239999294281005,0.000433325767517,0.0484331846237182,0.0004332065582275,0.0724332332611084,0.0720000267028808,1.526696851101704,3.053393702203408,noise_threshold,noise_threshold,moderate_impulsive,moderate_impulsive,candidate_event_142.pkl,/Users/glennthompson/Developer/KSCRocketSeismoHydrology/08_fireball_paper/falcon9-seismoacoustic-workflow-1.0.0/data/outputs/070_prepare_event_waveform_products/event_streams/candidate_event_142.pkl,1472736164.5595667,1472736165.6595666,23.592482688046218,8.423020410967702,2,True,False,short_impulsive_candidate,True,True,True,True,True,True,False,True,True,False,pass,analyze_all_final_events
143,1472736168.085,1472736168.0831337,1472736168.0858934,0.0027599334716796,3,3,"DD1,DD2,DD3","719,716,717",1472736168.085,1472736168.176,2016-09-01 13:22:48.085000038+00:00,2016-09-01 13:22:48.085000038+00:00,2016-09-01 13:22:48.176000118+00:00,retain,at least two reduced-time-associated infrasound channels,,,,143,143,3,3,0.0027596950531005,"DD1,DD2,DD3",3,True,,11.152836348930888,True,129.0,134.0,0.0168933868408203,0.0368933677673339,24.016100426943705,-22.58449078599602,46.600591212939726,0.0199999809265136,0.0068933963775634,0.0468933582305908,0.0008933544158935,0.0608932971954345,0.059999942779541,2.1533625775156193,4.306725155031239,noise_threshold,noise_threshold,robust_impulsive,robust_impulsive,candidate_event_143.pkl,/Users/glennthompson/Developer/KSCRocketSeismoHydrology/08_fireball_paper/falcon9-seismoacoustic-workflow-1.0.0/data/outputs/070_prepare_event_waveform_products/event_streams/candidate_event_143.pkl,1472736167.585,1472736168.685,46.600591212939726,11.152836348930888,3,True,False,short_impulsive_candidate,True,True,True,True,True,True,True,True,True,True,pass,analyze_all_final_events
144,1472736178.465067,1472736178.4621334,1472736178.468,0.005866527557373,2,2,"DD2,DD3","725,726",1472736178.468,1472736178.475,2016-09-01 13:22:58.465066671+00:00,2016-09-01 13:22:58.467999935+00:00,2016-09-01 13:22:58.474999905+00:00,retain,at least two reduced-time-associated infrasound channels,,,,144,144,2,2,0.005866527557373,"DD2,DD3",2,True,,7.665363872469132,True,129.0,134.0,0.0168263912200927,0.0368263721466064,19.08878512253422,-18.318868672386458,37.40765379492068,0.0199999809265136,0.0068264007568359,0.0468263626098632,0.0048263072967529,0.0768263339996337,0.0720000267028808,2.490264707601601,4.980529415203202,noise_threshold,noise_threshold,moderate_impulsive,moderate_impulsive,candidate_event_144.pkl,/Users/glennthompson/Developer/KSCRocketSeismoHydrology/08_fireball_paper/falcon9-seismoacoustic-workflow-1.0.0/data/outputs/070_prepare_event_waveform_products/event_streams/candidate_event_144.pkl,1472736177.965067,1472736179.0650668,37.40765379492068,7.665363872469132,2,True,False,short_impulsive_candidate,True,True,True,True,True,True,True,True,True,True,pass,analyze_all_final_events
145,1472736192.3475666,1472736192.3471334,1472736192.348,0.0008666515350341,2,2,"DD2,DD3","735,736",1472736192.348,1472736192.36,2016-09-01 13:23:12.347566605+00:00,2016-09-01 13:23:12.348000050+00:00,2016-09-01 13:23:12.359999895+00:00,retain,at least two reduced-time-associated infrasound channels,,,,145,145,2,2,0.0008666515350341,"DD2,DD3",2,True,,19.19523147995886,True,130.0,163.0,0.0204334259033203,0.1524333953857422,8.582616981189647,-22.75276473039664,31.335381711586287,0.1319999694824218,-0.0455665588378906,0.2184333801269531,-0.083566665649414,0.2084333896636963,0.2920000553131103,1.1853342198114198,2.3706684396228397,noise_threshold,noise_threshold,moderate_impulsive,moderate_impulsive,candidate_event_145.pkl,/Users/glennthompson/Developer/KSCRocketSeismoHydrology/08_fireball_paper/falcon9-seismoacoustic-workflow-1.0.0/data/outputs/070_prepare_event_waveform_products/event_streams/candidate_event_145.pkl,1472736191.8475666,1472736192.9475665,31.335381711586287,19.19523147995886,2,True,False,short_impulsive_candidate,True,True,True,True,True,True,True,True,True,True,pass,analyze_all_final_events
146,1472736222.070567,1472736222.068,1472736222.0731337,0.0051333904266357,2,2,"DD2,DD3","743,744",1472736222.068,1472736222.086,2016-09-01 13:23:42.070566654+00:00,2016-09-01 13:23:42.068000078+00:00,2016-09-01 13:23:42.085999966+00:00,retain,at least two reduced-time-associated infrasound channels,,,,146,146,2,2,0.0051336288452148,"DD2,DD3",2,True,,23.710635642667135,True,143.0,186.0,0.0734331607818603,0.2454330921173095,10.22243664012831,-21.92107153702018,32.14350817714849,0.1719999313354492,-0.0125668048858642,0.3314330577850342,-0.0025668144226074,0.2774331569671631,0.2799999713897705,0.924524836338565,1.84904967267713,noise_threshold,noise_threshold,moderate_impulsive,moderate_impulsive,candidate_event_146.pkl,/Users/glennthompson/Developer/KSCRocketSeismoHydrology/08_fireball_paper/falcon9-seismoacoustic-workflow-1.0.0/data/outputs/070_prepare_event_waveform_products/event_streams/candidate_event_146.pkl,1472736221.570567,1472736222.6705668,32.14350817714849,23.710635642667135,2,True,False,short_impulsive_candidate,True,True,True,True,True,True,True,True,True,True,pass,analyze_all_final_events
147,1472736257.5315666,1472736257.531,1472736257.5321336,0.0011336803436279,2,2,"DD2,DD3","753,754",1472736257.531,1472736257.545,2016-09-01 13:24:17.531566620+00:00,2016-09-01 13:24:17.530999899+00:00,2016-09-01 13:24:17.545000076+00:00,retain,at least two reduced-time-associated infrasound channels,,,,147,147,2,2,0.0011336803436279,"DD2,DD3",2,True,,14.707186874030011,True,129.0,137.0,0.0164334774017334,0.0484335422515869,14.64652951041596,-14.768637902468438,29.415167412884397,0.0320000648498535,0.0004334449768066,0.0644335746765136,-0.0115666389465332,0.0844335556030273,0.0960001945495605,1.0041782992876045,2.008356598575209,noise_threshold,noise_threshold,moderate_impulsive,moderate_impulsive,candidate_event_147.pkl,/Users/glennthompson/Developer/KSCRocketSeismoHydrology/08_fireball_paper/falcon9-seismoacoustic-workflow-1.0.0/data/outputs/070_prepare_event_waveform_products/event_streams/candidate_event_147.pkl,1472736257.0315666,1472736258.1315663,29.415167412884397,14.707186874030011,2,True,False,short_impulsive_candidate,True,True,True,True,True,True,True,True,True,True,pass,analyze_all_final_events
149,1472736595.1581335,1472736595.1468933,1472736595.168,0.0211067199707031,3,3,"DD1,DD2,DD3","803,798,799",1472736595.168,1472736595.237,2016-09-01 13:29:55.158133507+00:00,2016-09-01 13:29:55.167999983+00:00,2016-09-01 13:29:55.236999989+00:00,retain,at least two reduced-time-associated infrasound channels,,,,148,148,3,3,0.0211067199707031,"DD1,DD2,DD3",3,True,,25.099486685370564,True,137.0,144.0,0.0498666763305664,0.0778665542602539,29.28984818675172,-35.44130118246247,64.7311493692142,0.0279998779296875,0.0358667373657226,0.0918664932250976,-0.0181334018707275,0.1698665618896484,0.1879999637603759,1.4120329083510583,2.824065816702117,noise_threshold,noise_threshold,moderate_impulsive,moderate_impulsive,candidate_event_148.pkl,/Users/glennthompson/Developer/KSCRocketSeismoHydrology/08_fireball_paper/falcon9-seismoacoustic-workflow-1.0.0/data/outputs/070_prepare_event_waveform_products/event_streams/candidate_event_148.pkl,1472736594.6581335,1472736595.7581334,64.7311493692142,25.099486685370564,3,True,False,short_impulsive_candidate,True,True,True,True,True,True,True,True,True,True,pass,analyze_all_final_events
150,1472736642.724,1472736642.7208934,1472736642.7241335,0.0032401084899902,3,3,"DD1,DD2,DD3","808,804,805",1472736642.724,1472736642.811,2016-09-01 13:30:42.723999977+00:00,2016-09-01 13:30:42.723999977+00:00,2016-09-01 13:30:42.811000109+00:00,retain,at least two reduced-time-associated infrasound channels,,,,149,149,3,3,0.0032401084899902,"DD1,DD2,DD3",3,True,,14.314950285976302,True,128.0,134.0,0.0138933658599853,0.0378932952880859,10.787586969071866,-22.142842246571764,32.93042921564363,0.0239999294281005,0.001893401145935,0.0498932600021362,0.0018932819366455,0.0498932600021362,0.0479999780654907,1.546833331881291,3.093666663762582,noise_threshold,model,robust_impulsive,robust_impulsive,candidate_event_149.pkl,/Users/glennthompson/Developer/KSCRocketSeismoHydrology/08_fireball_paper/falcon9-seismoacoustic-workflow-1.0.0/data/outputs/070_prepare_event_waveform_products/event_streams/candidate_event_149.pkl,1472736642.224,1472736643.324,32.93042921564363,14.314950285976302,3,True,False,short_impulsive_candidate,True,True,True,True,True,True,True,True,True,True,pass,analyze_all_final_events
151,1472736751.9651334,1472736751.961893,1472736751.969,0.0071067810058593,3,3,"DD1,DD2,DD3","841,838,839",1472736751.969,1472736752.052,2016-09-01 13:32:31.965133429+00:00,2016-09-01 13:32:31.969000101+00:00,2016-09-01 13:32:32.052000046+00:00,retain,at least two reduced-time-associated infrasound channels,,,,150,150,3,3,0.0071070194244384,"DD1,DD2,DD3",3,True,,7.412195258658398,True,128.0,135.0,0.0140001773834228,0.0420000553131103,11.621967201564145,-14.450421998294216,26.072389199858357,0.0279998779296875,2.384185791015625e-07,0.0559999942779541,0.002000093460083,0.062000036239624,0.059999942779541,1.9495468608189,3.8990937216378,noise_threshold,noise_threshold,moderate_impulsive,moderate_impulsive,candidate_event_150.pkl,/Users/glennthompson/Developer/KSCRocketSeismoHydrology/08_fireball_paper/falcon9-seismoacoustic-workflow-1.0.0/data/outputs/070_prepare_event_waveform_products/event_streams/candidate_event_150.pkl,1472736751.4651334,1472736752.565133,26.072389199858357,7.412195258658398,3,True,False,short_impulsive_candidate,True,True,True,True,True,True,True,True,True,True,pass,analyze_all_final_events
152,1472736811.789,1472736811.7548933,1472736811.7911334,0.0362401008605957,3,3,"DD1,DD2,DD3","854,849,850",1472736811.789,1472736811.845,2016-09-01 13:33:31.789000034+00:00,2016-09-01 13:33:31.789000034+00:00,2016-09-01 13:33:31.845000029+00:00,retain,at least two reduced-time-associated infrasound channels,,,,151,151,3,3,0.0362401008605957,"DD1,DD2,DD3",3,True,,28.12419065827277,True,129.0,135.0,0.0168933868408203,0.0408933162689209,19.84436394329127,-31.26343986842151,51.107803811712785,0.0239999294281005,0.00489342212677,0.0528932809829711,0.0008933544158935,0.0528932809829711,0.0519999265670776,1.1116209617653594,2.223241923530719,noise_threshold,model,moderate_impulsive,moderate_impulsive,candidate_event_151.pkl,/Users/glennthompson/Developer/KSCRocketSeismoHydrology/08_fireball_paper/falcon9-seismoacoustic-workflow-1.0.0/data/outputs/070_prepare_event_waveform_products/event_streams/candidate_event_151.pkl,1472736811.289,1472736812.389,51.107803811712785,28.12419065827277,3,True,False,short_impulsive_candidate,True,True,True,True,True,True,True,True,True,True,pass,analyze_all_final_events
153,1472736829.5165668,1472736829.51,1472736829.5231335,0.0131335258483886,2,2,"DD2,DD3","860,861",1472736829.51,1472736829.536,2016-09-01 13:33:49.516566753+00:00,2016-09-01 13:33:49.509999989+00:00,2016-09-01 13:33:49.536000013+00:00,retain,at least two reduced-time-associated infrasound channels,,,,152,152,2,2,0.0131335258483886,"DD2,DD3",2,True,,12.946697465936928,True,129.0,136.0,0.0173265933990478,0.0453264713287353,7.6942156360363825,-14.043435924782258,21.73765156081864,0.0279998779296875,0.0033266544342041,0.0593264102935791,0.0093264579772949,0.1733264923095703,0.1640000343322754,1.084711831857574,2.1694236637151483,noise_threshold,noise_threshold,moderate_impulsive,moderate_impulsive,candidate_event_152.pkl,/Users/glennthompson/Developer/KSCRocketSeismoHydrology/08_fireball_paper/falcon9-seismoacoustic-workflow-1.0.0/data/outputs/070_prepare_event_waveform_products/event_streams/candidate_event_152.pkl,1472736829.0165668,1472736830.116567,21.73765156081864,12.946697465936928,2,True,False,short_impulsive_candidate,True,True,True,True,True,True,False,True,True,False,pass,analyze_all_final_events
154,1472736834.396067,1472736834.396,1472736834.3961334,0.0001335144042968,2,2,"DD2,DD3","863,864",1472736834.396,1472736834.409,2016-09-01 13:33:54.396066666+00:00,2016-09-01 13:33:54.395999908+00:00,2016-09-01 13:33:54.408999920+00:00,retain,at least two reduced-time-associated infrasound channels,,,,153,153,2,2,0.0001335144042968,"DD2,DD3",2,True,,5.981012016164942,True,127.0,133.0,0.0098264217376708,0.0338265895843505,5.4420988754598385,-4.261976836855576,9.704075712315417,0.0240001678466796,-0.0021736621856689,0.0458266735076904,-0.0221734046936035,0.065826416015625,0.0879998207092285,0.9098959943152468,1.8197919886304936,noise_threshold,noise_threshold,moderate_impulsive,moderate_impulsive,candidate_event_153.pkl,/Users/glennthompson/Developer/KSCRocketSeismoHydrology/08_fireball_paper/falcon9-seismoacoustic-workflow-1.0.0/data/outputs/070_prepare_event_waveform_products/event_streams/candidate_event_153.pkl,1472736833.896067,1472736834.9960668,9.704075712315417,5.981012016164942,2,True,False,short_impulsive_candidate,False,True,True,True,False,True,False,True,True,False,peak_to_peak,analyze_all_final_events
