input,frequency_hz,H_real_mps_per_pa,H_imag_mps_per_pa,H_magnitude_mps_per_pa,H_phase_deg,training_coherence
DD1,1.0,7.739563561161569e-09,-1.9778988914882776e-07,1.9794125667384966e-07,-87.75914630074695,0.5899980065324207
DD1,1.1,-1.5295153776635706e-08,-2.0879284020398336e-07,2.0935231512810424e-07,-94.18972795407315,0.637923966926241
DD1,1.2000000000000002,9.147994878893711e-09,-2.1530996421989639e-07,2.155042145821685e-07,-87.56710541243442,0.6763889526660696
DD1,1.3,2.1300227023961144e-08,-2.7221241665089686e-07,2.730445008605626e-07,-85.52580502962218,0.6911514963298787
DD1,1.4000000000000001,1.8564661487486535e-08,-3.2918705893413585e-07,3.2971012484582755e-07,-86.7721961948326,0.6633485521972733
DD1,1.5,-8.389273592103297e-09,-3.8708375441103725e-07,3.871746541812201e-07,-91.24157814859109,0.7172308425309666
DD1,1.6,-1.3476261533734311e-08,-3.173875739379844e-07,3.1767354582206735e-07,-92.43131572084964,0.709292483205001
DD1,1.7000000000000002,-4.970822611618171e-08,-2.882403211688822e-07,2.9249511190985363e-07,-99.78464994517807,0.7004733551367726
DD1,1.8,-1.2681976485268844e-07,-3.202744910681626e-07,3.4446916028327083e-07,-111.60218417844378,0.7336932621706876
DD1,1.9000000000000001,-6.945162641396831e-08,-4.075311221413631e-07,4.134067536039343e-07,-99.67145557571754,0.7052220966958559
DD1,2.0,7.570720511840539e-08,-5.852959238759918e-07,5.901719236059025e-07,-82.62979343672528,0.6717355546718301
DD1,2.1,1.6261502344335982e-07,-6.775944597000645e-07,6.968341966821855e-07,-76.50487810732405,0.6579879772410513
DD1,2.2,2.0848838633302707e-07,-4.3975969729123065e-07,4.866785372270122e-07,-64.63454932632492,0.6146125511193798
DD1,2.3000000000000003,2.571447978666418e-07,-1.7826498040826072e-07,3.128927137372068e-07,-34.73153692352537,0.6188174899018858
DD1,2.4000000000000004,4.297655466089584e-09,-1.6577633681499552e-08,1.7125646877802835e-08,-75.46635313807522,0.05439919148013198
DD1,2.5,-1.2635907140449245e-07,7.395260141376994e-08,1.4640902356777587e-07,149.6613727441412,0.41008628573555306
DD1,2.6,-2.3745876466942523e-07,-3.267176265136926e-07,4.038948778990273e-07,-126.00969934554406,0.5273532945013537
DD1,2.7,-4.747347039189412e-07,-7.555358338071076e-07,8.923045641884872e-07,-122.14286121894015,0.5694204443758308
DD1,2.8000000000000003,-4.83263276797088e-07,-1.154443892356638e-06,1.2515127227879882e-06,-112.71473727232775,0.6083588579003133
DD1,2.9000000000000004,-4.4574166488905353e-07,-1.176871252432052e-06,1.2584560288778675e-06,-110.74425372445396,0.5410853388513166
DD1,3.0,1.9011858349923535e-07,-1.5897155498235909e-06,1.601043598763843e-06,-83.18022557486391,0.6104037982021864
DD1,3.1,4.968724602022468e-07,-2.161933381496944e-06,2.218296235343297e-06,-77.05660476982305,0.5481629251750982
DD1,3.2,3.9602353772651756e-07,-2.2953384168359303e-06,2.3292516159136396e-06,-80.21091380929832,0.5532281172935665
DD1,3.3000000000000003,6.78542755652403e-07,-2.7964810310307093e-06,2.8776251368381767e-06,-76.36124092684601,0.49076361784315853
DD1,3.4000000000000004,-3.123031952679241e-07,-4.302930901223015e-06,4.314249369991779e-06,-94.15120174367514,0.4780067933008982
DD1,3.5,-2.750633306239669e-06,-5.2769719187358205e-06,5.9508332371627904e-06,-117.53087834491505,0.5046954146769793
DD1,3.6,-6.40061307782825e-06,-2.0466781741967874e-06,6.7198764364234795e-06,-162.26765563565883,0.4606728718193915
DD1,3.7,-2.2247217318992612e-06,4.036115833466611e-06,4.608645983968038e-06,118.86371377398545,0.4425593037152905
DD1,3.8000000000000003,4.362668026065514e-06,1.5489709044304368e-07,4.365416980573802e-06,2.033439860812635,0.5180933640287728
DD1,3.9000000000000004,-5.750052148421555e-07,-5.761268251170534e-06,5.789891437586827e-06,-95.69954895672446,0.4903152992994815
DD1,4.0,-4.961174677784684e-06,1.5529970971738608e-07,4.9636047569614435e-06,178.2070550049125,0.45654664057964967
DD1,4.1000000000000005,3.2506043780117147e-06,2.486411764062609e-06,4.0925141762513e-06,37.412646249103844,0.4080253136781816
DD1,4.2,9.383268709511327e-07,-6.458490172375032e-06,6.5262970069874854e-06,-81.7335758384162,0.5784723605204931
DD1,4.3,-2.372194249996762e-06,-3.0045233882261603e-06,3.828115247757793e-06,-128.29253736182983,0.582210193226995
DD1,4.4,-5.192793942466598e-07,-4.113215228387932e-06,4.145864277123839e-06,-97.19533100398658,0.588272110718879
DD1,4.5,-3.167062800520778e-06,-3.4158968765283574e-06,4.658179714600834e-06,-132.83526581125085,0.5986612954394414
DD1,4.6000000000000005,-1.930989262572501e-08,-3.987166632586637e-06,3.98721339132551e-06,-90.27748193202224,0.587428852066712
DD1,4.7,-5.406760194955117e-06,-7.307469546621725e-06,9.0902237035485e-06,-126.49755365398968,0.6919374713848431
DD1,4.800000000000001,-6.4820681543687325e-06,-7.286797959033367e-06,9.752673072222513e-06,-131.65511822832772,0.7041300588188502
DD1,4.9,-1.8165616238800277e-05,-8.95308422974357e-06,2.0252094473417986e-05,-153.76321037553365,0.7030815740384355
DD1,5.0,-2.506188379879807e-05,1.195651256874053e-05,2.776789895456456e-05,154.49514442007182,0.7376316267010432
DD1,5.1000000000000005,-1.1574123690837758e-06,1.9529352108685483e-05,1.9563619224906372e-05,93.39168273159405,0.6763957281707589
DD1,5.2,3.0397528491246803e-06,4.5614394099985665e-06,5.481498597541523e-06,56.32042772738936,0.6990394041578972
DD1,5.300000000000001,-1.725999744684695e-06,3.83529190413184e-06,4.205774495684578e-06,114.22921607571952,0.6620315423354812
DD1,5.4,4.1203517261042333e-07,5.072780825404258e-06,5.089487035650764e-06,85.35636084673251,0.7389327741707641
DD1,5.5,8.317971557102267e-07,3.6337393564510443e-06,3.727726950685749e-06,77.10659601510741,0.7482226337835085
DD1,5.6000000000000005,1.1686086758716758e-06,2.337358699760632e-06,2.613214864619682e-06,63.436334787820535,0.572371380880778
DD1,5.7,1.3993104307568636e-06,1.3422209037658092e-06,1.938975666719638e-06,43.80704764327897,0.5869997285256043
DD1,5.800000000000001,9.05675396857104e-07,2.516411569903461e-07,9.399846787920072e-07,15.52790836748509,0.47945810644760284
DD1,5.9,-4.098838193113925e-07,3.535316742877603e-07,5.412849434983401e-07,139.22167872347322,0.4733712254531991
DD1,6.0,-4.214435578781039e-07,1.280798761704728e-06,1.3483546048652481e-06,108.21365832276662,0.6952485834984838
DD1,6.1000000000000005,-4.14425958949141e-08,1.328631560403166e-06,1.3292777407501644e-06,91.78658725389293,0.701899156686717
DD1,6.2,-2.820391591800439e-07,1.1648666411494398e-06,1.1985242504737916e-06,103.6106060721149,0.6422721794151157
DD1,6.300000000000001,-4.0356523162397266e-07,1.3777170849437403e-06,1.4356076282611443e-06,106.32652948672411,0.5212885920402776
DD1,6.4,3.389244158558922e-07,7.841975758779123e-07,8.543041599313746e-07,66.6263549044921,0.3258121879130108
DD1,6.5,-6.154735744748854e-08,4.6880583796399233e-07,4.72828712027823e-07,97.47932367763157,0.45496088253614214
DD1,6.6000000000000005,-2.4090482910048086e-07,5.350738181503749e-07,5.868041645676625e-07,114.23857359913828,0.47658951600820737
DD1,6.7,-4.033388564388773e-07,5.617950349056018e-07,6.915893972278694e-07,125.67632957573493,0.3688179372369153
DD1,6.800000000000001,-5.074526997104792e-07,9.359873906882244e-07,1.0646974396375736e-06,118.46467281142172,0.3943144946709035
DD1,6.9,1.5574081957440218e-07,6.014783517581057e-07,6.213142606727727e-07,75.48322065883522,0.2558479449617525
DD1,7.0,-1.0173073955179374e-07,3.1670634348298555e-07,3.32644031018321e-07,107.80778282664984,0.1419176665112685
DD1,7.1000000000000005,4.427545229693264e-07,3.022413373273969e-07,5.360796522898897e-07,34.31895463753237,0.19620873266115874
DD1,7.2,2.3188237898818104e-07,6.775102575984375e-09,2.3198133480979355e-07,1.6735828718713477,0.20574819940248643
DD1,7.300000000000001,-8.475281582349162e-08,-1.3800398186269412e-07,1.6195103827999839e-07,-121.55546365339559,0.08245179222947857
DD1,7.4,-3.4232679562682195e-07,1.4517641638751818e-07,3.7183844190622624e-07,157.01882017660282,0.1402223019983687
DD1,7.5,-2.749581247195902e-08,1.263841020343781e-07,1.293404845766755e-07,102.27386739886234,0.02010932167631084
DD1,7.6000000000000005,-1.4338259357885235e-07,-1.557905117910574e-07,2.1172919426833407e-07,-132.6250734581149,0.07865617715550849
DD1,7.7,-2.0201309867985936e-07,-1.0558470930918675e-07,2.2794170938672909e-07,-152.40561047980242,0.1726900787889141
DD1,7.800000000000001,-2.4978315500220103e-07,-2.8247812167887794e-07,3.7707494447401373e-07,-131.4849353122996,0.23425681460146744
DD1,7.9,-5.076746883029595e-07,-2.25250585159355e-07,5.554020302970984e-07,-156.07357949795,0.45746545079961703
DD1,8.0,-3.8447650361820983e-07,1.7604738292884487e-07,4.22865064613499e-07,155.39749959876394,0.4031621232161083
DD1,8.1,-1.0470158136879859e-07,2.52648729777104e-07,2.7348455495532334e-07,112.50988118997357,0.23970970518003043
DD1,8.200000000000001,-1.3620094962733168e-07,1.2831147018675017e-07,1.8712170387443627e-07,136.70842601716294,0.1263828492147677
DD1,8.3,-3.117318938634988e-07,-1.5884065948174054e-08,3.121363118939698e-07,-177.08305903288732,0.1717515069153463
DD1,8.4,3.7350905565875945e-08,5.950470908297123e-08,7.025596451291535e-08,57.88364619016752,0.010411020565854403
DD1,8.5,1.3124131093164796e-07,-4.452858279817538e-07,4.642238148743056e-07,-73.57791050795664,0.33450245445972826
DD1,8.6,-3.507110867944413e-07,-1.6480590906627362e-07,3.875038761918376e-07,-154.830262686225,0.2874226982019312
DD1,8.700000000000001,9.773477824405094e-08,2.6551492370197095e-07,2.8293154929572145e-07,69.79157922879101,0.15606456726252618
DD1,8.8,3.630578952383982e-07,3.4631732088032785e-08,3.647058981732445e-07,5.448900790136733,0.21206637959640243
DD1,8.9,2.784263130307295e-07,-1.3317676098623048e-07,3.0863775118197924e-07,-25.5627034230696,0.2661359771552925
DD1,9.0,2.8621993076627083e-07,-1.489134986449021e-07,3.2264078918592134e-07,-27.486899712252608,0.30694667322764385
DD1,9.1,5.101022322162512e-07,-3.5684176790318034e-07,6.225273766126831e-07,-34.97469369389438,0.47629329882866844
DD1,9.200000000000001,5.054021110134932e-07,-7.704912954250975e-07,9.214597821623797e-07,-56.737214189222094,0.45343229018263376
DD1,9.3,3.647381630341098e-08,-6.468804342242375e-07,6.479078911835177e-07,-86.77284203886495,0.20833607742743462
DD1,9.4,-2.437246829515177e-07,-7.939372488027636e-07,8.305047116761705e-07,-107.06555943788476,0.41810803236555144
DD1,9.5,-1.5200984212867843e-08,-6.553165471594193e-07,6.554928274985038e-07,-91.32881747315412,0.33961020233337375
DD1,9.600000000000001,2.6524508491519534e-08,-6.981311139165044e-07,6.986348128808182e-07,-87.82417408898321,0.35327446589929207
DD1,9.700000000000001,-2.571702540717525e-07,-5.575952314832592e-07,6.140431432335998e-07,-114.75977295443492,0.32401989617178356
DD1,9.8,-3.3446747497860093e-07,-6.691649587869738e-08,3.410957479055474e-07,-168.68627896601194,0.21231968465971132
DD1,9.9,-1.6805489613337023e-07,1.8309560887569458e-07,2.4852856999540153e-07,132.5473681038326,0.283448116501146
DD1,10.0,2.9998427842203715e-07,-1.093357719938497e-07,3.19288080482002e-07,-20.025365451820743,0.11009947882535577
DD1,10.100000000000001,5.584859247494769e-07,-3.9544323755093346e-07,6.84311246632731e-07,-35.30089933394913,0.17934217386639212
DD1,10.200000000000001,3.782904915528163e-07,-5.540374220118936e-07,6.708659784106335e-07,-55.67518020510422,0.1646522062010248
DD1,10.3,2.8267300502159235e-08,-7.277754592596403e-07,7.283242130934957e-07,-87.77571049982696,0.23610300687203054
DD1,10.4,2.4984556125497647e-07,-8.248066210786695e-07,8.618171306338869e-07,-73.14769903151375,0.4470845812342455
DD1,10.5,3.056759176596364e-07,-9.60203283903833e-07,1.007684530523698e-06,-72.34138590952013,0.4981404321747678
DD1,10.600000000000001,8.222408766307303e-08,-1.400369549500067e-06,1.4027814069765272e-06,-86.6396795525327,0.4997527866915569
DD1,10.700000000000001,-3.081701135687483e-07,-1.8533341315907563e-06,1.8787805146467316e-06,-99.4406964908211,0.5985959200972062
DD1,10.8,-1.1287907960256886e-06,-1.2807419954158663e-06,1.7071815134935484e-06,-131.39156238716168,0.4660783146111749
DD1,10.9,-1.332980548244671e-06,-6.658982861388844e-07,1.4900529082825774e-06,-153.4553088727629,0.5624222695549944
DD1,11.0,-8.640370247687874e-07,-1.0792200009692805e-07,8.707509048380136e-07,-172.88037862370376,0.4925550429468028
DD1,11.100000000000001,-1.8293969134883364e-07,-4.609935344931496e-07,4.959656938895001e-07,-111.645052467512,0.4481325667808009
DD1,11.200000000000001,-2.8705346000316634e-07,-1.0245701365279423e-06,1.0640223933567732e-06,-105.6512598045546,0.6563112013298803
DD1,11.3,-6.156295149281979e-07,-1.2122112825176429e-06,1.3595793074012993e-06,-116.92403885952285,0.7297568716654184
DD1,11.4,-8.266299583247736e-07,-1.1405411693343788e-06,1.4085990369678127e-06,-125.93347099672155,0.7981913435070208
DD1,11.5,-7.545648323034679e-07,-8.634596888897138e-07,1.1467042864168087e-06,-131.14973625066628,0.6938279814614822
DD1,11.600000000000001,-7.413328592555206e-07,-8.044279546859289e-07,1.0939281249205327e-06,-132.66258988703228,0.6424737716975808
DD1,11.700000000000001,-9.124237528597583e-07,-6.294984001931243e-07,1.1085059046429966e-06,-145.3974721643028,0.6942889851795291
DD1,11.8,-7.798280119519633e-07,-1.0543665372427932e-07,7.869235135472347e-07,-172.30001661002723,0.6892380321712976
DD1,11.9,-2.824658652149951e-07,3.114168562048205e-07,4.204371812056465e-07,132.20911651010266,0.5802609611461504
DD1,12.0,8.169834845715075e-07,4.685993128672305e-07,9.418319011810139e-07,29.83739957839213,0.6299071776696701
DD1,12.100000000000001,1.7612466296125006e-06,-3.8019740205288215e-07,1.8018156828180716e-06,-12.181426198261452,0.7619640710429822
DD1,12.200000000000001,2.3833076309902214e-06,-1.1187297182455809e-06,2.6328143585186664e-06,-25.14546133071428,0.7939282863633974
DD1,12.3,2.3279341201984987e-06,-2.498894152605458e-06,3.4152231631198143e-06,-47.028494662541284,0.7807209427184088
DD1,12.4,1.562225899542084e-06,-3.3404734714151406e-06,3.68772460664139e-06,-64.93610597846887,0.840685590752677
DD1,12.5,1.1554309167223121e-06,-3.6568800699604715e-06,3.835073982257952e-06,-72.46550359066886,0.8310026600873196
DD1,12.600000000000001,1.0337280950985238e-06,-4.103079093181425e-06,4.231294343282978e-06,-75.85921071456808,0.8296590482158793
DD1,12.700000000000001,9.141483513816543e-07,-5.117226105202201e-06,5.1982372223761286e-06,-79.8714441269687,0.8498972699664983
DD1,12.8,-1.2128472231270396e-07,-6.075142000100891e-06,6.076352549454017e-06,-91.14370655124297,0.861285936136336
DD1,12.9,-1.2823523653012057e-06,-6.4266949041310775e-06,6.553383475700011e-06,-101.28432777272043,0.8478555593401015
DD1,13.0,-2.72863188653853e-06,-6.746225720432466e-06,7.277155587402221e-06,-112.02175252107322,0.8117077432955113
DD1,13.100000000000001,-5.147042620274647e-06,-6.432776016972941e-06,8.23848620921744e-06,-128.6642712137924,0.8353044211984986
DD1,13.200000000000001,-6.8475638602067125e-06,-5.5973145869755905e-06,8.844154080813992e-06,-140.7368547168295,0.809941518577972
DD1,13.3,-8.936454981318419e-06,-3.293518284567433e-06,9.524048000924333e-06,-159.7687045329311,0.7734006131623598
DD1,13.4,-9.574838780201774e-06,-3.297139903926713e-07,9.580514024952756e-06,-178.02777271119382,0.8272696867967527
DD1,13.5,-8.464587036742383e-06,2.427702415659011e-06,8.805848779168524e-06,163.99674052324715,0.8012181698041396
DD1,13.600000000000001,-5.458853124248795e-06,3.6118628853138173e-06,6.545581023440798e-06,146.5092933063559,0.8149048974866699
DD1,13.700000000000001,-4.611170453096546e-06,2.914310325297185e-06,5.454914996555344e-06,147.70666423753698,0.7803912952242062
DD1,13.8,-2.8194054448048332e-06,2.906681902110325e-06,4.049425482985313e-06,134.12677100984322,0.6752978211217946
DD1,13.9,-1.7964287307667043e-06,2.5950613229846233e-06,3.1561843188848737e-06,124.6928820670819,0.8022927017773257
DD1,14.0,-1.0747482157455073e-06,1.7546135987657407e-06,2.057608468154672e-06,121.48859458699596,0.6862508644340531
DD1,14.100000000000001,-8.856300464803335e-07,1.8243881575378642e-06,2.027987359081205e-06,115.89376714368696,0.8362079420640972
DD1,14.200000000000001,-3.245208462733925e-07,1.5713949127550296e-06,1.6045546894694446e-06,101.66855145084597,0.6761838752480058
DD1,14.3,-3.604576565492952e-07,1.468826317752402e-07,3.892354424795235e-07,157.82963099593704,0.10690254885305812
DD1,14.4,-7.948356636889889e-07,-2.6989780924071617e-07,8.39409649518549e-07,-161.2443471602513,0.3558926071256313
DD1,14.5,-2.1037052108640027e-06,-2.7633266818119637e-07,2.121776462712436e-06,-172.51674300834736,0.616995467206223
DD1,14.600000000000001,-2.5825080528657874e-06,7.132752829856138e-07,2.6791994088598275e-06,164.5601245380843,0.6533230289802288
DD1,14.700000000000001,-2.8563212824501887e-06,1.519399018487106e-06,3.2352966859250285e-06,151.9895851726118,0.5558722336004462
DD1,14.8,-1.4054193417473968e-06,2.569716420935062e-06,2.9289325718051265e-06,118.67496018733232,0.48919226273180066
DD1,14.9,-9.307579988274435e-07,2.727037648228959e-06,2.8815004402636138e-06,108.8451503706651,0.5183977735695938
DD1,15.0,-8.467692893970036e-07,1.9231140819844204e-06,2.101281990070035e-06,113.76444663352841,0.2489789656602595
DD1,15.100000000000001,5.383596606802477e-08,1.3718286755649753e-06,1.3728846369396198e-06,87.752640942499,0.20144157179801458
DD1,15.200000000000001,5.741549768089436e-07,9.100182280871789e-07,1.076005163949229e-06,57.75107021176012,0.13295749954087505
DD1,15.3,-2.1513845968316204e-07,8.67419323310785e-07,8.937006429939411e-07,103.92949109227577,0.04635411316991088
DD1,15.4,-6.456766597825411e-07,-1.345215191616938e-06,1.4921468629947034e-06,-115.64008390090153,0.10635848411161232
DD1,15.5,3.784310421985379e-07,-7.870185184217871e-08,3.865281816153381e-07,-11.748270372183642,0.007415512775934721
DD1,15.600000000000001,-8.15963181020907e-07,-6.114296004880145e-07,1.0196283975717283e-06,-143.1545028566184,0.07274381625931195
DD1,15.700000000000001,-8.389036554109341e-08,-1.044911248309654e-06,1.0482733948138994e-06,-94.59012814755536,0.14506095080426532
DD1,15.8,4.067354166344666e-07,-6.70929726557797e-07,7.845893174927461e-07,-58.77464382644371,0.20452763076164215
DD1,15.9,4.365267253050215e-07,1.439146161865877e-07,4.596378995009643e-07,18.246411743996056,0.18291270287764147
DD1,16.0,3.16406996025157e-07,-4.439313582945096e-07,5.451499225083609e-07,-54.52106289619328,0.07992443920421363
DD1,16.1,5.792983963628445e-07,-5.313392133202598e-07,7.860712382731961e-07,-42.52740882880657,0.19485583294643868
DD1,16.2,4.506354761601514e-07,1.1770552060181377e-07,4.6575414324966597e-07,14.638543318283169,0.06915029185102002
DD1,16.3,-2.0722607850350346e-07,-6.155229585641882e-08,2.1617431100187713e-07,-163.45701778683153,0.010448914185634152
DD1,16.400000000000002,-6.454622851941363e-08,-1.0317961411215747e-06,1.033813083903204e-06,-93.57959621716415,0.22622114682799196
DD1,16.5,1.177586640881889e-07,-8.256827235758533e-07,8.340378066847294e-07,-81.8832276331187,0.31290469823231015
DD1,16.6,2.446040853532095e-07,-1.2985634533173043e-06,1.3214000911392594e-06,-79.33246689473069,0.5666799033265923
DD1,16.7,1.7367842026437195e-08,-1.0575989229601639e-06,1.0577415203078462e-06,-89.05917584935754,0.36316837476414393
DD1,16.8,5.620391408516543e-08,-1.1639813605336023e-06,1.1653374994516175e-06,-87.2355675337198,0.4367643056677743
DD1,16.900000000000002,1.8514430939761062e-07,-9.563827896786957e-07,9.74138827732435e-07,-79.0437451750847,0.3213422111630067
DD1,17.0,-4.809622055874052e-07,-8.80294599970374e-07,1.0031167558866227e-06,-118.65065036232151,0.30921956928108724
DD1,17.1,-8.007104233737676e-07,-1.349206861407076e-06,1.5689156564224e-06,-120.68775391305593,0.4939563870078212
DD1,17.2,-5.758220428018621e-07,-1.226429411991393e-06,1.3548801155726154e-06,-115.15056968231285,0.3837718125876955
DD1,17.3,-1.0892967189869705e-06,-1.5886045599296875e-06,1.9261961971266517e-06,-124.4382012886354,0.5162275309370612
DD1,17.400000000000002,-8.728901255181413e-07,-9.66626524974757e-07,1.3024223623739922e-06,-132.0828974339667,0.2547633568314538
DD1,17.5,-1.1601149516745532e-06,-9.440994389874554e-07,1.4957240560328227e-06,-140.8613663359734,0.4481613620929582
DD1,17.6,-1.400102690460265e-06,-1.3844525607158016e-06,1.969008998635256e-06,-135.3220180103933,0.5513113055646653
DD1,17.7,-7.355620953598571e-07,-1.0537461816445956e-06,1.2850807801304743e-06,-124.91676867810249,0.28847331150382344
DD1,17.8,-4.86784663111682e-07,-1.4362497127145632e-06,1.51650009743271e-06,-108.72293796973595,0.28407978271253204
DD1,17.900000000000002,-6.244859414455538e-07,-1.8811219356363309e-06,1.9820702378561953e-06,-108.36488956977301,0.284797449790087
DD1,18.0,-1.4689784007867636e-06,-1.732442100631938e-06,2.2713989464689024e-06,-130.2953954241964,0.45363754688893015
DD1,18.1,-1.285275334234544e-06,-2.180367694114897e-06,2.5309950545845858e-06,-120.51834684311493,0.6901151311091237
DD1,18.2,-1.0707465660656892e-06,-1.9032766431643775e-06,2.1837949054699544e-06,-119.36126263546954,0.5926060952992951
DD1,18.3,-1.20333002834751e-06,-1.7147029322505592e-06,2.0948053138636737e-06,-125.06009246954413,0.6023109930312472
DD1,18.400000000000002,-1.1634981850682531e-06,-1.4481649681737137e-06,1.8576624563420266e-06,-128.7794160110932,0.4643634880396934
DD1,18.5,-7.123796162211877e-07,-9.826714520624254e-07,1.2137248041899458e-06,-125.93992626370972,0.246348632897816
DD1,18.6,-7.279139769028908e-07,-2.0320357573148983e-06,2.1584781853836082e-06,-109.70849291235422,0.41109741665193134
DD1,18.7,-7.541371659285631e-07,-2.463814643084281e-06,2.576646165175049e-06,-107.01857356692632,0.4027178242894575
DD1,18.8,-1.2814325073537095e-06,-1.5982609274082352e-06,2.048537835379822e-06,-128.72147988298374,0.5008458167302696
DD1,18.900000000000002,-1.1977890353311322e-06,-2.009008050681791e-06,2.338976682411292e-06,-120.80378485420525,0.6578614699833183
DD1,19.0,-7.0214252926084e-07,-2.163190575888308e-06,2.274290570487597e-06,-107.98273228569232,0.5746140311646248
DD1,19.1,-1.1696294155008252e-06,-2.581924840740842e-06,2.8344962255821445e-06,-114.3708479140172,0.6069266427241082
DD1,19.200000000000003,-1.4479599178897384e-06,-2.3733072427829824e-06,2.78013941960856e-06,-121.38745758382373,0.5596037354096709
DD1,19.3,-1.6539271529640814e-06,-2.471153142136367e-06,2.9735623213920223e-06,-123.79414470453663,0.6298984061315002
DD1,19.400000000000002,-1.909951145787994e-06,-2.2908632921873406e-06,2.9826109372139523e-06,-129.8188292510952,0.635804516920997
DD1,19.5,-1.6514269310567058e-06,-2.4542159818669585e-06,2.9581053047974085e-06,-123.93636894603216,0.6174124829898884
DD1,19.6,-1.7775912343701438e-06,-1.9836067922570356e-06,2.663555237421934e-06,-131.8648184534784,0.7116207654406078
DD1,19.700000000000003,-1.140940068620289e-06,-1.4678686157999594e-06,1.85913488306625e-06,-127.85709086733202,0.6124509178673295
DD1,19.8,-1.1763396318503535e-06,-2.0711213794570464e-06,2.3818729390767016e-06,-119.59537628650592,0.7157560830725471
DD1,19.900000000000002,-1.1346311235103937e-06,-2.2207532174111134e-06,2.4938188865834404e-06,-117.06347728752314,0.727235401982971
DD1,20.0,-7.566888231457168e-07,-2.6223926887021914e-06,2.729381136600815e-06,-106.09544317961891,0.6572190809505556
DD1,20.1,-3.892379382359358e-07,-3.116193891181723e-06,3.1404092949805843e-06,-97.11983326490399,0.6277841877734784
DD1,20.200000000000003,-4.952144609240442e-07,-3.8710263572479e-06,3.902573820034188e-06,-97.29016370401793,0.6372728791104856
DD1,20.3,-8.969545611729946e-07,-4.279624509669545e-06,4.372609453012393e-06,-101.8371250813194,0.6740446417321412
DD1,20.400000000000002,-1.187463105064876e-06,-3.5689364470547416e-06,3.761299773882167e-06,-108.40341070343551,0.5429223666513506
DD1,20.5,-2.399576208779909e-06,-3.4390335604419735e-06,4.193437469617111e-06,-124.90530226050286,0.6628361880306238
DD1,20.6,-2.3558808937185798e-06,-3.565833039785894e-06,4.273796912935495e-06,-123.4520126683589,0.6278923664340981
DD1,20.700000000000003,-1.9389492270165266e-06,-2.546014269924209e-06,3.200267608748632e-06,-127.2915419940454,0.4472985200206218
DD1,20.8,-2.619450353393809e-06,-2.477351928690113e-06,3.605383853694302e-06,-136.59698789016693,0.5602188946569489
DD1,20.900000000000002,-2.3774285605457723e-06,-3.113403626016197e-06,3.917326728649214e-06,-127.36574337322303,0.4503793879790567
DD1,21.0,-2.201132185301888e-06,-3.821793158441949e-06,4.410338517969517e-06,-119.93945833228885,0.5732634860697577
DD1,21.1,-2.266841034849081e-06,-5.723829195538907e-06,6.156361663919626e-06,-111.60533676784056,0.7402343420161875
DD1,21.200000000000003,-2.4437298261387393e-06,-6.123283413145683e-06,6.592906431981658e-06,-111.75635621471882,0.7565763760565299
DD1,21.3,-2.5738865697677917e-06,-6.432329921669649e-06,6.92818593105278e-06,-111.80873935235053,0.720218863834703
DD1,21.400000000000002,-3.039443093172837e-06,-4.54382947630035e-06,5.46668095157674e-06,-123.77922254736757,0.5290230036294162
DD1,21.5,-3.6542508748892073e-06,-5.234160814983411e-06,6.383571797492087e-06,-124.92097753879032,0.6632754005436545
DD1,21.6,-3.404195523328378e-06,-5.637423266991277e-06,6.585521107115485e-06,-121.12595784947268,0.6317109538798172
DD1,21.700000000000003,-4.375647011631807e-06,-5.6759153965544835e-06,7.1667497765198e-06,-127.62916039303695,0.5572938458760959
DD1,21.8,-5.038315643105099e-06,-7.241614134418119e-06,8.821881873577873e-06,-124.82806678307486,0.5523398296577896
DD1,21.900000000000002,-4.325667538245787e-06,-7.929130653046584e-06,9.032303834820677e-06,-118.61428649229063,0.42749538825670896
DD1,22.0,-6.549251793685084e-06,-6.561786642776004e-06,9.270908423795418e-06,-134.94522220841583,0.4671653886635813
DD1,22.1,-4.725264257782612e-06,-4.459385398999084e-06,6.497248682533559e-06,-136.6581452644008,0.29109468138093225
DD1,22.200000000000003,-6.4682888042483585e-06,-2.1030570519500474e-06,6.801588712861244e-06,-161.9889230303487,0.3799936469861805
DD1,22.3,-8.182394710635632e-06,-3.563773612310085e-06,8.924800589393336e-06,-156.4648692185337,0.46663594124507435
DD1,22.400000000000002,-8.210010053793135e-06,-2.7101828859024966e-06,8.645771010061691e-06,-161.7315747444972,0.3671526550184169
DD1,22.5,-1.0816794045344357e-05,-1.2315077282924655e-06,1.088667280229553e-05,-173.50475994886241,0.4844791711682501
DD1,22.6,-7.0624420121738e-06,5.580200899139004e-07,7.084452949668381e-06,175.482311857054,0.32002396039524805
DD1,22.700000000000003,-7.958795478548701e-06,-5.902163080056347e-07,7.980650397029245e-06,-175.7587659295863,0.46856846939724384
DD1,22.8,-1.0253609899578147e-05,5.631414462951459e-07,1.0269062482099443e-05,176.85640027338783,0.4744045867096114
DD1,22.900000000000002,-8.744660645095695e-06,4.4370521564413846e-06,9.805943179361515e-06,153.09670366314435,0.4369789697629561
DD1,23.0,-1.0617429489341744e-05,6.402357796252842e-06,1.239838676249387e-05,148.90983375902763,0.5682667279839467
DD1,23.1,-9.522592343982298e-06,7.791266443491155e-06,1.2303804198017035e-05,140.7103966199359,0.4946076862446153
DD1,23.200000000000003,-7.370908207825599e-06,9.396743497512722e-06,1.194274156825971e-05,128.11102457861563,0.5155428377659098
DD1,23.3,-5.181201773222866e-06,9.43193940558372e-06,1.076133508285337e-05,118.78110039240258,0.49108447548294065
DD1,23.400000000000002,-3.032101457851745e-06,8.97317734770192e-06,9.471618180861048e-06,108.67048252716029,0.551342335400134
DD1,23.5,-1.793542208616851e-06,9.260103930185561e-06,9.432195844655065e-06,100.9616010721168,0.6653397518675488
DD1,23.6,1.4332583724232007e-07,6.44367937487805e-06,6.445273165805309e-06,88.72578829300082,0.46267233049818945
DD1,23.700000000000003,9.26231743834738e-07,5.040423986035875e-06,5.124819919011098e-06,79.58745498146017,0.4287556524871826
DD1,23.8,1.263723280844965e-06,5.754417777734056e-06,5.891546527971354e-06,77.61393884766397,0.4333955023100678
DD1,23.900000000000002,1.9648786258570215e-06,6.647372517443855e-06,6.931688784128846e-06,73.53299196491572,0.5167138403187984
DD1,24.0,2.6684027266272686e-06,5.661898901523625e-06,6.2591910246090326e-06,64.76591402491947,0.6428461152764531
DD1,24.1,2.0511735034052587e-06,3.838088383745361e-06,4.351808265826159e-06,61.87880246694011,0.5527773652923855
DD1,24.200000000000003,8.38227007162893e-07,2.0122707825060474e-06,2.1798757344547787e-06,67.3854521498199,0.2827745336399401
DD1,24.3,4.535406966171313e-07,1.827854633909245e-06,1.883282168500369e-06,76.06478529933328,0.3206147543681091
DD1,24.400000000000002,1.0530468368579433e-06,1.3420788302217114e-06,1.7058966050572341e-06,51.880900802794024,0.30548337449590274
DD1,24.5,1.0201204591115964e-06,9.553049171142473e-07,1.397588364204823e-06,43.12074642071649,0.3583350194575075
DD1,24.6,5.102021647961395e-07,3.6090018902815856e-07,6.249441538275462e-07,35.27432916207358,0.11671369083422466
DD1,24.700000000000003,-1.5985064346173174e-07,-2.2695823348129903e-08,1.6145379714512506e-07,-171.91907467904647,0.01321854254237058
DD1,24.8,-3.877498862504219e-07,-3.234412690793325e-07,5.049398269406606e-07,-140.1668513224967,0.06741600153115565
DD1,24.900000000000002,-2.04823776819144e-06,-2.3533703898153595e-07,2.0617132382953863e-06,-173.44560976882948,0.4235555447220923
DD1,25.0,-2.5717714985724726e-06,-9.70266042644e-08,2.5736011351421146e-06,-177.83939608278155,0.641699810399295
DD1,25.1,-2.8233737292385662e-06,-2.1810728377148478e-07,2.8317856561167662e-06,-175.58264043136444,0.5275177012905609
DD1,25.200000000000003,-3.2160484116783838e-06,7.48017323375806e-07,3.301892987716192e-06,166.90643220995983,0.6263935830147301
DD1,25.3,-3.1734236984171165e-06,7.006361401042553e-07,3.249847530345933e-06,167.5498291182756,0.6192741669983753
DD1,25.400000000000002,-3.194608032404578e-06,1.1642776285870222e-06,3.4001563018679113e-06,159.97568750095553,0.6579674228029022
DD1,25.5,-3.676345779981769e-06,1.0172048476926606e-06,3.8144755859959586e-06,164.53381303097882,0.7434727764665187
DD1,25.6,-3.4556936825342215e-06,1.1540188669511391e-06,3.643292243670019e-06,161.53340764211052,0.5831108541117144
DD1,25.700000000000003,-3.4678983934618175e-06,1.2405933943321502e-06,3.683122484718044e-06,160.31602247053175,0.6493119323053356
DD1,25.8,-3.722075189368332e-06,1.1181607823072095e-06,3.886402867743021e-06,163.27903467768041,0.5595163951572142
DD1,25.900000000000002,-4.013886885847613e-06,1.8404445326779624e-06,4.41571330707097e-06,155.36763132255828,0.6929356541137415
DD1,26.0,-4.266631221006093e-06,2.5111143368295314e-06,4.950741074697278e-06,149.5211752886276,0.7715148683080518
DD1,26.1,-3.2259745162955467e-06,3.0170161160075086e-06,4.416933078962972e-06,136.91702458521655,0.7365144737871533
DD1,26.200000000000003,-3.0735382530589836e-06,2.6607711925501247e-06,4.065260229323762e-06,139.11716367751592,0.7920668728050392
DD1,26.3,-2.910432733746275e-06,2.3996149413737217e-06,3.7721042621494207e-06,140.49485072349805,0.7845335535052819
DD1,26.400000000000002,-3.104029964867126e-06,1.8359203788840818e-06,3.6063285569114307e-06,149.39723523812947,0.8278454483458938
DD1,26.5,-3.755821187026739e-06,1.957090081549654e-06,4.2351380586964314e-06,152.47679996726333,0.8523729324342545
DD1,26.6,-3.688117432243681e-06,2.0536588100792723e-06,4.221341576114865e-06,150.88957562622826,0.7280207047741427
DD1,26.700000000000003,-3.8953178536294455e-06,2.3326980690484933e-06,4.540372392452725e-06,149.08485772777763,0.778284994186753
DD1,26.8,-3.898630908903032e-06,2.4445409572158285e-06,4.601641387087846e-06,147.91123959474677,0.7404969398237767
DD1,26.900000000000002,-3.4842920316828617e-06,2.5060097222504013e-06,4.2918965143701e-06,144.2751531523124,0.686161734256473
DD1,27.0,-3.228493517900568e-06,3.040916703851353e-06,4.435126243399184e-06,136.71374247663857,0.658753143300842
DD1,27.1,-2.6050721977363445e-06,2.625506721084948e-06,3.6986060479430764e-06,134.77616129956098,0.6179202582975983
DD1,27.200000000000003,-2.9823715127186977e-06,3.141996999943307e-06,4.332053206913409e-06,133.50698132877207,0.6931891547926814
DD1,27.3,-2.3437050099412577e-06,3.294983288631892e-06,4.043497007045657e-06,125.42405073216496,0.6611929031434549
DD1,27.400000000000002,-2.326399976675195e-06,3.109999968671284e-06,3.8838430267725466e-06,126.79790620134023,0.7127787551696974
DD1,27.5,-2.3470753086814123e-06,3.247918623498257e-06,4.007210736845364e-06,125.85337417142026,0.6984612481076049
DD1,27.6,-1.7459244013322211e-06,3.5909870669288787e-06,3.992923757100522e-06,115.9288465139335,0.663532934443452
DD1,27.700000000000003,-1.838731759303954e-06,3.5282068435628584e-06,3.978589952940213e-06,117.52635924517995,0.6660059421909714
DD1,27.8,-2.044818038987257e-06,3.434061924738097e-06,3.996756449360358e-06,120.77175585821676,0.5618773778945453
DD1,27.900000000000002,-1.3537801350678229e-06,3.6689863923496464e-06,3.910777646626196e-06,110.25301835808597,0.5419799451076092
DD1,28.0,-3.379739219837635e-07,2.829742979676303e-06,2.849854681026457e-06,96.81092996028465,0.4934671679556722
DD1,28.1,-4.635784684035493e-07,2.213569090364804e-06,2.261590837040566e-06,101.82826559596229,0.46472503158299466
DD1,28.200000000000003,-4.1093272792059197e-07,2.8510308009485746e-06,2.880493418640933e-06,98.20182924224582,0.5138915121614869
DD1,28.3,5.538253414995341e-07,2.3101057585175927e-06,2.3755654325703633e-06,76.51833935717293,0.4426847699057737
DD1,28.400000000000002,5.103910061129859e-09,2.137076139076668e-06,2.137082233819923e-06,89.86316259670049,0.5695246819783873
DD1,28.5,2.0816079123041537e-07,2.605065143643754e-06,2.6133685766904993e-06,85.43142037078177,0.5000703290088846
DD1,28.6,4.679552050806665e-07,9.248139596888229e-07,1.0364665619292348e-06,63.160622126837985,0.16716718758668006
DD1,28.700000000000003,-1.3943697000632527e-07,1.2160018658547195e-06,1.2239702636774735e-06,96.54144354755464,0.28576522563905643
DD1,28.8,-3.073289515503555e-07,1.2246197901498589e-06,1.262594438007599e-06,104.08792839781674,0.30149846320685725
DD1,28.900000000000002,-3.5372266235398925e-07,7.613999572721751e-07,8.395532245169834e-07,114.9181105495854,0.2242949125760922
DD1,29.0,-3.7469060117429644e-07,8.773810673182716e-07,9.540390892918932e-07,113.12518218718586,0.20468724878516859
DD1,29.1,-6.780691060604754e-07,1.245707747577164e-06,1.4182966914462657e-06,118.56053053964236,0.3353447867919729
DD1,29.200000000000003,-6.015044215257067e-07,1.2314916378953742e-06,1.3705397561987053e-06,116.03253249732158,0.20299409945903032
DD1,29.3,-1.1852495638919848e-07,1.5850976330651914e-07,1.9792299095999465e-07,126.78713585749927,0.0035173078068465877
DD1,29.400000000000002,-1.1617096329645308e-06,8.771249467134724e-07,1.455650178947434e-06,142.9461219495073,0.13283155833049598
DD1,29.5,-1.814833889325668e-07,1.3661091715227333e-06,1.378111203414651e-06,97.56725871299541,0.15258133394680085
DD1,29.6,-4.152444091856813e-07,3.524375099508905e-07,5.446467825851444e-07,139.67716285176107,0.04874960136382459
DD1,29.700000000000003,-3.304079095850397e-07,5.508819535354499e-07,6.42370853516401e-07,120.95448195744552,0.08175513232178314
DD1,29.8,-3.6364291862527655e-09,1.1162206554912093e-06,1.1162265788640099e-06,90.18665781425004,0.1391028262260222
DD1,29.900000000000002,-3.971456427240882e-07,1.6362299212488328e-06,1.6837378111584626e-06,103.64299605756351,0.24155642606476893
DD1,30.0,5.899505973930866e-07,1.0198288961922468e-06,1.178173452795961e-06,59.95147808896803,0.12827252625128474
DD2,1.0,1.4750482845683173e-08,-2.664417012055155e-07,2.6684968968591666e-07,-86.8312820927738,0.9908904685361106
DD2,1.1,1.6628294479988957e-08,-2.899659861434476e-07,2.9044237517527514e-07,-86.71792956717704,0.9924810160327976
DD2,1.2000000000000002,2.9521527780427156e-08,-3.1705647848419007e-07,3.1842790573579793e-07,-84.68045543594393,0.9926507239996611
DD2,1.3,1.4687950399129336e-08,-3.525864469718953e-07,3.5289224768361295e-07,-87.61456721471087,0.9932057230124244
DD2,1.4000000000000001,2.591597961690873e-08,-3.8432416270208046e-07,3.851969626517832e-07,-86.14223651889512,0.9936890732222363
DD2,1.5,4.089545671502024e-08,-4.0094135702747885e-07,4.0302160010967944e-07,-84.1760519262965,0.9932551850760792
DD2,1.6,2.494575177144341e-08,-3.699121214903212e-07,3.7075230027191016e-07,-86.14198771278805,0.9921620189913065
DD2,1.7000000000000002,-5.5150527494065113e-08,-3.560386938227634e-07,3.602847931593743e-07,-98.80515877755992,0.9826507577419707
DD2,1.8,-1.4439073468265257e-07,-3.9121609159801393e-07,4.1701164802367547e-07,-110.2581852307715,0.9808285448386448
DD2,1.9000000000000001,-1.0774834515157256e-07,-5.298793824498478e-07,5.407234652096528e-07,-101.49409873005727,0.9907653398594902
DD2,2.0,9.132514547644453e-08,-7.249683987758882e-07,7.306979276143932e-07,-82.82020015043958,0.9891668702955486
DD2,2.1,2.3039925592505672e-07,-7.927484091603921e-07,8.255506388811968e-07,-73.7943648031091,0.9915106719331032
DD2,2.2,3.2807896880754525e-07,-5.277483129105505e-07,6.214129798722863e-07,-58.13251830126335,0.9757219917029003
DD2,2.3000000000000003,3.558771658593299e-07,-2.4554510520793394e-07,4.323666914456343e-07,-34.60456964694331,0.9732240677798842
DD2,2.4000000000000004,9.729935106142044e-09,-2.382788560814357e-08,2.5737905309572316e-08,-67.78772590565893,0.08336581980759641
DD2,2.5,-2.2497782044693217e-07,1.2914083578666185e-07,2.5940773920746777e-07,150.14349280991414,0.8666114254394934
DD2,2.6,-4.0277121697885776e-07,-5.626389283561201e-07,6.91944518677873e-07,-125.59739489917344,0.9538665992393672
DD2,2.7,-8.383764029697681e-07,-1.1051249707799828e-06,1.3871467817422874e-06,-127.18489519158409,0.9705683898755672
DD2,2.8000000000000003,-6.951863871984003e-07,-1.7177566057926421e-06,1.853097911522816e-06,-112.03347417236705,0.9907683076494883
DD2,2.9000000000000004,-6.939783223609595e-07,-1.9706948695635585e-06,2.0893166779670006e-06,-109.39966651461586,0.9694923274708384
DD2,3.0,2.1247299314091632e-07,-2.2616409679149346e-06,2.2715995775148097e-06,-84.63302116144077,0.9656188091787379
DD2,3.1,6.95323388368697e-07,-3.245749621469234e-06,3.319392296743517e-06,-77.9085237539042,0.9837324641825895
DD2,3.2,7.820053332413181e-07,-3.6352423039752756e-06,3.7184027417466946e-06,-77.8596686554952,0.9394327676017282
DD2,3.3000000000000003,1.1870855217434496e-06,-4.302898351592406e-06,4.4636427119640255e-06,-74.57686015347133,0.8872737449320123
DD2,3.4000000000000004,9.258456672992161e-07,-6.52834200416777e-06,6.593666622072881e-06,-81.92817416939654,0.7793656856876889
DD2,3.5,-3.8229818773379914e-06,-8.31746243826466e-06,9.153981201990651e-06,-114.68508208333708,0.7964711608665292
DD2,3.6,-1.0305683766372003e-05,-3.7229294090835507e-06,1.0957523501114776e-05,-160.1377405405129,0.8430629198099987
DD2,3.7,-3.764993946865345e-06,6.81171426787925e-06,7.782970556745184e-06,118.93045631964316,0.8854636370527046
DD2,3.8000000000000003,6.694196935095709e-06,1.6291923732720087e-08,6.694216760206058e-06,0.13944265997954317,0.9351917887320322
DD2,3.9000000000000004,-1.5097450129536352e-06,-9.157585218808249e-06,9.281201271595918e-06,-99.36173151364078,0.922983744880046
DD2,4.0,-6.5036930474221e-06,4.2109561042297426e-07,6.5173111609162915e-06,176.29543236408003,0.6957463519069338
DD2,4.1000000000000005,4.306185579901857e-06,2.810111299335848e-06,5.141980140297092e-06,33.12748293334131,0.645394006919994
DD2,4.2,1.645838075092518e-06,-7.679390665921103e-06,7.853777687792062e-06,-77.90342847050026,0.9367257357950203
DD2,4.3,-2.676385841785754e-06,-3.924418677895465e-06,4.750168747900018e-06,-124.29331324567019,0.906157566553132
DD2,4.4,-3.5033208371590047e-07,-5.696025824669977e-06,5.706789181684217e-06,-93.51952351312991,0.928131542741468
DD2,4.5,-4.1357246094004355e-06,-4.207037611166124e-06,5.899439253570355e-06,-134.51025398937483,0.8913330739428599
DD2,4.6000000000000005,1.0549714067615002e-07,-5.4983071895571e-06,5.499319193993574e-06,-88.90078907863675,0.9498478169031817
DD2,4.7,-6.255899540158211e-06,-8.903028880481242e-06,1.0881185703002903e-05,-125.09459791083047,0.9766345064185846
DD2,4.800000000000001,-6.44296753045252e-06,-8.579913569782375e-06,1.0729713298285336e-05,-126.90421132769609,0.9696397824722908
DD2,4.9,-2.0016184745252323e-05,-1.1520607558239068e-05,2.3094848998576e-05,-150.0767924002951,0.968838381468318
DD2,5.0,-2.62643195342152e-05,1.067869358144534e-05,2.835223055073022e-05,157.87405002380794,0.9749158184693593
DD2,5.1000000000000005,-4.33837063060496e-06,2.275984109269706e-05,2.3169631552817524e-05,100.79198097491019,0.9693617878388338
DD2,5.2,2.988153935363954e-06,5.310412033873107e-06,6.0934013416921255e-06,60.633664555345256,0.9542225833155675
DD2,5.300000000000001,-2.619316703945083e-06,4.065396759912592e-06,4.83614214132231e-06,122.7934998262511,0.9344435354788425
DD2,5.4,-6.454711593773841e-07,6.1608361795907254e-06,6.1945569211479545e-06,95.98106155793326,0.9740661275416359
DD2,5.5,8.490924025565143e-07,4.606196849637905e-06,4.683802656570124e-06,79.55551750094578,0.9667223544246891
DD2,5.6000000000000005,1.8289248349831745e-06,3.1749050408702234e-06,3.6640125641926215e-06,60.05562475824359,0.9322910392317343
DD2,5.7,1.7233277172272932e-06,1.7072987033721924e-06,2.4258456841893723e-06,44.73229724018519,0.9547793184358254
DD2,5.800000000000001,1.282136338561037e-06,4.885360154758049e-07,1.3720572251461226e-06,20.858482301793924,0.9102772926881435
DD2,5.9,-6.777251683787728e-07,4.395344712514148e-07,8.077759313524368e-07,147.03482372892145,0.74533240701157
DD2,6.0,-6.514901112748449e-07,1.5208059725959956e-06,1.654475799572953e-06,113.18955450920706,0.9091651965201766
DD2,6.1000000000000005,-2.5152223878461746e-07,1.6987146610424222e-06,1.7172346771026078e-06,98.42237498556169,0.9352547099273276
DD2,6.2,-3.9231438907039133e-07,1.6252095589337755e-06,1.6718901549807008e-06,103.571181488584,0.9338854263181176
DD2,6.300000000000001,-3.5222310594500305e-07,2.057284407062545e-06,2.0872183038446724e-06,99.71528910125615,0.8644206466483955
DD2,6.4,4.897452560509834e-07,1.3345943877714363e-06,1.4216161914157626e-06,69.8487884330333,0.7111963351921277
DD2,6.5,-1.4910962778663845e-07,7.277556294105472e-07,7.428741059139237e-07,101.57906088165801,0.7495180935528215
DD2,6.6000000000000005,-3.6525459220997195e-07,8.238226680280853e-07,9.011629738773036e-07,113.91084879291114,0.7061991658745967
DD2,6.7,-4.694050536869024e-07,9.660290970051463e-07,1.0740359959923978e-06,115.91566940861007,0.6198035075409447
DD2,6.800000000000001,-5.823504182777632e-07,1.5914324228632469e-06,1.694635408047604e-06,110.09901105868127,0.7856486743318468
DD2,6.9,1.6186626014456173e-07,1.3094423224043093e-06,1.3194089138234508e-06,82.95315024073818,0.7269001250802251
DD2,7.0,-5.566724031374946e-07,1.1130548258318957e-06,1.2444979749772778e-06,116.57102169691865,0.5939387981286075
DD2,7.1000000000000005,1.4741457219206422e-06,1.103857042627096e-06,1.8416313366182627e-06,36.8262856723237,0.6613432367353287
DD2,7.2,3.633843898072479e-07,6.638453112671836e-11,3.633843958709453e-07,0.010467024789426883,0.28268505174451874
DD2,7.300000000000001,-2.1833314363699836e-07,-4.848995986351203e-07,5.317865947604499e-07,-114.24035347026606,0.49173251099125853
DD2,7.4,-8.127927069946616e-07,8.700146872914956e-08,8.174357712412266e-07,173.89031331868176,0.4351095721355029
DD2,7.5,-2.0131858370184682e-07,3.4402922131635127e-07,3.9860416112134667e-07,120.33526311203862,0.10343254724949802
DD2,7.6000000000000005,-2.2427483326659136e-07,-2.8597410324455675e-07,3.634286567722553e-07,-128.10527189633297,0.16906661493754657
DD2,7.7,-2.2913231839700546e-07,-2.052233632959333e-07,3.0760079352381607e-07,-138.15064645388978,0.2959399059166986
DD2,7.800000000000001,-3.1873775850513e-07,-6.370720033983471e-07,7.123584043238756e-07,-116.57956551640171,0.6438908370851788
DD2,7.9,-6.886741769957799e-07,-4.1565725859985747e-07,8.043898797769421e-07,-148.8864334745428,0.8948012331754613
DD2,8.0,-5.769764836498501e-07,1.7839751706150563e-07,6.039267644165607e-07,162.81871854309566,0.8154941271020584
DD2,8.1,-2.0805375744147475e-07,3.5301785322573964e-07,4.097657509866166e-07,120.51329477074158,0.4405186267810235
DD2,8.200000000000001,-1.9599758405063487e-07,1.7181621782722432e-07,2.606450952197986e-07,138.76141203944752,0.19687888432792525
DD2,8.3,-4.377121177060817e-07,-2.2792303009266855e-08,4.3830513008999675e-07,-177.01921801770374,0.26767773309924736
DD2,8.4,-5.146384054008963e-08,9.378551830479787e-08,1.0697780296320985e-07,118.75532637876049,0.01782703427205846
DD2,8.5,4.0105991835352893e-07,-7.543156820136068e-07,8.543074424593245e-07,-62.00099745740491,0.5383064943592983
DD2,8.6,-6.924347331991106e-07,-4.931647244866762e-07,8.501042907893964e-07,-144.5408327891779,0.6287717838389351
DD2,8.700000000000001,4.6331227359990984e-08,4.0007144664792664e-07,4.027452607438702e-07,83.39415193696853,0.177056027850242
DD2,8.8,6.297398182120051e-07,1.3003089168861816e-07,6.430243163637177e-07,11.666673534362918,0.28459922192747206
DD2,8.9,5.40629607355552e-07,-1.7706207106503023e-07,5.688860600851951e-07,-18.134183714809836,0.4448276448369071
DD2,9.0,6.119903722562001e-07,-1.994809004587012e-07,6.436807014212067e-07,-18.053602126930222,0.5300013086599736
DD2,9.1,9.145822465016485e-07,-5.182104573849208e-07,1.051191116666751e-06,-29.53627768615463,0.7822198923561888
DD2,9.200000000000001,7.247679087889832e-07,-1.3504338325511115e-06,1.532631742366391e-06,-61.777871729924655,0.7433310833164931
DD2,9.3,-3.846723399587815e-07,-1.5301348148057442e-06,1.57774692540026e-06,-104.11158906365885,0.728131451104912
DD2,9.4,-4.474953344602492e-07,-1.2859699904352312e-06,1.3616059968521287e-06,-109.18701345254594,0.7713961080175336
DD2,9.5,-6.096625339159936e-08,-1.2165183603444839e-06,1.2180450751543804e-06,-92.86899824378804,0.5910219903826458
DD2,9.600000000000001,-1.3513693999358086e-07,-1.3452028205948968e-06,1.3519736022154038e-06,-95.73659701264303,0.7015167239479809
DD2,9.700000000000001,-6.905218741663859e-07,-8.865371212702721e-07,1.1237297389018587e-06,-127.91494883163402,0.7217142743608594
DD2,9.8,-4.910143625016764e-07,-9.012904312200488e-08,4.992177366610844e-07,-169.59875330076275,0.34497520607001675
DD2,9.9,-1.4911895395653166e-07,2.426348565543702e-07,2.847949017174465e-07,121.5741247668122,0.33100244510381693
DD2,10.0,4.1065262332106045e-07,-6.079670484128579e-08,4.151286744613376e-07,-8.421409438552434,0.15900423223114082
DD2,10.100000000000001,8.267428949212721e-07,-5.358058782346015e-07,9.851861516756913e-07,-32.94697027653816,0.3446891393413107
DD2,10.200000000000001,7.561872029598983e-07,-7.643673343083709e-07,1.075209983062843e-06,-45.30823128619624,0.32206690564911106
DD2,10.3,2.3584759131369247e-07,-1.2469448077962562e-06,1.269052969744964e-06,-79.2895779659372,0.45249848978758306
DD2,10.4,5.277462269053687e-07,-1.0899353412883052e-06,1.210981060216099e-06,-64.16375415910147,0.7637171688846719
DD2,10.5,4.491033995101682e-07,-1.4075527802495006e-06,1.4774636011217631e-06,-72.30384193197872,0.8933719861809155
DD2,10.600000000000001,3.389878234660266e-08,-1.877874766413936e-06,1.8781807063695382e-06,-88.96582761257433,0.9497563442563459
DD2,10.700000000000001,-3.7065989422911563e-07,-2.037790038706004e-06,2.0712259652291337e-06,-100.30900010564163,0.896195018029257
DD2,10.8,-1.314849631088813e-06,-1.8234361113280245e-06,2.248054448733272e-06,-125.7947500959474,0.8693477996342838
DD2,10.9,-1.4103976430377227e-06,-1.0187844769167693e-06,1.7398687657099137e-06,-144.15796996048022,0.8687991379574599
DD2,11.0,-1.0158352416603974e-06,-3.876022245101971e-07,1.087270307993597e-06,-159.1151397867822,0.8051508100725158
DD2,11.100000000000001,-9.085916909099802e-08,-6.001592660550761e-07,6.069979680688184e-07,-98.60873704522552,0.6952079429429363
DD2,11.200000000000001,-5.778024823019184e-08,-1.1272208611250404e-06,1.1287007693986127e-06,-92.93435789716439,0.92233579594379
DD2,11.3,-3.772307204860184e-07,-1.3203353933762555e-06,1.3731673486798439e-06,-105.94507641310923,0.9478624772015671
DD2,11.4,-5.71495346284473e-07,-1.1996327160153338e-06,1.3288060746998172e-06,-115.47275329374762,0.9651925344289511
DD2,11.5,-6.129170991282301e-07,-1.101518834826317e-06,1.260559841451762e-06,-119.0928346023675,0.9206373919185584
DD2,11.600000000000001,-6.966820329428798e-07,-1.0581047626697032e-06,1.2668668216547992e-06,-123.36188383910488,0.9229313175015571
DD2,11.700000000000001,-7.794057304988792e-07,-8.995188765371823e-07,1.1902132170250866e-06,-130.90793351961432,0.9428022180113055
DD2,11.8,-8.652326913519311e-07,-3.6288524390336587e-07,9.382501321219791e-07,-157.24644846090553,0.92679228354263
DD2,11.9,-3.8367316267132123e-07,3.1527192358705866e-07,4.965898524501868e-07,140.5893694089334,0.7779532070222331
DD2,12.0,7.654265482702343e-07,7.789178506469442e-07,1.092058065696756e-06,45.50051984753834,0.9033452095433391
DD2,12.100000000000001,2.0049123525271814e-06,1.503305201879141e-07,2.010540426506278e-06,4.288076113222193,0.9082210923025994
DD2,12.200000000000001,3.1434542750131484e-06,-6.46501488419588e-07,3.2092474123425233e-06,-11.621738333124828,0.9584139007437978
DD2,12.3,3.426706557917007e-06,-2.446373073093485e-06,4.210351416073043e-06,-35.52356491678562,0.9308908349925452
DD2,12.4,2.4885655313922006e-06,-3.536624186705808e-06,4.3244270189270005e-06,-54.86764903969323,0.9685511842174247
DD2,12.5,1.985785616322417e-06,-4.142330564562529e-06,4.5937182129623406e-06,-64.3874767802646,0.9754902198940474
DD2,12.600000000000001,1.4980475080836e-06,-4.823126362487415e-06,5.0504152547089204e-06,-72.7453740567614,0.9598818547885275
DD2,12.700000000000001,1.1755780726965288e-06,-5.796344131212558e-06,5.914354494993274e-06,-78.53513841250555,0.9816472827543677
DD2,12.8,2.258639720894629e-07,-6.712860125224658e-06,6.716658811843821e-06,-88.07292689490437,0.9916795623956721
DD2,12.9,-9.24514281541691e-07,-7.187778798697365e-06,7.246991839085917e-06,-97.3293181920652,0.9853780859129769
DD2,13.0,-2.9398337793447814e-06,-7.874519449742603e-06,8.405395839254161e-06,-110.47236371803479,0.9805870611741853
DD2,13.100000000000001,-5.107895007348458e-06,-6.871571721032636e-06,8.562072723551858e-06,-126.62479572756551,0.9780928513500124
DD2,13.200000000000001,-6.36863760270491e-06,-6.196512171688854e-06,8.885736210831102e-06,-135.78482502078603,0.9744232740501497
DD2,13.3,-8.497433284660636e-06,-4.931203799276097e-06,9.824619246426473e-06,-149.8726839195102,0.9634254936784152
DD2,13.4,-9.932002476134595e-06,-1.9915571679112735e-06,1.0129707455746316e-05,-168.66146669553208,0.9848080126216023
DD2,13.5,-9.700027181638695e-06,1.4154000803319923e-06,9.802748834481752e-06,171.69815414493578,0.9722089531998002
DD2,13.600000000000001,-6.467581302265009e-06,2.8764739826383945e-06,7.078397450991541e-06,156.02276620021624,0.9570548413031363
DD2,13.700000000000001,-5.325280532892669e-06,2.550454746938483e-06,5.90452641370895e-06,154.40868266834266,0.9401978037728536
DD2,13.8,-3.3857721070367566e-06,2.7050370298970366e-06,4.333667972272714e-06,141.3771581895476,0.908953484397972
DD2,13.9,-2.2855189754454443e-06,2.2842506322000306e-06,3.2313152024875926e-06,135.0159024894709,0.9572823614017686
DD2,14.0,-1.3820701004266357e-06,1.8113095072860013e-06,2.2783678135186926e-06,127.34445019885605,0.9199989320585862
DD2,14.100000000000001,-1.1951916355217327e-06,1.5803834720794088e-06,1.981437600441377e-06,127.09900835418726,0.9590581060746632
DD2,14.200000000000001,-6.156551788714666e-07,1.5004998325083018e-06,1.621891194448228e-06,112.30834592150367,0.7511790538426981
DD2,14.3,-3.9979395565462333e-07,1.1721945245136412e-07,4.1662405956805776e-07,163.6588807521678,0.12097118759918941
DD2,14.4,-7.361554904812178e-07,-3.5710610772359294e-07,8.181990456723453e-07,-154.1221604851883,0.3716087302925004
DD2,14.5,-2.2754359532082013e-06,-7.547901981369241e-07,2.397356256453365e-06,-161.64867994732097,0.7774596310196058
DD2,14.600000000000001,-3.2708842842939984e-06,3.4582710714594537e-07,3.2891154417682568e-06,173.96460080498957,0.9298087253186359
DD2,14.700000000000001,-4.0853105662142876e-06,1.475466617151425e-06,4.343588857241253e-06,160.14211099414544,0.9192388088022505
DD2,14.8,-2.7819427172813414e-06,3.203366595948436e-06,4.24273058657664e-06,130.97246767493763,0.8638838084336773
DD2,14.9,-2.0406145282819537e-06,3.6545721600458655e-06,4.185690543508644e-06,119.17781293842461,0.8875751337847532
DD2,15.0,-1.5236019340098168e-06,2.4159104355496404e-06,2.856218844191759e-06,122.23771659827155,0.3599768869613276
DD2,15.100000000000001,-1.9818140048118696e-07,1.5058882369224436e-06,1.5188730195767092e-06,97.49728675399665,0.1955943525806442
DD2,15.200000000000001,6.656715063980269e-07,1.3190992341551065e-06,1.4775457163752352e-06,63.222617939636656,0.16774333464586505
DD2,15.3,-7.053186188772992e-07,1.020612086125219e-06,1.2406141158635315e-06,124.64734803058633,0.05577987806219662
DD2,15.4,-1.145014047395031e-06,-3.1660978207618987e-06,3.366783714372694e-06,-109.88244022299597,0.2856580640706444
DD2,15.5,2.75072677943362e-07,-3.9021906695033477e-07,4.774263276805359e-07,-54.81927896973234,0.00641876917748933
DD2,15.600000000000001,-1.850746803142481e-06,-1.4552480920256073e-06,2.354359942465528e-06,-141.82191742898016,0.19799355777295988
DD2,15.700000000000001,-4.390221231503992e-07,-2.044546182690933e-06,2.0911502857928575e-06,-102.11900515909917,0.30214327711986144
DD2,15.8,5.311086448925806e-07,-1.2897028746618262e-06,1.3947795157624776e-06,-67.61779402603025,0.3219171160326998
DD2,15.9,7.057620644275866e-07,1.329166878941566e-07,7.181691566099462e-07,10.665629401164962,0.21653246552888297
DD2,16.0,1.4673678557649304e-06,-1.2092684190081338e-06,1.9014464318887873e-06,-39.492180731281366,0.35173719163083694
DD2,16.1,1.5279772139901147e-06,-1.64652308083491e-06,2.2462752774749305e-06,-47.13861162414467,0.5931404419057039
DD2,16.2,1.7677117473572844e-06,-1.0651690213665519e-07,1.7709180309053645e-06,-3.4482989532890285,0.29915261235322843
DD2,16.3,-6.315842414073565e-07,-5.361284309419051e-07,8.284517779921382e-07,-139.67330817741183,0.03269201661782773
DD2,16.400000000000002,-2.034114709881498e-07,-2.7768705116143995e-06,2.784310698324305e-06,-94.18955075594822,0.5889611290349684
DD2,16.5,8.962756279640272e-08,-1.8730547472290934e-06,1.8751979058569434e-06,-87.26042871457092,0.5989211424758265
DD2,16.6,3.169795946402937e-07,-1.7156153477900044e-06,1.744652425267263e-06,-79.53199752833206,0.8333308584052311
DD2,16.7,2.677062685084338e-07,-1.8204946276265537e-06,1.8400726440594279e-06,-81.63453067710735,0.784370289457295
DD2,16.8,2.8687427793560155e-07,-1.8465691297131956e-06,1.8687199903010674e-06,-81.16938920273715,0.867693924492921
DD2,16.900000000000002,3.9561957453618475e-07,-1.6470759374537017e-06,1.6939226639652656e-06,-76.4936974240139,0.7947391318294499
DD2,17.0,-4.378265040273686e-07,-1.695685854604817e-06,1.7512973948292437e-06,-104.4775850123454,0.7746558606507714
DD2,17.1,-6.467769114201241e-07,-2.1815937224919282e-06,2.275449745250891e-06,-106.51350587748513,0.866801126601235
DD2,17.2,-8.074825165292423e-07,-1.8845721587877097e-06,2.0502780875232918e-06,-113.19367768919247,0.7202558663406181
DD2,17.3,-9.49223166550703e-07,-1.9715296800771823e-06,2.1881393692682785e-06,-115.70920201653173,0.851082656832061
DD2,17.400000000000002,-1.328884969537249e-06,-2.139476590895695e-06,2.5185899517890323e-06,-121.84549913489434,0.7758642513572384
DD2,17.5,-1.0266618471131429e-06,-1.7807586789141836e-06,2.0555135662033365e-06,-119.96476426639023,0.754149827227244
DD2,17.6,-1.1648143840774914e-06,-2.296780605344669e-06,2.5752657529740985e-06,-116.89188652307224,0.7545321030265671
DD2,17.7,-9.601350899981786e-07,-1.9953679110546672e-06,2.214351483281838e-06,-115.69602163479642,0.4667072901179464
DD2,17.8,-6.749088261114752e-07,-2.2824468305846613e-06,2.3801397979969863e-06,-106.47270132762051,0.5585415050177241
DD2,17.900000000000002,-1.1857712727362935e-06,-3.6328806249150463e-06,3.821501687312173e-06,-108.07666889573918,0.7511944112058827
DD2,18.0,-1.7997609460681774e-06,-3.2742546086095175e-06,3.7362926417764556e-06,-118.7962943434123,0.8071224319544121
DD2,18.1,-1.314318589412829e-06,-3.273047404768847e-06,3.5270770715055567e-06,-111.8783255895394,0.921018269697698
DD2,18.2,-1.1779134221799623e-06,-2.962657855431088e-06,3.1882317353823645e-06,-111.68211150229031,0.8278368546839536
DD2,18.3,-1.0968505422859928e-06,-2.532346473359131e-06,2.7596847235232336e-06,-113.41917548885014,0.8543776116407945
DD2,18.400000000000002,-1.175296029458767e-06,-2.9474090002026424e-06,3.1730963696895628e-06,-111.73992168780006,0.8168378159417424
DD2,18.5,-7.260914783577728e-07,-2.510701279600702e-06,2.6135856118237983e-06,-106.12979900229827,0.469741458214736
DD2,18.6,-7.363505525878247e-07,-3.571662516176973e-06,3.6467773808885046e-06,-101.6491498484171,0.683098728855147
DD2,18.7,-6.041025888664964e-07,-4.136928584393438e-06,4.1808035172974464e-06,-98.30800063560338,0.7651662107994989
DD2,18.8,-1.5759265305999644e-06,-3.3355982204076255e-06,3.6891408102477406e-06,-115.28871751505922,0.8160848357836017
DD2,18.900000000000002,-1.0778676545252073e-06,-3.6322606324495685e-06,3.788814588062421e-06,-106.52817328896653,0.9361873397565884
DD2,19.0,-1.0039190084563364e-06,-4.154246848466045e-06,4.273829694025022e-06,-103.58567872393712,0.939961979955794
DD2,19.1,-1.5497747328921885e-06,-4.2286495294007966e-06,4.503696100450454e-06,-110.12758293501257,0.9547731512416955
DD2,19.200000000000003,-1.4497534403053812e-06,-4.345344549271181e-06,4.580808257235622e-06,-108.45043691355622,0.9354718994444398
DD2,19.3,-2.2999287653177943e-06,-4.337430965354117e-06,4.909478557316345e-06,-117.9348330992678,0.9179099228164653
DD2,19.400000000000002,-2.4444204618832566e-06,-3.766465834264983e-06,4.490151030328375e-06,-122.98340111164866,0.9465765201361568
DD2,19.5,-2.245767520028261e-06,-3.0994460694784458e-06,3.82753676554769e-06,-125.92598246517072,0.9197993824054359
DD2,19.6,-1.96690171250601e-06,-2.521970262636635e-06,3.1982864712659142e-06,-127.9509100444141,0.9442979936674109
DD2,19.700000000000003,-1.4826619601326747e-06,-2.326601304595049e-06,2.758869355110504e-06,-122.50794254865855,0.9077852375407962
DD2,19.8,-1.038689780864872e-06,-2.635357393602537e-06,2.8326639498692167e-06,-111.51119558834907,0.9477299894104564
DD2,19.900000000000002,-6.515548999063515e-07,-2.8406384684749692e-06,2.9144040035952107e-06,-102.91843207055004,0.9594169458030263
DD2,20.0,-1.701429610422062e-07,-3.3088937413420466e-06,3.313265220094035e-06,-92.94355040535494,0.9404589999579672
DD2,20.1,3.0434370920993065e-07,-3.994865681768512e-06,4.006441926286647e-06,-85.64341013700438,0.9240731821185008
DD2,20.200000000000003,1.66522688708593e-07,-4.780880306385207e-06,4.783779500545217e-06,-88.00513899882398,0.8690186718648246
DD2,20.3,-3.3903549489986034e-07,-5.366637696429869e-06,5.3773362579946664e-06,-93.61483733349309,0.9349501764733447
DD2,20.400000000000002,-6.21009627880422e-07,-5.6045976566947505e-06,5.6388977514536e-06,-96.32278724986523,0.8662170866856411
DD2,20.5,-1.926971247158758e-06,-4.778972845743025e-06,5.152843840805363e-06,-111.9602140918519,0.8712346431769566
DD2,20.6,-1.5778733948671335e-06,-4.729621359387204e-06,4.985880328828721e-06,-108.44948041534963,0.7924214531536198
DD2,20.700000000000003,-1.1934829879594843e-06,-4.1608262456682305e-06,4.3286114042716145e-06,-106.00490197167116,0.6741472451520375
DD2,20.8,-2.5174039597387545e-06,-4.712617508755875e-06,5.342853776806997e-06,-118.11041097249031,0.8674829796618962
DD2,20.900000000000002,-3.3938530046669326e-06,-5.876413352182896e-06,6.786049815835438e-06,-120.00807372039577,0.8462016122984243
DD2,21.0,-2.34452023800301e-06,-5.6459463084321e-06,6.113385712034187e-06,-112.55102357801866,0.8782571090940183
DD2,21.1,-1.5671026733934875e-06,-7.206457369962044e-06,7.374878888092826e-06,-102.26842919100967,0.956446990766096
DD2,21.200000000000003,-1.4306669201380678e-06,-8.432824785092688e-06,8.553323429664687e-06,-99.62880618842499,0.9768103159074841
DD2,21.3,-1.9196414857824342e-06,-9.709611288035208e-06,9.897553980589231e-06,-101.18345631512965,0.9633392640594635
DD2,21.400000000000002,-4.377111865646498e-06,-1.0936127609066936e-05,1.177955836889395e-05,-111.81342605462835,0.9079861593776386
DD2,21.5,-6.103138717257686e-06,-1.0077927276490457e-05,1.1781889508577143e-05,-121.19887277605156,0.9331170322504568
DD2,21.6,-6.1063557438257425e-06,-1.1328728589982773e-05,1.2869641484347834e-05,-118.32533771461652,0.8636381514215576
DD2,21.700000000000003,-7.574612468104449e-06,-9.58920402097389e-06,1.2219966767459933e-05,-128.30557625943686,0.7853936744507121
DD2,21.8,-8.871586958071657e-06,-1.1126053629355432e-05,1.4230043025863286e-05,-128.5678249895825,0.8892263953461059
DD2,21.900000000000002,-7.067008673124413e-06,-1.1387163883909665e-05,1.3401869754069106e-05,-121.8242277307499,0.8346249827912473
DD2,22.0,-8.906899388857937e-06,-9.56712385090101e-06,1.3071446572652808e-05,-132.95323507373078,0.8417997803901061
DD2,22.1,-1.1077535929938099e-05,-9.38895904518066e-06,1.4521169175763681e-05,-139.71647440289027,0.8227737787078402
DD2,22.200000000000003,-1.2640360616513726e-05,-7.2763390802395456e-06,1.458505491680208e-05,-150.07340519591725,0.7538017752136973
DD2,22.3,-1.845411563566999e-05,-6.03785057386061e-06,1.9416745954122916e-05,-161.8828461619651,0.8339172082414223
DD2,22.400000000000002,-1.6629463056406546e-05,-4.032257176703615e-06,1.711134534405369e-05,-166.3701668909045,0.7027128305878003
DD2,22.5,-1.5527519500199903e-05,-9.019032444171179e-07,1.555369060034879e-05,-176.67575666001474,0.7836161474371448
DD2,22.6,-1.201752271385549e-05,1.0340335665893896e-06,1.2061926777876998e-05,175.08216482859294,0.6470627496239348
DD2,22.700000000000003,-1.0552260278527545e-05,-3.026115881313904e-07,1.0556598446424947e-05,-178.35735513279425,0.8715147626920692
DD2,22.8,-1.418560381254708e-05,7.380290866487919e-07,1.4204789419744663e-05,177.0217791610019,0.9106104025887065
DD2,22.900000000000002,-1.6753208388899758e-05,4.272898038039715e-06,1.7289524255033303e-05,165.69178322917253,0.8930480147132349
DD2,23.0,-1.6858260807200977e-05,7.394979131058639e-06,1.8408874864923206e-05,156.31504746033036,0.9308276792111106
DD2,23.1,-1.4775367461648625e-05,1.0717611610959722e-05,1.8253182798353924e-05,144.04398657174585,0.8931778594045514
DD2,23.200000000000003,-1.0305468831819001e-05,1.1190138857035402e-05,1.5212557164504804e-05,132.6432734512326,0.8198832806807268
DD2,23.3,-7.92210982334374e-06,1.243962103865829e-05,1.4748016667964182e-05,122.49081646869115,0.7704568543618057
DD2,23.400000000000002,-4.694638055549221e-06,1.2037998494379384e-05,1.292103069508355e-05,111.3050343875356,0.7624352701194775
DD2,23.5,-2.601971638579976e-06,1.1382964484312872e-05,1.1676563572348792e-05,102.87572475881662,0.865399218953476
DD2,23.6,4.894120564392123e-07,1.0216400364554972e-05,1.0228116178938673e-05,87.25736818726926,0.8430996807756888
DD2,23.700000000000003,1.5505472613393077e-06,7.83777372562321e-06,7.989674197595066e-06,78.80966369648436,0.7425288689063798
DD2,23.8,1.8792282227022761e-06,7.8877077888367e-06,8.108479072864152e-06,76.59923585698391,0.6728282878734694
DD2,23.900000000000002,1.7037331147129709e-06,8.461140980176893e-06,8.630968266225891e-06,78.61517644145506,0.7929127909559486
DD2,24.0,2.3059843886024176e-06,6.706258673459396e-06,7.091647861803873e-06,71.02418293825093,0.8824648610540147
DD2,24.1,2.063528832597476e-06,5.064250485462702e-06,5.468526695781078e-06,67.83059120993217,0.8983092784841599
DD2,24.200000000000003,1.034801876714332e-06,3.872996947534647e-06,4.008855233063948e-06,75.04092621502731,0.8492473318651403
DD2,24.3,1.473079637773842e-07,3.6404688471361465e-06,3.643447963558835e-06,87.68284716957979,0.7987008647429139
DD2,24.400000000000002,1.4098792422265431e-06,2.3723905998143407e-06,2.759709520175763e-06,59.27756406002357,0.4832488932179569
DD2,24.5,1.0512506465535268e-06,1.4408839125176431e-06,1.783612730171928e-06,53.88598341048038,0.49082449759337343
DD2,24.6,4.653504074009404e-07,6.465379780304842e-07,7.965942246237842e-07,54.255273202209864,0.14618472807972474
DD2,24.700000000000003,-2.9431556005200003e-07,-9.306847105250969e-08,3.086800757949471e-07,-162.4520030727374,0.04816660488517059
DD2,24.8,-5.611861614275008e-07,-4.5106861436521644e-07,7.199950018181302e-07,-141.20847439682737,0.17308963711424977
DD2,24.900000000000002,-2.0634463690544142e-06,-3.415589014796633e-07,2.0915241813433187e-06,-170.60114672446846,0.5853925935303127
DD2,25.0,-2.3032981485940755e-06,-1.3342567796924528e-07,2.3071594597813236e-06,-176.68466960777647,0.7672885098753919
DD2,25.1,-3.1438142419442793e-06,-4.176656304934991e-07,3.1714369876677693e-06,-172.43239014370778,0.8191527551465102
DD2,25.200000000000003,-3.4036006354429213e-06,1.3058516478746264e-07,3.406104779781448e-06,177.8028236361794,0.8874717169879235
DD2,25.3,-3.4640739828653613e-06,-2.8661503249667676e-07,3.4759109217035123e-06,-175.270161235885,0.8817273935397996
DD2,25.400000000000002,-3.950667614260742e-06,-2.3558309763207929e-07,3.957685433970036e-06,-176.58742430762888,0.8840443391315208
DD2,25.5,-4.165629812837571e-06,-2.710868395301548e-07,4.174441257481967e-06,-176.27661080524237,0.8805260558721625
DD2,25.6,-4.385828810644101e-06,-4.229012661179507e-08,4.386032696080217e-06,-179.4475455420071,0.8166261309310499
DD2,25.700000000000003,-4.552759349376651e-06,1.865001737564976e-07,4.556577664009219e-06,177.654235390653,0.9192597562318944
DD2,25.8,-5.413855563083394e-06,-9.167462804481842e-08,5.414631686029638e-06,-179.02988410684466,0.9403516104701292
DD2,25.900000000000002,-5.652979597362324e-06,8.481206130668573e-07,5.716247624316463e-06,171.46751286477766,0.9398522455863147
DD2,26.0,-5.518956356808354e-06,1.6197428010311076e-06,5.7517341741293496e-06,163.64371370222855,0.9469130258357458
DD2,26.1,-4.743963110300185e-06,2.7904454772427843e-06,5.503796140242997e-06,149.5355413278805,0.9391750114100383
DD2,26.200000000000003,-4.143528706660312e-06,2.4109909689055842e-06,4.793924028920605e-06,149.80620112610623,0.9600943492066768
DD2,26.3,-3.746049032764576e-06,2.0100829625907088e-06,4.251272382754822e-06,151.78255066180395,0.9023517709212571
DD2,26.400000000000002,-3.5796771474639975e-06,1.2360630245789638e-06,3.7870754258143945e-06,160.95019938060688,0.9121632422919802
DD2,26.5,-4.309209424600858e-06,1.2512646870123223e-06,4.487198366690835e-06,163.80829360895743,0.9518282555795665
DD2,26.6,-4.3279979405912185e-06,1.7853472696754494e-06,4.681776484102953e-06,157.5833081330113,0.9350693420446206
DD2,26.700000000000003,-4.155645582200442e-06,1.6198136685926128e-06,4.460177858092826e-06,158.7048453570115,0.9374203434978765
DD2,26.8,-4.556421484203598e-06,1.8903941017002244e-06,4.933007865537528e-06,157.46713708161562,0.9370089916016194
DD2,26.900000000000002,-4.163106472884918e-06,2.203034417597485e-06,4.710076023770253e-06,152.1130834009696,0.92779858882874
DD2,27.0,-4.176242843306321e-06,2.6147106119449705e-06,4.927242217557901e-06,147.9496628675339,0.9396977199443158
DD2,27.1,-3.8031083972016315e-06,2.9931632298554545e-06,4.839696230283911e-06,141.79616668008455,0.9277946971150819
DD2,27.200000000000003,-3.722766920678266e-06,3.3771573619941624e-06,5.0263491117676766e-06,137.786839684967,0.9503757215924591
DD2,27.3,-3.180157260419154e-06,3.3852565471683152e-06,4.644713348651626e-06,133.2106987619997,0.9366245898566931
DD2,27.400000000000002,-2.94834123429037e-06,3.1681712776440355e-06,4.327819922120779e-06,132.94165144278506,0.9311289826728222
DD2,27.5,-2.8375327673762587e-06,3.6112776220184035e-06,4.592702719447979e-06,128.1582109846562,0.9344132439085998
DD2,27.6,-2.200315874255344e-06,3.808784147836578e-06,4.39866191373141e-06,120.01481506790506,0.9632338678476382
DD2,27.700000000000003,-2.405373299849573e-06,3.5241782778955844e-06,4.266808320749868e-06,124.31488548578972,0.9205115915570006
DD2,27.8,-2.626692920706775e-06,3.5313957860412034e-06,4.401167106275409e-06,126.64229608883481,0.8304431512875724
DD2,27.900000000000002,-2.4158571788140524e-06,3.4065617221054615e-06,4.176245763235387e-06,125.34341096425514,0.8187769252910937
DD2,28.0,-1.6761459082805833e-06,3.4538899799177486e-06,3.839117229158543e-06,115.88693789239099,0.8717055068161715
DD2,28.1,-1.490934494052996e-06,3.083539282685011e-06,3.425069367679822e-06,115.80441829281052,0.9070087307411615
DD2,28.200000000000003,-1.7404895935816316e-06,3.5522567156011804e-06,3.955734040465769e-06,116.10334266851434,0.9299302600350141
DD2,28.3,-6.574042105558968e-07,3.2340642753925157e-06,3.300204847191571e-06,101.49024144142552,0.7112159407953694
DD2,28.400000000000002,-8.441035530064505e-07,2.297934169438102e-06,2.4480629598254403e-06,110.16987285644491,0.7680022477745685
DD2,28.5,-6.557145833387657e-07,3.179746935566709e-06,3.24665245892581e-06,101.6519700901635,0.8400806812579265
DD2,28.6,5.132112294217982e-08,2.166303029206854e-06,2.166910859267367e-06,88.64287969982905,0.5007575634106517
DD2,28.700000000000003,-1.1137037615865773e-06,1.76557850734853e-06,2.0874873734188563e-06,122.2431913208659,0.5201237337148314
DD2,28.8,-1.097210544889743e-06,1.6131440356518848e-06,1.9509240527443648e-06,124.22232240793223,0.4757779930712614
DD2,28.900000000000002,-1.1109344140602509e-06,9.492766252582379e-07,1.4612670473274425e-06,139.48661296759687,0.4529579708740698
DD2,29.0,-1.5063746070987725e-06,1.046648439867728e-06,1.8342948000770024e-06,145.20793039960435,0.4982599801037705
DD2,29.1,-1.5757438073874324e-06,1.4333459303096e-06,2.130128893390007e-06,137.7093626005358,0.5522975943980228
DD2,29.200000000000003,-1.6195941596310897e-06,2.5718609333393103e-06,3.0393344505578988e-06,122.20010996129886,0.5760034845132705
DD2,29.3,-8.422349641908762e-07,2.0867561045558324e-06,2.250313483674361e-06,111.9794798905637,0.1749313486143142
DD2,29.400000000000002,-2.519557368846976e-06,8.623929089199312e-07,2.6630604319591544e-06,161.10497455569808,0.30447711361880725
DD2,29.5,-1.0341995469802831e-06,2.7888508282889878e-06,2.974434004213641e-06,110.34647200738513,0.33493535084677506
DD2,29.6,-2.772127861456381e-07,1.1505152193760473e-06,1.1834408302988966e-06,103.54700720239303,0.09131820682551062
DD2,29.700000000000003,-1.7620609894006016e-06,1.3076469857071453e-06,2.1942651548061394e-06,143.4204386374472,0.48218200125896216
DD2,29.8,-2.8270998062328595e-06,2.602277939132549e-06,3.842439822156987e-06,137.37117215605605,0.561929010409888
DD2,29.900000000000002,-2.545725257699264e-06,2.98296237984087e-06,3.921578973734163e-06,130.4781659023316,0.6041114053908735
DD2,30.0,-3.267807051751963e-07,3.3493242951025875e-06,3.365227906552429e-06,95.57249196394109,0.4274573295469582
DD3,1.0,1.1767935077596583e-08,-2.511464861143064e-07,2.5142203917627036e-07,-87.31726205877973,0.8777114799152556
DD3,1.1,1.5075757241907006e-08,-2.65436435809203e-07,2.6586421329601706e-07,-86.74931490308145,0.8603537332195905
DD3,1.2000000000000002,2.3564727248478897e-08,-2.861208874547643e-07,2.870896351458846e-07,-85.29178364022339,0.8385845236606742
DD3,1.3,9.264979705310269e-09,-3.334110680942762e-07,3.3353977300571803e-07,-88.40824822743582,0.8864418681594521
DD3,1.4000000000000001,2.7115638263797023e-08,-3.681202844336697e-07,3.691175986728064e-07,-85.78721692259201,0.9021523762652003
DD3,1.5,3.9027430195872525e-08,-3.9601335978952943e-07,3.9793180501121673e-07,-84.3716299998157,0.9110173681779017
DD3,1.6,2.1117328825093975e-08,-3.709820693204934e-07,3.7158261172183835e-07,-86.74208097684797,0.9404677474207469
DD3,1.7000000000000002,-5.649894973744865e-08,-3.491246334698763e-07,3.536667089463047e-07,-99.19249935790002,0.9112451596372916
DD3,1.8,-1.4345401178447482e-07,-3.784239263668393e-07,4.04702015739921e-07,-110.76085764693798,0.89664542101364
DD3,1.9000000000000001,-1.1694442712436588e-07,-5.082063845447677e-07,5.214879944231799e-07,-102.95886331721091,0.8891129851164044
DD3,2.0,5.7456680935495864e-08,-6.824223876424659e-07,6.848369041894337e-07,-85.18732176394047,0.8881615132882279
DD3,2.1,1.9481863470764406e-07,-7.49636319631153e-07,7.745378700486443e-07,-75.43199874893715,0.8644106155379674
DD3,2.2,2.8422971026057593e-07,-5.115160734433634e-07,5.851796489845894e-07,-60.940764292280335,0.8671002906941012
DD3,2.3000000000000003,3.149547800434856e-07,-2.3506538229313272e-07,3.9300413156207025e-07,-36.735689447116535,0.8458160450888599
DD3,2.4000000000000004,6.8426832102184206e-09,-2.706938620979954e-08,2.7920852123291126e-08,-75.81377549931013,0.10252187974879937
DD3,2.5,-2.0568083064171266e-07,1.1956538527970817e-07,2.3790856531564797e-07,149.82991381648847,0.7464345362267233
DD3,2.6,-3.566461842733277e-07,-4.93846887658695e-07,6.091643860296696e-07,-125.83605077100599,0.8129746129617026
DD3,2.7,-7.742970994279962e-07,-9.709832570457555e-07,1.24191162473253e-06,-128.57012251175232,0.817339582988604
DD3,2.8000000000000003,-6.992765154374593e-07,-1.5498691004431396e-06,1.7003181683293225e-06,-114.28414614608111,0.8671605597522318
DD3,2.9000000000000004,-6.133468607997002e-07,-1.6696891490744089e-06,1.7787794203300393e-06,-110.17040134614618,0.7776031767728031
DD3,3.0,1.6056591125216343e-07,-1.9596265765303317e-06,1.9661937166261682e-06,-85.31582003122443,0.7949267186457493
DD3,3.1,6.409208920407074e-07,-2.9560374038546795e-06,3.024720933051869e-06,-77.76661830706105,0.8348162124542337
DD3,3.2,6.635153957863092e-07,-3.0603290848435044e-06,3.131432066640524e-06,-77.76693600245991,0.7646747435050378
DD3,3.3000000000000003,1.1169656499311237e-06,-3.6885233796175015e-06,3.853935259589991e-06,-73.1525383369041,0.6957873495174035
DD3,3.4000000000000004,5.292295019839887e-07,-5.798071561448594e-06,5.82217465363666e-06,-84.78467547681267,0.662485539929358
DD3,3.5,-3.27766415772147e-06,-7.817220438750473e-06,8.47655694954208e-06,-112.74770343825269,0.7029880912861195
DD3,3.6,-9.495937158826516e-06,-3.4486506850101765e-06,1.0102772593283656e-05,-160.04043738414873,0.712953610055569
DD3,3.7,-3.480311353149694e-06,6.195544141442535e-06,7.106147642951529e-06,119.32484975675395,0.7247880439176783
DD3,3.8000000000000003,6.395709108722792e-06,-7.775952907165332e-08,6.396181794458405e-06,-0.6965722253834326,0.8363494249850003
DD3,3.9000000000000004,-1.559193890393387e-06,-8.957392626476442e-06,9.092082723594995e-06,-99.87441492883046,0.7911236305647193
DD3,4.0,-6.1693164454755275e-06,7.41579344681777e-07,6.213727168847491e-06,173.14567853475234,0.6248490030239882
DD3,4.1000000000000005,3.9523588240401606e-06,2.7168560433283588e-06,4.796086637472049e-06,34.50467732888792,0.5449350526472772
DD3,4.2,1.1943579360196525e-06,-8.033112180257334e-06,8.121415035566886e-06,-81.54325103200458,0.8698547711489156
DD3,4.3,-2.807681739099058e-06,-3.960842982152048e-06,4.8550338698441065e-06,-125.33128873158292,0.8523175256157174
DD3,4.4,-4.963437502304771e-07,-5.728093737558208e-06,5.749557807748907e-06,-94.9523536260535,0.8485737726297717
DD3,4.5,-4.344013123303488e-06,-4.264236048836719e-06,6.087212752617697e-06,-135.5309742695004,0.8043463402154056
DD3,4.6000000000000005,-4.698685578170363e-07,-5.422470744337923e-06,5.442790225135058e-06,-94.95242993601794,0.8611731292680981
DD3,4.7,-6.56375684047319e-06,-8.561740920994005e-06,1.0788248767018763e-05,-127.47514890702843,0.9143397728733779
DD3,4.800000000000001,-7.332609482406387e-06,-7.784969031197642e-06,1.0694526854339205e-05,-133.2860640279587,0.9195717017198966
DD3,4.9,-1.951684322776076e-05,-1.0355583887855595e-05,2.2094010211715878e-05,-152.04970012853673,0.906031821937083
DD3,5.0,-2.634337352911633e-05,1.3229710445705332e-05,2.9478781646664977e-05,153.33407845662092,0.8950863809890376
DD3,5.1000000000000005,-1.5093858707176248e-06,2.1511794948549575e-05,2.1564683341407198e-05,94.01360910488569,0.8591764703834139
DD3,5.2,3.4844749956444666e-06,4.827452354755435e-06,5.953642769994292e-06,54.17809376388256,0.8761366436434075
DD3,5.300000000000001,-2.016390455397117e-06,4.06558442215171e-06,4.538150191681545e-06,116.379834599222,0.8581532238866365
DD3,5.4,-2.4305795976291446e-08,5.664486387385279e-06,5.6645385341253685e-06,90.24584947073387,0.899584107899314
DD3,5.5,9.629587515842623e-07,4.148395701808043e-06,4.258694219597383e-06,76.93149043083672,0.9015850101782847
DD3,5.6000000000000005,1.756291845074147e-06,3.2055955504401467e-06,3.655188624144535e-06,61.282406986295555,0.8331130174028788
DD3,5.7,1.964348241340242e-06,1.669066836221099e-06,2.577682702938748e-06,40.35388090162963,0.863731267905182
DD3,5.800000000000001,1.3899393089045675e-06,3.297313510970171e-07,1.4285146293735921e-06,13.345419504742674,0.8064050548290405
DD3,5.9,-4.978547095445093e-07,5.187806485845781e-07,7.190220255051184e-07,133.8208174190073,0.6180559466867737
DD3,6.0,-3.586592205392911e-07,1.482040821131384e-06,1.5248217705612806e-06,103.60422965462801,0.8208283556543269
DD3,6.1000000000000005,-4.910988156251185e-08,1.5464642180273299e-06,1.5472437940111328e-06,91.81888699520411,0.8434076007745335
DD3,6.2,-2.716735041756944e-07,1.5525620672695226e-06,1.5761521073790164e-06,99.92535541792101,0.85262016182078
DD3,6.300000000000001,-2.3950515975115726e-07,1.8592474923594995e-06,1.874610348683831e-06,97.34032267184226,0.7757942778438773
DD3,6.4,4.16387863539093e-07,1.2601358473281244e-06,1.3271477712086248e-06,71.71484703514606,0.6183048211151807
DD3,6.5,-7.449662066491597e-08,6.877747787101428e-07,6.917975807418513e-07,96.1819162583621,0.6426197003804914
DD3,6.6000000000000005,-2.411754796917603e-07,7.469815118012799e-07,7.849503111519075e-07,107.89354201391494,0.5720499313539184
DD3,6.7,-3.7076356870831996e-07,8.746432468857232e-07,9.499823331010579e-07,112.9722153473257,0.5753655995253302
DD3,6.800000000000001,-6.024758858837159e-07,1.3249808531045964e-06,1.4555244601741162e-06,114.45154705538224,0.7079627355402156
DD3,6.9,1.3582914931210322e-07,1.0452794767799743e-06,1.0540677124266098e-06,82.59617020356035,0.5438098368899527
DD3,7.0,-2.705100120500734e-07,5.233920192466348e-07,5.891645546283319e-07,117.3317364857884,0.15743302505652695
DD3,7.1000000000000005,1.3225106101441023e-06,3.03684660837782e-07,1.3569298755543282e-06,12.932486551478947,0.4078555336043288
DD3,7.2,3.84892519222359e-07,-7.684860109428964e-08,3.924894378750634e-07,-11.291337467202547,0.24198738857143165
DD3,7.300000000000001,-2.9392977088440436e-07,-3.660260342683762e-07,4.6943558447820396e-07,-128.76549836540025,0.35232605519322946
DD3,7.4,-7.013664932553913e-07,1.5954174217431944e-07,7.192833414985932e-07,167.18483860995303,0.38159058889698316
DD3,7.5,-2.287788092402543e-07,2.951844735546469e-07,3.734616673570699e-07,127.77699907852515,0.0897212977007359
DD3,7.6000000000000005,-2.7314421270925086e-07,-1.7513353420927983e-07,3.244680504166619e-07,-147.33297872561002,0.12708582042299624
DD3,7.7,-2.282234282505509e-07,-1.4882219297558032e-07,2.7245913147570447e-07,-146.8920352625184,0.21282813860069574
DD3,7.800000000000001,-4.109171682855402e-07,-5.769294938515187e-07,7.083082380345273e-07,-125.46031333458738,0.4965902092981409
DD3,7.9,-7.818201393275567e-07,-2.948790615063702e-07,8.355814689023673e-07,-159.33503195827555,0.7575977523986863
DD3,8.0,-5.288310261652714e-07,2.7277861412797835e-07,5.950381723558536e-07,152.7146684478747,0.6603063405607414
DD3,8.1,-1.6088062611155383e-07,4.0021051041016136e-07,4.3133632875148304e-07,111.89963425907202,0.45005503718657
DD3,8.200000000000001,-1.7829799211579192e-07,2.587126947971386e-07,3.1420126104412816e-07,124.57359084288112,0.27483448916671005
DD3,8.3,-4.4759093279822235e-07,1.7608350382147066e-07,4.809813337763002e-07,158.52518736361588,0.2962858217207932
DD3,8.4,1.347423712928844e-08,1.767480634682122e-07,1.7726091787525943e-07,85.64053752350513,0.043862836247554604
DD3,8.5,2.1161541184972864e-07,-6.041168423397698e-07,6.401079922410784e-07,-70.69520982474776,0.32553614368920986
DD3,8.6,-6.127224076249055e-07,-2.807912536096149e-07,6.739973864261789e-07,-155.37951475736207,0.48236689244251213
DD3,8.700000000000001,1.2301996909459576e-07,2.851152225494777e-07,3.105231117412575e-07,66.66103042723115,0.13479045265693743
DD3,8.8,4.733084198882222e-07,4.31958960669945e-09,4.733281305727095e-07,0.5228881894199616,0.24458676652407355
DD3,8.9,4.4938664154097625e-07,-1.550590232290067e-07,4.75385795202393e-07,-19.03678504670977,0.4048363090455362
DD3,9.0,4.944088022233445e-07,-1.8759793641441944e-07,5.288034128699159e-07,-20.77869406579152,0.47676579998446034
DD3,9.1,7.591787981384957e-07,-4.854995089415086e-07,9.011449498973275e-07,-32.599165054373124,0.6938986757035656
DD3,9.200000000000001,5.739311290930419e-07,-1.2649523465409416e-06,1.3890649300739862e-06,-65.59536854695207,0.6729598604806486
DD3,9.3,-4.5305828804307024e-07,-1.2397149648651675e-06,1.319907196160079e-06,-110.07501241964363,0.5689769594230044
DD3,9.4,-5.241162205662508e-07,-9.79808359656264e-07,1.1111805588260397e-06,-118.14308707895297,0.6474644323469592
DD3,9.5,-1.3044227862934365e-07,-1.0358332839179432e-06,1.044014262415148e-06,-97.17746437314267,0.5902154010746297
DD3,9.600000000000001,-1.2295015460699654e-07,-1.277988866823685e-06,1.283889514032719e-06,-95.49528348354515,0.6512916791973421
DD3,9.700000000000001,-7.071557060129042e-07,-7.939771371863234e-07,1.0632351042554977e-06,-131.6898560056861,0.5756222405841608
DD3,9.8,-4.525766449926995e-07,-6.14109608725213e-08,4.5672412428963535e-07,-172.27262539969516,0.2915547398541603
DD3,9.9,-1.3541237406497706e-07,2.231832200059909e-07,2.6105030308765363e-07,121.24652336831893,0.26031079221065295
DD3,10.0,3.2175570416534684e-07,-1.717371057991683e-07,3.6471957264618104e-07,-28.091069973737397,0.1103380871833599
DD3,10.100000000000001,5.773619672927981e-07,-7.246122516201168e-07,9.265040509755937e-07,-51.452601933409944,0.2814440119738185
DD3,10.200000000000001,4.777577818664454e-07,-9.004321555209919e-07,1.0193284872062223e-06,-62.050150414354995,0.2915045518700455
DD3,10.3,-6.180072868500636e-08,-1.1214484946962313e-06,1.1231500595746059e-06,-93.1542625456242,0.3890191514786536
DD3,10.4,2.9128959160735477e-07,-1.0015846305657481e-06,1.0430826421546404e-06,-73.78405119240567,0.6592435419242368
DD3,10.5,3.383169940456724e-07,-1.2803237139897468e-06,1.3242685532264965e-06,-75.19829008155475,0.8357691555281418
DD3,10.600000000000001,-8.881601756457013e-09,-1.7588538165439224e-06,1.7588762409052211e-06,-90.28932135572907,0.8616171247793093
DD3,10.700000000000001,-4.1830207686683784e-07,-2.0103790695931903e-06,2.053436298249715e-06,-101.75389629804674,0.8413061375400173
DD3,10.8,-1.3786423105882728e-06,-1.8090614419009601e-06,2.274501686329767e-06,-127.3101555024937,0.7940335644635972
DD3,10.9,-1.5310570112126506e-06,-9.355255122987026e-07,1.7942529241289157e-06,-148.5737160830906,0.8404585484248491
DD3,11.0,-1.0359667330252795e-06,-3.6880796180629373e-07,1.09965739420366e-06,-160.40408373869644,0.7785420421872989
DD3,11.100000000000001,-1.1631159017797572e-07,-6.480282408118447e-07,6.583836168218522e-07,-100.17541054029371,0.6628288765729039
DD3,11.200000000000001,-1.452346666124022e-07,-1.2071085619767644e-06,1.2158142081681838e-06,-96.86063021752294,0.8457180605064039
DD3,11.3,-5.956081161475738e-07,-1.515999152265181e-06,1.6288039960933327e-06,-111.44894840679811,0.8845737783742573
DD3,11.4,-9.063306319320141e-07,-1.237723527901046e-06,1.5340778161156283e-06,-126.21368153542507,0.9124378161079066
DD3,11.5,-8.46873483284093e-07,-1.0492162953768483e-06,1.3483506706988546e-06,-128.90868617160405,0.8501014726142807
DD3,11.600000000000001,-9.369226218694708e-07,-1.0233116180571021e-06,1.3874403291750632e-06,-132.47656478850308,0.8565424243425221
DD3,11.700000000000001,-1.0358172716958185e-06,-7.582896729124418e-07,1.2837136161889952e-06,-143.7932997245699,0.8610644172230792
DD3,11.8,-9.023264441646021e-07,-1.2750290074730991e-07,9.112902948773861e-07,-171.95709013877186,0.8484754436720117
DD3,11.9,-3.14159150087528e-07,3.862059348673058e-07,4.978463575345787e-07,129.1266242751242,0.738751163810694
DD3,12.0,9.015067549428955e-07,5.503322318907241e-07,1.0562102038256852e-06,31.402322447613386,0.8045775873395391
DD3,12.100000000000001,1.8890726258240662e-06,-2.8271610794613336e-07,1.9101109348229075e-06,-8.511638562213838,0.8589521320124417
DD3,12.200000000000001,2.8097513101768223e-06,-1.1225808643965653e-06,3.025704913263967e-06,-21.778207293885806,0.9270091286273701
DD3,12.3,2.833116845842956e-06,-2.787541290758422e-06,3.974536137699879e-06,-44.5354227807114,0.8945281699820277
DD3,12.4,1.8443463427946031e-06,-3.8127378403501693e-06,4.2353964715735766e-06,-64.1854230519239,0.9436665967814618
DD3,12.5,1.2583655574189143e-06,-4.2966613620369e-06,4.477140017479798e-06,-73.67624651070184,0.9421970390841528
DD3,12.600000000000001,7.516814062093564e-07,-4.746790161802957e-06,4.805938178610938e-06,-81.00160490886621,0.9318987038709161
DD3,12.700000000000001,5.105207597382356e-07,-5.5647194233802425e-06,5.588088555764756e-06,-84.75822046549492,0.9439762694229101
DD3,12.8,-5.189398765198789e-07,-6.458285931360807e-06,6.479101462907908e-06,-94.59399304323678,0.9533299043774711
DD3,12.9,-1.6945335449239494e-06,-6.774060746912178e-06,6.982789051498613e-06,-104.04434990106873,0.9520808477562944
DD3,13.0,-3.6414796615744755e-06,-7.333215433518644e-06,8.187577341317552e-06,-116.40777185337109,0.9405205482973917
DD3,13.100000000000001,-5.97043509736244e-06,-6.361213408137608e-06,8.724169374541448e-06,-133.18495817484407,0.9407903788389823
DD3,13.200000000000001,-7.229260976101642e-06,-5.276679738431245e-06,8.950171133702243e-06,-143.87407581426444,0.9221375648783597
DD3,13.3,-8.716987421740824e-06,-3.290103657479309e-06,9.317223394753743e-06,-159.32169488315856,0.900541733416227
DD3,13.4,-9.482838192529192e-06,-5.611699127973316e-07,9.499427975237208e-06,-176.61333315220764,0.9394385905749852
DD3,13.5,-8.865612845794875e-06,2.439410741760465e-06,9.195097383852954e-06,164.61553444628393,0.9349156262439138
DD3,13.600000000000001,-5.836912653208528e-06,3.380085363326768e-06,6.74496303804266e-06,149.92538793567766,0.9193201755742956
DD3,13.700000000000001,-4.958225523857979e-06,3.0656910785214963e-06,5.829447841293636e-06,148.27132899850386,0.9062758742139152
DD3,13.8,-3.0027518574468904e-06,3.026338393596657e-06,4.263243224349034e-06,134.7758530683395,0.8435627956060882
DD3,13.9,-1.9508366638417523e-06,2.5038789398067576e-06,3.174141369598561e-06,127.9230759218559,0.9065160844016817
DD3,14.0,-1.2586263129122029e-06,1.8976026001434175e-06,2.2770673735368536e-06,123.5551950502813,0.8561916606206016
DD3,14.100000000000001,-9.844667449901145e-07,1.7250781539342844e-06,1.986219879361988e-06,119.71251697830128,0.9387468471831071
DD3,14.200000000000001,-4.875499697525495e-07,1.6185291536040516e-06,1.6903672956112111e-06,106.76389124360286,0.7813612936643312
DD3,14.3,-3.9930421655546947e-07,1.0720299961497531e-07,4.1344448295439335e-07,164.97192199694288,0.0925066501628968
DD3,14.4,-8.228643754253126e-07,-3.4349619541288223e-07,8.91681230377322e-07,-157.3424095811113,0.35895092808902335
DD3,14.5,-2.560784700607334e-06,-5.410572828837572e-07,2.6173194811153927e-06,-168.0696833600305,0.7437232432876029
DD3,14.600000000000001,-3.480993322609213e-06,7.783798743587783e-07,3.566958051457392e-06,167.39552165862406,0.846423114206395
DD3,14.700000000000001,-4.183249758517233e-06,2.3016802987324216e-06,4.774652944425119e-06,151.17981745619988,0.8238065034325348
DD3,14.8,-2.5676975240836508e-06,3.666919511937196e-06,4.47653541058384e-06,125.00097337324162,0.7946992216810531
DD3,14.9,-2.161928721694406e-06,3.869673986810851e-06,4.43264171368359e-06,119.19143632843344,0.7966529716962684
DD3,15.0,-1.86772743805602e-06,3.1744262547496697e-06,3.6831220221045243e-06,120.47114802149449,0.4492283171458999
DD3,15.100000000000001,1.280844175783906e-07,1.9841833891778487e-06,1.9883131895945595e-06,86.30652669442792,0.2331692853180826
DD3,15.200000000000001,1.1583527203942951e-06,1.2393648184199598e-06,1.69640979069976e-06,46.935126293515246,0.17532474083744254
DD3,15.3,-4.014110873142742e-07,1.2964504340509424e-06,1.357171539994007e-06,107.2037360483562,0.06429152893234885
DD3,15.4,-2.084419394848074e-06,-2.0676390776886163e-06,2.9359726785520064e-06,-135.23155649758826,0.20445695935209762
DD3,15.5,3.050046621317404e-07,-2.173510586520687e-07,3.745254685856119e-07,-35.47426240067925,0.004439944289632558
DD3,15.600000000000001,-1.3173338083168072e-06,-7.804923417756381e-07,1.5311879891459709e-06,-149.35415801575735,0.11816641092639076
DD3,15.700000000000001,-6.273462303216809e-07,-1.7680367035314095e-06,1.8760376002983086e-06,-109.53603230778324,0.3179265601688479
DD3,15.8,1.4986334678232618e-07,-1.2558078493205667e-06,1.264718299513353e-06,-83.19472211010186,0.34012036484501645
DD3,15.9,6.19901587120239e-07,-6.680201928470565e-08,6.2349056728607e-07,-6.150589778974622,0.19042302274498651
DD3,16.0,7.007961638754445e-07,-9.662665445136297e-07,1.1936441255034304e-06,-54.04805921531936,0.2103455014101753
DD3,16.1,1.0369524779762117e-06,-1.0337093565397332e-06,1.4641808205883571e-06,-44.91026201588243,0.4021538416908583
DD3,16.2,1.1523993764716235e-06,1.9179174880327667e-07,1.1682501435057502e-06,9.449027587566851,0.24085299196492468
DD3,16.3,-1.4726679695384017e-07,2.7943288833388414e-07,3.1586428821197964e-07,117.79013959940703,0.009692841897706988
DD3,16.400000000000002,-4.4321940238495876e-08,-1.9540120322439835e-06,1.954514634516909e-06,-91.29939053235509,0.300187281768993
DD3,16.5,-1.0749181372643985e-07,-1.3346044603792395e-06,1.3389262696961176e-06,-94.60478107628086,0.3624590750195557
DD3,16.6,-4.793927530142083e-08,-1.6234526626377421e-06,1.6241603128823215e-06,-91.69140762306165,0.7804340038730443
DD3,16.7,-1.201461293798741e-07,-1.5580258408690747e-06,1.5626514688889372e-06,-94.40959911614436,0.7288218535951709
DD3,16.8,-2.6566012149137003e-08,-1.7330104630013564e-06,1.7332140715657959e-06,-90.87824118548697,0.8127622361438013
DD3,16.900000000000002,1.6959963433635308e-07,-1.6106037669300146e-06,1.6195087310713015e-06,-83.98879870522079,0.7092097119251547
DD3,17.0,-7.550847115698384e-07,-1.4711765232848047e-06,1.653636382132079e-06,-117.16926574952403,0.6335487224933135
DD3,17.1,-1.0432945863194598e-06,-1.771137197119236e-06,2.055575482647834e-06,-120.5003613751945,0.7677087273249178
DD3,17.2,-8.722488274112423e-07,-1.5998053560270892e-06,1.8221402783795899e-06,-118.60018308661606,0.6979140229875602
DD3,17.3,-1.0270138178186276e-06,-1.8491813017653938e-06,2.1152373079134996e-06,-119.04728443915262,0.8202499491369232
DD3,17.400000000000002,-1.1912144537873918e-06,-1.9402592409812375e-06,2.2767515888047784e-06,-121.54767919762698,0.7037259915789733
DD3,17.5,-1.2374315889229784e-06,-1.7518571538412833e-06,2.144817107524399e-06,-125.23563148304936,0.7813919269586482
DD3,17.6,-1.3293504027651e-06,-2.310584930948565e-06,2.665703512481896e-06,-119.9131387133266,0.8253993033004092
DD3,17.7,-1.0819105265675534e-06,-2.6265209289237977e-06,2.840623624764888e-06,-112.38763100744879,0.6610976908600982
DD3,17.8,-9.801702677157286e-07,-2.8029062416166328e-06,2.96934625010412e-06,-109.27462177961223,0.6479919653413517
DD3,17.900000000000002,-1.4682148555449441e-06,-3.4735174570237465e-06,3.7710712518184504e-06,-112.91320715560437,0.7114225856255162
DD3,18.0,-2.19928925419277e-06,-2.7914930164989972e-06,3.553773555640604e-06,-128.23295287373298,0.7548774574843053
DD3,18.1,-1.771042099990878e-06,-2.7296010564249083e-06,3.2538149989168213e-06,-122.97664365995023,0.8664902198530879
DD3,18.2,-1.5267574918921165e-06,-2.455135789903394e-06,2.891138216328176e-06,-121.8759416024535,0.8014214576780287
DD3,18.3,-1.4495165277238498e-06,-2.215553124058762e-06,2.6475977431760937e-06,-123.19455286550043,0.8071307312597372
DD3,18.400000000000002,-1.556036084574413e-06,-2.3580353896887954e-06,2.825168879115452e-06,-123.42028725167317,0.7451449695070863
DD3,18.5,-8.913027157761193e-07,-2.253473142495011e-06,2.423336900865463e-06,-111.57998625158554,0.5640313059188015
DD3,18.6,-1.4488043241571337e-06,-3.0781941083025024e-06,3.402104192714363e-06,-115.20481727039756,0.7046650720566089
DD3,18.7,-1.6789608599609647e-06,-3.275015680910344e-06,3.680303965637826e-06,-117.14227926218481,0.7444387108804791
DD3,18.8,-1.6724139469099008e-06,-2.5228814935241454e-06,3.026862970169838e-06,-123.54033171920823,0.7803258202323277
DD3,18.900000000000002,-1.6931591018030354e-06,-2.773552160978341e-06,3.2495198620236325e-06,-121.4026432416465,0.8644678938258529
DD3,19.0,-1.7001131296781114e-06,-2.823888162950973e-06,3.2961688382967467e-06,-121.04991325181132,0.8676371623692835
DD3,19.1,-2.0246009418399712e-06,-3.044961537258458e-06,3.6566104163668694e-06,-123.62001172254791,0.8960754307061921
DD3,19.200000000000003,-2.15940967860751e-06,-2.987822982792045e-06,3.6864802097073766e-06,-125.85702528109668,0.8397319225841074
DD3,19.3,-2.239998764394889e-06,-3.036116821039137e-06,3.7730093844950114e-06,-126.41931693671192,0.8510460393786933
DD3,19.400000000000002,-2.242146274938044e-06,-2.832343573812212e-06,3.612393948385735e-06,-128.36592196081364,0.8448360522270534
DD3,19.5,-2.117526248418686e-06,-2.763990193903205e-06,3.48189017700662e-06,-127.45616128848047,0.8322657401645011
DD3,19.6,-1.9253518338674993e-06,-2.197118639564419e-06,2.921354138152091e-06,-131.228331284125,0.8569752337766458
DD3,19.700000000000003,-1.3349850507139566e-06,-2.0083836047637285e-06,2.4115948642990377e-06,-123.61223299949057,0.8576632376694787
DD3,19.8,-1.0004137434929793e-06,-2.632550091510586e-06,2.8162293305911775e-06,-110.80764128478764,0.8918511215240227
DD3,19.900000000000002,-8.708167190956771e-07,-2.8543974376904937e-06,2.9842765439132172e-06,-106.96584699133423,0.850956393574611
DD3,20.0,-5.343379989887157e-07,-3.366353391098696e-06,3.4084970662925552e-06,-99.01925919291715,0.7917891546648894
DD3,20.1,1.4657936832671592e-08,-3.9417056254573e-06,3.9417328794419736e-06,-89.78693638605668,0.8068737381062571
DD3,20.200000000000003,1.3486949499118907e-07,-4.975855008565319e-06,4.97768247751338e-06,-88.44739018846775,0.7833753657367648
DD3,20.3,-5.766007971059447e-07,-5.742723751315752e-06,5.771598094388527e-06,-95.73359312315186,0.842497016735553
DD3,20.400000000000002,-1.0102244352860033e-06,-5.502568444640675e-06,5.594534198448001e-06,-100.40316439708198,0.7123562344859558
DD3,20.5,-3.5153351187370044e-06,-4.922251402169196e-06,6.048647771459529e-06,-125.53337097668127,0.7338011309275091
DD3,20.6,-4.260866381259014e-06,-5.095302003143123e-06,6.642069317778731e-06,-129.9035247629412,0.8059934494575784
DD3,20.700000000000003,-3.234073327415755e-06,-3.815616652197723e-06,5.001815742670913e-06,-130.2842316199898,0.6466392762550812
DD3,20.8,-4.220556352125596e-06,-3.922633628914255e-06,5.7619571768763375e-06,-137.09526056471844,0.7429079470750742
DD3,20.900000000000002,-3.6832161517020374e-06,-4.770900088439821e-06,6.02723559138299e-06,-127.66875221514063,0.6312984700579418
DD3,21.0,-4.34430531557396e-06,-5.174399477707198e-06,6.756285860576111e-06,-130.01603700372348,0.7978240021886089
DD3,21.1,-4.70510572485229e-06,-6.271904952450089e-06,7.84058745341226e-06,-126.87677853179792,0.9150301637101518
DD3,21.200000000000003,-4.257287437692059e-06,-6.835725614764345e-06,8.05305165806578e-06,-121.91463541137985,0.9028044877303438
DD3,21.3,-3.908235089939041e-06,-7.913141660197758e-06,8.825650823173788e-06,-116.28438440816977,0.8732334391841368
DD3,21.400000000000002,-5.637467691282993e-06,-7.776439180361364e-06,9.604897099715275e-06,-125.93993512652321,0.7667037854833656
DD3,21.5,-6.914633942071101e-06,-6.630180797344205e-06,9.579742165544623e-06,-136.2030854320171,0.8213331474037316
DD3,21.6,-7.036251971403289e-06,-6.345071253317145e-06,9.474638305220325e-06,-137.95685071997363,0.7269542505297917
DD3,21.700000000000003,-8.497676008918899e-06,-5.257871613648053e-06,9.992782968631001e-06,-148.25316850403098,0.7197704356743566
DD3,21.8,-1.084148400283528e-05,-7.293961127720372e-06,1.3066738090144347e-05,-146.06802269837848,0.7662302854264686
DD3,21.900000000000002,-1.0372005010340333e-05,-7.837721665486363e-06,1.3000321874482928e-05,-142.9230739037472,0.6663315898224574
DD3,22.0,-1.1736890424169147e-05,-6.5923906459446065e-06,1.3461582791696204e-05,-150.677896888622,0.7381241185720434
DD3,22.1,-1.2773954678204277e-05,-5.487412839359878e-06,1.3902719798312436e-05,-156.75269298348343,0.6317313419586484
DD3,22.200000000000003,-1.2212762104450579e-05,-2.0052901394885966e-06,1.2376297780977732e-05,-170.67544981647094,0.7231152854978832
DD3,22.3,-1.5141473940444076e-05,-3.464091534181029e-06,1.5532680491348935e-05,-167.11355168474827,0.7488178699868429
DD3,22.400000000000002,-1.5853630285641206e-05,-2.2606922778752295e-06,1.6014003959317757e-05,-171.88446209242719,0.7031483130116195
DD3,22.5,-1.606411332618514e-05,1.3002281353320356e-06,1.6116647609240207e-05,175.37257146337694,0.7405557304366407
DD3,22.6,-1.1993736762387983e-05,2.928892149190674e-06,1.2346178791312223e-05,166.27685085846085,0.5228623105659866
DD3,22.700000000000003,-1.2183677101527485e-05,3.173665911936997e-06,1.2590239991154897e-05,165.3997545338859,0.7641268649106847
DD3,22.8,-1.4232059020839004e-05,4.93748331458695e-06,1.5064204109559503e-05,160.86696699474385,0.7662898154429967
DD3,22.900000000000002,-1.1788433706018837e-05,9.148781941028913e-06,1.4922043433983758e-05,142.18563294680632,0.7279597657283721
DD3,23.0,-1.2950185203327617e-05,1.1422648553106615e-05,1.726801079361124e-05,138.5862501127324,0.8740381710608846
DD3,23.1,-1.1279162926486828e-05,1.2595341704204619e-05,1.690745838285314e-05,131.84453218818942,0.8384707720635671
DD3,23.200000000000003,-8.53751194269907e-06,1.2802010270348362e-05,1.5387676144689107e-05,123.69886133907917,0.7890888088754219
DD3,23.3,-5.74351620705866e-06,1.3749387743726853e-05,1.4900793326131722e-05,112.6717022350339,0.7254862485838888
DD3,23.400000000000002,-2.6638972787601283e-06,1.2655902447856996e-05,1.2933221388403522e-05,101.88647646011158,0.7269212828583058
DD3,23.5,-5.828237134368545e-07,1.2351114947778425e-05,1.236485842758339e-05,92.70166592337164,0.8198739380689516
DD3,23.6,2.782594417657751e-06,9.610512819110474e-06,1.0005238045117509e-05,73.8523395127555,0.7315741650889136
DD3,23.700000000000003,1.999471143235149e-06,6.869440809111406e-06,7.154516187871494e-06,73.771437267774,0.6767140130919674
DD3,23.8,2.5130098550083668e-06,7.688339525027501e-06,8.088620598313984e-06,71.89950750167174,0.6657877609996847
DD3,23.900000000000002,3.4411317386816003e-06,7.903971679037113e-06,8.620565871564501e-06,66.47326030913699,0.7474248487509865
DD3,24.0,3.783100586348531e-06,5.881116825746786e-06,6.992809532978325e-06,57.24835214041323,0.7711730074708558
DD3,24.1,3.096690971436365e-06,4.511379284472787e-06,5.471931836284667e-06,55.533603434292395,0.702241251519318
DD3,24.200000000000003,1.4721739302259636e-06,3.1549939720669893e-06,3.4815633046974746e-06,64.98544174585788,0.5702171260939636
DD3,24.3,7.856103065799951e-07,2.902826319524328e-06,3.0072552593898427e-06,74.8564477443187,0.6234555122546508
DD3,24.400000000000002,1.6822080445661339e-06,2.1233413704307146e-06,2.7089485931972943e-06,51.61212647540808,0.5158979478525776
DD3,24.5,1.495266253154397e-06,1.5633528139831164e-06,2.163306078392819e-06,46.275225294070744,0.5611193248332953
DD3,24.6,9.125361952214719e-07,7.668429732218968e-07,1.191960759911617e-06,40.041763786879294,0.21512816093886564
DD3,24.700000000000003,-1.825225449751047e-07,2.832586126052126e-09,1.8254452324939968e-07,179.110892285467,0.011722923568852147
DD3,24.8,-5.208705679844031e-07,-4.898150730206461e-07,7.149999680773528e-07,-136.75998257167765,0.10769307874857657
DD3,24.900000000000002,-2.459123298777642e-06,5.253265040062573e-08,2.4596843451851997e-06,178.77621369142935,0.4744739313708583
DD3,25.0,-2.751918349340984e-06,5.284646253592044e-07,2.8022008246547303e-06,169.1295409154128,0.705179764417302
DD3,25.1,-3.837519830484679e-06,5.673684888933665e-07,3.879235163218685e-06,171.5898762965512,0.7760969607639281
DD3,25.200000000000003,-3.7147156431343846e-06,1.4704768405955076e-06,3.995173894597712e-06,158.40377526255176,0.8284542647797108
DD3,25.3,-3.80111030691081e-06,1.2085569246338913e-06,3.98861497331895e-06,162.36202119684822,0.8112107308874877
DD3,25.400000000000002,-3.8005681876337407e-06,1.669975430351619e-06,4.151281306636746e-06,156.2792404812296,0.8172354454631584
DD3,25.5,-4.215070397279944e-06,1.6850958791081809e-06,4.5394235951068806e-06,158.20951596042767,0.8676102494495039
DD3,25.6,-4.211049321393158e-06,2.3767547302175487e-06,4.8354833713722215e-06,150.55922004789107,0.8006545759531619
DD3,25.700000000000003,-3.9357942652855335e-06,2.3627693674723958e-06,4.590550684016068e-06,149.02240708643538,0.8773779910292819
DD3,25.8,-4.867124877711987e-06,2.2543534925031454e-06,5.363861877826838e-06,155.14738496527897,0.882108721932154
DD3,25.900000000000002,-4.635599205877103e-06,2.9314181477995808e-06,5.484705311571184e-06,147.69192957273688,0.9008904055385966
DD3,26.0,-4.088641853945917e-06,3.3892605883207986e-06,5.310751316469539e-06,140.34312483853273,0.9239193725258309
DD3,26.1,-3.1676547548847883e-06,3.479077929105744e-06,4.705105724947626e-06,132.31744983368858,0.9118457107921025
DD3,26.200000000000003,-3.1035590423327824e-06,2.965692716707425e-06,4.29271615870151e-06,136.30128073201504,0.9277440939542578
DD3,26.3,-2.7574589376617664e-06,2.618876275880607e-06,3.8029058286080443e-06,136.47655298013112,0.8707219046741989
DD3,26.400000000000002,-2.847755581138501e-06,2.025543090106475e-06,3.4946439961437516e-06,144.57663204601147,0.9216680128798066
DD3,26.5,-3.579011870663229e-06,2.177379443755137e-06,4.189308679536008e-06,148.68473651383275,0.9566189674101666
DD3,26.6,-3.839769651310896e-06,2.550656341106707e-06,4.6097373835779465e-06,146.40497459877903,0.9390080034983642
DD3,26.700000000000003,-3.915019949584434e-06,2.522470854373293e-06,4.6572782198196875e-06,147.2060736004337,0.9374531175066626
DD3,26.8,-4.115696403763878e-06,2.9147861167626363e-06,5.043305958835646e-06,144.6934110968386,0.9289486499762883
DD3,26.900000000000002,-3.6234924777980345e-06,3.127306496734748e-06,4.7864123998228885e-06,139.20369993816718,0.9051870003808614
DD3,27.0,-3.4892304147441722e-06,3.29145448535789e-06,4.796707361968037e-06,136.67070353173403,0.8981950523923752
DD3,27.1,-3.358394611043556e-06,3.203466597729494e-06,4.64122964377491e-06,136.35252363894134,0.8623994482004655
DD3,27.200000000000003,-3.450267946947234e-06,4.0299895681949936e-06,5.30520167623173e-06,130.56842261542448,0.9121509099952071
DD3,27.3,-2.7631521922758967e-06,4.468371465881354e-06,5.253699039227674e-06,121.73182366972054,0.9063407497322815
DD3,27.400000000000002,-2.4809366719417265e-06,4.325217741482856e-06,4.986236584983041e-06,119.83850037240201,0.9167865292880107
DD3,27.5,-2.3925384606736967e-06,4.790424539560913e-06,5.354662226044725e-06,116.5394614320964,0.9004607545611789
DD3,27.6,-1.432104104977766e-06,5.180160620556635e-06,5.374475436938927e-06,105.45396077520334,0.8880858643308275
DD3,27.700000000000003,-1.4490832947893625e-06,5.03634670871029e-06,5.240670812555828e-06,106.05185453140832,0.8580231458199267
DD3,27.8,-1.3336261536809973e-06,5.310360806031959e-06,5.475261693108593e-06,104.0975207020669,0.7993352728461671
DD3,27.900000000000002,-1.1780698178630998e-06,5.18920669103785e-06,5.321251222980549e-06,102.79066552476907,0.814008546707707
DD3,28.0,-2.5458469897824326e-07,4.5559556548679694e-06,4.5630631485962664e-06,93.19833552049437,0.7944783554093765
DD3,28.1,-1.110621419586709e-08,3.805943014761489e-06,3.8059592193828793e-06,90.16719572287204,0.7901287836806657
DD3,28.200000000000003,2.1554818613254838e-07,4.3996725558485916e-06,4.404949445706762e-06,87.19521519895193,0.8356881703149694
DD3,28.3,1.223737735830183e-06,3.0464723720163703e-06,3.2830668527390413e-06,68.1151611381302,0.6486778899545121
DD3,28.400000000000002,5.059194898235999e-07,2.424317990014125e-06,2.47654441649842e-06,78.21238592565302,0.7720628558777601
DD3,28.5,1.0710152148481412e-06,3.0347660628682296e-06,3.2182104727274978e-06,70.56128626449633,0.8131317249364506
DD3,28.6,1.0486586979868554e-06,1.94405568063056e-06,2.208854353336914e-06,61.65677607291761,0.5204902664457789
DD3,28.700000000000003,-5.003069138019999e-07,2.0906255965381412e-06,2.14965634297637e-06,103.45832840103171,0.5177643247010325
DD3,28.8,-5.873769013193536e-07,1.9628376439885018e-06,2.0488394863585233e-06,106.65975175353701,0.44193684538882194
DD3,28.900000000000002,-4.872056785432482e-07,1.3678985963289421e-06,1.4520729813075777e-06,109.60441964667218,0.39175610619809137
DD3,29.0,-8.169632641183697e-07,1.576333555487726e-06,1.775459504769263e-06,117.39626276462577,0.4589868897738967
DD3,29.1,-8.521904982891371e-07,1.8788243713087455e-06,2.0630583277256103e-06,114.39792519146796,0.5457899402627601
DD3,29.200000000000003,-6.738935293006445e-07,2.5483590641291227e-06,2.635956450429775e-06,104.81235733299911,0.4906393955686832
DD3,29.3,-5.65373440626052e-07,1.0210941565607102e-06,1.16716768457997e-06,118.97302442599691,0.04330863817442431
DD3,29.400000000000002,-1.8228630041467468e-06,1.6321231101201154e-06,2.4467642670423035e-06,138.15992828597564,0.2946333785060577
DD3,29.5,-1.5966045209379758e-07,2.2966263239859612e-06,2.3021693968924323e-06,93.97677908124942,0.20503237411627276
DD3,29.6,1.8253380959778493e-07,6.982607746329286e-07,7.217248097698027e-07,75.35002600002548,0.03891826166840139
DD3,29.700000000000003,-3.3071760993669207e-07,1.5365836776163238e-06,1.5717708280277837e-06,102.14642921435063,0.32151496226999027
DD3,29.8,-5.883802669037348e-07,2.297973542886919e-06,2.3721032317945123e-06,104.36165402045722,0.37366826248827545
DD3,29.900000000000002,-6.669346011455892e-07,2.694842341355591e-06,2.776144269840476e-06,103.90057187582393,0.5171845371834898
DD3,30.0,6.398191290134581e-07,2.1997896214238316e-06,2.2909480344118557e-06,73.7826800747792,0.29222849565775355
beam,1.0,1.3045709237196704e-08,-2.7352866335439875e-07,2.738395884563543e-07,-87.26939735050165,0.9296512739374859
beam,1.1,4.6562358633988605e-09,-2.8800615987012956e-07,2.8804379641914566e-07,-89.07377181241542,0.9296643878467717
beam,1.2000000000000002,2.2041947172754937e-08,-3.0468561637036356e-07,3.054818689515875e-07,-85.86224552997386,0.9342312872953332
beam,1.3,1.717379105969124e-08,-3.533634462658465e-07,3.537805312001181e-07,-87.21756137689,0.9436022514253991
beam,1.4000000000000001,2.677757252995736e-08,-4.0305401095360535e-07,4.039425381615387e-07,-86.19904401585087,0.9473017639511139
beam,1.5,2.870155056097364e-08,-4.3481622422520953e-07,4.3576246723882934e-07,-86.22347223572214,0.9581548056865115
beam,1.6,1.1857904551547739e-08,-3.8430796608398915e-07,3.8449086165469026e-07,-88.23268717043533,0.952394222366348
beam,1.7000000000000002,-5.864217788220845e-08,-3.6049413925211734e-07,3.652327059039121e-07,-99.2394680065265,0.9372455341879186
beam,1.8,-1.497174303057829e-07,-3.930615570034098e-07,4.20609910167737e-07,-110.85187319397701,0.938952215707785
beam,1.9000000000000001,-1.0681071050382628e-07,-5.30800522602519e-07,5.414404147027072e-07,-101.37744330389332,0.9460031315475123
beam,2.0,8.374614947052647e-08,-7.43476764081536e-07,7.481785323572789e-07,-83.57322171007058,0.9446842073290176
beam,2.1,2.2271177928212482e-07,-8.393425762948131e-07,8.683872966667719e-07,-75.13953262231678,0.9438223830173165
beam,2.2,3.083767405216295e-07,-5.563173025276798e-07,6.360700866936114e-07,-60.999604170438616,0.9138529765556004
beam,2.3000000000000003,3.4793074123480776e-07,-2.4692087554771786e-07,4.2664472278167736e-07,-35.362712134187525,0.9072840104354989
beam,2.4000000000000004,8.027264426638615e-09,-2.6469245771351535e-08,2.7659680870888384e-08,-73.12914985000312,0.09280944090608668
beam,2.5,-2.1529184338886063e-07,1.2484079465754638e-07,2.488690455651352e-07,149.89193758915457,0.7697257211570181
beam,2.6,-3.781580935863669e-07,-5.24124699629461e-07,6.463050707727336e-07,-125.81060108708597,0.8657325853478608
beam,2.7,-7.849169770379145e-07,-1.0791417865380602e-06,1.3344068556084738e-06,-126.0303801053446,0.8867525092354084
beam,2.8000000000000003,-7.077415964225531e-07,-1.6673616629752612e-06,1.8113511759088496e-06,-112.99966693037983,0.9240672741915343
beam,2.9000000000000004,-6.841996261856246e-07,-1.8709710009309381e-06,1.992149998066678e-06,-110.08707529486455,0.8838475147888117
beam,3.0,2.1776017146499517e-07,-2.222323097026407e-06,2.232966511135692e-06,-84.40358823069087,0.9009428862418659
beam,3.1,7.134683862909379e-07,-3.2460816127681152e-06,3.3235647992761994e-06,-77.60385474507791,0.9077670816216359
beam,3.2,6.946770072577009e-07,-3.4418637454602782e-06,3.511267888772711e-06,-78.58919422987128,0.8592708899563717
beam,3.3000000000000003,1.127545736458873e-06,-4.111052038544123e-06,4.262875584793012e-06,-74.66254409299725,0.7810685892552222
beam,3.4000000000000004,3.4630563055304524e-07,-6.238434683591496e-06,6.248039283742546e-06,-86.82267932517266,0.7109066211522462
beam,3.5,-3.7091033508398e-06,-7.953616716047476e-06,8.775959579043244e-06,-115.00160331449149,0.7447383308074997
beam,3.6,-1.0192855153835399e-05,-3.553188173168335e-06,1.0794417185796192e-05,-160.78165133145018,0.7772316336337514
beam,3.7,-3.7204973730697535e-06,6.701213778638715e-06,7.66474832007133e-06,119.0389266481554,0.7965218679407332
beam,3.8000000000000003,6.744793550907447e-06,5.1332245715638306e-08,6.744988883890981e-06,0.4360495583816491,0.874669931963483
beam,3.9000000000000004,-1.3396720486196176e-06,-9.091119473289851e-06,9.189296734542999e-06,-98.38280513235554,0.8300488702316093
beam,4.0,-6.593151065296469e-06,4.81321446552826e-07,6.610696733683346e-06,175.8246289605915,0.6590373780642609
beam,4.1000000000000005,4.339881702620928e-06,3.0219051810240895e-06,5.288334720480935e-06,34.84989964756129,0.59696178837533
beam,4.2,1.4362408713259294e-06,-8.331231108163062e-06,8.454123231778147e-06,-80.21878368513794,0.887209217441639
beam,4.3,-2.9572732898494318e-06,-4.097672415823116e-06,5.053353791122737e-06,-125.817828579946,0.8727955245248958
beam,4.4,-5.245324063389612e-07,-5.830467342932308e-06,5.854014322010142e-06,-95.14072083840335,0.8818419320885844
beam,4.5,-4.278102850757778e-06,-4.381623109964386e-06,6.12378845808996e-06,-134.3151063365291,0.8402493039852544
beam,4.6000000000000005,-1.2914675131198855e-07,-5.57741028220847e-06,5.578905299380803e-06,-91.3264653963833,0.888397978091209
beam,4.7,-6.606310117995769e-06,-8.984941937884983e-06,1.1152242599688083e-05,-126.32572976436946,0.9314712003125294
beam,4.800000000000001,-7.2677993623960964e-06,-8.511781202904058e-06,1.1192467414210146e-05,-130.4924149837434,0.9261507805111916
beam,4.9,-2.08103684217607e-05,-1.1134206730774206e-05,2.36017370838045e-05,-151.85180684216073,0.9253929384668255
beam,5.0,-2.799696967516751e-05,1.2829041182100478e-05,3.079634083205794e-05,155.38134545875175,0.936729751762712
beam,5.1000000000000005,-2.59778639316802e-06,2.365509646702575e-05,2.3797312516517973e-05,96.26706933604333,0.9204400392897875
beam,5.2,3.4620374095886707e-06,5.362830276963578e-06,6.383232065725691e-06,57.15526517804151,0.9165069916443338
beam,5.300000000000001,-2.3644031148681823e-06,4.437851349695032e-06,5.028411945295291e-06,118.04784547149175,0.9027330741045896
beam,5.4,-7.107957874917353e-08,6.151277721031788e-06,6.15168837863047e-06,90.66203784152486,0.9430326432275711
beam,5.5,9.522614048178757e-07,4.428114754482546e-06,4.529348966680723e-06,77.86343943588822,0.9339789302782109
beam,5.6000000000000005,1.780956600834592e-06,3.2814500468317352e-06,3.733593553656892e-06,61.50978306071817,0.8725086096261103
beam,5.7,1.8881515397470137e-06,1.763096618625277e-06,2.5833362002760895e-06,43.03839148941268,0.887535696787314
beam,5.800000000000001,1.3849425476607197e-06,4.195471342573265e-07,1.4470955940035546e-06,16.853380885043897,0.8368701167265977
beam,5.9,-6.119762885529928e-07,5.101290407082913e-07,7.967098693533659e-07,140.1862081391461,0.7022779450819918
beam,6.0,-5.183183844773547e-07,1.560735286035801e-06,1.6445511791259245e-06,108.37126734555521,0.8767949618924609
beam,6.1000000000000005,-1.191049688455168e-07,1.690376746256322e-06,1.694567655152134e-06,94.03043415593619,0.91231484922824
beam,6.2,-3.477066663061327e-07,1.5843312883188783e-06,1.6220374708803373e-06,102.37822543702018,0.8837181077205422
beam,6.300000000000001,-3.855067111563183e-07,2.0012743311727447e-06,2.038066331834535e-06,100.90336841060989,0.8073239792538398
beam,6.4,4.92928178528248e-07,1.3242094029532852e-06,1.4129786736030634e-06,69.58255062999979,0.6341311715435936
beam,6.5,-1.0445507723429247e-07,6.997825310957124e-07,7.075354789597082e-07,98.48973866251788,0.6832696038402075
beam,6.6000000000000005,-3.1477185913460743e-07,7.736588518045152e-07,8.352420860316714e-07,112.13950604822311,0.6462335857103609
beam,6.7,-4.794686574127527e-07,9.054001253435708e-07,1.0245191947510508e-06,117.90415002935684,0.583353454928328
beam,6.800000000000001,-6.818217302311553e-07,1.52792461701652e-06,1.6731510712127838e-06,114.04836022814611,0.7349636231344286
beam,6.9,2.0369693196062265e-07,1.2508481245677965e-06,1.267325321622252e-06,80.75074167003437,0.6234080921765802
beam,7.0,-3.821128573430267e-07,8.765414087361343e-07,9.562086994877107e-07,113.55395023281368,0.37196035307193787
beam,7.1000000000000005,1.3794486364963735e-06,7.639156953639219e-07,1.576846768191205e-06,28.976954180503572,0.530050536244348
beam,7.2,4.041313141729865e-07,-1.686463754348546e-08,4.044830467333065e-07,-2.389600120533654,0.3061103567486128
beam,7.300000000000001,-2.3776052811602852e-07,-3.9672315090340417e-07,4.6251413728959464e-07,-120.93471851175042,0.3346112141324968
beam,7.4,-7.238530153072153e-07,1.6699478811816998e-07,7.42866372255455e-07,167.00900673245806,0.35409652329429764
beam,7.5,-1.5580674555677634e-07,2.8317662247725706e-07,3.2321005782404266e-07,118.82005176983809,0.06955414417886807
beam,7.6000000000000005,-2.522263258509984e-07,-2.471178704244556e-07,3.531081439664229e-07,-135.58613422875618,0.14305620991531934
beam,7.7,-2.534396780956589e-07,-1.761467944801573e-07,3.086411567481984e-07,-145.19975159668826,0.2558356603633136
beam,7.800000000000001,-3.8814251082891145e-07,-5.856483549680601e-07,7.025941960971258e-07,-123.53470307092061,0.5181807834644704
beam,7.9,-7.540437394527295e-07,-3.6285991154206943e-07,8.368089844236702e-07,-154.30227246675327,0.790270796221738
beam,8.0,-5.961777670323972e-07,2.474318643435448e-07,6.4548466859892e-07,157.46006677737236,0.7320029009908063
beam,8.1,-1.757160754385666e-07,3.739514266909361e-07,4.1317769626604797e-07,115.16836706506766,0.4113924003178785
beam,8.200000000000001,-1.871890993180098e-07,2.0226835588787803e-07,2.7559435171474943e-07,132.7826938547866,0.21041045495347635
beam,8.3,-4.5481608856437725e-07,4.352246789219265e-08,4.568937290316276e-07,174.5338702083339,0.2650179585048052
beam,8.4,4.0044240086935054e-09,1.1927076146547893e-07,1.1933796525916038e-07,88.07706061962888,0.020625813310712796
beam,8.5,2.792590106396162e-07,-7.225654598804471e-07,7.746524632605639e-07,-68.86934802677973,0.47799968740065796
beam,8.6,-6.460524826410209e-07,-3.500474173938855e-07,7.347904495505884e-07,-151.55005579000112,0.5358660507543658
beam,8.700000000000001,1.1331330954584512e-07,3.7110899332524863e-07,3.8802292592978566e-07,73.02063001466801,0.1829051532460399
beam,8.8,5.772146710692028e-07,5.640281977973061e-08,5.799638390250143e-07,5.580967752632299,0.29689007450267363
beam,8.9,4.7393058283840587e-07,-1.8199266444311465e-07,5.076726575862198e-07,-21.007139288715788,0.4214999346919261
beam,9.0,5.03128814758135e-07,-2.0658856369950943e-07,5.438910174762514e-07,-22.32343056337475,0.48385508380315806
beam,9.1,8.101212988511707e-07,-5.140496875658004e-07,9.59449633977107e-07,-32.39652488078943,0.7281217342593275
beam,9.200000000000001,7.066668489572357e-07,-1.2932978291625908e-06,1.473769761642509e-06,-61.34750349560477,0.7162472778028228
beam,9.3,-2.960284135000508e-07,-1.4328381822952156e-06,1.4630987930561678e-06,-101.67322965551787,0.5841146706974294
beam,9.4,-4.756710374750796e-07,-1.1955013661442674e-06,1.2866570842090866e-06,-111.69682499479002,0.7060131843212423
beam,9.5,-7.566571184785906e-08,-1.106121620522291e-06,1.108706606517839e-06,-93.91329715281297,0.5789592161060632
beam,9.600000000000001,-6.839300178797989e-08,-1.2848364095649388e-06,1.2866554325215798e-06,-93.04703028108527,0.6554167877992887
beam,9.700000000000001,-6.322875865548682e-07,-9.007863587371055e-07,1.1005469804593685e-06,-125.06610936573553,0.6228599285340931
beam,9.8,-4.972027541395402e-07,-8.603871070912773e-08,5.045921506171425e-07,-170.1824461276937,0.3280907178422324
beam,9.9,-1.7518378348342388e-07,2.477735593848024e-07,3.0344866901303316e-07,125.26152517185794,0.33226439463399615
beam,10.0,3.8764744865289185e-07,-1.2656799490431848e-07,4.07786711138551e-07,-18.082007720104343,0.13862214544767662
beam,10.100000000000001,7.718945961689855e-07,-6.417767154807159e-07,1.0038419298515563e-06,-39.74116886793403,0.30310990619353706
beam,10.200000000000001,6.043610543814681e-07,-8.360074963169574e-07,1.0315817068711655e-06,-54.136327923229274,0.28345041351969663
beam,10.3,6.908140312276741e-08,-1.1788405194214499e-06,1.180862909268999e-06,-86.64623730595048,0.40208917009834133
beam,10.4,4.06581851157211e-07,-1.1290510119903278e-06,1.2000270785973155e-06,-70.19557623981962,0.7101927689420606
beam,10.5,4.1759699744396834e-07,-1.3981815447269268e-06,1.4592117338786695e-06,-73.37061310599893,0.8410453942859496
beam,10.600000000000001,3.998797579271783e-08,-1.96298099662636e-06,1.9633882528232197e-06,-88.83298646226058,0.8841375152442116
beam,10.700000000000001,-4.122021548184365e-07,-2.2066550221104456e-06,2.244824492703653e-06,-100.58088027669096,0.8683552032228072
beam,10.8,-1.5015526753161651e-06,-1.9335219605234382e-06,2.448094689462712e-06,-127.8325348058485,0.8222828092131288
beam,10.9,-1.607093078056547e-06,-9.92451191118553e-07,1.8888376130016845e-06,-148.3028317950468,0.8449379698818611
beam,11.0,-1.1238860624097016e-06,-3.345686496275926e-07,1.1726278448819193e-06,-163.42230430219342,0.7828566229025612
beam,11.100000000000001,-1.4740612768777876e-07,-6.399781524660685e-07,6.567348034890401e-07,-102.97071745092684,0.66549856156454
beam,11.200000000000001,-1.697385003307922e-07,-1.224075135902008e-06,1.2357876422865158e-06,-97.89467463294098,0.8734186732681354
beam,11.3,-5.577424468498693e-07,-1.4559139572827955e-06,1.5590901474991525e-06,-110.96121207176654,0.9168080827504936
beam,11.4,-7.946930254842886e-07,-1.2717883723529108e-06,1.4996608512611904e-06,-121.99972296013405,0.9397052169817338
beam,11.5,-7.967339795693107e-07,-1.0984374214371216e-06,1.356963449402298e-06,-125.95465246110288,0.8851452875146749
beam,11.600000000000001,-8.729234738065015e-07,-1.0741310912535054e-06,1.384107290754534e-06,-129.10002617138827,0.8889593875318829
beam,11.700000000000001,-9.973397050788436e-07,-8.549758298101043e-07,1.3136476532488578e-06,-139.39495582875682,0.9084369027155277
beam,11.8,-9.279927712106936e-07,-2.1636134035550728e-07,9.528813215819347e-07,-166.87595016000324,0.8806646573421887
beam,11.9,-3.541325904254943e-07,3.649603688390576e-07,5.085331478130131e-07,134.13733111092833,0.7481244265503638
beam,12.0,9.05276348594693e-07,6.6000974811782e-07,1.120329476062952e-06,36.09466450674052,0.8363597498176513
beam,12.100000000000001,2.0109101491973595e-06,-1.8748484087318963e-07,2.0196312023986438e-06,-5.326506543895474,0.8846066291039025
beam,12.200000000000001,2.937834592555029e-06,-1.0436544338571982e-06,3.117705353384563e-06,-19.557386355016604,0.9372682469857976
beam,12.3,2.9857118047231435e-06,-2.7292465525919002e-06,4.045152868025868e-06,-42.43051071481804,0.9062829686797403
beam,12.4,2.035213069283006e-06,-3.725011856441066e-06,4.244738574754265e-06,-61.34938790199177,0.9515145155974448
beam,12.5,1.5194899062129524e-06,-4.2168016477450635e-06,4.482216606937747e-06,-70.18378856875466,0.9528324655950379
beam,12.600000000000001,1.1378095389520246e-06,-4.760394711445216e-06,4.894483461580579e-06,-76.5575980575882,0.9445361027013722
beam,12.700000000000001,9.028600148674695e-07,-5.753977838554865e-06,5.824381269545032e-06,-81.08239799836993,0.966402093748974
beam,12.8,-1.48295217083957e-07,-6.699230366935397e-06,6.700871509041144e-06,-91.2681012868582,0.9738099165222099
beam,12.9,-1.3679330135128002e-06,-7.115154154479703e-06,7.2454578441578136e-06,-100.88268593938004,0.968884934021564
beam,13.0,-3.2698070709647765e-06,-7.716955703193191e-06,8.381112313194303e-06,-112.96321024401625,0.9573608199966159
beam,13.100000000000001,-5.639337486922316e-06,-6.853043954705321e-06,8.875040210417667e-06,-129.45080290839235,0.9556405670856452
beam,13.200000000000001,-7.16134544703536e-06,-6.0059296209647915e-06,9.346446341993108e-06,-140.01480515848604,0.9461216692306704
beam,13.3,-9.305975636245702e-06,-4.124279977946327e-06,1.0178942375261173e-05,-156.09773975326053,0.9329575412789619
beam,13.4,-1.0259879760692112e-05,-1.0221503811949383e-06,1.0310670400397667e-05,-174.31062631512972,0.9680892763916278
beam,13.5,-9.537419044614724e-06,2.2320071755236983e-06,9.7951119475057e-06,166.8283278356212,0.9508734855850759
beam,13.600000000000001,-6.230779007921854e-06,3.463339723544912e-06,7.128627433541733e-06,150.93277845130828,0.9386114721575428
beam,13.700000000000001,-5.227132174361336e-06,2.9900916764477376e-06,6.0219231979331585e-06,150.22902238944357,0.9174067307859862
beam,13.8,-3.3245044545989937e-06,3.100445960445696e-06,4.54588770454051e-06,136.9972770121283,0.8686806732195553
beam,13.9,-2.15037280821813e-06,2.6129329978009943e-06,3.384009761410451e-06,129.45345156354708,0.9401873573419637
beam,14.0,-1.345132707135631e-06,1.9710984472368173e-06,2.3863384270688478e-06,124.31072079137147,0.8845342164296903
beam,14.100000000000001,-1.0854892999029368e-06,1.7942565018184852e-06,2.0970558920833932e-06,121.1730993567537,0.953611958819648
beam,14.200000000000001,-5.130712277048231e-07,1.6701508212625357e-06,1.7471822602300129e-06,107.076985858078,0.7819639396808493
beam,14.3,-4.218743061796625e-07,1.3705017742155245e-07,4.4357714249705276e-07,162.00308268773077,0.11642176031618016
beam,14.4,-8.282153083068918e-07,-3.4320210145210553e-07,8.965089399191852e-07,-157.49149230856278,0.38213692896461615
beam,14.5,-2.507548539502044e-06,-5.700766841970031e-07,2.571533998185496e-06,-167.19183857608763,0.7681549045279219
beam,14.600000000000001,-3.3752607397630688e-06,6.609063097725826e-07,3.4393578196638905e-06,168.92114545415862,0.8732744328715093
beam,14.700000000000001,-4.210231158233211e-06,1.9775703473559004e-06,4.651540700079824e-06,154.8402796547186,0.8593933790561046
beam,14.8,-2.6061828481340287e-06,3.6816621262732116e-06,4.510745509330202e-06,125.29399521230832,0.8206438114481029
beam,14.9,-1.8719846009928754e-06,3.84898781160899e-06,4.280074008737351e-06,115.93632530535861,0.8124025676171555
beam,15.0,-1.4836175018185514e-06,2.6861552003044854e-06,3.0686398700116553e-06,118.91275270090566,0.3739650326490291
beam,15.100000000000001,-1.517216960863064e-08,1.6979531412154401e-06,1.6980209258115794e-06,90.51195650126321,0.22142720105686858
beam,15.200000000000001,8.3041086954933e-07,1.245089027240765e-06,1.4966057924587317e-06,56.29873519683609,0.1686559671392557
beam,15.3,-4.643037555301257e-07,1.182442084569189e-06,1.2703335234337902e-06,111.43820428902733,0.060280903140890525
beam,15.4,-1.4691524162172979e-06,-2.598869154649079e-06,2.9853860227889364e-06,-119.47967121218973,0.22050921017076702
beam,15.5,4.220825518154002e-07,-2.540581988454397e-07,4.926451552056399e-07,-31.044403720694586,0.006928599774537971
beam,15.600000000000001,-1.5868808507885464e-06,-1.1223242065834212e-06,1.9436569808694348e-06,-144.73007455066661,0.15033573929941857
beam,15.700000000000001,-4.219899331549375e-07,-1.8880670048077805e-06,1.934650489966581e-06,-102.59875593077987,0.28984444063728737
beam,15.8,4.2904535798990246e-07,-1.1841501369186409e-06,1.2594806334267785e-06,-70.0833607639635,0.3139192335487573
beam,15.9,6.968679020052072e-07,1.0517973839667361e-07,7.047607042211787e-07,8.582988873740018,0.23211607209495946
beam,16.0,9.582727221650644e-07,-1.0984402266061698e-06,1.4576891100204653e-06,-48.89874892040731,0.24445185831379992
beam,16.1,1.2467570634385323e-06,-1.2427202402531806e-06,1.7603285973842484e-06,-44.90709185092992,0.46080804638504397
beam,16.2,1.2243564429394216e-06,1.4543893615714077e-07,1.2329643885845991e-06,6.774310751321373,0.21316357317945625
beam,16.3,-4.1405029391924995e-07,-5.4965807862598705e-08,4.176827575189158e-07,-172.43811202398493,0.012715001846900838
beam,16.400000000000002,-1.4081911983674054e-07,-2.5185658312300378e-06,2.522499528394613e-06,-93.20021383987319,0.4901633440789819
beam,16.5,7.660537688057355e-08,-1.582982898149793e-06,1.5848353982675086e-06,-87.22944367594313,0.5072813362979927
beam,16.6,1.9334280918111638e-07,-1.7452890853081522e-06,1.755965669697962e-06,-83.67855908482137,0.8071501438554044
beam,16.7,4.6663978251646997e-08,-1.8079352079329035e-06,1.8085373214146456e-06,-88.52148709997965,0.740991014623507
beam,16.8,1.2060979623322943e-07,-1.9115818529079866e-06,1.9153829651833473e-06,-86.389752157977,0.832249329221988
beam,16.900000000000002,3.3053966864304386e-07,-1.8422177358823565e-06,1.8716363586301078e-06,-79.82794811755933,0.7697222402472774
beam,17.0,-7.159551561674049e-07,-1.7178803694463946e-06,1.8611031001457105e-06,-112.62474339641594,0.6981638126870853
beam,17.1,-9.737800883864976e-07,-2.0341468934356573e-06,2.2552164518316086e-06,-115.5812167562422,0.7977712765056368
beam,17.2,-8.914331074453368e-07,-1.846133597305313e-06,2.0500883503276403e-06,-115.77426565906067,0.6942234984907268
beam,17.3,-1.1602377994367348e-06,-2.077355655323165e-06,2.3794029229924328e-06,-119.18408723498545,0.826610156226664
beam,17.400000000000002,-1.4425501115774621e-06,-2.123701897046497e-06,2.5673060923721266e-06,-124.1867799972719,0.6928071523558506
beam,17.5,-1.337811782653683e-06,-1.7200940074618805e-06,2.179097005714362e-06,-127.8741718916393,0.7399000266350408
beam,17.6,-1.5357955363246297e-06,-2.2961976215567745e-06,2.76246112128979e-06,-123.77630502417463,0.8043944040366928
beam,17.7,-1.2209229554978637e-06,-2.3318406176167362e-06,2.6321347855360372e-06,-117.63599916198734,0.582989536092337
beam,17.8,-8.49305509750475e-07,-2.6005913105440647e-06,2.7357622362642937e-06,-108.08609000367957,0.5832406011750919
beam,17.900000000000002,-1.3287590355265684e-06,-3.6744618891100087e-06,3.9073355050488545e-06,-109.88100558935291,0.6876329665510599
beam,18.0,-2.1933655872811466e-06,-3.0584550199548725e-06,3.763641814593457e-06,-125.6461318808425,0.7840814739533596
beam,18.1,-1.6155689585529049e-06,-2.97301115606968e-06,3.3836161711923667e-06,-118.52017314571027,0.8986739461609189
beam,18.2,-1.4164674321183882e-06,-2.691176852233059e-06,3.041186090367884e-06,-117.75951694435236,0.8163982054050171
beam,18.3,-1.4132483855345355e-06,-2.4052636366580555e-06,2.7897247464661285e-06,-120.43699821803074,0.8348265988293859
beam,18.400000000000002,-1.5750921841642939e-06,-2.5941808824432625e-06,3.034911833884067e-06,-121.26459974765042,0.7734264575379065
beam,18.5,-1.0789912561558147e-06,-2.344949104281174e-06,2.5812803862675946e-06,-114.7087756519147,0.5235060461175084
beam,18.6,-1.1700609948846226e-06,-3.3830635804634633e-06,3.579687405515831e-06,-109.07837467383447,0.6938615504338197
beam,18.7,-1.2584381885236552e-06,-3.905610661709393e-06,4.103347574260896e-06,-107.85961086269832,0.732872492638153
beam,18.8,-1.7784531427606136e-06,-2.7627206964318398e-06,3.285653850832119e-06,-122.77070097892643,0.7880345013322131
beam,18.900000000000002,-1.5196620723373426e-06,-3.037707667914976e-06,3.3966219527362874e-06,-116.57724556162952,0.8924898971305734
beam,19.0,-1.3284282486876078e-06,-3.4005881163001666e-06,3.650852112676319e-06,-111.33793395358602,0.8871748344645545
beam,19.1,-1.8037879654239924e-06,-3.632651907698822e-06,4.055836646946758e-06,-116.40662914165719,0.9023421165259722
beam,19.200000000000003,-2.028911753770901e-06,-3.684952226401501e-06,4.206584816148498e-06,-118.8369067722112,0.8798016097368453
beam,19.3,-2.337671538724033e-06,-3.6009776302149095e-06,4.293221181848028e-06,-122.99070256606383,0.8908517844190428
beam,19.400000000000002,-2.474114407850205e-06,-3.2699025361776543e-06,4.100427380070646e-06,-127.11233213151061,0.8972725224603072
beam,19.5,-2.289063946696743e-06,-3.1674176419141085e-06,3.9079851932134545e-06,-125.85529749195487,0.8951564266738639
beam,19.6,-2.0764278868849545e-06,-2.4487853473068593e-06,3.2106233735239473e-06,-130.29601065684648,0.9147762634208644
beam,19.700000000000003,-1.499266134518225e-06,-2.1707696190602914e-06,2.6381887121941037e-06,-124.63132867599751,0.8903385318858258
beam,19.8,-1.183804005625179e-06,-2.6808491214408637e-06,2.9305876434026796e-06,-113.82519857032072,0.9270081919083266
beam,19.900000000000002,-9.739401814542583e-07,-2.871217448719362e-06,3.0319051955629606e-06,-108.73735183810872,0.9101524904754102
beam,20.0,-5.48529235211519e-07,-3.46799428049975e-06,3.5111064711086036e-06,-98.98795862419944,0.8813117000755849
beam,20.1,-4.321616401006157e-08,-4.229887110525012e-06,4.23010787151077e-06,-90.58536258529526,0.8919947032937735
beam,20.200000000000003,-1.0606977552418694e-07,-5.256105540997944e-06,5.2571756918890435e-06,-91.15608897814843,0.8770667047776652
beam,20.3,-6.815869629947823e-07,-5.60084350538215e-06,5.64216348220307e-06,-96.93841436064818,0.8891495750880263
beam,20.400000000000002,-1.1124577555118537e-06,-5.400267776557956e-06,5.513660700145473e-06,-101.64012682304332,0.7778919584837347
beam,20.5,-2.8077836178186665e-06,-4.824330134439658e-06,5.581918137213538e-06,-120.19961347329338,0.8285529966044475
beam,20.6,-2.8281965861709376e-06,-4.955893226536341e-06,5.7060996839222614e-06,-119.71225446420405,0.8019162853200196
beam,20.700000000000003,-2.3402612477647738e-06,-3.9838213746932775e-06,4.620352308347554e-06,-120.43173584554276,0.6417235930576294
beam,20.8,-3.520911066880029e-06,-4.189979306843855e-06,5.472909768364354e-06,-130.0409083173824,0.804240452442664
beam,20.900000000000002,-3.74691396750133e-06,-5.3920886932060805e-06,6.5661240283181846e-06,-124.79508959954765,0.7514054564210022
beam,21.0,-3.2645142042741987e-06,-5.594964458954172e-06,6.477706406350041e-06,-120.26243422523055,0.8385421218101577
beam,21.1,-3.0685591819104014e-06,-7.1780114637150105e-06,7.806401477384489e-06,-113.14643304019853,0.9385880862260897
beam,21.200000000000003,-3.036973846162797e-06,-7.895355637544666e-06,8.459305573484456e-06,-111.03939867596159,0.949090163779791
beam,21.3,-3.1969690425054133e-06,-8.857612612616138e-06,9.416895043161225e-06,-109.8459820463613,0.9360188180003761
beam,21.400000000000002,-5.09941850446595e-06,-8.542417810229997e-06,9.94871705941145e-06,-120.83519914722069,0.8354382498323822
beam,21.5,-6.060224247776046e-06,-7.92124376124575e-06,9.973586148342404e-06,-127.41814574764854,0.8877465069572844
beam,21.6,-6.15842995133403e-06,-8.566769993958706e-06,1.0550630672849813e-05,-125.71138339526675,0.8331074084731495
beam,21.700000000000003,-7.827332358480331e-06,-7.89684173443301e-06,1.1118778765170041e-05,-134.74672323557974,0.7814438206818005
beam,21.8,-9.245056526595727e-06,-9.964127382382504e-06,1.3592457639157646e-05,-132.8562078731838,0.8211163073390125
beam,21.900000000000002,-8.746219535571788e-06,-1.1371243958308368e-05,1.4345784932299179e-05,-127.56577077941868,0.7553463361220155
beam,22.0,-1.0965835636170377e-05,-9.445555162353839e-06,1.4473011556845155e-05,-139.2596369356018,0.8097244396535285
beam,22.1,-1.234165317521619e-05,-8.955766220067237e-06,1.5248677047069405e-05,-144.03334586591558,0.73741933354973
beam,22.200000000000003,-1.3531421148124066e-05,-4.5668370466255855e-06,1.4281294020442654e-05,-161.35052811389397,0.7806651205180616
beam,22.3,-1.593705493644307e-05,-5.280484606570392e-06,1.678908090776357e-05,-161.668222478884,0.7992999095611864
beam,22.400000000000002,-1.6686191174137348e-05,-3.936143555154565e-06,1.71441594132417e-05,-166.72701053296885,0.7254341654274087
beam,22.5,-1.746974877947417e-05,-5.279673326377979e-07,1.7477725021359957e-05,-178.2689450473866,0.8169521541299696
beam,22.6,-1.3837158660770975e-05,1.8047063279215823e-06,1.3954351462299831e-05,172.56916388067987,0.6539658074465868
beam,22.700000000000003,-1.2353514880315992e-05,5.319933258734654e-07,1.2364964488301717e-05,177.53413089137263,0.823361946432794
beam,22.8,-1.585330716476925e-05,2.259431668537444e-06,1.6013506159655165e-05,171.88876413123563,0.8520566881761967
beam,22.900000000000002,-1.564916743051241e-05,7.664311185707836e-06,1.7425214696513114e-05,153.90630964042415,0.8288270461292849
beam,23.0,-1.5483960594718106e-05,9.711607713026556e-06,1.8277537035128666e-05,147.90388359670956,0.8874513965549077
beam,23.1,-1.3831940977689085e-05,1.2144197495615821e-05,1.8406632609545836e-05,138.717444349278,0.8466909001879857
beam,23.200000000000003,-1.0026198519886448e-05,1.2726443290917779e-05,1.6201451033691992e-05,128.231891247729,0.7986697726355283
beam,23.3,-7.06398898312695e-06,1.3244175919289516e-05,1.5010267690312095e-05,118.07393011452244,0.7307560673650924
beam,23.400000000000002,-3.888779308841989e-06,1.2433065456411653e-05,1.302703808071099e-05,107.36849247388324,0.7505434651926104
beam,23.5,-1.9629439660767424e-06,1.2338494677807012e-05,1.2493662390517403e-05,99.03949019007361,0.8752525903853199
beam,23.6,1.1913760764704933e-06,1.0322708370971417e-05,1.0391231162268964e-05,83.41644308519686,0.7813167371550217
beam,23.700000000000003,1.7198317979482264e-06,7.626050558355431e-06,7.817574338106867e-06,77.2912266339526,0.705280384846643
beam,23.8,2.1733380946775733e-06,8.27899603477187e-06,8.559507802294773e-06,75.29103806428725,0.6802064655043852
beam,23.900000000000002,2.698659658777573e-06,8.804679686028816e-06,9.20897107865379e-06,72.95954716362664,0.7731796409626946
beam,24.0,3.1985435551971364e-06,6.7415503635187454e-06,7.46184844246738e-06,64.61789493177174,0.8344212695353381
beam,24.1,2.717573352652292e-06,5.169464917089174e-06,5.840254485556395e-06,62.269219804304555,0.8128256182891552
beam,24.200000000000003,1.3780196081076636e-06,3.748646199717938e-06,3.993906154504501e-06,69.81633978066758,0.6698050308078657
beam,24.3,6.06451516766678e-07,3.4068688390079855e-06,3.460424645674606e-06,79.90658965924425,0.6837729457042901
beam,24.400000000000002,1.659419856955176e-06,2.2977324568934275e-06,2.8342986266656243e-06,54.16322518275333,0.5129202559340207
beam,24.5,1.3354329235787482e-06,1.4779769413534812e-06,1.9919329638696866e-06,47.90046359229627,0.5230467665645726
beam,24.6,6.794570750253909e-07,6.369287589863953e-07,9.313109903925805e-07,43.14959586087524,0.16912501367718744
beam,24.700000000000003,-2.3976743953725104e-07,-4.693780188793428e-08,2.4431860819086277e-07,-168.92363377948556,0.024382423848435985
beam,24.8,-5.503014003511513e-07,-4.6725125786014656e-07,7.219109150029021e-07,-139.66599805968286,0.12604095809159463
beam,24.900000000000002,-2.499850841994663e-06,-2.415299468689426e-07,2.511491777302076e-06,-174.48134075147047,0.5655260222811851
beam,25.0,-2.7920357888673595e-06,6.353828520440955e-08,2.7927586648335543e-06,178.69634646287903,0.770740083229662
beam,25.1,-3.7133182880611087e-06,-1.1080480098560045e-07,3.7149711186455463e-06,-178.29081063130002,0.7918511403429157
beam,25.200000000000003,-3.849246277794671e-06,7.800600057673489e-07,3.927491632036137e-06,168.544001633479,0.8515197110789432
beam,25.3,-3.89369408114429e-06,5.032093144854205e-07,3.92607605781179e-06,172.63608260118292,0.8343458205348627
beam,25.400000000000002,-4.126505827495738e-06,9.320424543075373e-07,4.23045546968502e-06,167.2723307802562,0.8451591682886833
beam,25.5,-4.454558152012335e-06,8.449203579753714e-07,4.5339804522054105e-06,169.25998097557775,0.8851682788232956
beam,25.6,-4.733722703138072e-06,1.2790086330367755e-06,4.903467519377223e-06,164.8802326433479,0.8155581346462654
beam,25.700000000000003,-4.62102814893134e-06,1.4436086336502974e-06,4.8412712215249294e-06,162.65120166823397,0.8977402684550945
beam,25.8,-5.4007837896832434e-06,1.2612702015860938e-06,5.546103863462558e-06,166.8550386565414,0.873982866622328
beam,25.900000000000002,-5.242182094201367e-06,2.096489819429267e-06,5.645860667049444e-06,158.20219948098205,0.8994147055094608
beam,26.0,-5.052096731334572e-06,2.8026973240307053e-06,5.7774383313792575e-06,150.9802726366774,0.9379626888796609
beam,26.1,-4.039012459802432e-06,3.4764703538255226e-06,5.3291151021034484e-06,139.28066923702895,0.9352249438004611
beam,26.200000000000003,-3.670246786278762e-06,2.9071651808861775e-06,4.682127813414168e-06,141.6176130490781,0.9485170709769806
beam,26.3,-3.3149302465120014e-06,2.519780000890524e-06,4.1638988691042885e-06,142.76042222805552,0.8947753871269961
beam,26.400000000000002,-3.323609316564962e-06,1.8085258320047652e-06,3.783800282016209e-06,151.44739307693638,0.9187711579745262
beam,26.5,-4.07059736598175e-06,1.909794038991119e-06,4.496340310441768e-06,154.86553285708612,0.9552336886586371
beam,26.6,-4.299353815650139e-06,2.322398045794149e-06,4.8865095840747e-06,151.6232469448326,0.9342048480825169
beam,26.700000000000003,-4.2697179419285435e-06,2.2796290349526434e-06,4.840165269970194e-06,151.90196342402348,0.9360421296207754
beam,26.8,-4.575469297545653e-06,2.6212018399982482e-06,5.273103296806645e-06,150.19240161040597,0.9354205540686723
beam,26.900000000000002,-4.148555545003666e-06,2.867823920420568e-06,5.043305180981721e-06,145.34457254522698,0.9128930071425153
beam,27.0,-4.029074279331117e-06,3.2900715352806955e-06,5.2017314670820745e-06,140.76552606657074,0.9079577207882414
beam,27.1,-3.6031864137990454e-06,3.2688192430811483e-06,4.864990398399943e-06,137.78561044690065,0.8810612458631979
beam,27.200000000000003,-3.7353202634773894e-06,3.855873308653425e-06,5.368461273319452e-06,134.0901825824326,0.9304107000683421
beam,27.3,-3.0918668865087114e-06,4.079482893896623e-06,5.118771485960693e-06,127.1587274064018,0.9133040574853488
beam,27.400000000000002,-2.895314568433451e-06,3.860182859728031e-06,4.825335030930087e-06,126.87158302114698,0.9321425602194994
beam,27.5,-2.8802333685639515e-06,4.2948738531523195e-06,5.171236377490464e-06,123.84664228322197,0.9367060282254055
beam,27.6,-2.138990557081512e-06,4.7118417756753715e-06,5.174623998155181e-06,114.416177305259,0.9428897150218156
beam,27.700000000000003,-2.2602616343524213e-06,4.478642064611168e-06,5.016673937842688e-06,116.77896651439531,0.9056032410782326
beam,27.8,-2.520124332355252e-06,4.73820140220793e-06,5.366710275244435e-06,118.00733340023442,0.8374926553945422
beam,27.900000000000002,-2.1353785637952993e-06,4.801631829087874e-06,5.25504613041848e-06,113.97564024848451,0.8408190826395708
beam,28.0,-1.0217936674176608e-06,4.342193233900587e-06,4.460796383977514e-06,103.24178447648717,0.8389388838937076
beam,28.1,-8.922160255736989e-07,3.654192872652705e-06,3.76153891204602e-06,103.72101147246407,0.8341077290883846
beam,28.200000000000003,-9.02785247424993e-07,4.3560564985658104e-06,4.448623317574285e-06,101.70869351430277,0.8729605241032318
beam,28.3,4.6002130346526183e-07,3.571729718211896e-06,3.6012321196501495e-06,82.66098639773139,0.6957561276615063
beam,28.400000000000002,-1.3891596780434337e-07,2.7448303181949082e-06,2.748343341322728e-06,92.89726962301482,0.7934956291674012
beam,28.5,2.583302755094785e-07,3.7413942169015684e-06,3.750302016839351e-06,86.050194270967,0.8536953334672699
beam,28.6,7.327384842754915e-07,2.243826237871246e-06,2.360436796886918e-06,71.9151579449317,0.48115764868363486
beam,28.700000000000003,-6.671933495509251e-07,2.09451781706368e-06,2.1982156062775524e-06,107.66889810333143,0.5197603233963042
beam,28.8,-8.25142296078236e-07,2.053196674444373e-06,2.212798317227916e-06,111.89429481226307,0.5077276185624281
beam,28.900000000000002,-8.5595760742923e-07,1.361340908555974e-06,1.6080772664968486e-06,122.16006604780691,0.44100922056578984
beam,29.0,-1.1901043292643418e-06,1.6240928591984963e-06,2.0134611816057628e-06,126.23325164866677,0.48323017889379627
beam,29.1,-1.3574863022221922e-06,2.0424600311619437e-06,2.4524298235861776e-06,123.60932304781213,0.6104419081793447
beam,29.200000000000003,-1.2262553561872276e-06,2.718922581444979e-06,2.9826569032440343e-06,114.27574719694273,0.5153782421777777
beam,29.3,-6.307666525233502e-07,1.297998950887093e-06,1.4431451231388712e-06,115.91757949727487,0.06329795044975055
beam,29.400000000000002,-2.3950227638373353e-06,1.5249147828615458e-06,2.839277924805654e-06,147.51502801585258,0.30301388895532916
beam,29.5,-6.172638009005898e-07,3.1355207308734658e-06,3.195700995656433e-06,101.13693059435856,0.3293023503173317
beam,29.6,-3.9791471896196204e-07,1.0147280689354443e-06,1.0899583374845267e-06,111.41209557710697,0.07204313609772169
beam,29.700000000000003,-1.0395503066820738e-06,1.6070324572333958e-06,1.913953541422675e-06,122.89784811294074,0.33373563523047767
beam,29.8,-1.0445322098351636e-06,2.6769574349757683e-06,2.873525473361107e-06,111.31542126440301,0.38564541341791164
beam,29.900000000000002,-1.2782678114761949e-06,3.133332403303261e-06,3.3840420428012313e-06,112.19339321375021,0.5313007061561752
beam,30.0,6.308584098309302e-07,2.779937047527246e-06,2.850619638160958e-06,77.21426466064224,0.3332013689161227
