path,category,size_bytes,sha256,source_rule
CITATION.cff,code,874,20b10bdf4b486cae0dca0208635bcb07636e2858f8fa193b881c0ee883828ea5,Citation metadata
LICENSE,code,1071,62ffb3aea9d1e97bd6d260145b921acb8d6c0a4ba6e1f7e89b371450161550f8,Software license
README.md,code,5467,10553d66e514568bd258b261ddef8640c6982f85c56fad414d0ed828fc197c70,Repository README
data/legacy_export/legacy_catalog_157_events.csv,observations,21114,250f7716109a14337430dd4104571bb219388b8442d95c2109b24893c799ad95,Legacy export legacy_catalog_157_events.csv
data/legacy_export/legacy_export_summary.txt,metadata,1490,2b55bee87d6992afd64a564717e3bc487eeb2c44b800c63b43860f8e4d834acb,Legacy extraction provenance
data/legacy_export/legacy_infrasound_event_catalogue.csv,observations,59606,ffe1a7b1d61a61a6170f1e5d96ec9be199359b5928ae393a49f89e8708b28735,Legacy export legacy_infrasound_event_catalogue.csv
data/legacy_export/manual_arrival_picks.csv,observations,211051,533fb4fb9149622f9cbf9d8b18716512d1b2a30d2ebfd23c3b369443cf1b501f,Legacy export manual_arrival_picks.csv
data/metadata/KSC.xml,metadata,5481440,ce383e5caba716b2524f2ba79fe50f336906f4c289c1e772740d3c5d10b5830b,Original BCHH response metadata
data/metadata/launchpads_cameras.kml,metadata,40802,e7bc14f6bc5745dae90b6496442da95155b248de6f0d1f4d1019024ab3a3414a,Launch-pad and camera coordinates
data/metadata/nasa_weather_tower_data.xls,observations,54784,24e45823b1f3ade1e1aaf075d4019b5da09c75baea8c3f28dd3423db0d2661cd,NASA/KSC weather workbook
data/metadata/sitedb.calibration,metadata,4311,2f582a8bf12ff04f60bd6b0211ef992c6394a7582c38c6a27ba1b10308d0180f,Original CSS site/calibration metadata
data/metadata/sitedb.site,metadata,4368,060a41acd851b379fcbadcb4aa567c0cb924845a8c570707ecfb70788d61fb4e,Original CSS site/calibration metadata
data/metadata/sitedb.sitechan,metadata,2538,ec61d75625639629aa5b2e5edde8fa0b2c2bc78fe65625e207392768b41d3bca,Original CSS site/calibration metadata
data/miniseed/01_bchh_raw_event_window.mseed,observations,13341696,72a6efaf96391aeb717010907153ccc18a0b2e3c7b308c78fe28611e431b84ba,Raw six-channel accident waveform
data/outputs/000_correct_bchh_instrument_response/BCHH_20160901_correction_summary.csv,derived,4846,c1e6789e12cd44a2af57e935001bf35f806989e304169fa2808449f759655ce8,000_correct_bchh_instrument_response root tables/provenance
data/outputs/000_correct_bchh_instrument_response/BCHH_20160901_empirically_calibrated.xml,derived,191830,4579a8b99f3dcc34fd719ccddc8c95269f8ff8b85497e0d918dd5e63b9197a40,000_correct_bchh_instrument_response root portable metadata/waveforms
data/outputs/000_correct_bchh_instrument_response/BCHH_20160901_response_corrected.mseed,derived,26677248,566af928a25db0428ccbff93a6907de6074d5201222e8f748c7da478cf530899,000_correct_bchh_instrument_response root portable metadata/waveforms
data/outputs/000_correct_bchh_instrument_response/BCHH_20160901_response_corrected.pdf,figures,215318,dbb9fb66e035e500c0f69dccceaaa1bd9a231703ad247ee59436ac98534389e2,000_correct_bchh_instrument_response root PDFs
data/outputs/000_correct_bchh_instrument_response/bchh_channel_metadata.csv,derived,1749,1943b84784550d141c87e6f0241fe312cfcbbb7b2c17054f585a2dcccb995b6a,000_correct_bchh_instrument_response root tables/provenance
data/outputs/000_correct_bchh_instrument_response/bchh_event_inventory_original.xml,derived,191759,d07f1b668911bee3b948d1b663eba15c2eb0a7c352e4cf50a8cef8650ca63dd2,000_correct_bchh_instrument_response root portable metadata/waveforms
data/outputs/000_correct_bchh_instrument_response/bchh_response_processing.json,derived,3579,887b903c63e1fc5b6313e2e5d8245647f50b55d5b871bfd4b86d4cbac0396f18,000_correct_bchh_instrument_response root tables/provenance
data/outputs/010_prepare_analysis_inputs/BCHH_20160901_event_inventory.xml,derived,191830,4579a8b99f3dcc34fd719ccddc8c95269f8ff8b85497e0d918dd5e63b9197a40,010_prepare_analysis_inputs root portable metadata/waveforms
data/outputs/010_prepare_analysis_inputs/analysis_configuration.json,derived,3508,b6f852a378f4dc152c698904f8a923149fbb3e2c40993414a6e4e50ba38ca7fe,010_prepare_analysis_inputs root tables/provenance
data/outputs/010_prepare_analysis_inputs/bchh_channels.csv,derived,5576,db613048fe37e2b72041b7088d5c180b5ccc4c99be9d28055be2821e77ba513b,010_prepare_analysis_inputs root tables/provenance
data/outputs/010_prepare_analysis_inputs/bchh_corrected_moving_median_baseline_removed.mseed,derived,26677248,75278bc7fa10e235293d04b5b98397786b05cd0dc4cc4be2d09be36d3d41afed,010_prepare_analysis_inputs root portable metadata/waveforms
data/outputs/010_prepare_analysis_inputs/bchh_physical_sensors.csv,derived,355,84174b8d88cd8c6a3168795dc3d9517ebe3e5621dfbe23ef4fe8d07fbdec1d9b,010_prepare_analysis_inputs root tables/provenance
data/outputs/010_prepare_analysis_inputs/bchh_stations.csv,derived,165,a20b974865a7c3bb2db64eb8d47a2bf18e85265eec1e0193f6178735d015c52c,010_prepare_analysis_inputs root tables/provenance
data/outputs/010_prepare_analysis_inputs/key_events.csv,derived,309,caabe10b2836ba94284d651858b6d50d8beab6cb07fd6bbd7445ac10f524c85b,010_prepare_analysis_inputs root tables/provenance
data/outputs/010_prepare_analysis_inputs/launchpad_camera_locations.csv,derived,827,9c329e04173bfa5d193b710062b03169adeee03ae4bec60e56fdc659c87eb2ce,010_prepare_analysis_inputs root tables/provenance
data/outputs/020_analyze_ksc_weather/supplement_weather_temporal_variability.pdf,figures,27456,0c2d35a8372aeb3432f20ce5b123d3c330419b6cc78957bacae335d8fa3e1532,020_analyze_ksc_weather root PDFs
data/outputs/020_analyze_ksc_weather/supplement_weather_wind_structure.pdf,figures,36365,2c7f9c8f5516a3212e03b079b8b2a1a66d968a5f20e216f0bd26838fd6d1ded8,020_analyze_ksc_weather root PDFs
data/outputs/020_analyze_ksc_weather/weather_acoustic_summary.csv,derived,748,47b4dc6c55882e44281bb0cf70394627012f7d7a3ee7804a1704908ba663906e,020_analyze_ksc_weather root tables/provenance
data/outputs/020_analyze_ksc_weather/weather_along_ray_wind_vs_height.pdf,figures,17424,54004e6dffad5a02f8b30297c484c3211214c05f80e887c63d13a72e506741f4,020_analyze_ksc_weather root PDFs
data/outputs/020_analyze_ksc_weather/weather_height_profile.csv,derived,1469,8a6fbdf64f269a72082b292a80296d854c38483846927d19e50adb49524b2a01,020_analyze_ksc_weather root tables/provenance
data/outputs/020_analyze_ksc_weather/weather_humidity_vs_height.pdf,figures,17563,ce8c27e2608ebb4ad431e84841a112bcb24f1790caaaa64aeb6464dd7c4abe54,020_analyze_ksc_weather root PDFs
data/outputs/020_analyze_ksc_weather/weather_humidity_vs_time.pdf,figures,15335,d88151bae13ad5f5343139b6c80b22fe11e0087a41c41a5cd8f2e18263513fb1,020_analyze_ksc_weather root PDFs
data/outputs/020_analyze_ksc_weather/weather_observations_used.csv,derived,21569,8da27d8ef0a5e407511dad82e274cf2e7e31e547fc426845d9ee2127fd609200,020_analyze_ksc_weather root tables/provenance
data/outputs/020_analyze_ksc_weather/weather_overall_summary.csv,derived,516,99cda8e605c910f39ca593197c100e006929441e0962b19227efe8e6c2715ea1,020_analyze_ksc_weather root tables/provenance
data/outputs/020_analyze_ksc_weather/weather_processing.json,derived,1405,e4ef6faf2c6ab7019883524f29177e1176f715ddce74d6f7711a53d60c20a834,020_analyze_ksc_weather root tables/provenance
data/outputs/020_analyze_ksc_weather/weather_sound_speed_model_comparison.csv,derived,1332,20cef5c3009e51104a8b881161096db675b590a3a08a9177976fe03759b4c46a,020_analyze_ksc_weather root tables/provenance
data/outputs/020_analyze_ksc_weather/weather_temperature_vs_height.pdf,figures,16759,6d687fa7099fcdb5443720f7039aea09bff3afcbad7cac56c42715e6de5f4d1a,020_analyze_ksc_weather root PDFs
data/outputs/020_analyze_ksc_weather/weather_temperature_vs_time.pdf,figures,14853,93a0f32408e88f20c15fcf1b3e0d1012b983ebd1d7aeaa193e897a3ec8514fbd,020_analyze_ksc_weather root PDFs
data/outputs/020_analyze_ksc_weather/weather_time_profile.csv,derived,1912,9c37370daa219ccdf63c4df43d3afe03210cd0c20e7e4f34edb1bad09433513a,020_analyze_ksc_weather root tables/provenance
data/outputs/020_analyze_ksc_weather/weather_wind_direction_vs_height.pdf,figures,18276,169d1efae709e524403b85c61d1f5417155bc7741783a7de259eaa7f7ba6eb6f,020_analyze_ksc_weather root PDFs
data/outputs/020_analyze_ksc_weather/weather_wind_direction_vs_time.pdf,figures,16534,238f11dccaad053b98a1a5ab451377259c919d4acaeef810c95356b02d663cab,020_analyze_ksc_weather root PDFs
data/outputs/020_analyze_ksc_weather/weather_wind_rose.pdf,figures,31237,06c7a9497ef1ccc9aa2debc65ec30721511fad7f045392a2bf647a1f943f4a38,020_analyze_ksc_weather root PDFs
data/outputs/020_analyze_ksc_weather/weather_wind_speed_vs_height.pdf,figures,15985,bc9a90b9c35d2c58a5a49d58402ac340cad390380b97ee5f2ac6a8c4c10bfbc4,020_analyze_ksc_weather root PDFs
data/outputs/020_analyze_ksc_weather/weather_wind_speed_vs_time.pdf,figures,17254,4566b226a8e6d78be0024cf9db30ef1ec28ba0b3e5c4b81ab63177d86a7eb328,020_analyze_ksc_weather root PDFs
data/outputs/030_reconcile_manual_event_catalogues/accepted_infrasound_picks_with_global_gaps.csv,derived,135505,7539e2d2bef282126b6d9489eab683911071a891071fb52cacb5455ed6c9d93b,030_reconcile_manual_event_catalogues root tables/provenance
data/outputs/030_reconcile_manual_event_catalogues/accepted_pick_assignments_to_catalog157.csv,derived,27519,11339f56779b2046d2c8c87903e59e61ef75a6edc3c4d00d3b2147f8eafb1a20,030_reconcile_manual_event_catalogues root tables/provenance
data/outputs/030_reconcile_manual_event_catalogues/accepted_pick_raster_with_catalog157.pdf,figures,21153,421213975d1a55b5ee7201add204ac8b72075baf24cbac63decff2e314438e0f,030_reconcile_manual_event_catalogues root PDFs
data/outputs/030_reconcile_manual_event_catalogues/accepted_picks_with_same_channel_gaps.csv,derived,135099,8dd2706ed9daaaa25ea15b904c2555b6f88d5a58f93d70a55d2aadf0fb44e026,030_reconcile_manual_event_catalogues root tables/provenance
data/outputs/030_reconcile_manual_event_catalogues/catalog153_best_catalog157_match.csv,derived,7280,4d32778396a1b33d1e9bc3d1354d66ec86cd3c1fef3200d7e0b685e29ab1dda3,030_reconcile_manual_event_catalogues root tables/provenance
data/outputs/030_reconcile_manual_event_catalogues/catalog153_catalog157_candidate_pairs.csv,derived,8202,a46a4f5be5b14abbb2e8a8bdc4dbb1f178f70b80a388bedaf8e9db5fd576e813,030_reconcile_manual_event_catalogues root tables/provenance
data/outputs/030_reconcile_manual_event_catalogues/catalog157_best_catalog153_match.csv,derived,8537,0056e6a2ab7727f8bfcdb64df224403f55a843105b851d8da56968c34f2b81cf,030_reconcile_manual_event_catalogues root tables/provenance
data/outputs/030_reconcile_manual_event_catalogues/catalog157_event_pick_support.csv,derived,33604,d48b44fc5c74ee6c4ae1f68a58266c5ad2b79c6c0610c37a32c436064135f3f9,030_reconcile_manual_event_catalogues root tables/provenance
data/outputs/030_reconcile_manual_event_catalogues/catalog157_overlapping_windows.csv,derived,702,bee89055318f298dae57001161277ea6b054cad3d833f4ec23f7196c5126470f,030_reconcile_manual_event_catalogues root tables/provenance
data/outputs/030_reconcile_manual_event_catalogues/catalogue_identifier_mapping.csv,derived,17757,245edfff12d139f09d1607d6c129490e5c4ce82883b75de2a268974bfed60da7,030_reconcile_manual_event_catalogues root tables/provenance
data/outputs/030_reconcile_manual_event_catalogues/catalogue_processing.json,derived,1233,0688b05b9cd199a419d7e823dd776d7f3a9df6d8d159627f337a49ae92cf61b9,030_reconcile_manual_event_catalogues root tables/provenance
data/outputs/030_reconcile_manual_event_catalogues/clustering_threshold_sweep.csv,derived,20962,a9730c8eefd2da9654eacd1591060bd914133487c2d6c8dea6df887cf5d1a127,030_reconcile_manual_event_catalogues root tables/provenance
data/outputs/030_reconcile_manual_event_catalogues/event_catalogue_decisions.csv,derived,48094,5bf108aec0a6b48659d6131c026ca05863ce2293d22adee746381356b4831bde,030_reconcile_manual_event_catalogues root tables/provenance
data/outputs/030_reconcile_manual_event_catalogues/event_count_vs_clustering_threshold.pdf,figures,15214,affb76cdd061e07c16cd15e789ab526daa754516ae8fa8a1e3a2d4e8a39960e5,030_reconcile_manual_event_catalogues root PDFs
data/outputs/030_reconcile_manual_event_catalogues/final_153_event_catalogue.csv,derived,48274,deac9e690e5f27e2db6b11696fd313db543142e4fbfeae2ec126f35df0598d0e,030_reconcile_manual_event_catalogues root tables/provenance
data/outputs/030_reconcile_manual_event_catalogues/global_pick_gap_histogram.pdf,figures,17216,526f0e2d35955addfbe282f9b371ec7bbcd7f8d2508a1cb21b5f6f8237a8fbd0,030_reconcile_manual_event_catalogues root PDFs
data/outputs/030_reconcile_manual_event_catalogues/overview_phase_counts_audit.csv,derived,370,542e65c6d96fe96965b192417cf3eda211d22a657a9a74ae64092aad9817db7c,030_reconcile_manual_event_catalogues root tables/provenance
data/outputs/030_reconcile_manual_event_catalogues/overview_phase_membership_audit.csv,derived,8004,6e519e8cce54f73ff08d681cb2e97a3f92e4222a55b312581f4c11c7aed2ac0c,030_reconcile_manual_event_catalogues root tables/provenance
data/outputs/030_reconcile_manual_event_catalogues/possible_catalog153_splits.csv,derived,39,59dfad3595b824d7d5f357690414167ea99326f54ca915f5951900df7020b491,030_reconcile_manual_event_catalogues root tables/provenance
data/outputs/030_reconcile_manual_event_catalogues/possible_catalog157_merges.csv,derived,30,5aa0e3c23a1b82dd4e773e107fe906f5faa75bf81aed2c2b1fd66e64ca973bfd,030_reconcile_manual_event_catalogues root tables/provenance
data/outputs/030_reconcile_manual_event_catalogues/reduced_time_association_window_sweep.csv,derived,778,352a03572e10a08a9c70915a9332bc0c3822df9a3d6bb1b64a08c3466382ec8d,030_reconcile_manual_event_catalogues root tables/provenance
data/outputs/030_reconcile_manual_event_catalogues/reduced_time_event_count_vs_window.pdf,figures,15127,cb41865140d7c666196651af0e74e2e2820827f10082114975028697dad7c6d7,030_reconcile_manual_event_catalogues root PDFs
data/outputs/030_reconcile_manual_event_catalogues/reduced_time_pick_assignments.csv,derived,166200,1948deb5adde8f137fc6b54041af1dce7c1aab4828aba74c7a5832176acd789c,030_reconcile_manual_event_catalogues root tables/provenance
data/outputs/030_reconcile_manual_event_catalogues/same_channel_gap_histogram.pdf,figures,16657,cf1c8f65f461b9eefbb955406ed4f4956ddf1e26610b0683d75c7e4aacea768f,030_reconcile_manual_event_catalogues root PDFs
data/outputs/030_reconcile_manual_event_catalogues/same_channel_gap_summary.csv,derived,558,8bc86614d5927138eafed9441e7f22cbc93f0eb266736cb7a9c7090816069d49,030_reconcile_manual_event_catalogues root tables/provenance
data/outputs/030_reconcile_manual_event_catalogues/waveform_review_list.csv,derived,18606,b932eea73306ccbe8985d71d68d94547fe65ef080e3132c190fb7e63c113d175,030_reconcile_manual_event_catalogues root tables/provenance
data/outputs/040_validate_event_catalogue_with_array_processing/background_threshold_grid_and_tail_audit.csv,derived,603,b22077e4b9b4ec86a1fe1630138f330409ab1b44b0960d757f17278e4d221a05,040_validate_event_catalogue_with_array_processing root tables/provenance
data/outputs/040_validate_event_catalogue_with_array_processing/coarse_grid_pre_event_background_bartlett.csv,derived,31355,fa5d9b90d43576c1a5c6be129ec5574ed6d93b704d06117fe95613b9c5ed6185,040_validate_event_catalogue_with_array_processing root tables/provenance
data/outputs/040_validate_event_catalogue_with_array_processing/continuous_full_activity_episodes.csv,derived,2543,430c1d279f8104f340c4702bdc651219f4350dbbd74b673f93fe26ff58b0f53d,040_validate_event_catalogue_with_array_processing root tables/provenance
data/outputs/040_validate_event_catalogue_with_array_processing/continuous_full_beam_windows.csv,derived,3332146,de69e779dfe71d6fac55aabc91c3527526c2e585daf9a8163ecf76758a577449,040_validate_event_catalogue_with_array_processing root tables/provenance
data/outputs/040_validate_event_catalogue_with_array_processing/continuous_full_blind_peak_candidates.csv,derived,97451,cc8c30548c7c527c1ee67332b701454c8b3314ac168e08f37598617c3d0f4a02,040_validate_event_catalogue_with_array_processing root tables/provenance
data/outputs/040_validate_event_catalogue_with_array_processing/continuous_full_catalogue_recovery.csv,derived,22284,3653ad714386dc48100800339301839af7f894ec89ee284f7299e8f0ad82f00d,040_validate_event_catalogue_with_array_processing root tables/provenance
data/outputs/040_validate_event_catalogue_with_array_processing/continuous_full_priority_unmatched_peaks.csv,derived,42943,871bf5e8cdcfe51a80c9b62b79bbf6381bddbc8d6c82b4b29a24a21f4c62c79b,040_validate_event_catalogue_with_array_processing root tables/provenance
data/outputs/040_validate_event_catalogue_with_array_processing/continuous_full_recovery_by_quality_tier.csv,derived,268,da1ec8c9a511061c8c5377fd7a8710f35faf509048c609696ea70ba28c930b8d,040_validate_event_catalogue_with_array_processing root tables/provenance
data/outputs/040_validate_event_catalogue_with_array_processing/continuous_full_validation_metadata.json,derived,2983,9a5515141de25faf74d653259ac7b6c441a8683ddff19e47cd043a6b429678c1,040_validate_event_catalogue_with_array_processing root tables/provenance
data/outputs/040_validate_event_catalogue_with_array_processing/event_centred_bartlett_validation.csv,derived,121016,7ec27e616aa382772200e1b1f77a255a9ef1be110a6de25fa89ae86f5939bf25,040_validate_event_catalogue_with_array_processing root tables/provenance
data/outputs/040_validate_event_catalogue_with_array_processing/event_waveform_quality.csv,derived,33960,3a65c2f4fe38d85300a485a6f31929a646ce4f5b04817093060d8a24d3d2e129,040_validate_event_catalogue_with_array_processing root tables/provenance
data/outputs/040_validate_event_catalogue_with_array_processing/figures/catalogue_bartlett_summary_utc_phase.pdf,figures,107001,3b3fb6fb37170290271ae604aaabd6e5e545194cde24099478501a237fcdfa6a,Selected publication/summary figures
data/outputs/040_validate_event_catalogue_with_array_processing/figures/continuous_full_beam_results.pdf,figures,173931,9fea947abb71b72b397208c0525fdf6a30ffa0af7ddc8449373b19941b25ebd7,Selected publication/summary figures
data/outputs/040_validate_event_catalogue_with_array_processing/figures/continuous_full_recovery_by_quality_tier.pdf,figures,19453,90220b34eacaa0c02455ddd293e7f4b75840957fc267f20b8563e450bd4c10fe,Selected publication/summary figures
data/outputs/040_validate_event_catalogue_with_array_processing/figures/event_centred_bartlett_validation.pdf,figures,46964,6ce5fb772a5512e764056a13bf619772173396ca43acd6dd0cab4883d987a7bf,Selected publication/summary figures
data/outputs/040_validate_event_catalogue_with_array_processing/figures/parameter_sensitivity_summary.pdf,figures,19304,bdc788bec4742d1d387a68dc2c49b62ccd5d7473e6918cb8018f177c38eb4be1,Selected publication/summary figures
data/outputs/040_validate_event_catalogue_with_array_processing/infrapy_validation_metadata.json,derived,2983,9a5515141de25faf74d653259ac7b6c441a8683ddff19e47cd043a6b429678c1,040_validate_event_catalogue_with_array_processing root tables/provenance
data/outputs/040_validate_event_catalogue_with_array_processing/parameter_sensitivity_summary.csv,derived,530,cb9a1e150e3c478c8da5bacef57bfdde594ea788b581f9b16ce3e525a5e38362,040_validate_event_catalogue_with_array_processing root tables/provenance
data/outputs/040_validate_event_catalogue_with_array_processing/pre_event_background_bartlett.csv,derived,29549,b6efb505f23fe7249a1e62b996f9e3da5abed1415ada52ad98aee3de9e2e6f2e,040_validate_event_catalogue_with_array_processing root tables/provenance
data/outputs/040_validate_event_catalogue_with_array_processing/speed_quality_tier_summary.csv,derived,706,8dd4b0216e79af216a715fad23aceba55d029a8395d1e05dc893bdb97625e076,040_validate_event_catalogue_with_array_processing root tables/provenance
data/outputs/050_review_event_catalogue_waveforms/event_review_provenance.json,derived,2826,41db559eb3498654b22a93fa5fc3863b08c7d8f25867e10e90bd9b46ab5c26bf,050_review_event_catalogue_waveforms root tables/provenance
data/outputs/050_review_event_catalogue_waveforms/excluded_candidate_audit.csv,derived,527,93b30a27afc5ec69b8c197e7ee4ff9bd8391e20990a1bb6a3ddb279f918af034,050_review_event_catalogue_waveforms root tables/provenance
data/outputs/050_review_event_catalogue_waveforms/final_event_figure_index.csv,derived,27874,e4787a9439bc31835b93e11eb23bcbd15875960e0d6c987160c2dd4af12ff692,050_review_event_catalogue_waveforms root tables/provenance
data/outputs/050_review_event_catalogue_waveforms/final_event_review_metrics.csv,derived,86883,2246e51aa0fbdad8795b9b8760c67209e4e195b6c4115b9c4b816d7b8e368d04,050_review_event_catalogue_waveforms root tables/provenance
data/outputs/060_validate_infrasound_baseline_correction/derived/baseline_product_verification.csv,derived,252,65e299f2989760ba49d1ab826b599fbc351e900146968f272b223a4913796b96,Nested compact result
data/outputs/060_validate_infrasound_baseline_correction/derived/baseline_product_verification.json,derived,725,06f052103d3315f1559d8280a057a8b635b222d65c721b67632b60259d534526,Nested compact result
data/outputs/060_validate_infrasound_baseline_correction/derived/baseline_sensitivity_processing.json,derived,955,d40fdcd1853e9a09cfcdf8078600fee434d19a25e3b879762f94cc1674d5caad,Nested compact result
data/outputs/060_validate_infrasound_baseline_correction/derived/moving_median_cross_channel_consistency.csv,derived,3539,93abdc6c9391e68da0f4862228369b5578c52ba957c75eb9dbdcf7a2f58558c3,Nested compact result
data/outputs/060_validate_infrasound_baseline_correction/derived/moving_median_event_measurements.csv,derived,35416,7874d74cc6fd0200a0e151803edfabd84e45bb94658de03a9442d9192980e051,Nested compact result
data/outputs/060_validate_infrasound_baseline_correction/derived/moving_median_paired_window_sensitivity.csv,derived,233962,2864ddf40dbf90c69038e4426e01e9b916cb5e4105d0f19e223dca49e561ed8e,Nested compact result
data/outputs/060_validate_infrasound_baseline_correction/derived/moving_median_window_sensitivity.csv,derived,189138,472620854478baf74eb36c6a0d6164115d0b329ad0e649d205db2076360e3134,Nested compact result
data/outputs/060_validate_infrasound_baseline_correction/derived/principal_baseline_energy_sensitivity.csv,derived,2496,6115bc40b2d30b7a22c464c4721312834b21d7eee0b5143b9cfb8a542b090c1d,Nested compact result
data/outputs/060_validate_infrasound_baseline_correction/derived/selected_moving_median_review_events.csv,derived,16097,ccc686b2bfa655cf267c99b1ec7b51c04fe6340ce33a24ed71bdf4c398be37ae,Nested compact result
data/outputs/060_validate_infrasound_baseline_correction/summary_figures/positive_negative_lag_histogram.pdf,figures,15443,73d03eb92b363d6ce5d9986f673a231838b4991cae60da95ee7ce6b43a135392,Selected publication/summary figures
data/outputs/060_validate_infrasound_baseline_correction/summary_figures/principal_baseline_energy_sensitivity.pdf,figures,18771,8fd67d987a24b139c154fbce7a68822a94956b67406f462e5eb16883bccf91fd,Selected publication/summary figures
data/outputs/060_validate_infrasound_baseline_correction/summary_figures/whole_stream_moving_median_baseline_removed.pdf,figures,144918,67f5e3daa6c855b69cc527e39e744af38686e86e2c7e2c9691cde408c431720b,Selected publication/summary figures
data/outputs/060_validate_infrasound_baseline_correction/summary_figures/whole_stream_raw_vs_baseline_removed.pdf,figures,137738,d36e8becf8ba8d794e5434fd080aaf2077af5fa2c75c466f7ced05c872414862,Selected publication/summary figures
data/outputs/070_prepare_event_waveform_products/derived/candidate_airwave_event_catalogue.csv,derived,149084,d24152989d850e2ce9d60d11986e2d292410108f98a2eb6e9a073200741dd6c9,Nested compact result
data/outputs/070_prepare_event_waveform_products/derived/candidate_event_pick_assignments.csv,derived,162044,e7bf068a0bfc20d54327bacec88c403640a63dcc2a9787acc36e9ef49e9f8b74,Nested compact result
data/outputs/070_prepare_event_waveform_products/derived/candidate_event_processing_metadata.json,derived,2069,1c19d621f08bd45659ee32c8943023dae80187d2c54d5be4e3bad5b82ecbc560,Nested compact result
data/outputs/070_prepare_event_waveform_products/derived/candidate_event_stream_index.csv,derived,39560,dc6178aa6f56227125da23f79d417808b18e55da409a14190a0dc03a25c42bb4,Nested compact result
data/outputs/070_prepare_event_waveform_products/derived/event_segment_sample_coverage.csv,derived,90720,64fb232bce63ecd8bfda2daa79025dc9217e5d7298a1776308c507740a2165bd,Nested compact result
data/outputs/070_prepare_event_waveform_products/derived/excluded_candidate_pick_assignments.csv,derived,1605,a0b0156aecb709d6a914eace96a10545ac9e7a396fabdf79baaff221234867e0,Nested compact result
data/outputs/070_prepare_event_waveform_products/derived/final_event_waveform_products.csv,derived,149084,d24152989d850e2ce9d60d11986e2d292410108f98a2eb6e9a073200741dd6c9,Nested compact result
data/outputs/070_prepare_event_waveform_products/derived/unassociated_accepted_infrasound_picks.csv,derived,5439,bdb88a944995c8eef435b0e3b55cea1ddccf5c4f0b68024469accf8726532aa5,Nested compact result
data/outputs/080_analyze_planar_array_propagation/combined_04b_08_array_results.csv,derived,149504,9a60b8b885a0776ab0034154094ce1cabe7ed9dbf5a90b034420dfe16f8f78cb,080_analyze_planar_array_propagation root tables/provenance
data/outputs/080_analyze_planar_array_propagation/combined_04b_08_array_summary.pdf,figures,38544,7d13b1993948a504d571c69546e9485b2665ecc195c41f82009374ef451d5690,080_analyze_planar_array_propagation root PDFs
data/outputs/080_analyze_planar_array_propagation/composites/composite_all_analyzed_mean_polar.pdf,figures,191087,c98a9fea70fdca2f1d78737150435c5f3c711072f631bf92037c231888dca8c7,Selected publication/summary figures
data/outputs/080_analyze_planar_array_propagation/composites/composite_all_analyzed_mean_rectangular.pdf,figures,145555,faeff2942eb1c8eb96dab71875dc9e8927922f2684181cbb4a8396b88fa80618,Selected publication/summary figures
data/outputs/080_analyze_planar_array_propagation/composites/composite_all_analyzed_median_polar.pdf,figures,189656,15139eab74ad5e339c56fe21d4b696fc487afa5b7b5195e4ea593063fb3de033,Selected publication/summary figures
data/outputs/080_analyze_planar_array_propagation/composites/composite_all_analyzed_median_rectangular.pdf,figures,143948,698f60711b8468cc3eaff5da077246d1e8846d7f326429ca58f7a019eb177bf4,Selected publication/summary figures
data/outputs/080_analyze_planar_array_propagation/composites/composite_all_analyzed_normalized_mean_polar.pdf,figures,192174,4df5e80909e17fc84a1351e38334d87c66f981abb866ffd131b73372311d4b46,Selected publication/summary figures
data/outputs/080_analyze_planar_array_propagation/composites/composite_all_analyzed_normalized_mean_rectangular.pdf,figures,146444,c388b3ec80c5f752605dd5c00313126b4d5724d786588dec5db587af39549434,Selected publication/summary figures
data/outputs/080_analyze_planar_array_propagation/composites/composite_all_analyzed_weighted_mean_polar.pdf,figures,191723,7c18fd3ce80508f98c7739ec8883755a9fe68fb12d5506c594a97c2bd2a1a94d,Selected publication/summary figures
data/outputs/080_analyze_planar_array_propagation/composites/composite_all_analyzed_weighted_mean_rectangular.pdf,figures,145835,ee14ff5d56ff6a4053cb1aa36943ba2ac80aa123892d1d9d2c684f58d9e7a7ea,Selected publication/summary figures
data/outputs/080_analyze_planar_array_propagation/composites/composite_core_catalogue_mean_polar.pdf,figures,188506,6b2e74c57f5b6c3a53bec25e0e82c459b0bbfc035922d681c36a7954449cdf55,Selected publication/summary figures
data/outputs/080_analyze_planar_array_propagation/composites/composite_core_catalogue_mean_rectangular.pdf,figures,143064,8412c5f300369619fd50b582f1381f45fd0815033ea3b1955c733f6f81d34197,Selected publication/summary figures
data/outputs/080_analyze_planar_array_propagation/composites/composite_core_catalogue_median_polar.pdf,figures,187767,902dc69eab4e875709e1e801f574fc111c44433097e251cb361e4846df8ebe74,Selected publication/summary figures
data/outputs/080_analyze_planar_array_propagation/composites/composite_core_catalogue_median_rectangular.pdf,figures,141779,92f7c5560bc13b6b50114ddfd77af9c61494c0629e956b092569df9b14b3ec0a,Selected publication/summary figures
data/outputs/080_analyze_planar_array_propagation/composites/composite_core_catalogue_normalized_mean_polar.pdf,figures,189876,2f40f22c542e75369ea2b36a1b837382ae0de042f7158711a38e9c4aacdf7ad0,Selected publication/summary figures
data/outputs/080_analyze_planar_array_propagation/composites/composite_core_catalogue_normalized_mean_rectangular.pdf,figures,143524,326bbf540f2d1eee4c5c9483047578675f0df698c6c72ecbe1c516f8ba31f9db,Selected publication/summary figures
data/outputs/080_analyze_planar_array_propagation/composites/composite_core_catalogue_weighted_mean_polar.pdf,figures,189018,e60e5f794f0dfd6b2dbb4b7c04308edc6a2f2b7224e3d9957a762720280816a8,Selected publication/summary figures
data/outputs/080_analyze_planar_array_propagation/composites/composite_core_catalogue_weighted_mean_rectangular.pdf,figures,143083,dff2f6b204c9d3cc98fe0f7d3bce5694412b721871e4f2fe30e3a309785f2ddf,Selected publication/summary figures
data/outputs/080_analyze_planar_array_propagation/composites/composite_high_quality_mean_polar.pdf,figures,188932,320eb0a4a00606e080e5d1e6d92e0fdc1c495aa575ad8b68e9fe71cf08147776,Selected publication/summary figures
data/outputs/080_analyze_planar_array_propagation/composites/composite_high_quality_mean_rectangular.pdf,figures,143245,11ddf7a1de7015b626dda6e8465774ae7b9fa3d4fe1381978f476941afdcdac1,Selected publication/summary figures
data/outputs/080_analyze_planar_array_propagation/composites/composite_high_quality_median_polar.pdf,figures,190199,41e5dab0a5730f78065d874d9169908e47727ec0941f32bac836a26cf4c4e13e,Selected publication/summary figures
data/outputs/080_analyze_planar_array_propagation/composites/composite_high_quality_median_rectangular.pdf,figures,144274,b09df71989254699b8fedf83b7c1107156efc0db1e0427158ef3d9b634174dbc,Selected publication/summary figures
data/outputs/080_analyze_planar_array_propagation/composites/composite_high_quality_normalized_mean_polar.pdf,figures,189146,0117341ea4318da786ae8ce00c94e156d9df8a0e0a21e2eb6af88ca78641ba9c,Selected publication/summary figures
data/outputs/080_analyze_planar_array_propagation/composites/composite_high_quality_normalized_mean_rectangular.pdf,figures,143058,78b034855b10403ab2305a9e4f01af33eff503233ea71d5db1915230d8ae329b,Selected publication/summary figures
data/outputs/080_analyze_planar_array_propagation/composites/composite_high_quality_weighted_mean_polar.pdf,figures,189397,c39a53dafdfbc6eb5ef049f66a1c51ba223ba4029f89b07d708fc678adb583bd,Selected publication/summary figures
data/outputs/080_analyze_planar_array_propagation/composites/composite_high_quality_weighted_mean_rectangular.pdf,figures,143614,eef67217ef422fc5f4213e49d09ca3a09640f1f0ed2f79acfbf3e2ae404b685c,Selected publication/summary figures
data/outputs/080_analyze_planar_array_propagation/event_filter_decisions.csv,derived,171279,307c60f04a2907bb3df48dd2801b392a4314f14356309bc246a1ef4159da380b,080_analyze_planar_array_propagation root tables/provenance
data/outputs/080_analyze_planar_array_propagation/planar_array_results.csv,derived,135005,9185f340a9cbdf8ce28444e4ce635fb7fbc6572b6064f23327624cc760612da3,080_analyze_planar_array_propagation root tables/provenance
data/outputs/080_analyze_planar_array_propagation/planar_array_results_checkpoint.csv,derived,124600,2c56d10433d802c71f1a9fc449e035fda25036c0459fe5ccb3b997fc600d5070,080_analyze_planar_array_propagation root tables/provenance
data/outputs/080_analyze_planar_array_propagation/planar_catalogue_summary.pdf,figures,35442,199fd1e775bdb89be30547c970e2669e54df5d4107da621f3fc9f92b8d87c78e,080_analyze_planar_array_propagation root PDFs
data/outputs/080_analyze_planar_array_propagation/planar_pairwise_diagnostics.csv,derived,41110,47b22c84553d8293af49a6413c10cc79a25e7985ae689fef264544b402d2147e,080_analyze_planar_array_propagation root tables/provenance
data/outputs/080_analyze_planar_array_propagation/planar_refined_solution_summaries.csv,derived,1174,3c83cd4a6bca46d340aaa72a3babe3530b712a3c7b75182e37ea09aaa404caae,080_analyze_planar_array_propagation root tables/provenance
data/outputs/080_analyze_planar_array_propagation/planar_review_provenance.json,derived,1517,2d8adc9586500c714e14d945ef7056eaf638f619abacb3110e6239913fa38afa,080_analyze_planar_array_propagation root tables/provenance
data/outputs/080_analyze_planar_array_propagation/planar_window_stability.csv,derived,76365,da1833e2439ef37c15eff616a1d293a497f2d7cc12174f6f78de65f1a5522718,080_analyze_planar_array_propagation root tables/provenance
data/outputs/080_analyze_planar_array_propagation/principal_conditional_geometry_sensitivity.csv,derived,3817,707b8f0c2ad0bcdf1be43e30738c0626a1e7a04294ba96891711e06d3973f0b8,080_analyze_planar_array_propagation root tables/provenance
data/outputs/080_analyze_planar_array_propagation/principal_conditional_geometry_sensitivity.pdf,figures,19813,b88ce2df8f4c6f31f36b761558ef825113b96f5adaf6eb70391098955df07ef7,080_analyze_planar_array_propagation root PDFs
data/outputs/080_analyze_planar_array_propagation/principal_explosion_planar_result.csv,derived,1939,471c9923edc72ba1ca54715067499bf6ae0aac3222be78f97806de76eb246442,080_analyze_planar_array_propagation root tables/provenance
data/outputs/080_analyze_planar_array_propagation/relative_back_azimuth_cross_range_vs_time.pdf,figures,28532,054db048f3ebad307410478768131a7e4ec83a0ead6385079dafb68a9b982d12,080_analyze_planar_array_propagation root PDFs
data/outputs/090_analyze_finite_distance_propagation/circular_analysis_summary.json,derived,2923,2f91dc391c2c9571beb6f8c4cd38bdd1c66eb4668bc427eee47e908626f85e17,090_analyze_finite_distance_propagation root tables/provenance
data/outputs/090_analyze_finite_distance_propagation/circular_geometry_audit.csv,derived,402,5b12bbd1c0a59d74e8f8e4ad19e007dba0273d1a4cceb6d90673656946811471,090_analyze_finite_distance_propagation root tables/provenance
data/outputs/090_analyze_finite_distance_propagation/circular_planar_catalogue_summary.pdf,figures,32060,248b042c0aa07d8de35293166e7d4cd8a711541affa5c16da1c743754b3f056c,090_analyze_finite_distance_propagation root PDFs
data/outputs/090_analyze_finite_distance_propagation/circular_planar_comparison.csv,derived,131118,2ddf2d982931893dcbd7f9e1f72bb2f7abccc1f754c42ce31b92c972aae2c774,090_analyze_finite_distance_propagation root tables/provenance
data/outputs/090_analyze_finite_distance_propagation/composites/cross_range_profile_summary.pdf,figures,22559,dcbe0d8e2d91cf7262fd0de370fb93d60c3b48254771e463223d66c58723ece3,Selected publication/summary figures
data/outputs/090_analyze_finite_distance_propagation/composites/range_profile_composite_maps.pdf,figures,205127,b0afa7415cb22bb80fd5c0f0cb7d563eef1bf330b3e187ccd2790f0096f53eb1,Selected publication/summary figures
data/outputs/090_analyze_finite_distance_propagation/direction_reference_audit.json,derived,347,c9a1eace2dcdac8e7fe06edf2401b90d1a29c0156a4a53682e607a8bf5c9ea45,090_analyze_finite_distance_propagation root tables/provenance
data/outputs/090_analyze_finite_distance_propagation/fixed_slc40_spherical_results.csv,derived,75800,4118972602180e158f3fee19b11e2aa46de960006cc91069ce4db11ea9bd2c4d,090_analyze_finite_distance_propagation root tables/provenance
data/outputs/090_analyze_finite_distance_propagation/matched_direction_curvature_audit.csv,derived,444,a8e7f74af381dbf552cab4ed6f6cea3fc6712f175f9ea1d58ef76330e77b8644,090_analyze_finite_distance_propagation root tables/provenance
data/outputs/090_analyze_finite_distance_propagation/principal_explosion_circular_result.csv,derived,3284,0b04339aaac352a0800799e17fd2cd5dbb6db3dcc7857b93ef3c12cf79d74111,090_analyze_finite_distance_propagation root tables/provenance
data/outputs/090_analyze_finite_distance_propagation/range_profile_results.csv,derived,63851,395d49364eb5792cabbea3e906d6e99f2148068127a432e14120eba3cc3ba521,090_analyze_finite_distance_propagation root tables/provenance
data/outputs/090_analyze_finite_distance_propagation/supplement_planar_vs_fixed_source_and_range_sensitivity.pdf,figures,90554,d2617dcb809371d6c3dae32052c42d1617103348393d1d5f2f401dcd6ffb0fd0,090_analyze_finite_distance_propagation root PDFs
data/outputs/100_measure_event_amplitudes_and_acoustic_seismic_coupling/a_quality_and_named_event_acoustic_energetics_by_channel.csv,derived,75229,6d1546920e61c372366fa85d7bafa5a6325095d579f637ebf71b37176515cee1,100_measure_event_amplitudes_and_acoustic_seismic_coupling root tables/provenance
data/outputs/100_measure_event_amplitudes_and_acoustic_seismic_coupling/a_quality_and_named_event_acoustic_energetics_summary.csv,derived,44228,a79a1e596025beb62144ea66a73d4eef23732fb719275328990a4deedff2ee2d,100_measure_event_amplitudes_and_acoustic_seismic_coupling root tables/provenance
data/outputs/100_measure_event_amplitudes_and_acoustic_seismic_coupling/acoustic_energetics_metadata.json,derived,2251,bf7d2121a00d25899f1902835154a71db123457f3ceb653f8d2b1f3770fd5a58,100_measure_event_amplitudes_and_acoustic_seismic_coupling root tables/provenance
data/outputs/100_measure_event_amplitudes_and_acoustic_seismic_coupling/cumulative_selected_event_acoustic_energetics_by_channel.csv,derived,573,d330c31951b38ed54e158bbf0e7d060c872842014b105477509de1e48d4b9c8c,100_measure_event_amplitudes_and_acoustic_seismic_coupling root tables/provenance
data/outputs/100_measure_event_amplitudes_and_acoustic_seismic_coupling/cumulative_selected_event_acoustic_energetics_summary.csv,derived,1202,e6c4d38ce0523fca2e27571d29b739070058d54e2b8bfb3331b17447bb731dec,100_measure_event_amplitudes_and_acoustic_seismic_coupling root tables/provenance
data/outputs/100_measure_event_amplitudes_and_acoustic_seismic_coupling/event_acoustic_seismic_amplitudes.csv,derived,307872,f6ebf38f37e04bad73c3174199b5d67e9f8edcf62f0f3a2e609ce9c0cefbc9e3,100_measure_event_amplitudes_and_acoustic_seismic_coupling root tables/provenance
data/outputs/100_measure_event_amplitudes_and_acoustic_seismic_coupling/event_amplitude_coupling_summary.json,derived,2239,a928758068f495bdca70676be274721807ee1b00878f614dc153d1a179d5a5ac,100_measure_event_amplitudes_and_acoustic_seismic_coupling root tables/provenance
data/outputs/100_measure_event_amplitudes_and_acoustic_seismic_coupling/event_complex_acoustic_energetics_by_channel.csv,derived,50458,eeb5478b20ef9298a30b85676ba1549b6332e94d8ffabadbdcef638867a10482,100_measure_event_amplitudes_and_acoustic_seismic_coupling root tables/provenance
data/outputs/100_measure_event_amplitudes_and_acoustic_seismic_coupling/event_complex_acoustic_energetics_summary.csv,derived,40612,bd9044f3c058bd3eb66a4349c1c746a4da65f39cbb9190bdeab97bbcc963c3fb,100_measure_event_amplitudes_and_acoustic_seismic_coupling root tables/provenance
data/outputs/100_measure_event_amplitudes_and_acoustic_seismic_coupling/event_ensemble_and_phase1_transfer_function_comparison.csv,derived,51992,cbd19a095f96b704f6eb4dec1e3261a5cf516d07043bbbb1d4286460dbf7b6e0,100_measure_event_amplitudes_and_acoustic_seismic_coupling root tables/provenance
data/outputs/100_measure_event_amplitudes_and_acoustic_seismic_coupling/event_ensemble_pressure_to_dhz_transfer_function.csv,derived,14120,4fff77306483b100e0b904d518d90039a8da3b7a91a8c577415737f22614be95,100_measure_event_amplitudes_and_acoustic_seismic_coupling root tables/provenance
data/outputs/100_measure_event_amplitudes_and_acoustic_seismic_coupling/event_transfer_dominant_event_exclusion.csv,derived,28638,463beba2ce1023f2fb1f1a1cbda0d2dddad96258ce6e41de064f4ab470188c2e,100_measure_event_amplitudes_and_acoustic_seismic_coupling root tables/provenance
data/outputs/100_measure_event_amplitudes_and_acoustic_seismic_coupling/event_transfer_dominant_event_exclusion_metadata.csv,derived,247,696ee49923af813b9a93fa5524ac5c1560518d2815483180ed4060ca85d26f2f,100_measure_event_amplitudes_and_acoustic_seismic_coupling root tables/provenance
data/outputs/100_measure_event_amplitudes_and_acoustic_seismic_coupling/event_transfer_weighting_and_beam_sensitivity.csv,derived,31562,da19181faf90d2e77d9cd755c85d60304eeab38d52a2d2a2bee3b87d3b312187,100_measure_event_amplitudes_and_acoustic_seismic_coupling root tables/provenance
data/outputs/100_measure_event_amplitudes_and_acoustic_seismic_coupling/figures/acoustic_seismic_amplitudes_vs_time.pdf,figures,30008,6a56d1bfa9ec87cb735b512dc87bb313712714762f904b1a715ae4660821c509,Selected publication/summary figures
data/outputs/100_measure_event_amplitudes_and_acoustic_seismic_coupling/figures/deduplicated_event_complex_and_cumulative_energy.pdf,figures,22084,88a9ff4c86dd0e5a34c92713b4da3dba49cf4824954f5ad2f7ab4ca7903eab0d,Selected publication/summary figures
data/outputs/100_measure_event_amplitudes_and_acoustic_seismic_coupling/figures/high_quality_acoustic_and_vertical_seismic_amplitude_spectra.pdf,figures,40003,c063ccff43dc16fcbfbff7861e3358cb51854063c9ffdf6840e34faa58d9e126,Selected publication/summary figures
data/outputs/100_measure_event_amplitudes_and_acoustic_seismic_coupling/figures/high_quality_normalized_pressure_and_dhz_waveforms.pdf,figures,124334,d62745c5af03b337be1afa5bb6f9614138e456814defd7f2d22e9f2b5fc8c8e0,Selected publication/summary figures
data/outputs/100_measure_event_amplitudes_and_acoustic_seismic_coupling/figures/high_quality_vertical_velocity_to_pressure_spectral_ratio.pdf,figures,27913,2fb27b953e235598fb43ca66a073a8cae25fc175bb51ea946f485c1e8f612a14,Selected publication/summary figures
data/outputs/100_measure_event_amplitudes_and_acoustic_seismic_coupling/figures/peak_to_peak_pressure_vs_vector_pgv.pdf,figures,23992,32f0b48de4591a66d8e19a5b8322b7dbd76347a1ac4d778bde9c3c7ca804cdde,Selected publication/summary figures
data/outputs/100_measure_event_amplitudes_and_acoustic_seismic_coupling/figures/peak_to_peak_pressure_vs_vertical_pgv.pdf,figures,24838,63d3429c804f108772c08b8a0a279f50202eed951a283e062dff194c997d08eb,Selected publication/summary figures
data/outputs/100_measure_event_amplitudes_and_acoustic_seismic_coupling/figures/pgv_component_and_window_diagnostics.pdf,figures,28972,e31cc506a2ae5804b250d7cc5170e0e2d0c24288ce27128d5d1a48e55593c93f,Selected publication/summary figures
data/outputs/100_measure_event_amplitudes_and_acoustic_seismic_coupling/figures/pressure_pgv_ratio_vs_pgv_colored_by_quality.pdf,figures,41928,746f76d7e227fe7838ff400e2a0a743006a767256d3f2bab0fa578518d3b633f,Selected publication/summary figures
data/outputs/100_measure_event_amplitudes_and_acoustic_seismic_coupling/figures/publication_pressure_dhz_transfer_and_coherence.pdf,figures,22240,b71d6fd353a582598d7fdd2b819c4f13c88f18439c12463226f982e5068c2572,Selected publication/summary figures
data/outputs/100_measure_event_amplitudes_and_acoustic_seismic_coupling/figures/publication_pressure_pgv_regression.pdf,figures,31535,3ad18ad6d0f4b6d1e7eb5061e6f42ebcfc776b22017c27bb122cc44afc887c06,Selected publication/summary figures
data/outputs/100_measure_event_amplitudes_and_acoustic_seismic_coupling/figures/raw_overlapping_event_window_acoustic_energetics.pdf,figures,25636,8f73ee0f3b0a12f77a49b4f7bb740951f3b2cb8ed51dd4fef79eee190f32305e,Selected publication/summary figures
data/outputs/100_measure_event_amplitudes_and_acoustic_seismic_coupling/figures/supplement_transfer_robustness_tests.pdf,figures,22883,3002ecadd9b10b550ce46e2869fa978d632405e04552bba0d11ffc7d250a4f95,Selected publication/summary figures
data/outputs/100_measure_event_amplitudes_and_acoustic_seismic_coupling/high_quality_acoustic_amplitude_spectra.csv,derived,56438,41d6ba7be492c443e62dd153daec8093289a52e7f404c7875f309b91197b823c,100_measure_event_amplitudes_and_acoustic_seismic_coupling root tables/provenance
data/outputs/100_measure_event_amplitudes_and_acoustic_seismic_coupling/high_quality_acoustic_amplitude_spectral_summary.csv,derived,2086,3bc22a1d819471e58a835c7a9278c8e351262a8e1e97315eb249ebe065249d16,100_measure_event_amplitudes_and_acoustic_seismic_coupling root tables/provenance
data/outputs/100_measure_event_amplitudes_and_acoustic_seismic_coupling/high_quality_amplitude_spectral_metadata.csv,derived,7112,a94145a3685e0d3a4f7255abade77a6138ac4038806f0200a50f377e24539ad6,100_measure_event_amplitudes_and_acoustic_seismic_coupling root tables/provenance
data/outputs/100_measure_event_amplitudes_and_acoustic_seismic_coupling/high_quality_normalized_waveform_metadata.csv,derived,7103,2f9bdac78b980a92a78c503da8f33f1b807bdc7c8d77cc8da87036a5b2e5f987,100_measure_event_amplitudes_and_acoustic_seismic_coupling root tables/provenance
data/outputs/100_measure_event_amplitudes_and_acoustic_seismic_coupling/high_quality_normalized_waveform_summary.csv,derived,19813,756579c0109211c75eccb0b602135b7f2692a02ce39f27f10698ddc96d570538,100_measure_event_amplitudes_and_acoustic_seismic_coupling root tables/provenance
data/outputs/100_measure_event_amplitudes_and_acoustic_seismic_coupling/high_quality_normalized_waveforms.csv,derived,427917,2b757cb239ee5da5b7ed5e840f9067850e9e8b6ef1985dd7f219516bc7f5f344,100_measure_event_amplitudes_and_acoustic_seismic_coupling root tables/provenance
data/outputs/100_measure_event_amplitudes_and_acoustic_seismic_coupling/high_quality_vertical_seismic_amplitude_spectra.csv,derived,60616,ee687d9a8b170dc8b5c31308019ebe9a04e4e4e6aa8f9a1a6029a1351184a5ab,100_measure_event_amplitudes_and_acoustic_seismic_coupling root tables/provenance
data/outputs/100_measure_event_amplitudes_and_acoustic_seismic_coupling/high_quality_vertical_seismic_amplitude_spectral_summary.csv,derived,2336,17b4fc4296cde758efc7b5f0fd93229d43fd7e5c2ff44a1cb3a81b4608fedbde,100_measure_event_amplitudes_and_acoustic_seismic_coupling root tables/provenance
data/outputs/100_measure_event_amplitudes_and_acoustic_seismic_coupling/high_quality_vertical_velocity_to_pressure_spectral_metadata.csv,derived,7900,6f577540bce27c8441c50f23ab076f25a6d4394c966699174e6ebaa1750a9463,100_measure_event_amplitudes_and_acoustic_seismic_coupling root tables/provenance
data/outputs/100_measure_event_amplitudes_and_acoustic_seismic_coupling/high_quality_vertical_velocity_to_pressure_spectral_ratio_summary.csv,derived,2361,17e5e325935591787eedd97d7405fcbb2edc44bae90f6e768e74228a76c4ca31,100_measure_event_amplitudes_and_acoustic_seismic_coupling root tables/provenance
data/outputs/100_measure_event_amplitudes_and_acoustic_seismic_coupling/high_quality_vertical_velocity_to_pressure_spectral_ratios.csv,derived,60570,9c0ae07c755db5feda7c6e061acaddce43cfa2e24e615aeaa71b0db93fe93b3d,100_measure_event_amplitudes_and_acoustic_seismic_coupling root tables/provenance
data/outputs/100_measure_event_amplitudes_and_acoustic_seismic_coupling/main_named_plus_top5_complex_energetics.csv,derived,2263,82cf697c207efe89817972df229dd8fa541ccfbc0b8751616a91b1d3c4316ea5,100_measure_event_amplitudes_and_acoustic_seismic_coupling root tables/provenance
data/outputs/100_measure_event_amplitudes_and_acoustic_seismic_coupling/named_event_catalogue_matches.csv,derived,1866,03d10135a10959c8753507ffe0beb519b957a95fa3ad9531e813ae22cd77e6d1,100_measure_event_amplitudes_and_acoustic_seismic_coupling root tables/provenance
data/outputs/100_measure_event_amplitudes_and_acoustic_seismic_coupling/named_event_pressure_pgv_mapping_audit.csv,derived,1866,03d10135a10959c8753507ffe0beb519b957a95fa3ad9531e813ae22cd77e6d1,100_measure_event_amplitudes_and_acoustic_seismic_coupling root tables/provenance
data/outputs/100_measure_event_amplitudes_and_acoustic_seismic_coupling/pgv_measurement_errors.csv,derived,1,01ba4719c80b6fe911b091a7c05124b64eeece964e09c058ef8f9805daca546b,100_measure_event_amplitudes_and_acoustic_seismic_coupling root tables/provenance
data/outputs/100_measure_event_amplitudes_and_acoustic_seismic_coupling/phase1_continuous_pressure_to_dhz_transfer_function.csv,derived,37822,3b9c2db7e4fcaabf3ec1baedb30b2f21897d5cb22e84bd977924352d7bd3dedf,100_measure_event_amplitudes_and_acoustic_seismic_coupling root tables/provenance
data/outputs/100_measure_event_amplitudes_and_acoustic_seismic_coupling/pressure_pgv_measurement_overlap_audit.csv,derived,6757,3358cc07eb61dddcf186f9449e4254ebe883af929dd0487c5ea7a7561d5295db,100_measure_event_amplitudes_and_acoustic_seismic_coupling root tables/provenance
data/outputs/100_measure_event_amplitudes_and_acoustic_seismic_coupling/pressure_pgv_regression_bootstrap_slopes.csv,derived,188774,7af7f1bed9926ea7dd8dcccba7479fde7e724a49a7f11a1afac07a63d1144ac4,100_measure_event_amplitudes_and_acoustic_seismic_coupling root tables/provenance
data/outputs/100_measure_event_amplitudes_and_acoustic_seismic_coupling/pressure_pgv_regression_leave_one_out.csv,derived,1917,dccf3ddb4e75f2e199d783619abb2f1263663467b55fc6a1127561d19471ec64,100_measure_event_amplitudes_and_acoustic_seismic_coupling root tables/provenance
data/outputs/100_measure_event_amplitudes_and_acoustic_seismic_coupling/pressure_pgv_regression_selected_rows.csv,derived,94030,74c86aabaf54f94961c0675a931bee24c2bca67e52ecc24aecb4c14d88014255,100_measure_event_amplitudes_and_acoustic_seismic_coupling root tables/provenance
data/outputs/100_measure_event_amplitudes_and_acoustic_seismic_coupling/pressure_pgv_regression_sensitivity.csv,derived,383,b9504bc59cb7ed2e52817dc7e824bf8b527cf6d6ba6af9a69883dbd93e9add7a,100_measure_event_amplitudes_and_acoustic_seismic_coupling root tables/provenance
data/outputs/100_measure_event_amplitudes_and_acoustic_seismic_coupling/pressure_pgv_regression_summary.csv,derived,862,39e161954c83b10ec4d46da17635733b4dc0343517cacde81714e33c7bf4ce82,100_measure_event_amplitudes_and_acoustic_seismic_coupling root tables/provenance
data/outputs/100_measure_event_amplitudes_and_acoustic_seismic_coupling/strongest_empirically_significant_pressure_dhz_coupling.csv,derived,1605,2e5ea98c56d4622b9afca9ff451167cde316aee93d2ea7bb467467a0d7a29bbc,100_measure_event_amplitudes_and_acoustic_seismic_coupling root tables/provenance
data/outputs/100_measure_event_amplitudes_and_acoustic_seismic_coupling/supplement_all_event_complex_energetics.csv,derived,9663,b84cd272a29a7b80df87bb74c49d9e0608735c99abdc1d808688e0be827dae4b,100_measure_event_amplitudes_and_acoustic_seismic_coupling root tables/provenance
data/outputs/100_measure_event_amplitudes_and_acoustic_seismic_coupling/supplement_raw_overlapping_event_window_energetics.csv,derived,44228,a79a1e596025beb62144ea66a73d4eef23732fb719275328990a4deedff2ee2d,100_measure_event_amplitudes_and_acoustic_seismic_coupling root tables/provenance
data/outputs/110_measure_named_events/key_event_catalogue_pgv_overlap_audit.csv,derived,2081,d5e8864cd81a48e8f04ed19e864d6cbbe3e2eb5c0635a8422299b6a0a0b1a41c,110_measure_named_events root tables/provenance
data/outputs/110_measure_named_events/key_event_channel_sample_and_baseline_audit.csv,derived,4843,61ace8f6c1c6556aae5b9c3a5c4b36f4ea0534b6ef85a5c89b532f8f28d8b3bc,110_measure_named_events root tables/provenance
data/outputs/110_measure_named_events/key_event_measurement_metadata.json,derived,2647,51991bb3cbf9a2f9d1be868ea222d531df545eb5e8b4aca1001305c12b05b60b,110_measure_named_events root tables/provenance
data/outputs/110_measure_named_events/key_event_measurement_windows.csv,derived,3325,d06a50418263697e8dac6b520d2c95a6687167938587f182a95929b806777b6a,110_measure_named_events root tables/provenance
data/outputs/110_measure_named_events/key_event_pressure_measurements.csv,derived,3395,03721881e5b717148103f0d49d0263a82bd5b6f861bc44ce43250c792f478d19,110_measure_named_events root tables/provenance
data/outputs/110_measure_named_events/key_event_window_review.pdf,figures,52639,770c9ed53de491dc2b5cf0b0580dc90b658b260ec2aee911743bcb2ea48d8e47,110_measure_named_events root PDFs
data/outputs/120_estimate_acoustic_energetics/continuous_sequence_5s_energy_bins.csv,derived,41775,c110ee03e22dfc24da286ab2014789870cda5dc01b9314412050fbbe72ba4399,120_estimate_acoustic_energetics root tables/provenance
data/outputs/120_estimate_acoustic_energetics/continuous_sequence_interval_totals.csv,derived,2279,0a52aade378702ef8f38355f53bc4a9c9553ad5fab5a2039907ba8ec109275bc,120_estimate_acoustic_energetics root tables/provenance
data/outputs/120_estimate_acoustic_energetics/full_sequence_cumulative_acoustic_and_ground_motion.pdf,figures,34985,8a0dddd3846af0b6662acd8fe1989f84e308c73206165a8e61bda1487730f1b2,120_estimate_acoustic_energetics root PDFs
data/outputs/120_estimate_acoustic_energetics/key_event_acoustic_energetics_by_channel.csv,derived,7563,5a2c99628303f1ea42bd2403521a73c63403556b64234ac9f7e4081c02641817,120_estimate_acoustic_energetics root tables/provenance
data/outputs/120_estimate_acoustic_energetics/key_event_acoustic_energetics_metadata.json,derived,7146,e27f1f96d82fecc463cffaeb4784d8cd32b635a7fb36325babecf3024b74b98b,120_estimate_acoustic_energetics root tables/provenance
data/outputs/120_estimate_acoustic_energetics/key_event_acoustic_energetics_summary.csv,derived,4506,f32d2358359cb3a6c0b7e285bd15cc45609c843135b72b939e811d6e6becca7e,120_estimate_acoustic_energetics root tables/provenance
data/outputs/120_estimate_acoustic_energetics/key_event_pressure_and_cumulative_acoustic_energy.pdf,figures,64432,bc1de978d8d6128d36f99b6de2c357a3edd532c785e2b159bda61b7b10154bbc,120_estimate_acoustic_energetics root PDFs
data/outputs/120_estimate_acoustic_energetics/key_event_spl_and_acoustic_energy_summary.pdf,figures,20383,f77c2652f99186e7c389860fc8f026cb751249eaac51aafea9e98f385f660180,120_estimate_acoustic_energetics root PDFs
data/outputs/120_estimate_acoustic_energetics/key_event_zrt_cumulative_squared_velocity.pdf,figures,35099,33df2a6424ce81d363186974fe50c72c1270e1c77a682413fd614212eeb3c47d,120_estimate_acoustic_energetics root PDFs
data/outputs/120_estimate_acoustic_energetics/key_event_zrt_ground_motion_exposure.csv,derived,3176,a435daf649f8911859dc90b0433e1fa56d7e65fdf695b0f643e445ced75bbf8f,120_estimate_acoustic_energetics root tables/provenance
data/outputs/120_estimate_acoustic_energetics/named_pressure_window_comparison_110_124.csv,derived,9532,012d21994f1446eeae954d59aa7a51d08b6a1817577e9a4910638b42ac2a9d89,120_estimate_acoustic_energetics root tables/provenance
data/outputs/120_estimate_acoustic_energetics/opening_sequence_cumulative_acoustic_and_ground_motion.pdf,figures,36084,d14be7e339b87aafb62fbbd9f20bdd642d70eb3297dd37d0e4c39499b847a316,120_estimate_acoustic_energetics root PDFs
data/outputs/120_estimate_acoustic_energetics/principal_explosion_weak_shock_profile.csv,derived,87318,8b81e5bc39a7107080360f59ca3c52321af93d66800f45e464f00824e63dc2c8,120_estimate_acoustic_energetics root tables/provenance
data/outputs/120_estimate_acoustic_energetics/principal_explosion_weak_shock_sensitivity.pdf,figures,19476,a0037668b7041696c57786c6280d5c8da65ce16438817b79a4860b06ccd8bed9,120_estimate_acoustic_energetics root PDFs
data/outputs/120_estimate_acoustic_energetics/principal_explosion_weak_shock_summary.csv,derived,583,cc7d9c22a76b442e060592195dafe124c147e99b88e9436102165db3535e5cf3,120_estimate_acoustic_energetics root tables/provenance
data/outputs/130_analyze_seismic_polarization/multiband/multiband_polarization_timeseries.csv,derived,1050857,0b28c36df4fc75033f35531cfd2546f8bb092c733b265cb672e05e22f468cf5f,Nested compact result
data/outputs/130_analyze_seismic_polarization/multiband_polarization_comparison.pdf,figures,99451,d6a08af0114c3a8bf302ee9087694d932c22b7e585081d7a098246660246396f,130_analyze_seismic_polarization root PDFs
data/outputs/130_analyze_seismic_polarization/polarization_summary.json,derived,5289,5e5f59a8fa2b6f8b26fb16f40df916fec03ca374dd1b7533beb411e66277fd11,130_analyze_seismic_polarization root tables/provenance
data/outputs/130_analyze_seismic_polarization/polarization_timeseries.csv,derived,22015331,22daf07f9dc70bc02b0b45269b0613f1ec3cec71af0150fdd0e2a3f83a13c2bd,130_analyze_seismic_polarization root tables/provenance
data/outputs/130_analyze_seismic_polarization/twistpy_source_relative_airwave_3_10.pdf,figures,103724,69c325b2c07d0492a7dbfca0fb0076959dcda151490ab949b0c9bca0bfae81cb,130_analyze_seismic_polarization root PDFs
data/outputs/130_analyze_seismic_polarization/twistpy_source_relative_broad_0p5_20.pdf,figures,118266,3e109ce88ac3eca4c51db82d15c7e445105637205935996c28ae678abf57e68d,130_analyze_seismic_polarization root PDFs
data/outputs/130_analyze_seismic_polarization/twistpy_source_relative_high_10_25.pdf,figures,160677,fcabbeed77536ec8eeaaa6aec61fe706e77b365dca96ae88c113d9f60a8275d4,130_analyze_seismic_polarization root PDFs
data/outputs/130_analyze_seismic_polarization/twistpy_source_relative_low_0p5_3.pdf,figures,72513,1d9aff65b5307b6de882f510b3a4d672f852c52abc4333951a84636011e89f5c,130_analyze_seismic_polarization root PDFs
data/outputs/130_analyze_seismic_polarization/twistpy_source_relative_very_high_25_45.pdf,figures,189549,06ef86420c7b51fc0acf5f4606dc68ec1a9f77ea1983df39f07c05a7c14732e1,130_analyze_seismic_polarization root PDFs
data/outputs/130_analyze_seismic_polarization/twistpy_style_zne.pdf,figures,120137,34d567929d336ce8b8cbca765c3de69df0db65f9a61f4d8b95969666a9e02cfe,130_analyze_seismic_polarization root PDFs
data/outputs/130_analyze_seismic_polarization/twistpy_style_zrt.pdf,figures,120872,55fb5d4c7112595afa7d3389743e5045d43a42935f19605e86e91d96dd647146,130_analyze_seismic_polarization root PDFs
data/outputs/130_analyze_seismic_polarization/zrt_capsule_impact_zoom_common_scale.pdf,figures,52277,3ab5f80b6449ecd572ee33a7e463928bbdbe1f81e2941a657d7ccd38bdcc4f76,130_analyze_seismic_polarization root PDFs
data/outputs/130_analyze_seismic_polarization/zrt_capsule_impact_zoom_independent_scale.pdf,figures,53116,fce416fca3139c6e434e9a5ba54bc7273c7f21ba61ccdcfb918e81840031507e,130_analyze_seismic_polarization root PDFs
data/outputs/130_analyze_seismic_polarization/zrt_lower_stage_zoom_common_scale.pdf,figures,47199,e4c574a761c6c7b7179de951f3401321727f791bbc97eee2933e0b281e44d601,130_analyze_seismic_polarization root PDFs
data/outputs/130_analyze_seismic_polarization/zrt_lower_stage_zoom_independent_scale.pdf,figures,49668,4e7c78b59889e6f7a5accd80cdcd2b60fa209b409ef5b9fe96f7445eab2bd2ab,130_analyze_seismic_polarization root PDFs
data/outputs/130_analyze_seismic_polarization/zrt_payload_impact_zoom_common_scale.pdf,figures,52275,4594f8ce46f59cf82b57d2ca11f7e4345ea6755d7b55564c9e195d5f988dd22a,130_analyze_seismic_polarization root PDFs
data/outputs/130_analyze_seismic_polarization/zrt_payload_impact_zoom_independent_scale.pdf,figures,53116,dfcdbfe168922ee82ce43706f91745c1e692fb88590c706281ac0c3f1c8d3d89,130_analyze_seismic_polarization root PDFs
data/outputs/130_analyze_seismic_polarization/zrt_spectrogram_0p4s.pdf,figures,438971,3a289f384aa66f6e4aae646a81fdb08eac3a5f76463a28d6fc9e2c241ec3bcf8,130_analyze_seismic_polarization root PDFs
data/outputs/130_analyze_seismic_polarization/zrt_spectrogram_1p0s.pdf,figures,391996,5e4a5f6ff49b05cdfadbceb08897165d5bc8a74a91c7b45906bcc4ef6abf3b2e,130_analyze_seismic_polarization root PDFs
data/outputs/130_analyze_seismic_polarization/zrt_upper_stage_zoom_common_scale.pdf,figures,52693,872fd1213ee66c61a2e608bc7e3343564f3e6cc1a9d462558f7013e080463c69,130_analyze_seismic_polarization root PDFs
data/outputs/130_analyze_seismic_polarization/zrt_upper_stage_zoom_independent_scale.pdf,figures,53664,bdf9dc301ff7d80c1ab7ccc41b1a119c616d1b023521d7dc298a4c6c4335df83,130_analyze_seismic_polarization root PDFs
data/outputs/140_search_for_direct_seismic_waves/direct_seismic_search_summary.json,derived,5029,35bbfe06734eee7140c8d8520d8c09b6747fd8ed44bee605c30979a9d605499c,140_search_for_direct_seismic_waves root tables/provenance
data/outputs/140_search_for_direct_seismic_waves/frequency_dependent_group_delay.csv,derived,1345,d7912b6d3b87ec1cee3b53301985040729d953c4f28c2e708aefdae81f936b04,140_search_for_direct_seismic_waves root tables/provenance
data/outputs/140_search_for_direct_seismic_waves/isolated_event_source_aligned_stack.pdf,figures,220426,cac868684bd4cc7d44c15001e5e2573bcdaf7d197b0df3c8ec86ca9151ba47be,140_search_for_direct_seismic_waves root PDFs
data/outputs/140_search_for_direct_seismic_waves/isolated_event_stack.csv,derived,662333,7a75ed65101b987481c2c1943df77a5c04105754f0727fc077b6ef92779e4488,140_search_for_direct_seismic_waves root tables/provenance
data/outputs/140_search_for_direct_seismic_waves/isolated_stack_events.csv,derived,16615,d24c6a549fe6b608b5dc894622f3e6ccb434eff6617c60af89a78feea7b7b678,140_search_for_direct_seismic_waves root tables/provenance
data/outputs/140_search_for_direct_seismic_waves/onset_candidates.csv,derived,3872,cf09ebd5570a550627b96bf157d37a7874b523b5500f685aaa2d362418ab4b71,140_search_for_direct_seismic_waves root tables/provenance
data/outputs/140_search_for_direct_seismic_waves/onset_summary_by_band.csv,derived,805,d4b8c3af8979f77daa172e6d5282f80001fd8392453b271e262cf10553fb64a9,140_search_for_direct_seismic_waves root tables/provenance
data/outputs/140_search_for_direct_seismic_waves/polarization_confirmation_summary.csv,derived,904,2cc3011fb1e1ae7036295c4eff2476a8cfef896accae70a65b26b75d21ca9f80,140_search_for_direct_seismic_waves root tables/provenance
data/outputs/140_search_for_direct_seismic_waves/trailing_polarization.csv,derived,491843,b2998ae6b3c07767caa1b3dc4f8cb20765cea11b8b86ca3d27d2c9e63d84bd8c,140_search_for_direct_seismic_waves root tables/provenance
data/outputs/140_search_for_direct_seismic_waves/upper_stage_group_delay_proxy.pdf,figures,21466,a9ab1c282d2f578dd2c3151cad31ce1456229c70c43b2e02614da46820e5754e,140_search_for_direct_seismic_waves root PDFs
data/outputs/140_search_for_direct_seismic_waves/upper_stage_noise_normalized_spectrogram.pdf,figures,82846,5fcdc21370243ee5ce24eba816378f7212ed4402701b2603fadf8182ce695b9a,140_search_for_direct_seismic_waves root PDFs
data/outputs/140_search_for_direct_seismic_waves/upper_stage_onset_and_polarization.pdf,figures,108561,a8b9342b70685f982e4dac3f2aa38298a81f94272acca013585e7f4daf9140a2,140_search_for_direct_seismic_waves root PDFs
data/outputs/140_search_for_direct_seismic_waves/upper_stage_phase_discrimination.pdf,figures,31978,290dd0c1c24509b3e3ac54e4d067178df3a9d56a4d7456e4343fabe5b0bb79b8,140_search_for_direct_seismic_waves root PDFs
data/outputs/145_analyze_regional_detectability/145_bchh_dd2_regional_band_comparison.pdf,figures,57802,3062b4434ba61859c96ed5921d8fd186360125829fbfb682368de907bd003740,145_analyze_regional_detectability root PDFs
data/outputs/145_analyze_regional_detectability/145_bchh_dd2_regional_band_spectrum.pdf,figures,17745,6a468045ef378904fdd2eeb24809a683557546a1de7b0a0830449aeea5b44843,145_analyze_regional_detectability root PDFs
data/outputs/145_analyze_regional_detectability/145_focused_candidate_moveout_test.pdf,figures,22400,f28e550d9bb53ddf73e7a88f7b332c5384aa214df020243e95748ca5fcb1fab8,145_analyze_regional_detectability root PDFs
data/outputs/145_analyze_regional_detectability/145_focused_candidate_raw_and_pressure_audit.pdf,figures,452471,6e5441c5a7f1331e9f1ff40aa05d7932ae4355dba85e5783ce38ee486b64a40f,145_analyze_regional_detectability root PDFs
data/outputs/145_analyze_regional_detectability/145_focused_regional_candidate_metrics.csv,derived,2627,ed9940e0d3f698227d6bb1a174b87599b779d671087c822ae9ee27646dcdd25f,145_analyze_regional_detectability root tables/provenance
data/outputs/145_analyze_regional_detectability/145_northern_corridor_source_reduced_section.pdf,figures,1045690,14d2241dbea7301460650fa86c6a66dfdcc1b3e50152877893536dd08e29da18,145_analyze_regional_detectability root PDFs
data/outputs/145_analyze_regional_detectability/145_posthoc_pseudo_origin_alignment_test.pdf,figures,264281,75324c97dee4b6a21fec6d256544474029b1392bcbbce2c5b3969498bc85baf0,145_analyze_regional_detectability root PDFs
data/outputs/145_analyze_regional_detectability/145_posthoc_pseudo_origin_summary.json,derived,390,23c01469ded8cab01df991d4dc364568876d56ad98aed7f9a6bdf538f32f40da,145_analyze_regional_detectability root tables/provenance
data/outputs/145_analyze_regional_detectability/145_posthoc_slow_branch_leave_one_out.csv,derived,318,b7c4c8bc103d83e1236caa03499980853bde4f6a309bf3a4ef1860fbd2a9ad5a,145_analyze_regional_detectability root tables/provenance
data/outputs/145_analyze_regional_detectability/145_posthoc_slow_branch_timing.csv,derived,2496,f916753eee587f75409a492a75d05ab5e758c4604be9bec7c51941e578d36c3c,145_analyze_regional_detectability root tables/provenance
data/outputs/145_analyze_regional_detectability/145_regional_candidate_amplitude_period_diagnostics.pdf,figures,20359,28372bb4717188e66ce3f72667d67fb03e5f67ba817c187dac88681e0ed1e3ae,145_analyze_regional_detectability root PDFs
data/outputs/145_analyze_regional_detectability/145_regional_candidate_amplitude_period_yield_guard.csv,derived,1636,6fe01115c2e749952a9db9a12ef455b1ba14d6bf37dcf48b971b680550327b95,145_analyze_regional_detectability root tables/provenance
data/outputs/145_analyze_regional_detectability/fdsn_query_log.csv,derived,125,3281a141d23858d485bbb6df99c4a62780d0bf56b136dc71ded3fcc319ca2f80,145_analyze_regional_detectability root tables/provenance
data/outputs/145_analyze_regional_detectability/regional_available_channels.csv,derived,105300,8df7ac75955b8dc3c6aeec22ee2b97794ccff1782640cc431bc141d41c4008b4,145_analyze_regional_detectability root tables/provenance
data/outputs/145_analyze_regional_detectability/regional_best_candidate_zoom_audit.pdf,figures,152818,37790a442289727830caf48c212c9a8a8865544f1f89682977f732ea2385b5c8,145_analyze_regional_detectability root PDFs
data/outputs/145_analyze_regional_detectability/regional_best_candidate_zoom_metrics.csv,derived,2176,9a03a86a466eab6a7b8e338ecbcc4f70365cbf4a0610d7bcd49e61c1bb9138bc,145_analyze_regional_detectability root tables/provenance
data/outputs/145_analyze_regional_detectability/regional_candidate_manual_review.csv,derived,45049,d18715a6a55d4400322a6e8a64b4d353bd5a7465093c85a1a4b23505918ab58f,145_analyze_regional_detectability root tables/provenance
data/outputs/145_analyze_regional_detectability/regional_candidate_manual_review_previous_20260914T203033410060.csv,derived,40234,ae7e7f0896e62dc6b6bc030d0399f33849de8223438b9cd24093b8915fad68a7,145_analyze_regional_detectability root tables/provenance
data/outputs/145_analyze_regional_detectability/regional_candidate_manual_review_previous_20260915T003349506354.csv,derived,44610,6a2389e1d869fed393d21dc07b5a1d715fbd688b3e72d4dbdb31b37246503798,145_analyze_regional_detectability root tables/provenance
data/outputs/145_analyze_regional_detectability/regional_detectability_run_metadata.json,derived,2775,5a8fa4274ded0a292a4066a4774e716e70318168e0accdca53754689c275bec3,145_analyze_regional_detectability root tables/provenance
data/outputs/145_analyze_regional_detectability/regional_detectability_screening_summary.pdf,figures,23300,8cee884b8fb61247416b30de7a996a47d86c06fc0a22de6d29bf9389582c6062,145_analyze_regional_detectability root PDFs
data/outputs/145_analyze_regional_detectability/regional_detectability_station_summary.csv,derived,82942,811da4951e24284c162e7b6ad408d34a29bbb6bf493eddbde8ef5feb72eb0686,145_analyze_regional_detectability root tables/provenance
data/outputs/145_analyze_regional_detectability/regional_phase_manual_review.csv,derived,244223,c95f8626147e61382eb33bc8fc456c286578dbd127b3ed4cd6ddbe4746d29cb5,145_analyze_regional_detectability root tables/provenance
data/outputs/145_analyze_regional_detectability/regional_phase_manual_review_previous_20260914T203033399602.csv,derived,221617,685a7d5e871320e629e6734cf23fb0fb1c5eff43052abf434f9374bef885a964,145_analyze_regional_detectability root tables/provenance
data/outputs/145_analyze_regional_detectability/regional_phase_manual_review_previous_20260915T003349491371.csv,derived,241835,3897204db4b6bf5ee98e7650999152cef10cbd235cac13cd39dd38375e3e81df,145_analyze_regional_detectability root tables/provenance
data/outputs/145_analyze_regional_detectability/regional_phase_screening_metrics.csv,derived,235991,a054d338bc042c003fa93ee26d17ecbfba35067ea5e2cc165eef338b7b513743,145_analyze_regional_detectability root tables/provenance
data/outputs/145_analyze_regional_detectability/regional_station_coverage_and_candidate_moveout.pdf,figures,26895,6d5dd34b25a5483ffe8cff874c9ee82ecc68a3d62e5a42c3d7ea69a3970c0c81,145_analyze_regional_detectability root PDFs
data/outputs/145_analyze_regional_detectability/regional_station_inventory.xml,regional_metadata,1257596,27b1130ee9c8a537c6380b02cca7bc351c233950f591e20f51345164d22681ba,Regional event-epoch inventory
data/outputs/145_analyze_regional_detectability/regional_station_targets.csv,derived,30731,863ab3674221b56df7e616a79f42fd9b9ed6ed37ebf1e4b13342531e9287e5ef,145_analyze_regional_detectability root tables/provenance
data/outputs/145_analyze_regional_detectability/regional_station_waveform_audit.pdf,figures,15902269,a5b73dec5c8febb36f8203d8df4a69b79d750273856ee06d19024877c73bc777,145_analyze_regional_detectability root PDFs
data/outputs/145_analyze_regional_detectability/regional_waveform_availability.csv,derived,60078,673e96fbfb575cd56c620dc4a887df2c596f89e87ce1f93ae6771b97efd9385a,145_analyze_regional_detectability root tables/provenance
data/outputs/145_analyze_regional_detectability/response_cache/CO.CSB.00.HHZ.xml,regional_metadata,14787,ea14aec9f2f8781ab22d3646f64d07c8b026057df012b208968bcd96960d235c,Regional response StationXML
data/outputs/145_analyze_regional_detectability/response_cache/CO.HAW.00.HHZ.xml,regional_metadata,14406,51e5187aa251b8915f4c47fa4930fad9da134a5d7886a0c6086bc50193b2a351,Regional response StationXML
data/outputs/145_analyze_regional_detectability/response_cache/CO.SUMMV.00.HHZ.xml,regional_metadata,14533,65b1ed563a6d895010658c41d563571e568d763516233c4f4ea6892267844853,Regional response StationXML
data/outputs/145_analyze_regional_detectability/response_cache/IM.I51H1.--.BDF.xml,regional_metadata,65992,c290f3ea13fc61248933acf20a720864ee5860a77f517969d1b17e3a8f203ff4,Regional response StationXML
data/outputs/145_analyze_regional_detectability/response_cache/IM.I51H2.--.BDF.xml,regional_metadata,65989,d3634b2723f8ea3d26fa0cec5d5b84c595e7dada5f82f06d3bd5b15bc6028fb7,Regional response StationXML
data/outputs/145_analyze_regional_detectability/response_cache/IM.I51H3.--.BDF.xml,regional_metadata,65991,f7204b04de1de1b5d50507a77f966375afe2171e5137902d9c75b132752e5ece,Regional response StationXML
data/outputs/145_analyze_regional_detectability/response_cache/IU.BBSR.30.LDO.xml,regional_metadata,3086,87133280b175ab66c76bdc6855a085f2b982eb21f3feaef589061cc2e38f3ef9,Regional response StationXML
data/outputs/145_analyze_regional_detectability/response_cache/IU.CCM.30.LDO.xml,regional_metadata,3078,10a33f53a041f480f73fd8bd6bdcff0efeecd78bba7db6875e8e4eb4537b90d2,Regional response StationXML
data/outputs/145_analyze_regional_detectability/response_cache/IU.DWPF.10.BHZ.xml,regional_metadata,9380,8528df87c1a2209b5fb69469d35668ca99fa3a2183d183143ae53964ee1cdcd1,Regional response StationXML
data/outputs/145_analyze_regional_detectability/response_cache/IU.DWPF.30.LDO.xml,regional_metadata,3071,1fa9e78e5a69612d5131a1b7c43339ed52099099655c33ef8c588078c554e5a1,Regional response StationXML
data/outputs/145_analyze_regional_detectability/response_cache/IU.HKT.30.LDO.xml,regional_metadata,5752,262a83b35ec34018d1dd05c2e670f45166261b3dbd392927bdb8b1ca067ba124,Regional response StationXML
data/outputs/145_analyze_regional_detectability/response_cache/IU.HRV.30.LDO.xml,regional_metadata,5713,ab58376bf9b8b896bde08c19d12774c79ca214e374b88c258ddbab7fcf53ed4a,Regional response StationXML
data/outputs/145_analyze_regional_detectability/response_cache/IU.SSPA.30.LDO.xml,regional_metadata,5799,11a435f10ab1ef411a3666396eeff580adb29518329b44a384188f1285be2923,Regional response StationXML
data/outputs/145_analyze_regional_detectability/response_cache/IU.TEIG.30.LDO.xml,regional_metadata,3058,f2726af588bca27dbf1cf9d23fe0fe8a615b0971bc7ca6e869b10f329f955042,Regional response StationXML
data/outputs/145_analyze_regional_detectability/response_cache/IU.WCI.31.LDO.xml,regional_metadata,3117,c740b2626eabe9e672174719d79996140eccfdf06f53a94c82bcfcafd54e3ead,Regional response StationXML
data/outputs/145_analyze_regional_detectability/response_cache/IU.WVT.30.LDO.xml,regional_metadata,3067,555b1daf8e11245e1755297bee897d70c3095a0627a932f69a0e91b7582e60f6,Regional response StationXML
data/outputs/145_analyze_regional_detectability/response_cache/LD.GEDE.EP.BDF.xml,regional_metadata,4880,32ddc7a41dfdcc23123a21c945030dae287b0fe8558952f2d0c711855104d4d7,Regional response StationXML
data/outputs/145_analyze_regional_detectability/response_cache/LD.MIDE.EP.BDF.xml,regional_metadata,4945,62f21a621e59ad767f797ddc47a61b0cccd7a452810266ef8dd0113b48423803,Regional response StationXML
data/outputs/145_analyze_regional_detectability/response_cache/N4.060A.--.HHZ.xml,regional_metadata,11226,ddb34551b88af3226566bc4f2edea6c06450c1b94397afff60a1db395884dd18,Regional response StationXML
data/outputs/145_analyze_regional_detectability/response_cache/N4.060A.EP.BDF.xml,regional_metadata,5043,517d6817981d5c7841c516c840dad20ec24cc860ee5f6d27fef6bfb95c837d61,Regional response StationXML
data/outputs/145_analyze_regional_detectability/response_cache/N4.061Z.--.HHZ.xml,regional_metadata,11133,5061c9cabd3964cfec6da0cd25322165dcc080372b5ba4f26ffc094223ab98d6,Regional response StationXML
data/outputs/145_analyze_regional_detectability/response_cache/N4.061Z.EP.BDF.xml,regional_metadata,4950,ad82274ac5e045a4a3b55d18536c76d10bb43979272d11175133875100c6c62a,Regional response StationXML
data/outputs/145_analyze_regional_detectability/response_cache/N4.143B.EP.BDF.xml,regional_metadata,4970,e1d8c70e43107bb521a6c3b2d1da7b3a2dfe2288577192261feaec7d196ad095,Regional response StationXML
data/outputs/145_analyze_regional_detectability/response_cache/N4.146B.EP.BDF.xml,regional_metadata,4954,347c80fafbee3504920ea5ab3fa2388ab98da0a8f20bbadfb8e405fe787a799d,Regional response StationXML
data/outputs/145_analyze_regional_detectability/response_cache/N4.152A.EP.BDF.xml,regional_metadata,4967,2231bd2be7fcf416c64e4f04c6c3253d95c9040cb0740efc55f8c4d087f9b82a,Regional response StationXML
data/outputs/145_analyze_regional_detectability/response_cache/N4.154A.--.HHZ.xml,regional_metadata,11143,5bc81c7cd2655540a6b821413436f849c5bacff74e4ff8da1a09d0c7469937f0,Regional response StationXML
data/outputs/145_analyze_regional_detectability/response_cache/N4.154A.EP.BDF.xml,regional_metadata,4960,25d33cf8ed8aca141da3ef121f795a35ccc2bd35c45db5faa080063e206d0e7d,Regional response StationXML
data/outputs/145_analyze_regional_detectability/response_cache/N4.237B.EP.BDF.xml,regional_metadata,4794,263fc3709e4798ffb6f1d6d8fb14965f04630c13f6f821cea9eed9eb7d748de7,Regional response StationXML
data/outputs/145_analyze_regional_detectability/response_cache/N4.250A.EP.BDF.xml,regional_metadata,4950,34c8037ffd9b00c0e4d243dce2fe343805127cf92cfb687ddb08d7bc5bba7fc2,Regional response StationXML
data/outputs/145_analyze_regional_detectability/response_cache/N4.255A.--.HHZ.xml,regional_metadata,11993,b48b67b25c7a27ff46676c65238def5788baf4a80be72b367c75d01ec504b2cc,Regional response StationXML
data/outputs/145_analyze_regional_detectability/response_cache/N4.255A.EP.BDF.xml,regional_metadata,4776,ae24729a18a65770eb9be975982986d8a551ee6505903ced9df783487d9db207,Regional response StationXML
data/outputs/145_analyze_regional_detectability/response_cache/N4.257A.--.HHZ.xml,regional_metadata,10883,8c623b76c69df9053efcf2c69e6e5fbb3b12dd5b0fc76253ea9a08a82eaae5d5,Regional response StationXML
data/outputs/145_analyze_regional_detectability/response_cache/N4.257A.EP.BDF.xml,regional_metadata,4968,2702645460580c0b55ea9dcdd862ada62ffab8e2e43b1c8a0fc60b6beaa5547f,Regional response StationXML
data/outputs/145_analyze_regional_detectability/response_cache/N4.342B.EP.BDF.xml,regional_metadata,4808,ccbe6d0b564299364af48688fb4102848e8c813e83de3c9283cd895bafedfbeb,Regional response StationXML
data/outputs/145_analyze_regional_detectability/response_cache/N4.344B.EP.BDF.xml,regional_metadata,4795,b4db82cee6eced725176221b8e179f6ada73fe6179e76239a06f72b2546be966,Regional response StationXML
data/outputs/145_analyze_regional_detectability/response_cache/N4.346B.EP.BDF.xml,regional_metadata,4982,dfa20a2aa414899d3e1553192ade72ec95f5b2a2852ba0522df72d129396420f,Regional response StationXML
data/outputs/145_analyze_regional_detectability/response_cache/N4.352A.--.HHZ.xml,regional_metadata,11814,3087cc244cc4690bd4c6bb6e913440239bc60a7eec940b9626c462d248cb9d1e,Regional response StationXML
data/outputs/145_analyze_regional_detectability/response_cache/N4.352A.EP.BDF.xml,regional_metadata,4954,18250327d66831b16013e0f217e03c61345fd1d5d1bb602dfcaf05c756aee762,Regional response StationXML
data/outputs/145_analyze_regional_detectability/response_cache/N4.441B.EP.BDF.xml,regional_metadata,4974,bd737422922de4d37fa62b388986ea27ebb800c348c39ac0a4fff0efa8ac77f2,Regional response StationXML
data/outputs/145_analyze_regional_detectability/response_cache/N4.451A.--.HHZ.xml,regional_metadata,11133,872671461fb9d7cbb027416a1029908b37bfeecca8f32df32e1927785f2eed35,Regional response StationXML
data/outputs/145_analyze_regional_detectability/response_cache/N4.451A.EP.BDF.xml,regional_metadata,4953,f5aeaf08d0adff3f520bc6360a68ae4871c32ef02f5bdcc09a254ec43742fdbe,Regional response StationXML
data/outputs/145_analyze_regional_detectability/response_cache/N4.456A.--.HHZ.xml,regional_metadata,11815,bb004d285091b7e0b604208face7991c6e79be0ccd3c243efd5a15901c2599be,Regional response StationXML
data/outputs/145_analyze_regional_detectability/response_cache/N4.456A.EP.BDF.xml,regional_metadata,4956,e8655d0d158efb7262ffd982f758bf0d68be503958a636bd24baa0f8a0e8a950,Regional response StationXML
data/outputs/145_analyze_regional_detectability/response_cache/N4.545B.EP.BDF.xml,regional_metadata,4964,2f4c607a12e5fa930a3ab8515e05684987c690b2c53d1c81c2b08070b96a26ce,Regional response StationXML
data/outputs/145_analyze_regional_detectability/response_cache/N4.656A.--.HHZ.xml,regional_metadata,10468,c61d7b6dd37443ec50ff60ba0d2d227fa242884998f0c4871a54cd85ac5452d7,Regional response StationXML
data/outputs/145_analyze_regional_detectability/response_cache/N4.656A.EP.BDF.xml,regional_metadata,4956,46cd733ec85e57d9f40000e3126e550d8152728280c44b1585bbd7034a2ba810,Regional response StationXML
data/outputs/145_analyze_regional_detectability/response_cache/N4.735B.EP.BDF.xml,regional_metadata,4956,04c37c2e4546d0fed92960ba27aad8e165905c7f68198ea776dff54c09746630,Regional response StationXML
data/outputs/145_analyze_regional_detectability/response_cache/N4.I45A.EP.BDF.xml,regional_metadata,5045,61c309ebf68410defcb67095c7d1a763ac0b62b94545876b79bfc57ac09fd9cd,Regional response StationXML
data/outputs/145_analyze_regional_detectability/response_cache/N4.I49A.EP.BDF.xml,regional_metadata,4960,c83eb300628ab53fc7bcb869f1f3810b92793e208f210fba941994078c52eb22,Regional response StationXML
data/outputs/145_analyze_regional_detectability/response_cache/N4.J47A.EP.BDF.xml,regional_metadata,5041,606d30f0b282649e6661b68f2c1e47ab9e29bde3f123feff83d622163bc63060,Regional response StationXML
data/outputs/145_analyze_regional_detectability/response_cache/N4.J54A.EP.BDF.xml,regional_metadata,4780,e50a8fbb21f2e499cc32d8ea4b6ef970521902c5d2177d6c28d0e72e616395bd,Regional response StationXML
data/outputs/145_analyze_regional_detectability/response_cache/N4.J55A.EP.BDF.xml,regional_metadata,4953,41102dc58dbb9e3473d3a8c57491604707715e5b602eacd1489aeec391d240d5,Regional response StationXML
data/outputs/145_analyze_regional_detectability/response_cache/N4.J56A.EP.BDF.xml,regional_metadata,4781,c824f55a7ae436eb3f0188b0eed91b7e77d18e33b644718e3a659aed9e6a538a,Regional response StationXML
data/outputs/145_analyze_regional_detectability/response_cache/N4.J57A.EP.BDF.xml,regional_metadata,4968,14d68af15df57aede96d9b4f4a0ceb774824d690e1b57c9b833bd3f5ab3ce1bd,Regional response StationXML
data/outputs/145_analyze_regional_detectability/response_cache/N4.J58A.EP.BDF.xml,regional_metadata,4782,a87923faf530b9f8c5c98cdd7e8f92b337000149bf0a914d5b8ac45dae6ae0be,Regional response StationXML
data/outputs/145_analyze_regional_detectability/response_cache/N4.J59A.EP.BDF.xml,regional_metadata,4955,d2642312d616ab1488a3b44effc623fd7cc67502d30471473122ab1cbdf39181,Regional response StationXML
data/outputs/145_analyze_regional_detectability/response_cache/N4.J61A.EP.BDF.xml,regional_metadata,4949,9c80859cf39da482bc03bb932d92d7805bd4b43f1cdf159a5d0db9cb3d7f61ea,Regional response StationXML
data/outputs/145_analyze_regional_detectability/response_cache/N4.K43A.EP.BDF.xml,regional_metadata,5047,57ab8e6a18ec276ac747da4c9db42b863131658699ae974b67d55a59f2b8aca3,Regional response StationXML
data/outputs/145_analyze_regional_detectability/response_cache/N4.K50A.EP.BDF.xml,regional_metadata,5036,3ecfd086a068aaf0f509f66fa38819a0cd2bf14f31ab1b5c25a3e05aacf566c0,Regional response StationXML
data/outputs/145_analyze_regional_detectability/response_cache/N4.K57A.EP.BDF.xml,regional_metadata,4958,e462d83e8b0a70e0f21521a9d98b5245ca960eb745b78b5d37bf6551431822c2,Regional response StationXML
data/outputs/145_analyze_regional_detectability/response_cache/N4.K62A.EP.BDF.xml,regional_metadata,4959,602960ecef58e9ae2af9bd85864295ada7cad6dd01f7e1d994ed96240f3e97a0,Regional response StationXML
data/outputs/145_analyze_regional_detectability/response_cache/N4.L40A.EP.BDF.xml,regional_metadata,5042,159c231d35a44c40fa69f7f10bc8c314c947286673f10f7b46138357195f68be,Regional response StationXML
data/outputs/145_analyze_regional_detectability/response_cache/N4.L42A.EP.BDF.xml,regional_metadata,5040,f56b9f75ae8250e86a121d47793ecf07e1f9c5e1e726bf1a5dcaa656a2e434d0,Regional response StationXML
data/outputs/145_analyze_regional_detectability/response_cache/N4.L48A.EP.BDF.xml,regional_metadata,4783,5c51da8dc2aaa447b3c0eaeaff856ca54ea930f98991538ce3caa9e6ff6f5451,Regional response StationXML
data/outputs/145_analyze_regional_detectability/response_cache/N4.L56A.EP.BDF.xml,regional_metadata,4961,83242d82570f264f7162051cbe388bd0dddd68f443dff95082345f9ce4c665e3,Regional response StationXML
data/outputs/145_analyze_regional_detectability/response_cache/N4.L59A.EP.BDF.xml,regional_metadata,4955,371835ce61278ac9a9b0ca30fc382b77bfa9a852856e8abfef35b6d092b6495e,Regional response StationXML
data/outputs/145_analyze_regional_detectability/response_cache/N4.L64A.EP.BDF.xml,regional_metadata,4967,6d026b4cffd1036c9717702032e6de3d1ad73cff2034af7ba44e0a536fadc72b,Regional response StationXML
data/outputs/145_analyze_regional_detectability/response_cache/N4.M44A.EP.BDF.xml,regional_metadata,5073,15f2af3bffde862e226dcdea748785c68e6f95d3182f4bba277316b733e4cf34,Regional response StationXML
data/outputs/145_analyze_regional_detectability/response_cache/N4.M50A.EP.BDF.xml,regional_metadata,5035,c0c33b2d671d1ad36d2b917f0c42309f24a029486f601a967e06ae13bbb23dad,Regional response StationXML
data/outputs/145_analyze_regional_detectability/response_cache/N4.M52A.EP.BDF.xml,regional_metadata,4965,68409d4227b55eb7bf03bf3d0167f5ebdd4caa95c195c0a0497eee4800e82f21,Regional response StationXML
data/outputs/145_analyze_regional_detectability/response_cache/N4.M55A.EP.BDF.xml,regional_metadata,4779,974b2e3baf66bace5b08ae4f5069abde975efcb6746f2526415480c2287eb8e3,Regional response StationXML
data/outputs/145_analyze_regional_detectability/response_cache/N4.M57A.EP.BDF.xml,regional_metadata,4981,b993f3b3846a5271c02ad9d16c93c7292fbb2668d1d83185ae29291cfd33551a,Regional response StationXML
data/outputs/145_analyze_regional_detectability/response_cache/N4.M63A.EP.BDF.xml,regional_metadata,4963,6a234b774e568d231a35b53afcaf8aab696f518baf2490a2699a0d463d65dc70,Regional response StationXML
data/outputs/145_analyze_regional_detectability/response_cache/N4.N38B.EP.BDF.xml,regional_metadata,4957,00e5e096591a98ffc1c5daba475f554676d4789225a26ac0841fd704bebae751,Regional response StationXML
data/outputs/145_analyze_regional_detectability/response_cache/N4.N41A.EP.BDF.xml,regional_metadata,4986,899bef6eae7b21d4aca734c0578fe60c60b200ace8d4398c6646cbb534426944,Regional response StationXML
data/outputs/145_analyze_regional_detectability/response_cache/N4.N47A.EP.BDF.xml,regional_metadata,5038,dd7e4c2fa5509cd845effac51f1e242f9612748baddf1f3cf20e84702d139267,Regional response StationXML
data/outputs/145_analyze_regional_detectability/response_cache/N4.N49A.EP.BDF.xml,regional_metadata,4971,b970a3822ffa806c9ea03b5fa2809fa34643c7a2a16cf441aa4ceb45247faffd,Regional response StationXML
data/outputs/145_analyze_regional_detectability/response_cache/N4.N51A.EP.BDF.xml,regional_metadata,4958,30992a52c31a43dd6ba6175f93d10f0082438bb13dfebbc442e10f9658283d26,Regional response StationXML
data/outputs/145_analyze_regional_detectability/response_cache/N4.N53A.EP.BDF.xml,regional_metadata,5038,091ede772be93280f0e396c5db77ac7d0f0a53534a63f910222844832b89ea9f,Regional response StationXML
data/outputs/145_analyze_regional_detectability/response_cache/N4.N58A.EP.BDF.xml,regional_metadata,4955,c39a4134bb5552c00c5e3cd237a59861b3d6ceec1a17e5734a2555cf2fcc4c39,Regional response StationXML
data/outputs/145_analyze_regional_detectability/response_cache/N4.N62A.EP.BDF.xml,regional_metadata,4983,a2294797a7f9f4fa436fa05bdc8c14e2792cd3356f6ac7052fa598142929348d,Regional response StationXML
data/outputs/145_analyze_regional_detectability/response_cache/N4.O44A.EP.BDF.xml,regional_metadata,4785,47f2a95a398d6f03d304539fec8c98967010b6c637691846e0c5c8c053eca101,Regional response StationXML
data/outputs/145_analyze_regional_detectability/response_cache/N4.O49A.EP.BDF.xml,regional_metadata,4958,e47034a1726afa9d15eafb56b11f0eacb26c0572239b230346cb4f7694718c3b,Regional response StationXML
data/outputs/145_analyze_regional_detectability/response_cache/N4.O52A.EP.BDF.xml,regional_metadata,5048,eebb83ad0daadb6090770b0388232b443db4834e57a0245855e07d4456aa7e89,Regional response StationXML
data/outputs/145_analyze_regional_detectability/response_cache/N4.O54A.EP.BDF.xml,regional_metadata,5037,135da96f07a282a3c16f668e89a8f54572876d0fe5d088c2b80c6d7d8209056e,Regional response StationXML
data/outputs/145_analyze_regional_detectability/response_cache/N4.P38B.EP.BDF.xml,regional_metadata,4952,2c59ea326cdb052c7c482212abfb12a3fab0606f4e145138770d143bc9b42234,Regional response StationXML
data/outputs/145_analyze_regional_detectability/response_cache/N4.P40B.EP.BDF.xml,regional_metadata,4951,54279e454494ad4d7395b0d039b0e6a2ee34324f14b492f77560c8e1e0d3962f,Regional response StationXML
data/outputs/145_analyze_regional_detectability/response_cache/N4.P43A.EP.BDF.xml,regional_metadata,4962,454cc2da2a5880b873563a4f6b700ca306c04c965d9566022cf4683b6b05f984,Regional response StationXML
data/outputs/145_analyze_regional_detectability/response_cache/N4.P46A.EP.BDF.xml,regional_metadata,5044,5a16af61de09ddfad19feeeab1f311e0584999604a483223fd58e30069333314,Regional response StationXML
data/outputs/145_analyze_regional_detectability/response_cache/N4.P48A.EP.BDF.xml,regional_metadata,4950,a4df421772b9bcf243cc04aac9f2cad5951239217c19e684638a7614495bdd53,Regional response StationXML
data/outputs/145_analyze_regional_detectability/response_cache/N4.P51A.EP.BDF.xml,regional_metadata,4784,ad062ad5340a4969b53660c737fedd3484e3403be172084aa9c90afaf362a9f7,Regional response StationXML
data/outputs/145_analyze_regional_detectability/response_cache/N4.P53A.EP.BDF.xml,regional_metadata,5042,6038728dbebc1e9ad8b5b7538f9b021664f81d89e91cd7a41a81dfb925d56a0a,Regional response StationXML
data/outputs/145_analyze_regional_detectability/response_cache/N4.P57A.EP.BDF.xml,regional_metadata,4981,6dd137a8999b3837d96ef0a58401d01a1d6ac1c663d74a7acc665f007f7b1e0b,Regional response StationXML
data/outputs/145_analyze_regional_detectability/response_cache/N4.P61A.EP.BDF.xml,regional_metadata,4959,013421ec73d251ced0806d883166e360c1e482458dc8d7b06ce36dba04dbda99,Regional response StationXML
data/outputs/145_analyze_regional_detectability/response_cache/N4.Q44B.EP.BDF.xml,regional_metadata,4961,25a8a4309cc290562a11cde33c01efd78d3ad3c06bb27708381f612348f2d904,Regional response StationXML
data/outputs/145_analyze_regional_detectability/response_cache/N4.Q51A.EP.BDF.xml,regional_metadata,4957,cfac4075a2e8f75353b069b93cc6f5ef167c8c52903b176aa4ae71106087ed14,Regional response StationXML
data/outputs/145_analyze_regional_detectability/response_cache/N4.Q52A.EP.BDF.xml,regional_metadata,5040,1c6097ac8818183b5fcafcce13975b39324c6df64b283273af20eec3156b3a81,Regional response StationXML
data/outputs/145_analyze_regional_detectability/response_cache/N4.Q54A.EP.BDF.xml,regional_metadata,4963,c1667cf811f55e3344f331ed2d9ccbea06b2da5039cbf32e1a86dc8542669364,Regional response StationXML
data/outputs/145_analyze_regional_detectability/response_cache/N4.Q56A.EP.BDF.xml,regional_metadata,5041,327c4f0cc7e686e04fc6de7ecf342a977d4268e15c619e305a04e42e5853f105,Regional response StationXML
data/outputs/145_analyze_regional_detectability/response_cache/N4.R40B.EP.BDF.xml,regional_metadata,4987,8878405a51133c75e5c6ccd6697da1f5810a725515d474d1f4289b01a2429fdb,Regional response StationXML
data/outputs/145_analyze_regional_detectability/response_cache/N4.R49A.EP.BDF.xml,regional_metadata,5050,3be1a74c9b7021e3b99125c0835ed065662bba8815ce52c4a7b4c805cd4cea5c,Regional response StationXML
data/outputs/145_analyze_regional_detectability/response_cache/N4.R50A.EP.BDF.xml,regional_metadata,4951,e6356788a37e67ebdf66c96484197f33d36ed143e636bf788642b822394cf2af,Regional response StationXML
data/outputs/145_analyze_regional_detectability/response_cache/N4.R53A.EP.BDF.xml,regional_metadata,4781,fc3d9a84f6908faa6c1510bd11635f36e0ab96a3d925abb27eac2715406e4a90,Regional response StationXML
data/outputs/145_analyze_regional_detectability/response_cache/N4.R55A.EP.BDF.xml,regional_metadata,5115,80a5cb718a4c6a87a034969e79347db721b8c5da2fcbc7b9edf106eb2e719463,Regional response StationXML
data/outputs/145_analyze_regional_detectability/response_cache/N4.R58B.EP.BDF.xml,regional_metadata,5034,3935b38c808ee314c59d8955538820f0636bebb685532a746fbf9076b1ae4866,Regional response StationXML
data/outputs/145_analyze_regional_detectability/response_cache/N4.R61A.EP.BDF.xml,regional_metadata,4956,e5efc09323b3bf1d99d3dd0f8af6a2f701a8d705996273d2c07237f8285a24ff,Regional response StationXML
data/outputs/145_analyze_regional_detectability/response_cache/N4.S39B.EP.BDF.xml,regional_metadata,4962,d006d0a13ff9989a00acacdd755e153ff561f21d35078f4eb6733c81864dd1c5,Regional response StationXML
data/outputs/145_analyze_regional_detectability/response_cache/N4.S44A.EP.BDF.xml,regional_metadata,4962,0612197e4a4c5cdfdcb560f026926fd93bdaf0c666e47c663f81d73ad849183b,Regional response StationXML
data/outputs/145_analyze_regional_detectability/response_cache/N4.S51A.EP.BDF.xml,regional_metadata,5051,0bcc987e8611bc0554fdaba7c5f8e95ad7163be7440ed9062674aa59cf646b56,Regional response StationXML
data/outputs/145_analyze_regional_detectability/response_cache/N4.S54A.EP.BDF.xml,regional_metadata,4967,2e8032f3715bc98d0ca8d5d92000585f4ac368532b701ae3ca5e9269d52fcc87,Regional response StationXML
data/outputs/145_analyze_regional_detectability/response_cache/N4.S57A.EP.BDF.xml,regional_metadata,4972,2c3e242bf7315796f74ee7f90f5670b1fd0b3ace7ede803f524f4506504ae322,Regional response StationXML
data/outputs/145_analyze_regional_detectability/response_cache/N4.S61A.EP.BDF.xml,regional_metadata,4964,b5893574f402af00142944aebed4df4cd0657a69ac8e8986047ffae541c6b525,Regional response StationXML
data/outputs/145_analyze_regional_detectability/response_cache/N4.T35B.EP.BDF.xml,regional_metadata,4980,ccd4a4a94b8413855f44f1dfb91b4263a1f7176ae3a72a6a7a338ddc26d13d9a,Regional response StationXML
data/outputs/145_analyze_regional_detectability/response_cache/N4.T45B.EP.BDF.xml,regional_metadata,4956,1aaa3e672ad6b6f6c9b8d66a02c507094ee296983d51f83d14848b75575b8621,Regional response StationXML
data/outputs/145_analyze_regional_detectability/response_cache/N4.T47A.EP.BDF.xml,regional_metadata,5053,ae51e1fe3a7a6844f70b185f3046b7389217e18e2ffd93c005145602407d7a0b,Regional response StationXML
data/outputs/145_analyze_regional_detectability/response_cache/N4.T50A.EP.BDF.xml,regional_metadata,5038,80c2eee787e23a8ed77ecfe5ba5dd1845a158982d4539b3b8302c6087b0d5159,Regional response StationXML
data/outputs/145_analyze_regional_detectability/response_cache/N4.T57A.EP.BDF.xml,regional_metadata,4951,fe8757b74e2a1b1afc212a2f8bd41c8a54a0232c1ef2bd3fcf9babaa7ca083ea,Regional response StationXML
data/outputs/145_analyze_regional_detectability/response_cache/N4.T59A.EP.BDF.xml,regional_metadata,4969,9d7fb11c96e49190db3ea48e363a428a338e82ec82eb57c22b1b61dfbe53618b,Regional response StationXML
data/outputs/145_analyze_regional_detectability/response_cache/N4.T60A.EP.BDF.xml,regional_metadata,4779,6fa89a42deae954ed17a0172dea43b407878e90935d623e737b138c7348fe1e9,Regional response StationXML
data/outputs/145_analyze_regional_detectability/response_cache/N4.U38B.EP.BDF.xml,regional_metadata,4979,83462c90fee2a0aaa20525094b23cea73f138391ee382bf325e6d2d9066cf956,Regional response StationXML
data/outputs/145_analyze_regional_detectability/response_cache/N4.U49A.EP.BDF.xml,regional_metadata,5066,d56664f90e53a793d62d156d1a61e23cb6a2892d1893b350ae8b79c11986d2cc,Regional response StationXML
data/outputs/145_analyze_regional_detectability/response_cache/N4.U54A.EP.BDF.xml,regional_metadata,4991,2f362027bf412695d8b2f7a601a414c7fc302a67d0368cb09ce167f106be8332,Regional response StationXML
data/outputs/145_analyze_regional_detectability/response_cache/N4.U56A.EP.BDF.xml,regional_metadata,4951,0fb9688dde30fc2d1dee4e6e2b3e921374d5bbe22d1953b3d690fb2ab8538017,Regional response StationXML
data/outputs/145_analyze_regional_detectability/response_cache/N4.U59A.EP.BDF.xml,regional_metadata,4779,f4abce037222e298bb703478446c18dab8f2bea7ff78ff055d70a74a36a47fa2,Regional response StationXML
data/outputs/145_analyze_regional_detectability/response_cache/N4.V48A.EP.BDF.xml,regional_metadata,4985,8483db417e261112c2326bb7c9fbc0349651db668661af11eff7e158bb8d697e,Regional response StationXML
data/outputs/145_analyze_regional_detectability/response_cache/N4.V51A.EP.BDF.xml,regional_metadata,4782,40681e519344e5e7d7c1ced5d023e36e0a9495e556eb635ccbbb6ffd55f8fa09,Regional response StationXML
data/outputs/145_analyze_regional_detectability/response_cache/N4.V52A.EP.BDF.xml,regional_metadata,4787,bd4f1e3238e1d82bc39cec1c8feecf4a3569002c1942935ffb8688216c230e07,Regional response StationXML
data/outputs/145_analyze_regional_detectability/response_cache/N4.V53A.EP.BDF.xml,regional_metadata,5049,98ed82aa231b5ed3ad7a66fb074be5d2496290fa941ba28fa3b2b20035efc899,Regional response StationXML
data/outputs/145_analyze_regional_detectability/response_cache/N4.V55A.EP.BDF.xml,regional_metadata,4981,5522a424d622c518b9007568047b30545d69a386019a8c3b0c3b9e4c121a823d,Regional response StationXML
data/outputs/145_analyze_regional_detectability/response_cache/N4.V58A.EP.BDF.xml,regional_metadata,4971,b69473b6df05ef21f12b69c8d767def1abb7198d878705527b6fb4d146b3f5d0,Regional response StationXML
data/outputs/145_analyze_regional_detectability/response_cache/N4.V61A.EP.BDF.xml,regional_metadata,4949,f5bf033c41b8a61efdc51a669c886c7bb737c8f44b44da9e9f0907c743adc2a5,Regional response StationXML
data/outputs/145_analyze_regional_detectability/response_cache/N4.W45B.EP.BDF.xml,regional_metadata,4790,10f46fdf4d173f12ea039fd60e142cc39681104ba283dda6600a21b38b5ddd30,Regional response StationXML
data/outputs/145_analyze_regional_detectability/response_cache/N4.W50A.EP.BDF.xml,regional_metadata,5059,0617697b8b44843bb100b1bb2188639c0019c010ceb54304bb712a822ab7d228,Regional response StationXML
data/outputs/145_analyze_regional_detectability/response_cache/N4.W52A.EP.BDF.xml,regional_metadata,5040,917b7e0142193ca5ccae3d7dde1dced3979690f3068052b1ae8710ad42e104f3,Regional response StationXML
data/outputs/145_analyze_regional_detectability/response_cache/N4.W57A.EP.BDF.xml,regional_metadata,4953,4bcda779907c4fdc2869bf0de6a5b4c168c15c868d51e2d269857c5ed9819aad,Regional response StationXML
data/outputs/145_analyze_regional_detectability/response_cache/N4.X48A.EP.BDF.xml,regional_metadata,4961,2791c60f20d8071ed444b40869a792ad5f699cd7af7b53c2355a5b94c04e514f,Regional response StationXML
data/outputs/145_analyze_regional_detectability/response_cache/N4.X51A.EP.BDF.xml,regional_metadata,4956,e1b57114b4439cfedf0a47541141699c009d216fb4f8ca7c5f25cae2608754ef,Regional response StationXML
data/outputs/145_analyze_regional_detectability/response_cache/N4.X58A.EP.BDF.xml,regional_metadata,4956,384321bcffcd0317e6d33211ad1c0a8f4e1ee999947ad71472f772eda0996058,Regional response StationXML
data/outputs/145_analyze_regional_detectability/response_cache/N4.Y45B.EP.BDF.xml,regional_metadata,4966,740942a43292b378ee546196cc2ec464cd91067d74288cc0edaf39d3308dc8b6,Regional response StationXML
data/outputs/145_analyze_regional_detectability/response_cache/N4.Y49A.EP.BDF.xml,regional_metadata,5057,3310a879508eaa9aa389803711b22adcae21e958b5f64292229776c3413d4c06,Regional response StationXML
data/outputs/145_analyze_regional_detectability/response_cache/N4.Y52A.EP.BDF.xml,regional_metadata,5041,26e3319e2f0c528cad0f74c4b2cc58416a74a94b7a9f4da54c1442e4f868dc21,Regional response StationXML
data/outputs/145_analyze_regional_detectability/response_cache/N4.Y57A.EP.BDF.xml,regional_metadata,4952,41426786cbbb85b13e1d28a063189c6827809bd70cf3c54c8d7e7a8154ae6d11,Regional response StationXML
data/outputs/145_analyze_regional_detectability/response_cache/N4.Y58A.EP.BDF.xml,regional_metadata,4953,745d77e8264ba2a2f66cfd0013a24a7307a2e4715b4c181e0e0ee227718d3ae6,Regional response StationXML
data/outputs/145_analyze_regional_detectability/response_cache/N4.Y59A.EP.BDF.xml,regional_metadata,4773,5c19dc7723a1a67a720dffbe0afba2fbdc2eda8a8224d6d190f337977c655133,Regional response StationXML
data/outputs/145_analyze_regional_detectability/response_cache/N4.Y60A.EP.BDF.xml,regional_metadata,4954,7af5d1333a44779d32e70c2c00653fe4ead09ae9a972c317e8329295d9d395f4,Regional response StationXML
data/outputs/145_analyze_regional_detectability/response_cache/N4.Z35B.EP.BDF.xml,regional_metadata,4964,b0b31e899dd0fd0f463789f3f2fd82d5c170d222b3fb2128288304c7e67eff87,Regional response StationXML
data/outputs/145_analyze_regional_detectability/response_cache/N4.Z38B.EP.BDF.xml,regional_metadata,4971,dd15b5b578081a7408177a2dc6834b3038af7dc0e83db5607575862255bcdea7,Regional response StationXML
data/outputs/145_analyze_regional_detectability/response_cache/N4.Z47B.EP.BDF.xml,regional_metadata,4962,df7947a5f0424108cf6f3affd35bde0ac58618e4eed248fd5053dac9b959436e,Regional response StationXML
data/outputs/145_analyze_regional_detectability/response_cache/N4.Z51A.EP.BDF.xml,regional_metadata,4780,7843f6d521a2dcab2ed393be704fcdb1c601062a03c7acd197b6dd1ecbe306f5,Regional response StationXML
data/outputs/145_analyze_regional_detectability/response_cache/OK.X37A.EP.BDF.xml,regional_metadata,4615,12edde8da94079873af97f19cc0a548745034e4d5ac94603f44074f96e737130,Regional response StationXML
data/outputs/145_analyze_regional_detectability/response_cache/TA.KMSC.EP.BDF.xml,regional_metadata,4808,b98c11a8387449a2dcd312f3055149c9350654f6b205a3f72733c18155bc3c0e,Regional response StationXML
data/outputs/145_analyze_regional_detectability/response_cache/TA.L44A.EP.BDF.xml,regional_metadata,4818,8c3c42fd96fc518160feb98b72d168a20169cbf65228784a4c7c3d9950187e7e,Regional response StationXML
data/outputs/145_analyze_regional_detectability/response_cache/TA.L61B.EP.BDF.xml,regional_metadata,4794,3d82b28e62350fd3ea475ee9c783ef649f029ab9e7f0acab26c1a127bd127ac9,Regional response StationXML
data/outputs/145_analyze_regional_detectability/response_cache/TA.M53A.EP.BDF.xml,regional_metadata,4810,985c2544ec0416a34764b52ead9261ca48eab9b7c44af9dd506b904961326b24,Regional response StationXML
data/outputs/145_analyze_regional_detectability/response_cache/TA.M65A.EP.BDF.xml,regional_metadata,4705,320a1a874cc383619c15249e683a0fd78896513c8e0bdf6814313e477905a041,Regional response StationXML
data/outputs/145_analyze_regional_detectability/response_cache/TA.O48B.EP.BDF.xml,regional_metadata,4791,cdc91f862f3cf4b521b4adfc7d4dc6bfe5ff4b36d0f6e68edc8a11c6dc9defef,Regional response StationXML
data/outputs/145_analyze_regional_detectability/response_cache/TA.O53A.EP.BDF.xml,regional_metadata,4798,0dc14a9042b21dcb71adb367ea53692cbc89c278327258dfd3afbba27d57cfcf,Regional response StationXML
data/outputs/145_analyze_regional_detectability/response_cache/TA.P49A.EP.BDF.xml,regional_metadata,4813,ed342ad491f78559486c45c5cf13b6ea89c3bd51fa8ae71e47673d4d90bb15dc,Regional response StationXML
data/outputs/145_analyze_regional_detectability/response_cache/TA.P52A.EP.BDF.xml,regional_metadata,4785,1eb28b131f9f3f57b7676988b066be5dd4d9308aca6e48c6045ff1ee4d28c58f,Regional response StationXML
data/outputs/145_analyze_regional_detectability/response_cache/TA.SFIN.EP.BDF.xml,regional_metadata,4791,d2818e4d76725aed9b316466ae3b9330741c9691278d7750a6a2046e4a862ba6,Regional response StationXML
data/outputs/145_analyze_regional_detectability/response_cache/TA.TIGA.--.HHZ.xml,regional_metadata,12999,b252c7473247fa4caa0fdcc2e0e72158d79a49068cbbdba7a5cfe2638a57e8a3,Regional response StationXML
data/outputs/145_analyze_regional_detectability/response_cache/TA.TIGA.EP.BDF.xml,regional_metadata,4785,7211eb8ecde808db866b6f953e23cece7f9c2c461380ca97e7427b3f45cae6a9,Regional response StationXML
data/outputs/145_analyze_regional_detectability/response_cache/TA.TUL1.EP.BDF.xml,regional_metadata,4785,0d443969ae70c641c1040851370192bed923bdd1936e487c26de1ff1c0ef5dd7,Regional response StationXML
data/outputs/145_analyze_regional_detectability/response_cache/TA.WHTX.EP.BDF.xml,regional_metadata,4800,2209d6c68e24d5b82a00de6c369092d18676964c6a627b14e94100ad50c5021a,Regional response StationXML
data/outputs/145_analyze_regional_detectability/response_cache/US.GOGA.30.LDO.xml,regional_metadata,9086,79462d617c061073d9984b708fdf8f1a670aae8e351049baa175ef634bb48267,Regional response StationXML
data/outputs/145_analyze_regional_detectability/response_cache/US.NHSC.00.BHZ.xml,regional_metadata,11637,b559c17d04f008496858878178e438600a0f1cd7cb23410bd02f5a11a440d8c7,Regional response StationXML
data/outputs/145_analyze_regional_detectability/supplement_regional_station_audit.csv,derived,50270,a5f55bb20d8ea29aca58baa9c8f751a6080c1ecb08e01193133447fca35533c7,145_analyze_regional_detectability root tables/provenance
data/outputs/145_analyze_regional_detectability/supplement_regional_station_map.pdf,figures,129555,f77f1960a799d0f48ebf6029af9950928026f76b36a8bca84df114d884262465,145_analyze_regional_detectability root PDFs
data/outputs/145_analyze_regional_detectability/supplement_regional_station_map_best_candidates.pdf,figures,143834,b06bc590ffe22a5accf443ef123c06622a7ef39f8bd4970028c835f1d0b57529,145_analyze_regional_detectability root PDFs
data/outputs/145_analyze_regional_detectability/waveform_cache/CO.CSB.00.HHZ.mseed,regional_observations,314368,a9c0a1970849cd5ab8d7fe6c95ea2880441d0dcec9d9bf8b4d0124e8842204e9,Regional MiniSEED records
data/outputs/145_analyze_regional_detectability/waveform_cache/CO.HAW.00.HHZ.mseed,regional_observations,330752,cb73a0ed871fa01963a9d7ae89a50dac86d7596fe50b1283d66d6d1aea9c8f9e,Regional MiniSEED records
data/outputs/145_analyze_regional_detectability/waveform_cache/CO.SUMMV.00.HHZ.mseed,regional_observations,436736,9329ff51c778a3029b85fe6d0ca7bec89ffe8a57aae0393c43dea26a1eabbb14,Regional MiniSEED records
data/outputs/145_analyze_regional_detectability/waveform_cache/IM.I51H1.--.BDF.mseed,regional_observations,391168,f2160d101fd898f92dd1503513fbd77c5c8671c8c3b059e7546f1e379e04b087,Regional MiniSEED records
data/outputs/145_analyze_regional_detectability/waveform_cache/IM.I51H2.--.BDF.mseed,regional_observations,254976,8fdc07cfb663bde69ddf7cb9f02fa601ed7b2a754ffe511c0706003eaab3c9e2,Regional MiniSEED records
data/outputs/145_analyze_regional_detectability/waveform_cache/IM.I51H3.--.BDF.mseed,regional_observations,389120,fe2f0e69bafc509526a44cbda201a4f7fe81cbc97b3a0f592f527d8dfdafab5c,Regional MiniSEED records
data/outputs/145_analyze_regional_detectability/waveform_cache/IU.BBSR.30.LDO.mseed,regional_observations,7680,1742cfecd053905cf087883c890fbf2df41226b6e978b72e21133854f59a10e2,Regional MiniSEED records
data/outputs/145_analyze_regional_detectability/waveform_cache/IU.CCM.30.LDO.mseed,regional_observations,7680,7f324499e4ee637ec3a76440ebdaf8e296bbcb4a1a1b9d3d8be917c3d6393c9b,Regional MiniSEED records
data/outputs/145_analyze_regional_detectability/waveform_cache/IU.DWPF.10.BHZ.mseed,regional_observations,74752,20ee9c0875813cfeac8367e4275351c1457e4b4169e7c18bd0a97e20e8d16722,Regional MiniSEED records
data/outputs/145_analyze_regional_detectability/waveform_cache/IU.DWPF.30.LDO.mseed,regional_observations,2560,813631f27ac2019727fb0aca53557988c1e2389209a1dba090e27db562ce5f5a,Regional MiniSEED records
data/outputs/145_analyze_regional_detectability/waveform_cache/IU.HKT.30.LDO.mseed,regional_observations,7680,02d164ef717dc45478ecc1412ea95bde49d5846e6721a6aac5f6b20cb04f06bc,Regional MiniSEED records
data/outputs/145_analyze_regional_detectability/waveform_cache/IU.HRV.30.LDO.mseed,regional_observations,8704,81d9d65ca2c9f1466cf0faf33122fb76d738c93ba0d1888afc950526c518d763,Regional MiniSEED records
data/outputs/145_analyze_regional_detectability/waveform_cache/IU.SSPA.30.LDO.mseed,regional_observations,7168,fe8ffefa1de49769adb22afd1744bb2bd857c7269944b9ec1847b04a0d000e4c,Regional MiniSEED records
data/outputs/145_analyze_regional_detectability/waveform_cache/IU.TEIG.30.LDO.mseed,regional_observations,6144,a24cc2413b699f8c06687ac9a1c1e7407fdd8f73bec5c08c5af7fef782a73923,Regional MiniSEED records
data/outputs/145_analyze_regional_detectability/waveform_cache/IU.WCI.31.LDO.mseed,regional_observations,7168,52f8a22a4eca5e3d2c30c6d826276b5fe98f7f9da90dd95a21dc4b30690851dd,Regional MiniSEED records
data/outputs/145_analyze_regional_detectability/waveform_cache/IU.WVT.30.LDO.mseed,regional_observations,5632,209170232e4bb2cfd02797100432ed954aa3ca89bb54c9ff7655f3bf16c8dc9d,Regional MiniSEED records
data/outputs/145_analyze_regional_detectability/waveform_cache/LD.GEDE.EP.BDF.mseed,regional_observations,822784,f9cfb784385805ded4672287a7647617f076a175b8278241f4b4de427e6afcb9,Regional MiniSEED records
data/outputs/145_analyze_regional_detectability/waveform_cache/LD.MIDE.EP.BDF.mseed,regional_observations,761856,a9d54de34814df175f1324fccf4ee7524ff87bc518d0eca061116f9a60ba06fe,Regional MiniSEED records
data/outputs/145_analyze_regional_detectability/waveform_cache/N4.060A.--.HHZ.mseed,regional_observations,430080,ce23649b0cbe45366529c328b98ad0c8da5d4e943c9a23617288220cdd62debf,Regional MiniSEED records
data/outputs/145_analyze_regional_detectability/waveform_cache/N4.060A.EP.BDF.mseed,regional_observations,304128,95b2a966e052b26e60a4c692f2ca8e0d66d5f6380dfefccfe7efa6b5c49adc45,Regional MiniSEED records
data/outputs/145_analyze_regional_detectability/waveform_cache/N4.061Z.--.HHZ.mseed,regional_observations,492032,6055ab78870587ca95db6f8f562341205d7e4be82ee0e435014625fef73d82ff,Regional MiniSEED records
data/outputs/145_analyze_regional_detectability/waveform_cache/N4.061Z.EP.BDF.mseed,regional_observations,249856,d9a49fa14e78e23ed7ce092b0d52922b66caf8ac0afe333d73bd7f2e75b18f15,Regional MiniSEED records
data/outputs/145_analyze_regional_detectability/waveform_cache/N4.143B.EP.BDF.mseed,regional_observations,461824,9f60452123dd984d6606b78ef49dacef9ee5363e68a8645beae5334370115aa7,Regional MiniSEED records
data/outputs/145_analyze_regional_detectability/waveform_cache/N4.146B.EP.BDF.mseed,regional_observations,490496,f513fe09017de57bfac1a0b1d123036fba56dfc0192ef07a29f82c946d94919c,Regional MiniSEED records
data/outputs/145_analyze_regional_detectability/waveform_cache/N4.152A.EP.BDF.mseed,regional_observations,382464,51742fca6c085e1307cfe128abd994fcd6f3b0f30b7b124afb53e7356b189a2a,Regional MiniSEED records
data/outputs/145_analyze_regional_detectability/waveform_cache/N4.154A.--.HHZ.mseed,regional_observations,451584,fa4e67827df8acd47be3a962de7f19a863dadf988ebc0f418520e51574231e9d,Regional MiniSEED records
data/outputs/145_analyze_regional_detectability/waveform_cache/N4.154A.EP.BDF.mseed,regional_observations,385536,2ef30b09abfbfe1e13c9f2313b7f20e946d0d6a5b7525c97f3f6c0c50b171320,Regional MiniSEED records
data/outputs/145_analyze_regional_detectability/waveform_cache/N4.237B.EP.BDF.mseed,regional_observations,882688,a96ccce280b43be717407ee60bfba4e243d110d481b8e8d513d1f530262292a6,Regional MiniSEED records
data/outputs/145_analyze_regional_detectability/waveform_cache/N4.250A.EP.BDF.mseed,regional_observations,359936,1456f09388621e0ee26a2b88ec459fe2f7605d5c00c188ea3655993288fcf764,Regional MiniSEED records
data/outputs/145_analyze_regional_detectability/waveform_cache/N4.255A.--.HHZ.mseed,regional_observations,509440,7a60d640fc8b85ea1c81ec57ce5c56e636359c03fbf749efdf6b0b4371d7087e,Regional MiniSEED records
data/outputs/145_analyze_regional_detectability/waveform_cache/N4.255A.EP.BDF.mseed,regional_observations,348672,85f41b22902ae8b045d470d9c6c057603d013014c55825d3a374d68a44621754,Regional MiniSEED records
data/outputs/145_analyze_regional_detectability/waveform_cache/N4.257A.--.HHZ.mseed,regional_observations,574464,35f063aff644b008262d998201674565f9a3bb1e38d0102979f6eff553ba1fec,Regional MiniSEED records
data/outputs/145_analyze_regional_detectability/waveform_cache/N4.257A.EP.BDF.mseed,regional_observations,367616,4c93e6052ab9a335d6a8b1dd907c765c659dc35adc0cabb0bc84bc2ec4931598,Regional MiniSEED records
data/outputs/145_analyze_regional_detectability/waveform_cache/N4.342B.EP.BDF.mseed,regional_observations,713728,8097614d964240c1d3cabbcfea39516b9293181106df89d37a0b064282261840,Regional MiniSEED records
data/outputs/145_analyze_regional_detectability/waveform_cache/N4.344B.EP.BDF.mseed,regional_observations,336896,e165b359442d2491991d8234d72ecc3a791731b5581d0679f6fc77cc233e9412,Regional MiniSEED records
data/outputs/145_analyze_regional_detectability/waveform_cache/N4.346B.EP.BDF.mseed,regional_observations,559104,375556c7be8525195fab5dda1f18a24de346e570ae2bd7118bb6e05315471bc6,Regional MiniSEED records
data/outputs/145_analyze_regional_detectability/waveform_cache/N4.352A.--.HHZ.mseed,regional_observations,501248,5dd034fb508d9feb6ae082c22599286544d4ef90883c825596f256feab82ef24,Regional MiniSEED records
data/outputs/145_analyze_regional_detectability/waveform_cache/N4.352A.EP.BDF.mseed,regional_observations,322048,3f6f08182f902487b3aa902006780ac2e6abd962bf606f501a885f583b0923da,Regional MiniSEED records
data/outputs/145_analyze_regional_detectability/waveform_cache/N4.441B.EP.BDF.mseed,regional_observations,752640,80d81d1c200cad3f229aacb38b431db99cb401cfda252dfac7cedf91afd0f83d,Regional MiniSEED records
data/outputs/145_analyze_regional_detectability/waveform_cache/N4.451A.--.HHZ.mseed,regional_observations,552448,e742578f084eeda256c8f672a48f81365e6731ddb6e62ec10026eec6a8cbecd9,Regional MiniSEED records
data/outputs/145_analyze_regional_detectability/waveform_cache/N4.451A.EP.BDF.mseed,regional_observations,339968,f74902839a7c2edd029e01fa6df8e076f26a459afdf9d043e383ca368716154e,Regional MiniSEED records
data/outputs/145_analyze_regional_detectability/waveform_cache/N4.456A.--.HHZ.mseed,regional_observations,548864,cb9a94fe61814ce9688231fa8a2c4be332b2c5af0e7a57d149e95675b80b922a,Regional MiniSEED records
data/outputs/145_analyze_regional_detectability/waveform_cache/N4.456A.EP.BDF.mseed,regional_observations,286720,38d77a128d16f1c7a1e8bf93df2d2f44bcfde5bf8705d1d040f0662d023a68ef,Regional MiniSEED records
data/outputs/145_analyze_regional_detectability/waveform_cache/N4.545B.EP.BDF.mseed,regional_observations,544768,c55062f895c842843e8e34eb3a8f98e74b8c24b7fa4a1d1cc6d3ddd1aa7e826c,Regional MiniSEED records
data/outputs/145_analyze_regional_detectability/waveform_cache/N4.656A.--.HHZ.mseed,regional_observations,507904,78a566bf9d1d44718bc9e5e0daee7585f4186962fac9767038e688ba1751c679,Regional MiniSEED records
data/outputs/145_analyze_regional_detectability/waveform_cache/N4.656A.EP.BDF.mseed,regional_observations,262144,e24af4a50799693569412c036936be44ec96c0e4c1543d99992ea63782b9cc2c,Regional MiniSEED records
data/outputs/145_analyze_regional_detectability/waveform_cache/N4.735B.EP.BDF.mseed,regional_observations,617984,af129767a546f96d29aaaab32b92e4833deb4babb9faa47ebc345a545125986a,Regional MiniSEED records
data/outputs/145_analyze_regional_detectability/waveform_cache/N4.I45A.EP.BDF.mseed,regional_observations,801792,8b57201831a7abce1d85aeadbfcc4da33e0fc107d25c210b2e6a3a37e27f7199,Regional MiniSEED records
data/outputs/145_analyze_regional_detectability/waveform_cache/N4.I49A.EP.BDF.mseed,regional_observations,965120,da32630994a3ba7e7fa065b2722fa89af52c51e2ea27b9dd1d45d99920f4a7c5,Regional MiniSEED records
data/outputs/145_analyze_regional_detectability/waveform_cache/N4.J47A.EP.BDF.mseed,regional_observations,665088,f69194590954fd78a7607c355ed834462d1f70a750e76c4047c47293a6015318,Regional MiniSEED records
data/outputs/145_analyze_regional_detectability/waveform_cache/N4.J54A.EP.BDF.mseed,regional_observations,839680,e0a0fd95c64d6fa8373d524ab5d428413ae910e8ad5360dfee1855433ffa8f14,Regional MiniSEED records
data/outputs/145_analyze_regional_detectability/waveform_cache/N4.J55A.EP.BDF.mseed,regional_observations,994816,93bc9d2af7a11722eda875c0056fdcad92493644607eb5f0e804319af71a9f05,Regional MiniSEED records
data/outputs/145_analyze_regional_detectability/waveform_cache/N4.J56A.EP.BDF.mseed,regional_observations,824320,dbd4c050865371ad70d16236cc3527968fa52585cd2400bbd6490efd2fb1c1fd,Regional MiniSEED records
data/outputs/145_analyze_regional_detectability/waveform_cache/N4.J57A.EP.BDF.mseed,regional_observations,851968,6e7691471e45c34d7c88ef1f7a6f64a8e82d14155f90b59ec0b86181c3f35ea7,Regional MiniSEED records
data/outputs/145_analyze_regional_detectability/waveform_cache/N4.J58A.EP.BDF.mseed,regional_observations,1035776,b2639c324f2a129968d0e91225200e71b37d43cdd85beabcd66b938647a73fe5,Regional MiniSEED records
data/outputs/145_analyze_regional_detectability/waveform_cache/N4.J59A.EP.BDF.mseed,regional_observations,425984,1af99794e4fd31b438fa20243b817885781405c365aa641f08e0ea9a15c1e1d6,Regional MiniSEED records
data/outputs/145_analyze_regional_detectability/waveform_cache/N4.J61A.EP.BDF.mseed,regional_observations,426496,19319edc8005047ad16ac4cadede191938297b1fc194eec874c55ed76d66f984,Regional MiniSEED records
data/outputs/145_analyze_regional_detectability/waveform_cache/N4.K43A.EP.BDF.mseed,regional_observations,1061888,3fc7d90b2f2b89257b78a673a3966a15a77d5b99b18afd15622ba19521424d22,Regional MiniSEED records
data/outputs/145_analyze_regional_detectability/waveform_cache/N4.K50A.EP.BDF.mseed,regional_observations,342528,19ed4d30490814f96da01ef6c34f77ea06661e9770a9eea63ad828f743b53ab9,Regional MiniSEED records
data/outputs/145_analyze_regional_detectability/waveform_cache/N4.K57A.EP.BDF.mseed,regional_observations,939520,6f7537fd87586217a7459c0d97e9ba1dcbea2626320ce80853e0962b6f2d38a7,Regional MiniSEED records
data/outputs/145_analyze_regional_detectability/waveform_cache/N4.K62A.EP.BDF.mseed,regional_observations,986112,c292e27c17518b6545863a821c39a6e1ffc6f3cc42704b5c8c4b2bf84a83c967,Regional MiniSEED records
data/outputs/145_analyze_regional_detectability/waveform_cache/N4.L40A.EP.BDF.mseed,regional_observations,904192,1c08e53fad8a596b0a8d2e5a4b09c9c5200c9b2adf1f72da135a576e3e57cb69,Regional MiniSEED records
data/outputs/145_analyze_regional_detectability/waveform_cache/N4.L42A.EP.BDF.mseed,regional_observations,1053184,ec87186cabb1ef79d9e56cba88c0952d812f36e5e1fbdaf6bcf0e003158b84fa,Regional MiniSEED records
data/outputs/145_analyze_regional_detectability/waveform_cache/N4.L48A.EP.BDF.mseed,regional_observations,794624,730823883617974c03db7ec0a3d79b7fbde333fd080860ebfde3b3324968dc1f,Regional MiniSEED records
data/outputs/145_analyze_regional_detectability/waveform_cache/N4.L56A.EP.BDF.mseed,regional_observations,941056,29d8750664bddafd039a79edadd276af20c3b0e68f7ae6ed5428a4af3f6c3958,Regional MiniSEED records
data/outputs/145_analyze_regional_detectability/waveform_cache/N4.L59A.EP.BDF.mseed,regional_observations,509952,68b0c8725bdd89ccfb1456a722ee38bd558a998138ea100a808698c8c90c191a,Regional MiniSEED records
data/outputs/145_analyze_regional_detectability/waveform_cache/N4.L64A.EP.BDF.mseed,regional_observations,1020416,f40d1cbbe67c55264370af584a457c840829c020f59df212e05b640f74c32977,Regional MiniSEED records
data/outputs/145_analyze_regional_detectability/waveform_cache/N4.M44A.EP.BDF.mseed,regional_observations,974848,1ab9fa8f892676c4727dd4c08f04dfec67c04ae27539c21e5eb4f3a6a2691b54,Regional MiniSEED records
data/outputs/145_analyze_regional_detectability/waveform_cache/N4.M50A.EP.BDF.mseed,regional_observations,894976,693553a6262cf01c6ade36d73036c7860ab193557731bdea8e875cfc4254232c,Regional MiniSEED records
data/outputs/145_analyze_regional_detectability/waveform_cache/N4.M52A.EP.BDF.mseed,regional_observations,373248,034bb42d154e8b943ce7c9e64c0d6a9e06dc27454482d5117722e87300fd40ad,Regional MiniSEED records
data/outputs/145_analyze_regional_detectability/waveform_cache/N4.M55A.EP.BDF.mseed,regional_observations,524288,cd5390fcf721c623ae3573eadafe84e84916728ad6acd9c04a930439c75ed5f6,Regional MiniSEED records
data/outputs/145_analyze_regional_detectability/waveform_cache/N4.M57A.EP.BDF.mseed,regional_observations,493056,610ebb7a75695b71f2427a83d5c6aa1e556c26d0afc06c5e9269be29cb5132f6,Regional MiniSEED records
data/outputs/145_analyze_regional_detectability/waveform_cache/N4.M63A.EP.BDF.mseed,regional_observations,412160,9d8c7152476858b4384e739e4f39c0e8f78a05e178fdf4193df3f63ff0bd7102,Regional MiniSEED records
data/outputs/145_analyze_regional_detectability/waveform_cache/N4.N38B.EP.BDF.mseed,regional_observations,870912,348b40381da8ec8ba283f14285b958fef4389ef44c0e26e2e2342ed1fe2f57b8,Regional MiniSEED records
data/outputs/145_analyze_regional_detectability/waveform_cache/N4.N41A.EP.BDF.mseed,regional_observations,455168,1f3fe132094cce354303febb34e68e1d7f215e63a0abc4aba7abaea01953d196,Regional MiniSEED records
data/outputs/145_analyze_regional_detectability/waveform_cache/N4.N47A.EP.BDF.mseed,regional_observations,888832,0e5e1f6c9bfd913d1edc1468eb218f85d03ea82844c7e34a6863dda0602ae269,Regional MiniSEED records
data/outputs/145_analyze_regional_detectability/waveform_cache/N4.N49A.EP.BDF.mseed,regional_observations,728064,5441a43f7b8ab68b796cd53cbd03e19ded38bfed14d03233a95ad33006c3d419,Regional MiniSEED records
data/outputs/145_analyze_regional_detectability/waveform_cache/N4.N51A.EP.BDF.mseed,regional_observations,345088,dd8a35fd0cf180052b07ae49d8a0c16cb122dc64e2a254281f7d134cd365d673,Regional MiniSEED records
data/outputs/145_analyze_regional_detectability/waveform_cache/N4.N53A.EP.BDF.mseed,regional_observations,842752,430cffce43d1f2ebdb50a48f9b92d9df4dd154785535ef1902cd9eb37365cc8e,Regional MiniSEED records
data/outputs/145_analyze_regional_detectability/waveform_cache/N4.N58A.EP.BDF.mseed,regional_observations,867328,5c99d83d9971d8c1275efab1d17b6f3e4bc544c3aa8a08e7ffb3dc9b42968c49,Regional MiniSEED records
data/outputs/145_analyze_regional_detectability/waveform_cache/N4.N62A.EP.BDF.mseed,regional_observations,943104,0cf294679ee078ca8e7c010e6aa46ed01e414e12bfbb63d31ae0b3c4df90c520,Regional MiniSEED records
data/outputs/145_analyze_regional_detectability/waveform_cache/N4.O44A.EP.BDF.mseed,regional_observations,736256,c717ed57ac59ef015b3fc71966d819607a0935d11895dc06418b55b28e6ccb4f,Regional MiniSEED records
data/outputs/145_analyze_regional_detectability/waveform_cache/N4.O49A.EP.BDF.mseed,regional_observations,1118720,2a207c93a1411c0a9115dee70f7ac0e536c4917d21e8a65357205e93c3a4c073,Regional MiniSEED records
data/outputs/145_analyze_regional_detectability/waveform_cache/N4.O52A.EP.BDF.mseed,regional_observations,781824,85bdb760b2b0d9f3079f9d1cf43ccb0c95ce6f12ea072b7f9dc456adabd1f7fe,Regional MiniSEED records
data/outputs/145_analyze_regional_detectability/waveform_cache/N4.O54A.EP.BDF.mseed,regional_observations,795648,904eb5ac0453563bec6ef0877189f29c7b64f2400c2124850e66bbdd78ef12c3,Regional MiniSEED records
data/outputs/145_analyze_regional_detectability/waveform_cache/N4.P38B.EP.BDF.mseed,regional_observations,610304,b780023234ee52d9f5e571774be1fc5b35bd350395460c8a6fd69f35a2f60a98,Regional MiniSEED records
data/outputs/145_analyze_regional_detectability/waveform_cache/N4.P40B.EP.BDF.mseed,regional_observations,948224,971fb9d7a3c96524f355d7514c75a6de62db7edbfb7ff4dc593a7cf9a6fc71ec,Regional MiniSEED records
data/outputs/145_analyze_regional_detectability/waveform_cache/N4.P43A.EP.BDF.mseed,regional_observations,708608,b6da7f405273633e00b5460898ec32269a082da45c06412265019b7704cfbad8,Regional MiniSEED records
data/outputs/145_analyze_regional_detectability/waveform_cache/N4.P46A.EP.BDF.mseed,regional_observations,668160,b211a38c86f8e4b39d71d7b84f518f8db47b9f29a3eac4cb0d611e908dd2a276,Regional MiniSEED records
data/outputs/145_analyze_regional_detectability/waveform_cache/N4.P48A.EP.BDF.mseed,regional_observations,293376,59ec39af087b2958af7d730b9227ddb84eb411f974ccd80746e4ef3a4820747c,Regional MiniSEED records
data/outputs/145_analyze_regional_detectability/waveform_cache/N4.P51A.EP.BDF.mseed,regional_observations,697856,91583d87be9099bd4f43839685b3a4747d21d0a3e044f6cef1c1a7af27573805,Regional MiniSEED records
data/outputs/145_analyze_regional_detectability/waveform_cache/N4.P53A.EP.BDF.mseed,regional_observations,757248,d9c4fdcb64269d51ea2b25e7c3b4ea48344e83f4f57e707f2327fa28adffb447,Regional MiniSEED records
data/outputs/145_analyze_regional_detectability/waveform_cache/N4.P57A.EP.BDF.mseed,regional_observations,769024,5b526fff7a7d4fc5e3ad4309483919a7ad5fb121a6585b4da906b3aa0c58b201,Regional MiniSEED records
data/outputs/145_analyze_regional_detectability/waveform_cache/N4.P61A.EP.BDF.mseed,regional_observations,835584,da761308f36b6f40ac1eb6a141ce1ec5bc8ef116f4e955d43e26ff99d0c61fd1,Regional MiniSEED records
data/outputs/145_analyze_regional_detectability/waveform_cache/N4.Q44B.EP.BDF.mseed,regional_observations,848896,711aae247b59bad63e917fcdbb352566611de4f5ad208bdba5fa95a1e7f10ff9,Regional MiniSEED records
data/outputs/145_analyze_regional_detectability/waveform_cache/N4.Q51A.EP.BDF.mseed,regional_observations,638976,4613d0e6fbe0abc95cf919c46c4020cb6e3007e4cb54f1d417e362f13f84c99a,Regional MiniSEED records
data/outputs/145_analyze_regional_detectability/waveform_cache/N4.Q52A.EP.BDF.mseed,regional_observations,581120,0e7d2bcb1b5d9756f950b806a5c727dd51d5030afb90a2b22c4be939b7c9e540,Regional MiniSEED records
data/outputs/145_analyze_regional_detectability/waveform_cache/N4.Q54A.EP.BDF.mseed,regional_observations,576000,3799099d0a7840cebe1811248f048d4aae82dfaba0c8481260cd5e28dd341fc3,Regional MiniSEED records
data/outputs/145_analyze_regional_detectability/waveform_cache/N4.Q56A.EP.BDF.mseed,regional_observations,630784,21a7dfbbc31a877930ce2c96c51835bbabcf90f7164d441cbd282cff8eb1cb49,Regional MiniSEED records
data/outputs/145_analyze_regional_detectability/waveform_cache/N4.R40B.EP.BDF.mseed,regional_observations,537088,7b57353642a5ae2c3cf89238f736192fef0967c2d4ddf2b689d8223793a38e44,Regional MiniSEED records
data/outputs/145_analyze_regional_detectability/waveform_cache/N4.R49A.EP.BDF.mseed,regional_observations,689152,3154adc7e6a969df115b9e71976e5b6d0792c7ba79b9156d2c719d0e8e301468,Regional MiniSEED records
data/outputs/145_analyze_regional_detectability/waveform_cache/N4.R50A.EP.BDF.mseed,regional_observations,695808,8e93b7e9f8b7c68d7b12487516ca4d0496996856b0165c4b3837ea366d03e5ad,Regional MiniSEED records
data/outputs/145_analyze_regional_detectability/waveform_cache/N4.R53A.EP.BDF.mseed,regional_observations,653824,16c1ec4c76785aa959c5be32a7de77ddc4a3c4aff650284cd34dd59e3b7a9f68,Regional MiniSEED records
data/outputs/145_analyze_regional_detectability/waveform_cache/N4.R55A.EP.BDF.mseed,regional_observations,479232,4568279a026b02e918cf00c3d62ed7d73c2206853848b43757a7ef7f84470ae1,Regional MiniSEED records
data/outputs/145_analyze_regional_detectability/waveform_cache/N4.R58B.EP.BDF.mseed,regional_observations,649216,3e6e526b782545fe9ccce66cf7568b0d418b6b2e183789a0d9522287976bee2c,Regional MiniSEED records
data/outputs/145_analyze_regional_detectability/waveform_cache/N4.R61A.EP.BDF.mseed,regional_observations,709120,96ddfc1b83d6a51b9a69f959dff2643db3b74ec2a20fc5ba0947ba5795458bd9,Regional MiniSEED records
data/outputs/145_analyze_regional_detectability/waveform_cache/N4.S39B.EP.BDF.mseed,regional_observations,668672,306c23a3efff47f95f8f5ab2a012362a5e23d950daa34a5e5a970028125fe191,Regional MiniSEED records
data/outputs/145_analyze_regional_detectability/waveform_cache/N4.S44A.EP.BDF.mseed,regional_observations,806400,88ebcf15671c83fdc9e2efe3368f2e89ae61594115c36c5ffd6274430077da77,Regional MiniSEED records
data/outputs/145_analyze_regional_detectability/waveform_cache/N4.S51A.EP.BDF.mseed,regional_observations,408064,7bc1a1a4321d0fd693261ed053dae087286fd34f5f189bb51be9a3400c4349c8,Regional MiniSEED records
data/outputs/145_analyze_regional_detectability/waveform_cache/N4.S54A.EP.BDF.mseed,regional_observations,554496,fc600700af3ae0bc12cc07c4f71787e1666066971115a0c7c5243726aaae1d3c,Regional MiniSEED records
data/outputs/145_analyze_regional_detectability/waveform_cache/N4.S57A.EP.BDF.mseed,regional_observations,610304,e3d7409a6008c155cf820d3b09dc0fd088b5e3ef5fb2a19bb70b6d428a5b8ea6,Regional MiniSEED records
data/outputs/145_analyze_regional_detectability/waveform_cache/N4.S61A.EP.BDF.mseed,regional_observations,692224,3dacd79bf13ffb7f245e1d161639ee2209e229be047b2f7bbd2b82e18822bd9b,Regional MiniSEED records
data/outputs/145_analyze_regional_detectability/waveform_cache/N4.T35B.EP.BDF.mseed,regional_observations,1041408,50b709c65e5756d0b059ef6b477e50b284f09d7bd9fb9700efad348e0ded26cc,Regional MiniSEED records
data/outputs/145_analyze_regional_detectability/waveform_cache/N4.T45B.EP.BDF.mseed,regional_observations,419328,2fbb0954eb3a5bda4eadf05f379438bf012792b2572673b78af2c03b0b0522a6,Regional MiniSEED records
data/outputs/145_analyze_regional_detectability/waveform_cache/N4.T47A.EP.BDF.mseed,regional_observations,573952,015b22e74ca5aa186b2b2e0183fe619019958d00bc63417608346bca316567f0,Regional MiniSEED records
data/outputs/145_analyze_regional_detectability/waveform_cache/N4.T50A.EP.BDF.mseed,regional_observations,434176,c9c060d3920780d1879fbe8a3c8585a7f16d5b9226f151ae0ccac3f58786a1e1,Regional MiniSEED records
data/outputs/145_analyze_regional_detectability/waveform_cache/N4.T57A.EP.BDF.mseed,regional_observations,568832,7f615dde9f8104adb8d4edaf8d57a604e6084e35e7f3de6539dc5b9382ef266d,Regional MiniSEED records
data/outputs/145_analyze_regional_detectability/waveform_cache/N4.T59A.EP.BDF.mseed,regional_observations,605696,f17a9e767f07be3157ab336c7d87789066b93d0e14b8077e471d0bc6864174dc,Regional MiniSEED records
data/outputs/145_analyze_regional_detectability/waveform_cache/N4.T60A.EP.BDF.mseed,regional_observations,588288,f6bfd00eadcc79f2d7a1d1df4f5cef75bde37856a48a2efcc1c59f01ff97bbb1,Regional MiniSEED records
data/outputs/145_analyze_regional_detectability/waveform_cache/N4.U38B.EP.BDF.mseed,regional_observations,605696,7c33c79c8d3a5a76b99ca68cb34c122e7a72047b2f8e3068fe38ef56de8fbede,Regional MiniSEED records
data/outputs/145_analyze_regional_detectability/waveform_cache/N4.U49A.EP.BDF.mseed,regional_observations,564224,13f025acce89f553dcf663f1285ec12b44baa79fca58ceb4464a18b1a011f8f8,Regional MiniSEED records
data/outputs/145_analyze_regional_detectability/waveform_cache/N4.U54A.EP.BDF.mseed,regional_observations,482304,3232eb8cef902ddfea86272085b1bfed95a090ba6f295baf9fcb2cf40d9919d9,Regional MiniSEED records
data/outputs/145_analyze_regional_detectability/waveform_cache/N4.U56A.EP.BDF.mseed,regional_observations,330752,9b3f8f035b9f8a87951ed58fe6b59aaf4ca91d7f782d5725189f675fb954cb8e,Regional MiniSEED records
data/outputs/145_analyze_regional_detectability/waveform_cache/N4.U59A.EP.BDF.mseed,regional_observations,479232,c94e08e344ea761c40c73cc240f3eef3cf4f8688a95e7500aee71d8251612ac3,Regional MiniSEED records
data/outputs/145_analyze_regional_detectability/waveform_cache/N4.V48A.EP.BDF.mseed,regional_observations,612352,1828eaf843b9202746fb5421875114219dc194b53540481c29a03e25e3fc8e34,Regional MiniSEED records
data/outputs/145_analyze_regional_detectability/waveform_cache/N4.V51A.EP.BDF.mseed,regional_observations,549376,6840d4086b62c428fc5c92cd92d5ff3f6c493675e9c8b8987112c0a4a244567c,Regional MiniSEED records
data/outputs/145_analyze_regional_detectability/waveform_cache/N4.V52A.EP.BDF.mseed,regional_observations,368128,a886e2ad97f3ae052c25ea913f1134f8e5b816e9227acd963c7f99aff62c5cc7,Regional MiniSEED records
data/outputs/145_analyze_regional_detectability/waveform_cache/N4.V53A.EP.BDF.mseed,regional_observations,472064,035db24ef9c48f451b3dc47007c702efebad216a4c7c656f7efe90f3442661f6,Regional MiniSEED records
data/outputs/145_analyze_regional_detectability/waveform_cache/N4.V55A.EP.BDF.mseed,regional_observations,504832,0e7c52fde6b9160dbff1a7940f748b0efc98513fc7dc998cbff8d5de150c2b08,Regional MiniSEED records
data/outputs/145_analyze_regional_detectability/waveform_cache/N4.V58A.EP.BDF.mseed,regional_observations,237568,8b3266540b7ac7625c762fa2ff1f0f4327467efe475302e2103e370c37d33327,Regional MiniSEED records
data/outputs/145_analyze_regional_detectability/waveform_cache/N4.V61A.EP.BDF.mseed,regional_observations,516608,e6b161984dcc9bd09b6b76c0da7fd8c01b9becdc0bbbd288eb908413e0e05dfa,Regional MiniSEED records
data/outputs/145_analyze_regional_detectability/waveform_cache/N4.W45B.EP.BDF.mseed,regional_observations,598016,718bc60be2922fb92cea99432dffe97cca723df8ec5ada85660a5104dd937a27,Regional MiniSEED records
data/outputs/145_analyze_regional_detectability/waveform_cache/N4.W50A.EP.BDF.mseed,regional_observations,285184,69702b095e1235c23a82e86586bf2f7395d5f0e5cc11f12e8db4dba1c5c12bd3,Regional MiniSEED records
data/outputs/145_analyze_regional_detectability/waveform_cache/N4.W52A.EP.BDF.mseed,regional_observations,427520,f817f282c54b319ca198191be6fc936a3e58a685e7202ba287e320cd55515cad,Regional MiniSEED records
data/outputs/145_analyze_regional_detectability/waveform_cache/N4.W57A.EP.BDF.mseed,regional_observations,415744,c5754fa9ae6b4b4f89d537f4c7a2707a20056c47dd61b1061ac2a851df638c0d,Regional MiniSEED records
data/outputs/145_analyze_regional_detectability/waveform_cache/N4.X48A.EP.BDF.mseed,regional_observations,562688,f7d83307cce10d68583a310a1405d5bb9cced874451a93cda3290bad7b485e8b,Regional MiniSEED records
data/outputs/145_analyze_regional_detectability/waveform_cache/N4.X51A.EP.BDF.mseed,regional_observations,438272,daab98055326a41feb659a75cd89b49cd5df89c88666130aa4745af6f5e69095,Regional MiniSEED records
data/outputs/145_analyze_regional_detectability/waveform_cache/N4.X58A.EP.BDF.mseed,regional_observations,433664,739b3008ddbec11542c9c3d053df5409578b895bc563fc58c75fc71d8d4609be,Regional MiniSEED records
data/outputs/145_analyze_regional_detectability/waveform_cache/N4.Y45B.EP.BDF.mseed,regional_observations,515072,d8f399acb536ccdee21169cb981724f4872cb3d64a9043c840cad26c2e6f1548,Regional MiniSEED records
data/outputs/145_analyze_regional_detectability/waveform_cache/N4.Y49A.EP.BDF.mseed,regional_observations,464896,9b8211725e23a69f6650d57b3294f4ea83b5195a94eec53195da549aabde5d68,Regional MiniSEED records
data/outputs/145_analyze_regional_detectability/waveform_cache/N4.Y52A.EP.BDF.mseed,regional_observations,430080,cd7ed6037b3e2c628482909f323758884ca45bd5afd5fec20459a65f3e96eb0b,Regional MiniSEED records
data/outputs/145_analyze_regional_detectability/waveform_cache/N4.Y57A.EP.BDF.mseed,regional_observations,424448,bccb65789af3340e7daeac8031364feb19215b014cf6eacdacd6b6894093338f,Regional MiniSEED records
data/outputs/145_analyze_regional_detectability/waveform_cache/N4.Y58A.EP.BDF.mseed,regional_observations,394240,17d255da916415f17838f35c061201e66f001ee20aaf5c4da69dce823edd4983,Regional MiniSEED records
data/outputs/145_analyze_regional_detectability/waveform_cache/N4.Y59A.EP.BDF.mseed,regional_observations,276992,04a7207cdca871cb03fca8de42d64cacde08d37bdccf541b2565d5ab99c08e4f,Regional MiniSEED records
data/outputs/145_analyze_regional_detectability/waveform_cache/N4.Y60A.EP.BDF.mseed,regional_observations,428032,a30b86b0a69fa8f36c8de336d323ead4f6aef5adfa6618a7a288aee8e5ca418b,Regional MiniSEED records
data/outputs/145_analyze_regional_detectability/waveform_cache/N4.Z35B.EP.BDF.mseed,regional_observations,1041408,69511ea4f2a614b11fd355c873e19c7e6f72e18e1d264ff49af5cbfc3d1d329e,Regional MiniSEED records
data/outputs/145_analyze_regional_detectability/waveform_cache/N4.Z38B.EP.BDF.mseed,regional_observations,369664,294a2e375c3cc946cb7c489f51e5098dfd3dbac80006ac3493bc6781108a87b9,Regional MiniSEED records
data/outputs/145_analyze_regional_detectability/waveform_cache/N4.Z47B.EP.BDF.mseed,regional_observations,335360,c56c5c3d217727f9925a01f161f681754260628e94cd8139f761df571178548e,Regional MiniSEED records
data/outputs/145_analyze_regional_detectability/waveform_cache/N4.Z51A.EP.BDF.mseed,regional_observations,411648,4727d467d5a5e04099cae0b6109108ea0e8f0ad41224f0bbc6f2b76704bc98a5,Regional MiniSEED records
data/outputs/145_analyze_regional_detectability/waveform_cache/OK.X37A.EP.BDF.mseed,regional_observations,872960,d0f54ca7e8df787983018e3b7f1ed45db97c6bf8e8a2a60c230624bf7f56ba24,Regional MiniSEED records
data/outputs/145_analyze_regional_detectability/waveform_cache/TA.KMSC.EP.BDF.mseed,regional_observations,452608,0401338e09c397aa6c552e57edba09ad11a90548f01233810fafcdfbc35e90c4,Regional MiniSEED records
data/outputs/145_analyze_regional_detectability/waveform_cache/TA.L44A.EP.BDF.mseed,regional_observations,1025024,8cccd7b49e7d1121796a191086703930ac80a535239b672f178601ab6a89b00c,Regional MiniSEED records
data/outputs/145_analyze_regional_detectability/waveform_cache/TA.L61B.EP.BDF.mseed,regional_observations,931328,a9a559ac4a819ce69bf597d51c75f08cb4e20e4da18d44be66d0d48d70223a63,Regional MiniSEED records
data/outputs/145_analyze_regional_detectability/waveform_cache/TA.M53A.EP.BDF.mseed,regional_observations,879616,bf757058af356220cd0cd4f88ef330a1a3cae4b94f24dd4c01180be174f368f9,Regional MiniSEED records
data/outputs/145_analyze_regional_detectability/waveform_cache/TA.M65A.EP.BDF.mseed,regional_observations,918528,7a4e9eab7cf09a97a6b2783b62533cca3044e8cf6332a7d811e876dc1b508a46,Regional MiniSEED records
data/outputs/145_analyze_regional_detectability/waveform_cache/TA.O48B.EP.BDF.mseed,regional_observations,680960,716306a10d2793f9ecb0723a080ab6457da329742e464e1756f4852a1184e802,Regional MiniSEED records
data/outputs/145_analyze_regional_detectability/waveform_cache/TA.O53A.EP.BDF.mseed,regional_observations,790528,a2f2b82035bb920858dcb75de47aa5993d4d92b68efc13bedd78eac7cd26b8bd,Regional MiniSEED records
data/outputs/145_analyze_regional_detectability/waveform_cache/TA.P49A.EP.BDF.mseed,regional_observations,507904,6523a410a974834cfda8f8145f75fbbe8bb621f02db979c48680c3728881accd,Regional MiniSEED records
data/outputs/145_analyze_regional_detectability/waveform_cache/TA.P52A.EP.BDF.mseed,regional_observations,688128,59fc15bb0f30d112dfffb9618743149de029232bc4ccc28177f42e48d90e35e4,Regional MiniSEED records
data/outputs/145_analyze_regional_detectability/waveform_cache/TA.SFIN.EP.BDF.mseed,regional_observations,774144,f02bc8d9c60f8a733fb304674d444cca4d8bbfe76c3faf195aca65c9fa3f1d8e,Regional MiniSEED records
data/outputs/145_analyze_regional_detectability/waveform_cache/TA.TIGA.--.HHZ.mseed,regional_observations,550400,0bf174876e1956af4bb98f444f5728435b73d02a16d33c6aa4087dde5ac3288b,Regional MiniSEED records
data/outputs/145_analyze_regional_detectability/waveform_cache/TA.TIGA.EP.BDF.mseed,regional_observations,200704,eb3fda7a67261eb561d1f302ad7a135cb556ef2273d6940dd69291c413eb755f,Regional MiniSEED records
data/outputs/145_analyze_regional_detectability/waveform_cache/TA.TUL1.EP.BDF.mseed,regional_observations,868352,2e75c3483d6e8e9df4014239542257544d3d31e94aa899c033623d188d3b48ac,Regional MiniSEED records
data/outputs/145_analyze_regional_detectability/waveform_cache/TA.WHTX.EP.BDF.mseed,regional_observations,765952,f138ca14cca9a37c8731c128eb6fb335ed75ec569644f73c417fe9b9ec72ba68,Regional MiniSEED records
data/outputs/145_analyze_regional_detectability/waveform_cache/US.GOGA.30.LDO.mseed,regional_observations,5632,05fb60dc78cd5d983adf7857e3823fe44d1f9ebb6389feff2ce3d9462e1e40d2,Regional MiniSEED records
data/outputs/145_analyze_regional_detectability/waveform_cache/US.NHSC.00.BHZ.mseed,regional_observations,290304,f75631f8d6dd89cd1abaeb2375fa49043c2df45a81c8bb4e84808b32282e9f1e,Regional MiniSEED records
data/outputs/160_generate_synchronized_phase1_video/video_sync_anchor_preview.pdf,figures,2453571,624f27100825adba8e4b2c44f716085da26da05f01936cc398a2b1d540a10599,160_generate_synchronized_phase1_video root PDFs
data/outputs/160_generate_synchronized_phase1_video/video_sync_configuration.json,derived,10237,13cd5cfdb1167d15dba9b8df98195d578c5d8a6da6eaf4cb33dd88207b340c37,160_generate_synchronized_phase1_video root tables/provenance
data/outputs/160_generate_synchronized_phase1_video/youtube_camera_propagation.csv,derived,489,5bb5385e57e43b244fef961970b161da7b4a534f4922bb6f3cac4451a08ddc5f,160_generate_synchronized_phase1_video root tables/provenance
data/outputs/165_generate_video_waveform_figure/165_video_named_event_waveforms.pdf,figures,280707,b0dc1a11c6b37d01cc23a12a014dc242efd42b8c440c66fcbf5db6f810aceb6b,165_generate_video_waveform_figure root PDFs
data/outputs/165_generate_video_waveform_figure/165_video_named_event_waveforms_audit.csv,derived,1712,1dc85f3b7f57d5a5d09b47f79f2a80424826503c6a26299f88844ae29532e0ef,165_generate_video_waveform_figure root tables/provenance
data/outputs/165_generate_video_waveform_figure/165_video_named_event_waveforms_provenance.json,derived,9803,013679598df205efe31ca509079719f15fde93829b97d29066202eabd81dc5b0,165_generate_video_waveform_figure root tables/provenance
data/outputs/165_generate_video_waveform_figure/165_video_waveform_chronology.pdf,figures,229734,1914066aeabf151beb5b02505e47fc0d4e8035b46680d6a36b422ef5dca49bf8,165_generate_video_waveform_figure root PDFs
data/outputs/165_generate_video_waveform_figure/165_video_waveform_chronology_audit.csv,derived,4791,a2d0c643ff1575335d6371d56eea5862fe99853f2111d1d4720a4b2c53c0a452,165_generate_video_waveform_figure root tables/provenance
data/outputs/165_generate_video_waveform_figure/165_video_waveform_chronology_provenance.json,derived,3033,cb47cf453685d54f9914756f6c2eaec2eb29ad01b20c4687345a0e33d5f0d4f8,165_generate_video_waveform_figure root tables/provenance
data/outputs/170_generate_publication_figures/capsule_explosion_waveforms.pdf,figures,52523,6876a1409f0022bc38a5884d9a316d45028f87652161d6c346f8b7b68b89342a,170_generate_publication_figures root PDFs
data/outputs/170_generate_publication_figures/fig01_slc40_bchh_location.pdf,figures,1247119,a4349d348d8c282a674171a693763a799f67357508779ea92bf6887be7897864,170_generate_publication_figures root PDFs
data/outputs/170_generate_publication_figures/fig03_bchh_30min_overview_zp_true.pdf,figures,180077,b0b90d6b6bb9f073ec70450bd798cb6974906f229aa6466e53249a70688cba76,170_generate_publication_figures root PDFs
data/outputs/170_generate_publication_figures/fig03_bchh_30s_zoom_with_audio_reduced_zp_true.pdf,figures,276381,864bfc067277b6fe5a7d827d3c77f1072258ee69850d16d440f429df92d991bd,170_generate_publication_figures root PDFs
data/outputs/170_generate_publication_figures/fig03_capsule_explosion_closeup_with_audio_reduced_zp_true.pdf,figures,216118,0d6a83449ec26b3579e3b87fe8493a6cc437051be000e4aed5976c2046e0064c,170_generate_publication_figures root PDFs
data/outputs/170_generate_publication_figures/fig03_capsule_impact_closeup_with_audio_reduced_zp_true.pdf,figures,205651,d10baa7e5b253ec2dc9f434693321eacdd8bd282157da287c4d9a6a9499d60b9,170_generate_publication_figures root PDFs
data/outputs/170_generate_publication_figures/fig03_event_024_closeup_with_audio_reduced_zp_true.pdf,figures,215308,6dade83b53c2efafe88cf0d4a766a0503ce47cfc164ac3e472e8292c8446f6bb,170_generate_publication_figures root PDFs
data/outputs/170_generate_publication_figures/fig03_lower_stage_closeup_with_audio_reduced_zp_true.pdf,figures,195319,e8118a959407058a5b171199867a19733a5edfe025fc56749d569b6920e0419a,170_generate_publication_figures root PDFs
data/outputs/170_generate_publication_figures/fig03_payload_explosion_closeup_with_audio_reduced_zp_true.pdf,figures,216622,8bef2091006193e0d1f47c59583e2bb996512a07c8e923fb5142dea28e39049b,170_generate_publication_figures root PDFs
data/outputs/170_generate_publication_figures/fig03_payload_impact_closeup_with_audio_reduced_zp_true.pdf,figures,206250,1ed3300af789e67cf9ad3a959b2b914990d0e15d7417e15c05f2d8b138c339a5,170_generate_publication_figures root PDFs
data/outputs/170_generate_publication_figures/fig03_post_capsule_event_closeup_with_audio_reduced_zp_true.pdf,figures,215036,eaa9988c2c921a7ab1116bc255153ad8b4522cc73b30e143ceb032c12acdbea4,170_generate_publication_figures root PDFs
data/outputs/170_generate_publication_figures/fig03_upper_stage_closeup_with_audio_reduced_zp_true.pdf,figures,218567,fad5aa01179d00ffe416dc9e6b0e4a3fedb3a2846b71416d9b9d64edff9caf96,170_generate_publication_figures root PDFs
data/outputs/170_generate_publication_figures/fig04_multimodal_alignment_capsule_explosion.pdf,figures,1300260,2ec4b2ce41bb60bd0325f1aed29aef5c86f3485792d361be27d43601ee2f854d,170_generate_publication_figures root PDFs
data/outputs/170_generate_publication_figures/fig04_multimodal_alignment_capsule_impact.pdf,figures,1276605,328d60fae26af079f9e868e4ecf7c9921bdd1c516819701ee7402bc3acbd2bf4,170_generate_publication_figures root PDFs
data/outputs/170_generate_publication_figures/fig04_multimodal_alignment_lower_stage.pdf,figures,1670872,923e11f778c9baf24df5473867a993034f505512de826b489938ef02186599ee,170_generate_publication_figures root PDFs
data/outputs/170_generate_publication_figures/fig04_multimodal_alignment_payload_explosion.pdf,figures,1300576,206f5804747da9dc8f5617937acb9bfedc470c6a6403fe5291d95fd8b1814ba5,170_generate_publication_figures root PDFs
data/outputs/170_generate_publication_figures/fig04_multimodal_alignment_payload_impact.pdf,figures,1276820,f97f864dec9bc1b75bc5fdfbcf087e014d4140f6b5becddd4120489390743b40,170_generate_publication_figures root PDFs
data/outputs/170_generate_publication_figures/fig04_multimodal_alignment_upper_stage.pdf,figures,1075573,9aa332fd892ebb0cc457412e6ae6e4f9e8813daf7ab1c7363816409f1fd7c388,170_generate_publication_figures root PDFs
data/outputs/170_generate_publication_figures/fig_audio_waveform_psd_phase1.pdf,figures,129789,478896dcdecf47a44951ca2a2ca06d2270e7b90504f7229ec7c848f95188e38d,170_generate_publication_figures root PDFs
data/outputs/170_generate_publication_figures/figure_generation_provenance.json,derived,8707,b977fdaa02dd80eb574a6fe17d9dcbb407ef2ebbd57d9b938773082dca09b044,170_generate_publication_figures root tables/provenance
data/outputs/170_generate_publication_figures/multimodal_event_frame_audit.csv,derived,1224,4ca32f5a968986b31a5c9c11c39ca600da92e1a94b487cf2d4d1fa930bfc90de,170_generate_publication_figures root tables/provenance
data/outputs/170_generate_publication_figures/named_event_peak_alignment_diagnostic.csv,derived,918,5cba23a512379d752818978b238b2eb098ea310173f0040e0d71eea9c3f5c8d9,170_generate_publication_figures root tables/provenance
data/outputs/170_generate_publication_figures/payload_explosion_waveforms.pdf,figures,53095,35ad4c06db6d964a0bb92af0bf9de4f821aa9ed3f5c52ce891f0908e7ce2d088,170_generate_publication_figures root PDFs
data/outputs/170_generate_publication_figures/principal_explosion_waveforms.pdf,figures,67373,912a30b1c85530dc93fdf7e1a363256081ba3cdc5f638f848aa785d5635d2cab,170_generate_publication_figures root PDFs
data/outputs/170_generate_publication_figures/upper_stage_waveforms.pdf,figures,63911,a6c0a546e9c8a681531e221894a9a65fba85075205919fe22a39efc417ea10f0,170_generate_publication_figures root PDFs
data/outputs/170_generate_publication_figures/uslaunchreport_audio_source_aligned_12khz.json,derived,192,9b4e4daec19354c17cde2c84e4a86a3a70eed3ac072d244a1807f43b8c0d55bd,170_generate_publication_figures root tables/provenance
data/outputs/170_generate_publication_figures/video_waveform_chronology.pdf,figures,343628,dc14b71475694ced98eca4acbec9b92acdbd27cdea130956790a86c9ab13284c,170_generate_publication_figures root PDFs
data/outputs/170_generate_publication_figures/video_waveform_chronology_timing.csv,derived,876,810f5323526f6b9124b4db4867ab971b06041201d5243eb2fef0ed8b9a25a046,170_generate_publication_figures root tables/provenance
environment.yml,code,439,17222c0c4987a0984d8a49540c846d6521dc5f38ab848367b182c9161dae0499,Conda environment
latex/abbrvnat_seismica_upcasetitle.bst,manuscript,29952,143a91d69670e7317703231e9e520554b06307f1461e0bd7daf4f619800643e0,LaTeX support
latex/figures/fig01_slc40_bchh_location.pdf,manuscript,829163,09ba63ac1b3277f82a959dc2ede0a378afd89104226b6162f5146205839402cf,LaTeX support
latex/generated/supplement_event_measurements.json,manuscript,713,ee230f82999ca0b9d4fa28c8e355952882b9463a4468795f1e674caec5a41a48,LaTeX support
latex/generated/supplement_event_measurements.tex,manuscript,18439,fab3163420464fa1a79f272da73c4a9aab7fc0e86ff287331f264653dc62367b,LaTeX support
latex/main46.tex,manuscript,53811,e9f59670a1263e24bc997988eba3ee446c2993aa9756d61ad39e3028cd73dad5,main46.tex
latex/mybibfile40.bib,manuscript,15353,ca4090a9976a90ca19a2a832650263f30c952495130ed40199067f26bd20e37d,mybibfile40.bib
latex/seismica.cls,manuscript,16503,65302913983a27efa66b2aabf47303b13003e704419896deda4abf934e98ee32,LaTeX support
latex/supplement44.tex,manuscript,71706,aee587b10ad802bd605b146eb9495b5c4342e4e3c6bfc5b9ae5c20951747282f,supplement44.tex
modules/__init__.py,code,71,4b3123ceccd63abd7ca43a780004a409b52cbbd7ede0de5178a14e06950983ad,Python modules
modules/event_measurements.py,code,4899,8fc287edd8a714d9f64eaeee3d70908f47888c0976554955818e50a10f76fbb3,Python modules
modules/figure1_utils_fixed.py,code,26726,f6742e67606ace5705239ba564cf100397c19ce4a46e0f35cc0b08e9d456e3f7,Python modules
modules/geometry_products.py,code,1836,4ca7d229f92976eb79cbee462aa2488127f0eb5238e94ef3c146b43832db0ff7,Python modules
modules/kml_utils.py,code,1592,8f8d45551be9a13214008fc44d20631c68b136a9af1ddfbd30ee8ea55bea31ea,Python modules
modules/physics.py,code,13838,f5ed862279fb2867c54683216921232564fae67cdfd8f06b0204f9eccb9ec78a,Python modules
modules/physics_old.py,code,8238,a89a07c63a82860f9bfbcc9c9234aa2343e9d030cd764e2f66ce2a32b1563e1b,Python modules
modules/project_config.py,code,13950,f3ab913a11cf563ffb1755b9b65be625ef85c5798bb522df4e0b089233da6c6f,Python modules
modules/project_config_old.py,code,12340,c455997e8e49d6780b6b76c19b31cb38f908faaea36ba374f76e6eb214c48e4d,Python modules
modules/weather_analysis.py,code,15291,163ee8c38cb7fee049e4e24d70c1051da30d850b015158f2730721159c6d16d5,Python modules
modules/xml_utils.py,code,13062,bdb30799d1a091f1eb34b7948e9c2579e958a87877f34dffb34cc9301a726c39,Python modules
notebooks/000_correct_bchh_instrument_response.ipynb,code,300725,4332780c089c16322522bccb769d5c605c16b6cf650e2370bdc8caf58d4528ac,Notebook 000
notebooks/010_prepare_analysis_inputs.ipynb,code,43772,7b2e68e459cae58c4a87908b0747c33f7f90994266350a2d3f6886a9ed0e64fd,Notebook 010
notebooks/020_analyze_ksc_weather.ipynb,code,964519,dd4e174884fae0057adeb61b31fda199df8fd63e6cb8addc3a4dd12324ba6fbd,Notebook 020
notebooks/030_reconcile_manual_event_catalogues.ipynb,code,402104,bd45177aa9213c715f3e0f464717e5b39d4f6979f43177c6982caeac174f5cd3,Notebook 030
notebooks/040_validate_event_catalogue_with_array_processing.ipynb,code,1001997,f846ce1d68dd7cafceb6839dd3caab6a582f7f70e5fbda7da1c881be3f02eec5,Notebook 040
notebooks/050_review_event_catalogue_waveforms.ipynb,code,494362,a76e09541b77857e819237edd871e9a4e79e4a7d068537d3cc7762a7eebd149c,Notebook 050
notebooks/060_validate_infrasound_baseline_correction.ipynb,code,973436,555b26e4904867f8daf6ae9cbba317eefb281d5308f03aa00e792e7f4dd8d95b,Notebook 060
notebooks/070_prepare_event_waveform_products.ipynb,code,212718,f6e41ac1ebe317a663d871809fbdfbd7f8002387ca0fd8fb3c0de79c65c2c19b,Notebook 070
notebooks/080_analyze_planar_array_propagation.ipynb,code,111958,5834f81af769c75f4a2cae8249873afad411f2e95443b5d52ffa21107ba623b1,Notebook 080
notebooks/090_analyze_finite_distance_propagation.ipynb,code,896780,22e4d8519a47f73f29bf277b5bed036a8e94ed68367c6bf10d6b91280c593a0a,Notebook 090
notebooks/100_measure_event_amplitudes_and_acoustic_seismic_coupling.ipynb,code,2754725,8a69065a554cccd44a0a1ee7b35e47413f98019e3abc2e35e0b66d68e10d55c1,Notebook 100
notebooks/110_measure_named_events.ipynb,code,413446,9d068dedb7a495645667a981ced5de2860f5fa4cefa1fac7f7a78b927a3d61b9,Notebook 110
notebooks/124_estimate_acoustic_energetics.ipynb,code,1214368,27991e22f0505dc59be883d4c06bd20961871ca35ae3bf15ab3374912844d730,Notebook 124
notebooks/130_analyze_seismic_polarization.ipynb,code,6046963,831f6dc6adfa79de5ef2c800603368ce01a2c41106a1421b4d1c5ae752e06d2d,Notebook 130
notebooks/140_search_for_direct_seismic_waves.ipynb,code,1147825,8b900f54b5390e851a3f5faffb15763e51ba39f4c943451a16286946d7969dba,Notebook 140
notebooks/141_generate_supplement_event_table.ipynb,code,15773,3ea0c0c25ea594b49e154425fb8657b3d1f100101ce53cdd3f2146a534ee0c91,Notebook 141
notebooks/145_analyze_regional_detectability_with_regional_validation.ipynb,code,3210199,463e25896fb931e5c0722e11338140ccd64affd9470440ba5bdd9fca5ec14191,Notebook 145
notebooks/150_align_uslaunchreport_video.ipynb,code,50765,16304c0305b0be3860812b8001fd1f742073c093987ddba29d81dc6c29673d07,Notebook 150
notebooks/160_generate_synchronized_phase1_video.ipynb,code,88427,b76d2d5b704898b6fc2a047d117f8ac999acdfd8bf2f4ea2bc07da0bdf2809c3,Notebook 160
notebooks/165_generate_video_waveform_figure.ipynb,code,6342620,ff277b043c98fa36ba7ded7396acf864bcfb410426924f818f3190c49bd74bfa,Notebook 165
notebooks/170_generate_publication_figures_fixed.ipynb,code,5357112,709a2506e1c17ba91246bb56803ef49f75b426e4f01726f8897ceed9bc747c64,Notebook 170
notebooks/180_assemble_zenodo_release.ipynb,code,30552,8e34be02fd8816243408fa23a092b190824f9da09c958acf423ef1c8275a6520,Release assembler
