pickIndex,arid,matlabDatenum,arrivalTimeEpochS,arrivalTimeUTC,network,station,location,channel,seedId,phase,amplitude,signalToNoise,timeUncertaintyS,channelInfoText,channelParseSucceeded,isDeleted,isInfrasoundPhase,isSeismicPhase,isUnclassifiedPhase,isInfrasoundChannel,isSeismicChannel,eventNumber,associationMethod,associationTimeResidualS,associationAmbiguous,eventFirstArrivalDatenum,eventLastArrivalDatenum,eventFirstArrivalEpochS,eventLastArrivalEpochS,eventFirstArrivalUTC,eventLastArrivalUTC,timeFromEventFirstArrivalS
136,508,736574.013182083,1472689138.932,2016-09-01T00:18:58.932,,BCHH,00,HHN,.BCHH.00.HHN,del,-1,-1,NaN,.BCHH..HHN_00,1,1,0,0,0,0,1,NaN,,NaN,0,NaN,NaN,NaN,NaN,NaT,NaT,NaN
137,509,736574.01319397,1472689139.95899,2016-09-01T00:18:59.958,,BCHH,00,HHZ,.BCHH.00.HHZ,,-1,-1,NaN,.BCHH..HHZ_00,1,0,0,0,1,0,1,NaN,,NaN,0,NaN,NaN,NaN,NaN,NaT,NaT,NaN
138,510,736574.013336586,1472689152.281,2016-09-01T00:19:12.281,,BCHH,00,HHZ,.BCHH.00.HHZ,,-1,-1,NaN,.BCHH..HHZ_00,1,0,0,0,1,0,1,NaN,,NaN,0,NaN,NaN,NaN,NaN,NaT,NaT,NaN
139,507,736574.021121539,1472689824.901,2016-09-01T00:30:24.901,,BCHH,00,HHZ,.BCHH.00.HHZ,del,-1,-1,NaN,.BCHH..HHZ_00,1,1,0,0,0,0,1,NaN,,NaN,0,NaN,NaN,NaN,NaN,NaT,NaT,NaN
140,506,736574.024223646,1472690092.923,2016-09-01T00:34:52.923,,BCHH,00,HHZ,.BCHH.00.HHZ,del,-1,-1,NaN,.BCHH..HHZ_00,1,1,0,0,0,0,1,NaN,,NaN,0,NaN,NaN,NaN,NaN,NaT,NaT,NaN
141,505,736574.025281447,1472690184.317,2016-09-01T00:36:24.317,,BCHH,00,HHZ,.BCHH.00.HHZ,del,-1,-1,NaN,.BCHH..HHZ_00,1,1,0,0,0,0,1,NaN,,NaN,0,NaN,NaN,NaN,NaN,NaT,NaT,NaN
142,504,736574.032625255,1472690818.822,2016-09-01T00:46:58.822,,BCHH,00,HHZ,.BCHH.00.HHZ,U,-1,-1,NaN,.BCHH..HHZ_00,1,0,0,0,0,0,1,NaN,,NaN,0,NaN,NaN,NaN,NaN,NaT,NaT,NaN
143,503,736574.040276435,1472691479.884,2016-09-01T00:57:59.884,,BCHH,00,HHZ,.BCHH.00.HHZ,del,-1,-1,NaN,.BCHH..HHZ_00,1,1,0,0,0,0,1,NaN,,NaN,0,NaN,NaN,NaN,NaN,NaT,NaT,NaN
144,501,736574.045209225,1472691906.077,2016-09-01T01:05:06.077,,BCHH,00,HHZ,.BCHH.00.HHZ,del,-1,-1,NaN,.BCHH..HHZ_00,1,1,0,0,0,0,1,NaN,,NaN,0,NaN,NaN,NaN,NaN,NaT,NaT,NaN
145,502,736574.054029572,1472692668.155,2016-09-01T01:17:48.155,,BCHH,00,HHZ,.BCHH.00.HHZ,del,-1,-1,NaN,.BCHH..HHZ_00,1,1,0,0,0,0,1,NaN,,NaN,0,NaN,NaN,NaN,NaN,NaT,NaT,NaN
146,498,736574.125289167,1472698824.984,2016-09-01T03:00:24.984,,BCHH,00,HHZ,.BCHH.00.HHZ,del,-1,-1,NaN,.BCHH..HHZ_00,1,1,0,0,0,0,1,NaN,,NaN,0,NaN,NaN,NaN,NaN,NaT,NaT,NaN
147,499,736574.12798478,1472699057.885,2016-09-01T03:04:17.885,,BCHH,00,HHZ,.BCHH.00.HHZ,del,-1,-1,NaN,.BCHH..HHZ_00,1,1,0,0,0,0,1,NaN,,NaN,0,NaN,NaN,NaN,NaN,NaT,NaT,NaN
148,500,736574.129928553,1472699225.827,2016-09-01T03:07:05.827,,BCHH,00,HHZ,.BCHH.00.HHZ,del,-1,-1,NaN,.BCHH..HHZ_00,1,1,0,0,0,0,1,NaN,,NaN,0,NaN,NaN,NaN,NaN,NaT,NaT,NaN
149,497,736574.132862558,1472699479.325,2016-09-01T03:11:19.325,,BCHH,00,HHZ,.BCHH.00.HHZ,del,-1,-1,NaN,.BCHH..HHZ_00,1,1,0,0,0,0,1,NaN,,NaN,0,NaN,NaN,NaN,NaN,NaT,NaT,NaN
150,496,736574.140270914,1472700119.407,2016-09-01T03:21:59.407,,BCHH,00,HHZ,.BCHH.00.HHZ,del,-1,-1,NaN,.BCHH..HHZ_00,1,1,0,0,0,0,1,NaN,,NaN,0,NaN,NaN,NaN,NaN,NaT,NaT,NaN
151,644,736574.146447269,1472700653.044,2016-09-01T03:30:53.044,,BCHH,00,HHZ,.BCHH.00.HHZ,,-1,-1,NaN,.BCHH..HHZ_00,1,0,0,0,1,0,1,NaN,,NaN,0,NaN,NaN,NaN,NaN,NaT,NaT,NaN
152,495,736574.146487326,1472700656.505,2016-09-01T03:30:56.505,,BCHH,00,HHZ,.BCHH.00.HHZ,del,-1,-1,NaN,.BCHH..HHZ_00,1,1,0,0,0,0,1,NaN,,NaN,0,NaN,NaN,NaN,NaN,NaT,NaT,NaN
153,494,736574.157306458,1472701591.278,2016-09-01T03:46:31.278,,BCHH,00,HHZ,.BCHH.00.HHZ,del,-1,-1,NaN,.BCHH..HHZ_00,1,1,0,0,0,0,1,NaN,,NaN,0,NaN,NaN,NaN,NaN,NaT,NaT,NaN
154,492,736574.16280772,1472702066.587,2016-09-01T03:54:26.587,,BCHH,00,HHZ,.BCHH.00.HHZ,del,-1,-1,NaN,.BCHH..HHZ_00,1,1,0,0,0,0,1,NaN,,NaN,0,NaN,NaN,NaN,NaN,NaT,NaT,NaN
155,491,736574.164311389,1472702196.504,2016-09-01T03:56:36.504,,BCHH,00,HHZ,.BCHH.00.HHZ,del,-1,-1,NaN,.BCHH..HHZ_00,1,1,0,0,0,0,1,NaN,,NaN,0,NaN,NaN,NaN,NaN,NaT,NaT,NaN
156,493,736574.165686713,1472702315.332,2016-09-01T03:58:35.332,,BCHH,00,HHZ,.BCHH.00.HHZ,del,-1,-1,NaN,.BCHH..HHZ_00,1,1,0,0,0,0,1,NaN,,NaN,0,NaN,NaN,NaN,NaN,NaT,NaT,NaN
157,489,736574.17483713,1472703105.928,2016-09-01T04:11:45.928,,BCHH,00,HHZ,.BCHH.00.HHZ,del,-1,-1,NaN,.BCHH..HHZ_00,1,1,0,0,0,0,1,NaN,,NaN,0,NaN,NaN,NaN,NaN,NaT,NaT,NaN
158,490,736574.184537674,1472703944.055,2016-09-01T04:25:44.055,,BCHH,00,HHZ,.BCHH.00.HHZ,del,-1,-1,NaN,.BCHH..HHZ_00,1,1,0,0,0,0,1,NaN,,NaN,0,NaN,NaN,NaN,NaN,NaT,NaT,NaN
159,488,736574.189397118,1472704363.911,2016-09-01T04:32:43.911,,BCHH,00,HHZ,.BCHH.00.HHZ,del,-1,-1,NaN,.BCHH..HHZ_00,1,1,0,0,0,0,1,NaN,,NaN,0,NaN,NaN,NaN,NaN,NaT,NaT,NaN
160,486,736574.203021887,1472705541.091,2016-09-01T04:52:21.091,,BCHH,00,HHZ,.BCHH.00.HHZ,del,-1,-1,NaN,.BCHH..HHZ_00,1,1,0,0,0,0,1,NaN,,NaN,0,NaN,NaN,NaN,NaN,NaT,NaT,NaN
161,487,736574.207422893,1472705921.338,2016-09-01T04:58:41.338,,BCHH,00,HHZ,.BCHH.00.HHZ,del,-1,-1,NaN,.BCHH..HHZ_00,1,1,0,0,0,0,1,NaN,,NaN,0,NaN,NaN,NaN,NaN,NaT,NaT,NaN
162,485,736574.219580671,1472706971.77,2016-09-01T05:16:11.770,,BCHH,00,HHZ,.BCHH.00.HHZ,del,-1,-1,NaN,.BCHH..HHZ_00,1,1,0,0,0,0,1,NaN,,NaN,0,NaN,NaN,NaN,NaN,NaT,NaT,NaN
163,484,736574.219727373,1472706984.445,2016-09-01T05:16:24.445,,BCHH,00,HHN,.BCHH.00.HHN,del,-1,-1,NaN,.BCHH..HHN_00,1,1,0,0,0,0,1,NaN,,NaN,0,NaN,NaN,NaN,NaN,NaT,NaT,NaN
164,478,736574.236561204,1472708438.888,2016-09-01T05:40:38.888,,BCHH,00,HHZ,.BCHH.00.HHZ,del,-1,-1,NaN,.BCHH..HHZ_00,1,1,0,0,0,0,1,NaN,,NaN,0,NaN,NaN,NaN,NaN,NaT,NaT,NaN
165,477,736574.238339942,1472708592.571,2016-09-01T05:43:12.571,,BCHH,00,HHZ,.BCHH.00.HHZ,del,-1,-1,NaN,.BCHH..HHZ_00,1,1,0,0,0,0,1,NaN,,NaN,0,NaN,NaN,NaN,NaN,NaT,NaT,NaN
166,645,736574.240712477,1472708797.558,2016-09-01T05:46:37.558,,BCHH,00,HHZ,.BCHH.00.HHZ,,-1,-1,NaN,.BCHH..HHZ_00,1,0,0,0,1,0,1,NaN,,NaN,0,NaN,NaN,NaN,NaN,NaT,NaT,NaN
167,476,736574.240742164,1472708800.123,2016-09-01T05:46:40.123,,BCHH,00,HHZ,.BCHH.00.HHZ,del,-1,-1,NaN,.BCHH..HHZ_00,1,1,0,0,0,0,1,NaN,,NaN,0,NaN,NaN,NaN,NaN,NaT,NaT,NaN
168,475,736574.242062465,1472708914.197,2016-09-01T05:48:34.197,,BCHH,00,HHZ,.BCHH.00.HHZ,,-1,-1,NaN,.BCHH..HHZ_00,1,0,0,0,1,0,1,NaN,,NaN,0,NaN,NaN,NaN,NaN,NaT,NaT,NaN
169,481,736574.243584479,1472709045.699,2016-09-01T05:50:45.699,,BCHH,00,HHZ,.BCHH.00.HHZ,del,-1,-1,NaN,.BCHH..HHZ_00,1,1,0,0,0,0,1,NaN,,NaN,0,NaN,NaN,NaN,NaN,NaT,NaT,NaN
170,482,736574.243822859,1472709066.295,2016-09-01T05:51:06.295,,BCHH,00,HHZ,.BCHH.00.HHZ,del,-1,-1,NaN,.BCHH..HHZ_00,1,1,0,0,0,0,1,NaN,,NaN,0,NaN,NaN,NaN,NaN,NaT,NaT,NaN
171,480,736574.247893796,1472709418.024,2016-09-01T05:56:58.024,,BCHH,00,HHZ,.BCHH.00.HHZ,del,-1,-1,NaN,.BCHH..HHZ_00,1,1,0,0,0,0,1,NaN,,NaN,0,NaN,NaN,NaN,NaN,NaT,NaT,NaN
172,479,736574.249910914,1472709592.303,2016-09-01T05:59:52.303,,BCHH,00,HHZ,.BCHH.00.HHZ,del,-1,-1,NaN,.BCHH..HHZ_00,1,1,0,0,0,0,1,NaN,,NaN,0,NaN,NaN,NaN,NaN,NaT,NaT,NaN
173,483,736574.265681181,1472710954.854,2016-09-01T06:22:34.854,,BCHH,00,HHZ,.BCHH.00.HHZ,,-1,-1,NaN,.BCHH..HHZ_00,1,0,0,0,1,0,1,NaN,,NaN,0,NaN,NaN,NaN,NaN,NaT,NaT,NaN
174,474,736574.289813356,1472713039.874,2016-09-01T06:57:19.874,,BCHH,00,HHZ,.BCHH.00.HHZ,del,-1,-1,NaN,.BCHH..HHZ_00,1,1,0,0,0,0,1,NaN,,NaN,0,NaN,NaN,NaN,NaN,NaT,NaT,NaN
175,473,736574.292692338,1472713288.618,2016-09-01T07:01:28.618,,BCHH,00,HHZ,.BCHH.00.HHZ,del,-1,-1,NaN,.BCHH..HHZ_00,1,1,0,0,0,0,1,NaN,,NaN,0,NaN,NaN,NaN,NaN,NaT,NaT,NaN
176,472,736574.315082454,1472715223.124,2016-09-01T07:33:43.124,,BCHH,00,HHZ,.BCHH.00.HHZ,,-1,-1,NaN,.BCHH..HHZ_00,1,0,0,0,1,0,1,NaN,,NaN,0,NaN,NaN,NaN,NaN,NaT,NaT,NaN
177,466,736574.424531458,1472724679.518,2016-09-01T10:11:19.518,,BCHH,00,HHZ,.BCHH.00.HHZ,del,-1,-1,NaN,.BCHH..HHZ_00,1,1,0,0,0,0,1,NaN,,NaN,0,NaN,NaN,NaN,NaN,NaT,NaT,NaN
178,465,736574.43171463,1472725300.144,2016-09-01T10:21:40.144,,BCHH,00,HHZ,.BCHH.00.HHZ,del,-1,-1,NaN,.BCHH..HHZ_00,1,1,0,0,0,0,1,NaN,,NaN,0,NaN,NaN,NaN,NaN,NaT,NaT,NaN
179,467,736574.431734688,1472725301.877,2016-09-01T10:21:41.877,,BCHH,00,HHZ,.BCHH.00.HHZ,del,-1,-1,NaN,.BCHH..HHZ_00,1,1,0,0,0,0,1,NaN,,NaN,0,NaN,NaN,NaN,NaN,NaT,NaT,NaN
180,471,736574.449236458,1472726814.03,2016-09-01T10:46:54.030,,BCHH,00,HHZ,.BCHH.00.HHZ,,-1,-1,NaN,.BCHH..HHZ_00,1,0,0,0,1,0,1,NaN,,NaN,0,NaN,NaN,NaN,NaN,NaT,NaT,NaN
181,463,736574.449273171,1472726817.202,2016-09-01T10:46:57.202,,BCHH,00,HHZ,.BCHH.00.HHZ,del,-1,-1,NaN,.BCHH..HHZ_00,1,1,0,0,0,0,1,NaN,,NaN,0,NaN,NaN,NaN,NaN,NaT,NaT,NaN
182,468,736574.459966227,1472727741.082,2016-09-01T11:02:21.082,,BCHH,00,HHZ,.BCHH.00.HHZ,del,-1,-1,NaN,.BCHH..HHZ_00,1,1,0,0,0,0,1,NaN,,NaN,0,NaN,NaN,NaN,NaN,NaT,NaT,NaN
183,469,736574.466957535,1472728345.13099,2016-09-01T11:12:25.130,,BCHH,00,HHZ,.BCHH.00.HHZ,del,-1,-1,NaN,.BCHH..HHZ_00,1,1,0,0,0,0,1,NaN,,NaN,0,NaN,NaN,NaN,NaN,NaT,NaT,NaN
184,470,736574.470885972,1472728684.548,2016-09-01T11:18:04.548,,BCHH,00,HHZ,.BCHH.00.HHZ,del,-1,-1,NaN,.BCHH..HHZ_00,1,1,0,0,0,0,1,NaN,,NaN,0,NaN,NaN,NaN,NaN,NaT,NaT,NaN
185,464,736574.482174236,1472729659.854,2016-09-01T11:34:19.854,,BCHH,00,HHZ,.BCHH.00.HHZ,del,-1,-1,NaN,.BCHH..HHZ_00,1,1,0,0,0,0,1,NaN,,NaN,0,NaN,NaN,NaN,NaN,NaT,NaT,NaN
186,462,736574.487583785,1472730127.239,2016-09-01T11:42:07.239,,BCHH,00,HHZ,.BCHH.00.HHZ,del,-1,-1,NaN,.BCHH..HHZ_00,1,1,0,0,0,0,1,NaN,,NaN,0,NaN,NaN,NaN,NaN,NaT,NaT,NaN
187,461,736574.525084699,1472733367.318,2016-09-01T12:36:07.318,,BCHH,00,HHZ,.BCHH.00.HHZ,del,-1,-1,NaN,.BCHH..HHZ_00,1,1,0,0,0,0,1,NaN,,NaN,0,NaN,NaN,NaN,NaN,NaT,NaT,NaN
188,460,736574.526962257,1472733529.539,2016-09-01T12:38:49.539,,BCHH,00,HHZ,.BCHH.00.HHZ,del,-1,-1,NaN,.BCHH..HHZ_00,1,1,0,0,0,0,1,NaN,,NaN,0,NaN,NaN,NaN,NaN,NaT,NaT,NaN
189,1,736574.546660741,1472735231.488,2016-09-01T13:07:11.488,,BCHH,10,HD1,.BCHH.10.HD1,,-1,-1,NaN,.BCHH..HD1_10,1,0,0,0,1,1,0,NaN,,NaN,0,NaN,NaN,NaN,NaN,NaT,NaT,NaN
190,381,736574.546660787,1472735231.492,2016-09-01T13:07:11.492,,BCHH,10,HD1,.BCHH.10.HD1,del,-1,-1,NaN,.BCHH..HD1_10,1,1,0,0,0,1,0,NaN,,NaN,0,NaN,NaN,NaN,NaN,NaT,NaT,NaN
191,452,736574.546671181,1472735232.39,2016-09-01T13:07:12.390,,BCHH,10,HD3,.BCHH.10.HD3,del,-1,-1,NaN,.BCHH..HD3_10,1,1,0,0,0,1,0,NaN,,NaN,0,NaN,NaN,NaN,NaN,NaT,NaT,NaN
192,439,736574.546683206,1472735233.429,2016-09-01T13:07:13.429,,BCHH,00,HHE,.BCHH.00.HHE,del,-1,-1,NaN,.BCHH..HHE_00,1,1,0,0,0,0,1,NaN,,NaN,0,NaN,NaN,NaN,NaN,NaT,NaT,NaN
193,2,736574.54671213,1472735235.928,2016-09-01T13:07:15.928,,BCHH,10,HD2,.BCHH.10.HD2,N,-1,-1,NaN,.BCHH..HD2_10,1,0,1,0,0,1,0,1,stored_event_bounds,0,0,736574.54671213,736574.546714653,1472735235.928,1472735236.146,2016-09-01T13:07:15.928,2016-09-01T13:07:16.146,0
194,4,736574.546712268,1472735235.94,2016-09-01T13:07:15.940,,BCHH,10,HD3,.BCHH.10.HD3,N,-1,-1,NaN,.BCHH..HD3_10,1,0,1,0,0,1,0,1,stored_event_bounds,0,0,736574.54671213,736574.546714653,1472735235.928,1472735236.146,2016-09-01T13:07:15.928,2016-09-01T13:07:16.146,0.0119995325803757
195,5,736574.546712546,1472735235.964,2016-09-01T13:07:15.964,,BCHH,00,HHZ,.BCHH.00.HHZ,N,-1,-1,NaN,.BCHH..HHZ_00,1,0,1,0,0,0,1,1,nearest_event,0,0,736574.54671213,736574.546714653,1472735235.928,1472735236.146,2016-09-01T13:07:15.928,2016-09-01T13:07:16.146,0.035998597741127
196,7,736574.546712616,1472735235.97,2016-09-01T13:07:15.970,,BCHH,00,HHE,.BCHH.00.HHE,del,-1,-1,NaN,.BCHH..HHE_00,1,1,0,0,0,0,1,1,nearest_event,0,0,736574.54671213,736574.546714653,1472735235.928,1472735236.146,2016-09-01T13:07:15.928,2016-09-01T13:07:16.146,0.0420033931732178
197,6,736574.546712627,1472735235.971,2016-09-01T13:07:15.971,,BCHH,00,HHN,.BCHH.00.HHN,del,-1,-1,NaN,.BCHH..HHN_00,1,1,0,0,0,0,1,1,nearest_event,0,0,736574.54671213,736574.546714653,1472735235.928,1472735236.146,2016-09-01T13:07:15.928,2016-09-01T13:07:16.146,0.0429991632699966
198,3,736574.546713148,1472735236.016,2016-09-01T13:07:16.016,,BCHH,10,HD1,.BCHH.10.HD1,N,-1,-1,NaN,.BCHH..HD1_10,1,0,1,0,0,1,0,1,stored_event_bounds,0,0,736574.54671213,736574.546714653,1472735235.928,1472735236.146,2016-09-01T13:07:15.928,2016-09-01T13:07:16.146,0.0879999250173569
199,865,736574.546713738,1472735236.067,2016-09-01T13:07:16.067,,BCHH,10,HD2,.BCHH.10.HD2,N,-1,-1,NaN,.BCHH..HD2_10,1,0,1,0,0,1,0,1,stored_event_bounds,0,0,736574.54671213,736574.546714653,1472735235.928,1472735236.146,2016-09-01T13:07:15.928,2016-09-01T13:07:16.146,0.139005482196808
200,866,736574.546713773,1472735236.07,2016-09-01T13:07:16.070,,BCHH,10,HD3,.BCHH.10.HD3,N,-1,-1,NaN,.BCHH..HD3_10,1,0,1,0,0,1,0,1,stored_event_bounds,0,0,736574.54671213,736574.546714653,1472735235.928,1472735236.146,2016-09-01T13:07:15.928,2016-09-01T13:07:16.146,0.14200285077095
201,864,736574.546714653,1472735236.146,2016-09-01T13:07:16.146,,BCHH,10,HD1,.BCHH.10.HD1,N,-1,-1,NaN,.BCHH..HD1_10,1,0,1,0,0,1,0,1,stored_event_bounds,0,0,736574.54671213,736574.546714653,1472735235.928,1472735236.146,2016-09-01T13:07:15.928,2016-09-01T13:07:16.146,0.218003243207932
202,856,736574.546715914,1472735236.255,2016-09-01T13:07:16.255,,BCHH,10,HD2,.BCHH.10.HD2,N,-1,-1,NaN,.BCHH..HD2_10,1,0,1,0,0,1,0,2,stored_event_bounds,0,0,736574.546715914,736574.546718113,1472735236.255,1472735236.445,2016-09-01T13:07:16.255,2016-09-01T13:07:16.445,0
203,857,736574.54671603,1472735236.265,2016-09-01T13:07:16.265,,BCHH,10,HD3,.BCHH.10.HD3,N,-1,-1,NaN,.BCHH..HD3_10,1,0,1,0,0,1,0,2,stored_event_bounds,0,0,736574.546715914,736574.546718113,1472735236.255,1472735236.445,2016-09-01T13:07:16.255,2016-09-01T13:07:16.445,0.00999793410301208
204,855,736574.546716968,1472735236.346,2016-09-01T13:07:16.346,,BCHH,10,HD1,.BCHH.10.HD1,N,-1,-1,NaN,.BCHH..HD1_10,1,0,1,0,0,1,0,2,stored_event_bounds,0,0,736574.546715914,736574.546718113,1472735236.255,1472735236.445,2016-09-01T13:07:16.255,2016-09-01T13:07:16.445,0.0909972935914993
205,868,736574.546718113,1472735236.445,2016-09-01T13:07:16.445,,BCHH,10,HD3,.BCHH.10.HD3,N,-1,-1,NaN,.BCHH..HD3_10,1,0,1,0,0,1,0,2,stored_event_bounds,0,0,736574.546715914,736574.546718113,1472735236.255,1472735236.445,2016-09-01T13:07:16.255,2016-09-01T13:07:16.445,0.190000981092453
206,867,736574.54671831,1472735236.462,2016-09-01T13:07:16.462,,BCHH,10,HD2,.BCHH.10.HD2,N,-1,-1,NaN,.BCHH..HD2_10,1,0,1,0,0,1,0,2,nearest_event,0.0169984996318817,0,736574.546715914,736574.546718113,1472735236.255,1472735236.445,2016-09-01T13:07:16.255,2016-09-01T13:07:16.445,0.206999480724335
207,869,736574.546722222,1472735236.8,2016-09-01T13:07:16.800,,BCHH,10,HD2,.BCHH.10.HD2,N,-1,-1,NaN,.BCHH..HD2_10,1,0,1,0,0,1,0,3,stored_event_bounds,0,0,736574.546722222,736574.546722361,1472735236.8,1472735236.812,2016-09-01T13:07:16.800,2016-09-01T13:07:16.812,0
208,870,736574.546722361,1472735236.812,2016-09-01T13:07:16.812,,BCHH,10,HD3,.BCHH.10.HD3,N,-1,-1,NaN,.BCHH..HD3_10,1,0,1,0,0,1,0,3,stored_event_bounds,0,0,736574.546722222,736574.546722361,1472735236.8,1472735236.812,2016-09-01T13:07:16.800,2016-09-01T13:07:16.812,0.0119995325803757
209,852,736574.546727338,1472735237.242,2016-09-01T13:07:17.242,,BCHH,10,HD2,.BCHH.10.HD2,N,-1,-1,NaN,.BCHH..HD2_10,1,0,1,0,0,1,0,4,stored_event_bounds,0,0,736574.546727338,736574.546728414,1472735237.242,1472735237.335,2016-09-01T13:07:17.242,2016-09-01T13:07:17.335,0
210,853,736574.546727477,1472735237.254,2016-09-01T13:07:17.254,,BCHH,10,HD3,.BCHH.10.HD3,N,-1,-1,NaN,.BCHH..HD3_10,1,0,1,0,0,1,0,4,stored_event_bounds,0,0,736574.546727338,736574.546728414,1472735237.242,1472735237.335,2016-09-01T13:07:17.242,2016-09-01T13:07:17.335,0.0119995325803757
211,854,736574.546728414,1472735237.335,2016-09-01T13:07:17.335,,BCHH,10,HD1,.BCHH.10.HD1,N,-1,-1,NaN,.BCHH..HD1_10,1,0,1,0,0,1,0,4,stored_event_bounds,0,0,736574.546727338,736574.546728414,1472735237.242,1472735237.335,2016-09-01T13:07:17.242,2016-09-01T13:07:17.335,0.0929988920688629
212,440,736574.546730544,1472735237.519,2016-09-01T13:07:17.519,,BCHH,00,HHE,.BCHH.00.HHE,del,-1,-1,NaN,.BCHH..HHE_00,1,1,0,0,0,0,1,5,nearest_event,0.115006417036057,0,736574.546731875,736574.546732905,1472735237.634,1472735237.723,2016-09-01T13:07:17.634,2016-09-01T13:07:17.723,-0.115006417036057
213,859,736574.546731875,1472735237.634,2016-09-01T13:07:17.634,,BCHH,10,HD2,.BCHH.10.HD2,N,-1,-1,NaN,.BCHH..HD2_10,1,0,1,0,0,1,0,5,stored_event_bounds,0,0,736574.546731875,736574.546732905,1472735237.634,1472735237.723,2016-09-01T13:07:17.634,2016-09-01T13:07:17.723,0
214,860,736574.546732049,1472735237.649,2016-09-01T13:07:17.649,,BCHH,10,HD3,.BCHH.10.HD3,N,-1,-1,NaN,.BCHH..HD3_10,1,0,1,0,0,1,0,5,stored_event_bounds,0,0,736574.546731875,736574.546732905,1472735237.634,1472735237.723,2016-09-01T13:07:17.634,2016-09-01T13:07:17.723,0.0149969011545181
215,858,736574.546732905,1472735237.723,2016-09-01T13:07:17.723,,BCHH,10,HD1,.BCHH.10.HD1,N,-1,-1,NaN,.BCHH..HD1_10,1,0,1,0,0,1,0,5,stored_event_bounds,0,0,736574.546731875,736574.546732905,1472735237.634,1472735237.723,2016-09-01T13:07:17.634,2016-09-01T13:07:17.723,0.0889956951141357
216,862,736574.546734907,1472735237.896,2016-09-01T13:07:17.896,,BCHH,10,HD2,.BCHH.10.HD2,N,-1,-1,NaN,.BCHH..HD2_10,1,0,1,0,0,1,0,6,stored_event_bounds,0,0,736574.546734907,736574.546735903,1472735237.896,1472735237.982,2016-09-01T13:07:17.896,2016-09-01T13:07:17.982,0
217,863,736574.546735046,1472735237.908,2016-09-01T13:07:17.908,,BCHH,10,HD3,.BCHH.10.HD3,N,-1,-1,NaN,.BCHH..HD3_10,1,0,1,0,0,1,0,6,stored_event_bounds,0,0,736574.546734907,736574.546735903,1472735237.896,1472735237.982,2016-09-01T13:07:17.896,2016-09-01T13:07:17.982,0.0119995325803757
218,861,736574.546735903,1472735237.982,2016-09-01T13:07:17.982,,BCHH,10,HD1,.BCHH.10.HD1,N,-1,-1,NaN,.BCHH..HD1_10,1,0,1,0,0,1,0,6,stored_event_bounds,0,0,736574.546734907,736574.546735903,1472735237.896,1472735237.982,2016-09-01T13:07:17.896,2016-09-01T13:07:17.982,0.0859983265399933
219,9,736574.546737407,1472735238.112,2016-09-01T13:07:18.112,,BCHH,10,HD2,.BCHH.10.HD2,N,-1,-1,NaN,.BCHH..HD2_10,1,0,1,0,0,1,0,7,stored_event_bounds,0,0,736574.546737407,736574.546740775,1472735238.112,1472735238.403,2016-09-01T13:07:18.112,2016-09-01T13:07:18.403,0
220,10,736574.546737546,1472735238.124,2016-09-01T13:07:18.124,,BCHH,10,HD3,.BCHH.10.HD3,N,-1,-1,NaN,.BCHH..HD3_10,1,0,1,0,0,1,0,7,stored_event_bounds,0,0,736574.546737407,736574.546740775,1472735238.112,1472735238.403,2016-09-01T13:07:18.112,2016-09-01T13:07:18.403,0.0119995325803757
221,8,736574.546738426,1472735238.2,2016-09-01T13:07:18.200,,BCHH,10,HD1,.BCHH.10.HD1,N,-1,-1,NaN,.BCHH..HD1_10,1,0,1,0,0,1,0,7,stored_event_bounds,0,0,736574.546737407,736574.546740775,1472735238.112,1472735238.403,2016-09-01T13:07:18.112,2016-09-01T13:07:18.403,0.0879999250173569
222,877,736574.546739572,1472735238.299,2016-09-01T13:07:18.299,,BCHH,10,HD1,.BCHH.10.HD1,N,-1,-1,NaN,.BCHH..HD1_10,1,0,1,0,0,1,0,7,stored_event_bounds,0,0,736574.546737407,736574.546740775,1472735238.112,1472735238.403,2016-09-01T13:07:18.112,2016-09-01T13:07:18.403,0.186993554234505
223,879,736574.546740602,1472735238.388,2016-09-01T13:07:18.388,,BCHH,10,HD2,.BCHH.10.HD2,N,-1,-1,NaN,.BCHH..HD2_10,1,0,1,0,0,1,0,7,stored_event_bounds,0,0,736574.546737407,736574.546740775,1472735238.112,1472735238.403,2016-09-01T13:07:18.112,2016-09-01T13:07:18.403,0.275999307632446
224,878,736574.546740775,1472735238.403,2016-09-01T13:07:18.403,,BCHH,10,HD3,.BCHH.10.HD3,N,-1,-1,NaN,.BCHH..HD3_10,1,0,1,0,0,1,0,7,stored_event_bounds,0,0,736574.546737407,736574.546740775,1472735238.112,1472735238.403,2016-09-01T13:07:18.112,2016-09-01T13:07:18.403,0.290996208786964
225,881,736574.546747488,1472735238.983,2016-09-01T13:07:18.983,,BCHH,10,HD2,.BCHH.10.HD2,N,-1,-1,NaN,.BCHH..HD2_10,1,0,1,0,0,1,0,8,stored_event_bounds,0,0,736574.546747488,736574.546748461,1472735238.983,1472735239.067,2016-09-01T13:07:18.983,2016-09-01T13:07:19.067,0
226,880,736574.546747569,1472735238.99,2016-09-01T13:07:18.990,,BCHH,10,HD3,.BCHH.10.HD3,N,-1,-1,NaN,.BCHH..HD3_10,1,0,1,0,0,1,0,8,stored_event_bounds,0,0,736574.546747488,736574.546748461,1472735238.983,1472735239.067,2016-09-01T13:07:18.983,2016-09-01T13:07:19.067,0.00700056552886963
227,882,736574.546748461,1472735239.067,2016-09-01T13:07:19.067,,BCHH,10,HD1,.BCHH.10.HD1,N,-1,-1,NaN,.BCHH..HD1_10,1,0,1,0,0,1,0,8,stored_event_bounds,0,0,736574.546747488,736574.546748461,1472735238.983,1472735239.067,2016-09-01T13:07:18.983,2016-09-01T13:07:19.067,0.0839967280626297
228,884,736574.546750451,1472735239.239,2016-09-01T13:07:19.239,,BCHH,10,HD2,.BCHH.10.HD2,N,-1,-1,NaN,.BCHH..HD2_10,1,0,1,0,0,1,0,9,stored_event_bounds,0,0,736574.546750451,736574.546750613,1472735239.239,1472735239.253,2016-09-01T13:07:19.239,2016-09-01T13:07:19.253,0
229,883,736574.546750613,1472735239.253,2016-09-01T13:07:19.253,,BCHH,10,HD3,.BCHH.10.HD3,N,-1,-1,NaN,.BCHH..HD3_10,1,0,1,0,0,1,0,9,stored_event_bounds,0,0,736574.546750451,736574.546750613,1472735239.239,1472735239.253,2016-09-01T13:07:19.239,2016-09-01T13:07:19.253,0.0139910727739334
230,14,736574.546752639,1472735239.428,2016-09-01T13:07:19.428,,BCHH,10,HD2,.BCHH.10.HD2,N,-1,-1,NaN,.BCHH..HD2_10,1,0,1,0,0,1,0,10,stored_event_bounds,0,0,736574.546752639,736574.546755463,1472735239.428,1472735239.672,2016-09-01T13:07:19.428,2016-09-01T13:07:19.672,0
231,12,736574.546752662,1472735239.43,2016-09-01T13:07:19.430,,BCHH,10,HD1,.BCHH.10.HD1,del,-1,-1,NaN,.BCHH..HD1_10,1,1,0,0,0,1,0,10,nearest_event,0,0,736574.546752639,736574.546755463,1472735239.428,1472735239.672,2016-09-01T13:07:19.428,2016-09-01T13:07:19.672,0.00200159847736359
232,13,736574.546752778,1472735239.44,2016-09-01T13:07:19.440,,BCHH,10,HD3,.BCHH.10.HD3,N,-1,-1,NaN,.BCHH..HD3_10,1,0,1,0,0,1,0,10,stored_event_bounds,0,0,736574.546752639,736574.546755463,1472735239.428,1472735239.672,2016-09-01T13:07:19.428,2016-09-01T13:07:19.672,0.0119995325803757
233,15,736574.546753056,1472735239.464,2016-09-01T13:07:19.464,,BCHH,00,HHZ,.BCHH.00.HHZ,N,-1,-1,NaN,.BCHH..HHZ_00,1,0,1,0,0,0,1,10,nearest_event,0,0,736574.546752639,736574.546755463,1472735239.428,1472735239.672,2016-09-01T13:07:19.428,2016-09-01T13:07:19.672,0.035998597741127
234,17,736574.546753299,1472735239.485,2016-09-01T13:07:19.485,,BCHH,00,HHE,.BCHH.00.HHE,del,-1,-1,NaN,.BCHH..HHE_00,1,1,0,0,0,0,1,10,nearest_event,0,0,736574.546752639,736574.546755463,1472735239.428,1472735239.672,2016-09-01T13:07:19.428,2016-09-01T13:07:19.672,0.0570002943277359
235,16,736574.546753299,1472735239.485,2016-09-01T13:07:19.485,,BCHH,00,HHN,.BCHH.00.HHN,del,-1,-1,NaN,.BCHH..HHN_00,1,1,0,0,0,0,1,10,nearest_event,0,0,736574.546752639,736574.546755463,1472735239.428,1472735239.672,2016-09-01T13:07:19.428,2016-09-01T13:07:19.672,0.0570002943277359
236,886,736574.54675353,1472735239.505,2016-09-01T13:07:19.505,,BCHH,10,HD2,.BCHH.10.HD2,N,-1,-1,NaN,.BCHH..HD2_10,1,0,1,0,0,1,0,10,stored_event_bounds,0,0,736574.546752639,736574.546755463,1472735239.428,1472735239.672,2016-09-01T13:07:19.428,2016-09-01T13:07:19.672,0.0769961625337601
237,887,736574.546753623,1472735239.513,2016-09-01T13:07:19.513,,BCHH,10,HD3,.BCHH.10.HD3,N,-1,-1,NaN,.BCHH..HD3_10,1,0,1,0,0,1,0,10,stored_event_bounds,0,0,736574.546752639,736574.546755463,1472735239.428,1472735239.672,2016-09-01T13:07:19.428,2016-09-01T13:07:19.672,0.0850025564432144
238,11,736574.546753657,1472735239.516,2016-09-01T13:07:19.516,,BCHH,10,HD1,.BCHH.10.HD1,N,-1,-1,NaN,.BCHH..HD1_10,1,0,1,0,0,1,0,10,stored_event_bounds,0,0,736574.546752639,736574.546755463,1472735239.428,1472735239.672,2016-09-01T13:07:19.428,2016-09-01T13:07:19.672,0.0879999250173569
239,889,736574.546754456,1472735239.585,2016-09-01T13:07:19.585,,BCHH,10,HD2,.BCHH.10.HD2,N,-1,-1,NaN,.BCHH..HD2_10,1,0,1,0,0,1,0,10,stored_event_bounds,0,0,736574.546752639,736574.546755463,1472735239.428,1472735239.672,2016-09-01T13:07:19.428,2016-09-01T13:07:19.672,0.156999751925468
240,885,736574.546754502,1472735239.589,2016-09-01T13:07:19.589,,BCHH,10,HD1,.BCHH.10.HD1,N,-1,-1,NaN,.BCHH..HD1_10,1,0,1,0,0,1,0,10,stored_event_bounds,0,0,736574.546752639,736574.546755463,1472735239.428,1472735239.672,2016-09-01T13:07:19.428,2016-09-01T13:07:19.672,0.161002948880196
241,890,736574.546754583,1472735239.596,2016-09-01T13:07:19.596,,BCHH,10,HD3,.BCHH.10.HD3,N,-1,-1,NaN,.BCHH..HD3_10,1,0,1,0,0,1,0,10,stored_event_bounds,0,0,736574.546752639,736574.546755463,1472735239.428,1472735239.672,2016-09-01T13:07:19.428,2016-09-01T13:07:19.672,0.168003514409065
242,888,736574.546755463,1472735239.672,2016-09-01T13:07:19.672,,BCHH,10,HD1,.BCHH.10.HD1,N,-1,-1,NaN,.BCHH..HD1_10,1,0,1,0,0,1,0,10,stored_event_bounds,0,0,736574.546752639,736574.546755463,1472735239.428,1472735239.672,2016-09-01T13:07:19.428,2016-09-01T13:07:19.672,0.244003906846046
245,876,736574.546760417,1472735240.1,2016-09-01T13:07:20.100,,BCHH,10,HD1,.BCHH.10.HD1,N,-1,-1,NaN,.BCHH..HD1_10,1,0,1,0,0,1,0,NaN,,NaN,0,NaN,NaN,NaN,NaN,NaT,NaT,NaN
243,875,736574.546769792,1472735240.91,2016-09-01T13:07:20.910,,BCHH,10,HD2,.BCHH.10.HD2,N,-1,-1,NaN,.BCHH..HD2_10,1,0,1,0,0,1,0,11,stored_event_bounds,0,0,736574.546769792,736574.546769884,1472735240.91,1472735240.918,2016-09-01T13:07:20.910,2016-09-01T13:07:20.918,0
244,874,736574.546769884,1472735240.918,2016-09-01T13:07:20.918,,BCHH,10,HD3,.BCHH.10.HD3,N,-1,-1,NaN,.BCHH..HD3_10,1,0,1,0,0,1,0,11,stored_event_bounds,0,0,736574.546769792,736574.546769884,1472735240.91,1472735240.918,2016-09-01T13:07:20.910,2016-09-01T13:07:20.918,0.00800639390945435
246,872,736574.546777465,1472735241.573,2016-09-01T13:07:21.573,,BCHH,10,HD2,.BCHH.10.HD2,N,-1,-1,NaN,.BCHH..HD2_10,1,0,1,0,0,1,0,12,stored_event_bounds,0,0,736574.546777465,736574.546778472,1472735241.573,1472735241.66,2016-09-01T13:07:21.573,2016-09-01T13:07:21.660,0
247,871,736574.546777558,1472735241.581,2016-09-01T13:07:21.581,,BCHH,10,HD3,.BCHH.10.HD3,N,-1,-1,NaN,.BCHH..HD3_10,1,0,1,0,0,1,0,12,stored_event_bounds,0,0,736574.546777465,736574.546778472,1472735241.573,1472735241.66,2016-09-01T13:07:21.573,2016-09-01T13:07:21.660,0.0079963356256485
248,873,736574.546778472,1472735241.66,2016-09-01T13:07:21.660,,BCHH,10,HD1,.BCHH.10.HD1,N,-1,-1,NaN,.BCHH..HD1_10,1,0,1,0,0,1,0,12,stored_event_bounds,0,0,736574.546777465,736574.546778472,1472735241.573,1472735241.66,2016-09-01T13:07:21.573,2016-09-01T13:07:21.660,0.087004154920578
249,19,736574.546799398,1472735243.468,2016-09-01T13:07:23.468,,BCHH,10,HD2,.BCHH.10.HD2,N,-1,-1,NaN,.BCHH..HD2_10,1,0,1,0,0,1,0,13,stored_event_bounds,0,0,736574.546799398,736574.546800417,1472735243.468,1472735243.556,2016-09-01T13:07:23.468,2016-09-01T13:07:23.556,0
250,20,736574.546799537,1472735243.48,2016-09-01T13:07:23.480,,BCHH,10,HD3,.BCHH.10.HD3,N,-1,-1,NaN,.BCHH..HD3_10,1,0,1,0,0,1,0,13,stored_event_bounds,0,0,736574.546799398,736574.546800417,1472735243.468,1472735243.556,2016-09-01T13:07:23.468,2016-09-01T13:07:23.556,0.0119995325803757
251,22,736574.546799618,1472735243.487,2016-09-01T13:07:23.487,,BCHH,00,HHZ,.BCHH.00.HHZ,del,-1,-1,NaN,.BCHH..HHZ_00,1,1,0,0,0,0,1,13,nearest_event,0,0,736574.546799398,736574.546800417,1472735243.468,1472735243.556,2016-09-01T13:07:23.468,2016-09-01T13:07:23.556,0.0190000981092453
252,23,736574.546799919,1472735243.513,2016-09-01T13:07:23.513,,BCHH,00,HHN,.BCHH.00.HHN,del,-1,-1,NaN,.BCHH..HHN_00,1,1,0,0,0,0,1,13,nearest_event,0,0,736574.546799398,736574.546800417,1472735243.468,1472735243.556,2016-09-01T13:07:23.468,2016-09-01T13:07:23.556,0.0450007617473602
253,21,736574.546800069,1472735243.526,2016-09-01T13:07:23.526,,BCHH,00,HHE,.BCHH.00.HHE,del,-1,-1,NaN,.BCHH..HHE_00,1,1,0,0,0,0,1,13,nearest_event,0,0,736574.546799398,736574.546800417,1472735243.468,1472735243.556,2016-09-01T13:07:23.468,2016-09-01T13:07:23.556,0.0579960644245148
254,18,736574.546800417,1472735243.556,2016-09-01T13:07:23.556,,BCHH,10,HD1,.BCHH.10.HD1,N,-1,-1,NaN,.BCHH..HD1_10,1,0,1,0,0,1,0,13,stored_event_bounds,0,0,736574.546799398,736574.546800417,1472735243.468,1472735243.556,2016-09-01T13:07:23.468,2016-09-01T13:07:23.556,0.0879999250173569
255,31,736574.546823426,1472735245.544,2016-09-01T13:07:25.544,,BCHH,10,HD2,.BCHH.10.HD2,del,-1,-1,NaN,.BCHH..HD2_10,1,1,0,0,0,1,0,14,nearest_event,0.00299736857414246,0,736574.546823461,736574.546823495,1472735245.547,1472735245.55,2016-09-01T13:07:25.547,2016-09-01T13:07:25.550,-0.00299736857414246
256,851,736574.546823461,1472735245.547,2016-09-01T13:07:25.547,,BCHH,10,HD3,.BCHH.10.HD3,N,-1,-1,NaN,.BCHH..HD3_10,1,0,1,0,0,1,0,14,stored_event_bounds,0,0,736574.546823461,736574.546823495,1472735245.547,1472735245.55,2016-09-01T13:07:25.547,2016-09-01T13:07:25.550,0
257,850,736574.546823495,1472735245.55,2016-09-01T13:07:25.550,,BCHH,10,HD2,.BCHH.10.HD2,N,-1,-1,NaN,.BCHH..HD2_10,1,0,1,0,0,1,0,14,stored_event_bounds,0,0,736574.546823461,736574.546823495,1472735245.547,1472735245.55,2016-09-01T13:07:25.547,2016-09-01T13:07:25.550,0.0030074268579483
258,30,736574.546824514,1472735245.638,2016-09-01T13:07:25.638,,BCHH,10,HD1,.BCHH.10.HD1,del,-1,-1,NaN,.BCHH..HD1_10,1,1,0,0,0,1,0,14,nearest_event,0.0879999250173569,0,736574.546823461,736574.546823495,1472735245.547,1472735245.55,2016-09-01T13:07:25.547,2016-09-01T13:07:25.550,0.0910073518753052
259,33,736574.546830926,1472735246.192,2016-09-01T13:07:26.192,,BCHH,10,HD2,.BCHH.10.HD2,N,-1,-1,NaN,.BCHH..HD2_10,1,0,1,0,0,1,0,15,stored_event_bounds,0,0,736574.546830926,736574.546831898,1472735246.192,1472735246.276,2016-09-01T13:07:26.192,2016-09-01T13:07:26.276,0
260,34,736574.546831019,1472735246.2,2016-09-01T13:07:26.200,,BCHH,10,HD3,.BCHH.10.HD3,N,-1,-1,NaN,.BCHH..HD3_10,1,0,1,0,0,1,0,15,stored_event_bounds,0,0,736574.546830926,736574.546831898,1472735246.192,1472735246.276,2016-09-01T13:07:26.192,2016-09-01T13:07:26.276,0.0079963356256485
261,32,736574.546831898,1472735246.276,2016-09-01T13:07:26.276,,BCHH,10,HD1,.BCHH.10.HD1,N,-1,-1,NaN,.BCHH..HD1_10,1,0,1,0,0,1,0,15,stored_event_bounds,0,0,736574.546830926,736574.546831898,1472735246.192,1472735246.276,2016-09-01T13:07:26.192,2016-09-01T13:07:26.276,0.0839967280626297
262,39,736574.54683787,1472735246.792,2016-09-01T13:07:26.792,,BCHH,10,HD2,.BCHH.10.HD2,N,-1,-1,NaN,.BCHH..HD2_10,1,0,1,0,0,1,0,16,stored_event_bounds,0,0,736574.54683787,736574.546838889,1472735246.792,1472735246.88,2016-09-01T13:07:26.792,2016-09-01T13:07:26.880,0
263,40,736574.546837975,1472735246.801,2016-09-01T13:07:26.801,,BCHH,10,HD3,.BCHH.10.HD3,N,-1,-1,NaN,.BCHH..HD3_10,1,0,1,0,0,1,0,16,stored_event_bounds,0,0,736574.54683787,736574.546838889,1472735246.792,1472735246.88,2016-09-01T13:07:26.792,2016-09-01T13:07:26.880,0.00900216400623322
264,38,736574.546838889,1472735246.88,2016-09-01T13:07:26.880,,BCHH,10,HD1,.BCHH.10.HD1,N,-1,-1,NaN,.BCHH..HD1_10,1,0,1,0,0,1,0,16,stored_event_bounds,0,0,736574.54683787,736574.546838889,1472735246.792,1472735246.88,2016-09-01T13:07:26.792,2016-09-01T13:07:26.880,0.0879999250173569
265,25,736574.546856574,1472735248.40799,2016-09-01T13:07:28.407,,BCHH,10,HD2,.BCHH.10.HD2,N,-1,-1,NaN,.BCHH..HD2_10,1,0,1,0,0,1,0,17,stored_event_bounds,0,0,736574.546856574,736574.546857593,1472735248.40799,1472735248.49601,2016-09-01T13:07:28.407,2016-09-01T13:07:28.496,0
266,26,736574.546856678,1472735248.417,2016-09-01T13:07:28.417,,BCHH,10,HD3,.BCHH.10.HD3,N,-1,-1,NaN,.BCHH..HD3_10,1,0,1,0,0,1,0,17,stored_event_bounds,0,0,736574.546856574,736574.546857593,1472735248.40799,1472735248.49601,2016-09-01T13:07:28.407,2016-09-01T13:07:28.496,0.00900216400623322
267,28,736574.546856991,1472735248.444,2016-09-01T13:07:28.444,,BCHH,00,HHZ,.BCHH.00.HHZ,N,-1,-1,NaN,.BCHH..HHZ_00,1,0,1,0,0,0,1,17,nearest_event,0,0,736574.546856574,736574.546857593,1472735248.40799,1472735248.49601,2016-09-01T13:07:28.407,2016-09-01T13:07:28.496,0.0360086560249329
268,29,736574.546857072,1472735248.451,2016-09-01T13:07:28.451,,BCHH,00,HHN,.BCHH.00.HHN,del,-1,-1,NaN,.BCHH..HHN_00,1,1,0,0,0,0,1,17,nearest_event,0,0,736574.546856574,736574.546857593,1472735248.40799,1472735248.49601,2016-09-01T13:07:28.407,2016-09-01T13:07:28.496,0.0430092215538025
269,27,736574.546857083,1472735248.452,2016-09-01T13:07:28.452,,BCHH,00,HHE,.BCHH.00.HHE,del,-1,-1,NaN,.BCHH..HHE_00,1,1,0,0,0,0,1,17,nearest_event,0,0,736574.546856574,736574.546857593,1472735248.40799,1472735248.49601,2016-09-01T13:07:28.407,2016-09-01T13:07:28.496,0.0440049916505814
270,24,736574.546857593,1472735248.49601,2016-09-01T13:07:28.496,,BCHH,10,HD1,.BCHH.10.HD1,N,-1,-1,NaN,.BCHH..HD1_10,1,0,1,0,0,1,0,17,stored_event_bounds,0,0,736574.546856574,736574.546857593,1472735248.40799,1472735248.49601,2016-09-01T13:07:28.407,2016-09-01T13:07:28.496,0.0880099833011627
271,35,736574.546863287,1472735248.988,2016-09-01T13:07:28.988,,BCHH,10,HD2,.BCHH.10.HD2,N,-1,-1,NaN,.BCHH..HD2_10,1,0,1,0,0,1,0,18,stored_event_bounds,0,0,736574.546863287,736574.546864306,1472735248.988,1472735249.076,2016-09-01T13:07:28.988,2016-09-01T13:07:29.076,0
272,37,736574.54686338,1472735248.996,2016-09-01T13:07:28.996,,BCHH,10,HD3,.BCHH.10.HD3,N,-1,-1,NaN,.BCHH..HD3_10,1,0,1,0,0,1,0,18,stored_event_bounds,0,0,736574.546863287,736574.546864306,1472735248.988,1472735249.076,2016-09-01T13:07:28.988,2016-09-01T13:07:29.076,0.00800639390945435
273,36,736574.546864306,1472735249.076,2016-09-01T13:07:29.076,,BCHH,10,HD1,.BCHH.10.HD1,N,-1,-1,NaN,.BCHH..HD1_10,1,0,1,0,0,1,0,18,stored_event_bounds,0,0,736574.546863287,736574.546864306,1472735248.988,1472735249.076,2016-09-01T13:07:28.988,2016-09-01T13:07:29.076,0.0879999250173569
274,41,736574.546880231,1472735250.452,2016-09-01T13:07:30.452,,BCHH,10,HD2,.BCHH.10.HD2,N,-1,-1,NaN,.BCHH..HD2_10,1,0,1,0,0,1,0,19,stored_event_bounds,0,0,736574.546880231,736574.54688125,1472735250.452,1472735250.54,2016-09-01T13:07:30.452,2016-09-01T13:07:30.540,0
275,43,736574.54688037,1472735250.464,2016-09-01T13:07:30.464,,BCHH,10,HD3,.BCHH.10.HD3,N,-1,-1,NaN,.BCHH..HD3_10,1,0,1,0,0,1,0,19,stored_event_bounds,0,0,736574.546880231,736574.54688125,1472735250.452,1472735250.54,2016-09-01T13:07:30.452,2016-09-01T13:07:30.540,0.0119995325803757
276,48,736574.546880648,1472735250.488,2016-09-01T13:07:30.488,,BCHH,00,HHZ,.BCHH.00.HHZ,N,-1,-1,NaN,.BCHH..HHZ_00,1,0,1,0,0,0,1,19,nearest_event,0,0,736574.546880231,736574.54688125,1472735250.452,1472735250.54,2016-09-01T13:07:30.452,2016-09-01T13:07:30.540,0.035998597741127
277,42,736574.54688125,1472735250.54,2016-09-01T13:07:30.540,,BCHH,10,HD1,.BCHH.10.HD1,N,-1,-1,NaN,.BCHH..HD1_10,1,0,1,0,0,1,0,19,stored_event_bounds,0,0,736574.546880231,736574.54688125,1472735250.452,1472735250.54,2016-09-01T13:07:30.452,2016-09-01T13:07:30.540,0.0879999250173569
278,45,736574.546907407,1472735252.8,2016-09-01T13:07:32.800,,BCHH,10,HD2,.BCHH.10.HD2,N,-1,-1,NaN,.BCHH..HD2_10,1,0,1,0,0,1,0,20,stored_event_bounds,0,0,736574.546907407,736574.546908426,1472735252.8,1472735252.888,2016-09-01T13:07:32.800,2016-09-01T13:07:32.888,0
279,46,736574.5469075,1472735252.808,2016-09-01T13:07:32.808,,BCHH,10,HD3,.BCHH.10.HD3,N,-1,-1,NaN,.BCHH..HD3_10,1,0,1,0,0,1,0,20,stored_event_bounds,0,0,736574.546907407,736574.546908426,1472735252.8,1472735252.888,2016-09-01T13:07:32.800,2016-09-01T13:07:32.888,0.0079963356256485
280,47,736574.546907824,1472735252.836,2016-09-01T13:07:32.836,,BCHH,00,HHZ,.BCHH.00.HHZ,N,-1,-1,NaN,.BCHH..HHZ_00,1,0,1,0,0,0,1,20,nearest_event,0,0,736574.546907407,736574.546908426,1472735252.8,1472735252.888,2016-09-01T13:07:32.800,2016-09-01T13:07:32.888,0.035998597741127
281,44,736574.546908426,1472735252.888,2016-09-01T13:07:32.888,,BCHH,10,HD1,.BCHH.10.HD1,N,-1,-1,NaN,.BCHH..HD1_10,1,0,1,0,0,1,0,20,stored_event_bounds,0,0,736574.546907407,736574.546908426,1472735252.8,1472735252.888,2016-09-01T13:07:32.800,2016-09-01T13:07:32.888,0.0879999250173569
282,446,736574.546926308,1472735254.433,2016-09-01T13:07:34.433,,BCHH,10,HD2,.BCHH.10.HD2,N,-1,-1,NaN,.BCHH..HD2_10,1,0,1,0,0,1,0,21,stored_event_bounds,0,0,736574.546926308,736574.546927384,1472735254.433,1472735254.526,2016-09-01T13:07:34.433,2016-09-01T13:07:34.526,0
283,447,736574.546926482,1472735254.448,2016-09-01T13:07:34.448,,BCHH,10,HD3,.BCHH.10.HD3,N,-1,-1,NaN,.BCHH..HD3_10,1,0,1,0,0,1,0,21,stored_event_bounds,0,0,736574.546926308,736574.546927384,1472735254.433,1472735254.526,2016-09-01T13:07:34.433,2016-09-01T13:07:34.526,0.015006959438324
284,445,736574.546927384,1472735254.526,2016-09-01T13:07:34.526,,BCHH,10,HD1,.BCHH.10.HD1,N,-1,-1,NaN,.BCHH..HD1_10,1,0,1,0,0,1,0,21,stored_event_bounds,0,0,736574.546926308,736574.546927384,1472735254.433,1472735254.526,2016-09-01T13:07:34.433,2016-09-01T13:07:34.526,0.0929988920688629
285,52,736574.546972037,1472735258.384,2016-09-01T13:07:38.384,,BCHH,10,HD2,.BCHH.10.HD2,N,-1,-1,NaN,.BCHH..HD2_10,1,0,1,0,0,1,0,22,stored_event_bounds,0,0,736574.546972037,736574.546973148,1472735258.384,1472735258.48,2016-09-01T13:07:38.384,2016-09-01T13:07:38.480,0
286,50,736574.546972141,1472735258.393,2016-09-01T13:07:38.393,,BCHH,10,HD3,.BCHH.10.HD3,N,-1,-1,NaN,.BCHH..HD3_10,1,0,1,0,0,1,0,22,stored_event_bounds,0,0,736574.546972037,736574.546973148,1472735258.384,1472735258.48,2016-09-01T13:07:38.384,2016-09-01T13:07:38.480,0.00900216400623322
287,49,736574.546972454,1472735258.42,2016-09-01T13:07:38.420,,BCHH,00,HHZ,.BCHH.00.HHZ,N,-1,-1,NaN,.BCHH..HHZ_00,1,0,1,0,0,0,1,22,nearest_event,0,0,736574.546972037,736574.546973148,1472735258.384,1472735258.48,2016-09-01T13:07:38.384,2016-09-01T13:07:38.480,0.035998597741127
288,51,736574.546973148,1472735258.48,2016-09-01T13:07:38.480,,BCHH,10,HD1,.BCHH.10.HD1,N,-1,-1,NaN,.BCHH..HD1_10,1,0,1,0,0,1,0,22,stored_event_bounds,0,0,736574.546972037,736574.546973148,1472735258.384,1472735258.48,2016-09-01T13:07:38.384,2016-09-01T13:07:38.480,0.0959962606430054
289,53,736574.546979491,1472735259.028,2016-09-01T13:07:39.028,,BCHH,10,HD2,.BCHH.10.HD2,N,-1,-1,NaN,.BCHH..HD2_10,1,0,1,0,0,1,0,23,stored_event_bounds,0,0,736574.546979491,736574.546980463,1472735259.028,1472735259.112,2016-09-01T13:07:39.028,2016-09-01T13:07:39.112,0
290,55,736574.546979583,1472735259.036,2016-09-01T13:07:39.036,,BCHH,10,HD3,.BCHH.10.HD3,N,-1,-1,NaN,.BCHH..HD3_10,1,0,1,0,0,1,0,23,stored_event_bounds,0,0,736574.546979491,736574.546980463,1472735259.028,1472735259.112,2016-09-01T13:07:39.028,2016-09-01T13:07:39.112,0.0079963356256485
291,54,736574.546980463,1472735259.112,2016-09-01T13:07:39.112,,BCHH,10,HD1,.BCHH.10.HD1,N,-1,-1,NaN,.BCHH..HD1_10,1,0,1,0,0,1,0,23,stored_event_bounds,0,0,736574.546979491,736574.546980463,1472735259.028,1472735259.112,2016-09-01T13:07:39.028,2016-09-01T13:07:39.112,0.0839967280626297
292,56,736574.547012315,1472735261.864,2016-09-01T13:07:41.864,,BCHH,10,HD2,.BCHH.10.HD2,N,-1,-1,NaN,.BCHH..HD2_10,1,0,1,0,0,1,0,24,stored_event_bounds,0,0,736574.547012315,736574.547013333,1472735261.864,1472735261.952,2016-09-01T13:07:41.864,2016-09-01T13:07:41.952,0
293,58,736574.547012407,1472735261.872,2016-09-01T13:07:41.872,,BCHH,10,HD3,.BCHH.10.HD3,N,-1,-1,NaN,.BCHH..HD3_10,1,0,1,0,0,1,0,24,stored_event_bounds,0,0,736574.547012315,736574.547013333,1472735261.864,1472735261.952,2016-09-01T13:07:41.864,2016-09-01T13:07:41.952,0.00800639390945435
294,59,736574.547012697,1472735261.897,2016-09-01T13:07:41.897,,BCHH,00,HHZ,.BCHH.00.HHZ,N,-1,-1,NaN,.BCHH..HHZ_00,1,0,1,0,0,0,1,24,nearest_event,0,0,736574.547012315,736574.547013333,1472735261.864,1472735261.952,2016-09-01T13:07:41.864,2016-09-01T13:07:41.952,0.0330012291669846
295,60,736574.547012766,1472735261.903,2016-09-01T13:07:41.903,,BCHH,00,HHN,.BCHH.00.HHN,del,-1,-1,NaN,.BCHH..HHN_00,1,1,0,0,0,0,1,24,nearest_event,0,0,736574.547012315,736574.547013333,1472735261.864,1472735261.952,2016-09-01T13:07:41.864,2016-09-01T13:07:41.952,0.0390060245990753
296,57,736574.547013333,1472735261.952,2016-09-01T13:07:41.952,,BCHH,10,HD1,.BCHH.10.HD1,N,-1,-1,NaN,.BCHH..HD1_10,1,0,1,0,0,1,0,24,stored_event_bounds,0,0,736574.547012315,736574.547013333,1472735261.864,1472735261.952,2016-09-01T13:07:41.864,2016-09-01T13:07:41.952,0.0879999250173569
297,62,736574.547016574,1472735262.232,2016-09-01T13:07:42.232,,BCHH,10,HD2,.BCHH.10.HD2,N,-1,-1,NaN,.BCHH..HD2_10,1,0,1,0,0,1,0,25,stored_event_bounds,0,0,736574.547016574,736574.547017731,1472735262.232,1472735262.332,2016-09-01T13:07:42.232,2016-09-01T13:07:42.332,0
298,64,736574.547016759,1472735262.248,2016-09-01T13:07:42.248,,BCHH,10,HD3,.BCHH.10.HD3,N,-1,-1,NaN,.BCHH..HD3_10,1,0,1,0,0,1,0,25,stored_event_bounds,0,0,736574.547016574,736574.547017731,1472735262.232,1472735262.332,2016-09-01T13:07:42.232,2016-09-01T13:07:42.332,0.0160027295351028
299,63,736574.547017731,1472735262.332,2016-09-01T13:07:42.332,,BCHH,10,HD1,.BCHH.10.HD1,N,-1,-1,NaN,.BCHH..HD1_10,1,0,1,0,0,1,0,25,stored_event_bounds,0,0,736574.547016574,736574.547017731,1472735262.232,1472735262.332,2016-09-01T13:07:42.232,2016-09-01T13:07:42.332,0.0999994575977325
300,61,736574.547056343,1472735265.668,2016-09-01T13:07:45.668,,BCHH,10,HD2,.BCHH.10.HD2,N,-1,-1,NaN,.BCHH..HD2_10,1,0,1,0,0,1,0,26,stored_event_bounds,0,0,736574.547056343,736574.547056725,1472735265.668,1472735265.701,2016-09-01T13:07:45.668,2016-09-01T13:07:45.701,0
301,65,736574.547056389,1472735265.672,2016-09-01T13:07:45.672,,BCHH,10,HD3,.BCHH.10.HD3,N,-1,-1,NaN,.BCHH..HD3_10,1,0,1,0,0,1,0,26,stored_event_bounds,0,0,736574.547056343,736574.547056725,1472735265.668,1472735265.701,2016-09-01T13:07:45.668,2016-09-01T13:07:45.701,0.00400319695472717
302,69,736574.547056725,1472735265.701,2016-09-01T13:07:45.701,,BCHH,00,HHZ,.BCHH.00.HHZ,N,-1,-1,NaN,.BCHH..HHZ_00,1,0,1,0,0,0,1,26,nearest_event,0,0,736574.547056343,736574.547056725,1472735265.668,1472735265.701,2016-09-01T13:07:45.668,2016-09-01T13:07:45.701,0.0330012291669846
303,70,736574.547057014,1472735265.726,2016-09-01T13:07:45.726,,BCHH,00,HHN,.BCHH.00.HHN,del,-1,-1,NaN,.BCHH..HHN_00,1,1,0,0,0,0,1,26,nearest_event,0.0249948352575302,0,736574.547056343,736574.547056725,1472735265.668,1472735265.701,2016-09-01T13:07:45.668,2016-09-01T13:07:45.701,0.0579960644245148
304,72,736574.547071065,1472735266.94,2016-09-01T13:07:46.940,,BCHH,10,HD1,.BCHH.10.HD1,del,-1,-1,NaN,.BCHH..HD1_10,1,1,0,0,0,1,0,NaN,,NaN,0,NaN,NaN,NaN,NaN,NaT,NaT,NaN
305,73,736574.547071863,1472735267.009,2016-09-01T13:07:47.009,,BCHH,10,HD1,.BCHH.10.HD1,del,-1,-1,NaN,.BCHH..HD1_10,1,1,0,0,0,1,0,NaN,,NaN,0,NaN,NaN,NaN,NaN,NaT,NaT,NaN
306,66,736574.547079826,1472735267.697,2016-09-01T13:07:47.697,,BCHH,10,HD2,.BCHH.10.HD2,N,-1,-1,NaN,.BCHH..HD2_10,1,0,1,0,0,1,0,27,stored_event_bounds,0,0,736574.547079826,736574.547080833,1472735267.697,1472735267.784,2016-09-01T13:07:47.697,2016-09-01T13:07:47.784,0
307,67,736574.547079965,1472735267.709,2016-09-01T13:07:47.709,,BCHH,10,HD3,.BCHH.10.HD3,N,-1,-1,NaN,.BCHH..HD3_10,1,0,1,0,0,1,0,27,stored_event_bounds,0,0,736574.547079826,736574.547080833,1472735267.697,1472735267.784,2016-09-01T13:07:47.697,2016-09-01T13:07:47.784,0.0119995325803757
308,71,736574.547080289,1472735267.737,2016-09-01T13:07:47.737,,BCHH,00,HHZ,.BCHH.00.HHZ,N,-1,-1,NaN,.BCHH..HHZ_00,1,0,1,0,0,0,1,27,nearest_event,0,0,736574.547079826,736574.547080833,1472735267.697,1472735267.784,2016-09-01T13:07:47.697,2016-09-01T13:07:47.784,0.0400017946958542
309,68,736574.547080833,1472735267.784,2016-09-01T13:07:47.784,,BCHH,10,HD1,.BCHH.10.HD1,N,-1,-1,NaN,.BCHH..HD1_10,1,0,1,0,0,1,0,27,stored_event_bounds,0,0,736574.547079826,736574.547080833,1472735267.697,1472735267.784,2016-09-01T13:07:47.697,2016-09-01T13:07:47.784,0.087004154920578
310,74,736574.547090926,1472735268.656,2016-09-01T13:07:48.656,,BCHH,10,HD2,.BCHH.10.HD2,N,-1,-1,NaN,.BCHH..HD2_10,1,0,1,0,0,1,0,28,stored_event_bounds,0,0,736574.547090926,736574.547090972,1472735268.656,1472735268.66,2016-09-01T13:07:48.656,2016-09-01T13:07:48.660,0
311,75,736574.547090972,1472735268.66,2016-09-01T13:07:48.660,,BCHH,10,HD3,.BCHH.10.HD3,N,-1,-1,NaN,.BCHH..HD3_10,1,0,1,0,0,1,0,28,stored_event_bounds,0,0,736574.547090926,736574.547090972,1472735268.656,1472735268.66,2016-09-01T13:07:48.656,2016-09-01T13:07:48.660,0.00399313867092133
312,76,736574.547136331,1472735272.579,2016-09-01T13:07:52.579,,BCHH,10,HD2,.BCHH.10.HD2,N,-1,-1,NaN,.BCHH..HD2_10,1,0,1,0,0,1,0,29,stored_event_bounds,0,0,736574.547136331,736574.547137268,1472735272.579,1472735272.66,2016-09-01T13:07:52.579,2016-09-01T13:07:52.660,0
313,80,736574.5471364,1472735272.585,2016-09-01T13:07:52.585,,BCHH,10,HD3,.BCHH.10.HD3,N,-1,-1,NaN,.BCHH..HD3_10,1,0,1,0,0,1,0,29,stored_event_bounds,0,0,736574.547136331,736574.547137268,1472735272.579,1472735272.66,2016-09-01T13:07:52.579,2016-09-01T13:07:52.660,0.00600479543209076
314,77,736574.547136759,1472735272.616,2016-09-01T13:07:52.616,,BCHH,00,HHZ,.BCHH.00.HHZ,N,-1,-1,NaN,.BCHH..HHZ_00,1,0,1,0,0,0,1,29,nearest_event,0,0,736574.547136331,736574.547137268,1472735272.579,1472735272.66,2016-09-01T13:07:52.579,2016-09-01T13:07:52.660,0.0370044261217117
315,81,736574.54713684,1472735272.623,2016-09-01T13:07:52.623,,BCHH,00,HHN,.BCHH.00.HHN,del,-1,-1,NaN,.BCHH..HHN_00,1,1,0,0,0,0,1,29,nearest_event,0,0,736574.547136331,736574.547137268,1472735272.579,1472735272.66,2016-09-01T13:07:52.579,2016-09-01T13:07:52.660,0.0440049916505814
316,79,736574.54713691,1472735272.629,2016-09-01T13:07:52.629,,BCHH,00,HHE,.BCHH.00.HHE,del,-1,-1,NaN,.BCHH..HHE_00,1,1,0,0,0,0,1,29,nearest_event,0,0,736574.547136331,736574.547137268,1472735272.579,1472735272.66,2016-09-01T13:07:52.579,2016-09-01T13:07:52.660,0.0499997287988663
317,78,736574.547137268,1472735272.66,2016-09-01T13:07:52.660,,BCHH,10,HD1,.BCHH.10.HD1,N,-1,-1,NaN,.BCHH..HD1_10,1,0,1,0,0,1,0,29,stored_event_bounds,0,0,736574.547136331,736574.547137268,1472735272.579,1472735272.66,2016-09-01T13:07:52.579,2016-09-01T13:07:52.660,0.0809993594884872
318,82,736574.547176898,1472735276.084,2016-09-01T13:07:56.084,,BCHH,10,HD2,.BCHH.10.HD2,N,-1,-1,NaN,.BCHH..HD2_10,1,0,1,0,0,1,0,30,stored_event_bounds,0,0,736574.547176898,736574.547177315,1472735276.084,1472735276.12,2016-09-01T13:07:56.084,2016-09-01T13:07:56.120,0
319,83,736574.547176991,1472735276.092,2016-09-01T13:07:56.092,,BCHH,10,HD3,.BCHH.10.HD3,N,-1,-1,NaN,.BCHH..HD3_10,1,0,1,0,0,1,0,30,stored_event_bounds,0,0,736574.547176898,736574.547177315,1472735276.084,1472735276.12,2016-09-01T13:07:56.084,2016-09-01T13:07:56.120,0.00800639390945435
320,84,736574.547177315,1472735276.12,2016-09-01T13:07:56.120,,BCHH,00,HHZ,.BCHH.00.HHZ,N,-1,-1,NaN,.BCHH..HHZ_00,1,0,1,0,0,0,1,30,nearest_event,0,0,736574.547176898,736574.547177315,1472735276.084,1472735276.12,2016-09-01T13:07:56.084,2016-09-01T13:07:56.120,0.035998597741127
321,85,736574.547177442,1472735276.131,2016-09-01T13:07:56.131,,BCHH,00,HHE,.BCHH.00.HHE,del,-1,-1,NaN,.BCHH..HHE_00,1,1,0,0,0,0,1,30,nearest_event,0.0110037624835968,0,736574.547176898,736574.547177315,1472735276.084,1472735276.12,2016-09-01T13:07:56.084,2016-09-01T13:07:56.120,0.0470023602247238
322,86,736574.547198657,1472735277.964,2016-09-01T13:07:57.964,,BCHH,10,HD2,.BCHH.10.HD2,N,-1,-1,NaN,.BCHH..HD2_10,1,0,1,0,0,1,0,31,stored_event_bounds,0,0,736574.547198657,736574.54719963,1472735277.964,1472735278.048,2016-09-01T13:07:57.964,2016-09-01T13:07:58.048,0
323,87,736574.547198704,1472735277.968,2016-09-01T13:07:57.968,,BCHH,10,HD3,.BCHH.10.HD3,N,-1,-1,NaN,.BCHH..HD3_10,1,0,1,0,0,1,0,31,stored_event_bounds,0,0,736574.547198657,736574.54719963,1472735277.964,1472735278.048,2016-09-01T13:07:57.964,2016-09-01T13:07:58.048,0.00400319695472717
324,382,736574.547199039,1472735277.997,2016-09-01T13:07:57.997,,BCHH,00,HHZ,.BCHH.00.HHZ,N,-1,-1,NaN,.BCHH..HHZ_00,1,0,1,0,0,0,1,31,nearest_event,0,0,736574.547198657,736574.54719963,1472735277.964,1472735278.048,2016-09-01T13:07:57.964,2016-09-01T13:07:58.048,0.0330012291669846
325,88,736574.54719912,1472735278.004,2016-09-01T13:07:58.004,,BCHH,00,HHN,.BCHH.00.HHN,del,-1,-1,NaN,.BCHH..HHN_00,1,1,0,0,0,0,1,31,nearest_event,0,0,736574.547198657,736574.54719963,1472735277.964,1472735278.048,2016-09-01T13:07:57.964,2016-09-01T13:07:58.048,0.0400017946958542
326,383,736574.54719963,1472735278.048,2016-09-01T13:07:58.048,,BCHH,10,HD1,.BCHH.10.HD1,N,-1,-1,NaN,.BCHH..HD1_10,1,0,1,0,0,1,0,31,stored_event_bounds,0,0,736574.547198657,736574.54719963,1472735277.964,1472735278.048,2016-09-01T13:07:57.964,2016-09-01T13:07:58.048,0.0839967280626297
327,117,736574.547242905,1472735281.787,2016-09-01T13:08:01.787,,BCHH,10,HD1,.BCHH.10.HD1,del,-1,-1,NaN,.BCHH..HD1_10,1,1,0,0,0,1,0,NaN,,NaN,0,NaN,NaN,NaN,NaN,NaT,NaT,NaN
328,453,736574.547242917,1472735281.788,2016-09-01T13:08:01.788,,BCHH,10,HD1,.BCHH.10.HD1,,-1,-1,NaN,.BCHH..HD1_10,1,0,0,0,1,1,0,NaN,,NaN,0,NaN,NaN,NaN,NaN,NaT,NaT,NaN
329,658,736574.547269595,1472735284.093,2016-09-01T13:08:04.093,,BCHH,00,HHZ,.BCHH.00.HHZ,,-1,-1,NaN,.BCHH..HHZ_00,1,0,0,0,1,0,1,NaN,,NaN,0,NaN,NaN,NaN,NaN,NaT,NaT,NaN
330,93,736574.547333241,1472735289.592,2016-09-01T13:08:09.592,,BCHH,10,HD2,.BCHH.10.HD2,N,-1,-1,NaN,.BCHH..HD2_10,1,0,1,0,0,1,0,32,stored_event_bounds,0,0,736574.547333241,736574.547334259,1472735289.592,1472735289.68,2016-09-01T13:08:09.592,2016-09-01T13:08:09.680,0
331,92,736574.54733338,1472735289.604,2016-09-01T13:08:09.604,,BCHH,10,HD3,.BCHH.10.HD3,N,-1,-1,NaN,.BCHH..HD3_10,1,0,1,0,0,1,0,32,stored_event_bounds,0,0,736574.547333241,736574.547334259,1472735289.592,1472735289.68,2016-09-01T13:08:09.592,2016-09-01T13:08:09.680,0.0119995325803757
332,90,736574.547333704,1472735289.632,2016-09-01T13:08:09.632,,BCHH,00,HHZ,.BCHH.00.HHZ,N,-1,-1,NaN,.BCHH..HHZ_00,1,0,1,0,0,0,1,32,nearest_event,0,0,736574.547333241,736574.547334259,1472735289.592,1472735289.68,2016-09-01T13:08:09.592,2016-09-01T13:08:09.680,0.0400017946958542
333,89,736574.547333762,1472735289.637,2016-09-01T13:08:09.637,,BCHH,00,HHE,.BCHH.00.HHE,del,-1,-1,NaN,.BCHH..HHE_00,1,1,0,0,0,0,1,32,nearest_event,0,0,736574.547333241,736574.547334259,1472735289.592,1472735289.68,2016-09-01T13:08:09.592,2016-09-01T13:08:09.680,0.0450007617473602
334,91,736574.547333819,1472735289.642,2016-09-01T13:08:09.642,,BCHH,00,HHN,.BCHH.00.HHN,del,-1,-1,NaN,.BCHH..HHN_00,1,1,0,0,0,0,1,32,nearest_event,0,0,736574.547333241,736574.547334259,1472735289.592,1472735289.68,2016-09-01T13:08:09.592,2016-09-01T13:08:09.680,0.0499997287988663
335,118,736574.547334259,1472735289.68,2016-09-01T13:08:09.680,,BCHH,10,HD1,.BCHH.10.HD1,N,-1,-1,NaN,.BCHH..HD1_10,1,0,1,0,0,1,0,32,stored_event_bounds,0,0,736574.547333241,736574.547334259,1472735289.592,1472735289.68,2016-09-01T13:08:09.592,2016-09-01T13:08:09.680,0.0879999250173569
336,94,736574.547433241,1472735298.232,2016-09-01T13:08:18.232,,BCHH,10,HD2,.BCHH.10.HD2,N,-1,-1,NaN,.BCHH..HD2_10,1,0,1,0,0,1,0,33,stored_event_bounds,0,0,736574.547433241,736574.547434352,1472735298.232,1472735298.328,2016-09-01T13:08:18.232,2016-09-01T13:08:18.328,0
337,96,736574.547433333,1472735298.24,2016-09-01T13:08:18.240,,BCHH,10,HD3,.BCHH.10.HD3,N,-1,-1,NaN,.BCHH..HD3_10,1,0,1,0,0,1,0,33,stored_event_bounds,0,0,736574.547433241,736574.547434352,1472735298.232,1472735298.328,2016-09-01T13:08:18.232,2016-09-01T13:08:18.328,0.00800639390945435
338,97,736574.547433657,1472735298.268,2016-09-01T13:08:18.268,,BCHH,00,HHZ,.BCHH.00.HHZ,N,-1,-1,NaN,.BCHH..HHZ_00,1,0,1,0,0,0,1,33,nearest_event,0,0,736574.547433241,736574.547434352,1472735298.232,1472735298.328,2016-09-01T13:08:18.232,2016-09-01T13:08:18.328,0.0360086560249329
339,98,736574.547433738,1472735298.275,2016-09-01T13:08:18.275,,BCHH,00,HHN,.BCHH.00.HHN,del,-1,-1,NaN,.BCHH..HHN_00,1,1,0,0,0,0,1,33,nearest_event,0,0,736574.547433241,736574.547434352,1472735298.232,1472735298.328,2016-09-01T13:08:18.232,2016-09-01T13:08:18.328,0.0430092215538025
340,99,736574.547433831,1472735298.283,2016-09-01T13:08:18.283,,BCHH,00,HHE,.BCHH.00.HHE,del,-1,-1,NaN,.BCHH..HHE_00,1,1,0,0,0,0,1,33,nearest_event,0,0,736574.547433241,736574.547434352,1472735298.232,1472735298.328,2016-09-01T13:08:18.232,2016-09-01T13:08:18.328,0.051005557179451
341,95,736574.547434352,1472735298.328,2016-09-01T13:08:18.328,,BCHH,10,HD1,.BCHH.10.HD1,N,-1,-1,NaN,.BCHH..HD1_10,1,0,1,0,0,1,0,33,stored_event_bounds,0,0,736574.547433241,736574.547434352,1472735298.232,1472735298.328,2016-09-01T13:08:18.232,2016-09-01T13:08:18.328,0.0960063189268112
342,102,736574.547484444,1472735302.656,2016-09-01T13:08:22.656,,BCHH,10,HD2,.BCHH.10.HD2,N,-1,-1,NaN,.BCHH..HD2_10,1,0,1,0,0,1,0,34,stored_event_bounds,0,0,736574.547484444,736574.547485694,1472735302.656,1472735302.764,2016-09-01T13:08:22.656,2016-09-01T13:08:22.764,0
343,104,736574.547484676,1472735302.676,2016-09-01T13:08:22.676,,BCHH,10,HD3,.BCHH.10.HD3,N,-1,-1,NaN,.BCHH..HD3_10,1,0,1,0,0,1,0,34,stored_event_bounds,0,0,736574.547484444,736574.547485694,1472735302.656,1472735302.764,2016-09-01T13:08:22.656,2016-09-01T13:08:22.764,0.0199958682060242
344,101,736574.547484861,1472735302.692,2016-09-01T13:08:22.692,,BCHH,00,HHZ,.BCHH.00.HHZ,N,-1,-1,NaN,.BCHH..HHZ_00,1,0,1,0,0,0,1,34,nearest_event,0,0,736574.547484444,736574.547485694,1472735302.656,1472735302.764,2016-09-01T13:08:22.656,2016-09-01T13:08:22.764,0.035998597741127
345,100,736574.547485,1472735302.704,2016-09-01T13:08:22.704,,BCHH,00,HHE,.BCHH.00.HHE,del,-1,-1,NaN,.BCHH..HHE_00,1,1,0,0,0,0,1,34,nearest_event,0,0,736574.547484444,736574.547485694,1472735302.656,1472735302.764,2016-09-01T13:08:22.656,2016-09-01T13:08:22.764,0.0479981303215027
346,105,736574.547485035,1472735302.707,2016-09-01T13:08:22.707,,BCHH,00,HHN,.BCHH.00.HHN,del,-1,-1,NaN,.BCHH..HHN_00,1,1,0,0,0,0,1,34,nearest_event,0,0,736574.547484444,736574.547485694,1472735302.656,1472735302.764,2016-09-01T13:08:22.656,2016-09-01T13:08:22.764,0.0509954988956451
347,103,736574.547485694,1472735302.764,2016-09-01T13:08:22.764,,BCHH,10,HD1,.BCHH.10.HD1,N,-1,-1,NaN,.BCHH..HD1_10,1,0,1,0,0,1,0,34,stored_event_bounds,0,0,736574.547484444,736574.547485694,1472735302.656,1472735302.764,2016-09-01T13:08:22.656,2016-09-01T13:08:22.764,0.107995793223381
348,660,736574.54769816,1472735321.121,2016-09-01T13:08:41.121,,BCHH,00,HHZ,.BCHH.00.HHZ,,-1,-1,NaN,.BCHH..HHZ_00,1,0,0,0,1,0,1,NaN,,NaN,0,NaN,NaN,NaN,NaN,NaT,NaT,NaN
349,661,736574.5477275,1472735323.656,2016-09-01T13:08:43.656,,BCHH,00,HHZ,.BCHH.00.HHZ,,-1,-1,NaN,.BCHH..HHZ_00,1,0,0,0,1,0,1,NaN,,NaN,0,NaN,NaN,NaN,NaN,NaT,NaT,NaN
350,119,736574.547791528,1472735329.188,2016-09-01T13:08:49.188,,BCHH,10,HD2,.BCHH.10.HD2,N,-1,-1,NaN,.BCHH..HD2_10,1,0,1,0,0,1,0,35,stored_event_bounds,0,0,736574.547791528,736574.547791574,1472735329.188,1472735329.192,2016-09-01T13:08:49.188,2016-09-01T13:08:49.192,0
351,120,736574.547791574,1472735329.192,2016-09-01T13:08:49.192,,BCHH,10,HD3,.BCHH.10.HD3,N,-1,-1,NaN,.BCHH..HD3_10,1,0,1,0,0,1,0,35,stored_event_bounds,0,0,736574.547791528,736574.547791574,1472735329.188,1472735329.192,2016-09-01T13:08:49.188,2016-09-01T13:08:49.192,0.00399313867092133
352,659,736574.547791713,1472735329.204,2016-09-01T13:08:49.204,,BCHH,00,HHZ,.BCHH.00.HHZ,,-1,-1,NaN,.BCHH..HHZ_00,1,0,0,0,1,0,1,35,nearest_event,0.0119995325803757,0,736574.547791528,736574.547791574,1472735329.188,1472735329.192,2016-09-01T13:08:49.188,2016-09-01T13:08:49.192,0.015992671251297
353,848,736574.548001354,1472735347.317,2016-09-01T13:09:07.317,,BCHH,10,HD2,.BCHH.10.HD2,N,-1,-1,NaN,.BCHH..HD2_10,1,0,1,0,0,1,0,36,stored_event_bounds,0,0,736574.548001354,736574.548001458,1472735347.317,1472735347.326,2016-09-01T13:09:07.317,2016-09-01T13:09:07.326,0
354,849,736574.548001458,1472735347.326,2016-09-01T13:09:07.326,,BCHH,10,HD3,.BCHH.10.HD3,N,-1,-1,NaN,.BCHH..HD3_10,1,0,1,0,0,1,0,36,stored_event_bounds,0,0,736574.548001354,736574.548001458,1472735347.317,1472735347.326,2016-09-01T13:09:07.317,2016-09-01T13:09:07.326,0.00899210572242737
356,847,736574.548010417,1472735348.1,2016-09-01T13:09:08.100,,BCHH,10,HD3,.BCHH.10.HD3,N,-1,-1,NaN,.BCHH..HD3_10,1,0,1,0,0,1,0,NaN,,NaN,0,NaN,NaN,NaN,NaN,NaT,NaT,NaN
355,846,736574.54802066,1472735348.985,2016-09-01T13:09:08.985,,BCHH,10,HD2,.BCHH.10.HD2,N,-1,-1,NaN,.BCHH..HD2_10,1,0,1,0,0,1,0,NaN,,NaN,0,NaN,NaN,NaN,NaN,NaT,NaT,NaN
357,116,736574.548073333,1472735353.536,2016-09-01T13:09:13.536,,BCHH,10,HD1,.BCHH.10.HD1,del,-1,-1,NaN,.BCHH..HD1_10,1,1,0,0,0,1,0,NaN,,NaN,0,NaN,NaN,NaN,NaN,NaT,NaT,NaN
358,456,736574.54808088,1472735354.188,2016-09-01T13:09:14.188,,BCHH,10,HD2,.BCHH.10.HD2,N,-1,-1,NaN,.BCHH..HD2_10,1,0,1,0,0,1,0,37,stored_event_bounds,0,0,736574.54808088,736574.548080972,1472735354.188,1472735354.19599,2016-09-01T13:09:14.188,2016-09-01T13:09:14.195,0
359,457,736574.548080972,1472735354.19599,2016-09-01T13:09:14.195,,BCHH,10,HD3,.BCHH.10.HD3,N,-1,-1,NaN,.BCHH..HD3_10,1,0,1,0,0,1,0,37,stored_event_bounds,0,0,736574.54808088,736574.548080972,1472735354.188,1472735354.19599,2016-09-01T13:09:14.188,2016-09-01T13:09:14.195,0.0079963356256485
360,115,736574.548135069,1472735358.87,2016-09-01T13:09:18.870,,BCHH,10,HD1,.BCHH.10.HD1,del,-1,-1,NaN,.BCHH..HD1_10,1,1,0,0,0,1,0,NaN,,NaN,0,NaN,NaN,NaN,NaN,NaT,NaT,NaN
361,455,736574.548137593,1472735359.088,2016-09-01T13:09:19.088,,BCHH,10,HD2,.BCHH.10.HD2,N,-1,-1,NaN,.BCHH..HD2_10,1,0,1,0,0,1,0,38,stored_event_bounds,0,0,736574.548137593,736574.548137604,1472735359.088,1472735359.089,2016-09-01T13:09:19.088,2016-09-01T13:09:19.089,0
362,454,736574.548137604,1472735359.089,2016-09-01T13:09:19.089,,BCHH,10,HD3,.BCHH.10.HD3,N,-1,-1,NaN,.BCHH..HD3_10,1,0,1,0,0,1,0,38,stored_event_bounds,0,0,736574.548137593,736574.548137604,1472735359.088,1472735359.089,2016-09-01T13:09:19.088,2016-09-01T13:09:19.089,0.00099577009677887
363,384,736574.548146111,1472735359.824,2016-09-01T13:09:19.824,,BCHH,10,HD2,.BCHH.10.HD2,N,-1,-1,NaN,.BCHH..HD2_10,1,0,1,0,0,1,0,39,stored_event_bounds,0,0,736574.548146111,736574.548147095,1472735359.824,1472735359.909,2016-09-01T13:09:19.824,2016-09-01T13:09:19.909,0
364,121,736574.548146134,1472735359.826,2016-09-01T13:09:19.826,,BCHH,10,HD2,.BCHH.10.HD2,del,-1,-1,NaN,.BCHH..HD2_10,1,1,0,0,0,1,0,39,nearest_event,0,0,736574.548146111,736574.548147095,1472735359.824,1472735359.909,2016-09-01T13:09:19.824,2016-09-01T13:09:19.909,0.00200159847736359
365,122,736574.548146285,1472735359.839,2016-09-01T13:09:19.839,,BCHH,10,HD3,.BCHH.10.HD3,del,-1,-1,NaN,.BCHH..HD3_10,1,1,0,0,0,1,0,39,nearest_event,0,0,736574.548146111,736574.548147095,1472735359.824,1472735359.909,2016-09-01T13:09:19.824,2016-09-01T13:09:19.909,0.015006959438324
366,385,736574.548146296,1472735359.84,2016-09-01T13:09:19.840,,BCHH,10,HD3,.BCHH.10.HD3,N,-1,-1,NaN,.BCHH..HD3_10,1,0,1,0,0,1,0,39,stored_event_bounds,0,0,736574.548146111,736574.548147095,1472735359.824,1472735359.909,2016-09-01T13:09:19.824,2016-09-01T13:09:19.909,0.0160027295351028
367,386,736574.548147095,1472735359.909,2016-09-01T13:09:19.909,,BCHH,10,HD1,.BCHH.10.HD1,N,-1,-1,NaN,.BCHH..HD1_10,1,0,1,0,0,1,0,39,stored_event_bounds,0,0,736574.548146111,736574.548147095,1472735359.824,1472735359.909,2016-09-01T13:09:19.824,2016-09-01T13:09:19.909,0.0850025564432144
368,387,736574.548180185,1472735362.768,2016-09-01T13:09:22.768,,BCHH,10,HD2,.BCHH.10.HD2,N,-1,-1,NaN,.BCHH..HD2_10,1,0,1,0,0,1,0,40,stored_event_bounds,0,0,736574.548180185,736574.548180324,1472735362.768,1472735362.78,2016-09-01T13:09:22.768,2016-09-01T13:09:22.780,0
369,388,736574.548180324,1472735362.78,2016-09-01T13:09:22.780,,BCHH,10,HD3,.BCHH.10.HD3,N,-1,-1,NaN,.BCHH..HD3_10,1,0,1,0,0,1,0,40,stored_event_bounds,0,0,736574.548180185,736574.548180324,1472735362.768,1472735362.78,2016-09-01T13:09:22.768,2016-09-01T13:09:22.780,0.0119995325803757
370,106,736574.548275463,1472735371,2016-09-01T13:09:31.000,,BCHH,10,HD2,.BCHH.10.HD2,N,-1,-1,NaN,.BCHH..HD2_10,1,0,1,0,0,1,0,41,stored_event_bounds,0,0,736574.548275463,736574.548276574,1472735371,1472735371.096,2016-09-01T13:09:31.000,2016-09-01T13:09:31.096,0
371,107,736574.548275694,1472735371.02,2016-09-01T13:09:31.020,,BCHH,10,HD3,.BCHH.10.HD3,N,-1,-1,NaN,.BCHH..HD3_10,1,0,1,0,0,1,0,41,stored_event_bounds,0,0,736574.548275463,736574.548276574,1472735371,1472735371.096,2016-09-01T13:09:31.000,2016-09-01T13:09:31.096,0.02000592648983
372,459,736574.548275995,1472735371.046,2016-09-01T13:09:31.046,,BCHH,00,HHZ,.BCHH.00.HHZ,U,-1,-1,NaN,.BCHH..HHZ_00,1,0,0,0,0,0,1,41,nearest_event,0,0,736574.548275463,736574.548276574,1472735371,1472735371.096,2016-09-01T13:09:31.000,2016-09-01T13:09:31.096,0.0460065901279449
373,389,736574.548276574,1472735371.096,2016-09-01T13:09:31.096,,BCHH,10,HD1,.BCHH.10.HD1,N,-1,-1,NaN,.BCHH..HD1_10,1,0,1,0,0,1,0,41,stored_event_bounds,0,0,736574.548275463,736574.548276574,1472735371,1472735371.096,2016-09-01T13:09:31.000,2016-09-01T13:09:31.096,0.0960063189268112
374,108,736574.548309491,1472735373.94,2016-09-01T13:09:33.940,,BCHH,10,HD2,.BCHH.10.HD2,N,-1,-1,NaN,.BCHH..HD2_10,1,0,1,0,0,1,0,42,stored_event_bounds,0,0,736574.548309491,736574.548310417,1472735373.94,1472735374.02,2016-09-01T13:09:33.940,2016-09-01T13:09:34.020,0
375,109,736574.548309595,1472735373.949,2016-09-01T13:09:33.949,,BCHH,10,HD3,.BCHH.10.HD3,N,-1,-1,NaN,.BCHH..HD3_10,1,0,1,0,0,1,0,42,stored_event_bounds,0,0,736574.548309491,736574.548310417,1472735373.94,1472735374.02,2016-09-01T13:09:33.940,2016-09-01T13:09:34.020,0.00899210572242737
376,110,736574.548309757,1472735373.963,2016-09-01T13:09:33.963,,BCHH,00,HHN,.BCHH.00.HHN,del,-1,-1,NaN,.BCHH..HHN_00,1,1,0,0,0,0,1,42,nearest_event,0,0,736574.548309491,736574.548310417,1472735373.94,1472735374.02,2016-09-01T13:09:33.940,2016-09-01T13:09:34.020,0.0229932367801666
377,391,736574.548309826,1472735373.969,2016-09-01T13:09:33.969,,BCHH,00,HHZ,.BCHH.00.HHZ,N,-1,-1,NaN,.BCHH..HHZ_00,1,0,1,0,0,0,1,42,nearest_event,0,0,736574.548309491,736574.548310417,1472735373.94,1472735374.02,2016-09-01T13:09:33.940,2016-09-01T13:09:34.020,0.0289980322122574
378,390,736574.548310417,1472735374.02,2016-09-01T13:09:34.020,,BCHH,10,HD1,.BCHH.10.HD1,N,-1,-1,NaN,.BCHH..HD1_10,1,0,1,0,0,1,0,42,stored_event_bounds,0,0,736574.548309491,736574.548310417,1472735373.94,1472735374.02,2016-09-01T13:09:33.940,2016-09-01T13:09:34.020,0.0799935311079025
379,111,736574.548355926,1472735377.952,2016-09-01T13:09:37.952,,BCHH,10,HD1,.BCHH.10.HD1,del,-1,-1,NaN,.BCHH..HD1_10,1,1,0,0,0,1,0,NaN,,NaN,0,NaN,NaN,NaN,NaN,NaT,NaT,NaN
380,112,736574.548375324,1472735379.628,2016-09-01T13:09:39.628,,BCHH,10,HD1,.BCHH.10.HD1,del,-1,-1,NaN,.BCHH..HD1_10,1,1,0,0,0,1,0,NaN,,NaN,0,NaN,NaN,NaN,NaN,NaT,NaT,NaN
381,662,736574.548379317,1472735379.973,2016-09-01T13:09:39.973,,BCHH,00,HHZ,.BCHH.00.HHZ,,-1,-1,NaN,.BCHH..HHZ_00,1,0,0,0,1,0,1,43,nearest_event,0.00299736857414246,0,736574.548379352,736574.548379491,1472735379.976,1472735379.988,2016-09-01T13:09:39.976,2016-09-01T13:09:39.988,-0.00299736857414246
382,113,736574.548379352,1472735379.976,2016-09-01T13:09:39.976,,BCHH,10,HD2,.BCHH.10.HD2,N,-1,-1,NaN,.BCHH..HD2_10,1,0,1,0,0,1,0,43,stored_event_bounds,0,0,736574.548379352,736574.548379491,1472735379.976,1472735379.988,2016-09-01T13:09:39.976,2016-09-01T13:09:39.988,0
383,114,736574.548379491,1472735379.988,2016-09-01T13:09:39.988,,BCHH,10,HD3,.BCHH.10.HD3,N,-1,-1,NaN,.BCHH..HD3_10,1,0,1,0,0,1,0,43,stored_event_bounds,0,0,736574.548379352,736574.548379491,1472735379.976,1472735379.988,2016-09-01T13:09:39.976,2016-09-01T13:09:39.988,0.0119995325803757
384,784,736574.54848875,1472735389.428,2016-09-01T13:09:49.428,,BCHH,00,HHZ,.BCHH.00.HHZ,,-1,-1,NaN,.BCHH..HHZ_00,1,0,0,0,1,0,1,NaN,,NaN,0,NaN,NaN,NaN,NaN,NaT,NaT,NaN
385,842,736574.548655081,1472735403.799,2016-09-01T13:10:03.799,,BCHH,10,HD2,.BCHH.10.HD2,N,-1,-1,NaN,.BCHH..HD2_10,1,0,1,0,0,1,0,44,stored_event_bounds,0,0,736574.548655081,736574.54865522,1472735403.799,1472735403.811,2016-09-01T13:10:03.799,2016-09-01T13:10:03.811,0
386,843,736574.54865522,1472735403.811,2016-09-01T13:10:03.811,,BCHH,10,HD3,.BCHH.10.HD3,N,-1,-1,NaN,.BCHH..HD3_10,1,0,1,0,0,1,0,44,stored_event_bounds,0,0,736574.548655081,736574.54865522,1472735403.799,1472735403.811,2016-09-01T13:10:03.799,2016-09-01T13:10:03.811,0.0119995325803757
387,844,736574.54868353,1472735406.257,2016-09-01T13:10:06.257,,BCHH,10,HD2,.BCHH.10.HD2,N,-1,-1,NaN,.BCHH..HD2_10,1,0,1,0,0,1,0,45,stored_event_bounds,0,0,736574.54868353,736574.548683727,1472735406.257,1472735406.274,2016-09-01T13:10:06.257,2016-09-01T13:10:06.274,0
388,845,736574.548683727,1472735406.274,2016-09-01T13:10:06.274,,BCHH,10,HD3,.BCHH.10.HD3,N,-1,-1,NaN,.BCHH..HD3_10,1,0,1,0,0,1,0,45,stored_event_bounds,0,0,736574.54868353,736574.548683727,1472735406.257,1472735406.274,2016-09-01T13:10:06.257,2016-09-01T13:10:06.274,0.0169984996318817
389,839,736574.548853796,1472735420.968,2016-09-01T13:10:20.968,,BCHH,10,HD2,.BCHH.10.HD2,del,-1,-1,NaN,.BCHH..HD2_10,1,1,0,0,0,1,0,NaN,,NaN,0,NaN,NaN,NaN,NaN,NaT,NaT,NaN
390,838,736574.548853935,1472735420.98,2016-09-01T13:10:20.980,,BCHH,10,HD2,.BCHH.10.HD2,del,-1,-1,NaN,.BCHH..HD2_10,1,1,0,0,0,1,0,NaN,,NaN,0,NaN,NaN,NaN,NaN,NaT,NaT,NaN
391,837,736574.548854109,1472735420.995,2016-09-01T13:10:20.995,,BCHH,10,HD2,.BCHH.10.HD2,del,-1,-1,NaN,.BCHH..HD2_10,1,1,0,0,0,1,0,NaN,,NaN,0,NaN,NaN,NaN,NaN,NaT,NaT,NaN
392,835,736574.548866447,1472735422.061,2016-09-01T13:10:22.061,,BCHH,10,HD2,.BCHH.10.HD2,N,-1,-1,NaN,.BCHH..HD2_10,1,0,1,0,0,1,0,46,stored_event_bounds,0,0,736574.548866447,736574.54886662,1472735422.061,1472735422.076,2016-09-01T13:10:22.061,2016-09-01T13:10:22.076,0
393,836,736574.54886662,1472735422.076,2016-09-01T13:10:22.076,,BCHH,10,HD3,.BCHH.10.HD3,N,-1,-1,NaN,.BCHH..HD3_10,1,0,1,0,0,1,0,46,stored_event_bounds,0,0,736574.548866447,736574.54886662,1472735422.061,1472735422.076,2016-09-01T13:10:22.061,2016-09-01T13:10:22.076,0.015006959438324
394,833,736574.548943588,1472735428.726,2016-09-01T13:10:28.726,,BCHH,10,HD2,.BCHH.10.HD2,N,-1,-1,NaN,.BCHH..HD2_10,1,0,1,0,0,1,0,47,stored_event_bounds,0,0,736574.548943588,736574.548943704,1472735428.726,1472735428.73601,2016-09-01T13:10:28.726,2016-09-01T13:10:28.736,0
395,834,736574.548943704,1472735428.73601,2016-09-01T13:10:28.736,,BCHH,10,HD3,.BCHH.10.HD3,N,-1,-1,NaN,.BCHH..HD3_10,1,0,1,0,0,1,0,47,stored_event_bounds,0,0,736574.548943588,736574.548943704,1472735428.726,1472735428.73601,2016-09-01T13:10:28.726,2016-09-01T13:10:28.736,0.0100079923868179
396,123,736574.549018438,1472735435.193,2016-09-01T13:10:35.193,,BCHH,10,HD2,.BCHH.10.HD2,del,-1,-1,NaN,.BCHH..HD2_10,1,1,0,0,0,1,0,48,nearest_event,0.0079963356256485,0,736574.54901853,736574.549018588,1472735435.201,1472735435.206,2016-09-01T13:10:35.201,2016-09-01T13:10:35.206,-0.0079963356256485
397,840,736574.54901853,1472735435.201,2016-09-01T13:10:35.201,,BCHH,10,HD2,.BCHH.10.HD2,N,-1,-1,NaN,.BCHH..HD2_10,1,0,1,0,0,1,0,48,stored_event_bounds,0,0,736574.54901853,736574.549018588,1472735435.201,1472735435.206,2016-09-01T13:10:35.201,2016-09-01T13:10:35.206,0
398,841,736574.549018588,1472735435.206,2016-09-01T13:10:35.206,,BCHH,10,HD3,.BCHH.10.HD3,N,-1,-1,NaN,.BCHH..HD3_10,1,0,1,0,0,1,0,48,stored_event_bounds,0,0,736574.54901853,736574.549018588,1472735435.201,1472735435.206,2016-09-01T13:10:35.201,2016-09-01T13:10:35.206,0.00499896705150604
399,124,736574.549020961,1472735435.411,2016-09-01T13:10:35.411,,BCHH,10,HD1,.BCHH.10.HD1,del,-1,-1,NaN,.BCHH..HD1_10,1,1,0,0,0,1,0,NaN,,NaN,0,NaN,NaN,NaN,NaN,NaT,NaT,NaN
400,663,736574.54907103,1472735439.737,2016-09-01T13:10:39.737,,BCHH,00,HHZ,.BCHH.00.HHZ,,-1,-1,NaN,.BCHH..HHZ_00,1,0,0,0,1,0,1,NaN,,NaN,0,NaN,NaN,NaN,NaN,NaT,NaT,NaN
401,664,736574.549247303,1472735454.967,2016-09-01T13:10:54.967,,BCHH,00,HHZ,.BCHH.00.HHZ,,-1,-1,NaN,.BCHH..HHZ_00,1,0,0,0,1,0,1,NaN,,NaN,0,NaN,NaN,NaN,NaN,NaT,NaT,NaN
402,441,736574.55156522,1472735655.235,2016-09-01T13:14:15.235,,BCHH,00,HHE,.BCHH.00.HHE,S,-1,-1,NaN,.BCHH..HHE_00,1,0,0,1,0,0,1,NaN,,NaN,0,NaN,NaN,NaN,NaN,NaT,NaT,NaN
403,125,736574.551589907,1472735657.368,2016-09-01T13:14:17.368,,BCHH,10,HD2,.BCHH.10.HD2,N,-1,-1,NaN,.BCHH..HD2_10,1,0,1,0,0,1,0,49,stored_event_bounds,0,0,736574.551589907,736574.55159088,1472735657.368,1472735657.452,2016-09-01T13:14:17.368,2016-09-01T13:14:17.452,0
404,127,736574.55159,1472735657.376,2016-09-01T13:14:17.376,,BCHH,10,HD3,.BCHH.10.HD3,N,-1,-1,NaN,.BCHH..HD3_10,1,0,1,0,0,1,0,49,stored_event_bounds,0,0,736574.551589907,736574.55159088,1472735657.368,1472735657.452,2016-09-01T13:14:17.368,2016-09-01T13:14:17.452,0.00800639390945435
405,129,736574.551590278,1472735657.4,2016-09-01T13:14:17.400,,BCHH,00,HHZ,.BCHH.00.HHZ,N,-1,-1,NaN,.BCHH..HHZ_00,1,0,1,0,0,0,1,49,nearest_event,0,0,736574.551589907,736574.55159088,1472735657.368,1472735657.452,2016-09-01T13:14:17.368,2016-09-01T13:14:17.452,0.0320054590702057
406,128,736574.551590359,1472735657.407,2016-09-01T13:14:17.407,,BCHH,00,HHE,.BCHH.00.HHE,del,-1,-1,NaN,.BCHH..HHE_00,1,1,0,0,0,0,1,49,nearest_event,0,0,736574.551589907,736574.55159088,1472735657.368,1472735657.452,2016-09-01T13:14:17.368,2016-09-01T13:14:17.452,0.0390060245990753
407,130,736574.55159037,1472735657.408,2016-09-01T13:14:17.408,,BCHH,00,HHN,.BCHH.00.HHN,del,-1,-1,NaN,.BCHH..HHN_00,1,1,0,0,0,0,1,49,nearest_event,0,0,736574.551589907,736574.55159088,1472735657.368,1472735657.452,2016-09-01T13:14:17.368,2016-09-01T13:14:17.452,0.0400017946958542
408,126,736574.55159088,1472735657.452,2016-09-01T13:14:17.452,,BCHH,10,HD1,.BCHH.10.HD1,N,-1,-1,NaN,.BCHH..HD1_10,1,0,1,0,0,1,0,49,stored_event_bounds,0,0,736574.551589907,736574.55159088,1472735657.368,1472735657.452,2016-09-01T13:14:17.368,2016-09-01T13:14:17.452,0.0840067863464355
409,131,736574.551613762,1472735659.429,2016-09-01T13:14:19.429,,BCHH,10,HD2,.BCHH.10.HD2,N,-1,-1,NaN,.BCHH..HD2_10,1,0,1,0,0,1,0,50,stored_event_bounds,0,0,736574.551613762,736574.551614722,1472735659.429,1472735659.512,2016-09-01T13:14:19.429,2016-09-01T13:14:19.512,0
410,133,736574.551613831,1472735659.435,2016-09-01T13:14:19.435,,BCHH,10,HD3,.BCHH.10.HD3,N,-1,-1,NaN,.BCHH..HD3_10,1,0,1,0,0,1,0,50,stored_event_bounds,0,0,736574.551613762,736574.551614722,1472735659.429,1472735659.512,2016-09-01T13:14:19.429,2016-09-01T13:14:19.512,0.00599473714828491
411,132,736574.551614722,1472735659.512,2016-09-01T13:14:19.512,,BCHH,10,HD1,.BCHH.10.HD1,N,-1,-1,NaN,.BCHH..HD1_10,1,0,1,0,0,1,0,50,stored_event_bounds,0,0,736574.551613762,736574.551614722,1472735659.429,1472735659.512,2016-09-01T13:14:19.429,2016-09-01T13:14:19.512,0.0830009579658508
412,442,736574.551721123,1472735668.705,2016-09-01T13:14:28.705,,BCHH,00,HHE,.BCHH.00.HHE,S,-1,-1,NaN,.BCHH..HHE_00,1,0,0,1,0,0,1,NaN,,NaN,0,NaN,NaN,NaN,NaN,NaT,NaT,NaN
413,135,736574.551741887,1472735670.499,2016-09-01T13:14:30.499,,BCHH,10,HD2,.BCHH.10.HD2,N,-1,-1,NaN,.BCHH..HD2_10,1,0,1,0,0,1,0,51,stored_event_bounds,0,0,736574.551741887,736574.551742882,1472735670.499,1472735670.58501,2016-09-01T13:14:30.499,2016-09-01T13:14:30.585,0
414,136,736574.551741991,1472735670.508,2016-09-01T13:14:30.508,,BCHH,10,HD3,.BCHH.10.HD3,N,-1,-1,NaN,.BCHH..HD3_10,1,0,1,0,0,1,0,51,stored_event_bounds,0,0,736574.551741887,736574.551742882,1472735670.499,1472735670.58501,2016-09-01T13:14:30.499,2016-09-01T13:14:30.585,0.00900216400623322
415,138,736574.551742326,1472735670.537,2016-09-01T13:14:30.537,,BCHH,00,HHZ,.BCHH.00.HHZ,N,-1,-1,NaN,.BCHH..HHZ_00,1,0,1,0,0,0,1,51,nearest_event,0,0,736574.551741887,736574.551742882,1472735670.499,1472735670.58501,2016-09-01T13:14:30.499,2016-09-01T13:14:30.585,0.0380001962184906
416,139,736574.551742384,1472735670.542,2016-09-01T13:14:30.542,,BCHH,00,HHN,.BCHH.00.HHN,del,-1,-1,NaN,.BCHH..HHN_00,1,1,0,0,0,0,1,51,nearest_event,0,0,736574.551741887,736574.551742882,1472735670.499,1472735670.58501,2016-09-01T13:14:30.499,2016-09-01T13:14:30.585,0.0429991632699966
417,137,736574.551742407,1472735670.544,2016-09-01T13:14:30.544,,BCHH,00,HHE,.BCHH.00.HHE,del,-1,-1,NaN,.BCHH..HHE_00,1,1,0,0,0,0,1,51,nearest_event,0,0,736574.551741887,736574.551742882,1472735670.499,1472735670.58501,2016-09-01T13:14:30.499,2016-09-01T13:14:30.585,0.0450007617473602
418,134,736574.551742882,1472735670.58501,2016-09-01T13:14:30.585,,BCHH,10,HD1,.BCHH.10.HD1,N,-1,-1,NaN,.BCHH..HD1_10,1,0,1,0,0,1,0,51,stored_event_bounds,0,0,736574.551741887,736574.551742882,1472735670.499,1472735670.58501,2016-09-01T13:14:30.499,2016-09-01T13:14:30.585,0.0860083848237991
419,783,736574.552288715,1472735717.745,2016-09-01T13:15:17.745,,BCHH,00,HHZ,.BCHH.00.HHZ,,-1,-1,NaN,.BCHH..HHZ_00,1,0,0,0,1,0,1,NaN,,NaN,0,NaN,NaN,NaN,NaN,NaT,NaT,NaN
420,443,736574.552595752,1472735744.273,2016-09-01T13:15:44.273,,BCHH,00,HHE,.BCHH.00.HHE,S,-1,-1,NaN,.BCHH..HHE_00,1,0,0,1,0,0,1,NaN,,NaN,0,NaN,NaN,NaN,NaN,NaT,NaT,NaN
421,140,736574.552617593,1472735746.16,2016-09-01T13:15:46.160,,BCHH,10,HD2,.BCHH.10.HD2,N,-1,-1,NaN,.BCHH..HD2_10,1,0,1,0,0,1,0,52,stored_event_bounds,0,0,736574.552617593,736574.552618623,1472735746.16,1472735746.249,2016-09-01T13:15:46.160,2016-09-01T13:15:46.249,0
422,142,736574.552617685,1472735746.168,2016-09-01T13:15:46.168,,BCHH,10,HD3,.BCHH.10.HD3,N,-1,-1,NaN,.BCHH..HD3_10,1,0,1,0,0,1,0,52,stored_event_bounds,0,0,736574.552617593,736574.552618623,1472735746.16,1472735746.249,2016-09-01T13:15:46.160,2016-09-01T13:15:46.249,0.0079963356256485
423,144,736574.552617998,1472735746.195,2016-09-01T13:15:46.195,,BCHH,00,HHZ,.BCHH.00.HHZ,N,-1,-1,NaN,.BCHH..HHZ_00,1,0,1,0,0,0,1,52,nearest_event,0,0,736574.552617593,736574.552618623,1472735746.16,1472735746.249,2016-09-01T13:15:46.160,2016-09-01T13:15:46.249,0.0349927693605423
424,143,736574.552618067,1472735746.201,2016-09-01T13:15:46.201,,BCHH,00,HHE,.BCHH.00.HHE,del,-1,-1,NaN,.BCHH..HHE_00,1,1,0,0,0,0,1,52,nearest_event,0,0,736574.552617593,736574.552618623,1472735746.16,1472735746.249,2016-09-01T13:15:46.160,2016-09-01T13:15:46.249,0.0409975647926331
425,145,736574.552618079,1472735746.202,2016-09-01T13:15:46.202,,BCHH,00,HHN,.BCHH.00.HHN,del,-1,-1,NaN,.BCHH..HHN_00,1,1,0,0,0,0,1,52,nearest_event,0,0,736574.552617593,736574.552618623,1472735746.16,1472735746.249,2016-09-01T13:15:46.160,2016-09-01T13:15:46.249,0.0419933348894119
426,141,736574.552618623,1472735746.249,2016-09-01T13:15:46.249,,BCHH,10,HD1,.BCHH.10.HD1,N,-1,-1,NaN,.BCHH..HD1_10,1,0,1,0,0,1,0,52,stored_event_bounds,0,0,736574.552617593,736574.552618623,1472735746.16,1472735746.249,2016-09-01T13:15:46.160,2016-09-01T13:15:46.249,0.0889956951141357
427,782,736574.552720463,1472735755.04799,2016-09-01T13:15:55.047,,BCHH,00,HHZ,.BCHH.00.HHZ,,-1,-1,NaN,.BCHH..HHZ_00,1,0,0,0,1,0,1,NaN,,NaN,0,NaN,NaN,NaN,NaN,NaT,NaT,NaN
428,150,736574.554969109,1472735949.331,2016-09-01T13:19:09.331,,BCHH,10,HD2,.BCHH.10.HD2,N,-1,-1,NaN,.BCHH..HD2_10,1,0,1,0,0,1,0,53,stored_event_bounds,0,0,736574.554969109,736574.55496941,1472735949.331,1472735949.357,2016-09-01T13:19:09.331,2016-09-01T13:19:09.357,0
429,149,736574.55496912,1472735949.332,2016-09-01T13:19:09.332,,BCHH,10,HD3,.BCHH.10.HD3,N,-1,-1,NaN,.BCHH..HD3_10,1,0,1,0,0,1,0,53,stored_event_bounds,0,0,736574.554969109,736574.55496941,1472735949.331,1472735949.357,2016-09-01T13:19:09.331,2016-09-01T13:19:09.357,0.00100582838058472
430,392,736574.55496941,1472735949.357,2016-09-01T13:19:09.357,,BCHH,00,HHZ,.BCHH.00.HHZ,N,-1,-1,NaN,.BCHH..HHZ_00,1,0,1,0,0,0,1,53,nearest_event,0,0,736574.554969109,736574.55496941,1472735949.331,1472735949.357,2016-09-01T13:19:09.331,2016-09-01T13:19:09.357,0.0260006636381149
431,665,736574.554989074,1472735951.056,2016-09-01T13:19:11.056,,BCHH,00,HHZ,.BCHH.00.HHZ,,-1,-1,NaN,.BCHH..HHZ_00,1,0,0,0,1,0,1,54,nearest_event,0.0659924000501633,0,736574.554989838,736574.55499081,1472735951.122,1472735951.206,2016-09-01T13:19:11.122,2016-09-01T13:19:11.206,-0.0659924000501633
432,146,736574.554989838,1472735951.122,2016-09-01T13:19:11.122,,BCHH,10,HD2,.BCHH.10.HD2,N,-1,-1,NaN,.BCHH..HD2_10,1,0,1,0,0,1,0,54,stored_event_bounds,0,0,736574.554989838,736574.55499081,1472735951.122,1472735951.206,2016-09-01T13:19:11.122,2016-09-01T13:19:11.206,0
433,147,736574.554989919,1472735951.129,2016-09-01T13:19:11.129,,BCHH,10,HD3,.BCHH.10.HD3,N,-1,-1,NaN,.BCHH..HD3_10,1,0,1,0,0,1,0,54,stored_event_bounds,0,0,736574.554989838,736574.55499081,1472735951.122,1472735951.206,2016-09-01T13:19:11.122,2016-09-01T13:19:11.206,0.00700056552886963
434,148,736574.554990336,1472735951.165,2016-09-01T13:19:11.165,,BCHH,00,HHN,.BCHH.00.HHN,del,-1,-1,NaN,.BCHH..HHN_00,1,1,0,0,0,0,1,54,nearest_event,0,0,736574.554989838,736574.55499081,1472735951.122,1472735951.206,2016-09-01T13:19:11.122,2016-09-01T13:19:11.206,0.0429991632699966
435,393,736574.55499081,1472735951.206,2016-09-01T13:19:11.206,,BCHH,10,HD1,.BCHH.10.HD1,N,-1,-1,NaN,.BCHH..HD1_10,1,0,1,0,0,1,0,54,stored_event_bounds,0,0,736574.554989838,736574.55499081,1472735951.122,1472735951.206,2016-09-01T13:19:11.122,2016-09-01T13:19:11.206,0.0840067863464355
436,832,736574.554992569,1472735951.358,2016-09-01T13:19:11.358,,BCHH,10,HD2,.BCHH.10.HD2,N,-1,-1,NaN,.BCHH..HD2_10,1,0,1,0,0,1,0,55,stored_event_bounds,0,0,736574.554992569,736574.554992685,1472735951.358,1472735951.368,2016-09-01T13:19:11.358,2016-09-01T13:19:11.368,0
437,831,736574.554992685,1472735951.368,2016-09-01T13:19:11.368,,BCHH,10,HD3,.BCHH.10.HD3,N,-1,-1,NaN,.BCHH..HD3_10,1,0,1,0,0,1,0,55,stored_event_bounds,0,0,736574.554992569,736574.554992685,1472735951.358,1472735951.368,2016-09-01T13:19:11.358,2016-09-01T13:19:11.368,0.00999793410301208
438,829,736574.554995602,1472735951.62,2016-09-01T13:19:11.620,,BCHH,10,HD2,.BCHH.10.HD2,N,-1,-1,NaN,.BCHH..HD2_10,1,0,1,0,0,1,0,56,stored_event_bounds,0,0,736574.554995602,736574.554995625,1472735951.62,1472735951.622,2016-09-01T13:19:11.620,2016-09-01T13:19:11.622,0
439,830,736574.554995625,1472735951.622,2016-09-01T13:19:11.622,,BCHH,10,HD3,.BCHH.10.HD3,N,-1,-1,NaN,.BCHH..HD3_10,1,0,1,0,0,1,0,56,stored_event_bounds,0,0,736574.554995602,736574.554995625,1472735951.62,1472735951.622,2016-09-01T13:19:11.620,2016-09-01T13:19:11.622,0.00200159847736359
440,151,736574.555012373,1472735953.069,2016-09-01T13:19:13.069,,BCHH,10,HD2,.BCHH.10.HD2,N,-1,-1,NaN,.BCHH..HD2_10,1,0,1,0,0,1,0,57,stored_event_bounds,0,0,736574.555012373,736574.555013391,1472735953.069,1472735953.157,2016-09-01T13:19:13.069,2016-09-01T13:19:13.157,0
441,152,736574.555012454,1472735953.076,2016-09-01T13:19:13.076,,BCHH,10,HD3,.BCHH.10.HD3,N,-1,-1,NaN,.BCHH..HD3_10,1,0,1,0,0,1,0,57,stored_event_bounds,0,0,736574.555012373,736574.555013391,1472735953.069,1472735953.157,2016-09-01T13:19:13.069,2016-09-01T13:19:13.157,0.00700056552886963
442,155,736574.555012789,1472735953.105,2016-09-01T13:19:13.105,,BCHH,00,HHZ,.BCHH.00.HHZ,N,-1,-1,NaN,.BCHH..HHZ_00,1,0,1,0,0,0,1,57,nearest_event,0,0,736574.555012373,736574.555013391,1472735953.069,1472735953.157,2016-09-01T13:19:13.069,2016-09-01T13:19:13.157,0.035998597741127
443,154,736574.555012882,1472735953.113,2016-09-01T13:19:13.113,,BCHH,00,HHE,.BCHH.00.HHE,del,-1,-1,NaN,.BCHH..HHE_00,1,1,0,0,0,0,1,57,nearest_event,0,0,736574.555012373,736574.555013391,1472735953.069,1472735953.157,2016-09-01T13:19:13.069,2016-09-01T13:19:13.157,0.0440049916505814
444,156,736574.55501294,1472735953.118,2016-09-01T13:19:13.118,,BCHH,00,HHN,.BCHH.00.HHN,del,-1,-1,NaN,.BCHH..HHN_00,1,1,0,0,0,0,1,57,nearest_event,0,0,736574.555012373,736574.555013391,1472735953.069,1472735953.157,2016-09-01T13:19:13.069,2016-09-01T13:19:13.157,0.0490039587020874
445,153,736574.555013391,1472735953.157,2016-09-01T13:19:13.157,,BCHH,10,HD1,.BCHH.10.HD1,N,-1,-1,NaN,.BCHH..HD1_10,1,0,1,0,0,1,0,57,stored_event_bounds,0,0,736574.555012373,736574.555013391,1472735953.069,1472735953.157,2016-09-01T13:19:13.069,2016-09-01T13:19:13.157,0.0879999250173569
446,786,736574.555014606,1472735953.262,2016-09-01T13:19:13.262,,BCHH,10,HD2,.BCHH.10.HD2,N,-1,-1,NaN,.BCHH..HD2_10,1,0,1,0,0,1,0,58,stored_event_bounds,0,0,736574.555014606,736574.555014664,1472735953.262,1472735953.267,2016-09-01T13:19:13.262,2016-09-01T13:19:13.267,0
447,785,736574.555014664,1472735953.267,2016-09-01T13:19:13.267,,BCHH,10,HD3,.BCHH.10.HD3,N,-1,-1,NaN,.BCHH..HD3_10,1,0,1,0,0,1,0,58,stored_event_bounds,0,0,736574.555014606,736574.555014664,1472735953.262,1472735953.267,2016-09-01T13:19:13.262,2016-09-01T13:19:13.267,0.00499896705150604
448,158,736574.555020104,1472735953.737,2016-09-01T13:19:13.737,,BCHH,10,HD2,.BCHH.10.HD2,N,-1,-1,NaN,.BCHH..HD2_10,1,0,1,0,0,1,0,59,stored_event_bounds,0,0,736574.555020104,736574.555021146,1472735953.737,1472735953.827,2016-09-01T13:19:13.737,2016-09-01T13:19:13.827,0
449,157,736574.555020243,1472735953.749,2016-09-01T13:19:13.749,,BCHH,10,HD3,.BCHH.10.HD3,N,-1,-1,NaN,.BCHH..HD3_10,1,0,1,0,0,1,0,59,stored_event_bounds,0,0,736574.555020104,736574.555021146,1472735953.737,1472735953.827,2016-09-01T13:19:13.737,2016-09-01T13:19:13.827,0.0119995325803757
450,159,736574.555021146,1472735953.827,2016-09-01T13:19:13.827,,BCHH,10,HD1,.BCHH.10.HD1,N,-1,-1,NaN,.BCHH..HD1_10,1,0,1,0,0,1,0,59,stored_event_bounds,0,0,736574.555020104,736574.555021146,1472735953.737,1472735953.827,2016-09-01T13:19:13.737,2016-09-01T13:19:13.827,0.0900015234947205
451,160,736574.555029201,1472735954.523,2016-09-01T13:19:14.523,,BCHH,10,HD2,.BCHH.10.HD2,N,-1,-1,NaN,.BCHH..HD2_10,1,0,1,0,0,1,0,60,stored_event_bounds,0,0,736574.555029201,736574.555030197,1472735954.523,1472735954.609,2016-09-01T13:19:14.523,2016-09-01T13:19:14.609,0
452,161,736574.555029329,1472735954.534,2016-09-01T13:19:14.534,,BCHH,10,HD3,.BCHH.10.HD3,N,-1,-1,NaN,.BCHH..HD3_10,1,0,1,0,0,1,0,60,stored_event_bounds,0,0,736574.555029201,736574.555030197,1472735954.523,1472735954.609,2016-09-01T13:19:14.523,2016-09-01T13:19:14.609,0.010993704199791
453,163,736574.55502963,1472735954.56,2016-09-01T13:19:14.560,,BCHH,00,HHZ,.BCHH.00.HHZ,N,-1,-1,NaN,.BCHH..HHZ_00,1,0,1,0,0,0,1,60,nearest_event,0,0,736574.555029201,736574.555030197,1472735954.523,1472735954.609,2016-09-01T13:19:14.523,2016-09-01T13:19:14.609,0.0369943678379059
454,165,736574.555029676,1472735954.564,2016-09-01T13:19:14.564,,BCHH,00,HHE,.BCHH.00.HHE,del,-1,-1,NaN,.BCHH..HHE_00,1,1,0,0,0,0,1,60,nearest_event,0,0,736574.555029201,736574.555030197,1472735954.523,1472735954.609,2016-09-01T13:19:14.523,2016-09-01T13:19:14.609,0.0409975647926331
455,164,736574.555029722,1472735954.56799,2016-09-01T13:19:14.567,,BCHH,00,HHN,.BCHH.00.HHN,del,-1,-1,NaN,.BCHH..HHN_00,1,1,0,0,0,0,1,60,nearest_event,0,0,736574.555029201,736574.555030197,1472735954.523,1472735954.609,2016-09-01T13:19:14.523,2016-09-01T13:19:14.609,0.0449907034635544
456,162,736574.555030197,1472735954.609,2016-09-01T13:19:14.609,,BCHH,10,HD1,.BCHH.10.HD1,N,-1,-1,NaN,.BCHH..HD1_10,1,0,1,0,0,1,0,60,stored_event_bounds,0,0,736574.555029201,736574.555030197,1472735954.523,1472735954.609,2016-09-01T13:19:14.523,2016-09-01T13:19:14.609,0.0859983265399933
457,167,736574.555037176,1472735955.212,2016-09-01T13:19:15.212,,BCHH,10,HD2,.BCHH.10.HD2,N,-1,-1,NaN,.BCHH..HD2_10,1,0,1,0,0,1,0,61,stored_event_bounds,0,0,736574.555037176,736574.555038218,1472735955.212,1472735955.302,2016-09-01T13:19:15.212,2016-09-01T13:19:15.302,0
458,166,736574.555037326,1472735955.225,2016-09-01T13:19:15.225,,BCHH,10,HD3,.BCHH.10.HD3,N,-1,-1,NaN,.BCHH..HD3_10,1,0,1,0,0,1,0,61,stored_event_bounds,0,0,736574.555037176,736574.555038218,1472735955.212,1472735955.302,2016-09-01T13:19:15.212,2016-09-01T13:19:15.302,0.0130053609609604
459,168,736574.555038218,1472735955.302,2016-09-01T13:19:15.302,,BCHH,10,HD1,.BCHH.10.HD1,N,-1,-1,NaN,.BCHH..HD1_10,1,0,1,0,0,1,0,61,stored_event_bounds,0,0,736574.555037176,736574.555038218,1472735955.212,1472735955.302,2016-09-01T13:19:15.212,2016-09-01T13:19:15.302,0.0900015234947205
460,170,736574.55505566,1472735956.809,2016-09-01T13:19:16.809,,BCHH,10,HD2,.BCHH.10.HD2,N,-1,-1,NaN,.BCHH..HD2_10,1,0,1,0,0,1,0,62,stored_event_bounds,0,0,736574.55505566,736574.555055775,1472735956.809,1472735956.819,2016-09-01T13:19:16.809,2016-09-01T13:19:16.819,0
461,169,736574.555055775,1472735956.819,2016-09-01T13:19:16.819,,BCHH,10,HD3,.BCHH.10.HD3,N,-1,-1,NaN,.BCHH..HD3_10,1,0,1,0,0,1,0,62,stored_event_bounds,0,0,736574.55505566,736574.555055775,1472735956.809,1472735956.819,2016-09-01T13:19:16.809,2016-09-01T13:19:16.819,0.00999793410301208
462,171,736574.555071123,1472735958.145,2016-09-01T13:19:18.145,,BCHH,10,HD2,.BCHH.10.HD2,N,-1,-1,NaN,.BCHH..HD2_10,1,0,1,0,0,1,0,63,stored_event_bounds,0,0,736574.555071123,736574.555072037,1472735958.145,1472735958.224,2016-09-01T13:19:18.145,2016-09-01T13:19:18.224,0
463,173,736574.555071238,1472735958.155,2016-09-01T13:19:18.155,,BCHH,10,HD3,.BCHH.10.HD3,N,-1,-1,NaN,.BCHH..HD3_10,1,0,1,0,0,1,0,63,stored_event_bounds,0,0,736574.555071123,736574.555072037,1472735958.145,1472735958.224,2016-09-01T13:19:18.145,2016-09-01T13:19:18.224,0.00999793410301208
464,172,736574.555072037,1472735958.224,2016-09-01T13:19:18.224,,BCHH,10,HD1,.BCHH.10.HD1,N,-1,-1,NaN,.BCHH..HD1_10,1,0,1,0,0,1,0,63,stored_event_bounds,0,0,736574.555071123,736574.555072037,1472735958.145,1472735958.224,2016-09-01T13:19:18.145,2016-09-01T13:19:18.224,0.0789977610111237
465,175,736574.555079352,1472735958.856,2016-09-01T13:19:18.856,,BCHH,10,HD2,.BCHH.10.HD2,N,-1,-1,NaN,.BCHH..HD2_10,1,0,1,0,0,1,0,64,stored_event_bounds,0,0,736574.555079352,736574.55508037,1472735958.856,1472735958.944,2016-09-01T13:19:18.856,2016-09-01T13:19:18.944,0
466,176,736574.555079491,1472735958.868,2016-09-01T13:19:18.868,,BCHH,10,HD3,.BCHH.10.HD3,N,-1,-1,NaN,.BCHH..HD3_10,1,0,1,0,0,1,0,64,stored_event_bounds,0,0,736574.555079352,736574.55508037,1472735958.856,1472735958.944,2016-09-01T13:19:18.856,2016-09-01T13:19:18.944,0.0119995325803757
467,666,736574.555079954,1472735958.908,2016-09-01T13:19:18.908,,BCHH,00,HHZ,.BCHH.00.HHZ,,-1,-1,NaN,.BCHH..HHZ_00,1,0,0,0,1,0,1,64,nearest_event,0,0,736574.555079352,736574.55508037,1472735958.856,1472735958.944,2016-09-01T13:19:18.856,2016-09-01T13:19:18.944,0.0520013272762299
468,174,736574.55508037,1472735958.944,2016-09-01T13:19:18.944,,BCHH,10,HD1,.BCHH.10.HD1,N,-1,-1,NaN,.BCHH..HD1_10,1,0,1,0,0,1,0,64,stored_event_bounds,0,0,736574.555079352,736574.55508037,1472735958.856,1472735958.944,2016-09-01T13:19:18.856,2016-09-01T13:19:18.944,0.0879999250173569
469,177,736574.555089491,1472735959.732,2016-09-01T13:19:19.732,,BCHH,10,HD3,.BCHH.10.HD3,del,-1,-1,NaN,.BCHH..HD3_10,1,1,0,0,0,1,0,NaN,,NaN,0,NaN,NaN,NaN,NaN,NaT,NaT,NaN
470,178,736574.555092083,1472735959.956,2016-09-01T13:19:19.956,,BCHH,10,HD3,.BCHH.10.HD3,del,-1,-1,NaN,.BCHH..HD3_10,1,1,0,0,0,1,0,NaN,,NaN,0,NaN,NaN,NaN,NaN,NaT,NaT,NaN
471,179,736574.555122963,1472735962.624,2016-09-01T13:19:22.624,,BCHH,10,HD2,.BCHH.10.HD2,N,-1,-1,NaN,.BCHH..HD2_10,1,0,1,0,0,1,0,65,stored_event_bounds,0,0,736574.555122963,736574.555126123,1472735962.624,1472735962.897,2016-09-01T13:19:22.624,2016-09-01T13:19:22.897,0
472,180,736574.555123056,1472735962.632,2016-09-01T13:19:22.632,,BCHH,10,HD3,.BCHH.10.HD3,N,-1,-1,NaN,.BCHH..HD3_10,1,0,1,0,0,1,0,65,stored_event_bounds,0,0,736574.555122963,736574.555126123,1472735962.624,1472735962.897,2016-09-01T13:19:22.624,2016-09-01T13:19:22.897,0.00800639390945435
473,182,736574.555123391,1472735962.661,2016-09-01T13:19:22.661,,BCHH,00,HHZ,.BCHH.00.HHZ,N,-1,-1,NaN,.BCHH..HHZ_00,1,0,1,0,0,0,1,65,nearest_event,0,0,736574.555122963,736574.555126123,1472735962.624,1472735962.897,2016-09-01T13:19:22.624,2016-09-01T13:19:22.897,0.0370044261217117
474,181,736574.555123542,1472735962.674,2016-09-01T13:19:22.674,,BCHH,00,HHN,.BCHH.00.HHN,del,-1,-1,NaN,.BCHH..HHN_00,1,1,0,0,0,0,1,65,nearest_event,0,0,736574.555122963,736574.555126123,1472735962.624,1472735962.897,2016-09-01T13:19:22.624,2016-09-01T13:19:22.897,0.0499997287988663
475,183,736574.555123981,1472735962.712,2016-09-01T13:19:22.712,,BCHH,10,HD1,.BCHH.10.HD1,N,-1,-1,NaN,.BCHH..HD1_10,1,0,1,0,0,1,0,65,stored_event_bounds,0,0,736574.555122963,736574.555126123,1472735962.624,1472735962.897,2016-09-01T13:19:22.624,2016-09-01T13:19:22.897,0.0879999250173569
476,185,736574.555125093,1472735962.808,2016-09-01T13:19:22.808,,BCHH,10,HD2,.BCHH.10.HD2,N,-1,-1,NaN,.BCHH..HD2_10,1,0,1,0,0,1,0,65,stored_event_bounds,0,0,736574.555122963,736574.555126123,1472735962.624,1472735962.897,2016-09-01T13:19:22.624,2016-09-01T13:19:22.897,0.184006243944168
477,186,736574.555125232,1472735962.82,2016-09-01T13:19:22.820,,BCHH,10,HD3,.BCHH.10.HD3,N,-1,-1,NaN,.BCHH..HD3_10,1,0,1,0,0,1,0,65,stored_event_bounds,0,0,736574.555122963,736574.555126123,1472735962.624,1472735962.897,2016-09-01T13:19:22.624,2016-09-01T13:19:22.897,0.196005776524544
478,184,736574.555126123,1472735962.897,2016-09-01T13:19:22.897,,BCHH,10,HD1,.BCHH.10.HD1,N,-1,-1,NaN,.BCHH..HD1_10,1,0,1,0,0,1,0,65,stored_event_bounds,0,0,736574.555122963,736574.555126123,1472735962.624,1472735962.897,2016-09-01T13:19:22.624,2016-09-01T13:19:22.897,0.273001939058304
479,188,736574.555135833,1472735963.736,2016-09-01T13:19:23.736,,BCHH,10,HD2,.BCHH.10.HD2,N,-1,-1,NaN,.BCHH..HD2_10,1,0,1,0,0,1,0,66,stored_event_bounds,0,0,736574.555135833,736574.555136852,1472735963.736,1472735963.824,2016-09-01T13:19:23.736,2016-09-01T13:19:23.824,0
480,189,736574.555135926,1472735963.744,2016-09-01T13:19:23.744,,BCHH,10,HD3,.BCHH.10.HD3,N,-1,-1,NaN,.BCHH..HD3_10,1,0,1,0,0,1,0,66,stored_event_bounds,0,0,736574.555135833,736574.555136852,1472735963.736,1472735963.824,2016-09-01T13:19:23.736,2016-09-01T13:19:23.824,0.0079963356256485
481,187,736574.555136852,1472735963.824,2016-09-01T13:19:23.824,,BCHH,10,HD1,.BCHH.10.HD1,N,-1,-1,NaN,.BCHH..HD1_10,1,0,1,0,0,1,0,66,stored_event_bounds,0,0,736574.555135833,736574.555136852,1472735963.736,1472735963.824,2016-09-01T13:19:23.736,2016-09-01T13:19:23.824,0.0879999250173569
482,191,736574.55515088,1472735965.036,2016-09-01T13:19:25.036,,BCHH,10,HD2,.BCHH.10.HD2,N,-1,-1,NaN,.BCHH..HD2_10,1,0,1,0,0,1,0,67,stored_event_bounds,0,0,736574.55515088,736574.555151944,1472735965.036,1472735965.128,2016-09-01T13:19:25.036,2016-09-01T13:19:25.128,0
483,192,736574.555150972,1472735965.044,2016-09-01T13:19:25.044,,BCHH,10,HD3,.BCHH.10.HD3,N,-1,-1,NaN,.BCHH..HD3_10,1,0,1,0,0,1,0,67,stored_event_bounds,0,0,736574.55515088,736574.555151944,1472735965.036,1472735965.128,2016-09-01T13:19:25.036,2016-09-01T13:19:25.128,0.0079963356256485
484,193,736574.555151296,1472735965.072,2016-09-01T13:19:25.072,,BCHH,00,HHZ,.BCHH.00.HHZ,N,-1,-1,NaN,.BCHH..HHZ_00,1,0,1,0,0,0,1,67,nearest_event,0,0,736574.55515088,736574.555151944,1472735965.036,1472735965.128,2016-09-01T13:19:25.036,2016-09-01T13:19:25.128,0.035998597741127
485,195,736574.555151343,1472735965.076,2016-09-01T13:19:25.076,,BCHH,00,HHE,.BCHH.00.HHE,del,-1,-1,NaN,.BCHH..HHE_00,1,1,0,0,0,0,1,67,nearest_event,0,0,736574.55515088,736574.555151944,1472735965.036,1472735965.128,2016-09-01T13:19:25.036,2016-09-01T13:19:25.128,0.0400017946958542
486,194,736574.555151377,1472735965.079,2016-09-01T13:19:25.079,,BCHH,00,HHN,.BCHH.00.HHN,del,-1,-1,NaN,.BCHH..HHN_00,1,1,0,0,0,0,1,67,nearest_event,0,0,736574.55515088,736574.555151944,1472735965.036,1472735965.128,2016-09-01T13:19:25.036,2016-09-01T13:19:25.128,0.0429991632699966
487,190,736574.555151944,1472735965.128,2016-09-01T13:19:25.128,,BCHH,10,HD1,.BCHH.10.HD1,N,-1,-1,NaN,.BCHH..HD1_10,1,0,1,0,0,1,0,67,stored_event_bounds,0,0,736574.55515088,736574.555151944,1472735965.036,1472735965.128,2016-09-01T13:19:25.036,2016-09-01T13:19:25.128,0.0919930636882782
488,196,736574.555171806,1472735966.844,2016-09-01T13:19:26.844,,BCHH,10,HD2,.BCHH.10.HD2,N,-1,-1,NaN,.BCHH..HD2_10,1,0,1,0,0,1,0,68,stored_event_bounds,0,0,736574.555171806,736574.555172778,1472735966.844,1472735966.928,2016-09-01T13:19:26.844,2016-09-01T13:19:26.928,0
489,197,736574.555171898,1472735966.852,2016-09-01T13:19:26.852,,BCHH,10,HD3,.BCHH.10.HD3,N,-1,-1,NaN,.BCHH..HD3_10,1,0,1,0,0,1,0,68,stored_event_bounds,0,0,736574.555171806,736574.555172778,1472735966.844,1472735966.928,2016-09-01T13:19:26.844,2016-09-01T13:19:26.928,0.0079963356256485
490,200,736574.555172211,1472735966.879,2016-09-01T13:19:26.879,,BCHH,00,HHZ,.BCHH.00.HHZ,N,-1,-1,NaN,.BCHH..HHZ_00,1,0,1,0,0,0,1,68,nearest_event,0,0,736574.555171806,736574.555172778,1472735966.844,1472735966.928,2016-09-01T13:19:26.844,2016-09-01T13:19:26.928,0.0350028276443481
491,199,736574.555172326,1472735966.889,2016-09-01T13:19:26.889,,BCHH,00,HHE,.BCHH.00.HHE,del,-1,-1,NaN,.BCHH..HHE_00,1,1,0,0,0,0,1,68,nearest_event,0,0,736574.555171806,736574.555172778,1472735966.844,1472735966.928,2016-09-01T13:19:26.844,2016-09-01T13:19:26.928,0.0450007617473602
492,198,736574.555172778,1472735966.928,2016-09-01T13:19:26.928,,BCHH,10,HD1,.BCHH.10.HD1,N,-1,-1,NaN,.BCHH..HD1_10,1,0,1,0,0,1,0,68,stored_event_bounds,0,0,736574.555171806,736574.555172778,1472735966.844,1472735966.928,2016-09-01T13:19:26.844,2016-09-01T13:19:26.928,0.0839967280626297
493,202,736574.555200984,1472735969.365,2016-09-01T13:19:29.365,,BCHH,10,HD2,.BCHH.10.HD2,N,-1,-1,NaN,.BCHH..HD2_10,1,0,1,0,0,1,0,69,stored_event_bounds,0,0,736574.555200984,736574.555202037,1472735969.365,1472735969.45601,2016-09-01T13:19:29.365,2016-09-01T13:19:29.456,0
494,203,736574.555201123,1472735969.377,2016-09-01T13:19:29.377,,BCHH,10,HD3,.BCHH.10.HD3,N,-1,-1,NaN,.BCHH..HD3_10,1,0,1,0,0,1,0,69,stored_event_bounds,0,0,736574.555200984,736574.555202037,1472735969.365,1472735969.45601,2016-09-01T13:19:29.365,2016-09-01T13:19:29.456,0.0119995325803757
495,205,736574.5552014,1472735969.401,2016-09-01T13:19:29.401,,BCHH,00,HHZ,.BCHH.00.HHZ,N,-1,-1,NaN,.BCHH..HHZ_00,1,0,1,0,0,0,1,69,nearest_event,0,0,736574.555200984,736574.555202037,1472735969.365,1472735969.45601,2016-09-01T13:19:29.365,2016-09-01T13:19:29.456,0.035998597741127
496,206,736574.555201493,1472735969.409,2016-09-01T13:19:29.409,,BCHH,00,HHE,.BCHH.00.HHE,del,-1,-1,NaN,.BCHH..HHE_00,1,1,0,0,0,0,1,69,nearest_event,0,0,736574.555200984,736574.555202037,1472735969.365,1472735969.45601,2016-09-01T13:19:29.365,2016-09-01T13:19:29.456,0.0440049916505814
497,204,736574.555201505,1472735969.41,2016-09-01T13:19:29.410,,BCHH,00,HHN,.BCHH.00.HHN,del,-1,-1,NaN,.BCHH..HHN_00,1,1,0,0,0,0,1,69,nearest_event,0,0,736574.555200984,736574.555202037,1472735969.365,1472735969.45601,2016-09-01T13:19:29.365,2016-09-01T13:19:29.456,0.0450007617473602
498,201,736574.555202037,1472735969.45601,2016-09-01T13:19:29.456,,BCHH,10,HD1,.BCHH.10.HD1,N,-1,-1,NaN,.BCHH..HD1_10,1,0,1,0,0,1,0,69,stored_event_bounds,0,0,736574.555200984,736574.555202037,1472735969.365,1472735969.45601,2016-09-01T13:19:29.365,2016-09-01T13:19:29.456,0.0910073518753052
499,208,736574.555247407,1472735973.376,2016-09-01T13:19:33.376,,BCHH,10,HD2,.BCHH.10.HD2,N,-1,-1,NaN,.BCHH..HD2_10,1,0,1,0,0,1,0,70,stored_event_bounds,0,0,736574.555247407,736574.555248241,1472735973.376,1472735973.448,2016-09-01T13:19:33.376,2016-09-01T13:19:33.448,0
500,207,736574.5552475,1472735973.384,2016-09-01T13:19:33.384,,BCHH,10,HD3,.BCHH.10.HD3,N,-1,-1,NaN,.BCHH..HD3_10,1,0,1,0,0,1,0,70,stored_event_bounds,0,0,736574.555247407,736574.555248241,1472735973.376,1472735973.448,2016-09-01T13:19:33.376,2016-09-01T13:19:33.448,0.0079963356256485
501,211,736574.555247836,1472735973.413,2016-09-01T13:19:33.413,,BCHH,00,HHZ,.BCHH.00.HHZ,N,-1,-1,NaN,.BCHH..HHZ_00,1,0,1,0,0,0,1,70,nearest_event,0,0,736574.555247407,736574.555248241,1472735973.376,1472735973.448,2016-09-01T13:19:33.376,2016-09-01T13:19:33.448,0.0370044261217117
502,210,736574.555247882,1472735973.417,2016-09-01T13:19:33.417,,BCHH,00,HHE,.BCHH.00.HHE,del,-1,-1,NaN,.BCHH..HHE_00,1,1,0,0,0,0,1,70,nearest_event,0,0,736574.555247407,736574.555248241,1472735973.376,1472735973.448,2016-09-01T13:19:33.376,2016-09-01T13:19:33.448,0.0409975647926331
503,209,736574.555248241,1472735973.448,2016-09-01T13:19:33.448,,BCHH,10,HD1,.BCHH.10.HD1,N,-1,-1,NaN,.BCHH..HD1_10,1,0,1,0,0,1,0,70,stored_event_bounds,0,0,736574.555247407,736574.555248241,1472735973.376,1472735973.448,2016-09-01T13:19:33.376,2016-09-01T13:19:33.448,0.071997195482254
504,828,736574.555252153,1472735973.786,2016-09-01T13:19:33.786,,BCHH,10,HD2,.BCHH.10.HD2,N,-1,-1,NaN,.BCHH..HD2_10,1,0,1,0,0,1,0,71,stored_event_bounds,0,0,736574.555252153,736574.555252211,1472735973.786,1472735973.791,2016-09-01T13:19:33.786,2016-09-01T13:19:33.791,0
505,827,736574.555252211,1472735973.791,2016-09-01T13:19:33.791,,BCHH,10,HD3,.BCHH.10.HD3,N,-1,-1,NaN,.BCHH..HD3_10,1,0,1,0,0,1,0,71,stored_event_bounds,0,0,736574.555252153,736574.555252211,1472735973.786,1472735973.791,2016-09-01T13:19:33.786,2016-09-01T13:19:33.791,0.00500902533531189
506,212,736574.555351944,1472735982.408,2016-09-01T13:19:42.408,,BCHH,10,HD2,.BCHH.10.HD2,N,-1,-1,NaN,.BCHH..HD2_10,1,0,1,0,0,1,0,72,stored_event_bounds,0,0,736574.555351944,736574.555352882,1472735982.408,1472735982.489,2016-09-01T13:19:42.408,2016-09-01T13:19:42.489,0
507,213,736574.555352049,1472735982.417,2016-09-01T13:19:42.417,,BCHH,10,HD3,.BCHH.10.HD3,N,-1,-1,NaN,.BCHH..HD3_10,1,0,1,0,0,1,0,72,stored_event_bounds,0,0,736574.555351944,736574.555352882,1472735982.408,1472735982.489,2016-09-01T13:19:42.408,2016-09-01T13:19:42.489,0.00900216400623322
508,216,736574.555352326,1472735982.441,2016-09-01T13:19:42.441,,BCHH,00,HHZ,.BCHH.00.HHZ,N,-1,-1,NaN,.BCHH..HHZ_00,1,0,1,0,0,0,1,72,nearest_event,0,0,736574.555351944,736574.555352882,1472735982.408,1472735982.489,2016-09-01T13:19:42.408,2016-09-01T13:19:42.489,0.0330012291669846
509,215,736574.555352396,1472735982.447,2016-09-01T13:19:42.447,,BCHH,00,HHN,.BCHH.00.HHN,del,-1,-1,NaN,.BCHH..HHN_00,1,1,0,0,0,0,1,72,nearest_event,0,0,736574.555351944,736574.555352882,1472735982.408,1472735982.489,2016-09-01T13:19:42.408,2016-09-01T13:19:42.489,0.0390060245990753
510,214,736574.555352454,1472735982.452,2016-09-01T13:19:42.452,,BCHH,00,HHE,.BCHH.00.HHE,del,-1,-1,NaN,.BCHH..HHE_00,1,1,0,0,0,0,1,72,nearest_event,0,0,736574.555351944,736574.555352882,1472735982.408,1472735982.489,2016-09-01T13:19:42.408,2016-09-01T13:19:42.489,0.0440049916505814
511,448,736574.555352882,1472735982.489,2016-09-01T13:19:42.489,,BCHH,10,HD1,.BCHH.10.HD1,N,-1,-1,NaN,.BCHH..HD1_10,1,0,1,0,0,1,0,72,stored_event_bounds,0,0,736574.555351944,736574.555352882,1472735982.408,1472735982.489,2016-09-01T13:19:42.408,2016-09-01T13:19:42.489,0.0809993594884872
512,217,736574.555420625,1472735988.342,2016-09-01T13:19:48.342,,BCHH,10,HD2,.BCHH.10.HD2,N,-1,-1,NaN,.BCHH..HD2_10,1,0,1,0,0,1,0,73,stored_event_bounds,0,0,736574.555420625,736574.555421042,1472735988.342,1472735988.378,2016-09-01T13:19:48.342,2016-09-01T13:19:48.378,0
513,220,736574.55542066,1472735988.345,2016-09-01T13:19:48.345,,BCHH,10,HD3,.BCHH.10.HD3,N,-1,-1,NaN,.BCHH..HD3_10,1,0,1,0,0,1,0,73,stored_event_bounds,0,0,736574.555420625,736574.555421042,1472735988.342,1472735988.378,2016-09-01T13:19:48.342,2016-09-01T13:19:48.378,0.00299736857414246
514,218,736574.555421042,1472735988.378,2016-09-01T13:19:48.378,,BCHH,00,HHZ,.BCHH.00.HHZ,N,-1,-1,NaN,.BCHH..HHZ_00,1,0,1,0,0,0,1,73,nearest_event,0,0,736574.555420625,736574.555421042,1472735988.342,1472735988.378,2016-09-01T13:19:48.342,2016-09-01T13:19:48.378,0.035998597741127
515,219,736574.555421111,1472735988.384,2016-09-01T13:19:48.384,,BCHH,00,HHN,.BCHH.00.HHN,del,-1,-1,NaN,.BCHH..HHN_00,1,1,0,0,0,0,1,73,nearest_event,0.00599473714828491,0,736574.555420625,736574.555421042,1472735988.342,1472735988.378,2016-09-01T13:19:48.342,2016-09-01T13:19:48.378,0.0419933348894119
516,221,736574.555502593,1472735995.424,2016-09-01T13:19:55.424,,BCHH,10,HD2,.BCHH.10.HD2,N,-1,-1,NaN,.BCHH..HD2_10,1,0,1,0,0,1,0,74,stored_event_bounds,0,0,736574.555502593,736574.555503611,1472735995.424,1472735995.512,2016-09-01T13:19:55.424,2016-09-01T13:19:55.512,0
517,223,736574.555502731,1472735995.436,2016-09-01T13:19:55.436,,BCHH,10,HD3,.BCHH.10.HD3,N,-1,-1,NaN,.BCHH..HD3_10,1,0,1,0,0,1,0,74,stored_event_bounds,0,0,736574.555502593,736574.555503611,1472735995.424,1472735995.512,2016-09-01T13:19:55.424,2016-09-01T13:19:55.512,0.0119995325803757
518,226,736574.555503021,1472735995.461,2016-09-01T13:19:55.461,,BCHH,00,HHZ,.BCHH.00.HHZ,N,-1,-1,NaN,.BCHH..HHZ_00,1,0,1,0,0,0,1,74,nearest_event,0,0,736574.555502593,736574.555503611,1472735995.424,1472735995.512,2016-09-01T13:19:55.424,2016-09-01T13:19:55.512,0.0370044261217117
519,224,736574.55550309,1472735995.467,2016-09-01T13:19:55.467,,BCHH,00,HHE,.BCHH.00.HHE,del,-1,-1,NaN,.BCHH..HHE_00,1,1,0,0,0,0,1,74,nearest_event,0,0,736574.555502593,736574.555503611,1472735995.424,1472735995.512,2016-09-01T13:19:55.424,2016-09-01T13:19:55.512,0.0429991632699966
520,225,736574.555503148,1472735995.472,2016-09-01T13:19:55.472,,BCHH,00,HHN,.BCHH.00.HHN,del,-1,-1,NaN,.BCHH..HHN_00,1,1,0,0,0,0,1,74,nearest_event,0,0,736574.555502593,736574.555503611,1472735995.424,1472735995.512,2016-09-01T13:19:55.424,2016-09-01T13:19:55.512,0.0479981303215027
521,222,736574.555503611,1472735995.512,2016-09-01T13:19:55.512,,BCHH,10,HD1,.BCHH.10.HD1,N,-1,-1,NaN,.BCHH..HD1_10,1,0,1,0,0,1,0,74,stored_event_bounds,0,0,736574.555502593,736574.555503611,1472735995.424,1472735995.512,2016-09-01T13:19:55.424,2016-09-01T13:19:55.512,0.0879999250173569
522,227,736574.555511725,1472735996.213,2016-09-01T13:19:56.213,,BCHH,10,HD2,.BCHH.10.HD2,N,-1,-1,NaN,.BCHH..HD2_10,1,0,1,0,0,1,0,75,stored_event_bounds,0,0,736574.555511725,736574.555511852,1472735996.213,1472735996.224,2016-09-01T13:19:56.213,2016-09-01T13:19:56.224,0
523,228,736574.555511852,1472735996.224,2016-09-01T13:19:56.224,,BCHH,10,HD3,.BCHH.10.HD3,N,-1,-1,NaN,.BCHH..HD3_10,1,0,1,0,0,1,0,75,stored_event_bounds,0,0,736574.555511725,736574.555511852,1472735996.213,1472735996.224,2016-09-01T13:19:56.213,2016-09-01T13:19:56.224,0.010993704199791
524,230,736574.555556215,1472736000.057,2016-09-01T13:20:00.057,,BCHH,10,HD2,.BCHH.10.HD2,N,-1,-1,NaN,.BCHH..HD2_10,1,0,1,0,0,1,0,76,stored_event_bounds,0,0,736574.555556215,736574.55555625,1472736000.057,1472736000.06,2016-09-01T13:20:00.057,2016-09-01T13:20:00.060,0
525,229,736574.55555625,1472736000.06,2016-09-01T13:20:00.060,,BCHH,10,HD3,.BCHH.10.HD3,N,-1,-1,NaN,.BCHH..HD3_10,1,0,1,0,0,1,0,76,stored_event_bounds,0,0,736574.555556215,736574.55555625,1472736000.057,1472736000.06,2016-09-01T13:20:00.057,2016-09-01T13:20:00.060,0.0030074268579483
526,232,736574.555601134,1472736003.938,2016-09-01T13:20:03.938,,BCHH,10,HD2,.BCHH.10.HD2,N,-1,-1,NaN,.BCHH..HD2_10,1,0,1,0,0,1,0,77,stored_event_bounds,0,0,736574.555601134,736574.555602188,1472736003.938,1472736004.029,2016-09-01T13:20:03.938,2016-09-01T13:20:04.029,0
527,233,736574.555601262,1472736003.949,2016-09-01T13:20:03.949,,BCHH,10,HD3,.BCHH.10.HD3,N,-1,-1,NaN,.BCHH..HD3_10,1,0,1,0,0,1,0,77,stored_event_bounds,0,0,736574.555601134,736574.555602188,1472736003.938,1472736004.029,2016-09-01T13:20:03.938,2016-09-01T13:20:04.029,0.010993704199791
528,235,736574.555601551,1472736003.974,2016-09-01T13:20:03.974,,BCHH,00,HHZ,.BCHH.00.HHZ,N,-1,-1,NaN,.BCHH..HHZ_00,1,0,1,0,0,0,1,77,nearest_event,0,0,736574.555601134,736574.555602188,1472736003.938,1472736004.029,2016-09-01T13:20:03.938,2016-09-01T13:20:04.029,0.035998597741127
529,234,736574.555601667,1472736003.984,2016-09-01T13:20:03.984,,BCHH,00,HHE,.BCHH.00.HHE,del,-1,-1,NaN,.BCHH..HHE_00,1,1,0,0,0,0,1,77,nearest_event,0,0,736574.555601134,736574.555602188,1472736003.938,1472736004.029,2016-09-01T13:20:03.938,2016-09-01T13:20:04.029,0.0459965318441391
530,236,736574.555601678,1472736003.985,2016-09-01T13:20:03.985,,BCHH,00,HHN,.BCHH.00.HHN,del,-1,-1,NaN,.BCHH..HHN_00,1,1,0,0,0,0,1,77,nearest_event,0,0,736574.555601134,736574.555602188,1472736003.938,1472736004.029,2016-09-01T13:20:03.938,2016-09-01T13:20:04.029,0.046992301940918
531,231,736574.555602188,1472736004.029,2016-09-01T13:20:04.029,,BCHH,10,HD1,.BCHH.10.HD1,N,-1,-1,NaN,.BCHH..HD1_10,1,0,1,0,0,1,0,77,stored_event_bounds,0,0,736574.555601134,736574.555602188,1472736003.938,1472736004.029,2016-09-01T13:20:03.938,2016-09-01T13:20:04.029,0.0909972935914993
532,825,736574.555615486,1472736005.178,2016-09-01T13:20:05.178,,BCHH,10,HD2,.BCHH.10.HD2,N,-1,-1,NaN,.BCHH..HD2_10,1,0,1,0,0,1,0,78,stored_event_bounds,0,0,736574.555615486,736574.55561566,1472736005.178,1472736005.193,2016-09-01T13:20:05.178,2016-09-01T13:20:05.193,0
533,826,736574.55561566,1472736005.193,2016-09-01T13:20:05.193,,BCHH,10,HD3,.BCHH.10.HD3,N,-1,-1,NaN,.BCHH..HD3_10,1,0,1,0,0,1,0,78,stored_event_bounds,0,0,736574.555615486,736574.55561566,1472736005.178,1472736005.193,2016-09-01T13:20:05.178,2016-09-01T13:20:05.193,0.0149969011545181
534,787,736574.555628438,1472736006.297,2016-09-01T13:20:06.297,,BCHH,10,HD2,.BCHH.10.HD2,N,-1,-1,NaN,.BCHH..HD2_10,1,0,1,0,0,1,0,79,stored_event_bounds,0,0,736574.555628438,736574.555628553,1472736006.297,1472736006.307,2016-09-01T13:20:06.297,2016-09-01T13:20:06.307,0
535,788,736574.555628553,1472736006.307,2016-09-01T13:20:06.307,,BCHH,10,HD3,.BCHH.10.HD3,N,-1,-1,NaN,.BCHH..HD3_10,1,0,1,0,0,1,0,79,stored_event_bounds,0,0,736574.555628438,736574.555628553,1472736006.297,1472736006.307,2016-09-01T13:20:06.297,2016-09-01T13:20:06.307,0.00999793410301208
536,237,736574.555745648,1472736016.424,2016-09-01T13:20:16.424,,BCHH,10,HD2,.BCHH.10.HD2,N,-1,-1,NaN,.BCHH..HD2_10,1,0,1,0,0,1,0,80,stored_event_bounds,0,0,736574.555745648,736574.555745741,1472736016.424,1472736016.432,2016-09-01T13:20:16.424,2016-09-01T13:20:16.432,0
537,238,736574.555745741,1472736016.432,2016-09-01T13:20:16.432,,BCHH,10,HD3,.BCHH.10.HD3,N,-1,-1,NaN,.BCHH..HD3_10,1,0,1,0,0,1,0,80,stored_event_bounds,0,0,736574.555745648,736574.555745741,1472736016.424,1472736016.432,2016-09-01T13:20:16.424,2016-09-01T13:20:16.432,0.00800639390945435
538,823,736574.555763623,1472736017.977,2016-09-01T13:20:17.977,,BCHH,10,HD2,.BCHH.10.HD2,N,-1,-1,NaN,.BCHH..HD2_10,1,0,1,0,0,1,0,81,stored_event_bounds,0,0,736574.555763623,736574.555763762,1472736017.977,1472736017.989,2016-09-01T13:20:17.977,2016-09-01T13:20:17.989,0
539,824,736574.555763762,1472736017.989,2016-09-01T13:20:17.989,,BCHH,10,HD3,.BCHH.10.HD3,N,-1,-1,NaN,.BCHH..HD3_10,1,0,1,0,0,1,0,81,stored_event_bounds,0,0,736574.555763623,736574.555763762,1472736017.977,1472736017.989,2016-09-01T13:20:17.977,2016-09-01T13:20:17.989,0.0120095908641815
540,239,736574.555771308,1472736018.641,2016-09-01T13:20:18.641,,BCHH,10,HD2,.BCHH.10.HD2,N,-1,-1,NaN,.BCHH..HD2_10,1,0,1,0,0,1,0,82,stored_event_bounds,0,0,736574.555771308,736574.555771481,1472736018.641,1472736018.656,2016-09-01T13:20:18.641,2016-09-01T13:20:18.656,0
541,240,736574.555771481,1472736018.656,2016-09-01T13:20:18.656,,BCHH,10,HD3,.BCHH.10.HD3,N,-1,-1,NaN,.BCHH..HD3_10,1,0,1,0,0,1,0,82,stored_event_bounds,0,0,736574.555771308,736574.555771481,1472736018.641,1472736018.656,2016-09-01T13:20:18.641,2016-09-01T13:20:18.656,0.0149969011545181
542,668,736574.555772477,1472736018.742,2016-09-01T13:20:18.742,,BCHH,00,HHZ,.BCHH.00.HHZ,,-1,-1,NaN,.BCHH..HHZ_00,1,0,0,0,1,0,1,82,nearest_event,0.0859983265399933,0,736574.555771308,736574.555771481,1472736018.641,1472736018.656,2016-09-01T13:20:18.641,2016-09-01T13:20:18.656,0.100995227694511
543,241,736574.555793113,1472736020.525,2016-09-01T13:20:20.525,,BCHH,10,HD2,.BCHH.10.HD2,N,-1,-1,NaN,.BCHH..HD2_10,1,0,1,0,0,1,0,83,stored_event_bounds,0,0,736574.555793113,736574.555793287,1472736020.525,1472736020.54,2016-09-01T13:20:20.525,2016-09-01T13:20:20.540,0
544,242,736574.555793287,1472736020.54,2016-09-01T13:20:20.540,,BCHH,10,HD3,.BCHH.10.HD3,N,-1,-1,NaN,.BCHH..HD3_10,1,0,1,0,0,1,0,83,stored_event_bounds,0,0,736574.555793113,736574.555793287,1472736020.525,1472736020.54,2016-09-01T13:20:20.525,2016-09-01T13:20:20.540,0.0149969011545181
545,243,736574.555826643,1472736023.422,2016-09-01T13:20:23.422,,BCHH,10,HD2,.BCHH.10.HD2,N,-1,-1,NaN,.BCHH..HD2_10,1,0,1,0,0,1,0,84,stored_event_bounds,0,0,736574.555826643,736574.555826979,1472736023.422,1472736023.451,2016-09-01T13:20:23.422,2016-09-01T13:20:23.451,0
546,244,736574.555826713,1472736023.428,2016-09-01T13:20:23.428,,BCHH,10,HD3,.BCHH.10.HD3,N,-1,-1,NaN,.BCHH..HD3_10,1,0,1,0,0,1,0,84,stored_event_bounds,0,0,736574.555826643,736574.555826979,1472736023.422,1472736023.451,2016-09-01T13:20:23.422,2016-09-01T13:20:23.451,0.00600479543209076
547,245,736574.555826979,1472736023.451,2016-09-01T13:20:23.451,,BCHH,00,HHZ,.BCHH.00.HHZ,N,-1,-1,NaN,.BCHH..HHZ_00,1,0,1,0,0,0,1,84,nearest_event,0,0,736574.555826643,736574.555826979,1472736023.422,1472736023.451,2016-09-01T13:20:23.422,2016-09-01T13:20:23.451,0.0290080904960632
548,246,736574.555860104,1472736026.313,2016-09-01T13:20:26.313,,BCHH,10,HD2,.BCHH.10.HD2,N,-1,-1,NaN,.BCHH..HD2_10,1,0,1,0,0,1,0,85,stored_event_bounds,0,0,736574.555860104,736574.555860544,1472736026.313,1472736026.351,2016-09-01T13:20:26.313,2016-09-01T13:20:26.351,0
549,247,736574.555860243,1472736026.325,2016-09-01T13:20:26.325,,BCHH,10,HD3,.BCHH.10.HD3,N,-1,-1,NaN,.BCHH..HD3_10,1,0,1,0,0,1,0,85,stored_event_bounds,0,0,736574.555860104,736574.555860544,1472736026.313,1472736026.351,2016-09-01T13:20:26.313,2016-09-01T13:20:26.351,0.0119995325803757
550,249,736574.555860544,1472736026.351,2016-09-01T13:20:26.351,,BCHH,00,HHZ,.BCHH.00.HHZ,N,-1,-1,NaN,.BCHH..HHZ_00,1,0,1,0,0,0,1,85,nearest_event,0,0,736574.555860104,736574.555860544,1472736026.313,1472736026.351,2016-09-01T13:20:26.313,2016-09-01T13:20:26.351,0.0380001962184906
551,248,736574.555860579,1472736026.354,2016-09-01T13:20:26.354,,BCHH,00,HHE,.BCHH.00.HHE,del,-1,-1,NaN,.BCHH..HHE_00,1,1,0,0,0,0,1,85,nearest_event,0.00299736857414246,0,736574.555860104,736574.555860544,1472736026.313,1472736026.351,2016-09-01T13:20:26.313,2016-09-01T13:20:26.351,0.0409975647926331
552,374,736574.555886586,1472736028.601,2016-09-01T13:20:28.601,,BCHH,10,HD2,.BCHH.10.HD2,N,-1,-1,NaN,.BCHH..HD2_10,1,0,1,0,0,1,0,86,stored_event_bounds,0,0,736574.555886586,736574.555886759,1472736028.601,1472736028.616,2016-09-01T13:20:28.601,2016-09-01T13:20:28.616,0
553,394,736574.555886759,1472736028.616,2016-09-01T13:20:28.616,,BCHH,10,HD3,.BCHH.10.HD3,N,-1,-1,NaN,.BCHH..HD3_10,1,0,1,0,0,1,0,86,stored_event_bounds,0,0,736574.555886586,736574.555886759,1472736028.601,1472736028.616,2016-09-01T13:20:28.601,2016-09-01T13:20:28.616,0.015006959438324
554,667,736574.555887083,1472736028.644,2016-09-01T13:20:28.644,,BCHH,00,HHZ,.BCHH.00.HHZ,,-1,-1,NaN,.BCHH..HHZ_00,1,0,0,0,1,0,1,86,nearest_event,0.0279922038316727,0,736574.555886586,736574.555886759,1472736028.601,1472736028.616,2016-09-01T13:20:28.601,2016-09-01T13:20:28.616,0.0429991632699966
555,250,736574.555946863,1472736033.809,2016-09-01T13:20:33.809,,BCHH,10,HD2,.BCHH.10.HD2,N,-1,-1,NaN,.BCHH..HD2_10,1,0,1,0,0,1,0,87,stored_event_bounds,0,0,736574.555946863,736574.555947245,1472736033.809,1472736033.842,2016-09-01T13:20:33.809,2016-09-01T13:20:33.842,0
556,251,736574.555946863,1472736033.809,2016-09-01T13:20:33.809,,BCHH,10,HD3,.BCHH.10.HD3,N,-1,-1,NaN,.BCHH..HD3_10,1,0,1,0,0,1,0,87,stored_event_bounds,0,0,736574.555946863,736574.555947245,1472736033.809,1472736033.842,2016-09-01T13:20:33.809,2016-09-01T13:20:33.842,0
557,252,736574.555947245,1472736033.842,2016-09-01T13:20:33.842,,BCHH,00,HHZ,.BCHH.00.HHZ,N,-1,-1,NaN,.BCHH..HHZ_00,1,0,1,0,0,0,1,87,nearest_event,0,0,736574.555946863,736574.555947245,1472736033.809,1472736033.842,2016-09-01T13:20:33.809,2016-09-01T13:20:33.842,0.0330012291669846
558,253,736574.556016667,1472736039.84,2016-09-01T13:20:39.840,,BCHH,10,HD2,.BCHH.10.HD2,N,-1,-1,NaN,.BCHH..HD2_10,1,0,1,0,0,1,0,88,stored_event_bounds,0,0,736574.556016667,736574.556017083,1472736039.84,1472736039.876,2016-09-01T13:20:39.840,2016-09-01T13:20:39.876,0
559,254,736574.556016713,1472736039.844,2016-09-01T13:20:39.844,,BCHH,10,HD3,.BCHH.10.HD3,N,-1,-1,NaN,.BCHH..HD3_10,1,0,1,0,0,1,0,88,stored_event_bounds,0,0,736574.556016667,736574.556017083,1472736039.84,1472736039.876,2016-09-01T13:20:39.840,2016-09-01T13:20:39.876,0.00399313867092133
560,255,736574.556017083,1472736039.876,2016-09-01T13:20:39.876,,BCHH,00,HHZ,.BCHH.00.HHZ,N,-1,-1,NaN,.BCHH..HHZ_00,1,0,1,0,0,0,1,88,nearest_event,0,0,736574.556016667,736574.556017083,1472736039.84,1472736039.876,2016-09-01T13:20:39.840,2016-09-01T13:20:39.876,0.035998597741127
561,256,736574.556027037,1472736040.736,2016-09-01T13:20:40.736,,BCHH,10,HD2,.BCHH.10.HD2,N,-1,-1,NaN,.BCHH..HD2_10,1,0,1,0,0,1,0,89,stored_event_bounds,0,0,736574.556027037,736574.556028056,1472736040.736,1472736040.824,2016-09-01T13:20:40.736,2016-09-01T13:20:40.824,0
562,257,736574.556027176,1472736040.748,2016-09-01T13:20:40.748,,BCHH,10,HD3,.BCHH.10.HD3,N,-1,-1,NaN,.BCHH..HD3_10,1,0,1,0,0,1,0,89,stored_event_bounds,0,0,736574.556027037,736574.556028056,1472736040.736,1472736040.824,2016-09-01T13:20:40.736,2016-09-01T13:20:40.824,0.0119995325803757
563,258,736574.556027454,1472736040.772,2016-09-01T13:20:40.772,,BCHH,00,HHZ,.BCHH.00.HHZ,N,-1,-1,NaN,.BCHH..HHZ_00,1,0,1,0,0,0,1,89,nearest_event,0,0,736574.556027037,736574.556028056,1472736040.736,1472736040.824,2016-09-01T13:20:40.736,2016-09-01T13:20:40.824,0.035998597741127
564,259,736574.556028056,1472736040.824,2016-09-01T13:20:40.824,,BCHH,10,HD1,.BCHH.10.HD1,N,-1,-1,NaN,.BCHH..HD1_10,1,0,1,0,0,1,0,89,stored_event_bounds,0,0,736574.556027037,736574.556028056,1472736040.736,1472736040.824,2016-09-01T13:20:40.736,2016-09-01T13:20:40.824,0.0879999250173569
565,669,736574.556129549,1472736049.593,2016-09-01T13:20:49.593,,BCHH,00,HHZ,.BCHH.00.HHZ,,-1,-1,NaN,.BCHH..HHZ_00,1,0,0,0,1,0,1,NaN,,NaN,0,NaN,NaN,NaN,NaN,NaT,NaT,NaN
566,395,736574.556180856,1472736054.026,2016-09-01T13:20:54.026,,BCHH,10,HD3,.BCHH.10.HD3,N,-1,-1,NaN,.BCHH..HD3_10,1,0,1,0,0,1,0,90,stored_event_bounds,0,0,736574.556180856,736574.556180926,1472736054.026,1472736054.032,2016-09-01T13:20:54.026,2016-09-01T13:20:54.032,0
567,260,736574.556180926,1472736054.032,2016-09-01T13:20:54.032,,BCHH,10,HD2,.BCHH.10.HD2,N,-1,-1,NaN,.BCHH..HD2_10,1,0,1,0,0,1,0,90,stored_event_bounds,0,0,736574.556180856,736574.556180926,1472736054.026,1472736054.032,2016-09-01T13:20:54.026,2016-09-01T13:20:54.032,0.00600479543209076
568,262,736574.556181285,1472736054.063,2016-09-01T13:20:54.063,,BCHH,00,HHZ,.BCHH.00.HHZ,X2,-1,-1,NaN,.BCHH..HHZ_00,1,0,0,0,0,0,1,90,nearest_event,0.030999630689621,0,736574.556180856,736574.556180926,1472736054.026,1472736054.032,2016-09-01T13:20:54.026,2016-09-01T13:20:54.032,0.0370044261217117
569,261,736574.556189387,1472736054.763,2016-09-01T13:20:54.763,,BCHH,10,HD3,.BCHH.10.HD3,del,-1,-1,NaN,.BCHH..HD3_10,1,1,0,0,0,1,0,NaN,,NaN,0,NaN,NaN,NaN,NaN,NaT,NaT,NaN
570,670,736574.556240127,1472736059.147,2016-09-01T13:20:59.147,,BCHH,00,HHZ,.BCHH.00.HHZ,,-1,-1,NaN,.BCHH..HHZ_00,1,0,0,0,1,0,1,NaN,,NaN,0,NaN,NaN,NaN,NaN,NaT,NaT,NaN
571,781,736574.556289884,1472736063.446,2016-09-01T13:21:03.446,,BCHH,00,HHZ,.BCHH.00.HHZ,,-1,-1,NaN,.BCHH..HHZ_00,1,0,0,0,1,0,1,NaN,,NaN,0,NaN,NaN,NaN,NaN,NaT,NaT,NaN
572,821,736574.556333495,1472736067.214,2016-09-01T13:21:07.214,,BCHH,10,HD2,.BCHH.10.HD2,N,-1,-1,NaN,.BCHH..HD2_10,1,0,1,0,0,1,0,91,stored_event_bounds,0,0,736574.556333495,736574.556333727,1472736067.214,1472736067.234,2016-09-01T13:21:07.214,2016-09-01T13:21:07.234,0
573,822,736574.556333727,1472736067.234,2016-09-01T13:21:07.234,,BCHH,10,HD3,.BCHH.10.HD3,N,-1,-1,NaN,.BCHH..HD3_10,1,0,1,0,0,1,0,91,stored_event_bounds,0,0,736574.556333495,736574.556333727,1472736067.214,1472736067.234,2016-09-01T13:21:07.214,2016-09-01T13:21:07.234,0.0199958682060242
574,671,736574.556334074,1472736067.264,2016-09-01T13:21:07.264,,BCHH,00,HHZ,.BCHH.00.HHZ,,-1,-1,NaN,.BCHH..HHZ_00,1,0,0,0,1,0,1,91,nearest_event,0.0300038605928421,0,736574.556333495,736574.556333727,1472736067.214,1472736067.234,2016-09-01T13:21:07.214,2016-09-01T13:21:07.234,0.0499997287988663
575,672,736574.556352477,1472736068.854,2016-09-01T13:21:08.854,,BCHH,00,HHZ,.BCHH.00.HHZ,,-1,-1,NaN,.BCHH..HHZ_00,1,0,0,0,1,0,1,92,nearest_event,0.0990036875009537,0,736574.556353623,736574.556353854,1472736068.953,1472736068.973,2016-09-01T13:21:08.953,2016-09-01T13:21:08.973,-0.0990036875009537
576,375,736574.556353623,1472736068.953,2016-09-01T13:21:08.953,,BCHH,10,HD2,.BCHH.10.HD2,N,-1,-1,NaN,.BCHH..HD2_10,1,0,1,0,0,1,0,92,stored_event_bounds,0,0,736574.556353623,736574.556353854,1472736068.953,1472736068.973,2016-09-01T13:21:08.953,2016-09-01T13:21:08.973,0
577,396,736574.556353854,1472736068.973,2016-09-01T13:21:08.973,,BCHH,10,HD3,.BCHH.10.HD3,N,-1,-1,NaN,.BCHH..HD3_10,1,0,1,0,0,1,0,92,stored_event_bounds,0,0,736574.556353623,736574.556353854,1472736068.953,1472736068.973,2016-09-01T13:21:08.953,2016-09-01T13:21:08.973,0.0199958682060242
578,376,736574.556386007,1472736071.751,2016-09-01T13:21:11.751,,BCHH,10,HD2,.BCHH.10.HD2,N,-1,-1,NaN,.BCHH..HD2_10,1,0,1,0,0,1,0,93,stored_event_bounds,0,0,736574.556386007,736574.556386366,1472736071.751,1472736071.782,2016-09-01T13:21:11.751,2016-09-01T13:21:11.782,0
579,397,736574.556386076,1472736071.757,2016-09-01T13:21:11.757,,BCHH,10,HD3,.BCHH.10.HD3,N,-1,-1,NaN,.BCHH..HD3_10,1,0,1,0,0,1,0,93,stored_event_bounds,0,0,736574.556386007,736574.556386366,1472736071.751,1472736071.782,2016-09-01T13:21:11.751,2016-09-01T13:21:11.782,0.00599473714828491
580,398,736574.556386366,1472736071.782,2016-09-01T13:21:11.782,,BCHH,00,HHZ,.BCHH.00.HHZ,N,-1,-1,NaN,.BCHH..HHZ_00,1,0,1,0,0,0,1,93,nearest_event,0,0,736574.556386007,736574.556386366,1472736071.751,1472736071.782,2016-09-01T13:21:11.751,2016-09-01T13:21:11.782,0.030999630689621
581,263,736574.556422049,1472736074.865,2016-09-01T13:21:14.865,,BCHH,10,HD2,.BCHH.10.HD2,N,-1,-1,NaN,.BCHH..HD2_10,1,0,1,0,0,1,0,94,stored_event_bounds,0,0,736574.556422049,736574.5564225,1472736074.865,1472736074.904,2016-09-01T13:21:14.865,2016-09-01T13:21:14.904,0
582,266,736574.556422245,1472736074.882,2016-09-01T13:21:14.882,,BCHH,10,HD3,.BCHH.10.HD3,N,-1,-1,NaN,.BCHH..HD3_10,1,0,1,0,0,1,0,94,stored_event_bounds,0,0,736574.556422049,736574.5564225,1472736074.865,1472736074.904,2016-09-01T13:21:14.865,2016-09-01T13:21:14.904,0.0169984996318817
583,264,736574.5564225,1472736074.904,2016-09-01T13:21:14.904,,BCHH,00,HHZ,.BCHH.00.HHZ,N,-1,-1,NaN,.BCHH..HHZ_00,1,0,1,0,0,0,1,94,nearest_event,0,0,736574.556422049,736574.5564225,1472736074.865,1472736074.904,2016-09-01T13:21:14.865,2016-09-01T13:21:14.904,0.0390060245990753
584,265,736574.556422512,1472736074.905,2016-09-01T13:21:14.905,,BCHH,00,HHN,.BCHH.00.HHN,del,-1,-1,NaN,.BCHH..HHN_00,1,1,0,0,0,0,1,94,nearest_event,0.00099577009677887,0,736574.556422049,736574.5564225,1472736074.865,1472736074.904,2016-09-01T13:21:14.865,2016-09-01T13:21:14.904,0.0400017946958542
585,819,736574.55642441,1472736075.069,2016-09-01T13:21:15.069,,BCHH,10,HD2,.BCHH.10.HD2,N,-1,-1,NaN,.BCHH..HD2_10,1,0,1,0,0,1,0,95,stored_event_bounds,0,0,736574.55642441,736574.556424433,1472736075.069,1472736075.071,2016-09-01T13:21:15.069,2016-09-01T13:21:15.071,0
586,820,736574.556424433,1472736075.071,2016-09-01T13:21:15.071,,BCHH,10,HD3,.BCHH.10.HD3,N,-1,-1,NaN,.BCHH..HD3_10,1,0,1,0,0,1,0,95,stored_event_bounds,0,0,736574.55642441,736574.556424433,1472736075.069,1472736075.071,2016-09-01T13:21:15.069,2016-09-01T13:21:15.071,0.00200159847736359
587,399,736574.556449919,1472736077.273,2016-09-01T13:21:17.273,,BCHH,10,HD3,.BCHH.10.HD3,N,-1,-1,NaN,.BCHH..HD3_10,1,0,1,0,0,1,0,96,stored_event_bounds,0,0,736574.556449919,736574.55645044,1472736077.273,1472736077.318,2016-09-01T13:21:17.273,2016-09-01T13:21:17.318,0
588,267,736574.556450012,1472736077.281,2016-09-01T13:21:17.281,,BCHH,10,HD2,.BCHH.10.HD2,N,-1,-1,NaN,.BCHH..HD2_10,1,0,1,0,0,1,0,96,stored_event_bounds,0,0,736574.556449919,736574.55645044,1472736077.273,1472736077.318,2016-09-01T13:21:17.273,2016-09-01T13:21:17.318,0.0079963356256485
589,270,736574.55645044,1472736077.318,2016-09-01T13:21:17.318,,BCHH,00,HHZ,.BCHH.00.HHZ,N,-1,-1,NaN,.BCHH..HHZ_00,1,0,1,0,0,0,1,96,nearest_event,0,0,736574.556449919,736574.55645044,1472736077.273,1472736077.318,2016-09-01T13:21:17.273,2016-09-01T13:21:17.318,0.0450007617473602
590,268,736574.556454456,1472736077.665,2016-09-01T13:21:17.665,,BCHH,10,HD2,.BCHH.10.HD2,N,-1,-1,NaN,.BCHH..HD2_10,1,0,1,0,0,1,0,97,stored_event_bounds,0,0,736574.556454456,736574.556454537,1472736077.665,1472736077.672,2016-09-01T13:21:17.665,2016-09-01T13:21:17.672,0
591,400,736574.556454537,1472736077.672,2016-09-01T13:21:17.672,,BCHH,10,HD3,.BCHH.10.HD3,N,-1,-1,NaN,.BCHH..HD3_10,1,0,1,0,0,1,0,97,stored_event_bounds,0,0,736574.556454456,736574.556454537,1472736077.665,1472736077.672,2016-09-01T13:21:17.665,2016-09-01T13:21:17.672,0.00700056552886963
592,271,736574.556455,1472736077.712,2016-09-01T13:21:17.712,,BCHH,00,HHN,.BCHH.00.HHN,del,-1,-1,NaN,.BCHH..HHN_00,1,1,0,0,0,0,1,97,nearest_event,0.0399917364120483,0,736574.556454456,736574.556454537,1472736077.665,1472736077.672,2016-09-01T13:21:17.665,2016-09-01T13:21:17.672,0.046992301940918
593,269,736574.55645831,1472736077.998,2016-09-01T13:21:17.998,,BCHH,10,HD2,.BCHH.10.HD2,N,-1,-1,NaN,.BCHH..HD2_10,1,0,1,0,0,1,0,98,stored_event_bounds,0,0,736574.55645831,736574.556458391,1472736077.998,1472736078.005,2016-09-01T13:21:17.998,2016-09-01T13:21:18.005,0
594,401,736574.556458391,1472736078.005,2016-09-01T13:21:18.005,,BCHH,10,HD3,.BCHH.10.HD3,N,-1,-1,NaN,.BCHH..HD3_10,1,0,1,0,0,1,0,98,stored_event_bounds,0,0,736574.55645831,736574.556458391,1472736077.998,1472736078.005,2016-09-01T13:21:17.998,2016-09-01T13:21:18.005,0.00700056552886963
595,272,736574.556468009,1472736078.836,2016-09-01T13:21:18.836,,BCHH,10,HD2,.BCHH.10.HD2,del,-1,-1,NaN,.BCHH..HD2_10,1,1,0,0,0,1,0,99,nearest_event,0.0130053609609604,0,736574.55646816,736574.556468218,1472736078.849,1472736078.854,2016-09-01T13:21:18.849,2016-09-01T13:21:18.854,-0.0130053609609604
596,815,736574.55646816,1472736078.849,2016-09-01T13:21:18.849,,BCHH,10,HD2,.BCHH.10.HD2,N,-1,-1,NaN,.BCHH..HD2_10,1,0,1,0,0,1,0,99,stored_event_bounds,0,0,736574.55646816,736574.556468218,1472736078.849,1472736078.854,2016-09-01T13:21:18.849,2016-09-01T13:21:18.854,0
597,816,736574.556468218,1472736078.854,2016-09-01T13:21:18.854,,BCHH,10,HD3,.BCHH.10.HD3,N,-1,-1,NaN,.BCHH..HD3_10,1,0,1,0,0,1,0,99,stored_event_bounds,0,0,736574.55646816,736574.556468218,1472736078.849,1472736078.854,2016-09-01T13:21:18.849,2016-09-01T13:21:18.854,0.00499896705150604
598,814,736574.556481782,1472736080.026,2016-09-01T13:21:20.026,,BCHH,10,HD3,.BCHH.10.HD3,N,-1,-1,NaN,.BCHH..HD3_10,1,0,1,0,0,1,0,100,stored_event_bounds,0,0,736574.556481782,736574.556481794,1472736080.026,1472736080.027,2016-09-01T13:21:20.026,2016-09-01T13:21:20.027,0
599,273,736574.556481794,1472736080.027,2016-09-01T13:21:20.027,,BCHH,10,HD2,.BCHH.10.HD2,N,-1,-1,NaN,.BCHH..HD2_10,1,0,1,0,0,1,0,100,stored_event_bounds,0,0,736574.556481782,736574.556481794,1472736080.026,1472736080.027,2016-09-01T13:21:20.026,2016-09-01T13:21:20.027,0.00099577009677887
600,817,736574.556483148,1472736080.144,2016-09-01T13:21:20.144,,BCHH,10,HD2,.BCHH.10.HD2,N,-1,-1,NaN,.BCHH..HD2_10,1,0,1,0,0,1,0,101,stored_event_bounds,0,0,736574.556483148,736574.556483299,1472736080.144,1472736080.157,2016-09-01T13:21:20.144,2016-09-01T13:21:20.157,0
601,818,736574.556483299,1472736080.157,2016-09-01T13:21:20.157,,BCHH,10,HD3,.BCHH.10.HD3,N,-1,-1,NaN,.BCHH..HD3_10,1,0,1,0,0,1,0,101,stored_event_bounds,0,0,736574.556483148,736574.556483299,1472736080.144,1472736080.157,2016-09-01T13:21:20.144,2016-09-01T13:21:20.157,0.0130053609609604
602,274,736574.556488808,1472736080.633,2016-09-01T13:21:20.633,,BCHH,10,HD2,.BCHH.10.HD2,N,-1,-1,NaN,.BCHH..HD2_10,1,0,1,0,0,1,0,102,stored_event_bounds,0,0,736574.556488808,736574.556488993,1472736080.633,1472736080.649,2016-09-01T13:21:20.633,2016-09-01T13:21:20.649,0
603,277,736574.556488993,1472736080.649,2016-09-01T13:21:20.649,,BCHH,10,HD3,.BCHH.10.HD3,N,-1,-1,NaN,.BCHH..HD3_10,1,0,1,0,0,1,0,102,stored_event_bounds,0,0,736574.556488808,736574.556488993,1472736080.633,1472736080.649,2016-09-01T13:21:20.633,2016-09-01T13:21:20.649,0.0160027295351028
604,275,736574.556501354,1472736081.717,2016-09-01T13:21:21.717,,BCHH,10,HD2,.BCHH.10.HD2,N,-1,-1,NaN,.BCHH..HD2_10,1,0,1,0,0,1,0,103,stored_event_bounds,0,0,736574.556501354,736574.556502315,1472736081.717,1472736081.8,2016-09-01T13:21:21.717,2016-09-01T13:21:21.800,0
605,276,736574.5565014,1472736081.721,2016-09-01T13:21:21.721,,BCHH,10,HD3,.BCHH.10.HD3,N,-1,-1,NaN,.BCHH..HD3_10,1,0,1,0,0,1,0,103,stored_event_bounds,0,0,736574.556501354,736574.556502315,1472736081.717,1472736081.8,2016-09-01T13:21:21.717,2016-09-01T13:21:21.800,0.00399313867092133
606,403,736574.556501736,1472736081.75,2016-09-01T13:21:21.750,,BCHH,00,HHZ,.BCHH.00.HHZ,N,-1,-1,NaN,.BCHH..HHZ_00,1,0,1,0,0,0,1,103,nearest_event,0,0,736574.556501354,736574.556502315,1472736081.717,1472736081.8,2016-09-01T13:21:21.717,2016-09-01T13:21:21.800,0.0330012291669846
607,402,736574.556502315,1472736081.8,2016-09-01T13:21:21.800,,BCHH,10,HD1,.BCHH.10.HD1,N,-1,-1,NaN,.BCHH..HD1_10,1,0,1,0,0,1,0,103,stored_event_bounds,0,0,736574.556501354,736574.556502315,1472736081.717,1472736081.8,2016-09-01T13:21:21.717,2016-09-01T13:21:21.800,0.0830009579658508
608,279,736574.55652985,1472736084.179,2016-09-01T13:21:24.179,,BCHH,10,HD2,.BCHH.10.HD2,del,-1,-1,NaN,.BCHH..HD2_10,1,1,0,0,0,1,0,NaN,,NaN,0,NaN,NaN,NaN,NaN,NaT,NaT,NaN
609,278,736574.55655353,1472736086.225,2016-09-01T13:21:26.225,,BCHH,10,HD3,.BCHH.10.HD3,del,-1,-1,NaN,.BCHH..HD3_10,1,1,0,0,0,1,0,NaN,,NaN,0,NaN,NaN,NaN,NaN,NaT,NaT,NaN
610,673,736574.556554421,1472736086.302,2016-09-01T13:21:26.302,,BCHH,00,HHZ,.BCHH.00.HHZ,,-1,-1,NaN,.BCHH..HHZ_00,1,0,0,0,1,0,1,NaN,,NaN,0,NaN,NaN,NaN,NaN,NaT,NaT,NaN
611,280,736574.556616794,1472736091.691,2016-09-01T13:21:31.691,,BCHH,10,HD2,.BCHH.10.HD2,N,-1,-1,NaN,.BCHH..HD2_10,1,0,1,0,0,1,0,104,stored_event_bounds,0,0,736574.556616794,736574.556617187,1472736091.691,1472736091.725,2016-09-01T13:21:31.691,2016-09-01T13:21:31.725,0
612,281,736574.556616863,1472736091.697,2016-09-01T13:21:31.697,,BCHH,10,HD3,.BCHH.10.HD3,N,-1,-1,NaN,.BCHH..HD3_10,1,0,1,0,0,1,0,104,stored_event_bounds,0,0,736574.556616794,736574.556617187,1472736091.691,1472736091.725,2016-09-01T13:21:31.691,2016-09-01T13:21:31.725,0.00600479543209076
613,404,736574.556617187,1472736091.725,2016-09-01T13:21:31.725,,BCHH,00,HHZ,.BCHH.00.HHZ,N,-1,-1,NaN,.BCHH..HHZ_00,1,0,1,0,0,0,1,104,nearest_event,0,0,736574.556616794,736574.556617187,1472736091.691,1472736091.725,2016-09-01T13:21:31.691,2016-09-01T13:21:31.725,0.0339969992637634
614,282,736574.55661728,1472736091.733,2016-09-01T13:21:31.733,,BCHH,00,HHN,.BCHH.00.HHN,del,-1,-1,NaN,.BCHH..HHN_00,1,1,0,0,0,0,1,104,nearest_event,0.00800639390945435,0,736574.556616794,736574.556617187,1472736091.691,1472736091.725,2016-09-01T13:21:31.691,2016-09-01T13:21:31.725,0.0420033931732178
615,674,736574.556664028,1472736095.772,2016-09-01T13:21:35.772,,BCHH,00,HHZ,.BCHH.00.HHZ,,-1,-1,NaN,.BCHH..HHZ_00,1,0,0,0,1,0,1,NaN,,NaN,0,NaN,NaN,NaN,NaN,NaT,NaT,NaN
616,283,736574.556713021,1472736100.005,2016-09-01T13:21:40.005,,BCHH,10,HD2,.BCHH.10.HD2,N,-1,-1,NaN,.BCHH..HD2_10,1,0,1,0,0,1,0,105,stored_event_bounds,0,0,736574.556713021,736574.556713414,1472736100.005,1472736100.039,2016-09-01T13:21:40.005,2016-09-01T13:21:40.039,0
617,284,736574.556713206,1472736100.021,2016-09-01T13:21:40.021,,BCHH,10,HD3,.BCHH.10.HD3,N,-1,-1,NaN,.BCHH..HD3_10,1,0,1,0,0,1,0,105,stored_event_bounds,0,0,736574.556713021,736574.556713414,1472736100.005,1472736100.039,2016-09-01T13:21:40.005,2016-09-01T13:21:40.039,0.0160027295351028
618,405,736574.556713414,1472736100.039,2016-09-01T13:21:40.039,,BCHH,00,HHZ,.BCHH.00.HHZ,N,-1,-1,NaN,.BCHH..HHZ_00,1,0,1,0,0,0,1,105,nearest_event,0,0,736574.556713021,736574.556713414,1472736100.005,1472736100.039,2016-09-01T13:21:40.005,2016-09-01T13:21:40.039,0.0340070575475693
619,285,736574.556713646,1472736100.059,2016-09-01T13:21:40.059,,BCHH,00,HHN,.BCHH.00.HHN,del,-1,-1,NaN,.BCHH..HHN_00,1,1,0,0,0,0,1,105,nearest_event,0.0199958682060242,0,736574.556713021,736574.556713414,1472736100.005,1472736100.039,2016-09-01T13:21:40.005,2016-09-01T13:21:40.039,0.0540029257535934
620,406,736574.556781632,1472736105.933,2016-09-01T13:21:45.933,,BCHH,10,HD2,.BCHH.10.HD2,N,-1,-1,NaN,.BCHH..HD2_10,1,0,1,0,0,1,0,106,stored_event_bounds,0,0,736574.556781632,736574.556782002,1472736105.933,1472736105.965,2016-09-01T13:21:45.933,2016-09-01T13:21:45.965,0
621,377,736574.55678191,1472736105.957,2016-09-01T13:21:45.957,,BCHH,10,HD3,.BCHH.10.HD3,N,-1,-1,NaN,.BCHH..HD3_10,1,0,1,0,0,1,0,106,stored_event_bounds,0,0,736574.556781632,736574.556782002,1472736105.933,1472736105.965,2016-09-01T13:21:45.933,2016-09-01T13:21:45.965,0.0240091234445572
622,407,736574.556782002,1472736105.965,2016-09-01T13:21:45.965,,BCHH,00,HHZ,.BCHH.00.HHZ,N,-1,-1,NaN,.BCHH..HHZ_00,1,0,1,0,0,0,1,106,nearest_event,0,0,736574.556781632,736574.556782002,1472736105.933,1472736105.965,2016-09-01T13:21:45.933,2016-09-01T13:21:45.965,0.0320054590702057
623,675,736574.556808669,1472736108.269,2016-09-01T13:21:48.269,,BCHH,00,HHZ,.BCHH.00.HHZ,,-1,-1,NaN,.BCHH..HHZ_00,1,0,0,0,1,0,1,NaN,,NaN,0,NaN,NaN,NaN,NaN,NaT,NaT,NaN
624,286,736574.556840602,1472736111.028,2016-09-01T13:21:51.028,,BCHH,10,HD2,.BCHH.10.HD2,N,-1,-1,NaN,.BCHH..HD2_10,1,0,1,0,0,1,0,107,stored_event_bounds,0,0,736574.556840602,736574.556840648,1472736111.028,1472736111.032,2016-09-01T13:21:51.028,2016-09-01T13:21:51.032,0
625,408,736574.556840648,1472736111.032,2016-09-01T13:21:51.032,,BCHH,10,HD3,.BCHH.10.HD3,N,-1,-1,NaN,.BCHH..HD3_10,1,0,1,0,0,1,0,107,stored_event_bounds,0,0,736574.556840602,736574.556840648,1472736111.028,1472736111.032,2016-09-01T13:21:51.028,2016-09-01T13:21:51.032,0.00400319695472717
626,681,736574.556841435,1472736111.1,2016-09-01T13:21:51.100,,BCHH,00,HHZ,.BCHH.00.HHZ,,-1,-1,NaN,.BCHH..HHZ_00,1,0,0,0,1,0,1,107,nearest_event,0.0679939985275269,0,736574.556840602,736574.556840648,1472736111.028,1472736111.032,2016-09-01T13:21:51.028,2016-09-01T13:21:51.032,0.071997195482254
627,287,736574.556850567,1472736111.889,2016-09-01T13:21:51.889,,BCHH,10,HD2,.BCHH.10.HD2,N,-1,-1,NaN,.BCHH..HD2_10,1,0,1,0,0,1,0,108,stored_event_bounds,0,0,736574.556850567,736574.556851204,1472736111.889,1472736111.944,2016-09-01T13:21:51.889,2016-09-01T13:21:51.944,0
628,409,736574.556850799,1472736111.909,2016-09-01T13:21:51.909,,BCHH,10,HD3,.BCHH.10.HD3,N,-1,-1,NaN,.BCHH..HD3_10,1,0,1,0,0,1,0,108,stored_event_bounds,0,0,736574.556850567,736574.556851204,1472736111.889,1472736111.944,2016-09-01T13:21:51.889,2016-09-01T13:21:51.944,0.02000592648983
629,410,736574.556851204,1472736111.944,2016-09-01T13:21:51.944,,BCHH,00,HHZ,.BCHH.00.HHZ,N,-1,-1,NaN,.BCHH..HHZ_00,1,0,1,0,0,0,1,108,nearest_event,0,0,736574.556850567,736574.556851204,1472736111.889,1472736111.944,2016-09-01T13:21:51.889,2016-09-01T13:21:51.944,0.0549986958503723
630,811,736574.556874363,1472736113.945,2016-09-01T13:21:53.945,,BCHH,10,HD2,.BCHH.10.HD2,N,-1,-1,NaN,.BCHH..HD2_10,1,0,1,0,0,1,0,109,stored_event_bounds,0,0,736574.556874363,736574.556874537,1472736113.945,1472736113.96,2016-09-01T13:21:53.945,2016-09-01T13:21:53.960,0
631,810,736574.556874537,1472736113.96,2016-09-01T13:21:53.960,,BCHH,10,HD3,.BCHH.10.HD3,N,-1,-1,NaN,.BCHH..HD3_10,1,0,1,0,0,1,0,109,stored_event_bounds,0,0,736574.556874363,736574.556874537,1472736113.945,1472736113.96,2016-09-01T13:21:53.945,2016-09-01T13:21:53.960,0.0149969011545181
632,678,736574.556879537,1472736114.392,2016-09-01T13:21:54.392,,BCHH,00,HHZ,.BCHH.00.HHZ,,-1,-1,NaN,.BCHH..HHZ_00,1,0,0,0,1,0,1,110,nearest_event,0.133000686764717,0,736574.556881076,736574.55688125,1472736114.525,1472736114.54,2016-09-01T13:21:54.525,2016-09-01T13:21:54.540,-0.133000686764717
633,809,736574.556881076,1472736114.525,2016-09-01T13:21:54.525,,BCHH,10,HD2,.BCHH.10.HD2,N,-1,-1,NaN,.BCHH..HD2_10,1,0,1,0,0,1,0,110,stored_event_bounds,0,0,736574.556881076,736574.55688125,1472736114.525,1472736114.54,2016-09-01T13:21:54.525,2016-09-01T13:21:54.540,0
634,808,736574.55688125,1472736114.54,2016-09-01T13:21:54.540,,BCHH,10,HD3,.BCHH.10.HD3,N,-1,-1,NaN,.BCHH..HD3_10,1,0,1,0,0,1,0,110,stored_event_bounds,0,0,736574.556881076,736574.55688125,1472736114.525,1472736114.54,2016-09-01T13:21:54.525,2016-09-01T13:21:54.540,0.0149969011545181
635,812,736574.556885532,1472736114.91,2016-09-01T13:21:54.910,,BCHH,10,HD2,.BCHH.10.HD2,N,-1,-1,NaN,.BCHH..HD2_10,1,0,1,0,0,1,0,111,stored_event_bounds,0,0,736574.556885532,736574.556885648,1472736114.91,1472736114.92,2016-09-01T13:21:54.910,2016-09-01T13:21:54.920,0
636,813,736574.556885648,1472736114.92,2016-09-01T13:21:54.920,,BCHH,10,HD3,.BCHH.10.HD3,N,-1,-1,NaN,.BCHH..HD3_10,1,0,1,0,0,1,0,111,stored_event_bounds,0,0,736574.556885532,736574.556885648,1472736114.91,1472736114.92,2016-09-01T13:21:54.910,2016-09-01T13:21:54.920,0.00999793410301208
637,803,736574.556890417,1472736115.332,2016-09-01T13:21:55.332,,BCHH,10,HD2,.BCHH.10.HD2,N,-1,-1,NaN,.BCHH..HD2_10,1,0,1,0,0,1,0,112,stored_event_bounds,0,0,736574.556890417,736574.55689044,1472736115.332,1472736115.334,2016-09-01T13:21:55.332,2016-09-01T13:21:55.334,0
638,802,736574.55689044,1472736115.334,2016-09-01T13:21:55.334,,BCHH,10,HD3,.BCHH.10.HD3,N,-1,-1,NaN,.BCHH..HD3_10,1,0,1,0,0,1,0,112,stored_event_bounds,0,0,736574.556890417,736574.55689044,1472736115.332,1472736115.334,2016-09-01T13:21:55.332,2016-09-01T13:21:55.334,0.00200159847736359
639,805,736574.556893808,1472736115.625,2016-09-01T13:21:55.625,,BCHH,10,HD2,.BCHH.10.HD2,N,-1,-1,NaN,.BCHH..HD2_10,1,0,1,0,0,1,0,113,stored_event_bounds,0,0,736574.556893808,736574.556893866,1472736115.625,1472736115.63,2016-09-01T13:21:55.625,2016-09-01T13:21:55.630,0
640,807,736574.556893866,1472736115.63,2016-09-01T13:21:55.630,,BCHH,10,HD3,.BCHH.10.HD3,N,-1,-1,NaN,.BCHH..HD3_10,1,0,1,0,0,1,0,113,stored_event_bounds,0,0,736574.556893808,736574.556893866,1472736115.625,1472736115.63,2016-09-01T13:21:55.625,2016-09-01T13:21:55.630,0.00499896705150604
641,806,736574.556896759,1472736115.88,2016-09-01T13:21:55.880,,BCHH,10,HD2,.BCHH.10.HD2,N,-1,-1,NaN,.BCHH..HD2_10,1,0,1,0,0,1,0,114,stored_event_bounds,0,0,736574.556896759,736574.556896898,1472736115.88,1472736115.892,2016-09-01T13:21:55.880,2016-09-01T13:21:55.892,0
642,804,736574.556896898,1472736115.892,2016-09-01T13:21:55.892,,BCHH,10,HD3,.BCHH.10.HD3,N,-1,-1,NaN,.BCHH..HD3_10,1,0,1,0,0,1,0,114,stored_event_bounds,0,0,736574.556896759,736574.556896898,1472736115.88,1472736115.892,2016-09-01T13:21:55.880,2016-09-01T13:21:55.892,0.0119995325803757
643,288,736574.556902836,1472736116.405,2016-09-01T13:21:56.405,,BCHH,10,HD2,.BCHH.10.HD2,N,-1,-1,NaN,.BCHH..HD2_10,1,0,1,0,0,1,0,115,stored_event_bounds,0,0,736574.556902836,736574.556903218,1472736116.405,1472736116.438,2016-09-01T13:21:56.405,2016-09-01T13:21:56.438,0
644,289,736574.556902917,1472736116.412,2016-09-01T13:21:56.412,,BCHH,10,HD3,.BCHH.10.HD3,N,-1,-1,NaN,.BCHH..HD3_10,1,0,1,0,0,1,0,115,stored_event_bounds,0,0,736574.556902836,736574.556903218,1472736116.405,1472736116.438,2016-09-01T13:21:56.405,2016-09-01T13:21:56.438,0.00700056552886963
645,411,736574.556903218,1472736116.438,2016-09-01T13:21:56.438,,BCHH,00,HHZ,.BCHH.00.HHZ,N,-1,-1,NaN,.BCHH..HHZ_00,1,0,1,0,0,0,1,115,nearest_event,0,0,736574.556902836,736574.556903218,1472736116.405,1472736116.438,2016-09-01T13:21:56.405,2016-09-01T13:21:56.438,0.0330012291669846
646,800,736574.556912002,1472736117.197,2016-09-01T13:21:57.197,,BCHH,10,HD2,.BCHH.10.HD2,N,-1,-1,NaN,.BCHH..HD2_10,1,0,1,0,0,1,0,116,stored_event_bounds,0,0,736574.556912002,736574.556912234,1472736117.197,1472736117.217,2016-09-01T13:21:57.197,2016-09-01T13:21:57.217,0
647,801,736574.556912234,1472736117.217,2016-09-01T13:21:57.217,,BCHH,10,HD3,.BCHH.10.HD3,N,-1,-1,NaN,.BCHH..HD3_10,1,0,1,0,0,1,0,116,stored_event_bounds,0,0,736574.556912002,736574.556912234,1472736117.197,1472736117.217,2016-09-01T13:21:57.197,2016-09-01T13:21:57.217,0.02000592648983
648,290,736574.556926991,1472736118.492,2016-09-01T13:21:58.492,,BCHH,10,HD2,.BCHH.10.HD2,N,-1,-1,NaN,.BCHH..HD2_10,1,0,1,0,0,1,0,117,stored_event_bounds,0,0,736574.556926991,736574.556927442,1472736118.492,1472736118.531,2016-09-01T13:21:58.492,2016-09-01T13:21:58.531,0
649,412,736574.556927118,1472736118.503,2016-09-01T13:21:58.503,,BCHH,10,HD3,.BCHH.10.HD3,N,-1,-1,NaN,.BCHH..HD3_10,1,0,1,0,0,1,0,117,stored_event_bounds,0,0,736574.556926991,736574.556927442,1472736118.492,1472736118.531,2016-09-01T13:21:58.492,2016-09-01T13:21:58.531,0.0110037624835968
650,413,736574.556927442,1472736118.531,2016-09-01T13:21:58.531,,BCHH,00,HHZ,.BCHH.00.HHZ,N,-1,-1,NaN,.BCHH..HHZ_00,1,0,1,0,0,0,1,117,nearest_event,0,0,736574.556926991,736574.556927442,1472736118.492,1472736118.531,2016-09-01T13:21:58.492,2016-09-01T13:21:58.531,0.0389959663152695
651,291,736574.556943889,1472736119.952,2016-09-01T13:21:59.952,,BCHH,10,HD2,.BCHH.10.HD2,N,-1,-1,NaN,.BCHH..HD2_10,1,0,1,0,0,1,0,118,stored_event_bounds,0,0,736574.556943889,736574.556944317,1472736119.952,1472736119.989,2016-09-01T13:21:59.952,2016-09-01T13:21:59.989,0
652,414,736574.5569439,1472736119.953,2016-09-01T13:21:59.953,,BCHH,10,HD3,.BCHH.10.HD3,N,-1,-1,NaN,.BCHH..HD3_10,1,0,1,0,0,1,0,118,stored_event_bounds,0,0,736574.556943889,736574.556944317,1472736119.952,1472736119.989,2016-09-01T13:21:59.952,2016-09-01T13:21:59.989,0.00099577009677887
653,415,736574.556944317,1472736119.989,2016-09-01T13:21:59.989,,BCHH,00,HHZ,.BCHH.00.HHZ,N,-1,-1,NaN,.BCHH..HHZ_00,1,0,1,0,0,0,1,118,nearest_event,0,0,736574.556943889,736574.556944317,1472736119.952,1472736119.989,2016-09-01T13:21:59.952,2016-09-01T13:21:59.989,0.0370044261217117
654,292,736574.556964306,1472736121.716,2016-09-01T13:22:01.716,,BCHH,10,HD2,.BCHH.10.HD2,N,-1,-1,NaN,.BCHH..HD2_10,1,0,1,0,0,1,0,119,stored_event_bounds,0,0,736574.556964306,736574.556964456,1472736121.716,1472736121.729,2016-09-01T13:22:01.716,2016-09-01T13:22:01.729,0
655,416,736574.556964456,1472736121.729,2016-09-01T13:22:01.729,,BCHH,10,HD3,.BCHH.10.HD3,N,-1,-1,NaN,.BCHH..HD3_10,1,0,1,0,0,1,0,119,stored_event_bounds,0,0,736574.556964306,736574.556964456,1472736121.716,1472736121.729,2016-09-01T13:22:01.716,2016-09-01T13:22:01.729,0.0129953026771545
656,676,736574.556964769,1472736121.756,2016-09-01T13:22:01.756,,BCHH,00,HHZ,.BCHH.00.HHZ,,-1,-1,NaN,.BCHH..HHZ_00,1,0,0,0,1,0,1,119,nearest_event,0.0270064920186996,0,736574.556964306,736574.556964456,1472736121.716,1472736121.729,2016-09-01T13:22:01.716,2016-09-01T13:22:01.729,0.0400017946958542
657,417,736574.556977546,1472736122.86,2016-09-01T13:22:02.860,,BCHH,10,HD3,.BCHH.10.HD3,N,-1,-1,NaN,.BCHH..HD3_10,1,0,1,0,0,1,0,120,stored_event_bounds,0,0,736574.556977546,736574.556977593,1472736122.86,1472736122.864,2016-09-01T13:22:02.860,2016-09-01T13:22:02.864,0
658,293,736574.556977593,1472736122.864,2016-09-01T13:22:02.864,,BCHH,10,HD2,.BCHH.10.HD2,N,-1,-1,NaN,.BCHH..HD2_10,1,0,1,0,0,1,0,120,stored_event_bounds,0,0,736574.556977546,736574.556977593,1472736122.86,1472736122.864,2016-09-01T13:22:02.860,2016-09-01T13:22:02.864,0.00400319695472717
659,294,736574.556985093,1472736123.512,2016-09-01T13:22:03.512,,BCHH,10,HD2,.BCHH.10.HD2,N,-1,-1,NaN,.BCHH..HD2_10,1,0,1,0,0,1,0,121,stored_event_bounds,0,0,736574.556985093,736574.556985185,1472736123.512,1472736123.52,2016-09-01T13:22:03.512,2016-09-01T13:22:03.520,0
660,418,736574.556985185,1472736123.52,2016-09-01T13:22:03.520,,BCHH,10,HD3,.BCHH.10.HD3,N,-1,-1,NaN,.BCHH..HD3_10,1,0,1,0,0,1,0,121,stored_event_bounds,0,0,736574.556985093,736574.556985185,1472736123.512,1472736123.52,2016-09-01T13:22:03.512,2016-09-01T13:22:03.520,0.0079963356256485
661,677,736574.556985914,1472736123.583,2016-09-01T13:22:03.583,,BCHH,00,HHZ,.BCHH.00.HHZ,,-1,-1,NaN,.BCHH..HHZ_00,1,0,0,0,1,0,1,121,nearest_event,0.0630050897598267,0,736574.556985093,736574.556985185,1472736123.512,1472736123.52,2016-09-01T13:22:03.512,2016-09-01T13:22:03.520,0.0710014253854752
662,295,736574.557004907,1472736125.224,2016-09-01T13:22:05.224,,BCHH,10,HD2,.BCHH.10.HD2,N,-1,-1,NaN,.BCHH..HD2_10,1,0,1,0,0,1,0,122,stored_event_bounds,0,0,736574.557004907,736574.557005926,1472736125.224,1472736125.312,2016-09-01T13:22:05.224,2016-09-01T13:22:05.312,0
663,297,736574.557005046,1472736125.236,2016-09-01T13:22:05.236,,BCHH,10,HD3,.BCHH.10.HD3,N,-1,-1,NaN,.BCHH..HD3_10,1,0,1,0,0,1,0,122,stored_event_bounds,0,0,736574.557004907,736574.557005926,1472736125.224,1472736125.312,2016-09-01T13:22:05.224,2016-09-01T13:22:05.312,0.0119995325803757
664,299,736574.557005324,1472736125.26,2016-09-01T13:22:05.260,,BCHH,00,HHZ,.BCHH.00.HHZ,N,-1,-1,NaN,.BCHH..HHZ_00,1,0,1,0,0,0,1,122,nearest_event,0,0,736574.557004907,736574.557005926,1472736125.224,1472736125.312,2016-09-01T13:22:05.224,2016-09-01T13:22:05.312,0.035998597741127
665,298,736574.557005475,1472736125.273,2016-09-01T13:22:05.273,,BCHH,00,HHN,.BCHH.00.HHN,del,-1,-1,NaN,.BCHH..HHN_00,1,1,0,0,0,0,1,122,nearest_event,0,0,736574.557004907,736574.557005926,1472736125.224,1472736125.312,2016-09-01T13:22:05.224,2016-09-01T13:22:05.312,0.0490039587020874
666,296,736574.557005926,1472736125.312,2016-09-01T13:22:05.312,,BCHH,10,HD1,.BCHH.10.HD1,N,-1,-1,NaN,.BCHH..HD1_10,1,0,1,0,0,1,0,122,stored_event_bounds,0,0,736574.557004907,736574.557005926,1472736125.224,1472736125.312,2016-09-01T13:22:05.224,2016-09-01T13:22:05.312,0.0879999250173569
667,797,736574.557014931,1472736126.09,2016-09-01T13:22:06.090,,BCHH,10,HD2,.BCHH.10.HD2,N,-1,-1,NaN,.BCHH..HD2_10,1,0,1,0,0,1,0,123,stored_event_bounds,0,0,736574.557014931,736574.557015139,1472736126.09,1472736126.108,2016-09-01T13:22:06.090,2016-09-01T13:22:06.108,0
668,796,736574.557015139,1472736126.108,2016-09-01T13:22:06.108,,BCHH,10,HD3,.BCHH.10.HD3,N,-1,-1,NaN,.BCHH..HD3_10,1,0,1,0,0,1,0,123,stored_event_bounds,0,0,736574.557014931,736574.557015139,1472736126.09,1472736126.108,2016-09-01T13:22:06.090,2016-09-01T13:22:06.108,0.0180043280124664
669,799,736574.557021412,1472736126.65,2016-09-01T13:22:06.650,,BCHH,10,HD2,.BCHH.10.HD2,N,-1,-1,NaN,.BCHH..HD2_10,1,0,1,0,0,1,0,124,stored_event_bounds,0,0,736574.557021412,736574.557021505,1472736126.65,1472736126.658,2016-09-01T13:22:06.650,2016-09-01T13:22:06.658,0
670,798,736574.557021505,1472736126.658,2016-09-01T13:22:06.658,,BCHH,10,HD3,.BCHH.10.HD3,N,-1,-1,NaN,.BCHH..HD3_10,1,0,1,0,0,1,0,124,stored_event_bounds,0,0,736574.557021412,736574.557021505,1472736126.65,1472736126.658,2016-09-01T13:22:06.650,2016-09-01T13:22:06.658,0.0079963356256485
671,300,736574.557030382,1472736127.425,2016-09-01T13:22:07.425,,BCHH,10,HD2,.BCHH.10.HD2,N,-1,-1,NaN,.BCHH..HD2_10,1,0,1,0,0,1,0,125,stored_event_bounds,0,0,736574.557030382,736574.557030729,1472736127.425,1472736127.455,2016-09-01T13:22:07.425,2016-09-01T13:22:07.455,0
672,419,736574.557030498,1472736127.435,2016-09-01T13:22:07.435,,BCHH,10,HD3,.BCHH.10.HD3,N,-1,-1,NaN,.BCHH..HD3_10,1,0,1,0,0,1,0,125,stored_event_bounds,0,0,736574.557030382,736574.557030729,1472736127.425,1472736127.455,2016-09-01T13:22:07.425,2016-09-01T13:22:07.455,0.00999793410301208
673,420,736574.557030729,1472736127.455,2016-09-01T13:22:07.455,,BCHH,00,HHZ,.BCHH.00.HHZ,N,-1,-1,NaN,.BCHH..HHZ_00,1,0,1,0,0,0,1,125,nearest_event,0,0,736574.557030382,736574.557030729,1472736127.425,1472736127.455,2016-09-01T13:22:07.425,2016-09-01T13:22:07.455,0.0299938023090363
674,301,736574.557040347,1472736128.286,2016-09-01T13:22:08.286,,BCHH,10,HD2,.BCHH.10.HD2,N,-1,-1,NaN,.BCHH..HD2_10,1,0,1,0,0,1,0,126,stored_event_bounds,0,0,736574.557040347,736574.557040393,1472736128.286,1472736128.29,2016-09-01T13:22:08.286,2016-09-01T13:22:08.290,0
675,421,736574.557040393,1472736128.29,2016-09-01T13:22:08.290,,BCHH,10,HD3,.BCHH.10.HD3,N,-1,-1,NaN,.BCHH..HD3_10,1,0,1,0,0,1,0,126,stored_event_bounds,0,0,736574.557040347,736574.557040393,1472736128.286,1472736128.29,2016-09-01T13:22:08.286,2016-09-01T13:22:08.290,0.00399313867092133
676,679,736574.557040799,1472736128.325,2016-09-01T13:22:08.325,,BCHH,00,HHZ,.BCHH.00.HHZ,,-1,-1,NaN,.BCHH..HHZ_00,1,0,0,0,1,0,1,126,nearest_event,0.0350028276443481,0,736574.557040347,736574.557040393,1472736128.286,1472736128.29,2016-09-01T13:22:08.286,2016-09-01T13:22:08.290,0.0389959663152695
677,302,736574.55706706,1472736130.594,2016-09-01T13:22:10.594,,BCHH,10,HD2,.BCHH.10.HD2,N,-1,-1,NaN,.BCHH..HD2_10,1,0,1,0,0,1,0,127,stored_event_bounds,0,0,736574.55706706,736574.5570675,1472736130.594,1472736130.632,2016-09-01T13:22:10.594,2016-09-01T13:22:10.632,0
678,422,736574.557067176,1472736130.604,2016-09-01T13:22:10.604,,BCHH,10,HD3,.BCHH.10.HD3,N,-1,-1,NaN,.BCHH..HD3_10,1,0,1,0,0,1,0,127,stored_event_bounds,0,0,736574.55706706,736574.5570675,1472736130.594,1472736130.632,2016-09-01T13:22:10.594,2016-09-01T13:22:10.632,0.0100079923868179
679,423,736574.5570675,1472736130.632,2016-09-01T13:22:10.632,,BCHH,00,HHZ,.BCHH.00.HHZ,N,-1,-1,NaN,.BCHH..HHZ_00,1,0,1,0,0,0,1,127,nearest_event,0,0,736574.55706706,736574.5570675,1472736130.594,1472736130.632,2016-09-01T13:22:10.594,2016-09-01T13:22:10.632,0.0380001962184906
680,794,736574.557074514,1472736131.238,2016-09-01T13:22:11.238,,BCHH,10,HD3,.BCHH.10.HD3,N,-1,-1,NaN,.BCHH..HD3_10,1,0,1,0,0,1,0,128,stored_event_bounds,0,0,736574.557074514,736574.557074537,1472736131.238,1472736131.24,2016-09-01T13:22:11.238,2016-09-01T13:22:11.240,0
682,680,736574.557074537,1472736131.24,2016-09-01T13:22:11.240,,BCHH,00,HHZ,.BCHH.00.HHZ,,-1,-1,NaN,.BCHH..HHZ_00,1,0,0,0,1,0,1,128,nearest_event,0,0,736574.557074514,736574.557074537,1472736131.238,1472736131.24,2016-09-01T13:22:11.238,2016-09-01T13:22:11.240,0.00200159847736359
681,795,736574.557074537,1472736131.24,2016-09-01T13:22:11.240,,BCHH,10,HD2,.BCHH.10.HD2,N,-1,-1,NaN,.BCHH..HD2_10,1,0,1,0,0,1,0,128,stored_event_bounds,0,0,736574.557074514,736574.557074537,1472736131.238,1472736131.24,2016-09-01T13:22:11.238,2016-09-01T13:22:11.240,0.00200159847736359
683,303,736574.557111736,1472736134.454,2016-09-01T13:22:14.454,,BCHH,10,HD2,.BCHH.10.HD2,N,-1,-1,NaN,.BCHH..HD2_10,1,0,1,0,0,1,0,129,stored_event_bounds,0,0,736574.557111736,736574.557112604,1472736134.454,1472736134.529,2016-09-01T13:22:14.454,2016-09-01T13:22:14.529,0
684,424,736574.557112604,1472736134.529,2016-09-01T13:22:14.529,,BCHH,10,HD3,.BCHH.10.HD3,N,-1,-1,NaN,.BCHH..HD3_10,1,0,1,0,0,1,0,129,stored_event_bounds,0,0,736574.557111736,736574.557112604,1472736134.454,1472736134.529,2016-09-01T13:22:14.454,2016-09-01T13:22:14.529,0.0749945640563965
685,682,736574.557112639,1472736134.532,2016-09-01T13:22:14.532,,BCHH,00,HHZ,.BCHH.00.HHZ,,-1,-1,NaN,.BCHH..HHZ_00,1,0,0,0,1,0,1,129,nearest_event,0.00299736857414246,0,736574.557111736,736574.557112604,1472736134.454,1472736134.529,2016-09-01T13:22:14.454,2016-09-01T13:22:14.529,0.0779919326305389
686,683,736574.557135718,1472736136.526,2016-09-01T13:22:16.526,,BCHH,00,HHZ,.BCHH.00.HHZ,,-1,-1,NaN,.BCHH..HHZ_00,1,0,0,0,1,0,1,NaN,,NaN,0,NaN,NaN,NaN,NaN,NaT,NaT,NaN
687,684,736574.55720691,1472736142.677,2016-09-01T13:22:22.677,,BCHH,00,HHZ,.BCHH.00.HHZ,,-1,-1,NaN,.BCHH..HHZ_00,1,0,0,0,1,0,1,NaN,,NaN,0,NaN,NaN,NaN,NaN,NaT,NaT,NaN
688,370,736574.557249225,1472736146.333,2016-09-01T13:22:26.333,,BCHH,00,HHZ,.BCHH.00.HHZ,P,-1,-1,NaN,.BCHH..HHZ_00,1,0,0,1,0,0,1,NaN,,NaN,0,NaN,NaN,NaN,NaN,NaT,NaT,NaN
689,304,736574.55727875,1472736148.884,2016-09-01T13:22:28.884,,BCHH,10,HD2,.BCHH.10.HD2,N,-1,-1,NaN,.BCHH..HD2_10,1,0,1,0,0,1,0,130,stored_event_bounds,0,0,736574.55727875,736574.557279213,1472736148.884,1472736148.924,2016-09-01T13:22:28.884,2016-09-01T13:22:28.924,0
690,307,736574.557278889,1472736148.896,2016-09-01T13:22:28.896,,BCHH,10,HD3,.BCHH.10.HD3,N,-1,-1,NaN,.BCHH..HD3_10,1,0,1,0,0,1,0,130,stored_event_bounds,0,0,736574.55727875,736574.557279213,1472736148.884,1472736148.924,2016-09-01T13:22:28.884,2016-09-01T13:22:28.924,0.0119995325803757
691,305,736574.557279213,1472736148.924,2016-09-01T13:22:28.924,,BCHH,00,HHZ,.BCHH.00.HHZ,N,-1,-1,NaN,.BCHH..HHZ_00,1,0,1,0,0,0,1,130,nearest_event,0,0,736574.55727875,736574.557279213,1472736148.884,1472736148.924,2016-09-01T13:22:28.884,2016-09-01T13:22:28.924,0.0400017946958542
692,793,736574.557287963,1472736149.68,2016-09-01T13:22:29.680,,BCHH,10,HD2,.BCHH.10.HD2,N,-1,-1,NaN,.BCHH..HD2_10,1,0,1,0,0,1,0,131,stored_event_bounds,0,0,736574.557287963,736574.557288044,1472736149.68,1472736149.687,2016-09-01T13:22:29.680,2016-09-01T13:22:29.687,0
693,306,736574.557287998,1472736149.683,2016-09-01T13:22:29.683,,BCHH,10,HD3,.BCHH.10.HD3,del,-1,-1,NaN,.BCHH..HD3_10,1,1,0,0,0,1,0,131,nearest_event,0,0,736574.557287963,736574.557288044,1472736149.68,1472736149.687,2016-09-01T13:22:29.680,2016-09-01T13:22:29.687,0.00299736857414246
694,792,736574.557288044,1472736149.687,2016-09-01T13:22:29.687,,BCHH,10,HD3,.BCHH.10.HD3,N,-1,-1,NaN,.BCHH..HD3_10,1,0,1,0,0,1,0,131,stored_event_bounds,0,0,736574.557287963,736574.557288044,1472736149.68,1472736149.687,2016-09-01T13:22:29.680,2016-09-01T13:22:29.687,0.00700056552886963
695,685,736574.557288264,1472736149.706,2016-09-01T13:22:29.706,,BCHH,00,HHZ,.BCHH.00.HHZ,,-1,-1,NaN,.BCHH..HHZ_00,1,0,0,0,1,0,1,131,nearest_event,0.0190000981092453,0,736574.557287963,736574.557288044,1472736149.68,1472736149.687,2016-09-01T13:22:29.680,2016-09-01T13:22:29.687,0.0260006636381149
696,425,736574.557290775,1472736149.923,2016-09-01T13:22:29.923,,BCHH,10,HD3,.BCHH.10.HD3,N,-1,-1,NaN,.BCHH..HD3_10,1,0,1,0,0,1,0,132,stored_event_bounds,0,0,736574.557290775,736574.557291042,1472736149.923,1472736149.946,2016-09-01T13:22:29.923,2016-09-01T13:22:29.946,0
697,308,736574.557291042,1472736149.946,2016-09-01T13:22:29.946,,BCHH,10,HD2,.BCHH.10.HD2,N,-1,-1,NaN,.BCHH..HD2_10,1,0,1,0,0,1,0,132,stored_event_bounds,0,0,736574.557290775,736574.557291042,1472736149.923,1472736149.946,2016-09-01T13:22:29.923,2016-09-01T13:22:29.946,0.0230032950639725
698,780,736574.557325521,1472736152.925,2016-09-01T13:22:32.925,,BCHH,00,HHZ,.BCHH.00.HHZ,,-1,-1,NaN,.BCHH..HHZ_00,1,0,0,0,1,0,1,NaN,,NaN,0,NaN,NaN,NaN,NaN,NaT,NaT,NaN
699,686,736574.557350903,1472736155.118,2016-09-01T13:22:35.118,,BCHH,00,HHZ,.BCHH.00.HHZ,,-1,-1,NaN,.BCHH..HHZ_00,1,0,0,0,1,0,1,NaN,,NaN,0,NaN,NaN,NaN,NaN,NaT,NaT,NaN
700,687,736574.557375116,1472736157.21,2016-09-01T13:22:37.210,,BCHH,00,HHZ,.BCHH.00.HHZ,,-1,-1,NaN,.BCHH..HHZ_00,1,0,0,0,1,0,1,NaN,,NaN,0,NaN,NaN,NaN,NaN,NaT,NaT,NaN
701,309,736574.557392512,1472736158.713,2016-09-01T13:22:38.713,,BCHH,10,HD2,.BCHH.10.HD2,N,-1,-1,NaN,.BCHH..HD2_10,1,0,1,0,0,1,0,133,stored_event_bounds,0,0,736574.557392512,736574.557393611,1472736158.713,1472736158.808,2016-09-01T13:22:38.713,2016-09-01T13:22:38.808,0
702,310,736574.557392766,1472736158.735,2016-09-01T13:22:38.735,,BCHH,10,HD3,.BCHH.10.HD3,N,-1,-1,NaN,.BCHH..HD3_10,1,0,1,0,0,1,0,133,stored_event_bounds,0,0,736574.557392512,736574.557393611,1472736158.713,1472736158.808,2016-09-01T13:22:38.713,2016-09-01T13:22:38.808,0.0220075249671936
703,311,736574.557393032,1472736158.758,2016-09-01T13:22:38.758,,BCHH,00,HHZ,.BCHH.00.HHZ,N,-1,-1,NaN,.BCHH..HHZ_00,1,0,1,0,0,0,1,133,nearest_event,0,0,736574.557392512,736574.557393611,1472736158.713,1472736158.808,2016-09-01T13:22:38.713,2016-09-01T13:22:38.808,0.0450007617473602
704,426,736574.557393611,1472736158.808,2016-09-01T13:22:38.808,,BCHH,10,HD1,.BCHH.10.HD1,N,-1,-1,NaN,.BCHH..HD1_10,1,0,1,0,0,1,0,133,stored_event_bounds,0,0,736574.557392512,736574.557393611,1472736158.713,1472736158.808,2016-09-01T13:22:38.713,2016-09-01T13:22:38.808,0.0950004905462265
705,312,736574.557409583,1472736160.188,2016-09-01T13:22:40.188,,BCHH,10,HD2,.BCHH.10.HD2,N,-1,-1,NaN,.BCHH..HD2_10,1,0,1,0,0,1,0,134,stored_event_bounds,0,0,736574.557409583,736574.557409699,1472736160.188,1472736160.198,2016-09-01T13:22:40.188,2016-09-01T13:22:40.198,0
706,427,736574.557409699,1472736160.198,2016-09-01T13:22:40.198,,BCHH,10,HD3,.BCHH.10.HD3,N,-1,-1,NaN,.BCHH..HD3_10,1,0,1,0,0,1,0,134,stored_event_bounds,0,0,736574.557409583,736574.557409699,1472736160.188,1472736160.198,2016-09-01T13:22:40.188,2016-09-01T13:22:40.198,0.00999793410301208
707,313,736574.557418368,1472736160.947,2016-09-01T13:22:40.947,,BCHH,10,HD2,.BCHH.10.HD2,N,-1,-1,NaN,.BCHH..HD2_10,1,0,1,0,0,1,0,135,stored_event_bounds,0,0,736574.557418368,736574.55741853,1472736160.947,1472736160.961,2016-09-01T13:22:40.947,2016-09-01T13:22:40.961,0
708,428,736574.55741853,1472736160.961,2016-09-01T13:22:40.961,,BCHH,10,HD3,.BCHH.10.HD3,N,-1,-1,NaN,.BCHH..HD3_10,1,0,1,0,0,1,0,135,stored_event_bounds,0,0,736574.557418368,736574.55741853,1472736160.947,1472736160.961,2016-09-01T13:22:40.947,2016-09-01T13:22:40.961,0.0140011310577393
709,688,736574.557418866,1472736160.99,2016-09-01T13:22:40.990,,BCHH,00,HHZ,.BCHH.00.HHZ,,-1,-1,NaN,.BCHH..HHZ_00,1,0,0,0,1,0,1,135,nearest_event,0.0289980322122574,0,736574.557418368,736574.55741853,1472736160.947,1472736160.961,2016-09-01T13:22:40.947,2016-09-01T13:22:40.961,0.0429991632699966
710,314,736574.557441215,1472736162.921,2016-09-01T13:22:42.921,,BCHH,10,HD2,.BCHH.10.HD2,N,-1,-1,NaN,.BCHH..HD2_10,1,0,1,0,0,1,0,136,stored_event_bounds,0,0,736574.557441215,736574.557441331,1472736162.921,1472736162.931,2016-09-01T13:22:42.921,2016-09-01T13:22:42.931,0
711,429,736574.557441331,1472736162.931,2016-09-01T13:22:42.931,,BCHH,10,HD3,.BCHH.10.HD3,N,-1,-1,NaN,.BCHH..HD3_10,1,0,1,0,0,1,0,136,stored_event_bounds,0,0,736574.557441215,736574.557441331,1472736162.921,1472736162.931,2016-09-01T13:22:42.921,2016-09-01T13:22:42.931,0.00999793410301208
712,689,736574.557441782,1472736162.97,2016-09-01T13:22:42.970,,BCHH,00,HHZ,.BCHH.00.HHZ,,-1,-1,NaN,.BCHH..HHZ_00,1,0,0,0,1,0,1,136,nearest_event,0.0390060245990753,0,736574.557441215,736574.557441331,1472736162.921,1472736162.931,2016-09-01T13:22:42.921,2016-09-01T13:22:42.931,0.0490039587020874
713,315,736574.557465972,1472736165.06,2016-09-01T13:22:45.060,,BCHH,10,HD2,.BCHH.10.HD2,N,-1,-1,NaN,.BCHH..HD2_10,1,0,1,0,0,1,0,137,stored_event_bounds,0,0,736574.557465972,736574.557466447,1472736165.06,1472736165.101,2016-09-01T13:22:45.060,2016-09-01T13:22:45.101,0
714,430,736574.557466111,1472736165.072,2016-09-01T13:22:45.072,,BCHH,10,HD3,.BCHH.10.HD3,N,-1,-1,NaN,.BCHH..HD3_10,1,0,1,0,0,1,0,137,stored_event_bounds,0,0,736574.557465972,736574.557466447,1472736165.06,1472736165.101,2016-09-01T13:22:45.060,2016-09-01T13:22:45.101,0.0119995325803757
715,369,736574.557466447,1472736165.101,2016-09-01T13:22:45.101,,BCHH,00,HHZ,.BCHH.00.HHZ,N,-1,-1,NaN,.BCHH..HHZ_00,1,0,1,0,0,0,1,137,nearest_event,0,0,736574.557465972,736574.557466447,1472736165.06,1472736165.101,2016-09-01T13:22:45.060,2016-09-01T13:22:45.101,0.0409975647926331
716,316,736574.557500984,1472736168.085,2016-09-01T13:22:48.085,,BCHH,10,HD2,.BCHH.10.HD2,N,-1,-1,NaN,.BCHH..HD2_10,1,0,1,0,0,1,0,138,stored_event_bounds,0,0,736574.557500984,736574.557502037,1472736168.085,1472736168.176,2016-09-01T13:22:48.085,2016-09-01T13:22:48.176,0
717,431,736574.557501111,1472736168.096,2016-09-01T13:22:48.096,,BCHH,10,HD3,.BCHH.10.HD3,N,-1,-1,NaN,.BCHH..HD3_10,1,0,1,0,0,1,0,138,stored_event_bounds,0,0,736574.557500984,736574.557502037,1472736168.085,1472736168.176,2016-09-01T13:22:48.085,2016-09-01T13:22:48.176,0.010993704199791
718,317,736574.5575014,1472736168.121,2016-09-01T13:22:48.121,,BCHH,00,HHZ,.BCHH.00.HHZ,N,-1,-1,NaN,.BCHH..HHZ_00,1,0,1,0,0,0,1,138,nearest_event,0,0,736574.557500984,736574.557502037,1472736168.085,1472736168.176,2016-09-01T13:22:48.085,2016-09-01T13:22:48.176,0.035998597741127
719,318,736574.557502037,1472736168.176,2016-09-01T13:22:48.176,,BCHH,10,HD1,.BCHH.10.HD1,N,-1,-1,NaN,.BCHH..HD1_10,1,0,1,0,0,1,0,138,stored_event_bounds,0,0,736574.557500984,736574.557502037,1472736168.085,1472736168.176,2016-09-01T13:22:48.085,2016-09-01T13:22:48.176,0.0909972935914993
720,319,736574.557511667,1472736169.008,2016-09-01T13:22:49.008,,BCHH,10,HD2,.BCHH.10.HD2,del,-1,-1,NaN,.BCHH..HD2_10,1,1,0,0,0,1,0,NaN,,NaN,0,NaN,NaN,NaN,NaN,NaT,NaT,NaN
721,789,736574.557511713,1472736169.012,2016-09-01T13:22:49.012,,BCHH,10,HD2,.BCHH.10.HD2,N,-1,-1,NaN,.BCHH..HD2_10,1,0,1,0,0,1,0,NaN,,NaN,0,NaN,NaN,NaN,NaN,NaT,NaT,NaN
722,690,736574.557541875,1472736171.618,2016-09-01T13:22:51.618,,BCHH,00,HHZ,.BCHH.00.HHZ,,-1,-1,NaN,.BCHH..HHZ_00,1,0,0,0,1,0,1,NaN,,NaN,0,NaN,NaN,NaN,NaN,NaT,NaT,NaN
723,320,736574.557575324,1472736174.508,2016-09-01T13:22:54.508,,BCHH,10,HD2,.BCHH.10.HD2,N,-1,-1,NaN,.BCHH..HD2_10,1,0,1,0,0,1,0,139,stored_event_bounds,0,0,736574.557575324,736574.557575613,1472736174.508,1472736174.533,2016-09-01T13:22:54.508,2016-09-01T13:22:54.533,0
724,321,736574.557575613,1472736174.533,2016-09-01T13:22:54.533,,BCHH,00,HHZ,.BCHH.00.HHZ,N,-1,-1,NaN,.BCHH..HHZ_00,1,0,1,0,0,0,1,139,nearest_event,0,0,736574.557575324,736574.557575613,1472736174.508,1472736174.533,2016-09-01T13:22:54.508,2016-09-01T13:22:54.533,0.0249948352575302
725,323,736574.557621157,1472736178.468,2016-09-01T13:22:58.468,,BCHH,10,HD2,.BCHH.10.HD2,N,-1,-1,NaN,.BCHH..HD2_10,1,0,1,0,0,1,0,140,stored_event_bounds,0,0,736574.557621157,736574.557621586,1472736178.468,1472736178.505,2016-09-01T13:22:58.468,2016-09-01T13:22:58.505,0
726,322,736574.557621238,1472736178.475,2016-09-01T13:22:58.475,,BCHH,10,HD3,.BCHH.10.HD3,N,-1,-1,NaN,.BCHH..HD3_10,1,0,1,0,0,1,0,140,stored_event_bounds,0,0,736574.557621157,736574.557621586,1472736178.468,1472736178.505,2016-09-01T13:22:58.468,2016-09-01T13:22:58.505,0.00700056552886963
727,324,736574.557621586,1472736178.505,2016-09-01T13:22:58.505,,BCHH,00,HHZ,.BCHH.00.HHZ,N,-1,-1,NaN,.BCHH..HHZ_00,1,0,1,0,0,0,1,140,nearest_event,0,0,736574.557621157,736574.557621586,1472736178.468,1472736178.505,2016-09-01T13:22:58.468,2016-09-01T13:22:58.505,0.0370044261217117
728,327,736574.557662211,1472736182.015,2016-09-01T13:23:02.015,,BCHH,00,HHZ,.BCHH.00.HHZ,del,-1,-1,NaN,.BCHH..HHZ_00,1,1,0,0,0,0,1,NaN,,NaN,0,NaN,NaN,NaN,NaN,NaT,NaT,NaN
729,691,736574.557662454,1472736182.036,2016-09-01T13:23:02.036,,BCHH,00,HHZ,.BCHH.00.HHZ,,-1,-1,NaN,.BCHH..HHZ_00,1,0,0,0,1,0,1,NaN,,NaN,0,NaN,NaN,NaN,NaN,NaT,NaT,NaN
730,325,736574.55768162,1472736183.692,2016-09-01T13:23:03.692,,BCHH,10,HD2,.BCHH.10.HD2,N,-1,-1,NaN,.BCHH..HD2_10,1,0,1,0,0,1,0,141,stored_event_bounds,0,0,736574.55768162,736574.557682176,1472736183.692,1472736183.74,2016-09-01T13:23:03.692,2016-09-01T13:23:03.740,0
731,326,736574.557682176,1472736183.74,2016-09-01T13:23:03.740,,BCHH,00,HHZ,.BCHH.00.HHZ,N,-1,-1,NaN,.BCHH..HHZ_00,1,0,1,0,0,0,1,141,nearest_event,0,0,736574.55768162,736574.557682176,1472736183.692,1472736183.74,2016-09-01T13:23:03.692,2016-09-01T13:23:03.740,0.0479981303215027
732,692,736574.557718148,1472736186.848,2016-09-01T13:23:06.848,,BCHH,00,HHZ,.BCHH.00.HHZ,,-1,-1,NaN,.BCHH..HHZ_00,1,0,0,0,1,0,1,NaN,,NaN,0,NaN,NaN,NaN,NaN,NaT,NaT,NaN
733,329,736574.557733148,1472736188.144,2016-09-01T13:23:08.144,,BCHH,10,HD2,.BCHH.10.HD2,N,-1,-1,NaN,.BCHH..HD2_10,1,0,1,0,0,1,0,142,stored_event_bounds,0,0,736574.557733148,736574.557733495,1472736188.144,1472736188.174,2016-09-01T13:23:08.144,2016-09-01T13:23:08.174,0
734,328,736574.557733495,1472736188.174,2016-09-01T13:23:08.174,,BCHH,00,HHZ,.BCHH.00.HHZ,N,-1,-1,NaN,.BCHH..HHZ_00,1,0,1,0,0,0,1,142,nearest_event,0,0,736574.557733148,736574.557733495,1472736188.144,1472736188.174,2016-09-01T13:23:08.144,2016-09-01T13:23:08.174,0.0300038605928421
735,330,736574.557781806,1472736192.348,2016-09-01T13:23:12.348,,BCHH,10,HD2,.BCHH.10.HD2,N,-1,-1,NaN,.BCHH..HD2_10,1,0,1,0,0,1,0,143,stored_event_bounds,0,0,736574.557781806,736574.55778228,1472736192.348,1472736192.389,2016-09-01T13:23:12.348,2016-09-01T13:23:12.389,0
736,432,736574.557781944,1472736192.36,2016-09-01T13:23:12.360,,BCHH,10,HD3,.BCHH.10.HD3,N,-1,-1,NaN,.BCHH..HD3_10,1,0,1,0,0,1,0,143,stored_event_bounds,0,0,736574.557781806,736574.55778228,1472736192.348,1472736192.389,2016-09-01T13:23:12.348,2016-09-01T13:23:12.389,0.0119995325803757
737,331,736574.55778228,1472736192.389,2016-09-01T13:23:12.389,,BCHH,00,HHZ,.BCHH.00.HHZ,N,-1,-1,NaN,.BCHH..HHZ_00,1,0,1,0,0,0,1,143,nearest_event,0,0,736574.557781806,736574.55778228,1472736192.348,1472736192.389,2016-09-01T13:23:12.348,2016-09-01T13:23:12.389,0.0410076230764389
738,693,736574.557836146,1472736197.043,2016-09-01T13:23:17.043,,BCHH,00,HHZ,.BCHH.00.HHZ,,-1,-1,NaN,.BCHH..HHZ_00,1,0,0,0,1,0,1,NaN,,NaN,0,NaN,NaN,NaN,NaN,NaT,NaT,NaN
739,333,736574.557902546,1472736202.78,2016-09-01T13:23:22.780,,BCHH,10,HD2,.BCHH.10.HD2,N,-1,-1,NaN,.BCHH..HD2_10,1,0,1,0,0,1,0,144,stored_event_bounds,0,0,736574.557902546,736574.557902847,1472736202.78,1472736202.806,2016-09-01T13:23:22.780,2016-09-01T13:23:22.806,0
740,332,736574.557902847,1472736202.806,2016-09-01T13:23:22.806,,BCHH,00,HHZ,.BCHH.00.HHZ,N,-1,-1,NaN,.BCHH..HHZ_00,1,0,1,0,0,0,1,144,nearest_event,0,0,736574.557902546,736574.557902847,1472736202.78,1472736202.806,2016-09-01T13:23:22.780,2016-09-01T13:23:22.806,0.0260006636381149
741,433,736574.558105185,1472736220.288,2016-09-01T13:23:40.288,,BCHH,10,HD3,.BCHH.10.HD3,N,-1,-1,NaN,.BCHH..HD3_10,1,0,1,0,0,1,0,145,stored_event_bounds,0,0,736574.558105185,736574.558105417,1472736220.288,1472736220.308,2016-09-01T13:23:40.288,2016-09-01T13:23:40.308,0
742,334,736574.558105417,1472736220.308,2016-09-01T13:23:40.308,,BCHH,00,HHZ,.BCHH.00.HHZ,N,-1,-1,NaN,.BCHH..HHZ_00,1,0,1,0,0,0,1,145,nearest_event,0,0,736574.558105185,736574.558105417,1472736220.288,1472736220.308,2016-09-01T13:23:40.288,2016-09-01T13:23:40.308,0.02000592648983
743,434,736574.558125787,1472736222.068,2016-09-01T13:23:42.068,,BCHH,10,HD2,.BCHH.10.HD2,N,-1,-1,NaN,.BCHH..HD2_10,1,0,1,0,0,1,0,146,stored_event_bounds,0,0,736574.558125787,736574.558126227,1472736222.068,1472736222.106,2016-09-01T13:23:42.068,2016-09-01T13:23:42.106,0
744,435,736574.558125995,1472736222.086,2016-09-01T13:23:42.086,,BCHH,10,HD3,.BCHH.10.HD3,N,-1,-1,NaN,.BCHH..HD3_10,1,0,1,0,0,1,0,146,stored_event_bounds,0,0,736574.558125787,736574.558126227,1472736222.068,1472736222.106,2016-09-01T13:23:42.068,2016-09-01T13:23:42.106,0.0179942697286606
745,335,736574.558126227,1472736222.106,2016-09-01T13:23:42.106,,BCHH,00,HHZ,.BCHH.00.HHZ,N,-1,-1,NaN,.BCHH..HHZ_00,1,0,1,0,0,0,1,146,nearest_event,0,0,736574.558125787,736574.558126227,1472736222.068,1472736222.106,2016-09-01T13:23:42.068,2016-09-01T13:23:42.106,0.0380001962184906
746,694,736574.558151736,1472736224.31,2016-09-01T13:23:44.310,,BCHH,00,HHZ,.BCHH.00.HHZ,,-1,-1,NaN,.BCHH..HHZ_00,1,0,0,0,1,0,1,NaN,,NaN,0,NaN,NaN,NaN,NaN,NaT,NaT,NaN
747,775,736574.558261262,1472736233.773,2016-09-01T13:23:53.773,,BCHH,00,HHZ,.BCHH.00.HHZ,,-1,-1,NaN,.BCHH..HHZ_00,1,0,0,0,1,0,1,NaN,,NaN,0,NaN,NaN,NaN,NaN,NaT,NaT,NaN
748,776,736574.558273681,1472736234.846,2016-09-01T13:23:54.846,,BCHH,00,HHZ,.BCHH.00.HHZ,,-1,-1,NaN,.BCHH..HHZ_00,1,0,0,0,1,0,1,NaN,,NaN,0,NaN,NaN,NaN,NaN,NaT,NaT,NaN
749,695,736574.558288623,1472736236.137,2016-09-01T13:23:56.137,,BCHH,00,HHZ,.BCHH.00.HHZ,,-1,-1,NaN,.BCHH..HHZ_00,1,0,0,0,1,0,1,NaN,,NaN,0,NaN,NaN,NaN,NaN,NaT,NaT,NaN
750,336,736574.55831331,1472736238.27,2016-09-01T13:23:58.270,,BCHH,00,HHZ,.BCHH.00.HHZ,del,-1,-1,NaN,.BCHH..HHZ_00,1,1,0,0,0,0,1,NaN,,NaN,0,NaN,NaN,NaN,NaN,NaT,NaT,NaN
751,696,736574.558313808,1472736238.313,2016-09-01T13:23:58.313,,BCHH,00,HHZ,.BCHH.00.HHZ,,-1,-1,NaN,.BCHH..HHZ_00,1,0,0,0,1,0,1,NaN,,NaN,0,NaN,NaN,NaN,NaN,NaT,NaT,NaN
752,777,736574.558414491,1472736247.012,2016-09-01T13:24:07.012,,BCHH,00,HHZ,.BCHH.00.HHZ,,-1,-1,NaN,.BCHH..HHZ_00,1,0,0,0,1,0,1,NaN,,NaN,0,NaN,NaN,NaN,NaN,NaT,NaT,NaN
753,337,736574.558536238,1472736257.531,2016-09-01T13:24:17.531,,BCHH,10,HD2,.BCHH.10.HD2,N,-1,-1,NaN,.BCHH..HD2_10,1,0,1,0,0,1,0,147,stored_event_bounds,0,0,736574.558536238,736574.558536713,1472736257.531,1472736257.572,2016-09-01T13:24:17.531,2016-09-01T13:24:17.572,0
754,338,736574.5585364,1472736257.545,2016-09-01T13:24:17.545,,BCHH,10,HD3,.BCHH.10.HD3,N,-1,-1,NaN,.BCHH..HD3_10,1,0,1,0,0,1,0,147,stored_event_bounds,0,0,736574.558536238,736574.558536713,1472736257.531,1472736257.572,2016-09-01T13:24:17.531,2016-09-01T13:24:17.572,0.0140011310577393
755,339,736574.558536713,1472736257.572,2016-09-01T13:24:17.572,,BCHH,00,HHZ,.BCHH.00.HHZ,N,-1,-1,NaN,.BCHH..HHZ_00,1,0,1,0,0,0,1,147,nearest_event,0,0,736574.558536238,736574.558536713,1472736257.531,1472736257.572,2016-09-01T13:24:17.531,2016-09-01T13:24:17.572,0.0410076230764389
756,772,736574.558635162,1472736266.078,2016-09-01T13:24:26.078,,BCHH,00,HHZ,.BCHH.00.HHZ,,-1,-1,NaN,.BCHH..HHZ_00,1,0,0,0,1,0,1,NaN,,NaN,0,NaN,NaN,NaN,NaN,NaT,NaT,NaN
757,771,736574.558650116,1472736267.37,2016-09-01T13:24:27.370,,BCHH,00,HHZ,.BCHH.00.HHZ,,-1,-1,NaN,.BCHH..HHZ_00,1,0,0,0,1,0,1,NaN,,NaN,0,NaN,NaN,NaN,NaN,NaT,NaT,NaN
758,770,736574.558676076,1472736269.613,2016-09-01T13:24:29.613,,BCHH,00,HHZ,.BCHH.00.HHZ,,-1,-1,NaN,.BCHH..HHZ_00,1,0,0,0,1,0,1,NaN,,NaN,0,NaN,NaN,NaN,NaN,NaT,NaT,NaN
759,773,736574.558687083,1472736270.564,2016-09-01T13:24:30.564,,BCHH,00,HHZ,.BCHH.00.HHZ,,-1,-1,NaN,.BCHH..HHZ_00,1,0,0,0,1,0,1,NaN,,NaN,0,NaN,NaN,NaN,NaN,NaT,NaT,NaN
760,769,736574.558698657,1472736271.564,2016-09-01T13:24:31.564,,BCHH,00,HHZ,.BCHH.00.HHZ,,-1,-1,NaN,.BCHH..HHZ_00,1,0,0,0,1,0,1,NaN,,NaN,0,NaN,NaN,NaN,NaN,NaT,NaT,NaN
761,768,736574.558774005,1472736278.074,2016-09-01T13:24:38.074,,BCHH,00,HHZ,.BCHH.00.HHZ,,-1,-1,NaN,.BCHH..HHZ_00,1,0,0,0,1,0,1,NaN,,NaN,0,NaN,NaN,NaN,NaN,NaT,NaT,NaN
762,767,736574.558790081,1472736279.463,2016-09-01T13:24:39.463,,BCHH,00,HHZ,.BCHH.00.HHZ,,-1,-1,NaN,.BCHH..HHZ_00,1,0,0,0,1,0,1,NaN,,NaN,0,NaN,NaN,NaN,NaN,NaT,NaT,NaN
763,698,736574.558808738,1472736281.075,2016-09-01T13:24:41.075,,BCHH,00,HHZ,.BCHH.00.HHZ,,-1,-1,NaN,.BCHH..HHZ_00,1,0,0,0,1,0,1,NaN,,NaN,0,NaN,NaN,NaN,NaN,NaT,NaT,NaN
764,697,736574.558895266,1472736288.551,2016-09-01T13:24:48.551,,BCHH,00,HHZ,.BCHH.00.HHZ,,-1,-1,NaN,.BCHH..HHZ_00,1,0,0,0,1,0,1,NaN,,NaN,0,NaN,NaN,NaN,NaN,NaT,NaT,NaN
765,341,736574.55892169,1472736290.834,2016-09-01T13:24:50.834,,BCHH,10,HD2,.BCHH.10.HD2,N,-1,-1,NaN,.BCHH..HD2_10,1,0,1,0,0,1,0,148,stored_event_bounds,0,0,736574.55892169,736574.558922662,1472736290.834,1472736290.918,2016-09-01T13:24:50.834,2016-09-01T13:24:50.918,0
766,340,736574.558922072,1472736290.867,2016-09-01T13:24:50.867,,BCHH,00,HHZ,.BCHH.00.HHZ,N,-1,-1,NaN,.BCHH..HHZ_00,1,0,1,0,0,0,1,148,nearest_event,0,0,736574.55892169,736574.558922662,1472736290.834,1472736290.918,2016-09-01T13:24:50.834,2016-09-01T13:24:50.918,0.0329911708831787
767,436,736574.558922662,1472736290.918,2016-09-01T13:24:50.918,,BCHH,10,HD1,.BCHH.10.HD1,N,-1,-1,NaN,.BCHH..HD1_10,1,0,1,0,0,1,0,148,stored_event_bounds,0,0,736574.55892169,736574.558922662,1472736290.834,1472736290.918,2016-09-01T13:24:50.834,2016-09-01T13:24:50.918,0.0839967280626297
768,342,736574.558930139,1472736291.564,2016-09-01T13:24:51.564,,BCHH,10,HD2,.BCHH.10.HD2,del,-1,-1,NaN,.BCHH..HD2_10,1,1,0,0,0,1,0,NaN,,NaN,0,NaN,NaN,NaN,NaN,NaT,NaT,NaN
769,790,736574.558930324,1472736291.58,2016-09-01T13:24:51.580,,BCHH,10,HD2,.BCHH.10.HD2,N,-1,-1,NaN,.BCHH..HD2_10,1,0,1,0,0,1,0,NaN,,NaN,0,NaN,NaN,NaN,NaN,NaT,NaT,NaN
770,699,736574.558930938,1472736291.633,2016-09-01T13:24:51.633,,BCHH,00,HHZ,.BCHH.00.HHZ,,-1,-1,NaN,.BCHH..HHZ_00,1,0,0,0,1,0,1,NaN,,NaN,0,NaN,NaN,NaN,NaN,NaT,NaT,NaN
771,700,736574.558988738,1472736296.627,2016-09-01T13:24:56.627,,BCHH,00,HHZ,.BCHH.00.HHZ,,-1,-1,NaN,.BCHH..HHZ_00,1,0,0,0,1,0,1,NaN,,NaN,0,NaN,NaN,NaN,NaN,NaT,NaT,NaN
772,765,736574.559054213,1472736302.284,2016-09-01T13:25:02.284,,BCHH,00,HHZ,.BCHH.00.HHZ,,-1,-1,NaN,.BCHH..HHZ_00,1,0,0,0,1,0,1,NaN,,NaN,0,NaN,NaN,NaN,NaN,NaT,NaT,NaN
773,343,736574.559056539,1472736302.485,2016-09-01T13:25:02.485,,BCHH,00,HHE,.BCHH.00.HHE,del,-1,-1,NaN,.BCHH..HHE_00,1,1,0,0,0,0,1,NaN,,NaN,0,NaN,NaN,NaN,NaN,NaT,NaT,NaN
774,774,736574.559067766,1472736303.455,2016-09-01T13:25:03.455,,BCHH,00,HHZ,.BCHH.00.HHZ,,-1,-1,NaN,.BCHH..HHZ_00,1,0,0,0,1,0,1,NaN,,NaN,0,NaN,NaN,NaN,NaN,NaT,NaT,NaN
775,766,736574.559076794,1472736304.235,2016-09-01T13:25:04.235,,BCHH,00,HHZ,.BCHH.00.HHZ,,-1,-1,NaN,.BCHH..HHZ_00,1,0,0,0,1,0,1,NaN,,NaN,0,NaN,NaN,NaN,NaN,NaT,NaT,NaN
776,378,736574.559087488,1472736305.159,2016-09-01T13:25:05.159,,BCHH,00,HHZ,.BCHH.00.HHZ,del,-1,-1,NaN,.BCHH..HHZ_00,1,1,0,0,0,0,1,NaN,,NaN,0,NaN,NaN,NaN,NaN,NaT,NaT,NaN
777,764,736574.559087801,1472736305.186,2016-09-01T13:25:05.186,,BCHH,00,HHZ,.BCHH.00.HHZ,,-1,-1,NaN,.BCHH..HHZ_00,1,0,0,0,1,0,1,NaN,,NaN,0,NaN,NaN,NaN,NaN,NaT,NaT,NaN
778,345,736574.559254178,1472736319.561,2016-09-01T13:25:19.561,,BCHH,10,HD2,.BCHH.10.HD2,del,-1,-1,NaN,.BCHH..HD2_10,1,1,0,0,0,1,0,NaN,,NaN,0,NaN,NaN,NaN,NaN,NaT,NaT,NaN
779,344,736574.559254502,1472736319.589,2016-09-01T13:25:19.589,,BCHH,00,HHZ,.BCHH.00.HHZ,del,-1,-1,NaN,.BCHH..HHZ_00,1,1,0,0,0,0,1,NaN,,NaN,0,NaN,NaN,NaN,NaN,NaT,NaT,NaN
780,701,736574.559254606,1472736319.598,2016-09-01T13:25:19.598,,BCHH,00,HHZ,.BCHH.00.HHZ,,-1,-1,NaN,.BCHH..HHZ_00,1,0,0,0,1,0,1,NaN,,NaN,0,NaN,NaN,NaN,NaN,NaT,NaT,NaN
781,702,736574.559498843,1472736340.7,2016-09-01T13:25:40.700,,BCHH,00,HHZ,.BCHH.00.HHZ,,-1,-1,NaN,.BCHH..HHZ_00,1,0,0,0,1,0,1,NaN,,NaN,0,NaN,NaN,NaN,NaN,NaT,NaT,NaN
782,763,736574.559504595,1472736341.197,2016-09-01T13:25:41.197,,BCHH,00,HHZ,.BCHH.00.HHZ,,-1,-1,NaN,.BCHH..HHZ_00,1,0,0,0,1,0,1,NaN,,NaN,0,NaN,NaN,NaN,NaN,NaT,NaT,NaN
783,778,736574.559705509,1472736358.556,2016-09-01T13:25:58.556,,BCHH,00,HHZ,.BCHH.00.HHZ,,-1,-1,NaN,.BCHH..HHZ_00,1,0,0,0,1,0,1,NaN,,NaN,0,NaN,NaN,NaN,NaN,NaT,NaT,NaN
784,762,736574.559780567,1472736365.041,2016-09-01T13:26:05.041,,BCHH,00,HHZ,.BCHH.00.HHZ,,-1,-1,NaN,.BCHH..HHZ_00,1,0,0,0,1,0,1,NaN,,NaN,0,NaN,NaN,NaN,NaN,NaT,NaT,NaN
785,779,736574.559836447,1472736369.869,2016-09-01T13:26:09.869,,BCHH,00,HHZ,.BCHH.00.HHZ,,-1,-1,NaN,.BCHH..HHZ_00,1,0,0,0,1,0,1,NaN,,NaN,0,NaN,NaN,NaN,NaN,NaT,NaT,NaN
786,761,736574.559893449,1472736374.794,2016-09-01T13:26:14.794,,BCHH,00,HHZ,.BCHH.00.HHZ,,-1,-1,NaN,.BCHH..HHZ_00,1,0,0,0,1,0,1,NaN,,NaN,0,NaN,NaN,NaN,NaN,NaT,NaT,NaN
787,346,736574.559923484,1472736377.389,2016-09-01T13:26:17.389,,BCHH,00,HHZ,.BCHH.00.HHZ,U,-1,-1,NaN,.BCHH..HHZ_00,1,0,0,0,0,0,1,NaN,,NaN,0,NaN,NaN,NaN,NaN,NaT,NaT,NaN
788,379,736574.560114676,1472736393.908,2016-09-01T13:26:33.908,,BCHH,00,HHZ,.BCHH.00.HHZ,U,-1,-1,NaN,.BCHH..HHZ_00,1,0,0,0,0,0,1,NaN,,NaN,0,NaN,NaN,NaN,NaN,NaT,NaT,NaN
789,703,736574.560229132,1472736403.797,2016-09-01T13:26:43.797,,BCHH,00,HHZ,.BCHH.00.HHZ,,-1,-1,NaN,.BCHH..HHZ_00,1,0,0,0,1,0,1,NaN,,NaN,0,NaN,NaN,NaN,NaN,NaT,NaT,NaN
790,757,736574.561254167,1472736492.36,2016-09-01T13:28:12.360,,BCHH,00,HHZ,.BCHH.00.HHZ,,-1,-1,NaN,.BCHH..HHZ_00,1,0,0,0,1,0,1,NaN,,NaN,0,NaN,NaN,NaN,NaN,NaT,NaT,NaN
791,758,736574.56131794,1472736497.87,2016-09-01T13:28:17.870,,BCHH,00,HHZ,.BCHH.00.HHZ,,-1,-1,NaN,.BCHH..HHZ_00,1,0,0,0,1,0,1,NaN,,NaN,0,NaN,NaN,NaN,NaN,NaT,NaT,NaN
792,760,736574.561390463,1472736504.136,2016-09-01T13:28:24.136,,BCHH,00,HHZ,.BCHH.00.HHZ,,-1,-1,NaN,.BCHH..HHZ_00,1,0,0,0,1,0,1,NaN,,NaN,0,NaN,NaN,NaN,NaN,NaT,NaT,NaN
793,759,736574.561397523,1472736504.746,2016-09-01T13:28:24.746,,BCHH,00,HHZ,.BCHH.00.HHZ,,-1,-1,NaN,.BCHH..HHZ_00,1,0,0,0,1,0,1,NaN,,NaN,0,NaN,NaN,NaN,NaN,NaT,NaT,NaN
794,756,736574.561622708,1472736524.202,2016-09-01T13:28:44.202,,BCHH,00,HHZ,.BCHH.00.HHZ,,-1,-1,NaN,.BCHH..HHZ_00,1,0,0,0,1,0,1,NaN,,NaN,0,NaN,NaN,NaN,NaN,NaT,NaT,NaN
795,755,736574.561928877,1472736550.65501,2016-09-01T13:29:10.655,,BCHH,00,HHZ,.BCHH.00.HHZ,,-1,-1,NaN,.BCHH..HHZ_00,1,0,0,0,1,0,1,NaN,,NaN,0,NaN,NaN,NaN,NaN,NaT,NaT,NaN
796,754,736574.562323102,1472736584.716,2016-09-01T13:29:44.716,,BCHH,00,HHZ,.BCHH.00.HHZ,,-1,-1,NaN,.BCHH..HHZ_00,1,0,0,0,1,0,1,NaN,,NaN,0,NaN,NaN,NaN,NaN,NaT,NaT,NaN
797,444,736574.562422141,1472736593.273,2016-09-01T13:29:53.273,,BCHH,00,HHE,.BCHH.00.HHE,S,-1,-1,NaN,.BCHH..HHE_00,1,0,0,1,0,0,1,NaN,,NaN,0,NaN,NaN,NaN,NaN,NaT,NaT,NaN
798,348,736574.562444074,1472736595.168,2016-09-01T13:29:55.168,,BCHH,10,HD2,.BCHH.10.HD2,N,-1,-1,NaN,.BCHH..HD2_10,1,0,1,0,0,1,0,149,stored_event_bounds,0,0,736574.562444074,736574.562444873,1472736595.168,1472736595.237,2016-09-01T13:29:55.168,2016-09-01T13:29:55.237,0
799,349,736574.562444109,1472736595.171,2016-09-01T13:29:55.171,,BCHH,10,HD3,.BCHH.10.HD3,N,-1,-1,NaN,.BCHH..HD3_10,1,0,1,0,0,1,0,149,stored_event_bounds,0,0,736574.562444074,736574.562444873,1472736595.168,1472736595.237,2016-09-01T13:29:55.168,2016-09-01T13:29:55.237,0.00299736857414246
800,350,736574.56244441,1472736595.197,2016-09-01T13:29:55.197,,BCHH,00,HHZ,.BCHH.00.HHZ,N,-1,-1,NaN,.BCHH..HHZ_00,1,0,1,0,0,0,1,149,nearest_event,0,0,736574.562444074,736574.562444873,1472736595.168,1472736595.237,2016-09-01T13:29:55.168,2016-09-01T13:29:55.237,0.0289980322122574
801,352,736574.562444456,1472736595.201,2016-09-01T13:29:55.201,,BCHH,00,HHE,.BCHH.00.HHE,del,-1,-1,NaN,.BCHH..HHE_00,1,1,0,0,0,0,1,149,nearest_event,0,0,736574.562444074,736574.562444873,1472736595.168,1472736595.237,2016-09-01T13:29:55.168,2016-09-01T13:29:55.237,0.0330012291669846
802,351,736574.562444491,1472736595.204,2016-09-01T13:29:55.204,,BCHH,00,HHN,.BCHH.00.HHN,del,-1,-1,NaN,.BCHH..HHN_00,1,1,0,0,0,0,1,149,nearest_event,0,0,736574.562444074,736574.562444873,1472736595.168,1472736595.237,2016-09-01T13:29:55.168,2016-09-01T13:29:55.237,0.035998597741127
803,347,736574.562444873,1472736595.237,2016-09-01T13:29:55.237,,BCHH,10,HD1,.BCHH.10.HD1,N,-1,-1,NaN,.BCHH..HD1_10,1,0,1,0,0,1,0,149,stored_event_bounds,0,0,736574.562444074,736574.562444873,1472736595.168,1472736595.237,2016-09-01T13:29:55.168,2016-09-01T13:29:55.237,0.0689998269081116
804,353,736574.562994491,1472736642.724,2016-09-01T13:30:42.724,,BCHH,10,HD2,.BCHH.10.HD2,N,-1,-1,NaN,.BCHH..HD2_10,1,0,1,0,0,1,0,150,stored_event_bounds,0,0,736574.562994491,736574.562995498,1472736642.724,1472736642.811,2016-09-01T13:30:42.724,2016-09-01T13:30:42.811,0
805,354,736574.562994641,1472736642.737,2016-09-01T13:30:42.737,,BCHH,10,HD3,.BCHH.10.HD3,N,-1,-1,NaN,.BCHH..HD3_10,1,0,1,0,0,1,0,150,stored_event_bounds,0,0,736574.562994491,736574.562995498,1472736642.724,1472736642.811,2016-09-01T13:30:42.724,2016-09-01T13:30:42.811,0.0130053609609604
806,355,736574.562994907,1472736642.76,2016-09-01T13:30:42.760,,BCHH,00,HHZ,.BCHH.00.HHZ,N,-1,-1,NaN,.BCHH..HHZ_00,1,0,1,0,0,0,1,150,nearest_event,0,0,736574.562994491,736574.562995498,1472736642.724,1472736642.811,2016-09-01T13:30:42.724,2016-09-01T13:30:42.811,0.035998597741127
807,356,736574.562995104,1472736642.777,2016-09-01T13:30:42.777,,BCHH,00,HHN,.BCHH.00.HHN,del,-1,-1,NaN,.BCHH..HHN_00,1,1,0,0,0,0,1,150,nearest_event,0,0,736574.562994491,736574.562995498,1472736642.724,1472736642.811,2016-09-01T13:30:42.724,2016-09-01T13:30:42.811,0.0529970973730087
808,449,736574.562995498,1472736642.811,2016-09-01T13:30:42.811,,BCHH,10,HD1,.BCHH.10.HD1,N,-1,-1,NaN,.BCHH..HD1_10,1,0,1,0,0,1,0,150,stored_event_bounds,0,0,736574.562994491,736574.562995498,1472736642.724,1472736642.811,2016-09-01T13:30:42.724,2016-09-01T13:30:42.811,0.087004154920578
809,748,736574.563050023,1472736647.522,2016-09-01T13:30:47.522,,BCHH,00,HHZ,.BCHH.00.HHZ,,-1,-1,NaN,.BCHH..HHZ_00,1,0,0,0,1,0,1,NaN,,NaN,0,NaN,NaN,NaN,NaN,NaT,NaT,NaN
810,746,736574.563203866,1472736660.814,2016-09-01T13:31:00.814,,BCHH,00,HHZ,.BCHH.00.HHZ,,-1,-1,NaN,.BCHH..HHZ_00,1,0,0,0,1,0,1,NaN,,NaN,0,NaN,NaN,NaN,NaN,NaT,NaT,NaN
811,750,736574.563264491,1472736666.052,2016-09-01T13:31:06.052,,BCHH,00,HHZ,.BCHH.00.HHZ,,-1,-1,NaN,.BCHH..HHZ_00,1,0,0,0,1,0,1,NaN,,NaN,0,NaN,NaN,NaN,NaN,NaT,NaT,NaN
812,747,736574.563292488,1472736668.471,2016-09-01T13:31:08.471,,BCHH,00,HHZ,.BCHH.00.HHZ,,-1,-1,NaN,.BCHH..HHZ_00,1,0,0,0,1,0,1,NaN,,NaN,0,NaN,NaN,NaN,NaN,NaT,NaT,NaN
813,749,736574.563330799,1472736671.781,2016-09-01T13:31:11.781,,BCHH,00,HHZ,.BCHH.00.HHZ,,-1,-1,NaN,.BCHH..HHZ_00,1,0,0,0,1,0,1,NaN,,NaN,0,NaN,NaN,NaN,NaN,NaT,NaT,NaN
814,751,736574.56335338,1472736673.732,2016-09-01T13:31:13.732,,BCHH,00,HHZ,.BCHH.00.HHZ,,-1,-1,NaN,.BCHH..HHZ_00,1,0,0,0,1,0,1,NaN,,NaN,0,NaN,NaN,NaN,NaN,NaT,NaT,NaN
815,752,736574.56336353,1472736674.609,2016-09-01T13:31:14.609,,BCHH,00,HHZ,.BCHH.00.HHZ,,-1,-1,NaN,.BCHH..HHZ_00,1,0,0,0,1,0,1,NaN,,NaN,0,NaN,NaN,NaN,NaN,NaT,NaT,NaN
816,753,736574.563377083,1472736675.78,2016-09-01T13:31:15.780,,BCHH,00,HHZ,.BCHH.00.HHZ,,-1,-1,NaN,.BCHH..HHZ_00,1,0,0,0,1,0,1,NaN,,NaN,0,NaN,NaN,NaN,NaN,NaT,NaT,NaN
817,745,736574.563472164,1472736683.995,2016-09-01T13:31:23.995,,BCHH,00,HHZ,.BCHH.00.HHZ,,-1,-1,NaN,.BCHH..HHZ_00,1,0,0,0,1,0,1,NaN,,NaN,0,NaN,NaN,NaN,NaN,NaT,NaT,NaN
818,744,736574.563502512,1472736686.617,2016-09-01T13:31:26.617,,BCHH,00,HHZ,.BCHH.00.HHZ,,-1,-1,NaN,.BCHH..HHZ_00,1,0,0,0,1,0,1,NaN,,NaN,0,NaN,NaN,NaN,NaN,NaT,NaT,NaN
819,743,736574.563534259,1472736689.36,2016-09-01T13:31:29.360,,BCHH,00,HHZ,.BCHH.00.HHZ,,-1,-1,NaN,.BCHH..HHZ_00,1,0,0,0,1,0,1,NaN,,NaN,0,NaN,NaN,NaN,NaN,NaT,NaT,NaN
820,742,736574.563557639,1472736691.38,2016-09-01T13:31:31.380,,BCHH,00,HHZ,.BCHH.00.HHZ,,-1,-1,NaN,.BCHH..HHZ_00,1,0,0,0,1,0,1,NaN,,NaN,0,NaN,NaN,NaN,NaN,NaT,NaT,NaN
821,740,736574.56362184,1472736696.927,2016-09-01T13:31:36.927,,BCHH,00,HHZ,.BCHH.00.HHZ,,-1,-1,NaN,.BCHH..HHZ_00,1,0,0,0,1,0,1,NaN,,NaN,0,NaN,NaN,NaN,NaN,NaT,NaT,NaN
822,741,736574.563667535,1472736700.875,2016-09-01T13:31:40.875,,BCHH,00,HHZ,.BCHH.00.HHZ,,-1,-1,NaN,.BCHH..HHZ_00,1,0,0,0,1,0,1,NaN,,NaN,0,NaN,NaN,NaN,NaN,NaT,NaT,NaN
823,739,736574.563832569,1472736715.134,2016-09-01T13:31:55.134,,BCHH,00,HHZ,.BCHH.00.HHZ,,-1,-1,NaN,.BCHH..HHZ_00,1,0,0,0,1,0,1,NaN,,NaN,0,NaN,NaN,NaN,NaN,NaT,NaT,NaN
824,738,736574.563874433,1472736718.751,2016-09-01T13:31:58.751,,BCHH,00,HHZ,.BCHH.00.HHZ,,-1,-1,NaN,.BCHH..HHZ_00,1,0,0,0,1,0,1,NaN,,NaN,0,NaN,NaN,NaN,NaN,NaT,NaT,NaN
825,737,736574.563883148,1472736719.504,2016-09-01T13:31:59.504,,BCHH,00,HHZ,.BCHH.00.HHZ,,-1,-1,NaN,.BCHH..HHZ_00,1,0,0,0,1,0,1,NaN,,NaN,0,NaN,NaN,NaN,NaN,NaT,NaT,NaN
826,736,736574.563894664,1472736720.499,2016-09-01T13:32:00.499,,BCHH,00,HHZ,.BCHH.00.HHZ,,-1,-1,NaN,.BCHH..HHZ_00,1,0,0,0,1,0,1,NaN,,NaN,0,NaN,NaN,NaN,NaN,NaT,NaT,NaN
827,735,736574.563996192,1472736729.271,2016-09-01T13:32:09.271,,BCHH,00,HHZ,.BCHH.00.HHZ,,-1,-1,NaN,.BCHH..HHZ_00,1,0,0,0,1,0,1,NaN,,NaN,0,NaN,NaN,NaN,NaN,NaT,NaT,NaN
828,734,736574.564003866,1472736729.934,2016-09-01T13:32:09.934,,BCHH,00,HHZ,.BCHH.00.HHZ,,-1,-1,NaN,.BCHH..HHZ_00,1,0,0,0,1,0,1,NaN,,NaN,0,NaN,NaN,NaN,NaN,NaT,NaT,NaN
829,733,736574.564011898,1472736730.628,2016-09-01T13:32:10.628,,BCHH,00,HHZ,.BCHH.00.HHZ,,-1,-1,NaN,.BCHH..HHZ_00,1,0,0,0,1,0,1,NaN,,NaN,0,NaN,NaN,NaN,NaN,NaT,NaT,NaN
830,732,736574.564027593,1472736731.984,2016-09-01T13:32:11.984,,BCHH,00,HHZ,.BCHH.00.HHZ,,-1,-1,NaN,.BCHH..HHZ_00,1,0,0,0,1,0,1,NaN,,NaN,0,NaN,NaN,NaN,NaN,NaT,NaT,NaN
831,731,736574.564056551,1472736734.486,2016-09-01T13:32:14.486,,BCHH,00,HHZ,.BCHH.00.HHZ,,-1,-1,NaN,.BCHH..HHZ_00,1,0,0,0,1,0,1,NaN,,NaN,0,NaN,NaN,NaN,NaN,NaT,NaT,NaN
832,730,736574.564101562,1472736738.375,2016-09-01T13:32:18.375,,BCHH,00,HHZ,.BCHH.00.HHZ,,-1,-1,NaN,.BCHH..HHZ_00,1,0,0,0,1,0,1,NaN,,NaN,0,NaN,NaN,NaN,NaN,NaT,NaT,NaN
833,729,736574.564132963,1472736741.088,2016-09-01T13:32:21.088,,BCHH,00,HHZ,.BCHH.00.HHZ,,-1,-1,NaN,.BCHH..HHZ_00,1,0,0,0,1,0,1,NaN,,NaN,0,NaN,NaN,NaN,NaN,NaT,NaT,NaN
834,725,736574.56415912,1472736743.348,2016-09-01T13:32:23.348,,BCHH,00,HHZ,.BCHH.00.HHZ,,-1,-1,NaN,.BCHH..HHZ_00,1,0,0,0,1,0,1,NaN,,NaN,0,NaN,NaN,NaN,NaN,NaT,NaT,NaN
835,726,736574.564187037,1472736745.76,2016-09-01T13:32:25.760,,BCHH,00,HHZ,.BCHH.00.HHZ,,-1,-1,NaN,.BCHH..HHZ_00,1,0,0,0,1,0,1,NaN,,NaN,0,NaN,NaN,NaN,NaN,NaT,NaT,NaN
836,727,736574.564222627,1472736748.835,2016-09-01T13:32:28.835,,BCHH,00,HHZ,.BCHH.00.HHZ,,-1,-1,NaN,.BCHH..HHZ_00,1,0,0,0,1,0,1,NaN,,NaN,0,NaN,NaN,NaN,NaN,NaT,NaT,NaN
837,728,736574.564244954,1472736750.764,2016-09-01T13:32:30.764,,BCHH,00,HHZ,.BCHH.00.HHZ,,-1,-1,NaN,.BCHH..HHZ_00,1,0,0,0,1,0,1,NaN,,NaN,0,NaN,NaN,NaN,NaN,NaT,NaT,NaN
838,371,736574.5642589,1472736751.969,2016-09-01T13:32:31.969,,BCHH,10,HD2,.BCHH.10.HD2,N,-1,-1,NaN,.BCHH..HD2_10,1,0,1,0,0,1,0,151,stored_event_bounds,0,0,736574.5642589,736574.564259861,1472736751.969,1472736752.052,2016-09-01T13:32:31.969,2016-09-01T13:32:32.052,0
839,791,736574.564259005,1472736751.978,2016-09-01T13:32:31.978,,BCHH,10,HD3,.BCHH.10.HD3,N,-1,-1,NaN,.BCHH..HD3_10,1,0,1,0,0,1,0,151,stored_event_bounds,0,0,736574.5642589,736574.564259861,1472736751.969,1472736752.052,2016-09-01T13:32:31.969,2016-09-01T13:32:32.052,0.00900216400623322
840,372,736574.564259282,1472736752.002,2016-09-01T13:32:32.002,,BCHH,00,HHZ,.BCHH.00.HHZ,N,-1,-1,NaN,.BCHH..HHZ_00,1,0,1,0,0,0,1,151,nearest_event,0,0,736574.5642589,736574.564259861,1472736751.969,1472736752.052,2016-09-01T13:32:31.969,2016-09-01T13:32:32.052,0.0330012291669846
841,437,736574.564259861,1472736752.052,2016-09-01T13:32:32.052,,BCHH,10,HD1,.BCHH.10.HD1,N,-1,-1,NaN,.BCHH..HD1_10,1,0,1,0,0,1,0,151,stored_event_bounds,0,0,736574.5642589,736574.564259861,1472736751.969,1472736752.052,2016-09-01T13:32:31.969,2016-09-01T13:32:32.052,0.0830009579658508
842,723,736574.564404398,1472736764.54,2016-09-01T13:32:44.540,,BCHH,00,HHZ,.BCHH.00.HHZ,,-1,-1,NaN,.BCHH..HHZ_00,1,0,0,0,1,0,1,NaN,,NaN,0,NaN,NaN,NaN,NaN,NaT,NaT,NaN
843,722,736574.564563137,1472736778.255,2016-09-01T13:32:58.255,,BCHH,00,HHZ,.BCHH.00.HHZ,,-1,-1,NaN,.BCHH..HHZ_00,1,0,0,0,1,0,1,NaN,,NaN,0,NaN,NaN,NaN,NaN,NaT,NaT,NaN
844,704,736574.564639942,1472736784.891,2016-09-01T13:33:04.891,,BCHH,00,HHZ,.BCHH.00.HHZ,,-1,-1,NaN,.BCHH..HHZ_00,1,0,0,0,1,0,1,NaN,,NaN,0,NaN,NaN,NaN,NaN,NaT,NaT,NaN
845,724,736574.564696065,1472736789.74,2016-09-01T13:33:09.740,,BCHH,00,HHZ,.BCHH.00.HHZ,,-1,-1,NaN,.BCHH..HHZ_00,1,0,0,0,1,0,1,NaN,,NaN,0,NaN,NaN,NaN,NaN,NaT,NaT,NaN
846,705,736574.564734537,1472736793.064,2016-09-01T13:33:13.064,,BCHH,00,HHZ,.BCHH.00.HHZ,,-1,-1,NaN,.BCHH..HHZ_00,1,0,0,0,1,0,1,NaN,,NaN,0,NaN,NaN,NaN,NaN,NaT,NaT,NaN
847,716,736574.564762697,1472736795.497,2016-09-01T13:33:15.497,,BCHH,00,HHZ,.BCHH.00.HHZ,,-1,-1,NaN,.BCHH..HHZ_00,1,0,0,0,1,0,1,NaN,,NaN,0,NaN,NaN,NaN,NaN,NaT,NaT,NaN
848,706,736574.564884016,1472736805.979,2016-09-01T13:33:25.979,,BCHH,00,HHZ,.BCHH.00.HHZ,,-1,-1,NaN,.BCHH..HHZ_00,1,0,0,0,1,0,1,NaN,,NaN,0,NaN,NaN,NaN,NaN,NaT,NaT,NaN
849,358,736574.564951262,1472736811.789,2016-09-01T13:33:31.789,,BCHH,10,HD2,.BCHH.10.HD2,N,-1,-1,NaN,.BCHH..HD2_10,1,0,1,0,0,1,0,152,stored_event_bounds,0,0,736574.564951262,736574.56495191,1472736811.789,1472736811.845,2016-09-01T13:33:31.789,2016-09-01T13:33:31.845,0
850,359,736574.564951435,1472736811.804,2016-09-01T13:33:31.804,,BCHH,10,HD3,.BCHH.10.HD3,N,-1,-1,NaN,.BCHH..HD3_10,1,0,1,0,0,1,0,152,stored_event_bounds,0,0,736574.564951262,736574.56495191,1472736811.789,1472736811.845,2016-09-01T13:33:31.789,2016-09-01T13:33:31.845,0.0149969011545181
851,360,736574.564951701,1472736811.827,2016-09-01T13:33:31.827,,BCHH,00,HHZ,.BCHH.00.HHZ,N,-1,-1,NaN,.BCHH..HHZ_00,1,0,1,0,0,0,1,152,nearest_event,0,0,736574.564951262,736574.56495191,1472736811.789,1472736811.845,2016-09-01T13:33:31.789,2016-09-01T13:33:31.845,0.0380001962184906
852,362,736574.564951806,1472736811.836,2016-09-01T13:33:31.836,,BCHH,00,HHE,.BCHH.00.HHE,del,-1,-1,NaN,.BCHH..HHE_00,1,1,0,0,0,0,1,152,nearest_event,0,0,736574.564951262,736574.56495191,1472736811.789,1472736811.845,2016-09-01T13:33:31.789,2016-09-01T13:33:31.845,0.046992301940918
853,361,736574.56495184,1472736811.839,2016-09-01T13:33:31.839,,BCHH,00,HHN,.BCHH.00.HHN,del,-1,-1,NaN,.BCHH..HHN_00,1,1,0,0,0,0,1,152,nearest_event,0,0,736574.564951262,736574.56495191,1472736811.789,1472736811.845,2016-09-01T13:33:31.789,2016-09-01T13:33:31.845,0.0499997287988663
854,357,736574.56495191,1472736811.845,2016-09-01T13:33:31.845,,BCHH,10,HD1,.BCHH.10.HD1,N,-1,-1,NaN,.BCHH..HD1_10,1,0,1,0,0,1,0,152,stored_event_bounds,0,0,736574.564951262,736574.56495191,1472736811.789,1472736811.845,2016-09-01T13:33:31.789,2016-09-01T13:33:31.845,0.0559944659471512
855,721,736574.564995764,1472736815.634,2016-09-01T13:33:35.634,,BCHH,00,HHZ,.BCHH.00.HHZ,,-1,-1,NaN,.BCHH..HHZ_00,1,0,0,0,1,0,1,NaN,,NaN,0,NaN,NaN,NaN,NaN,NaT,NaT,NaN
856,720,736574.565025069,1472736818.166,2016-09-01T13:33:38.166,,BCHH,00,HHZ,.BCHH.00.HHZ,,-1,-1,NaN,.BCHH..HHZ_00,1,0,0,0,1,0,1,NaN,,NaN,0,NaN,NaN,NaN,NaN,NaT,NaT,NaN
857,717,736574.565055069,1472736820.758,2016-09-01T13:33:40.758,,BCHH,00,HHZ,.BCHH.00.HHZ,,-1,-1,NaN,.BCHH..HHZ_00,1,0,0,0,1,0,1,NaN,,NaN,0,NaN,NaN,NaN,NaN,NaT,NaT,NaN
858,718,736574.565080544,1472736822.959,2016-09-01T13:33:42.959,,BCHH,00,HHZ,.BCHH.00.HHZ,,-1,-1,NaN,.BCHH..HHZ_00,1,0,0,0,1,0,1,NaN,,NaN,0,NaN,NaN,NaN,NaN,NaT,NaT,NaN
859,719,736574.565139155,1472736828.023,2016-09-01T13:33:48.023,,BCHH,00,HHZ,.BCHH.00.HHZ,,-1,-1,NaN,.BCHH..HHZ_00,1,0,0,0,1,0,1,NaN,,NaN,0,NaN,NaN,NaN,NaN,NaT,NaT,NaN
860,363,736574.565156366,1472736829.51,2016-09-01T13:33:49.510,,BCHH,10,HD2,.BCHH.10.HD2,N,-1,-1,NaN,.BCHH..HD2_10,1,0,1,0,0,1,0,153,stored_event_bounds,0,0,736574.565156366,736574.565156944,1472736829.51,1472736829.56,2016-09-01T13:33:49.510,2016-09-01T13:33:49.560,0
861,364,736574.565156667,1472736829.536,2016-09-01T13:33:49.536,,BCHH,10,HD3,.BCHH.10.HD3,N,-1,-1,NaN,.BCHH..HD3_10,1,0,1,0,0,1,0,153,stored_event_bounds,0,0,736574.565156366,736574.565156944,1472736829.51,1472736829.56,2016-09-01T13:33:49.510,2016-09-01T13:33:49.560,0.0260006636381149
862,365,736574.565156944,1472736829.56,2016-09-01T13:33:49.560,,BCHH,00,HHZ,.BCHH.00.HHZ,N,-1,-1,NaN,.BCHH..HHZ_00,1,0,1,0,0,0,1,153,nearest_event,0,0,736574.565156366,736574.565156944,1472736829.51,1472736829.56,2016-09-01T13:33:49.510,2016-09-01T13:33:49.560,0.0499997287988663
863,438,736574.565212917,1472736834.396,2016-09-01T13:33:54.396,,BCHH,10,HD2,.BCHH.10.HD2,N,-1,-1,NaN,.BCHH..HD2_10,1,0,1,0,0,1,0,NaN,,NaN,0,NaN,NaN,NaN,NaN,NaT,NaT,NaN
864,366,736574.565213067,1472736834.409,2016-09-01T13:33:54.409,,BCHH,10,HD3,.BCHH.10.HD3,N,-1,-1,NaN,.BCHH..HD3_10,1,0,1,0,0,1,0,NaN,,NaN,0,NaN,NaN,NaN,NaN,NaT,NaT,NaN
865,367,736574.565213333,1472736834.432,2016-09-01T13:33:54.432,,BCHH,00,HHZ,.BCHH.00.HHZ,N,-1,-1,NaN,.BCHH..HHZ_00,1,0,1,0,0,0,1,NaN,,NaN,0,NaN,NaN,NaN,NaN,NaT,NaT,NaN
866,711,736574.565263704,1472736838.784,2016-09-01T13:33:58.784,,BCHH,00,HHZ,.BCHH.00.HHZ,,-1,-1,NaN,.BCHH..HHZ_00,1,0,0,0,1,0,1,NaN,,NaN,0,NaN,NaN,NaN,NaN,NaT,NaT,NaN
867,710,736574.565310104,1472736842.793,2016-09-01T13:34:02.793,,BCHH,00,HHZ,.BCHH.00.HHZ,,-1,-1,NaN,.BCHH..HHZ_00,1,0,0,0,1,0,1,NaN,,NaN,0,NaN,NaN,NaN,NaN,NaT,NaT,NaN
868,712,736574.565318484,1472736843.517,2016-09-01T13:34:03.517,,BCHH,00,HHZ,.BCHH.00.HHZ,,-1,-1,NaN,.BCHH..HHZ_00,1,0,0,0,1,0,1,NaN,,NaN,0,NaN,NaN,NaN,NaN,NaT,NaT,NaN
869,713,736574.565323715,1472736843.969,2016-09-01T13:34:03.969,,BCHH,00,HHZ,.BCHH.00.HHZ,,-1,-1,NaN,.BCHH..HHZ_00,1,0,0,0,1,0,1,NaN,,NaN,0,NaN,NaN,NaN,NaN,NaT,NaT,NaN
870,708,736574.565363623,1472736847.417,2016-09-01T13:34:07.417,,BCHH,00,HHZ,.BCHH.00.HHZ,,-1,-1,NaN,.BCHH..HHZ_00,1,0,0,0,1,0,1,NaN,,NaN,0,NaN,NaN,NaN,NaN,NaT,NaT,NaN
871,368,736574.565363715,1472736847.425,2016-09-01T13:34:07.425,,BCHH,00,HHZ,.BCHH.00.HHZ,del,-1,-1,NaN,.BCHH..HHZ_00,1,1,0,0,0,0,1,NaN,,NaN,0,NaN,NaN,NaN,NaN,NaT,NaT,NaN
872,458,736574.565363958,1472736847.446,2016-09-01T13:34:07.446,,BCHH,00,HHE,.BCHH.00.HHE,Del,-1,-1,NaN,.BCHH..HHE_00,1,1,0,0,0,0,1,NaN,,NaN,0,NaN,NaN,NaN,NaN,NaT,NaT,NaN
873,380,736574.565434769,1472736853.564,2016-09-01T13:34:13.564,,BCHH,00,HHZ,.BCHH.00.HHZ,del,-1,-1,NaN,.BCHH..HHZ_00,1,1,0,0,0,0,1,NaN,,NaN,0,NaN,NaN,NaN,NaN,NaT,NaT,NaN
874,707,736574.565434965,1472736853.581,2016-09-01T13:34:13.581,,BCHH,00,HHZ,.BCHH.00.HHZ,,-1,-1,NaN,.BCHH..HHZ_00,1,0,0,0,1,0,1,NaN,,NaN,0,NaN,NaN,NaN,NaN,NaT,NaT,NaN
875,714,736574.565502002,1472736859.373,2016-09-01T13:34:19.373,,BCHH,00,HHZ,.BCHH.00.HHZ,,-1,-1,NaN,.BCHH..HHZ_00,1,0,0,0,1,0,1,NaN,,NaN,0,NaN,NaN,NaN,NaN,NaT,NaT,NaN
876,715,736574.56551735,1472736860.699,2016-09-01T13:34:20.699,,BCHH,00,HHZ,.BCHH.00.HHZ,,-1,-1,NaN,.BCHH..HHZ_00,1,0,0,0,1,0,1,NaN,,NaN,0,NaN,NaN,NaN,NaN,NaT,NaT,NaN
877,709,736574.566981759,1472736987.224,2016-09-01T13:36:27.224,,BCHH,00,HHZ,.BCHH.00.HHZ,,-1,-1,NaN,.BCHH..HHZ_00,1,0,0,0,1,0,1,NaN,,NaN,0,NaN,NaN,NaN,NaN,NaT,NaT,NaN
878,373,736574.574999375,1472737679.946,2016-09-01T13:47:59.946,,BCHH,10,HD2,.BCHH.10.HD2,del,-1,-1,NaN,.BCHH..HD2_10,1,1,0,0,0,1,0,NaN,,NaN,0,NaN,NaN,NaN,NaN,NaT,NaT,NaN
879,646,736574.578811667,1472738009.328,2016-09-01T13:53:29.328,,BCHH,00,HHZ,.BCHH.00.HHZ,,-1,-1,NaN,.BCHH..HHZ_00,1,0,0,0,1,0,1,NaN,,NaN,0,NaN,NaN,NaN,NaN,NaT,NaT,NaN
880,647,736574.59261265,1472739201.733,2016-09-01T14:13:21.733,,BCHH,00,HHZ,.BCHH.00.HHZ,,-1,-1,NaN,.BCHH..HHZ_00,1,0,0,0,1,0,1,NaN,,NaN,0,NaN,NaN,NaN,NaN,NaT,NaT,NaN
881,648,736574.639977766,1472743294.079,2016-09-01T15:21:34.079,,BCHH,00,HHZ,.BCHH.00.HHZ,,-1,-1,NaN,.BCHH..HHZ_00,1,0,0,0,1,0,1,NaN,,NaN,0,NaN,NaN,NaN,NaN,NaT,NaT,NaN
882,649,736574.678474375,1472746620.186,2016-09-01T16:17:00.186,,BCHH,00,HHZ,.BCHH.00.HHZ,,-1,-1,NaN,.BCHH..HHZ_00,1,0,0,0,1,0,1,NaN,,NaN,0,NaN,NaN,NaN,NaN,NaT,NaT,NaN
883,652,736574.739457778,1472751889.152,2016-09-01T17:44:49.152,,BCHH,00,HHZ,.BCHH.00.HHZ,,-1,-1,NaN,.BCHH..HHZ_00,1,0,0,0,1,0,1,NaN,,NaN,0,NaN,NaN,NaN,NaN,NaT,NaT,NaN
884,651,736574.744672593,1472752339.712,2016-09-01T17:52:19.712,,BCHH,00,HHZ,.BCHH.00.HHZ,,-1,-1,NaN,.BCHH..HHZ_00,1,0,0,0,1,0,1,NaN,,NaN,0,NaN,NaN,NaN,NaN,NaT,NaT,NaN
885,650,736574.757908912,1472753483.33,2016-09-01T18:11:23.330,,BCHH,00,HHZ,.BCHH.00.HHZ,,-1,-1,NaN,.BCHH..HHZ_00,1,0,0,0,1,0,1,NaN,,NaN,0,NaN,NaN,NaN,NaN,NaT,NaT,NaN
886,653,736574.771145243,1472754626.949,2016-09-01T18:30:26.949,,BCHH,00,HHZ,.BCHH.00.HHZ,,-1,-1,NaN,.BCHH..HHZ_00,1,0,0,0,1,0,1,NaN,,NaN,0,NaN,NaN,NaN,NaN,NaT,NaT,NaN
887,655,736574.885057326,1472764468.953,2016-09-01T21:14:28.953,,BCHH,00,HHZ,.BCHH.00.HHZ,,-1,-1,NaN,.BCHH..HHZ_00,1,0,0,0,1,0,1,NaN,,NaN,0,NaN,NaN,NaN,NaN,NaT,NaT,NaN
888,654,736574.885804676,1472764533.52401,2016-09-01T21:15:33.524,,BCHH,00,HHZ,.BCHH.00.HHZ,,-1,-1,NaN,.BCHH..HHZ_00,1,0,0,0,1,0,1,NaN,,NaN,0,NaN,NaN,NaN,NaN,NaT,NaT,NaN
889,656,736574.891218785,1472765001.303,2016-09-01T21:23:21.303,,BCHH,00,HHZ,.BCHH.00.HHZ,,-1,-1,NaN,.BCHH..HHZ_00,1,0,0,0,1,0,1,NaN,,NaN,0,NaN,NaN,NaN,NaN,NaT,NaT,NaN
890,657,736574.892132199,1472765080.222,2016-09-01T21:24:40.222,,BCHH,00,HHZ,.BCHH.00.HHZ,,-1,-1,NaN,.BCHH..HHZ_00,1,0,0,0,1,0,1,NaN,,NaN,0,NaN,NaN,NaN,NaN,NaT,NaT,NaN
