reconstructed_event_number,reduced_event_epoch_s,first_reduced_pick_epoch_s,last_reduced_pick_epoch_s,corrected_pick_span_s,pick_count,channel_count,channels,pick_indices,observed_first_pick_epoch_s,observed_last_pick_epoch_s,reduced_event_time,observed_first_pick_time,observed_last_pick_time,catalogue_decision,decision_basis,dd2_dd3_best_correlation,robust_stack_peak_snr,review_reference_epoch_s,final_event_number,candidate_event_number,assigned_pick_count,assigned_channel_count,assigned_pick_span_s,stack_channels,stack_channel_count,valid_measurement,failure_reason,median_stack_snr,valid_pair,positive_index,negative_index,positive_time_s,negative_time_s,positive_peak_pa,negative_peak_pa,peak_to_peak_pa,positive_negative_lag_s,model_event_start_s,model_event_end_s,event_start_s,event_end_s,event_duration_s,noise_scale_pa,boundary_threshold_pa,start_boundary_method,end_boundary_method,morphology_class,quality_class,segment_file,segment_path,segment_start_epoch_s,segment_end_epoch_s
1,1472735235.9271336,1472735235.9258933,1472735235.928,0.0021066665649414,3,3,"DD1,DD2,DD3","198,193,194",1472735235.928,1472735236.016,2016-09-01 13:07:15.927133560+00:00,2016-09-01 13:07:15.927999973+00:00,2016-09-01 13:07:16.016000032+00:00,retain,at least two reduced-time-associated infrasound channels,,,,1,1,3,3,0.0021066665649414062,"DD1,DD2,DD3",3,True,,25.125280764730938,True,126.0,148.0,0.004866361618041992,0.09286642074584961,33.00596889606609,-18.375680516310325,51.38164941237642,0.08800005912780762,-0.039133667945861816,0.13686645030975342,-0.019133567810058594,0.13686645030975342,0.156000018119812,1.3136557240943352,2.6273114481886704,noise_threshold,model,robust_impulsive,robust_impulsive,candidate_event_001.pkl,/Users/glennthompson/Developer/KSCRocketSeismoHydrology/08_fireball_paper/falcon9-seismoacoustic-workflow-1.0.0/data/outputs/070_prepare_event_waveform_products/event_streams/candidate_event_001.pkl,1472735235.4271336,1472735236.5271335
2,1472735236.0571334,1472735236.0558932,1472735236.067,0.0111067295074462,3,3,"DD1,DD2,DD3","201,199,200",1472735236.067,1472735236.146,2016-09-01 13:07:16.057133436+00:00,2016-09-01 13:07:16.066999911+00:00,2016-09-01 13:07:16.145999908+00:00,retain,at least two reduced-time-associated infrasound channels,,,,2,2,3,3,0.011106729507446289,"DD1,DD2,DD3",3,True,,13.186529856435058,True,134.0,156.0,0.03800010681152344,0.12600016593933105,22.88343069207909,-21.205054192615886,44.08848488469498,0.08800005912780762,-0.005999922752380371,0.17000019550323486,-0.005999922752380371,0.17000019550323486,0.17600011825561523,1.7353641133199211,3.4707282266398423,model,model,robust_impulsive,robust_impulsive,candidate_event_002.pkl,/Users/glennthompson/Developer/KSCRocketSeismoHydrology/08_fireball_paper/falcon9-seismoacoustic-workflow-1.0.0/data/outputs/070_prepare_event_waveform_products/event_streams/candidate_event_002.pkl,1472735235.5571334,1472735236.6571333
3,1472735236.255,1472735236.2521336,1472735236.2558932,0.0037596225738525,3,3,"DD1,DD2,DD3","204,202,203",1472735236.255,1472735236.346,2016-09-01 13:07:16.255000114+00:00,2016-09-01 13:07:16.255000114+00:00,2016-09-01 13:07:16.345999956+00:00,retain,at least two reduced-time-associated infrasound channels,,,,3,3,3,3,0.003759622573852539,"DD1,DD2,DD3",3,True,,3.63392185183619,True,131.0,139.0,0.02499985694885254,0.056999921798706055,37.66396994430215,-9.892703982209195,47.55667392651135,0.032000064849853516,0.008999824523925781,0.07299995422363281,0.01699995994567871,0.0690000057220459,0.05200004577636719,10.364551435048298,20.729102870096597,noise_threshold,noise_threshold,weak_impulsive,weak_impulsive,candidate_event_003.pkl,/Users/glennthompson/Developer/KSCRocketSeismoHydrology/08_fireball_paper/falcon9-seismoacoustic-workflow-1.0.0/data/outputs/070_prepare_event_waveform_products/event_streams/candidate_event_003.pkl,1472735235.755,1472735236.855
4,1472735236.4470668,1472735236.4321334,1472735236.462,0.0298664569854736,2,2,"DD2,DD3","206,205",1472735236.445,1472735236.462,2016-09-01 13:07:16.447066784+00:00,2016-09-01 13:07:16.444999933+00:00,2016-09-01 13:07:16.461999893+00:00,retain,at least two reduced-time-associated infrasound channels,,,,4,4,2,2,0.029866456985473633,"DD2,DD3",2,True,,1.9142070767823647,True,134.0,144.0,0.036933183670043945,0.07693314552307129,25.064111393503538,-9.007070955340824,34.07118234884436,0.039999961853027344,0.016933202743530273,0.09693312644958496,0.03293323516845703,0.08893322944641113,0.0559999942779541,13.093730400179268,26.187460800358537,noise_threshold,noise_threshold,weak_impulsive,weak_impulsive,candidate_event_004.pkl,/Users/glennthompson/Developer/KSCRocketSeismoHydrology/08_fireball_paper/falcon9-seismoacoustic-workflow-1.0.0/data/outputs/070_prepare_event_waveform_products/event_streams/candidate_event_004.pkl,1472735235.9470668,1472735237.0470667
5,1472735236.7995667,1472735236.7991335,1472735236.8,0.000866413116455,2,2,"DD2,DD3","207,208",1472735236.8,1472735236.812,2016-09-01 13:07:16.799566746+00:00,2016-09-01 13:07:16.799999952+00:00,2016-09-01 13:07:16.812000036+00:00,retain,at least two reduced-time-associated infrasound channels,,,,5,5,2,2,0.0008664131164550781,"DD2,DD3",2,True,,2.2535180583495182,True,142.0,151.0,0.06843328475952148,0.10443329811096191,15.706477635933398,-24.34954914301055,40.056026778943945,0.03600001335144043,0.05043327808380127,0.12243330478668213,0.06443309783935547,0.12443327903747559,0.06000018119812012,10.805127144552023,21.610254289104045,noise_threshold,noise_threshold,weak_impulsive,weak_impulsive,candidate_event_005.pkl,/Users/glennthompson/Developer/KSCRocketSeismoHydrology/08_fireball_paper/falcon9-seismoacoustic-workflow-1.0.0/data/outputs/070_prepare_event_waveform_products/event_streams/candidate_event_005.pkl,1472735236.2995667,1472735237.3995667
6,1472735237.242,1472735237.2411337,1472735237.2448933,0.0037598609924316,3,3,"DD1,DD2,DD3","211,209,210",1472735237.242,1472735237.335,2016-09-01 13:07:17.242000103+00:00,2016-09-01 13:07:17.242000103+00:00,2016-09-01 13:07:17.335000038+00:00,retain,at least two reduced-time-associated infrasound channels,,,,6,6,3,3,0.003759622573852539,"DD1,DD2,DD3",3,True,,5.796782165713952,True,133.0,172.0,0.03399991989135742,0.18999981880187988,33.6957352680494,-19.240708710626976,52.93644397867637,0.15599989891052246,-0.04400002956390381,0.2679997682571411,0.009999752044677734,0.22999978065490723,0.2200000286102295,5.812834483819061,11.625668967638122,noise_threshold,noise_threshold,moderate_impulsive,moderate_impulsive,candidate_event_006.pkl,/Users/glennthompson/Developer/KSCRocketSeismoHydrology/08_fireball_paper/falcon9-seismoacoustic-workflow-1.0.0/data/outputs/070_prepare_event_waveform_products/event_streams/candidate_event_006.pkl,1472735236.742,1472735237.842
7,1472735237.634,1472735237.632893,1472735237.6361334,0.0032401084899902,3,3,"DD1,DD2,DD3","215,213,214",1472735237.634,1472735237.723,2016-09-01 13:07:17.634000063+00:00,2016-09-01 13:07:17.634000063+00:00,2016-09-01 13:07:17.723000050+00:00,retain,at least two reduced-time-associated infrasound channels,,,,7,7,3,3,0.003240346908569336,"DD1,DD2,DD3",3,True,,2.227323583017329,True,130.0,143.0,0.021999835968017578,0.07399988174438477,28.522734684348936,-13.296857356657215,41.81959204100615,0.05200004577636719,-0.004000186920166016,0.09999990463256836,0.017999887466430664,0.08599996566772461,0.06800007820129395,12.805833378601204,25.611666757202407,noise_threshold,noise_threshold,weak_impulsive,weak_impulsive,candidate_event_007.pkl,/Users/glennthompson/Developer/KSCRocketSeismoHydrology/08_fireball_paper/falcon9-seismoacoustic-workflow-1.0.0/data/outputs/070_prepare_event_waveform_products/event_streams/candidate_event_007.pkl,1472735237.134,1472735238.234
8,1472735237.8951335,1472735237.8918934,1472735237.896,0.0041065216064453,3,3,"DD1,DD2,DD3","218,216,217",1472735237.896,1472735237.982,2016-09-01 13:07:17.895133495+00:00,2016-09-01 13:07:17.895999908+00:00,2016-09-01 13:07:17.982000113+00:00,retain,at least two reduced-time-associated infrasound channels,,,,8,8,3,3,0.0041065216064453125,"DD1,DD2,DD3",3,True,,4.190789515406945,True,130.0,138.0,0.02086639404296875,0.052866458892822266,29.77866339480653,-21.508156532388398,51.28681992719493,0.032000064849853516,0.004866361618041992,0.06886649131774902,0.008866310119628906,0.06886649131774902,0.06000018119812012,7.105740645128745,14.21148129025749,noise_threshold,noise_threshold,moderate_impulsive,moderate_impulsive,candidate_event_008.pkl,/Users/glennthompson/Developer/KSCRocketSeismoHydrology/08_fireball_paper/falcon9-seismoacoustic-workflow-1.0.0/data/outputs/070_prepare_event_waveform_products/event_streams/candidate_event_008.pkl,1472735237.3951335,1472735238.4951334
9,1472735238.1111336,1472735238.109893,1472735238.112,0.0021066665649414,3,3,"DD1,DD2,DD3","221,219,220",1472735238.112,1472735238.2,2016-09-01 13:07:18.111133575+00:00,2016-09-01 13:07:18.111999989+00:00,2016-09-01 13:07:18.200000048+00:00,retain,at least two reduced-time-associated infrasound channels,,,,9,9,3,3,0.002106904983520508,"DD1,DD2,DD3",3,True,,11.131978868361225,True,130.0,137.0,0.02086639404296875,0.04886651039123535,104.79472197438682,-74.74012993930513,179.53485191369197,0.0280001163482666,0.006866335868835449,0.06286656856536865,0.0008664131164550781,0.07286643981933594,0.07200002670288086,9.413844853068248,18.827689706136496,noise_threshold,noise_threshold,robust_impulsive,robust_impulsive,candidate_event_009.pkl,/Users/glennthompson/Developer/KSCRocketSeismoHydrology/08_fireball_paper/falcon9-seismoacoustic-workflow-1.0.0/data/outputs/070_prepare_event_waveform_products/event_streams/candidate_event_009.pkl,1472735237.6111336,1472735238.7111335
10,1472735238.3890667,1472735238.388,1472735238.3901336,0.0021336078643798,2,2,"DD2,DD3","223,224",1472735238.388,1472735238.403,2016-09-01 13:07:18.389066696+00:00,2016-09-01 13:07:18.388000011+00:00,2016-09-01 13:07:18.403000116+00:00,retain,at least two reduced-time-associated infrasound channels,,,,10,10,2,2,0.002133607864379883,"DD2,DD3",2,True,,1.4006427805467285,True,153.0,179.0,0.11282658576965332,0.2168266773223877,29.53187626839667,-29.702961603256355,59.23483787165303,0.10400009155273438,0.06082653999328613,0.2688267230987549,0.1088266372680664,0.22882652282714844,0.11999988555908203,21.206664551301273,42.413329102602546,noise_threshold,noise_threshold,weak_impulsive,weak_impulsive,candidate_event_010.pkl,/Users/glennthompson/Developer/KSCRocketSeismoHydrology/08_fireball_paper/falcon9-seismoacoustic-workflow-1.0.0/data/outputs/070_prepare_event_waveform_products/event_streams/candidate_event_010.pkl,1472735237.8890667,1472735238.9890666
11,1472735238.9771335,1472735238.9768932,1472735238.983,0.0061068534851074,3,3,"DD1,DD2,DD3","227,225,226",1472735238.983,1472735239.067,2016-09-01 13:07:18.977133512+00:00,2016-09-01 13:07:18.983000040+00:00,2016-09-01 13:07:19.066999911+00:00,retain,at least two reduced-time-associated infrasound channels,,,,11,11,3,3,0.006106853485107422,"DD1,DD2,DD3",3,True,,3.606015660429608,True,140.0,174.0,0.06199979782104492,0.1979999542236328,70.72818968592003,-79.73829438659277,150.4664840725128,0.1360001564025879,-0.0060002803802490234,0.26600003242492676,0.045999765396118164,0.24199986457824707,0.1960000991821289,22.11257573326596,44.22515146653192,noise_threshold,noise_threshold,weak_impulsive,weak_impulsive,candidate_event_011.pkl,/Users/glennthompson/Developer/KSCRocketSeismoHydrology/08_fireball_paper/falcon9-seismoacoustic-workflow-1.0.0/data/outputs/070_prepare_event_waveform_products/event_streams/candidate_event_011.pkl,1472735238.4771335,1472735239.5771334
12,1472735239.2395668,1472735239.239,1472735239.2401335,0.0011334419250488,2,2,"DD2,DD3","228,229",1472735239.239,1472735239.253,2016-09-01 13:07:19.239566803+00:00,2016-09-01 13:07:19.239000082+00:00,2016-09-01 13:07:19.253000021+00:00,retain,at least two reduced-time-associated infrasound channels,,,,12,12,2,2,0.0011334419250488281,"DD2,DD3",2,True,,7.514999626918411,True,139.0,147.0,0.05643320083618164,0.08843326568603516,155.18634738640003,-141.95192250121062,297.13826988761065,0.032000064849853516,0.04043316841125488,0.10443329811096191,0.008433103561401367,0.10443329811096191,0.09600019454956055,20.650213584912112,41.300427169824225,noise_threshold,model,moderate_impulsive,moderate_impulsive,candidate_event_012.pkl,/Users/glennthompson/Developer/KSCRocketSeismoHydrology/08_fireball_paper/falcon9-seismoacoustic-workflow-1.0.0/data/outputs/070_prepare_event_waveform_products/event_streams/candidate_event_012.pkl,1472735238.7395668,1472735239.8395667
13,1472735239.4271336,1472735239.4258933,1472735239.428,0.0021066665649414,3,3,"DD1,DD2,DD3","238,230,232",1472735239.428,1472735239.516,2016-09-01 13:07:19.427133560+00:00,2016-09-01 13:07:19.427999973+00:00,2016-09-01 13:07:19.516000032+00:00,retain,at least two reduced-time-associated infrasound channels,,,,13,13,3,3,0.0021066665649414062,"DD1,DD2,DD3",3,False,no positive-before-negative pair,,False,,,,,,,,,,,,,,,,none,none,complex_or_noncanonical,complex_or_noncanonical,candidate_event_013.pkl,/Users/glennthompson/Developer/KSCRocketSeismoHydrology/08_fireball_paper/falcon9-seismoacoustic-workflow-1.0.0/data/outputs/070_prepare_event_waveform_products/event_streams/candidate_event_013.pkl,1472735238.9271336,1472735240.0271335
14,1472735239.5001335,1472735239.4988933,1472735239.505,0.0061068534851074,3,3,"DD1,DD2,DD3","240,236,237",1472735239.505,1472735239.589,2016-09-01 13:07:19.500133513+00:00,2016-09-01 13:07:19.505000114+00:00,2016-09-01 13:07:19.588999987+00:00,retain,at least two reduced-time-associated infrasound channels,,,,14,14,3,3,0.006106853485107422,"DD1,DD2,DD3",3,True,,25.38160636224296,True,150.0,187.0,0.10175967216491699,0.24975967407226562,315.817671198456,-112.6848820826961,428.50255328115213,0.14800000190734863,0.027759671211242676,0.32375967502593994,-0.07424020767211914,0.26175975799560547,0.3359999656677246,53.750951109347014,107.50190221869403,noise_threshold,noise_threshold,robust_impulsive,robust_impulsive,candidate_event_014.pkl,/Users/glennthompson/Developer/KSCRocketSeismoHydrology/08_fireball_paper/falcon9-seismoacoustic-workflow-1.0.0/data/outputs/070_prepare_event_waveform_products/event_streams/candidate_event_014.pkl,1472735239.0001335,1472735240.1001334
15,1472735239.5831337,1472735239.5818932,1472735239.585,0.0031068325042724,3,3,"DD1,DD2,DD3","242,239,241",1472735239.585,1472735239.672,2016-09-01 13:07:19.583133459+00:00,2016-09-01 13:07:19.585000038+00:00,2016-09-01 13:07:19.671999931+00:00,retain,at least two reduced-time-associated infrasound channels,,,,15,15,3,3,0.003106832504272461,"DD1,DD2,DD3",3,True,,3.1761226814023993,True,130.0,167.0,0.02086639404296875,0.16886639595031738,314.01015027030815,-109.2779080303702,423.28805830067836,0.14800000190734863,-0.053133606910705566,0.2428663969039917,0.004866361618041992,0.18086647987365723,0.17600011825561523,98.86587571348431,197.73175142696863,noise_threshold,noise_threshold,weak_impulsive,weak_impulsive,candidate_event_015.pkl,/Users/glennthompson/Developer/KSCRocketSeismoHydrology/08_fireball_paper/falcon9-seismoacoustic-workflow-1.0.0/data/outputs/070_prepare_event_waveform_products/event_streams/candidate_event_015.pkl,1472735239.0831337,1472735240.1831336
16,1472735240.9075668,1472735240.9051335,1472735240.91,0.004866600036621,2,2,"DD2,DD3","243,244",1472735240.91,1472735240.918,2016-09-01 13:07:20.907566786+00:00,2016-09-01 13:07:20.910000086+00:00,2016-09-01 13:07:20.917999983+00:00,retain,at least two reduced-time-associated infrasound channels,,,,16,16,2,2,0.004866600036621094,"DD2,DD3",2,True,,5.132004708467133,True,136.0,150.0,0.0444331169128418,0.1004331111907959,36.652547160170656,-33.01873777587749,69.67128493604815,0.0559999942779541,0.016433119773864746,0.12843310832977295,0.012433290481567383,0.12043309211730957,0.10799980163574219,7.141955092071286,14.283910184142572,noise_threshold,noise_threshold,moderate_impulsive,moderate_impulsive,candidate_event_016.pkl,/Users/glennthompson/Developer/KSCRocketSeismoHydrology/08_fireball_paper/falcon9-seismoacoustic-workflow-1.0.0/data/outputs/070_prepare_event_waveform_products/event_streams/candidate_event_016.pkl,1472735240.4075668,1472735241.5075667
17,1472735241.5698934,1472735241.5681336,1472735241.573,0.0048663616180419,3,3,"DD1,DD2,DD3","248,246,247",1472735241.573,1472735241.66,2016-09-01 13:07:21.569893360+00:00,2016-09-01 13:07:21.572999954+00:00,2016-09-01 13:07:21.660000086+00:00,retain,at least two reduced-time-associated infrasound channels,,,,17,17,3,3,0.004866361618041992,"DD1,DD2,DD3",3,True,,2.092251441485508,True,120.0,130.0,-0.018759965896606445,0.0212399959564209,15.793719738553106,-15.443537281005272,31.237257019558378,0.039999961853027344,-0.03875994682312012,0.04123997688293457,-0.02275991439819336,0.03324007987976074,0.0559999942779541,7.548671935596563,15.097343871193125,noise_threshold,noise_threshold,weak_impulsive,weak_impulsive,candidate_event_017.pkl,/Users/glennthompson/Developer/KSCRocketSeismoHydrology/08_fireball_paper/falcon9-seismoacoustic-workflow-1.0.0/data/outputs/070_prepare_event_waveform_products/event_streams/candidate_event_017.pkl,1472735241.0698934,1472735242.1698933
18,1472735243.4671335,1472735243.4658933,1472735243.468,0.0021066665649414,3,3,"DD1,DD2,DD3","254,249,250",1472735243.468,1472735243.556,2016-09-01 13:07:23.467133522+00:00,2016-09-01 13:07:23.467999935+00:00,2016-09-01 13:07:23.555999994+00:00,retain,at least two reduced-time-associated infrasound channels,,,,18,18,3,3,0.0021066665649414062,"DD1,DD2,DD3",3,True,,36.920570236824446,True,129.0,136.0,0.016866445541381836,0.044866323471069336,191.86644163961736,-46.93837657891178,238.80481821852914,0.0279998779296875,0.002866506576538086,0.058866262435913086,-0.01513361930847168,0.06886649131774902,0.0840001106262207,5.196735597768489,10.393471195536979,noise_threshold,noise_threshold,robust_impulsive,robust_impulsive,candidate_event_018.pkl,/Users/glennthompson/Developer/KSCRocketSeismoHydrology/08_fireball_paper/falcon9-seismoacoustic-workflow-1.0.0/data/outputs/070_prepare_event_waveform_products/event_streams/candidate_event_018.pkl,1472735242.9671335,1472735244.0671334
19,1472735245.5420666,1472735245.5341334,1472735245.55,0.0158665180206298,2,2,"DD2,DD3","257,256",1472735245.547,1472735245.55,2016-09-01 13:07:25.542066574+00:00,2016-09-01 13:07:25.546999931+00:00,2016-09-01 13:07:25.549999952+00:00,retain,at least two reduced-time-associated infrasound channels,,,,19,19,2,2,0.015866518020629883,"DD2,DD3",2,True,,7.044531217552959,True,130.0,144.0,0.021933317184448242,0.07793331146240234,23.72050243659688,-30.68903362572365,54.40953606232053,0.0559999942779541,-0.006066679954528809,0.1059333086013794,0.005933284759521484,0.1779334545135498,0.17200016975402832,4.356433760880404,8.712867521760808,noise_threshold,noise_threshold,moderate_impulsive,moderate_impulsive,candidate_event_019.pkl,/Users/glennthompson/Developer/KSCRocketSeismoHydrology/08_fireball_paper/falcon9-seismoacoustic-workflow-1.0.0/data/outputs/070_prepare_event_waveform_products/event_streams/candidate_event_019.pkl,1472735245.0420666,1472735246.1420665
20,1472735246.1871336,1472735246.1858933,1472735246.192,0.0061066150665283,3,3,"DD1,DD2,DD3","261,259,260",1472735246.192,1472735246.276,2016-09-01 13:07:26.187133551+00:00,2016-09-01 13:07:26.191999912+00:00,2016-09-01 13:07:26.276000023+00:00,retain,at least two reduced-time-associated infrasound channels,,,,20,20,3,3,0.00610661506652832,"DD1,DD2,DD3",3,True,,15.012756831731055,True,131.0,142.0,0.024866342544555664,0.06886649131774902,57.291072869817555,-18.369667480324207,75.66074035014177,0.04400014877319336,0.0028662681579589844,0.0908665657043457,0.004866361618041992,0.08486652374267578,0.08000016212463379,3.816159384446086,7.632318768892172,noise_threshold,noise_threshold,robust_impulsive,robust_impulsive,candidate_event_020.pkl,/Users/glennthompson/Developer/KSCRocketSeismoHydrology/08_fireball_paper/falcon9-seismoacoustic-workflow-1.0.0/data/outputs/070_prepare_event_waveform_products/event_streams/candidate_event_020.pkl,1472735245.6871336,1472735246.7871335
21,1472735246.7898934,1472735246.7881336,1472735246.792,0.00386643409729,3,3,"DD1,DD2,DD3","264,262,263",1472735246.792,1472735246.88,2016-09-01 13:07:26.789893389+00:00,2016-09-01 13:07:26.792000055+00:00,2016-09-01 13:07:26.880000114+00:00,retain,at least two reduced-time-associated infrasound channels,,,,21,21,3,3,0.003866434097290039,"DD1,DD2,DD3",3,True,,5.418729766389277,True,131.0,139.0,0.025239944458007812,0.05724000930786133,41.06659182067494,-20.757576887282873,61.82416870795781,0.032000064849853516,0.009239912033081055,0.07324004173278809,0.005239963531494141,0.06924009323120117,0.06400012969970703,7.578638092528334,15.157276185056668,noise_threshold,noise_threshold,moderate_impulsive,moderate_impulsive,candidate_event_021.pkl,/Users/glennthompson/Developer/KSCRocketSeismoHydrology/08_fireball_paper/falcon9-seismoacoustic-workflow-1.0.0/data/outputs/070_prepare_event_waveform_products/event_streams/candidate_event_021.pkl,1472735246.2898934,1472735247.3898933
22,1472735248.405903,1472735248.4041336,1472735248.40799,0.0038564205169677,3,3,"DD1,DD2,DD3","270,265,266",1472735248.40799,1472735248.49601,2016-09-01 13:07:28.405903339+00:00,2016-09-01 13:07:28.407989979+00:00,2016-09-01 13:07:28.496010065+00:00,retain,at least two reduced-time-associated infrasound channels,,,,22,22,3,3,0.0038564205169677734,"DD1,DD2,DD3",3,True,,71.37279665628405,True,129.0,140.0,0.01723027229309082,0.06123018264770508,269.39189953231005,-103.2611412642381,372.65304079654817,0.04399991035461426,-0.004769682884216309,0.08323013782501221,-0.006769657135009766,0.1492302417755127,0.15599989891052246,3.7744338480898145,7.548867696179629,noise_threshold,noise_threshold,robust_impulsive,robust_impulsive,candidate_event_022.pkl,/Users/glennthompson/Developer/KSCRocketSeismoHydrology/08_fireball_paper/falcon9-seismoacoustic-workflow-1.0.0/data/outputs/070_prepare_event_waveform_products/event_streams/candidate_event_022.pkl,1472735247.905903,1472735249.005903
23,1472735248.9858932,1472735248.9831336,1472735248.988,0.0048663616180419,3,3,"DD1,DD2,DD3","273,271,272",1472735248.988,1472735249.076,2016-09-01 13:07:28.985893250+00:00,2016-09-01 13:07:28.987999916+00:00,2016-09-01 13:07:29.075999975+00:00,retain,at least two reduced-time-associated infrasound channels,,,,23,23,3,3,0.004866361618041992,"DD1,DD2,DD3",3,True,,20.72086820659291,True,129.0,157.0,0.017240285873413086,0.1292402744293213,295.35301198385656,-113.512919661581,408.86593164543757,0.1119999885559082,-0.038759708404541016,0.1852402687072754,-0.002759695053100586,0.17724037170410156,0.18000006675720215,14.253891730747165,28.50778346149433,noise_threshold,noise_threshold,robust_impulsive,robust_impulsive,candidate_event_023.pkl,/Users/glennthompson/Developer/KSCRocketSeismoHydrology/08_fireball_paper/falcon9-seismoacoustic-workflow-1.0.0/data/outputs/070_prepare_event_waveform_products/event_streams/candidate_event_023.pkl,1472735248.4858932,1472735249.5858932
24,1472735250.4511335,1472735250.4498932,1472735250.452,0.0021066665649414,3,3,"DD1,DD2,DD3","277,274,275",1472735250.452,1472735250.54,2016-09-01 13:07:30.451133490+00:00,2016-09-01 13:07:30.451999903+00:00,2016-09-01 13:07:30.539999962+00:00,retain,at least two reduced-time-associated infrasound channels,,,,24,24,3,3,0.0021066665649414062,"DD1,DD2,DD3",3,True,,88.5624351386575,True,129.0,154.0,0.016866445541381836,0.1168663501739502,255.38236963212927,-83.06860195487242,338.4509715870017,0.09999990463256836,-0.033133506774902344,0.16686630249023438,-0.00713348388671875,0.15286636352539062,0.15999984741210938,2.883642135994687,5.767284271989374,noise_threshold,noise_threshold,robust_impulsive,robust_impulsive,candidate_event_024.pkl,/Users/glennthompson/Developer/KSCRocketSeismoHydrology/08_fireball_paper/falcon9-seismoacoustic-workflow-1.0.0/data/outputs/070_prepare_event_waveform_products/event_streams/candidate_event_024.pkl,1472735249.9511335,1472735251.0511334
25,1472735252.7978933,1472735252.7951336,1472735252.8,0.0048663616180419,3,3,"DD1,DD2,DD3","281,278,279",1472735252.8,1472735252.888,2016-09-01 13:07:32.797893286+00:00,2016-09-01 13:07:32.799999952+00:00,2016-09-01 13:07:32.888000011+00:00,retain,at least two reduced-time-associated infrasound channels,,,,25,25,3,3,0.004866361618041992,"DD1,DD2,DD3",3,True,,41.13802423066489,True,129.0,138.0,0.017240285873413086,0.053240299224853516,94.96998978538087,-97.74148187883075,192.71147166421162,0.03600001335144043,-0.0007597208023071289,0.07124030590057373,-0.022759675979614258,0.07124030590057373,0.09399998188018799,2.3759401115324543,4.751880223064909,noise_threshold,model,robust_impulsive,robust_impulsive,candidate_event_025.pkl,/Users/glennthompson/Developer/KSCRocketSeismoHydrology/08_fireball_paper/falcon9-seismoacoustic-workflow-1.0.0/data/outputs/070_prepare_event_waveform_products/event_streams/candidate_event_025.pkl,1472735252.2978933,1472735253.3978932
26,1472735254.4351337,1472735254.433,1472735254.4358933,0.0028932094573974,3,3,"DD1,DD2,DD3","284,282,283",1472735254.433,1472735254.526,2016-09-01 13:07:34.435133457+00:00,2016-09-01 13:07:34.433000088+00:00,2016-09-01 13:07:34.526000023+00:00,retain,at least two reduced-time-associated infrasound channels,,,,26,26,3,3,0.002893209457397461,"DD1,DD2,DD3",3,True,,9.167292783262463,True,129.0,149.0,0.016866445541381836,0.09686636924743652,33.84767361476219,-11.902353893602184,45.750027508364376,0.07999992370605469,-0.023133516311645508,0.13686633110046387,0.0008664131164550781,0.1168663501739502,0.11599993705749512,3.6922212931347502,7.3844425862695005,noise_threshold,noise_threshold,robust_impulsive,robust_impulsive,candidate_event_026.pkl,/Users/glennthompson/Developer/KSCRocketSeismoHydrology/08_fireball_paper/falcon9-seismoacoustic-workflow-1.0.0/data/outputs/070_prepare_event_waveform_products/event_streams/candidate_event_026.pkl,1472735253.9351337,1472735255.0351336
27,1472735258.384,1472735258.3801334,1472735258.3898933,0.0097599029541015,3,3,"DD1,DD2,DD3","288,285,286",1472735258.384,1472735258.48,2016-09-01 13:07:38.384000063+00:00,2016-09-01 13:07:38.384000063+00:00,2016-09-01 13:07:38.480000019+00:00,retain,at least two reduced-time-associated infrasound channels,,,,27,27,3,3,0.009759902954101562,"DD1,DD2,DD3",3,True,,9.758572857012883,True,128.0,134.0,0.013893365859985352,0.03789329528808594,29.223145605414977,-30.0446513852442,59.26779699065918,0.023999929428100586,0.0018934011459350586,0.04989326000213623,0.0018932819366455078,0.06589317321777344,0.06399989128112793,3.0787956216008543,6.157591243201709,noise_threshold,noise_threshold,robust_impulsive,robust_impulsive,candidate_event_027.pkl,/Users/glennthompson/Developer/KSCRocketSeismoHydrology/08_fireball_paper/falcon9-seismoacoustic-workflow-1.0.0/data/outputs/070_prepare_event_waveform_products/event_streams/candidate_event_027.pkl,1472735257.884,1472735258.984
28,1472735259.0231335,1472735259.0218933,1472735259.028,0.0061068534851074,3,3,"DD1,DD2,DD3","291,289,290",1472735259.028,1472735259.112,2016-09-01 13:07:39.023133516+00:00,2016-09-01 13:07:39.028000116+00:00,2016-09-01 13:07:39.111999989+00:00,retain,at least two reduced-time-associated infrasound channels,,,,28,28,3,3,0.006106853485107422,"DD1,DD2,DD3",3,True,,10.422086894126128,True,127.0,133.0,0.008866310119628906,0.032866477966308594,19.532402838881737,-17.195873279977747,36.72827611885948,0.024000167846679688,-0.0031337738037109375,0.04486656188964844,-0.011133670806884766,0.09686636924743652,0.10800004005432129,1.8741354814351212,3.7482709628702424,noise_threshold,noise_threshold,robust_impulsive,robust_impulsive,candidate_event_028.pkl,/Users/glennthompson/Developer/KSCRocketSeismoHydrology/08_fireball_paper/falcon9-seismoacoustic-workflow-1.0.0/data/outputs/070_prepare_event_waveform_products/event_streams/candidate_event_028.pkl,1472735258.5231335,1472735259.6231334
29,1472735261.8618932,1472735261.8591335,1472735261.864,0.004866600036621,3,3,"DD1,DD2,DD3","296,292,293",1472735261.864,1472735261.952,2016-09-01 13:07:41.861893177+00:00,2016-09-01 13:07:41.864000082+00:00,2016-09-01 13:07:41.951999903+00:00,retain,at least two reduced-time-associated infrasound channels,,,,29,29,3,3,0.004866600036621094,"DD1,DD2,DD3",3,True,,24.963005333536874,True,128.0,134.0,0.013240337371826172,0.03724026679992676,29.466328628743845,-36.12452839699267,65.59085702573651,0.023999929428100586,0.001240372657775879,0.04924023151397705,-0.002759695053100586,0.07324028015136719,0.07599997520446777,1.4471225685498976,2.8942451370997953,noise_threshold,noise_threshold,robust_impulsive,robust_impulsive,candidate_event_029.pkl,/Users/glennthompson/Developer/KSCRocketSeismoHydrology/08_fireball_paper/falcon9-seismoacoustic-workflow-1.0.0/data/outputs/070_prepare_event_waveform_products/event_streams/candidate_event_029.pkl,1472735261.3618932,1472735262.461893
30,1472735262.2351334,1472735262.232,1472735262.2418933,0.0098931789398193,3,3,"DD1,DD2,DD3","299,297,298",1472735262.232,1472735262.332,2016-09-01 13:07:42.235133410+00:00,2016-09-01 13:07:42.232000113+00:00,2016-09-01 13:07:42.332000017+00:00,retain,at least two reduced-time-associated infrasound channels,,,,30,30,3,3,0.009893178939819336,"DD1,DD2,DD3",3,True,,4.002224268511154,True,136.0,156.0,0.04486656188964844,0.12486672401428223,20.63612660796182,-16.11510259138181,36.751229199343626,0.08000016212463379,0.004866480827331543,0.16486680507659912,0.012866735458374023,0.13686656951904297,0.12399983406066895,5.156164478418536,10.312328956837073,noise_threshold,noise_threshold,moderate_impulsive,moderate_impulsive,candidate_event_030.pkl,/Users/glennthompson/Developer/KSCRocketSeismoHydrology/08_fireball_paper/falcon9-seismoacoustic-workflow-1.0.0/data/outputs/070_prepare_event_waveform_products/event_streams/candidate_event_030.pkl,1472735261.7351334,1472735262.8351333
31,1472735265.6635666,1472735265.6591334,1472735265.668,0.008866548538208,2,2,"DD2,DD3","300,301",1472735265.668,1472735265.672,2016-09-01 13:07:45.663566589+00:00,2016-09-01 13:07:45.667999983+00:00,2016-09-01 13:07:45.671999931+00:00,retain,at least two reduced-time-associated infrasound channels,,,,31,31,2,2,0.008866548538208008,"DD2,DD3",2,True,,6.655776222774602,True,129.0,134.0,0.0164334774017334,0.03643345832824707,6.089041975490279,-10.083994119358803,16.17303609484908,0.019999980926513672,0.0064334869384765625,0.046433448791503906,0.004433393478393555,0.06443333625793457,0.059999942779541016,1.5150740923130188,3.0301481846260376,noise_threshold,noise_threshold,moderate_impulsive,moderate_impulsive,candidate_event_031.pkl,/Users/glennthompson/Developer/KSCRocketSeismoHydrology/08_fireball_paper/falcon9-seismoacoustic-workflow-1.0.0/data/outputs/070_prepare_event_waveform_products/event_streams/candidate_event_031.pkl,1472735265.1635666,1472735266.2635665
32,1472735267.6961336,1472735267.6938932,1472735267.697,0.0031068325042724,3,3,"DD1,DD2,DD3","309,306,307",1472735267.697,1472735267.784,2016-09-01 13:07:47.696133614+00:00,2016-09-01 13:07:47.697000027+00:00,2016-09-01 13:07:47.783999920+00:00,retain,at least two reduced-time-associated infrasound channels,,,,32,32,3,3,0.003106832504272461,"DD1,DD2,DD3",3,True,,30.258698370393603,True,131.0,144.0,0.02575969696044922,0.0777597427368164,46.66150318267545,-11.636025884676608,58.29752906735206,0.05200004577636719,-0.000240325927734375,0.103759765625,-0.02624034881591797,0.13775968551635742,0.1640000343322754,1.5420856049885825,3.084171209977165,noise_threshold,noise_threshold,robust_impulsive,robust_impulsive,candidate_event_032.pkl,/Users/glennthompson/Developer/KSCRocketSeismoHydrology/08_fireball_paper/falcon9-seismoacoustic-workflow-1.0.0/data/outputs/070_prepare_event_waveform_products/event_streams/candidate_event_032.pkl,1472735267.1961336,1472735268.2961335
33,1472735268.6515667,1472735268.6471336,1472735268.656,0.0088663101196289,2,2,"DD2,DD3","310,311",1472735268.656,1472735268.66,2016-09-01 13:07:48.651566744+00:00,2016-09-01 13:07:48.655999899+00:00,2016-09-01 13:07:48.660000086+00:00,retain,at least two reduced-time-associated infrasound channels,,,,33,33,2,2,0.008866310119628906,"DD2,DD3",2,True,,17.839447349429754,True,138.0,171.0,0.05243325233459473,0.1844332218170166,21.505595525115233,-10.82162090761819,32.32721643273342,0.13199996948242188,-0.013566732406616211,0.25043320655822754,0.016433238983154297,0.21643328666687012,0.20000004768371582,1.2055079456148436,2.4110158912296873,noise_threshold,noise_threshold,moderate_impulsive,moderate_impulsive,candidate_event_033.pkl,/Users/glennthompson/Developer/KSCRocketSeismoHydrology/08_fireball_paper/falcon9-seismoacoustic-workflow-1.0.0/data/outputs/070_prepare_event_waveform_products/event_streams/candidate_event_033.pkl,1472735268.1515667,1472735269.2515666
34,1472735272.5721335,1472735272.5698934,1472735272.579,0.0091066360473632,3,3,"DD1,DD2,DD3","317,312,313",1472735272.579,1472735272.66,2016-09-01 13:07:52.572133541+00:00,2016-09-01 13:07:52.578999996+00:00,2016-09-01 13:07:52.660000086+00:00,retain,at least two reduced-time-associated infrasound channels,,,,34,34,3,3,0.009106636047363281,"DD1,DD2,DD3",3,True,,19.602646771077428,True,130.0,141.0,0.021759748458862305,0.06575965881347656,37.64687074223383,-17.16626877116812,54.81313951340195,0.04399991035461426,-0.00024020671844482422,0.08775961399078369,0.0017597675323486328,0.10575985908508301,0.10400009155273438,1.9204993683699698,3.8409987367399396,noise_threshold,noise_threshold,robust_impulsive,robust_impulsive,candidate_event_034.pkl,/Users/glennthompson/Developer/KSCRocketSeismoHydrology/08_fireball_paper/falcon9-seismoacoustic-workflow-1.0.0/data/outputs/070_prepare_event_waveform_products/event_streams/candidate_event_034.pkl,1472735272.0721335,1472735273.1721334
35,1472735276.0815668,1472735276.0791335,1472735276.084,0.004866600036621,2,2,"DD2,DD3","318,319",1472735276.084,1472735276.092,2016-09-01 13:07:56.081566811+00:00,2016-09-01 13:07:56.084000111+00:00,2016-09-01 13:07:56.092000008+00:00,retain,at least two reduced-time-associated infrasound channels,,,,35,35,2,2,0.004866600036621094,"DD2,DD3",2,True,,19.03473635600757,True,130.0,158.0,0.02156662940979004,0.13356661796569824,23.289502213641025,-6.054211481900611,29.343713695541638,0.1119999885559082,-0.03443336486816406,0.18956661224365234,0.0015666484832763672,0.15356659889221191,0.15199995040893555,1.223526387655514,2.447052775311028,noise_threshold,noise_threshold,moderate_impulsive,moderate_impulsive,candidate_event_035.pkl,/Users/glennthompson/Developer/KSCRocketSeismoHydrology/08_fireball_paper/falcon9-seismoacoustic-workflow-1.0.0/data/outputs/070_prepare_event_waveform_products/event_streams/candidate_event_035.pkl,1472735275.5815668,1472735276.6815667
36,1472735277.9578934,1472735277.9551334,1472735277.964,0.008866548538208,3,3,"DD1,DD2,DD3","326,322,323",1472735277.964,1472735278.048,2016-09-01 13:07:57.957893372+00:00,2016-09-01 13:07:57.963999987+00:00,2016-09-01 13:07:58.048000097+00:00,retain,at least two reduced-time-associated infrasound channels,,,,36,36,3,3,0.008866548538208008,"DD1,DD2,DD3",3,True,,17.092611987307347,True,133.0,162.0,0.03324007987976074,0.14924001693725586,27.208279832616263,-25.298591407893632,52.506871240509895,0.11599993705749512,-0.024759888648986816,0.20723998546600342,0.0012400150299072266,0.18124008178710938,0.18000006675720215,1.5918152154170833,3.1836304308341665,noise_threshold,noise_threshold,robust_impulsive,robust_impulsive,candidate_event_036.pkl,/Users/glennthompson/Developer/KSCRocketSeismoHydrology/08_fireball_paper/falcon9-seismoacoustic-workflow-1.0.0/data/outputs/070_prepare_event_waveform_products/event_streams/candidate_event_036.pkl,1472735277.4578934,1472735278.5578933
37,1472735289.5911336,1472735289.589893,1472735289.592,0.0021066665649414,3,3,"DD1,DD2,DD3","335,330,331",1472735289.592,1472735289.68,2016-09-01 13:08:09.591133595+00:00,2016-09-01 13:08:09.592000008+00:00,2016-09-01 13:08:09.680000067+00:00,retain,at least two reduced-time-associated infrasound channels,,,,37,37,3,3,0.002106904983520508,"DD1,DD2,DD3",3,True,,29.210841209714882,True,129.0,135.0,0.016866445541381836,0.04086637496948242,37.666629541351845,-28.68038964242105,66.3470191837729,0.023999929428100586,0.004866480827331543,0.052866339683532715,-0.003133535385131836,0.06486630439758301,0.06799983978271484,1.2894743178031023,2.5789486356062046,noise_threshold,noise_threshold,robust_impulsive,robust_impulsive,candidate_event_037.pkl,/Users/glennthompson/Developer/KSCRocketSeismoHydrology/08_fireball_paper/falcon9-seismoacoustic-workflow-1.0.0/data/outputs/070_prepare_event_waveform_products/event_streams/candidate_event_037.pkl,1472735289.0911336,1472735290.1911335
38,1472735298.232,1472735298.2271335,1472735298.237893,0.0107598304748535,3,3,"DD1,DD2,DD3","341,336,337",1472735298.232,1472735298.328,2016-09-01 13:08:18.232000113+00:00,2016-09-01 13:08:18.232000113+00:00,2016-09-01 13:08:18.328000069+00:00,retain,at least two reduced-time-associated infrasound channels,,,,38,38,3,3,0.010759592056274414,"DD1,DD2,DD3",3,True,,19.01579622809472,True,128.0,134.0,0.013893365859985352,0.03789329528808594,26.981054005544966,-22.724943599573493,49.705997605118455,0.023999929428100586,0.0018934011459350586,0.04989326000213623,-0.0021066665649414062,0.1658933162689209,0.1679999828338623,1.4188758483687391,2.8377516967374783,noise_threshold,noise_threshold,robust_impulsive,robust_impulsive,candidate_event_038.pkl,/Users/glennthompson/Developer/KSCRocketSeismoHydrology/08_fireball_paper/falcon9-seismoacoustic-workflow-1.0.0/data/outputs/070_prepare_event_waveform_products/event_streams/candidate_event_038.pkl,1472735297.732,1472735298.832
39,1472735302.6631336,1472735302.656,1472735302.6738932,0.0178933143615722,3,3,"DD1,DD2,DD3","347,342,343",1472735302.656,1472735302.764,2016-09-01 13:08:22.663133621+00:00,2016-09-01 13:08:22.655999899+00:00,2016-09-01 13:08:22.763999939+00:00,retain,at least two reduced-time-associated infrasound channels,,,,39,39,3,3,0.017893314361572266,"DD1,DD2,DD3",3,True,,30.104271254779388,True,131.0,143.0,0.024866342544555664,0.07286643981933594,35.09635223522203,-25.257120380879762,60.35347261610179,0.04800009727478027,0.0008662939071655273,0.09686648845672607,-0.00713348388671875,0.1488664150238037,0.15599989891052246,1.1658263353460214,2.331652670692043,noise_threshold,noise_threshold,robust_impulsive,robust_impulsive,candidate_event_039.pkl,/Users/glennthompson/Developer/KSCRocketSeismoHydrology/08_fireball_paper/falcon9-seismoacoustic-workflow-1.0.0/data/outputs/070_prepare_event_waveform_products/event_streams/candidate_event_039.pkl,1472735302.1631336,1472735303.2631335
40,1472735329.1835666,1472735329.1791334,1472735329.188,0.008866548538208,2,2,"DD2,DD3","350,351",1472735329.188,1472735329.192,2016-09-01 13:08:49.183566570+00:00,2016-09-01 13:08:49.187999964+00:00,2016-09-01 13:08:49.191999912+00:00,retain,at least two reduced-time-associated infrasound channels,,,,40,40,2,2,0.008866548538208008,"DD2,DD3",2,True,,9.22275317722876,True,128.0,136.0,0.012433528900146484,0.0444333553314209,13.535221354932416,-9.773173940269178,23.308395295201592,0.031999826431274414,-0.0035663843154907227,0.060433268547058105,-0.0075664520263671875,0.17243337631225586,0.17999982833862305,1.4885435284210635,2.977087056842127,noise_threshold,noise_threshold,moderate_impulsive,moderate_impulsive,candidate_event_040.pkl,/Users/glennthompson/Developer/KSCRocketSeismoHydrology/08_fireball_paper/falcon9-seismoacoustic-workflow-1.0.0/data/outputs/070_prepare_event_waveform_products/event_streams/candidate_event_040.pkl,1472735328.6835666,1472735329.7835665
41,1472735347.3150668,1472735347.3131337,1472735347.317,0.00386643409729,2,2,"DD2,DD3","353,354",1472735347.317,1472735347.326,2016-09-01 13:09:07.315066814+00:00,2016-09-01 13:09:07.316999912+00:00,2016-09-01 13:09:07.325999975+00:00,retain,at least two reduced-time-associated infrasound channels,,,,41,41,2,2,0.0038661956787109375,"DD2,DD3",2,True,,7.610897024261961,True,130.0,137.0,0.020933151245117188,0.04893326759338379,13.140534118684773,-7.37516794223958,20.515702060924355,0.0280001163482666,0.006933093070983887,0.06293332576751709,0.0009331703186035156,0.09293317794799805,0.09200000762939453,1.7265420983617932,3.4530841967235864,noise_threshold,noise_threshold,moderate_impulsive,moderate_impulsive,candidate_event_041.pkl,/Users/glennthompson/Developer/KSCRocketSeismoHydrology/08_fireball_paper/falcon9-seismoacoustic-workflow-1.0.0/data/outputs/070_prepare_event_waveform_products/event_streams/candidate_event_041.pkl,1472735346.8150668,1472735347.9150667
42,1472735354.1855617,1472735354.1831236,1472735354.188,0.0048763751983642,2,2,"DD2,DD3","358,359",1472735354.188,1472735354.19599,2016-09-01 13:09:14.185561657+00:00,2016-09-01 13:09:14.187999964+00:00,2016-09-01 13:09:14.195990086+00:00,retain,at least two reduced-time-associated infrasound channels,,,,42,42,2,2,0.004876375198364258,"DD2,DD3",2,True,,5.530781121659304,True,129.0,135.0,0.01757192611694336,0.041571855545043945,12.941763257560766,-10.31643188008082,23.258195137641586,0.023999929428100586,0.005571961402893066,0.05357182025909424,-0.0024280548095703125,0.07757186889648438,0.07999992370605469,2.3399521646009513,4.679904329201903,noise_threshold,noise_threshold,moderate_impulsive,moderate_impulsive,candidate_event_042.pkl,/Users/glennthompson/Developer/KSCRocketSeismoHydrology/08_fireball_paper/falcon9-seismoacoustic-workflow-1.0.0/data/outputs/070_prepare_event_waveform_products/event_streams/candidate_event_042.pkl,1472735353.6855617,1472735354.7855616
43,1472735359.0820668,1472735359.0761335,1472735359.088,0.0118665695190429,2,2,"DD2,DD3","361,362",1472735359.088,1472735359.089,2016-09-01 13:09:19.082066774+00:00,2016-09-01 13:09:19.088000059+00:00,2016-09-01 13:09:19.088999987+00:00,retain,at least two reduced-time-associated infrasound channels,,,,43,43,2,2,0.011866569519042969,"DD2,DD3",2,True,,4.331102699314717,True,130.0,151.0,0.021933317184448242,0.10593342781066895,9.098677031169675,-6.679180799382116,15.777857830551792,0.0840001106262207,-0.02006673812866211,0.1479334831237793,0.005933284759521484,0.1219332218170166,0.11599993705749512,2.1007760985693786,4.201552197138757,noise_threshold,noise_threshold,moderate_impulsive,moderate_impulsive,candidate_event_043.pkl,/Users/glennthompson/Developer/KSCRocketSeismoHydrology/08_fireball_paper/falcon9-seismoacoustic-workflow-1.0.0/data/outputs/070_prepare_event_waveform_products/event_streams/candidate_event_043.pkl,1472735358.5820668,1472735359.6820667
44,1472735359.824,1472735359.8188932,1472735359.8271334,0.0082402229309082,3,3,"DD1,DD2,DD3","367,363,366",1472735359.824,1472735359.909,2016-09-01 13:09:19.823999882+00:00,2016-09-01 13:09:19.823999882+00:00,2016-09-01 13:09:19.908999920+00:00,retain,at least two reduced-time-associated infrasound channels,,,,44,44,3,3,0.008240222930908203,"DD1,DD2,DD3",3,True,,6.878617469729698,True,130.0,135.0,0.02189350128173828,0.04189348220825195,16.84517340979098,-18.185311146664983,35.03048455645596,0.019999980926513672,0.011893510818481445,0.05189347267150879,0.0018935203552246094,0.07789349555969238,0.07599997520446777,2.643745087830795,5.28749017566159,noise_threshold,noise_threshold,moderate_impulsive,moderate_impulsive,candidate_event_044.pkl,/Users/glennthompson/Developer/KSCRocketSeismoHydrology/08_fireball_paper/falcon9-seismoacoustic-workflow-1.0.0/data/outputs/070_prepare_event_waveform_products/event_streams/candidate_event_044.pkl,1472735359.324,1472735360.4239998
45,1472735362.7675667,1472735362.7671337,1472735362.768,0.000866413116455,2,2,"DD2,DD3","368,369",1472735362.768,1472735362.78,2016-09-01 13:09:22.767566681+00:00,2016-09-01 13:09:22.767999887+00:00,2016-09-01 13:09:22.779999971+00:00,retain,at least two reduced-time-associated infrasound channels,,,,45,45,2,2,0.0008661746978759766,"DD2,DD3",2,True,,4.6169123873871465,True,130.0,164.0,0.02043318748474121,0.15643310546875,13.613768861136199,-9.524047097012813,23.137815958149012,0.1359999179840088,-0.047566771507263184,0.2244330644607544,0.00043320655822753906,0.17243313789367676,0.17199993133544922,2.948673857950476,5.897347715900952,noise_threshold,noise_threshold,moderate_impulsive,moderate_impulsive,candidate_event_045.pkl,/Users/glennthompson/Developer/KSCRocketSeismoHydrology/08_fireball_paper/falcon9-seismoacoustic-workflow-1.0.0/data/outputs/070_prepare_event_waveform_products/event_streams/candidate_event_045.pkl,1472735362.2675667,1472735363.3675666
46,1472735371.0058932,1472735371.0,1472735371.0071335,0.0071334838867187,3,3,"DD1,DD2,DD3","373,370,371",1472735371.0,1472735371.096,2016-09-01 13:09:31.005893230+00:00,2016-09-01 13:09:31+00:00,2016-09-01 13:09:31.095999956+00:00,retain,at least two reduced-time-associated infrasound channels,,,,46,46,3,3,0.00713348388671875,"DD1,DD2,DD3",3,True,,7.7969432884953305,True,127.0,133.0,0.009240150451660156,0.033240318298339844,27.272563185090103,-25.51844482649692,52.791008011587024,0.024000167846679688,-0.0027599334716796875,0.04524040222167969,-0.002759695053100586,0.05724024772644043,0.059999942779541016,3.497853219649776,6.995706439299552,noise_threshold,noise_threshold,moderate_impulsive,moderate_impulsive,candidate_event_046.pkl,/Users/glennthompson/Developer/KSCRocketSeismoHydrology/08_fireball_paper/falcon9-seismoacoustic-workflow-1.0.0/data/outputs/070_prepare_event_waveform_products/event_streams/candidate_event_046.pkl,1472735370.5058932,1472735371.6058931
47,1472735373.9361334,1472735373.9298933,1472735373.94,0.0101068019866943,3,3,"DD1,DD2,DD3","378,374,375",1472735373.94,1472735374.02,2016-09-01 13:09:33.936133385+00:00,2016-09-01 13:09:33.940000057+00:00,2016-09-01 13:09:34.019999981+00:00,retain,at least two reduced-time-associated infrasound channels,,,,47,47,3,3,0.010106801986694336,"DD1,DD2,DD3",3,True,,7.589233855856507,True,128.0,134.0,0.013760089874267578,0.037760019302368164,22.492307261604914,-28.690468760220792,51.1827760218257,0.023999929428100586,0.0017601251602172852,0.04975998401641846,0.0017600059509277344,0.057760000228881836,0.0559999942779541,3.7804170098251424,7.560834019650285,noise_threshold,noise_threshold,moderate_impulsive,moderate_impulsive,candidate_event_047.pkl,/Users/glennthompson/Developer/KSCRocketSeismoHydrology/08_fireball_paper/falcon9-seismoacoustic-workflow-1.0.0/data/outputs/070_prepare_event_waveform_products/event_streams/candidate_event_047.pkl,1472735373.4361334,1472735374.5361333
48,1472735379.9755669,1472735379.9751334,1472735379.976,0.0008666515350341,2,2,"DD2,DD3","382,383",1472735379.976,1472735379.988,2016-09-01 13:09:39.975566864+00:00,2016-09-01 13:09:39.976000071+00:00,2016-09-01 13:09:39.987999916+00:00,retain,at least two reduced-time-associated infrasound channels,,,,48,48,2,2,0.0008666515350341797,"DD2,DD3",2,True,,13.440790729370564,True,141.0,151.0,0.06443309783935547,0.10443329811096191,17.553578302817634,-14.993985095745373,32.54756339856301,0.040000200271606445,0.044432997703552246,0.12443339824676514,0.00043320655822753906,0.12443339824676514,0.1240001916885376,1.305992977367015,2.61198595473403,noise_threshold,model,moderate_impulsive,moderate_impulsive,candidate_event_048.pkl,/Users/glennthompson/Developer/KSCRocketSeismoHydrology/08_fireball_paper/falcon9-seismoacoustic-workflow-1.0.0/data/outputs/070_prepare_event_waveform_products/event_streams/candidate_event_048.pkl,1472735379.4755669,1472735380.5755668
49,1472735403.7985668,1472735403.7981336,1472735403.799,0.000866413116455,2,2,"DD2,DD3","385,386",1472735403.799,1472735403.811,2016-09-01 13:10:03.798566818+00:00,2016-09-01 13:10:03.799000025+00:00,2016-09-01 13:10:03.811000109+00:00,retain,at least two reduced-time-associated infrasound channels,,,,49,49,2,2,0.0008664131164550781,"DD2,DD3",2,True,,7.7407345415075195,True,130.0,137.0,0.021433115005493164,0.049433231353759766,14.63641182511168,-9.85190757327915,24.48831939839083,0.0280001163482666,0.007433056831359863,0.06343328952789307,0.005433082580566406,0.09343314170837402,0.08800005912780762,1.8908298361903542,3.7816596723807083,noise_threshold,noise_threshold,moderate_impulsive,moderate_impulsive,candidate_event_049.pkl,/Users/glennthompson/Developer/KSCRocketSeismoHydrology/08_fireball_paper/falcon9-seismoacoustic-workflow-1.0.0/data/outputs/070_prepare_event_waveform_products/event_streams/candidate_event_049.pkl,1472735403.2985668,1472735404.3985667
50,1472735406.2590666,1472735406.257,1472735406.2611334,0.0041334629058837,2,2,"DD2,DD3","387,388",1472735406.257,1472735406.274,2016-09-01 13:10:06.259066582+00:00,2016-09-01 13:10:06.256999969+00:00,2016-09-01 13:10:06.273999929+00:00,retain,at least two reduced-time-associated infrasound channels,,,,50,50,2,2,0.004133462905883789,"DD2,DD3",2,True,,3.877383045268858,True,143.0,148.0,0.07293343544006348,0.09293341636657715,9.970756200546933,-8.950582656808354,18.921338857355288,0.019999980926513672,0.06293344497680664,0.10293340682983398,0.03693342208862305,0.11693334579467773,0.07999992370605469,2.571516944324896,5.143033888649792,noise_threshold,noise_threshold,weak_impulsive,weak_impulsive,candidate_event_050.pkl,/Users/glennthompson/Developer/KSCRocketSeismoHydrology/08_fireball_paper/falcon9-seismoacoustic-workflow-1.0.0/data/outputs/070_prepare_event_waveform_products/event_streams/candidate_event_050.pkl,1472735405.7590666,1472735406.8590665
51,1472735422.0620668,1472735422.061,1472735422.0631337,0.0021333694458007,2,2,"DD2,DD3","392,393",1472735422.061,1472735422.076,2016-09-01 13:10:22.062066793+00:00,2016-09-01 13:10:22.061000109+00:00,2016-09-01 13:10:22.075999975+00:00,retain,at least two reduced-time-associated infrasound channels,,,,51,51,2,2,0.002133607864379883,"DD2,DD3",2,True,,7.140905974992673,True,129.0,134.0,0.017933130264282227,0.0379331111907959,11.954899217322879,-9.199307845806855,21.154207063129732,0.019999980926513672,0.00793313980102539,0.047933101654052734,0.0019330978393554688,0.08193302154541016,0.07999992370605469,1.674143205244366,3.348286410488732,noise_threshold,noise_threshold,moderate_impulsive,moderate_impulsive,candidate_event_051.pkl,/Users/glennthompson/Developer/KSCRocketSeismoHydrology/08_fireball_paper/falcon9-seismoacoustic-workflow-1.0.0/data/outputs/070_prepare_event_waveform_products/event_streams/candidate_event_051.pkl,1472735421.5620668,1472735422.6620667
52,1472735428.7245717,1472735428.7231436,1472735428.726,0.0028564929962158,2,2,"DD2,DD3","394,395",1472735428.726,1472735428.73601,2016-09-01 13:10:28.724571705+00:00,2016-09-01 13:10:28.726000071+00:00,2016-09-01 13:10:28.736010075+00:00,retain,at least two reduced-time-associated infrasound channels,,,,52,52,2,2,0.0028564929962158203,"DD2,DD3",2,True,,6.008087229665107,True,130.0,166.0,0.021321535110473633,0.16532158851623535,12.353630263146908,-9.192493976555912,21.54612423970282,0.14400005340576172,-0.05067849159240723,0.2373216152191162,0.005321502685546875,0.18532156944274902,0.18000006675720215,2.0561669281615114,4.112333856323023,noise_threshold,noise_threshold,moderate_impulsive,moderate_impulsive,candidate_event_052.pkl,/Users/glennthompson/Developer/KSCRocketSeismoHydrology/08_fireball_paper/falcon9-seismoacoustic-workflow-1.0.0/data/outputs/070_prepare_event_waveform_products/event_streams/candidate_event_052.pkl,1472735428.2245717,1472735429.3245716
53,1472735435.1970668,1472735435.1931336,1472735435.201,0.0078663825988769,2,2,"DD2,DD3","397,398",1472735435.201,1472735435.206,2016-09-01 13:10:35.197066784+00:00,2016-09-01 13:10:35.200999975+00:00,2016-09-01 13:10:35.206000090+00:00,retain,at least two reduced-time-associated infrasound channels,,,,53,53,2,2,0.007866382598876953,"DD2,DD3",2,True,,7.75280529174694,True,131.0,137.0,0.024826526641845703,0.04882669448852539,9.038592290924013,-6.005140847999244,15.043733138923258,0.024000167846679688,0.01282644271850586,0.060826778411865234,0.004826545715332031,0.12882661819458008,0.12400007247924805,1.165847967386183,2.331695934772366,noise_threshold,noise_threshold,moderate_impulsive,moderate_impulsive,candidate_event_053.pkl,/Users/glennthompson/Developer/KSCRocketSeismoHydrology/08_fireball_paper/falcon9-seismoacoustic-workflow-1.0.0/data/outputs/070_prepare_event_waveform_products/event_streams/candidate_event_053.pkl,1472735434.6970668,1472735435.7970667
54,1472735657.3631334,1472735657.3618932,1472735657.368,0.0061068534851074,3,3,"DD1,DD2,DD3","408,403,404",1472735657.368,1472735657.452,2016-09-01 13:14:17.363133430+00:00,2016-09-01 13:14:17.368000031+00:00,2016-09-01 13:14:17.451999903+00:00,retain,at least two reduced-time-associated infrasound channels,,,,54,54,3,3,0.006106853485107422,"DD1,DD2,DD3",3,True,,68.94310041194008,True,130.0,137.0,0.02086663246154785,0.04886674880981445,135.49331205874785,-132.10383755799901,267.59714961674683,0.0280001163482666,0.006866574287414551,0.06286680698394775,0.0008666515350341797,0.12086653709411621,0.11999988555908203,1.9652918312226368,3.9305836624452737,noise_threshold,noise_threshold,robust_impulsive,robust_impulsive,candidate_event_054.pkl,/Users/glennthompson/Developer/KSCRocketSeismoHydrology/08_fireball_paper/falcon9-seismoacoustic-workflow-1.0.0/data/outputs/070_prepare_event_waveform_products/event_streams/candidate_event_054.pkl,1472735656.8631334,1472735657.9631333
55,1472735659.4221334,1472735659.4218934,1472735659.429,0.0071065425872802,3,3,"DD1,DD2,DD3","411,409,410",1472735659.429,1472735659.512,2016-09-01 13:14:19.422133446+00:00,2016-09-01 13:14:19.428999901+00:00,2016-09-01 13:14:19.512000083+00:00,retain,at least two reduced-time-associated infrasound channels,,,,55,55,3,3,0.0071065425872802734,"DD1,DD2,DD3",3,True,,19.363244600551806,True,132.0,144.0,0.029866695404052734,0.0778665542602539,67.23345133094044,-53.12478349752113,120.35823482846158,0.04799985885620117,0.0058667659759521484,0.10186648368835449,0.009866476058959961,0.10186648368835449,0.09200000762939453,3.472220318335722,6.944440636671444,noise_threshold,model,robust_impulsive,robust_impulsive,candidate_event_055.pkl,/Users/glennthompson/Developer/KSCRocketSeismoHydrology/08_fireball_paper/falcon9-seismoacoustic-workflow-1.0.0/data/outputs/070_prepare_event_waveform_products/event_streams/candidate_event_055.pkl,1472735658.9221334,1472735660.0221334
56,1472735670.4951334,1472735670.494903,1472735670.499,0.0040967464447021,3,3,"DD1,DD2,DD3","418,413,414",1472735670.499,1472735670.58501,2016-09-01 13:14:30.495133400+00:00,2016-09-01 13:14:30.499000072+00:00,2016-09-01 13:14:30.585010052+00:00,retain,at least two reduced-time-associated infrasound channels,,,,56,56,3,3,0.00409698486328125,"DD1,DD2,DD3",3,True,,34.798438095953294,True,130.0,154.0,0.02086663246154785,0.1168665885925293,104.53010292489135,-54.81603978003661,159.34614270492796,0.09599995613098145,-0.02713334560394287,0.16486656665802002,0.0008666515350341797,0.18886661529541016,0.18799996376037598,3.0038734105438816,6.007746821087763,noise_threshold,noise_threshold,robust_impulsive,robust_impulsive,candidate_event_056.pkl,/Users/glennthompson/Developer/KSCRocketSeismoHydrology/08_fireball_paper/falcon9-seismoacoustic-workflow-1.0.0/data/outputs/070_prepare_event_waveform_products/event_streams/candidate_event_056.pkl,1472735669.9951334,1472735671.0951333
57,1472735746.158893,1472735746.1551335,1472735746.16,0.004866600036621,3,3,"DD1,DD2,DD3","426,421,422",1472735746.16,1472735746.249,2016-09-01 13:15:46.158893347+00:00,2016-09-01 13:15:46.160000086+00:00,2016-09-01 13:15:46.249000072+00:00,retain,at least two reduced-time-associated infrasound channels,,,,57,57,3,3,0.004866600036621094,"DD1,DD2,DD3",3,True,,63.55907970341736,True,129.0,137.0,0.017107009887695312,0.04910707473754883,83.34058483462773,-44.91807995038229,128.25866478501,0.032000064849853516,0.0011069774627685547,0.06510710716247559,-0.010893106460571289,0.13310694694519043,0.14400005340576172,1.3112302006812535,2.622460401362507,noise_threshold,noise_threshold,robust_impulsive,robust_impulsive,candidate_event_057.pkl,/Users/glennthompson/Developer/KSCRocketSeismoHydrology/08_fireball_paper/falcon9-seismoacoustic-workflow-1.0.0/data/outputs/070_prepare_event_waveform_products/event_streams/candidate_event_057.pkl,1472735745.658893,1472735746.758893
58,1472735949.3250668,1472735949.3191335,1472735949.331,0.0118665695190429,2,2,"DD2,DD3","428,429",1472735949.331,1472735949.332,2016-09-01 13:19:09.325066805+00:00,2016-09-01 13:19:09.331000090+00:00,2016-09-01 13:19:09.332000017+00:00,retain,at least two reduced-time-associated infrasound channels,,,,58,58,2,2,0.011866569519042969,"DD2,DD3",2,True,,9.391428910621395,True,135.0,179.0,0.04082655906677246,0.2168266773223877,13.063982095792735,-1.7947145200358954,14.85869661582863,0.17600011825561523,-0.047173500061035156,0.3048267364501953,-0.003173351287841797,0.22882652282714844,0.23199987411499023,1.391053717184379,2.782107434368758,noise_threshold,noise_threshold,moderate_impulsive,moderate_impulsive,candidate_event_058.pkl,/Users/glennthompson/Developer/KSCRocketSeismoHydrology/08_fireball_paper/falcon9-seismoacoustic-workflow-1.0.0/data/outputs/070_prepare_event_waveform_products/event_streams/candidate_event_058.pkl,1472735948.8250668,1472735949.9250667
59,1472735951.1161337,1472735951.1158934,1472735951.122,0.0061066150665283,3,3,"DD1,DD2,DD3","435,432,433",1472735951.122,1472735951.206,2016-09-01 13:19:11.116133451+00:00,2016-09-01 13:19:11.121999979+00:00,2016-09-01 13:19:11.206000090+00:00,retain,at least two reduced-time-associated infrasound channels,,,,59,59,3,3,0.00610661506652832,"DD1,DD2,DD3",3,True,,7.646809554146913,True,130.0,146.0,0.021759748458862305,0.08575987815856934,12.438922080713928,-5.047227419606407,17.486149500320334,0.06400012969970703,-0.010240316390991211,0.11775994300842285,0.009759664535522461,0.11375975608825684,0.10400009155273438,1.6266812966419728,3.2533625932839456,noise_threshold,noise_threshold,moderate_impulsive,moderate_impulsive,candidate_event_059.pkl,/Users/glennthompson/Developer/KSCRocketSeismoHydrology/08_fireball_paper/falcon9-seismoacoustic-workflow-1.0.0/data/outputs/070_prepare_event_waveform_products/event_streams/candidate_event_059.pkl,1472735950.6161337,1472735951.7161336
60,1472735951.356567,1472735951.3551335,1472735951.358,0.002866506576538,2,2,"DD2,DD3","436,437",1472735951.358,1472735951.368,2016-09-01 13:19:11.356566906+00:00,2016-09-01 13:19:11.358000040+00:00,2016-09-01 13:19:11.368000031+00:00,retain,at least two reduced-time-associated infrasound channels,,,,60,60,2,2,0.002866506576538086,"DD2,DD3",2,True,,1.9301577291670953,True,129.0,137.0,0.01732659339904785,0.04932665824890137,4.626508939831478,-1.8022757816745052,6.428784721505983,0.032000064849853516,0.0013265609741210938,0.06532669067382812,0.013326644897460938,0.06132650375366211,0.04799985885620117,2.3969589997331027,4.793917999466205,noise_threshold,noise_threshold,weak_impulsive,weak_impulsive,candidate_event_060.pkl,/Users/glennthompson/Developer/KSCRocketSeismoHydrology/08_fireball_paper/falcon9-seismoacoustic-workflow-1.0.0/data/outputs/070_prepare_event_waveform_products/event_streams/candidate_event_060.pkl,1472735950.856567,1472735951.9565668
61,1472735951.6145668,1472735951.6091335,1472735951.62,0.0108664035797119,2,2,"DD2,DD3","438,439",1472735951.62,1472735951.622,2016-09-01 13:19:11.614566803+00:00,2016-09-01 13:19:11.619999886+00:00,2016-09-01 13:19:11.621999979+00:00,retain,at least two reduced-time-associated infrasound channels,,,,61,61,2,2,0.010866403579711914,"DD2,DD3",2,True,,5.080573542891166,True,131.0,144.0,0.025433063507080078,0.07743310928344727,7.9387290220283715,-4.342004839043605,12.280733861071976,0.05200004577636719,-0.0005669593811035156,0.10343313217163086,0.00943303108215332,0.08943319320678711,0.08000016212463379,1.5625655164733103,3.1251310329466206,noise_threshold,noise_threshold,moderate_impulsive,moderate_impulsive,candidate_event_061.pkl,/Users/glennthompson/Developer/KSCRocketSeismoHydrology/08_fireball_paper/falcon9-seismoacoustic-workflow-1.0.0/data/outputs/070_prepare_event_waveform_products/event_streams/candidate_event_061.pkl,1472735951.1145668,1472735952.2145667
62,1472735953.066893,1472735953.0631337,1472735953.069,0.005866527557373,3,3,"DD1,DD2,DD3","445,440,441",1472735953.069,1472735953.157,2016-09-01 13:19:13.066893338+00:00,2016-09-01 13:19:13.069000006+00:00,2016-09-01 13:19:13.157000065+00:00,retain,at least two reduced-time-associated infrasound channels,,,,62,62,3,3,0.005866289138793945,"DD1,DD2,DD3",3,True,,24.42089831132647,True,130.0,142.0,0.021106958389282227,0.0691070556640625,47.970967832950755,-13.92325106812897,61.894218901079725,0.04800009727478027,-0.00289309024810791,0.09310710430145264,-0.0028929710388183594,0.09310698509216309,0.09599995613098145,1.9643408371551059,3.9286816743102118,noise_threshold,noise_threshold,robust_impulsive,robust_impulsive,candidate_event_062.pkl,/Users/glennthompson/Developer/KSCRocketSeismoHydrology/08_fireball_paper/falcon9-seismoacoustic-workflow-1.0.0/data/outputs/070_prepare_event_waveform_products/event_streams/candidate_event_062.pkl,1472735952.566893,1472735953.666893
63,1472735953.258067,1472735953.2541337,1472735953.262,0.007866621017456,2,2,"DD2,DD3","446,447",1472735953.262,1472735953.267,2016-09-01 13:19:13.258066654+00:00,2016-09-01 13:19:13.262000084+00:00,2016-09-01 13:19:13.266999959+00:00,retain,at least two reduced-time-associated infrasound channels,,,,63,63,2,2,0.007866382598876953,"DD2,DD3",2,True,,12.020712709266435,True,129.0,137.0,0.017933130264282227,0.04993319511413574,17.679986594966415,-10.845476700867678,28.525463295834093,0.032000064849853516,0.0019330978393554688,0.0659332275390625,-0.014066934585571289,0.07393312454223633,0.08800005912780762,1.4707935396656973,2.9415870793313945,noise_threshold,noise_threshold,moderate_impulsive,moderate_impulsive,candidate_event_063.pkl,/Users/glennthompson/Developer/KSCRocketSeismoHydrology/08_fireball_paper/falcon9-seismoacoustic-workflow-1.0.0/data/outputs/070_prepare_event_waveform_products/event_streams/candidate_event_063.pkl,1472735952.758067,1472735953.8580668
64,1472735953.7368932,1472735953.7361336,1472735953.737,0.000866413116455,3,3,"DD1,DD2,DD3","450,448,449",1472735953.737,1472735953.827,2016-09-01 13:19:13.736893177+00:00,2016-09-01 13:19:13.736999989+00:00,2016-09-01 13:19:13.826999903+00:00,retain,at least two reduced-time-associated infrasound channels,,,,64,64,3,3,0.0008664131164550781,"DD1,DD2,DD3",3,True,,9.64939274769072,True,129.0,145.0,0.017000198364257812,0.08100008964538574,24.922865590499807,-10.03674727529561,34.95961286579542,0.06399989128112793,-0.014999747276306152,0.11300003528594971,-0.0029997825622558594,0.10100007057189941,0.10399985313415527,2.582842904437102,5.165685808874204,noise_threshold,noise_threshold,robust_impulsive,robust_impulsive,candidate_event_064.pkl,/Users/glennthompson/Developer/KSCRocketSeismoHydrology/08_fireball_paper/falcon9-seismoacoustic-workflow-1.0.0/data/outputs/070_prepare_event_waveform_products/event_streams/candidate_event_064.pkl,1472735953.2368932,1472735954.336893
65,1472735954.5211334,1472735954.5188932,1472735954.523,0.0041067600250244,3,3,"DD1,DD2,DD3","456,451,452",1472735954.523,1472735954.609,2016-09-01 13:19:14.521133423+00:00,2016-09-01 13:19:14.523000001+00:00,2016-09-01 13:19:14.608999968+00:00,retain,at least two reduced-time-associated infrasound channels,,,,65,65,3,3,0.004106760025024414,"DD1,DD2,DD3",3,True,,30.11579108778829,True,129.0,146.0,0.018000125885009766,0.08600020408630371,70.66831259684791,-20.845844015163735,91.51415661201165,0.06800007820129395,-0.015999913215637207,0.12000024318695068,0.002000093460083008,0.11400008201599121,0.1119999885559082,2.3465534207900434,4.693106841580087,noise_threshold,noise_threshold,robust_impulsive,robust_impulsive,candidate_event_065.pkl,/Users/glennthompson/Developer/KSCRocketSeismoHydrology/08_fireball_paper/falcon9-seismoacoustic-workflow-1.0.0/data/outputs/070_prepare_event_waveform_products/event_streams/candidate_event_065.pkl,1472735954.0211334,1472735955.1211333
66,1472735955.212,1472735955.211893,1472735955.2121334,0.0002400875091552,3,3,"DD1,DD2,DD3","459,457,458",1472735955.212,1472735955.302,2016-09-01 13:19:15.211999893+00:00,2016-09-01 13:19:15.211999893+00:00,2016-09-01 13:19:15.302000046+00:00,retain,at least two reduced-time-associated infrasound channels,,,,66,66,3,3,0.000240325927734375,"DD1,DD2,DD3",3,True,,16.190044414320628,True,129.0,146.0,0.017893552780151367,0.08589363098144531,49.657819508161154,-13.02624268027823,62.684062188439384,0.06800007820129395,-0.016106486320495605,0.11989367008209229,0.0018935203552246094,0.11789345741271973,0.11599993705749512,3.0671824139183443,6.134364827836689,noise_threshold,noise_threshold,robust_impulsive,robust_impulsive,candidate_event_066.pkl,/Users/glennthompson/Developer/KSCRocketSeismoHydrology/08_fireball_paper/falcon9-seismoacoustic-workflow-1.0.0/data/outputs/070_prepare_event_waveform_products/event_streams/candidate_event_066.pkl,1472735954.712,1472735955.8119998
67,1472735956.8075666,1472735956.8061335,1472735956.809,0.002866506576538,2,2,"DD2,DD3","460,461",1472735956.809,1472735956.819,2016-09-01 13:19:16.807566643+00:00,2016-09-01 13:19:16.809000015+00:00,2016-09-01 13:19:16.819000006+00:00,retain,at least two reduced-time-associated infrasound channels,,,,67,67,2,2,0.002866506576538086,"DD2,DD3",2,True,,11.913504572116322,True,131.0,138.0,0.024433374404907227,0.05243349075317383,21.535674521541964,-9.693565322586439,31.2292398441284,0.0280001163482666,0.010433316230773926,0.06643354892730713,0.0004334449768066406,0.0724334716796875,0.07200002670288086,1.8076691364140178,3.6153382728280357,noise_threshold,noise_threshold,moderate_impulsive,moderate_impulsive,candidate_event_067.pkl,/Users/glennthompson/Developer/KSCRocketSeismoHydrology/08_fireball_paper/falcon9-seismoacoustic-workflow-1.0.0/data/outputs/070_prepare_event_waveform_products/event_streams/candidate_event_067.pkl,1472735956.3075666,1472735957.4075665
68,1472735958.1421337,1472735958.1338933,1472735958.145,0.0111067295074462,3,3,"DD1,DD2,DD3","464,462,463",1472735958.145,1472735958.224,2016-09-01 13:19:18.142133474+00:00,2016-09-01 13:19:18.144999981+00:00,2016-09-01 13:19:18.223999977+00:00,retain,at least two reduced-time-associated infrasound channels,,,,68,68,3,3,0.011106729507446289,"DD1,DD2,DD3",3,True,,5.656093509885787,True,129.0,140.0,0.01786637306213379,0.06186628341674805,11.9786876500278,-12.454107460803932,24.432795110831734,0.04399991035461426,-0.00413358211517334,0.08386623859405518,0.0018663406372070312,0.08186626434326172,0.07999992370605469,2.2018920725119724,4.403784145023945,noise_threshold,noise_threshold,moderate_impulsive,moderate_impulsive,candidate_event_068.pkl,/Users/glennthompson/Developer/KSCRocketSeismoHydrology/08_fireball_paper/falcon9-seismoacoustic-workflow-1.0.0/data/outputs/070_prepare_event_waveform_products/event_streams/candidate_event_068.pkl,1472735957.6421337,1472735958.7421336
69,1472735958.8551335,1472735958.8538933,1472735958.856,0.0021066665649414,3,3,"DD1,DD2,DD3","468,465,466",1472735958.856,1472735958.944,2016-09-01 13:19:18.855133533+00:00,2016-09-01 13:19:18.855999947+00:00,2016-09-01 13:19:18.944000006+00:00,retain,at least two reduced-time-associated infrasound channels,,,,69,69,3,3,0.0021066665649414062,"DD1,DD2,DD3",3,True,,28.67711647829436,True,129.0,147.0,0.016866445541381836,0.0888664722442627,32.44955888619827,-14.06435404637976,46.51391293257803,0.07200002670288086,-0.019133567810058594,0.12486648559570312,0.0008664131164550781,0.1488664150238037,0.14800000190734863,1.131548874893306,2.263097749786612,noise_threshold,noise_threshold,robust_impulsive,robust_impulsive,candidate_event_069.pkl,/Users/glennthompson/Developer/KSCRocketSeismoHydrology/08_fireball_paper/falcon9-seismoacoustic-workflow-1.0.0/data/outputs/070_prepare_event_waveform_products/event_streams/candidate_event_069.pkl,1472735958.3551335,1472735959.4551334
70,1472735962.6218932,1472735962.6191337,1472735962.624,0.004866600036621,3,3,"DD1,DD2,DD3","475,471,472",1472735962.624,1472735962.712,2016-09-01 13:19:22.621893167+00:00,2016-09-01 13:19:22.624000072+00:00,2016-09-01 13:19:22.711999893+00:00,retain,at least two reduced-time-associated infrasound channels,,,,70,70,3,3,0.004866361618041992,"DD1,DD2,DD3",3,True,,24.32548733897119,True,175.0,186.0,0.20124030113220215,0.2452402114868164,39.758673773515795,-11.363929554226289,51.122603327742084,0.04399991035461426,0.17924034595489502,0.26724016666412354,0.1852402687072754,0.2932403087615967,0.10800004005432129,1.6344451076965485,3.268890215393097,noise_threshold,noise_threshold,robust_impulsive,robust_impulsive,candidate_event_070.pkl,/Users/glennthompson/Developer/KSCRocketSeismoHydrology/08_fireball_paper/falcon9-seismoacoustic-workflow-1.0.0/data/outputs/070_prepare_event_waveform_products/event_streams/candidate_event_070.pkl,1472735962.1218932,1472735963.221893
71,1472735962.8071334,1472735962.806893,1472735962.808,0.0011067390441894,3,3,"DD1,DD2,DD3","478,476,477",1472735962.808,1472735962.897,2016-09-01 13:19:22.807133436+00:00,2016-09-01 13:19:22.808000088+00:00,2016-09-01 13:19:22.897000074+00:00,retain,at least two reduced-time-associated infrasound channels,,,,71,71,3,3,0.0011069774627685547,"DD1,DD2,DD3",3,True,,19.07505094179979,True,129.0,139.0,0.016866683959960938,0.05686664581298828,39.99810580991282,-11.117114662670538,51.11522047258336,0.039999961853027344,-0.0031332969665527344,0.07686662673950195,0.0008666515350341797,0.08086657524108887,0.07999992370605469,2.0968806810504317,4.193761362100863,noise_threshold,noise_threshold,robust_impulsive,robust_impulsive,candidate_event_071.pkl,/Users/glennthompson/Developer/KSCRocketSeismoHydrology/08_fireball_paper/falcon9-seismoacoustic-workflow-1.0.0/data/outputs/070_prepare_event_waveform_products/event_streams/candidate_event_071.pkl,1472735962.3071334,1472735963.4071333
72,1472735963.7338932,1472735963.7311337,1472735963.736,0.004866600036621,3,3,"DD1,DD2,DD3","481,479,480",1472735963.736,1472735963.824,2016-09-01 13:19:23.733893156+00:00,2016-09-01 13:19:23.736000061+00:00,2016-09-01 13:19:23.823999882+00:00,retain,at least two reduced-time-associated infrasound channels,,,,72,72,3,3,0.004866361618041992,"DD1,DD2,DD3",3,True,,13.418067311439799,True,128.0,147.0,0.013240337371826172,0.08924031257629395,30.053113974508477,-11.209279908139234,41.262393882647714,0.07599997520446777,-0.024759650230407715,0.12724030017852783,-0.002759695053100586,0.11324024200439453,0.11599993705749512,2.2397498296111684,4.479499659222337,noise_threshold,noise_threshold,robust_impulsive,robust_impulsive,candidate_event_072.pkl,/Users/glennthompson/Developer/KSCRocketSeismoHydrology/08_fireball_paper/falcon9-seismoacoustic-workflow-1.0.0/data/outputs/070_prepare_event_waveform_products/event_streams/candidate_event_072.pkl,1472735963.2338932,1472735964.333893
73,1472735965.036,1472735965.0311334,1472735965.0378933,0.0067598819732666,3,3,"DD1,DD2,DD3","487,482,483",1472735965.036,1472735965.128,2016-09-01 13:19:25.036000013+00:00,2016-09-01 13:19:25.036000013+00:00,2016-09-01 13:19:25.128000020+00:00,retain,at least two reduced-time-associated infrasound channels,,,,73,73,3,3,0.0067598819732666016,"DD1,DD2,DD3",3,True,,35.30124132705147,True,129.0,134.0,0.017893314361572266,0.03789329528808594,54.043572047384345,-13.941047117646516,67.98461916503086,0.019999980926513672,0.00789332389831543,0.04789328575134277,-0.0021066665649414062,0.12189316749572754,0.12399983406066895,1.5309255430054964,3.061851086010993,noise_threshold,noise_threshold,robust_impulsive,robust_impulsive,candidate_event_073.pkl,/Users/glennthompson/Developer/KSCRocketSeismoHydrology/08_fireball_paper/falcon9-seismoacoustic-workflow-1.0.0/data/outputs/070_prepare_event_waveform_products/event_streams/candidate_event_073.pkl,1472735964.536,1472735965.636
74,1472735966.8391335,1472735966.8378932,1472735966.844,0.0061068534851074,3,3,"DD1,DD2,DD3","492,488,489",1472735966.844,1472735966.928,2016-09-01 13:19:26.839133501+00:00,2016-09-01 13:19:26.844000101+00:00,2016-09-01 13:19:26.927999973+00:00,retain,at least two reduced-time-associated infrasound channels,,,,74,74,3,3,0.006106853485107422,"DD1,DD2,DD3",3,True,,32.95766290557022,True,130.0,139.0,0.02086639404296875,0.05686640739440918,48.84874712413691,-15.967586240710972,64.81633336484788,0.03600001335144043,0.002866387367248535,0.0748664140701294,0.0008664131164550781,0.1168663501739502,0.11599993705749512,1.4821665985266486,2.964333197053297,noise_threshold,noise_threshold,robust_impulsive,robust_impulsive,candidate_event_074.pkl,/Users/glennthompson/Developer/KSCRocketSeismoHydrology/08_fireball_paper/falcon9-seismoacoustic-workflow-1.0.0/data/outputs/070_prepare_event_waveform_products/event_streams/candidate_event_074.pkl,1472735966.3391335,1472735967.4391334
75,1472735969.365,1472735969.3641336,1472735969.3659034,0.0017697811126708,3,3,"DD1,DD2,DD3","498,493,494",1472735969.365,1472735969.45601,2016-09-01 13:19:29.365000010+00:00,2016-09-01 13:19:29.365000010+00:00,2016-09-01 13:19:29.456010103+00:00,retain,at least two reduced-time-associated infrasound channels,,,,75,75,3,3,0.0017697811126708984,"DD1,DD2,DD3",3,True,,65.43015188783795,True,129.0,148.0,0.016893386840820312,0.09289336204528809,56.04719493844181,-28.400819806508867,84.44801474495068,0.07599997520446777,-0.021106600761413574,0.13089334964752197,-0.03110671043395996,0.18489336967468262,0.21600008010864258,0.856595825033684,1.713191650067368,noise_threshold,noise_threshold,robust_impulsive,robust_impulsive,candidate_event_075.pkl,/Users/glennthompson/Developer/KSCRocketSeismoHydrology/08_fireball_paper/falcon9-seismoacoustic-workflow-1.0.0/data/outputs/070_prepare_event_waveform_products/event_streams/candidate_event_075.pkl,1472735968.865,1472735969.965
76,1472735973.3711336,1472735973.3578932,1472735973.376,0.0181066989898681,3,3,"DD1,DD2,DD3","503,499,500",1472735973.376,1472735973.448,2016-09-01 13:19:33.371133566+00:00,2016-09-01 13:19:33.375999928+00:00,2016-09-01 13:19:33.447999954+00:00,retain,at least two reduced-time-associated infrasound channels,,,,76,76,3,3,0.018106698989868164,"DD1,DD2,DD3",3,True,,17.585886255311728,True,131.0,140.0,0.024866342544555664,0.060866355895996094,24.150107638216443,-14.63150300208679,38.781610640303235,0.03600001335144043,0.006866335868835449,0.07886636257171631,0.0008664131164550781,0.0888664722442627,0.08800005912780762,1.3732664528591516,2.746532905718303,noise_threshold,noise_threshold,robust_impulsive,robust_impulsive,candidate_event_076.pkl,/Users/glennthompson/Developer/KSCRocketSeismoHydrology/08_fireball_paper/falcon9-seismoacoustic-workflow-1.0.0/data/outputs/070_prepare_event_waveform_products/event_streams/candidate_event_076.pkl,1472735972.8711336,1472735973.9711335
77,1472735973.7820668,1472735973.7781334,1472735973.786,0.007866621017456,2,2,"DD2,DD3","504,505",1472735973.786,1472735973.791,2016-09-01 13:19:33.782066822+00:00,2016-09-01 13:19:33.786000013+00:00,2016-09-01 13:19:33.790999889+00:00,retain,at least two reduced-time-associated infrasound channels,,,,77,77,2,2,0.007866621017456055,"DD2,DD3",2,True,,4.794496736982177,True,131.0,141.0,0.025933027267456055,0.0659329891204834,13.37854674690534,-2.728441408056629,16.106988154961968,0.039999961853027344,0.005933046340942383,0.08593297004699707,0.009932994842529297,0.07793307304382324,0.06800007820129395,2.790396465120187,5.580792930240374,noise_threshold,noise_threshold,moderate_impulsive,moderate_impulsive,candidate_event_077.pkl,/Users/glennthompson/Developer/KSCRocketSeismoHydrology/08_fireball_paper/falcon9-seismoacoustic-workflow-1.0.0/data/outputs/070_prepare_event_waveform_products/event_streams/candidate_event_077.pkl,1472735973.2820668,1472735974.3820667
78,1472735982.4041336,1472735982.3988934,1472735982.408,0.0091066360473632,3,3,"DD1,DD2,DD3","511,506,507",1472735982.408,1472735982.489,2016-09-01 13:19:42.404133558+00:00,2016-09-01 13:19:42.407999992+00:00,2016-09-01 13:19:42.489000082+00:00,retain,at least two reduced-time-associated infrasound channels,,,,78,78,3,3,0.009106636047363281,"DD1,DD2,DD3",3,True,,18.33500922576791,True,131.0,142.0,0.02575969696044922,0.06975984573364258,26.29616207565343,-14.810957123723377,41.10711919937681,0.04400014877319336,0.003759622573852539,0.09175992012023926,-0.0022401809692382812,0.12575984001159668,0.12800002098083496,1.4342050092179375,2.868410018435875,noise_threshold,noise_threshold,robust_impulsive,robust_impulsive,candidate_event_078.pkl,/Users/glennthompson/Developer/KSCRocketSeismoHydrology/08_fireball_paper/falcon9-seismoacoustic-workflow-1.0.0/data/outputs/070_prepare_event_waveform_products/event_streams/candidate_event_078.pkl,1472735981.9041336,1472735983.0041335
79,1472735988.337067,1472735988.3321335,1472735988.342,0.0098664760589599,2,2,"DD2,DD3","512,513",1472735988.342,1472735988.345,2016-09-01 13:19:48.337066650+00:00,2016-09-01 13:19:48.342000008+00:00,2016-09-01 13:19:48.345000029+00:00,retain,at least two reduced-time-associated infrasound channels,,,,79,79,2,2,0.009866476058959961,"DD2,DD3",2,True,,7.900766795675902,True,130.0,141.0,0.02082657814025879,0.06482648849487305,9.120476345391328,-4.94692024748432,14.067396592875648,0.04399991035461426,-0.0011733770370483398,0.08682644367218018,0.004826545715332031,0.08882665634155273,0.0840001106262207,1.15437862947467,2.30875725894934,noise_threshold,noise_threshold,moderate_impulsive,moderate_impulsive,candidate_event_079.pkl,/Users/glennthompson/Developer/KSCRocketSeismoHydrology/08_fireball_paper/falcon9-seismoacoustic-workflow-1.0.0/data/outputs/070_prepare_event_waveform_products/event_streams/candidate_event_079.pkl,1472735987.837067,1472735988.9370668
80,1472735995.4231336,1472735995.4218934,1472735995.424,0.0021066665649414,3,3,"DD1,DD2,DD3","521,516,517",1472735995.424,1472735995.512,2016-09-01 13:19:55.423133612+00:00,2016-09-01 13:19:55.424000025+00:00,2016-09-01 13:19:55.512000083+00:00,retain,at least two reduced-time-associated infrasound channels,,,,80,80,3,3,0.0021066665649414062,"DD1,DD2,DD3",3,True,,20.657251360692054,True,129.0,140.0,0.016866445541381836,0.060866355895996094,29.419863693959805,-14.676929768473052,44.096793462432856,0.04399991035461426,-0.005133509635925293,0.08286631107330322,0.0008664131164550781,0.14086651802062988,0.1400001049041748,1.4241906234409198,2.8483812468818397,noise_threshold,noise_threshold,robust_impulsive,robust_impulsive,candidate_event_080.pkl,/Users/glennthompson/Developer/KSCRocketSeismoHydrology/08_fireball_paper/falcon9-seismoacoustic-workflow-1.0.0/data/outputs/070_prepare_event_waveform_products/event_streams/candidate_event_080.pkl,1472735994.9231336,1472735996.0231335
81,1472735996.212067,1472735996.2111337,1472735996.213,0.0018665790557861,2,2,"DD2,DD3","522,523",1472735996.213,1472735996.224,2016-09-01 13:19:56.212066650+00:00,2016-09-01 13:19:56.213000059+00:00,2016-09-01 13:19:56.223999977+00:00,retain,at least two reduced-time-associated infrasound channels,,,,81,81,2,2,0.0018663406372070312,"DD2,DD3",2,True,,27.99069152588266,True,128.0,143.0,0.013826608657836914,0.07382655143737793,35.177406256751766,-9.604811947505414,44.78221820425718,0.059999942779541016,-0.016173362731933594,0.10382652282714844,-0.0021734237670898438,0.18182659149169922,0.18400001525878906,1.2567537398718298,2.5135074797436596,noise_threshold,noise_threshold,moderate_impulsive,moderate_impulsive,candidate_event_081.pkl,/Users/glennthompson/Developer/KSCRocketSeismoHydrology/08_fireball_paper/falcon9-seismoacoustic-workflow-1.0.0/data/outputs/070_prepare_event_waveform_products/event_streams/candidate_event_081.pkl,1472735995.712067,1472735996.8120668
82,1472736000.0520668,1472736000.0471334,1472736000.057,0.0098664760589599,2,2,"DD2,DD3","524,525",1472736000.057,1472736000.06,2016-09-01 13:20:00.052066803+00:00,2016-09-01 13:20:00.056999922+00:00,2016-09-01 13:20:00.059999943+00:00,retain,at least two reduced-time-associated infrasound channels,,,,82,82,2,2,0.009866476058959961,"DD2,DD3",2,True,,7.871619870639472,True,131.0,137.0,0.025826454162597656,0.049826622009277344,8.470039791915177,-5.596222377554187,14.066262169469365,0.024000167846679688,0.013826370239257812,0.06182670593261719,0.0018265247344970703,0.10982656478881836,0.10800004005432129,1.0760224618452123,2.1520449236904247,noise_threshold,noise_threshold,moderate_impulsive,moderate_impulsive,candidate_event_082.pkl,/Users/glennthompson/Developer/KSCRocketSeismoHydrology/08_fireball_paper/falcon9-seismoacoustic-workflow-1.0.0/data/outputs/070_prepare_event_waveform_products/event_streams/candidate_event_082.pkl,1472735999.5520668,1472736000.6520667
83,1472736003.938,1472736003.9361334,1472736003.9388933,0.0027599334716796,3,3,"DD1,DD2,DD3","531,526,527",1472736003.938,1472736004.029,2016-09-01 13:20:03.937999964+00:00,2016-09-01 13:20:03.937999964+00:00,2016-09-01 13:20:04.029000044+00:00,retain,at least two reduced-time-associated infrasound channels,,,,83,83,3,3,0.0027599334716796875,"DD1,DD2,DD3",3,True,,37.80642458808327,True,128.0,134.0,0.014000177383422852,0.03800010681152344,41.59669427650013,-34.36481295130986,75.96150722780999,0.023999929428100586,0.0020002126693725586,0.05000007152557373,-0.0019998550415039062,0.08600020408630371,0.08800005912780762,1.1002546453337874,2.2005092906675747,noise_threshold,noise_threshold,robust_impulsive,robust_impulsive,candidate_event_083.pkl,/Users/glennthompson/Developer/KSCRocketSeismoHydrology/08_fireball_paper/falcon9-seismoacoustic-workflow-1.0.0/data/outputs/070_prepare_event_waveform_products/event_streams/candidate_event_083.pkl,1472736003.438,1472736004.5379999
84,1472736005.179067,1472736005.178,1472736005.1801336,0.0021336078643798,2,2,"DD2,DD3","532,533",1472736005.178,1472736005.193,2016-09-01 13:20:05.179066658+00:00,2016-09-01 13:20:05.177999973+00:00,2016-09-01 13:20:05.193000078+00:00,retain,at least two reduced-time-associated infrasound channels,,,,84,84,2,2,0.002133607864379883,"DD2,DD3",2,True,,4.6011020903457585,True,133.0,157.0,0.03293323516845703,0.12893319129943848,6.300389329931295,-5.554543670150142,11.854933000081438,0.09599995613098145,-0.015066742897033691,0.1769331693649292,-0.0030667781829833984,0.14493322372436523,0.14800000190734863,1.3693217855676487,2.7386435711352974,noise_threshold,noise_threshold,moderate_impulsive,moderate_impulsive,candidate_event_084.pkl,/Users/glennthompson/Developer/KSCRocketSeismoHydrology/08_fireball_paper/falcon9-seismoacoustic-workflow-1.0.0/data/outputs/070_prepare_event_waveform_products/event_streams/candidate_event_084.pkl,1472736004.679067,1472736005.7790668
85,1472736006.2955666,1472736006.2941334,1472736006.297,0.002866506576538,2,2,"DD2,DD3","534,535",1472736006.297,1472736006.307,2016-09-01 13:20:06.295566559+00:00,2016-09-01 13:20:06.296999931+00:00,2016-09-01 13:20:06.306999922+00:00,retain,at least two reduced-time-associated infrasound channels,,,,85,85,2,2,0.002866506576538086,"DD2,DD3",2,True,,7.81723404074257,True,128.0,135.0,0.012433528900146484,0.040433406829833984,11.207741802093436,-5.571620420456499,16.779362222549935,0.0279998779296875,-0.0015664100646972656,0.054433345794677734,-0.0035665035247802734,0.05243349075317383,0.0559999942779541,1.4337221763708121,2.8674443527416242,noise_threshold,noise_threshold,moderate_impulsive,moderate_impulsive,candidate_event_085.pkl,/Users/glennthompson/Developer/KSCRocketSeismoHydrology/08_fireball_paper/falcon9-seismoacoustic-workflow-1.0.0/data/outputs/070_prepare_event_waveform_products/event_streams/candidate_event_085.pkl,1472736005.7955666,1472736006.8955665
86,1472736016.4215667,1472736016.4191334,1472736016.424,0.004866600036621,2,2,"DD2,DD3","536,537",1472736016.424,1472736016.432,2016-09-01 13:20:16.421566725+00:00,2016-09-01 13:20:16.424000025+00:00,2016-09-01 13:20:16.431999922+00:00,retain,at least two reduced-time-associated infrasound channels,,,,86,86,2,2,0.004866600036621094,"DD2,DD3",2,True,,9.016481665119876,True,131.0,139.0,0.025566577911376953,0.05756664276123047,11.803187871227784,-6.14659782887983,17.949785700107615,0.032000064849853516,0.009566545486450195,0.07356667518615723,-0.002433300018310547,0.10156655311584473,0.10399985313415527,1.3090680278193476,2.6181360556386952,noise_threshold,noise_threshold,moderate_impulsive,moderate_impulsive,candidate_event_086.pkl,/Users/glennthompson/Developer/KSCRocketSeismoHydrology/08_fireball_paper/falcon9-seismoacoustic-workflow-1.0.0/data/outputs/070_prepare_event_waveform_products/event_streams/candidate_event_086.pkl,1472736015.9215667,1472736017.0215666
87,1472736017.9765668,1472736017.9761336,1472736017.977,0.000866413116455,2,2,"DD2,DD3","538,539",1472736017.977,1472736017.989,2016-09-01 13:20:17.976566792+00:00,2016-09-01 13:20:17.976999998+00:00,2016-09-01 13:20:17.989000082+00:00,retain,at least two reduced-time-associated infrasound channels,,,,87,87,2,2,0.0008664131164550781,"DD2,DD3",2,True,,4.568456223379319,True,130.0,138.0,0.021326541900634766,0.05332660675048828,6.397355434133217,-5.385347924307841,11.782703358441058,0.032000064849853516,0.005326509475708008,0.06932663917541504,0.0013265609741210938,0.06932663917541504,0.06800007820129395,1.4003319986726388,2.8006639973452776,noise_threshold,noise_threshold,moderate_impulsive,moderate_impulsive,candidate_event_087.pkl,/Users/glennthompson/Developer/KSCRocketSeismoHydrology/08_fireball_paper/falcon9-seismoacoustic-workflow-1.0.0/data/outputs/070_prepare_event_waveform_products/event_streams/candidate_event_087.pkl,1472736017.4765668,1472736018.5765667
88,1472736018.6420667,1472736018.641,1472736018.6431334,0.0021333694458007,2,2,"DD2,DD3","540,541",1472736018.641,1472736018.656,2016-09-01 13:20:18.642066717+00:00,2016-09-01 13:20:18.641000032+00:00,2016-09-01 13:20:18.655999899+00:00,retain,at least two reduced-time-associated infrasound channels,,,,88,88,2,2,0.0021333694458007812,"DD2,DD3",2,True,,8.458558082463208,True,130.0,140.0,0.021933317184448242,0.061933279037475586,9.427943871190385,-7.278120055293793,16.706063926484177,0.039999961853027344,0.0019333362579345703,0.08193325996398926,0.0019333362579345703,0.10993337631225586,0.10800004005432129,1.1146041416606178,2.2292082833212357,noise_threshold,noise_threshold,moderate_impulsive,moderate_impulsive,candidate_event_088.pkl,/Users/glennthompson/Developer/KSCRocketSeismoHydrology/08_fireball_paper/falcon9-seismoacoustic-workflow-1.0.0/data/outputs/070_prepare_event_waveform_products/event_streams/candidate_event_088.pkl,1472736018.1420667,1472736019.2420666
89,1472736020.5260668,1472736020.525,1472736020.5271337,0.0021333694458007,2,2,"DD2,DD3","543,544",1472736020.525,1472736020.54,2016-09-01 13:20:20.526066779+00:00,2016-09-01 13:20:20.525000095+00:00,2016-09-01 13:20:20.539999962+00:00,retain,at least two reduced-time-associated infrasound channels,,,,89,89,2,2,0.002133607864379883,"DD2,DD3",2,True,,6.922892374463832,True,134.0,143.0,0.037933349609375,0.07393336296081543,5.782735534554652,-6.302832670194012,12.085568204748665,0.03600001335144043,0.019933342933654785,0.09193336963653564,0.0019333362579345703,0.1459333896636963,0.14400005340576172,0.9104334329164198,1.8208668658328395,noise_threshold,noise_threshold,moderate_impulsive,moderate_impulsive,candidate_event_089.pkl,/Users/glennthompson/Developer/KSCRocketSeismoHydrology/08_fireball_paper/falcon9-seismoacoustic-workflow-1.0.0/data/outputs/070_prepare_event_waveform_products/event_streams/candidate_event_089.pkl,1472736020.0260668,1472736021.1260667
90,1472736023.4185667,1472736023.4151337,1472736023.422,0.006866455078125,2,2,"DD2,DD3","545,546",1472736023.422,1472736023.428,2016-09-01 13:20:23.418566704+00:00,2016-09-01 13:20:23.421999931+00:00,2016-09-01 13:20:23.427999973+00:00,retain,at least two reduced-time-associated infrasound channels,,,,90,90,2,2,0.0068662166595458984,"DD2,DD3",2,True,,6.736916707644923,True,130.0,135.0,0.021433353424072266,0.04143333435058594,10.36790906492372,-4.157479737163429,14.52538880208715,0.019999980926513672,0.01143336296081543,0.05143332481384277,0.0014333724975585938,0.057433366775512695,0.0559999942779541,1.5389694595983971,3.0779389191967943,noise_threshold,noise_threshold,moderate_impulsive,moderate_impulsive,candidate_event_090.pkl,/Users/glennthompson/Developer/KSCRocketSeismoHydrology/08_fireball_paper/falcon9-seismoacoustic-workflow-1.0.0/data/outputs/070_prepare_event_waveform_products/event_streams/candidate_event_090.pkl,1472736022.9185667,1472736024.0185666
91,1472736026.3125668,1472736026.3121336,1472736026.313,0.000866413116455,2,2,"DD2,DD3","548,549",1472736026.313,1472736026.325,2016-09-01 13:20:26.312566757+00:00,2016-09-01 13:20:26.312999964+00:00,2016-09-01 13:20:26.325000048+00:00,retain,at least two reduced-time-associated infrasound channels,,,,91,91,2,2,0.0008664131164550781,"DD2,DD3",2,True,,26.522192287489762,True,130.0,138.0,0.021326541900634766,0.05332660675048828,25.08556000049227,-8.743943417254105,33.82950341774637,0.032000064849853516,0.005326509475708008,0.06932663917541504,-0.03867340087890625,0.16532659530639648,0.20399999618530273,0.9458328228894133,1.8916656457788266,noise_threshold,noise_threshold,moderate_impulsive,moderate_impulsive,candidate_event_091.pkl,/Users/glennthompson/Developer/KSCRocketSeismoHydrology/08_fireball_paper/falcon9-seismoacoustic-workflow-1.0.0/data/outputs/070_prepare_event_waveform_products/event_streams/candidate_event_091.pkl,1472736025.8125668,1472736026.9125667
92,1472736028.6020668,1472736028.601,1472736028.6031334,0.0021333694458007,2,2,"DD2,DD3","552,553",1472736028.601,1472736028.616,2016-09-01 13:20:28.602066755+00:00,2016-09-01 13:20:28.601000071+00:00,2016-09-01 13:20:28.615999937+00:00,retain,at least two reduced-time-associated infrasound channels,,,,92,92,2,2,0.0021333694458007812,"DD2,DD3",2,True,,7.5225092066519945,True,130.0,142.0,0.021933317184448242,0.06993341445922852,11.154988810695498,-5.453968305296579,16.608957115992077,0.04800009727478027,-0.0020667314529418945,0.09393346309661865,0.0019333362579345703,0.08593344688415527,0.0840001106262207,1.4828813769787585,2.965762753957517,noise_threshold,noise_threshold,moderate_impulsive,moderate_impulsive,candidate_event_092.pkl,/Users/glennthompson/Developer/KSCRocketSeismoHydrology/08_fireball_paper/falcon9-seismoacoustic-workflow-1.0.0/data/outputs/070_prepare_event_waveform_products/event_streams/candidate_event_092.pkl,1472736028.1020668,1472736029.2020667
93,1472736033.8025668,1472736033.7961335,1472736033.809,0.0128664970397949,2,2,"DD2,DD3","555,556",1472736033.809,1472736033.809,2016-09-01 13:20:33.802566767+00:00,2016-09-01 13:20:33.809000015+00:00,2016-09-01 13:20:33.809000015+00:00,retain,at least two reduced-time-associated infrasound channels,,,,93,93,2,2,0.012866497039794922,"DD2,DD3",2,True,,11.137779563105118,True,131.0,142.0,0.025433063507080078,0.06943321228027344,10.166775191968949,-6.693767048862235,16.860542240831183,0.04400014877319336,0.0034329891204833984,0.09143328666687012,-0.01856684684753418,0.08943319320678711,0.10800004005432129,0.9128188553531166,1.8256377107062332,noise_threshold,noise_threshold,moderate_impulsive,moderate_impulsive,candidate_event_093.pkl,/Users/glennthompson/Developer/KSCRocketSeismoHydrology/08_fireball_paper/falcon9-seismoacoustic-workflow-1.0.0/data/outputs/070_prepare_event_waveform_products/event_streams/candidate_event_093.pkl,1472736033.3025668,1472736034.4025667
94,1472736039.8355668,1472736039.8311336,1472736039.84,0.0088663101196289,2,2,"DD2,DD3","558,559",1472736039.84,1472736039.844,2016-09-01 13:20:39.835566759+00:00,2016-09-01 13:20:39.839999914+00:00,2016-09-01 13:20:39.844000101+00:00,retain,at least two reduced-time-associated infrasound channels,,,,94,94,2,2,0.008866310119628906,"DD2,DD3",2,True,,8.886772845017727,True,129.0,135.0,0.016433238983154297,0.04043316841125488,11.498555181807848,-10.690715898567518,22.189271080375367,0.023999929428100586,0.004433274269104004,0.052433133125305176,0.004433155059814453,0.08443331718444824,0.08000016212463379,1.2938954761575108,2.5877909523150215,noise_threshold,noise_threshold,moderate_impulsive,moderate_impulsive,candidate_event_094.pkl,/Users/glennthompson/Developer/KSCRocketSeismoHydrology/08_fireball_paper/falcon9-seismoacoustic-workflow-1.0.0/data/outputs/070_prepare_event_waveform_products/event_streams/candidate_event_094.pkl,1472736039.3355668,1472736040.4355667
95,1472736040.7351334,1472736040.7338932,1472736040.736,0.0021069049835205,3,3,"DD1,DD2,DD3","564,561,562",1472736040.736,1472736040.824,2016-09-01 13:20:40.735133410+00:00,2016-09-01 13:20:40.736000061+00:00,2016-09-01 13:20:40.823999882+00:00,retain,at least two reduced-time-associated infrasound channels,,,,95,95,3,3,0.002106904983520508,"DD1,DD2,DD3",3,True,,20.819792469483506,True,129.0,142.0,0.016866683959960938,0.06886672973632812,35.08523411699891,-14.467407114550879,49.55264123154979,0.05200004577636719,-0.009133338928222656,0.09486675262451172,0.0008666515350341797,0.09686660766601562,0.09599995613098145,1.685186543930488,3.370373087860976,noise_threshold,noise_threshold,robust_impulsive,robust_impulsive,candidate_event_095.pkl,/Users/glennthompson/Developer/KSCRocketSeismoHydrology/08_fireball_paper/falcon9-seismoacoustic-workflow-1.0.0/data/outputs/070_prepare_event_waveform_products/event_streams/candidate_event_095.pkl,1472736040.2351334,1472736041.3351333
96,1472736054.0225668,1472736054.0131335,1472736054.032,0.0188665390014648,2,2,"DD2,DD3","567,566",1472736054.026,1472736054.032,2016-09-01 13:20:54.022566795+00:00,2016-09-01 13:20:54.026000023+00:00,2016-09-01 13:20:54.032000065+00:00,retain,at least two reduced-time-associated infrasound channels,,,,96,96,2,2,0.018866539001464844,"DD2,DD3",2,True,,15.290978228345807,True,132.0,137.0,0.029433250427246094,0.049433231353759766,8.11262099137422,-16.102146013727086,24.214767005101308,0.019999980926513672,0.019433259963989258,0.0594332218170166,-0.002566814422607422,0.1414332389831543,0.14400005340576172,1.0530487829665187,2.1060975659330374,noise_threshold,noise_threshold,moderate_impulsive,moderate_impulsive,candidate_event_096.pkl,/Users/glennthompson/Developer/KSCRocketSeismoHydrology/08_fireball_paper/falcon9-seismoacoustic-workflow-1.0.0/data/outputs/070_prepare_event_waveform_products/event_streams/candidate_event_096.pkl,1472736053.5225668,1472736054.6225667
97,1472736067.2175667,1472736067.214,1472736067.2211337,0.0071334838867187,2,2,"DD2,DD3","572,573",1472736067.214,1472736067.234,2016-09-01 13:21:07.217566729+00:00,2016-09-01 13:21:07.213999987+00:00,2016-09-01 13:21:07.233999968+00:00,retain,at least two reduced-time-associated infrasound channels,,,,97,97,2,2,0.0071337223052978516,"DD2,DD3",2,True,,5.131885793028951,True,128.0,141.0,0.013566732406616211,0.0655665397644043,4.367602707262294,-6.169295155712353,10.536897862974648,0.051999807357788086,-0.012433171272277832,0.09156644344329834,-0.026433467864990234,0.0935666561126709,0.12000012397766113,1.2021497368652665,2.404299473730533,noise_threshold,noise_threshold,moderate_impulsive,moderate_impulsive,candidate_event_097.pkl,/Users/glennthompson/Developer/KSCRocketSeismoHydrology/08_fireball_paper/falcon9-seismoacoustic-workflow-1.0.0/data/outputs/070_prepare_event_waveform_products/event_streams/candidate_event_097.pkl,1472736066.7175667,1472736067.8175666
98,1472736068.9565668,1472736068.953,1472736068.9601336,0.0071334838867187,2,2,"DD2,DD3","576,577",1472736068.953,1472736068.973,2016-09-01 13:21:08.956566811+00:00,2016-09-01 13:21:08.953000069+00:00,2016-09-01 13:21:08.973000050+00:00,retain,at least two reduced-time-associated infrasound channels,,,,98,98,2,2,0.00713348388671875,"DD2,DD3",2,True,,13.385890582984317,True,133.0,139.0,0.03332662582397461,0.057326555252075195,12.105128274465546,-15.38604505243827,27.491173326903816,0.023999929428100586,0.021326661109924316,0.06932651996612549,0.0013265609741210938,0.16132664680480957,0.16000008583068848,1.1494225921730215,2.298845184346043,noise_threshold,noise_threshold,moderate_impulsive,moderate_impulsive,candidate_event_098.pkl,/Users/glennthompson/Developer/KSCRocketSeismoHydrology/08_fireball_paper/falcon9-seismoacoustic-workflow-1.0.0/data/outputs/070_prepare_event_waveform_products/event_streams/candidate_event_098.pkl,1472736068.4565668,1472736069.5565667
99,1472736071.7475667,1472736071.7441337,1472736071.751,0.006866455078125,2,2,"DD2,DD3","578,579",1472736071.751,1472736071.757,2016-09-01 13:21:11.747566700+00:00,2016-09-01 13:21:11.750999928+00:00,2016-09-01 13:21:11.756999969+00:00,retain,at least two reduced-time-associated infrasound channels,,,,99,99,2,2,0.0068662166595458984,"DD2,DD3",2,True,,8.82270988337584,True,129.0,135.0,0.016433238983154297,0.04043316841125488,11.065928119441942,-7.323541717360907,18.38946983680285,0.023999929428100586,0.004433274269104004,0.052433133125305176,0.00043320655822753906,0.05643320083618164,0.0559999942779541,1.2542550152638339,2.5085100305276677,noise_threshold,noise_threshold,moderate_impulsive,moderate_impulsive,candidate_event_099.pkl,/Users/glennthompson/Developer/KSCRocketSeismoHydrology/08_fireball_paper/falcon9-seismoacoustic-workflow-1.0.0/data/outputs/070_prepare_event_waveform_products/event_streams/candidate_event_099.pkl,1472736071.2475667,1472736072.3475666
100,1472736074.8670669,1472736074.865,1472736074.8691337,0.0041334629058837,2,2,"DD2,DD3","581,582",1472736074.865,1472736074.882,2016-09-01 13:21:14.867066860+00:00,2016-09-01 13:21:14.865000010+00:00,2016-09-01 13:21:14.881999969+00:00,retain,at least two reduced-time-associated infrasound channels,,,,100,100,2,2,0.004133701324462891,"DD2,DD3",2,True,,7.938024908704621,True,131.0,136.0,0.0249330997467041,0.04493308067321777,7.538186980463996,-6.326357970476501,13.864544950940497,0.019999980926513672,0.014933109283447266,0.05493307113647461,0.0009331703186035156,0.07693314552307129,0.07599997520446777,0.9496300486784598,1.8992600973569196,noise_threshold,noise_threshold,moderate_impulsive,moderate_impulsive,candidate_event_100.pkl,/Users/glennthompson/Developer/KSCRocketSeismoHydrology/08_fireball_paper/falcon9-seismoacoustic-workflow-1.0.0/data/outputs/070_prepare_event_waveform_products/event_streams/candidate_event_100.pkl,1472736074.3670669,1472736075.4670668
101,1472736075.0635667,1472736075.0581336,1472736075.069,0.0108664035797119,2,2,"DD2,DD3","585,586",1472736075.069,1472736075.071,2016-09-01 13:21:15.063566685+00:00,2016-09-01 13:21:15.069000006+00:00,2016-09-01 13:21:15.071000099+00:00,retain,at least two reduced-time-associated infrasound channels,,,,101,101,2,2,0.010866403579711914,"DD2,DD3",2,True,,3.1433849864752124,True,128.0,136.0,0.012433290481567383,0.0444331169128418,5.536949120731811,-3.940342148477946,9.477291269209758,0.031999826431274414,-0.0035666227340698242,0.060433030128479004,0.004433155059814453,0.05643320083618164,0.05200004577636719,1.7614607006635181,3.5229214013270362,noise_threshold,noise_threshold,weak_impulsive,weak_impulsive,candidate_event_101.pkl,/Users/glennthompson/Developer/KSCRocketSeismoHydrology/08_fireball_paper/falcon9-seismoacoustic-workflow-1.0.0/data/outputs/070_prepare_event_waveform_products/event_streams/candidate_event_101.pkl,1472736074.5635667,1472736075.6635666
102,1472736077.2705667,1472736077.2601335,1472736077.281,0.0208663940429687,2,2,"DD2,DD3","588,587",1472736077.273,1472736077.281,2016-09-01 13:21:17.270566702+00:00,2016-09-01 13:21:17.273000002+00:00,2016-09-01 13:21:17.280999899+00:00,retain,at least two reduced-time-associated infrasound channels,,,,102,102,2,2,0.02086639404296875,"DD2,DD3",2,True,,2.891092352411606,True,130.0,136.0,0.021433353424072266,0.04543328285217285,6.486406750004592,-5.261117563829631,11.747524313834223,0.023999929428100586,0.009433388710021973,0.057433247566223145,0.013433456420898438,0.057433366775512695,0.04399991035461426,2.2435833793389386,4.487166758677877,noise_threshold,noise_threshold,weak_impulsive,weak_impulsive,candidate_event_102.pkl,/Users/glennthompson/Developer/KSCRocketSeismoHydrology/08_fireball_paper/falcon9-seismoacoustic-workflow-1.0.0/data/outputs/070_prepare_event_waveform_products/event_streams/candidate_event_102.pkl,1472736076.7705667,1472736077.8705666
103,1472736077.6620667,1472736077.6591334,1472736077.665,0.005866527557373,2,2,"DD2,DD3","590,591",1472736077.665,1472736077.672,2016-09-01 13:21:17.662066698+00:00,2016-09-01 13:21:17.664999962+00:00,2016-09-01 13:21:17.671999931+00:00,retain,at least two reduced-time-associated infrasound channels,,,,103,103,2,2,0.005866527557373047,"DD2,DD3",2,True,,9.355518828975992,True,127.0,134.0,0.009933233261108398,0.037933349609375,14.249969425619938,-11.954499755362646,26.204469180982585,0.0280001163482666,-0.004066824913024902,0.0519334077835083,-0.006066560745239258,0.0659332275390625,0.07199978828430176,1.523161856238781,3.046323712477562,noise_threshold,noise_threshold,moderate_impulsive,moderate_impulsive,candidate_event_103.pkl,/Users/glennthompson/Developer/KSCRocketSeismoHydrology/08_fireball_paper/falcon9-seismoacoustic-workflow-1.0.0/data/outputs/070_prepare_event_waveform_products/event_streams/candidate_event_103.pkl,1472736077.1620667,1472736078.2620666
104,1472736077.9950666,1472736077.9921336,1472736077.998,0.0058662891387939,2,2,"DD2,DD3","593,594",1472736077.998,1472736078.005,2016-09-01 13:21:17.995066643+00:00,2016-09-01 13:21:17.997999907+00:00,2016-09-01 13:21:18.005000114+00:00,retain,at least two reduced-time-associated infrasound channels,,,,104,104,2,2,0.005866289138793945,"DD2,DD3",2,True,,5.029645440959597,True,131.0,136.0,0.024933338165283203,0.044933319091796875,7.731581188589685,-11.301695693211727,19.033276881801413,0.019999980926513672,0.014933347702026367,0.05493330955505371,0.008933305740356445,0.06493330001831055,0.0559999942779541,2.2470163803545358,4.4940327607090715,noise_threshold,noise_threshold,moderate_impulsive,moderate_impulsive,candidate_event_104.pkl,/Users/glennthompson/Developer/KSCRocketSeismoHydrology/08_fireball_paper/falcon9-seismoacoustic-workflow-1.0.0/data/outputs/070_prepare_event_waveform_products/event_streams/candidate_event_104.pkl,1472736077.4950666,1472736078.5950665
105,1472736078.8450668,1472736078.8411336,1472736078.849,0.0078663825988769,2,2,"DD2,DD3","596,597",1472736078.849,1472736078.854,2016-09-01 13:21:18.845066786+00:00,2016-09-01 13:21:18.848999977+00:00,2016-09-01 13:21:18.854000092+00:00,retain,at least two reduced-time-associated infrasound channels,,,,105,105,2,2,0.007866382598876953,"DD2,DD3",2,True,,8.396091460773466,True,126.0,131.0,0.004826545715332031,0.024826526641845703,7.336860537721767,-2.576873442262842,9.91373397998461,0.019999980926513672,-0.005173444747924805,0.03482651710510254,-0.019173383712768555,0.06082653999328613,0.07999992370605469,0.8738423791593476,1.7476847583186952,noise_threshold,noise_threshold,moderate_impulsive,moderate_impulsive,candidate_event_105.pkl,/Users/glennthompson/Developer/KSCRocketSeismoHydrology/08_fireball_paper/falcon9-seismoacoustic-workflow-1.0.0/data/outputs/070_prepare_event_waveform_products/event_streams/candidate_event_105.pkl,1472736078.3450668,1472736079.4450667
106,1472736080.0200667,1472736080.0131335,1472736080.027,0.0138664245605468,2,2,"DD2,DD3","599,598",1472736080.026,1472736080.027,2016-09-01 13:21:20.020066738+00:00,2016-09-01 13:21:20.026000023+00:00,2016-09-01 13:21:20.026999950+00:00,retain,at least two reduced-time-associated infrasound channels,,,,106,106,2,2,0.013866424560546875,"DD2,DD3",2,True,,0.9619013600934918,True,128.0,167.0,0.013826608657836914,0.16982650756835938,6.252296909628321,-6.921332420544726,13.173629330173046,0.15599989891052246,-0.06417334079742432,0.2478264570236206,0.009826421737670898,0.18182659149169922,0.17200016975402832,7.1954700426580205,14.390940085316041,noise_threshold,noise_threshold,weak_impulsive,weak_impulsive,candidate_event_106.pkl,/Users/glennthompson/Developer/KSCRocketSeismoHydrology/08_fireball_paper/falcon9-seismoacoustic-workflow-1.0.0/data/outputs/070_prepare_event_waveform_products/event_streams/candidate_event_106.pkl,1472736079.5200667,1472736080.6200666
107,1472736080.1440668,1472736080.144,1472736080.1441336,0.0001335144042968,2,2,"DD2,DD3","600,601",1472736080.144,1472736080.157,2016-09-01 13:21:20.144066811+00:00,2016-09-01 13:21:20.144000053+00:00,2016-09-01 13:21:20.157000065+00:00,retain,at least two reduced-time-associated infrasound channels,,,,107,107,2,2,0.000133514404296875,"DD2,DD3",2,True,,2.1994579433955055,True,130.0,136.0,0.021826505661010742,0.04582643508911133,5.0398938803958675,-6.921401485584919,11.961295365980787,0.023999929428100586,0.00982654094696045,0.05782639980316162,0.017826557159423828,0.05782651901245117,0.039999961853027344,3.1468669389057355,6.293733877811471,noise_threshold,noise_threshold,weak_impulsive,weak_impulsive,candidate_event_107.pkl,/Users/glennthompson/Developer/KSCRocketSeismoHydrology/08_fireball_paper/falcon9-seismoacoustic-workflow-1.0.0/data/outputs/070_prepare_event_waveform_products/event_streams/candidate_event_107.pkl,1472736079.6440668,1472736080.7440667
108,1472736080.6345668,1472736080.633,1472736080.6361334,0.0031335353851318,2,2,"DD2,DD3","602,603",1472736080.633,1472736080.649,2016-09-01 13:21:20.634566784+00:00,2016-09-01 13:21:20.632999897+00:00,2016-09-01 13:21:20.648999929+00:00,retain,at least two reduced-time-associated infrasound channels,,,,108,108,2,2,0.003133535385131836,"DD2,DD3",2,True,,9.893125157550628,True,128.0,134.0,0.013433218002319336,0.03743314743041992,8.565534593519537,-8.364366544981856,16.929901138501393,0.023999929428100586,0.001433253288269043,0.049433112144470215,0.0014331340789794922,0.08943319320678711,0.08800005912780762,0.8658067554095534,1.7316135108191069,noise_threshold,noise_threshold,moderate_impulsive,moderate_impulsive,candidate_event_108.pkl,/Users/glennthompson/Developer/KSCRocketSeismoHydrology/08_fireball_paper/falcon9-seismoacoustic-workflow-1.0.0/data/outputs/070_prepare_event_waveform_products/event_streams/candidate_event_108.pkl,1472736080.1345668,1472736081.2345667
109,1472736081.7098932,1472736081.7081337,1472736081.717,0.008866548538208,3,3,"DD1,DD2,DD3","607,604,605",1472736081.717,1472736081.8,2016-09-01 13:21:21.709893227+00:00,2016-09-01 13:21:21.717000008+00:00,2016-09-01 13:21:21.799999952+00:00,retain,at least two reduced-time-associated infrasound channels,,,,109,109,3,3,0.008866310119628906,"DD1,DD2,DD3",3,True,,15.435033996953818,True,129.0,135.0,0.017240285873413086,0.04124021530151367,17.432632004096966,-14.628752052647448,32.061384056744416,0.023999929428100586,0.005240321159362793,0.053240180015563965,0.0012402534484863281,0.09724020957946777,0.09599995613098145,1.1294197348407127,2.2588394696814253,noise_threshold,noise_threshold,robust_impulsive,robust_impulsive,candidate_event_109.pkl,/Users/glennthompson/Developer/KSCRocketSeismoHydrology/08_fireball_paper/falcon9-seismoacoustic-workflow-1.0.0/data/outputs/070_prepare_event_waveform_products/event_streams/candidate_event_109.pkl,1472736081.2098932,1472736082.3098931
110,1472736091.6875668,1472736091.6841335,1472736091.691,0.006866455078125,2,2,"DD2,DD3","611,612",1472736091.691,1472736091.697,2016-09-01 13:21:31.687566757+00:00,2016-09-01 13:21:31.690999985+00:00,2016-09-01 13:21:31.697000027+00:00,retain,at least two reduced-time-associated infrasound channels,,,,110,110,2,2,0.006866455078125,"DD2,DD3",2,True,,8.253149261780404,True,130.0,134.0,0.02043318748474121,0.03643321990966797,9.28584931468652,-6.1592878030017,15.445137117688219,0.016000032424926758,0.012433171272277832,0.04443323612213135,0.004433155059814453,0.08043313026428223,0.07599997520446777,1.1251279990401308,2.2502559980802617,noise_threshold,noise_threshold,moderate_impulsive,moderate_impulsive,candidate_event_110.pkl,/Users/glennthompson/Developer/KSCRocketSeismoHydrology/08_fireball_paper/falcon9-seismoacoustic-workflow-1.0.0/data/outputs/070_prepare_event_waveform_products/event_streams/candidate_event_110.pkl,1472736091.1875668,1472736092.2875667
111,1472736100.0065668,1472736100.005,1472736100.0081334,0.0031332969665527,2,2,"DD2,DD3","616,617",1472736100.005,1472736100.021,2016-09-01 13:21:40.006566763+00:00,2016-09-01 13:21:40.005000114+00:00,2016-09-01 13:21:40.020999908+00:00,retain,at least two reduced-time-associated infrasound channels,,,,111,111,2,2,0.0031332969665527344,"DD2,DD3",2,True,,17.3874970208703,True,130.0,136.0,0.021433115005493164,0.04543304443359375,17.015242224966624,-10.075802585189841,27.091044810156465,0.023999929428100586,0.009433150291442871,0.05743300914764404,0.005433082580566406,0.09743309020996094,0.09200000762939453,0.9785906622754927,1.9571813245509855,noise_threshold,noise_threshold,moderate_impulsive,moderate_impulsive,candidate_event_111.pkl,/Users/glennthompson/Developer/KSCRocketSeismoHydrology/08_fireball_paper/falcon9-seismoacoustic-workflow-1.0.0/data/outputs/070_prepare_event_waveform_products/event_streams/candidate_event_111.pkl,1472736099.5065668,1472736100.6065667
112,1472736105.9385667,1472736105.933,1472736105.9441335,0.0111334323883056,2,2,"DD2,DD3","620,621",1472736105.933,1472736105.957,2016-09-01 13:21:45.938566685+00:00,2016-09-01 13:21:45.933000088+00:00,2016-09-01 13:21:45.957000017+00:00,retain,at least two reduced-time-associated infrasound channels,,,,112,112,2,2,0.011133432388305664,"DD2,DD3",2,True,,10.759570885890941,True,128.0,133.0,0.013433456420898438,0.03343343734741211,9.799965723738294,-7.306809701072411,17.106775424810706,0.019999980926513672,0.0034334659576416016,0.043433427810668945,-0.006566524505615234,0.0854334831237793,0.09200000762939453,0.9108138073228386,1.8216276146456771,noise_threshold,noise_threshold,moderate_impulsive,moderate_impulsive,candidate_event_112.pkl,/Users/glennthompson/Developer/KSCRocketSeismoHydrology/08_fireball_paper/falcon9-seismoacoustic-workflow-1.0.0/data/outputs/070_prepare_event_waveform_products/event_streams/candidate_event_112.pkl,1472736105.4385667,1472736106.5385666
113,1472736111.0235667,1472736111.0191336,1472736111.028,0.008866548538208,2,2,"DD2,DD3","624,625",1472736111.028,1472736111.032,2016-09-01 13:21:51.023566723+00:00,2016-09-01 13:21:51.028000116+00:00,2016-09-01 13:21:51.032000065+00:00,retain,at least two reduced-time-associated infrasound channels,,,,113,113,2,2,0.008866548538208008,"DD2,DD3",2,True,,6.705031624208278,True,128.0,135.0,0.012433290481567383,0.04043316841125488,9.383596894448413,-7.216855454004554,16.60045234845297,0.0279998779296875,-0.0015666484832763672,0.05443310737609863,0.004433155059814453,0.060433149337768555,0.0559999942779541,1.3994858518741762,2.7989717037483524,noise_threshold,noise_threshold,moderate_impulsive,moderate_impulsive,candidate_event_113.pkl,/Users/glennthompson/Developer/KSCRocketSeismoHydrology/08_fireball_paper/falcon9-seismoacoustic-workflow-1.0.0/data/outputs/070_prepare_event_waveform_products/event_streams/candidate_event_113.pkl,1472736110.5235667,1472736111.6235666
114,1472736111.8925667,1472736111.889,1472736111.8961334,0.0071334838867187,2,2,"DD2,DD3","627,628",1472736111.889,1472736111.909,2016-09-01 13:21:51.892566681+00:00,2016-09-01 13:21:51.888999939+00:00,2016-09-01 13:21:51.908999920+00:00,retain,at least two reduced-time-associated infrasound channels,,,,114,114,2,2,0.00713348388671875,"DD2,DD3",2,True,,7.139734559101126,True,131.0,140.0,0.02532672882080078,0.06132674217224121,9.030575651874035,-5.585228987489989,14.615804639364024,0.03600001335144043,0.007326722145080566,0.07932674884796143,0.009326696395874023,0.08132672309875488,0.07200002670288086,1.2648335280703993,2.5296670561407986,noise_threshold,noise_threshold,moderate_impulsive,moderate_impulsive,candidate_event_114.pkl,/Users/glennthompson/Developer/KSCRocketSeismoHydrology/08_fireball_paper/falcon9-seismoacoustic-workflow-1.0.0/data/outputs/070_prepare_event_waveform_products/event_streams/candidate_event_114.pkl,1472736111.3925667,1472736112.4925666
115,1472736113.9460669,1472736113.945,1472736113.9471335,0.0021336078643798,2,2,"DD2,DD3","630,631",1472736113.945,1472736113.96,2016-09-01 13:21:53.946066856+00:00,2016-09-01 13:21:53.944999933+00:00,2016-09-01 13:21:53.960000038+00:00,retain,at least two reduced-time-associated infrasound channels,,,,115,115,2,2,0.002133607864379883,"DD2,DD3",2,True,,1.6947938302587486,True,127.0,132.0,0.009932994842529297,0.02993321418762207,5.10139050556185,-2.9593241725383086,8.060714678100158,0.020000219345092773,-6.711483001708984e-05,0.03993332386016846,0.005933046340942383,0.04193305969238281,0.03600001335144043,3.010036037706726,6.020072075413452,noise_threshold,noise_threshold,weak_impulsive,weak_impulsive,candidate_event_115.pkl,/Users/glennthompson/Developer/KSCRocketSeismoHydrology/08_fireball_paper/falcon9-seismoacoustic-workflow-1.0.0/data/outputs/070_prepare_event_waveform_products/event_streams/candidate_event_115.pkl,1472736113.4460669,1472736114.5460668
116,1472736114.5260668,1472736114.525,1472736114.5271337,0.0021333694458007,2,2,"DD2,DD3","633,634",1472736114.525,1472736114.54,2016-09-01 13:21:54.526066779+00:00,2016-09-01 13:21:54.525000095+00:00,2016-09-01 13:21:54.539999962+00:00,retain,at least two reduced-time-associated infrasound channels,,,,116,116,2,2,0.002133607864379883,"DD2,DD3",2,True,,5.547339393643353,True,128.0,133.0,0.013933420181274414,0.033933401107788086,8.1519685781595,-6.3904304795338644,14.542399057693366,0.019999980926513672,0.003933429718017578,0.04393339157104492,0.0019333362579345703,0.05793333053588867,0.0559999942779541,1.4695276419360188,2.9390552838720376,noise_threshold,noise_threshold,moderate_impulsive,moderate_impulsive,candidate_event_116.pkl,/Users/glennthompson/Developer/KSCRocketSeismoHydrology/08_fireball_paper/falcon9-seismoacoustic-workflow-1.0.0/data/outputs/070_prepare_event_waveform_products/event_streams/candidate_event_116.pkl,1472736114.0260668,1472736115.1260667
117,1472736114.908567,1472736114.9071336,1472736114.91,0.002866506576538,2,2,"DD2,DD3","635,636",1472736114.91,1472736114.92,2016-09-01 13:21:54.908566952+00:00,2016-09-01 13:21:54.910000086+00:00,2016-09-01 13:21:54.920000076+00:00,retain,at least two reduced-time-associated infrasound channels,,,,117,117,2,2,0.002866506576538086,"DD2,DD3",2,True,,3.5240671121516605,True,128.0,134.0,0.013326406478881836,0.03732633590698242,4.7842410793807,-3.1723909055570285,7.9566319849377285,0.023999929428100586,0.001326441764831543,0.049326300621032715,0.005326271057128906,0.05332636833190918,0.04800009727478027,1.3575907969753804,2.715181593950761,noise_threshold,noise_threshold,weak_impulsive,weak_impulsive,candidate_event_117.pkl,/Users/glennthompson/Developer/KSCRocketSeismoHydrology/08_fireball_paper/falcon9-seismoacoustic-workflow-1.0.0/data/outputs/070_prepare_event_waveform_products/event_streams/candidate_event_117.pkl,1472736114.408567,1472736115.5085669
118,1472736115.3265667,1472736115.3211336,1472736115.332,0.0108664035797119,2,2,"DD2,DD3","637,638",1472736115.332,1472736115.334,2016-09-01 13:21:55.326566696+00:00,2016-09-01 13:21:55.332000017+00:00,2016-09-01 13:21:55.334000111+00:00,retain,at least two reduced-time-associated infrasound channels,,,,118,118,2,2,0.010866403579711914,"DD2,DD3",2,True,,4.401828067406789,True,128.0,135.0,0.013433456420898438,0.04143333435058594,7.298264869971998,-4.8471624506012425,12.14542732057324,0.0279998779296875,-0.0005664825439453125,0.05543327331542969,0.005433320999145508,0.057433366775512695,0.05200004577636719,1.658007709117899,3.316015418235798,noise_threshold,noise_threshold,moderate_impulsive,moderate_impulsive,candidate_event_118.pkl,/Users/glennthompson/Developer/KSCRocketSeismoHydrology/08_fireball_paper/falcon9-seismoacoustic-workflow-1.0.0/data/outputs/070_prepare_event_waveform_products/event_streams/candidate_event_118.pkl,1472736114.8265667,1472736115.9265666
119,1472736115.6210668,1472736115.6171336,1472736115.625,0.0078663825988769,2,2,"DD2,DD3","639,640",1472736115.625,1472736115.63,2016-09-01 13:21:55.621066809+00:00,2016-09-01 13:21:55.625000+00:00,2016-09-01 13:21:55.630000114+00:00,retain,at least two reduced-time-associated infrasound channels,,,,119,119,2,2,0.007866382598876953,"DD2,DD3",2,True,,6.561012616198119,True,128.0,133.0,0.012826681137084961,0.03282666206359863,7.079928623688753,-2.3102828862625313,9.390211509951284,0.019999980926513672,0.002826690673828125,0.04282665252685547,-0.011173486709594727,0.044826507568359375,0.0559999942779541,1.0790908412840894,2.1581816825681788,noise_threshold,noise_threshold,moderate_impulsive,moderate_impulsive,candidate_event_119.pkl,/Users/glennthompson/Developer/KSCRocketSeismoHydrology/08_fireball_paper/falcon9-seismoacoustic-workflow-1.0.0/data/outputs/070_prepare_event_waveform_products/event_streams/candidate_event_119.pkl,1472736115.1210668,1472736116.2210667
120,1472736115.879567,1472736115.8791337,1472736115.88,0.0008666515350341,2,2,"DD2,DD3","641,642",1472736115.88,1472736115.892,2016-09-01 13:21:55.879566669+00:00,2016-09-01 13:21:55.880000114+00:00,2016-09-01 13:21:55.891999960+00:00,retain,at least two reduced-time-associated infrasound channels,,,,120,120,2,2,0.0008664131164550781,"DD2,DD3",2,True,,3.1157900570809063,True,126.0,137.0,0.004433155059814453,0.04843330383300781,3.4369559672582914,-3.540655425774695,6.977611393032987,0.04400014877319336,-0.017566919326782227,0.07043337821960449,-0.003566741943359375,0.06443309783935547,0.06799983978271484,1.136358792123444,2.272717584246888,noise_threshold,noise_threshold,weak_impulsive,weak_impulsive,candidate_event_120.pkl,/Users/glennthompson/Developer/KSCRocketSeismoHydrology/08_fireball_paper/falcon9-seismoacoustic-workflow-1.0.0/data/outputs/070_prepare_event_waveform_products/event_streams/candidate_event_120.pkl,1472736115.379567,1472736116.4795668
121,1472736116.4020667,1472736116.3991334,1472736116.405,0.005866527557373,2,2,"DD2,DD3","643,644",1472736116.405,1472736116.412,2016-09-01 13:21:56.402066708+00:00,2016-09-01 13:21:56.404999971+00:00,2016-09-01 13:21:56.411999941+00:00,retain,at least two reduced-time-associated infrasound channels,,,,121,121,2,2,0.005866527557373047,"DD2,DD3",2,True,,18.537223075777728,True,127.0,133.0,0.009933233261108398,0.033933401107788086,15.319756885685262,-11.924622313666703,27.244379199351965,0.024000167846679688,-0.0020668506622314453,0.04593348503112793,-0.010066747665405273,0.05393338203430176,0.06400012969970703,0.8264321372764472,1.6528642745528943,noise_threshold,noise_threshold,moderate_impulsive,moderate_impulsive,candidate_event_121.pkl,/Users/glennthompson/Developer/KSCRocketSeismoHydrology/08_fireball_paper/falcon9-seismoacoustic-workflow-1.0.0/data/outputs/070_prepare_event_waveform_products/event_streams/candidate_event_121.pkl,1472736115.9020667,1472736117.0020666
122,1472736117.2005668,1472736117.197,1472736117.2041335,0.0071334838867187,2,2,"DD2,DD3","646,647",1472736117.197,1472736117.217,2016-09-01 13:21:57.200566769+00:00,2016-09-01 13:21:57.197000027+00:00,2016-09-01 13:21:57.217000008+00:00,retain,at least two reduced-time-associated infrasound channels,,,,122,122,2,2,0.00713348388671875,"DD2,DD3",2,True,,5.571797241902687,True,129.0,134.0,0.01732659339904785,0.03732657432556152,5.858803627745572,-4.617868765543283,10.476672393288855,0.019999980926513672,0.007326602935791016,0.04732656478881836,0.0013265609741210938,0.05332660675048828,0.05200004577636719,1.051510558152485,2.10302111630497,noise_threshold,noise_threshold,moderate_impulsive,moderate_impulsive,candidate_event_122.pkl,/Users/glennthompson/Developer/KSCRocketSeismoHydrology/08_fireball_paper/falcon9-seismoacoustic-workflow-1.0.0/data/outputs/070_prepare_event_waveform_products/event_streams/candidate_event_122.pkl,1472736116.7005668,1472736117.8005667
123,1472736118.491067,1472736118.4901335,1472736118.492,0.0018665790557861,2,2,"DD2,DD3","648,649",1472736118.492,1472736118.503,2016-09-01 13:21:58.491066933+00:00,2016-09-01 13:21:58.492000103+00:00,2016-09-01 13:21:58.503000020+00:00,retain,at least two reduced-time-associated infrasound channels,,,,123,123,2,2,0.0018665790557861328,"DD2,DD3",2,True,,14.793525175147938,True,129.0,134.0,0.016933202743530273,0.036933183670043945,14.006208664139958,-10.70244181608463,24.708650480224588,0.019999980926513672,0.0069332122802734375,0.04693317413330078,0.0009331703186035156,0.06493306159973145,0.06399989128112793,0.9467796551743721,1.8935593103487443,noise_threshold,noise_threshold,moderate_impulsive,moderate_impulsive,candidate_event_123.pkl,/Users/glennthompson/Developer/KSCRocketSeismoHydrology/08_fireball_paper/falcon9-seismoacoustic-workflow-1.0.0/data/outputs/070_prepare_event_waveform_products/event_streams/candidate_event_123.pkl,1472736117.991067,1472736119.0910668
124,1472736119.9460669,1472736119.9401336,1472736119.952,0.0118663311004638,2,2,"DD2,DD3","651,652",1472736119.952,1472736119.953,2016-09-01 13:21:59.946066856+00:00,2016-09-01 13:21:59.951999903+00:00,2016-09-01 13:21:59.953000069+00:00,retain,at least two reduced-time-associated infrasound channels,,,,124,124,2,2,0.011866331100463867,"DD2,DD3",2,True,,11.862311349169934,True,128.0,134.0,0.013933181762695312,0.0379331111907959,12.928214280068186,-9.638732785251404,22.56694706531959,0.023999929428100586,0.0019332170486450195,0.04993307590484619,-0.006066799163818359,0.11393308639526367,0.11999988555908203,1.089856259840359,2.179712519680718,noise_threshold,noise_threshold,moderate_impulsive,moderate_impulsive,candidate_event_124.pkl,/Users/glennthompson/Developer/KSCRocketSeismoHydrology/08_fireball_paper/falcon9-seismoacoustic-workflow-1.0.0/data/outputs/070_prepare_event_waveform_products/event_streams/candidate_event_124.pkl,1472736119.4460669,1472736120.5460668
125,1472736121.7160668,1472736121.716,1472736121.7161336,0.0001335144042968,2,2,"DD2,DD3","654,655",1472736121.716,1472736121.729,2016-09-01 13:22:01.716066837+00:00,2016-09-01 13:22:01.716000080+00:00,2016-09-01 13:22:01.729000092+00:00,retain,at least two reduced-time-associated infrasound channels,,,,125,125,2,2,0.000133514404296875,"DD2,DD3",2,True,,8.141046882177948,True,128.0,139.0,0.013826608657836914,0.05782651901245117,10.524551380836586,-6.43971453274259,16.964265913579176,0.04399991035461426,-0.008173346519470215,0.0798264741897583,0.0018265247344970703,0.08982658386230469,0.08800005912780762,1.2927761666471311,2.5855523332942623,noise_threshold,noise_threshold,moderate_impulsive,moderate_impulsive,candidate_event_125.pkl,/Users/glennthompson/Developer/KSCRocketSeismoHydrology/08_fireball_paper/falcon9-seismoacoustic-workflow-1.0.0/data/outputs/070_prepare_event_waveform_products/event_streams/candidate_event_125.pkl,1472736121.2160668,1472736122.3160667
126,1472736122.8555667,1472736122.8471334,1472736122.864,0.0168666839599609,2,2,"DD2,DD3","658,657",1472736122.86,1472736122.864,2016-09-01 13:22:02.855566740+00:00,2016-09-01 13:22:02.859999895+00:00,2016-09-01 13:22:02.864000082+00:00,retain,at least two reduced-time-associated infrasound channels,,,,126,126,2,2,0.016866683959960938,"DD2,DD3",2,True,,5.67182880165379,True,129.0,136.0,0.016433238983154297,0.0444331169128418,6.5335370499987135,-4.850158586158021,11.383695636156734,0.0279998779296875,0.002433300018310547,0.05843305587768555,0.008433103561401367,0.08843326568603516,0.08000016212463379,1.1519277606005434,2.3038555212010867,noise_threshold,noise_threshold,moderate_impulsive,moderate_impulsive,candidate_event_126.pkl,/Users/glennthompson/Developer/KSCRocketSeismoHydrology/08_fireball_paper/falcon9-seismoacoustic-workflow-1.0.0/data/outputs/070_prepare_event_waveform_products/event_streams/candidate_event_126.pkl,1472736122.3555667,1472736123.4555666
127,1472736123.5095668,1472736123.5071335,1472736123.512,0.004866600036621,2,2,"DD2,DD3","659,660",1472736123.512,1472736123.52,2016-09-01 13:22:03.509566784+00:00,2016-09-01 13:22:03.512000083+00:00,2016-09-01 13:22:03.519999981+00:00,retain,at least two reduced-time-associated infrasound channels,,,,127,127,2,2,0.004866600036621094,"DD2,DD3",2,True,,8.920393070682493,True,127.0,134.0,0.009566545486450195,0.0375666618347168,8.961452068777689,-7.801039884097305,16.762491952874996,0.0280001163482666,-0.0044335126876831055,0.0515667200088501,0.0015666484832763672,0.08556675910949707,0.0840001106262207,1.0046028238632374,2.009205647726475,noise_threshold,noise_threshold,moderate_impulsive,moderate_impulsive,candidate_event_127.pkl,/Users/glennthompson/Developer/KSCRocketSeismoHydrology/08_fireball_paper/falcon9-seismoacoustic-workflow-1.0.0/data/outputs/070_prepare_event_waveform_products/event_streams/candidate_event_127.pkl,1472736123.0095668,1472736124.1095667
128,1472736125.2231336,1472736125.2218933,1472736125.224,0.0021066665649414,3,3,"DD1,DD2,DD3","666,662,663",1472736125.224,1472736125.312,2016-09-01 13:22:05.223133564+00:00,2016-09-01 13:22:05.223999977+00:00,2016-09-01 13:22:05.312000036+00:00,retain,at least two reduced-time-associated infrasound channels,,,,128,128,3,3,0.0021066665649414062,"DD1,DD2,DD3",3,True,,11.852369738231479,True,128.0,134.0,0.012866497039794922,0.03686642646789551,28.23905773037298,-29.195573058281784,57.434630788654765,0.023999929428100586,0.0008665323257446289,0.0488663911819458,0.0008664131164550781,0.07686638832092285,0.07599997520446777,2.463268840163446,4.926537680326892,noise_threshold,noise_threshold,robust_impulsive,robust_impulsive,candidate_event_128.pkl,/Users/glennthompson/Developer/KSCRocketSeismoHydrology/08_fireball_paper/falcon9-seismoacoustic-workflow-1.0.0/data/outputs/070_prepare_event_waveform_products/event_streams/candidate_event_128.pkl,1472736124.7231336,1472736125.8231335
129,1472736126.0925667,1472736126.09,1472736126.0951335,0.0051336288452148,2,2,"DD2,DD3","667,668",1472736126.09,1472736126.108,2016-09-01 13:22:06.092566729+00:00,2016-09-01 13:22:06.089999914+00:00,2016-09-01 13:22:06.108000040+00:00,retain,at least two reduced-time-associated infrasound channels,,,,129,129,2,2,0.005133628845214844,"DD2,DD3",2,True,,5.409435355923553,True,127.0,133.0,0.009326457977294922,0.03332662582397461,4.965423145709267,-3.620202490026501,8.585625635735768,0.024000167846679688,-0.002673625946044922,0.04532670974731445,0.0013265609741210938,0.057326555252075195,0.0559999942779541,0.9179189358963178,1.8358378717926356,noise_threshold,noise_threshold,moderate_impulsive,moderate_impulsive,candidate_event_129.pkl,/Users/glennthompson/Developer/KSCRocketSeismoHydrology/08_fireball_paper/falcon9-seismoacoustic-workflow-1.0.0/data/outputs/070_prepare_event_waveform_products/event_streams/candidate_event_129.pkl,1472736125.5925667,1472736126.6925666
130,1472736126.6475668,1472736126.6451335,1472736126.65,0.004866600036621,2,2,"DD2,DD3","669,670",1472736126.65,1472736126.658,2016-09-01 13:22:06.647566795+00:00,2016-09-01 13:22:06.650000095+00:00,2016-09-01 13:22:06.657999992+00:00,retain,at least two reduced-time-associated infrasound channels,,,,130,130,2,2,0.004866600036621094,"DD2,DD3",2,True,,3.0605752622100613,True,125.0,130.0,0.00043320655822753906,0.02043318748474121,1.9721311183257333,-3.2712470160063,5.243378134332033,0.019999980926513672,-0.009566783905029297,0.030433177947998047,-0.003566741943359375,0.032433271408081055,0.03600001335144043,1.0688340379658272,2.1376680759316544,noise_threshold,noise_threshold,weak_impulsive,weak_impulsive,candidate_event_130.pkl,/Users/glennthompson/Developer/KSCRocketSeismoHydrology/08_fireball_paper/falcon9-seismoacoustic-workflow-1.0.0/data/outputs/070_prepare_event_waveform_products/event_streams/candidate_event_130.pkl,1472736126.1475668,1472736127.2475667
131,1472736127.4235668,1472736127.4221334,1472736127.425,0.002866506576538,2,2,"DD2,DD3","671,672",1472736127.425,1472736127.435,2016-09-01 13:22:07.423566818+00:00,2016-09-01 13:22:07.424999952+00:00,2016-09-01 13:22:07.434999943+00:00,retain,at least two reduced-time-associated infrasound channels,,,,131,131,2,2,0.002866506576538086,"DD2,DD3",2,True,,7.038500645280431,True,127.0,133.0,0.008433103561401367,0.032433271408081055,8.711440855921044,-9.312217209190829,18.023658065111874,0.024000167846679688,-0.0035669803619384766,0.0444333553314209,0.00043320655822753906,0.04843330383300781,0.04800009727478027,1.3230399027433501,2.6460798054867003,noise_threshold,noise_threshold,moderate_impulsive,moderate_impulsive,candidate_event_131.pkl,/Users/glennthompson/Developer/KSCRocketSeismoHydrology/08_fireball_paper/falcon9-seismoacoustic-workflow-1.0.0/data/outputs/070_prepare_event_waveform_products/event_streams/candidate_event_131.pkl,1472736126.9235668,1472736128.0235667
132,1472736128.2815666,1472736128.2771337,1472736128.286,0.008866548538208,2,2,"DD2,DD3","674,675",1472736128.286,1472736128.29,2016-09-01 13:22:08.281566620+00:00,2016-09-01 13:22:08.286000013+00:00,2016-09-01 13:22:08.289999962+00:00,retain,at least two reduced-time-associated infrasound channels,,,,132,132,2,2,0.008866310119628906,"DD2,DD3",2,True,,8.08076261906105,True,128.0,135.0,0.013566970825195312,0.04156684875488281,8.567731981073365,-7.494125504045366,16.06185748511873,0.0279998779296875,-0.0004329681396484375,0.05556678771972656,0.005566835403442383,0.0655667781829834,0.059999942779541016,1.0602627975809664,2.120525595161933,noise_threshold,noise_threshold,moderate_impulsive,moderate_impulsive,candidate_event_132.pkl,/Users/glennthompson/Developer/KSCRocketSeismoHydrology/08_fireball_paper/falcon9-seismoacoustic-workflow-1.0.0/data/outputs/070_prepare_event_waveform_products/event_streams/candidate_event_132.pkl,1472736127.7815666,1472736128.8815665
133,1472736130.592567,1472736130.5911336,1472736130.594,0.002866506576538,2,2,"DD2,DD3","677,678",1472736130.594,1472736130.604,2016-09-01 13:22:10.592566967+00:00,2016-09-01 13:22:10.594000101+00:00,2016-09-01 13:22:10.604000092+00:00,retain,at least two reduced-time-associated infrasound channels,,,,133,133,2,2,0.002866506576538086,"DD2,DD3",2,True,,4.844637732877825,True,127.0,133.0,0.00932621955871582,0.03332638740539551,8.786038644560232,-9.303741753211844,18.089780397772074,0.024000167846679688,-0.0026738643646240234,0.04532647132873535,0.0013263225555419922,0.049326419830322266,0.04800009727478027,1.9204205280557087,3.8408410561114175,noise_threshold,noise_threshold,moderate_impulsive,moderate_impulsive,candidate_event_133.pkl,/Users/glennthompson/Developer/KSCRocketSeismoHydrology/08_fireball_paper/falcon9-seismoacoustic-workflow-1.0.0/data/outputs/070_prepare_event_waveform_products/event_streams/candidate_event_133.pkl,1472736130.092567,1472736131.1925669
134,1472736131.2325668,1472736131.2251334,1472736131.24,0.0148665904998779,2,2,"DD2,DD3","681,680",1472736131.238,1472736131.24,2016-09-01 13:22:11.232566833+00:00,2016-09-01 13:22:11.237999916+00:00,2016-09-01 13:22:11.240000010+00:00,retain,at least two reduced-time-associated infrasound channels,,,,134,134,2,2,0.01486659049987793,"DD2,DD3",2,True,,5.401706486403708,True,128.0,133.0,0.013326644897460938,0.03332662582397461,5.705494167458034,-6.411640569628475,12.11713473708651,0.019999980926513672,0.0033266544342041016,0.043326616287231445,0.005326509475708008,0.05332660675048828,0.04800009727478027,1.1869657460594736,2.373931492118947,noise_threshold,noise_threshold,moderate_impulsive,moderate_impulsive,candidate_event_134.pkl,/Users/glennthompson/Developer/KSCRocketSeismoHydrology/08_fireball_paper/falcon9-seismoacoustic-workflow-1.0.0/data/outputs/070_prepare_event_waveform_products/event_streams/candidate_event_134.pkl,1472736130.7325668,1472736131.8325667
135,1472736148.8835669,1472736148.8831334,1472736148.884,0.0008666515350341,2,2,"DD2,DD3","689,690",1472736148.884,1472736148.896,2016-09-01 13:22:28.883566856+00:00,2016-09-01 13:22:28.884000063+00:00,2016-09-01 13:22:28.895999908+00:00,retain,at least two reduced-time-associated infrasound channels,,,,135,135,2,2,0.0008666515350341797,"DD2,DD3",2,True,,10.399395926088035,True,128.0,133.0,0.012433290481567383,0.032433271408081055,9.515995385970516,-9.823075038307103,19.33907042427762,0.019999980926513672,0.002433300018310547,0.04243326187133789,0.00043320655822753906,0.10443329811096191,0.10400009155273438,0.9445813110802747,1.8891626221605493,noise_threshold,noise_threshold,moderate_impulsive,moderate_impulsive,candidate_event_135.pkl,/Users/glennthompson/Developer/KSCRocketSeismoHydrology/08_fireball_paper/falcon9-seismoacoustic-workflow-1.0.0/data/outputs/070_prepare_event_waveform_products/event_streams/candidate_event_135.pkl,1472736148.3835669,1472736149.4835668
136,1472736149.6770668,1472736149.6741335,1472736149.68,0.005866527557373,2,2,"DD2,DD3","692,694",1472736149.68,1472736149.687,2016-09-01 13:22:29.677066803+00:00,2016-09-01 13:22:29.680000067+00:00,2016-09-01 13:22:29.687000036+00:00,retain,at least two reduced-time-associated infrasound channels,,,,136,136,2,2,0.005866527557373047,"DD2,DD3",2,True,,9.223199204237414,True,130.0,135.0,0.02082657814025879,0.04082655906677246,5.339859819713103,-7.7590046864746895,13.098864506187793,0.019999980926513672,0.010826587677001953,0.0508265495300293,0.008826494216918945,0.05682659149169922,0.04800009727478027,0.8412487375215717,1.6824974750431434,noise_threshold,noise_threshold,moderate_impulsive,moderate_impulsive,candidate_event_136.pkl,/Users/glennthompson/Developer/KSCRocketSeismoHydrology/08_fireball_paper/falcon9-seismoacoustic-workflow-1.0.0/data/outputs/070_prepare_event_waveform_products/event_streams/candidate_event_136.pkl,1472736149.1770668,1472736150.2770667
137,1472736149.9280667,1472736149.9101336,1472736149.946,0.0358664989471435,2,2,"DD2,DD3","697,696",1472736149.923,1472736149.946,2016-09-01 13:22:29.928066730+00:00,2016-09-01 13:22:29.923000097+00:00,2016-09-01 13:22:29.946000099+00:00,retain,threshold-sensitive DD2-DD3 event; coherent waveform,0.87855,8.02,1472736149.928067,137,137,2,2,0.035866498947143555,"DD2,DD3",2,True,,9.01552296405569,True,138.0,143.0,0.05382680892944336,0.07382678985595703,7.969981680714837,-10.84602553226203,18.816007212976867,0.019999980926513672,0.04382681846618652,0.08382678031921387,0.021826744079589844,0.10582685470581055,0.0840001106262207,1.2030389779388768,2.4060779558777536,noise_threshold,noise_threshold,moderate_impulsive,moderate_impulsive,candidate_event_137.pkl,/Users/glennthompson/Developer/KSCRocketSeismoHydrology/08_fireball_paper/falcon9-seismoacoustic-workflow-1.0.0/data/outputs/070_prepare_event_waveform_products/event_streams/candidate_event_137.pkl,1472736149.4280667,1472736150.5280666
138,1472736158.7178934,1472736158.713,1472736158.7221334,0.0091333389282226,3,3,"DD1,DD2,DD3","704,701,702",1472736158.713,1472736158.808,2016-09-01 13:22:38.717893362+00:00,2016-09-01 13:22:38.713000059+00:00,2016-09-01 13:22:38.808000088+00:00,retain,at least two reduced-time-associated infrasound channels,,,,138,138,3,3,0.009133338928222656,"DD1,DD2,DD3",3,True,,15.428356855614588,True,128.0,134.0,0.01324009895324707,0.037240028381347656,19.743959793420302,-27.1260462015301,46.870005994950404,0.023999929428100586,0.0012401342391967773,0.04923999309539795,-0.010760068893432617,0.05724000930786133,0.06800007820129395,1.7581941133062764,3.516388226612553,noise_threshold,noise_threshold,robust_impulsive,robust_impulsive,candidate_event_138.pkl,/Users/glennthompson/Developer/KSCRocketSeismoHydrology/08_fireball_paper/falcon9-seismoacoustic-workflow-1.0.0/data/outputs/070_prepare_event_waveform_products/event_streams/candidate_event_138.pkl,1472736158.2178934,1472736159.3178933
139,1472736160.1865668,1472736160.1851337,1472736160.188,0.002866506576538,2,2,"DD2,DD3","705,706",1472736160.188,1472736160.198,2016-09-01 13:22:40.186566830+00:00,2016-09-01 13:22:40.187999964+00:00,2016-09-01 13:22:40.197999954+00:00,retain,at least two reduced-time-associated infrasound channels,,,,139,139,2,2,0.0028662681579589844,"DD2,DD3",2,True,,7.989575007002489,True,129.0,139.0,0.01743316650390625,0.057433128356933594,7.424996740647332,-6.525514929171877,13.950511669819209,0.039999961853027344,-0.002566814422607422,0.07743310928344727,0.0014331340789794922,0.0854332447052002,0.0840001106262207,0.9293356322632518,1.8586712645265036,noise_threshold,noise_threshold,moderate_impulsive,moderate_impulsive,candidate_event_139.pkl,/Users/glennthompson/Developer/KSCRocketSeismoHydrology/08_fireball_paper/falcon9-seismoacoustic-workflow-1.0.0/data/outputs/070_prepare_event_waveform_products/event_streams/candidate_event_139.pkl,1472736159.6865668,1472736160.7865667
140,1472736160.9475667,1472736160.947,1472736160.9481337,0.0011334419250488,2,2,"DD2,DD3","707,708",1472736160.947,1472736160.961,2016-09-01 13:22:40.947566748+00:00,2016-09-01 13:22:40.947000027+00:00,2016-09-01 13:22:40.960999966+00:00,retain,at least two reduced-time-associated infrasound channels,,,,140,140,2,2,0.0011336803436279297,"DD2,DD3",2,True,,8.121169800930797,True,129.0,134.0,0.016433238983154297,0.03643321990966797,8.326328245078644,-8.622141660409913,16.948469905488558,0.019999980926513672,0.006433248519897461,0.046433210372924805,0.004433155059814453,0.0724332332611084,0.06800007820129395,1.061687154899987,2.123374309799974,noise_threshold,noise_threshold,moderate_impulsive,moderate_impulsive,candidate_event_140.pkl,/Users/glennthompson/Developer/KSCRocketSeismoHydrology/08_fireball_paper/falcon9-seismoacoustic-workflow-1.0.0/data/outputs/070_prepare_event_waveform_products/event_streams/candidate_event_140.pkl,1472736160.4475667,1472736161.5475667
141,1472736162.9195666,1472736162.9181335,1472736162.921,0.002866506576538,2,2,"DD2,DD3","710,711",1472736162.921,1472736162.931,2016-09-01 13:22:42.919566631+00:00,2016-09-01 13:22:42.921000004+00:00,2016-09-01 13:22:42.930999994+00:00,retain,at least two reduced-time-associated infrasound channels,,,,141,141,2,2,0.002866506576538086,"DD2,DD3",2,True,,8.637502195917406,True,128.0,134.0,0.012433528900146484,0.03643345832824707,10.984993872112462,-9.833754695819307,20.81874856793177,0.023999929428100586,0.0004335641860961914,0.04843342304229736,0.0004334449768066406,0.0724334716796875,0.07200002670288086,1.2717789961668107,2.5435579923336213,noise_threshold,noise_threshold,moderate_impulsive,moderate_impulsive,candidate_event_141.pkl,/Users/glennthompson/Developer/KSCRocketSeismoHydrology/08_fireball_paper/falcon9-seismoacoustic-workflow-1.0.0/data/outputs/070_prepare_event_waveform_products/event_streams/candidate_event_141.pkl,1472736162.4195666,1472736163.5195665
142,1472736165.0595667,1472736165.0591335,1472736165.06,0.000866413116455,2,2,"DD2,DD3","713,714",1472736165.06,1472736165.072,2016-09-01 13:22:45.059566736+00:00,2016-09-01 13:22:45.059999943+00:00,2016-09-01 13:22:45.072000027+00:00,retain,at least two reduced-time-associated infrasound channels,,,,142,142,2,2,0.0008664131164550781,"DD2,DD3",2,True,,8.423020410967702,True,128.0,134.0,0.012433290481567383,0.03643321990966797,12.859398738189771,-10.733083949856443,23.592482688046214,0.023999929428100586,0.00043332576751708984,0.04843318462371826,0.00043320655822753906,0.0724332332611084,0.07200002670288086,1.526696851101704,3.053393702203408,noise_threshold,noise_threshold,moderate_impulsive,moderate_impulsive,candidate_event_142.pkl,/Users/glennthompson/Developer/KSCRocketSeismoHydrology/08_fireball_paper/falcon9-seismoacoustic-workflow-1.0.0/data/outputs/070_prepare_event_waveform_products/event_streams/candidate_event_142.pkl,1472736164.5595667,1472736165.6595666
143,1472736168.085,1472736168.0831337,1472736168.0858934,0.0027599334716796,3,3,"DD1,DD2,DD3","719,716,717",1472736168.085,1472736168.176,2016-09-01 13:22:48.085000038+00:00,2016-09-01 13:22:48.085000038+00:00,2016-09-01 13:22:48.176000118+00:00,retain,at least two reduced-time-associated infrasound channels,,,,143,143,3,3,0.002759695053100586,"DD1,DD2,DD3",3,True,,11.152836348930888,True,129.0,134.0,0.016893386840820312,0.036893367767333984,24.016100426943705,-22.58449078599602,46.600591212939726,0.019999980926513672,0.0068933963775634766,0.04689335823059082,0.0008933544158935547,0.06089329719543457,0.059999942779541016,2.1533625775156193,4.306725155031239,noise_threshold,noise_threshold,robust_impulsive,robust_impulsive,candidate_event_143.pkl,/Users/glennthompson/Developer/KSCRocketSeismoHydrology/08_fireball_paper/falcon9-seismoacoustic-workflow-1.0.0/data/outputs/070_prepare_event_waveform_products/event_streams/candidate_event_143.pkl,1472736167.585,1472736168.685
144,1472736178.465067,1472736178.4621334,1472736178.468,0.005866527557373,2,2,"DD2,DD3","725,726",1472736178.468,1472736178.475,2016-09-01 13:22:58.465066671+00:00,2016-09-01 13:22:58.467999935+00:00,2016-09-01 13:22:58.474999905+00:00,retain,at least two reduced-time-associated infrasound channels,,,,144,144,2,2,0.005866527557373047,"DD2,DD3",2,True,,7.665363872469132,True,129.0,134.0,0.016826391220092773,0.036826372146606445,19.08878512253422,-18.318868672386458,37.40765379492068,0.019999980926513672,0.0068264007568359375,0.04682636260986328,0.00482630729675293,0.07682633399963379,0.07200002670288086,2.490264707601601,4.980529415203202,noise_threshold,noise_threshold,moderate_impulsive,moderate_impulsive,candidate_event_144.pkl,/Users/glennthompson/Developer/KSCRocketSeismoHydrology/08_fireball_paper/falcon9-seismoacoustic-workflow-1.0.0/data/outputs/070_prepare_event_waveform_products/event_streams/candidate_event_144.pkl,1472736177.965067,1472736179.0650668
145,1472736192.3475666,1472736192.3471334,1472736192.348,0.0008666515350341,2,2,"DD2,DD3","735,736",1472736192.348,1472736192.36,2016-09-01 13:23:12.347566605+00:00,2016-09-01 13:23:12.348000050+00:00,2016-09-01 13:23:12.359999895+00:00,retain,at least two reduced-time-associated infrasound channels,,,,145,145,2,2,0.0008666515350341797,"DD2,DD3",2,True,,19.19523147995886,True,130.0,163.0,0.020433425903320312,0.1524333953857422,8.582616981189647,-22.752764730396642,31.335381711586287,0.13199996948242188,-0.045566558837890625,0.21843338012695312,-0.08356666564941406,0.2084333896636963,0.29200005531311035,1.1853342198114198,2.3706684396228397,noise_threshold,noise_threshold,moderate_impulsive,moderate_impulsive,candidate_event_145.pkl,/Users/glennthompson/Developer/KSCRocketSeismoHydrology/08_fireball_paper/falcon9-seismoacoustic-workflow-1.0.0/data/outputs/070_prepare_event_waveform_products/event_streams/candidate_event_145.pkl,1472736191.8475666,1472736192.9475665
146,1472736222.070567,1472736222.068,1472736222.0731337,0.0051333904266357,2,2,"DD2,DD3","743,744",1472736222.068,1472736222.086,2016-09-01 13:23:42.070566654+00:00,2016-09-01 13:23:42.068000078+00:00,2016-09-01 13:23:42.085999966+00:00,retain,at least two reduced-time-associated infrasound channels,,,,146,146,2,2,0.005133628845214844,"DD2,DD3",2,True,,23.710635642667135,True,143.0,186.0,0.07343316078186035,0.24543309211730957,10.22243664012831,-21.92107153702018,32.14350817714849,0.17199993133544922,-0.012566804885864258,0.3314330577850342,-0.002566814422607422,0.2774331569671631,0.2799999713897705,0.924524836338565,1.84904967267713,noise_threshold,noise_threshold,moderate_impulsive,moderate_impulsive,candidate_event_146.pkl,/Users/glennthompson/Developer/KSCRocketSeismoHydrology/08_fireball_paper/falcon9-seismoacoustic-workflow-1.0.0/data/outputs/070_prepare_event_waveform_products/event_streams/candidate_event_146.pkl,1472736221.570567,1472736222.6705668
147,1472736257.5315666,1472736257.531,1472736257.5321336,0.0011336803436279,2,2,"DD2,DD3","753,754",1472736257.531,1472736257.545,2016-09-01 13:24:17.531566620+00:00,2016-09-01 13:24:17.530999899+00:00,2016-09-01 13:24:17.545000076+00:00,retain,at least two reduced-time-associated infrasound channels,,,,147,147,2,2,0.0011336803436279297,"DD2,DD3",2,True,,14.707186874030013,True,129.0,137.0,0.0164334774017334,0.048433542251586914,14.64652951041596,-14.768637902468438,29.415167412884397,0.032000064849853516,0.0004334449768066406,0.06443357467651367,-0.011566638946533203,0.08443355560302734,0.09600019454956055,1.0041782992876045,2.008356598575209,noise_threshold,noise_threshold,moderate_impulsive,moderate_impulsive,candidate_event_147.pkl,/Users/glennthompson/Developer/KSCRocketSeismoHydrology/08_fireball_paper/falcon9-seismoacoustic-workflow-1.0.0/data/outputs/070_prepare_event_waveform_products/event_streams/candidate_event_147.pkl,1472736257.0315666,1472736258.1315665
149,1472736595.1581335,1472736595.1468933,1472736595.168,0.0211067199707031,3,3,"DD1,DD2,DD3","803,798,799",1472736595.168,1472736595.237,2016-09-01 13:29:55.158133507+00:00,2016-09-01 13:29:55.167999983+00:00,2016-09-01 13:29:55.236999989+00:00,retain,at least two reduced-time-associated infrasound channels,,,,148,148,3,3,0.021106719970703125,"DD1,DD2,DD3",3,True,,25.099486685370564,True,137.0,144.0,0.049866676330566406,0.0778665542602539,29.28984818675172,-35.44130118246247,64.7311493692142,0.0279998779296875,0.035866737365722656,0.09186649322509766,-0.01813340187072754,0.16986656188964844,0.18799996376037598,1.4120329083510585,2.824065816702117,noise_threshold,noise_threshold,moderate_impulsive,moderate_impulsive,candidate_event_148.pkl,/Users/glennthompson/Developer/KSCRocketSeismoHydrology/08_fireball_paper/falcon9-seismoacoustic-workflow-1.0.0/data/outputs/070_prepare_event_waveform_products/event_streams/candidate_event_148.pkl,1472736594.6581335,1472736595.7581334
150,1472736642.724,1472736642.7208934,1472736642.7241335,0.0032401084899902,3,3,"DD1,DD2,DD3","808,804,805",1472736642.724,1472736642.811,2016-09-01 13:30:42.723999977+00:00,2016-09-01 13:30:42.723999977+00:00,2016-09-01 13:30:42.811000109+00:00,retain,at least two reduced-time-associated infrasound channels,,,,149,149,3,3,0.0032401084899902344,"DD1,DD2,DD3",3,True,,14.314950285976302,True,128.0,134.0,0.013893365859985352,0.03789329528808594,10.787586969071866,-22.142842246571764,32.93042921564363,0.023999929428100586,0.0018934011459350586,0.04989326000213623,0.0018932819366455078,0.04989326000213623,0.04799997806549072,1.546833331881291,3.093666663762582,noise_threshold,model,robust_impulsive,robust_impulsive,candidate_event_149.pkl,/Users/glennthompson/Developer/KSCRocketSeismoHydrology/08_fireball_paper/falcon9-seismoacoustic-workflow-1.0.0/data/outputs/070_prepare_event_waveform_products/event_streams/candidate_event_149.pkl,1472736642.224,1472736643.324
151,1472736751.9651334,1472736751.961893,1472736751.969,0.0071067810058593,3,3,"DD1,DD2,DD3","841,838,839",1472736751.969,1472736752.052,2016-09-01 13:32:31.965133429+00:00,2016-09-01 13:32:31.969000101+00:00,2016-09-01 13:32:32.052000046+00:00,retain,at least two reduced-time-associated infrasound channels,,,,150,150,3,3,0.0071070194244384766,"DD1,DD2,DD3",3,True,,7.412195258658398,True,128.0,135.0,0.014000177383422852,0.04200005531311035,11.621967201564143,-14.450421998294216,26.072389199858357,0.0279998779296875,2.384185791015625e-07,0.0559999942779541,0.002000093460083008,0.06200003623962402,0.059999942779541016,1.9495468608189002,3.8990937216378003,noise_threshold,noise_threshold,moderate_impulsive,moderate_impulsive,candidate_event_150.pkl,/Users/glennthompson/Developer/KSCRocketSeismoHydrology/08_fireball_paper/falcon9-seismoacoustic-workflow-1.0.0/data/outputs/070_prepare_event_waveform_products/event_streams/candidate_event_150.pkl,1472736751.4651334,1472736752.5651333
152,1472736811.789,1472736811.7548933,1472736811.7911334,0.0362401008605957,3,3,"DD1,DD2,DD3","854,849,850",1472736811.789,1472736811.845,2016-09-01 13:33:31.789000034+00:00,2016-09-01 13:33:31.789000034+00:00,2016-09-01 13:33:31.845000029+00:00,retain,at least two reduced-time-associated infrasound channels,,,,151,151,3,3,0.0362401008605957,"DD1,DD2,DD3",3,True,,28.12419065827277,True,129.0,135.0,0.016893386840820312,0.0408933162689209,19.844363943291274,-31.263439868421514,51.107803811712785,0.023999929428100586,0.0048934221267700195,0.05289328098297119,0.0008933544158935547,0.05289328098297119,0.05199992656707764,1.1116209617653594,2.223241923530719,noise_threshold,model,moderate_impulsive,moderate_impulsive,candidate_event_151.pkl,/Users/glennthompson/Developer/KSCRocketSeismoHydrology/08_fireball_paper/falcon9-seismoacoustic-workflow-1.0.0/data/outputs/070_prepare_event_waveform_products/event_streams/candidate_event_151.pkl,1472736811.289,1472736812.389
153,1472736829.5165668,1472736829.51,1472736829.5231335,0.0131335258483886,2,2,"DD2,DD3","860,861",1472736829.51,1472736829.536,2016-09-01 13:33:49.516566753+00:00,2016-09-01 13:33:49.509999989+00:00,2016-09-01 13:33:49.536000013+00:00,retain,at least two reduced-time-associated infrasound channels,,,,152,152,2,2,0.013133525848388672,"DD2,DD3",2,True,,12.946697465936928,True,129.0,136.0,0.01732659339904785,0.04532647132873535,7.6942156360363825,-14.043435924782258,21.73765156081864,0.0279998779296875,0.0033266544342041016,0.0593264102935791,0.009326457977294922,0.1733264923095703,0.1640000343322754,1.0847118318575741,2.1694236637151483,noise_threshold,noise_threshold,moderate_impulsive,moderate_impulsive,candidate_event_152.pkl,/Users/glennthompson/Developer/KSCRocketSeismoHydrology/08_fireball_paper/falcon9-seismoacoustic-workflow-1.0.0/data/outputs/070_prepare_event_waveform_products/event_streams/candidate_event_152.pkl,1472736829.0165668,1472736830.1165667
154,1472736834.396067,1472736834.396,1472736834.3961334,0.0001335144042968,2,2,"DD2,DD3","863,864",1472736834.396,1472736834.409,2016-09-01 13:33:54.396066666+00:00,2016-09-01 13:33:54.395999908+00:00,2016-09-01 13:33:54.408999920+00:00,retain,at least two reduced-time-associated infrasound channels,,,,153,153,2,2,0.000133514404296875,"DD2,DD3",2,True,,5.981012016164942,True,127.0,133.0,0.009826421737670898,0.033826589584350586,5.4420988754598385,-4.261976836855576,9.704075712315415,0.024000167846679688,-0.0021736621856689453,0.04582667350769043,-0.022173404693603516,0.065826416015625,0.08799982070922852,0.9098959943152467,1.8197919886304934,noise_threshold,noise_threshold,moderate_impulsive,moderate_impulsive,candidate_event_153.pkl,/Users/glennthompson/Developer/KSCRocketSeismoHydrology/08_fireball_paper/falcon9-seismoacoustic-workflow-1.0.0/data/outputs/070_prepare_event_waveform_products/event_streams/candidate_event_153.pkl,1472736833.896067,1472736834.9960668
