reconstructed_event_number,reduced_event_epoch_s,first_reduced_pick_epoch_s,last_reduced_pick_epoch_s,corrected_pick_span_s,pick_count,channel_count,channels,pick_indices,observed_first_pick_epoch_s,observed_last_pick_epoch_s,reduced_event_time,observed_first_pick_time,observed_last_pick_time,catalogue_decision,decision_basis,dd2_dd3_best_correlation,robust_stack_peak_snr,review_reference_epoch_s,final_event_number,event_number,assigned_pick_count,assigned_channel_count,assigned_pick_span_s,stack_channels,stack_channel_count,valid_measurement,failure_reason,median_stack_snr,valid_pair,positive_index,negative_index,positive_time_s,negative_time_s,positive_peak_pa,negative_peak_pa,peak_to_peak_pa,positive_negative_lag_s,model_event_start_s,model_event_end_s,event_start_s,event_end_s,event_duration_s,noise_scale_pa,boundary_threshold_pa,start_boundary_method,end_boundary_method,morphology_class,quality_class,segment_file,segment_path,segment_start_epoch_s,segment_end_epoch_s,event_time,event_label,forced_named_event,passes_analysis_filter,passes_core_filter,analysis_filter_reason,best_back_azimuth_deg,best_apparent_speed_mps,maximum_coherence_score,solution_quality_class,stability_back_azimuth_std_deg,stability_speed_std_mps,stability_score_min,stability_valid_window_count,legacy_selection_tier,elapsed_time_s,elapsed_time_min,stream_file,seismic_signal_start_s,seismic_signal_end_s,seismic_signal_duration_s,seismic_noise_start_s,seismic_noise_end_s,sampling_rate_hz,measurement_start_epoch_s,measurement_end_epoch_s,measurement_signal_sample_count,measurement_pressure_min_sensor_count,pgv_dhz_mps,pgv_dhn_mps,pgv_dhe_mps,pgv_vector_mps,pgv_vector_time_s,pgv_entire_segment_vector_mps,pgv_vector_snr,noise_dhz_mps,noise_dhn_mps,noise_dhe_mps,noise_vector_mps,baseline_dhz_mps,baseline_dhn_mps,baseline_dhe_mps,acoustic_stack_positive_peak_pa,acoustic_stack_negative_peak_pa,acoustic_stack_peak_to_peak_pa,acoustic_stack_noise_pa,acoustic_stack_p2p_snr,reduced_peak_to_peak_pa_1km,p2p_pressure_to_vector_pgv,positive_pressure_to_vector_pgv,reduced_p2p_pressure_to_vector_pgv,pgv_window_capture_fraction,passes_regression_quality
1,1472735235.9271336,1472735235.9258933,1472735235.928,0.0021066665649414,3,3,"DD1,DD2,DD3","198,193,194",1472735235.928,1472735236.016,2016-09-01 13:07:15.927133560+00:00,2016-09-01 13:07:15.927999973+00:00,2016-09-01 13:07:16.016000032+00:00,retain,at least two reduced-time-associated infrasound channels,,,,1,1,3,3,0.0021066665649414,"DD1,DD2,DD3",3,True,,25.125280764730935,True,126.0,148.0,0.0048663616180419,0.0928664207458496,33.00596889606609,-18.375680516310325,51.38164941237642,0.0880000591278076,-0.0391336679458618,0.1368664503097534,-0.0191335678100585,0.1368664503097534,0.156000018119812,1.3136557240943352,2.6273114481886704,noise_threshold,model,robust_impulsive,robust_impulsive,candidate_event_001.pkl,/Users/glennthompson/Developer/KSCRocketSeismoHydrology/08_fireball_paper/falcon9-seismoacoustic-workflow-1.0.0/data/outputs/070_prepare_event_waveform_products/event_streams/candidate_event_001.pkl,1472735235.4271336,1472735236.5271337,2016-09-01 13:07:15.927133560+00:00,short_impulsive_candidate,False,True,True,analyze_all_final_events,200.8999999999999,352.5,0.9799817318242232,A_high_quality,0.2910177967490677,0.7243558228002943,0.9686067589816976,9,core,0.0,0.0,/Users/glennthompson/Developer/KSCRocketSeismoHydrology/08_fireball_paper/falcon9-seismoacoustic-workflow-1.0.0/data/outputs/070_prepare_event_waveform_products/event_streams/candidate_event_001.pkl,-0.0191335678100585,0.1368664503097534,0.1560000181198119,-0.18,-0.05,250.0,1472735235.912,1472735236.064,39,3,6.0230887264048593e-05,0.00012396078926550817,4.780064656779019e-05,0.0001334718920519363,0.048866413116455565,0.00015873640896368242,8.062819352791022,6.099022417104737e-06,9.870976488818323e-06,1.1806802470723987e-05,1.6553997579734157e-05,-9.965241488642622e-06,2.5851029245578832e-05,6.793599833392338e-06,32.50100228914646,-18.3961868863212,50.89718917546766,1.9279478555788179,26.39967104306722,72.26823233879819,381332.64159964595,243504.46966391802,541449.0738670081,0.8408398106226125,True
2,1472735236.0571334,1472735236.0558932,1472735236.067,0.0111067295074462,3,3,"DD1,DD2,DD3","201,199,200",1472735236.067,1472735236.146,2016-09-01 13:07:16.057133436+00:00,2016-09-01 13:07:16.066999911+00:00,2016-09-01 13:07:16.145999908+00:00,retain,at least two reduced-time-associated infrasound channels,,,,2,2,3,3,0.0111067295074462,"DD1,DD2,DD3",3,True,,13.186529856435058,True,134.0,156.0,0.0380001068115234,0.126000165939331,22.88343069207909,-21.205054192615886,44.08848488469498,0.0880000591278076,-0.0059999227523803,0.1700001955032348,-0.0059999227523803,0.1700001955032348,0.1760001182556152,1.7353641133199211,3.4707282266398423,model,model,robust_impulsive,robust_impulsive,candidate_event_002.pkl,/Users/glennthompson/Developer/KSCRocketSeismoHydrology/08_fireball_paper/falcon9-seismoacoustic-workflow-1.0.0/data/outputs/070_prepare_event_waveform_products/event_streams/candidate_event_002.pkl,1472735235.5571334,1472735236.657133,2016-09-01 13:07:16.057133436+00:00,short_impulsive_candidate,False,True,True,analyze_all_final_events,201.59999999999988,355.5,0.961109953379313,A_high_quality,0.2266230894929997,2.4037008503093262,0.9581647097162354,9,core,0.12999987602233887,0.0021666646003723144,/Users/glennthompson/Developer/KSCRocketSeismoHydrology/08_fireball_paper/falcon9-seismoacoustic-workflow-1.0.0/data/outputs/070_prepare_event_waveform_products/event_streams/candidate_event_002.pkl,-0.0059999227523803,0.1700001955032348,0.1760001182556151,-0.18,-0.05,250.0,1472735236.052,1472735236.224,44,3,6.750522782010042e-05,6.367811341942364e-05,4.017487209954897e-05,7.849926554458438e-05,0.10286655807495171,0.00015906811809665697,5.771543356529954,8.879054880951149e-06,8.847879618454418e-06,5.278919279698534e-06,1.3601087386057646e-05,1.7210412906201902e-05,-1.5632760604783766e-06,-2.2472864926397993e-06,22.874851506554577,-21.02829331941252,43.9031448259671,8.667080674543763,5.065505500014071,62.337483112253665,559280.9629668688,291402.10864218336,794115.494964071,0.4934946517496654,False
3,1472735236.255,1472735236.2521336,1472735236.2558932,0.0037596225738525,3,3,"DD1,DD2,DD3","204,202,203",1472735236.255,1472735236.346,2016-09-01 13:07:16.255000114+00:00,2016-09-01 13:07:16.255000114+00:00,2016-09-01 13:07:16.345999956+00:00,retain,at least two reduced-time-associated infrasound channels,,,,3,3,3,3,0.0037596225738525,"DD1,DD2,DD3",3,True,,3.63392185183619,True,131.0,139.0,0.0249998569488525,0.056999921798706,37.66396994430215,-9.892703982209197,47.55667392651135,0.0320000648498535,0.0089998245239257,0.0729999542236328,0.0169999599456787,0.0690000057220459,0.0520000457763671,10.364551435048298,20.729102870096597,noise_threshold,noise_threshold,weak_impulsive,weak_impulsive,candidate_event_003.pkl,/Users/glennthompson/Developer/KSCRocketSeismoHydrology/08_fireball_paper/falcon9-seismoacoustic-workflow-1.0.0/data/outputs/070_prepare_event_waveform_products/event_streams/candidate_event_003.pkl,1472735235.755,1472735236.855,2016-09-01 13:07:16.255000114+00:00,short_impulsive_candidate,False,True,True,analyze_all_final_events,201.29999999999987,352.5,0.9572356258262252,A_high_quality,0.1770819716723146,1.509230856356236,0.9496634812797764,9,core,0.3278665542602539,0.005464442571004232,/Users/glennthompson/Developer/KSCRocketSeismoHydrology/08_fireball_paper/falcon9-seismoacoustic-workflow-1.0.0/data/outputs/070_prepare_event_waveform_products/event_streams/candidate_event_003.pkl,0.0169999599456787,0.0690000057220459,0.0520000457763672,-0.18,-0.05,250.0,1472735236.276,1472735236.3240001,13,3,0.00010747224267154104,0.00011449852419421656,4.635729648128513e-05,0.0001360808185757477,0.06099992752075245,0.00017541284022641262,2.750813918615957,3.6356469586687944e-05,3.171233289325585e-05,1.0942850182592498e-05,4.946929258094467e-05,-1.9276094784254775e-05,5.436670112710396e-06,2.5815749520803315e-06,37.65418814681689,-9.892703982208713,47.54689212902561,17.775547387357882,2.674848267279879,67.51119075598,349401.86740983796,276704.5976127573,496110.99832119787,0.7757745578949782,False
4,1472735236.4470668,1472735236.4321334,1472735236.462,0.0298664569854736,2,2,"DD2,DD3","206,205",1472735236.445,1472735236.462,2016-09-01 13:07:16.447066784+00:00,2016-09-01 13:07:16.444999933+00:00,2016-09-01 13:07:16.461999893+00:00,retain,at least two reduced-time-associated infrasound channels,,,,4,4,2,2,0.0298664569854736,"DD2,DD3",2,True,,1.914207076782365,True,134.0,144.0,0.0369331836700439,0.0769331455230712,25.064111393503534,-9.007070955340824,34.07118234884436,0.0399999618530273,0.0169332027435302,0.0969331264495849,0.032933235168457,0.0889332294464111,0.0559999942779541,13.093730400179268,26.187460800358537,noise_threshold,noise_threshold,weak_impulsive,weak_impulsive,candidate_event_004.pkl,/Users/glennthompson/Developer/KSCRocketSeismoHydrology/08_fireball_paper/falcon9-seismoacoustic-workflow-1.0.0/data/outputs/070_prepare_event_waveform_products/event_streams/candidate_event_004.pkl,1472735235.9470668,1472735237.0470667,2016-09-01 13:07:16.447066784+00:00,short_impulsive_candidate,False,True,False,analyze_all_final_events,200.79999999999987,340.5,0.8729085335654482,B_probable,0.3975231959999399,1.6832508230603465,0.8568084118619242,9,additional_analyzed,0.5199332237243652,0.00866555372873942,/Users/glennthompson/Developer/KSCRocketSeismoHydrology/08_fireball_paper/falcon9-seismoacoustic-workflow-1.0.0/data/outputs/070_prepare_event_waveform_products/event_streams/candidate_event_004.pkl,0.032933235168457,0.0889332294464111,0.05599999427795411,-0.18,-0.05,250.0,1472735236.484,1472735236.536,14,3,0.00011590653401422623,5.955366448749328e-05,4.193045409892724e-05,0.00011917026529943021,0.06493317031860402,0.000175168383841003,1.6935614522304032,5.435217839157759e-05,3.5534014567776776e-05,2.710427183826224e-05,7.036666141785654e-05,-1.3774734871298771e-05,-4.193916100801674e-06,6.598596743447757e-06,27.896284439770522,-8.601082890656423,36.49736733042695,7.057873246285712,5.171156530706203,51.82211954567178,306262.3653536622,234087.625547175,434857.80127670453,0.6803183467605592,False
5,1472735236.7995667,1472735236.7991335,1472735236.8,0.000866413116455,2,2,"DD2,DD3","207,208",1472735236.8,1472735236.812,2016-09-01 13:07:16.799566746+00:00,2016-09-01 13:07:16.799999952+00:00,2016-09-01 13:07:16.812000036+00:00,retain,at least two reduced-time-associated infrasound channels,,,,5,5,2,2,0.000866413116455,"DD2,DD3",2,True,,2.2535180583495182,True,142.0,151.0,0.0684332847595214,0.1044332981109619,15.706477635933398,-24.34954914301055,40.056026778943945,0.0360000133514404,0.0504332780838012,0.1224333047866821,0.0644330978393554,0.1244332790374755,0.0600001811981201,10.805127144552024,21.610254289104045,noise_threshold,noise_threshold,weak_impulsive,weak_impulsive,candidate_event_005.pkl,/Users/glennthompson/Developer/KSCRocketSeismoHydrology/08_fireball_paper/falcon9-seismoacoustic-workflow-1.0.0/data/outputs/070_prepare_event_waveform_products/event_streams/candidate_event_005.pkl,1472735236.2995667,1472735237.399567,2016-09-01 13:07:16.799566746+00:00,short_impulsive_candidate,False,True,False,analyze_all_final_events,200.69999999999987,359.0,0.8065245284587634,B_probable,0.2449489742783038,4.186250274174334,0.7889546216760028,9,additional_analyzed,0.8724331855773926,0.014540553092956543,/Users/glennthompson/Developer/KSCRocketSeismoHydrology/08_fireball_paper/falcon9-seismoacoustic-workflow-1.0.0/data/outputs/070_prepare_event_waveform_products/event_streams/candidate_event_005.pkl,0.0644330978393554,0.1244332790374755,0.0600001811981201,-0.18,-0.05,250.0,1472735236.8639998,1472735236.924,16,3,6.673685082776213e-05,4.602563573595051e-05,4.6223890299277614e-05,7.684590804641889e-05,0.11643320655822809,0.00018697367467625657,1.2729709297537524,4.841183948388424e-05,3.1516997778709076e-05,1.7526896410812005e-05,6.036737073114797e-05,-5.475066671701214e-06,-2.8814600249493575e-05,-7.692903203791243e-06,13.84862319691999,-22.847553661304026,36.696176858224014,6.816843367597133,5.383162686802211,52.10440651237387,477529.3544069729,180212.89030191052,678037.4887482639,0.4109985439366102,False
6,1472735237.242,1472735237.2411337,1472735237.2448933,0.0037598609924316,3,3,"DD1,DD2,DD3","211,209,210",1472735237.242,1472735237.335,2016-09-01 13:07:17.242000103+00:00,2016-09-01 13:07:17.242000103+00:00,2016-09-01 13:07:17.335000038+00:00,retain,at least two reduced-time-associated infrasound channels,,,,6,6,3,3,0.0037596225738525,"DD1,DD2,DD3",3,True,,5.796782165713952,True,133.0,172.0,0.0339999198913574,0.1899998188018798,33.6957352680494,-19.240708710626976,52.93644397867637,0.1559998989105224,-0.0440000295639038,0.2679997682571411,0.0099997520446777,0.2299997806549072,0.2200000286102295,5.812834483819061,11.625668967638122,noise_threshold,noise_threshold,moderate_impulsive,moderate_impulsive,candidate_event_006.pkl,/Users/glennthompson/Developer/KSCRocketSeismoHydrology/08_fireball_paper/falcon9-seismoacoustic-workflow-1.0.0/data/outputs/070_prepare_event_waveform_products/event_streams/candidate_event_006.pkl,1472735236.742,1472735237.842,2016-09-01 13:07:17.242000103+00:00,short_impulsive_candidate,False,True,True,analyze_all_final_events,201.69999999999987,336.5,0.9355701425301726,B_probable,0.4629481479110772,4.35748256691724,0.9305722543020164,9,core,1.314866542816162,0.021914442380269367,/Users/glennthompson/Developer/KSCRocketSeismoHydrology/08_fireball_paper/falcon9-seismoacoustic-workflow-1.0.0/data/outputs/070_prepare_event_waveform_products/event_streams/candidate_event_006.pkl,0.0099997520446777,0.2299997806549072,0.2200000286102295,-0.18,-0.05,250.0,1472735237.2519999,1472735237.468,55,3,0.00011455600585117639,0.0001795854754472352,9.732069251212392e-05,0.0001831591731910785,0.22599985504150455,0.000254052293505021,3.3391994612962166,3.5047206028652755e-05,3.7005500852443106e-05,2.0271726237252735e-05,5.4851222669992715e-05,1.3463870885723689e-05,5.644982896798121e-05,1.4491276284729425e-05,33.70692095626799,-19.407305881967314,53.11422683823531,5.377902057200118,9.87638418723602,75.41617420970184,289989.44422414794,184030.7551569021,411752.1000764994,0.7209506777684673,False
7,1472735237.634,1472735237.632893,1472735237.6361334,0.0032401084899902,3,3,"DD1,DD2,DD3","215,213,214",1472735237.634,1472735237.723,2016-09-01 13:07:17.634000063+00:00,2016-09-01 13:07:17.634000063+00:00,2016-09-01 13:07:17.723000050+00:00,retain,at least two reduced-time-associated infrasound channels,,,,7,7,3,3,0.0032403469085693,"DD1,DD2,DD3",3,True,,2.227323583017329,True,130.0,143.0,0.0219998359680175,0.0739998817443847,28.522734684348936,-13.296857356657217,41.81959204100615,0.0520000457763671,-0.004000186920166,0.0999999046325683,0.0179998874664306,0.0859999656677246,0.0680000782012939,12.805833378601204,25.611666757202407,noise_threshold,noise_threshold,weak_impulsive,weak_impulsive,candidate_event_007.pkl,/Users/glennthompson/Developer/KSCRocketSeismoHydrology/08_fireball_paper/falcon9-seismoacoustic-workflow-1.0.0/data/outputs/070_prepare_event_waveform_products/event_streams/candidate_event_007.pkl,1472735237.134,1472735238.234,2016-09-01 13:07:17.634000063+00:00,short_impulsive_candidate,False,True,False,analyze_all_final_events,201.4999999999999,354.0,0.8159904203559827,B_probable,0.2108185106778799,1.3494397557212354,0.8076018969340923,9,additional_analyzed,1.7068665027618408,0.02844777504603068,/Users/glennthompson/Developer/KSCRocketSeismoHydrology/08_fireball_paper/falcon9-seismoacoustic-workflow-1.0.0/data/outputs/070_prepare_event_waveform_products/event_streams/candidate_event_007.pkl,0.0179998874664306,0.0859999656677246,0.068000078201294,-0.18,-0.05,250.0,1472735237.656,1472735237.72,17,3,0.00015901981612951487,0.00025767665222995253,0.0001257437030930875,0.00032074110569126307,0.03799985504150438,0.0006881978819516147,4.448517486798205,4.473282740706946e-05,2.6733075568108845e-05,4.982794300020442e-05,7.210067323397545e-05,-7.53842995904661e-05,-0.00011619648779089331,-4.499270565191261e-05,28.522734684349814,-13.379905822862879,41.902640507212695,7.738989355420509,5.414484835524865,59.4969940156142,130643.18780377053,88927.59355829198,185498.50006716768,0.46605941997626416,False
8,1472735237.8951335,1472735237.8918934,1472735237.896,0.0041065216064453,3,3,"DD1,DD2,DD3","218,216,217",1472735237.896,1472735237.982,2016-09-01 13:07:17.895133495+00:00,2016-09-01 13:07:17.895999908+00:00,2016-09-01 13:07:17.982000113+00:00,retain,at least two reduced-time-associated infrasound channels,,,,8,8,3,3,0.0041065216064453,"DD1,DD2,DD3",3,True,,4.190789515406945,True,130.0,138.0,0.0208663940429687,0.0528664588928222,29.77866339480653,-21.5081565323884,51.28681992719493,0.0320000648498535,0.0048663616180419,0.068866491317749,0.0088663101196289,0.068866491317749,0.0600001811981201,7.105740645128745,14.21148129025749,noise_threshold,noise_threshold,moderate_impulsive,moderate_impulsive,candidate_event_008.pkl,/Users/glennthompson/Developer/KSCRocketSeismoHydrology/08_fireball_paper/falcon9-seismoacoustic-workflow-1.0.0/data/outputs/070_prepare_event_waveform_products/event_streams/candidate_event_008.pkl,1472735237.3951335,1472735238.4951334,2016-09-01 13:07:17.895133495+00:00,short_impulsive_candidate,False,True,True,analyze_all_final_events,200.7999999999999,359.5,0.9559247317090293,A_high_quality,0.2845832994414438,1.264422964082338,0.9403451233723024,9,core,1.9679999351501465,0.032799998919169106,/Users/glennthompson/Developer/KSCRocketSeismoHydrology/08_fireball_paper/falcon9-seismoacoustic-workflow-1.0.0/data/outputs/070_prepare_event_waveform_products/event_streams/candidate_event_008.pkl,0.0088663101196289,0.068866491317749,0.060000181198120096,-0.18,-0.05,250.0,1472735237.9039998,1472735237.964,16,3,0.00015892450826798481,0.00012187616643770849,9.268343309807188e-05,0.0001875316549541801,0.060866413116455576,0.0004916758049048718,2.5812636016395953,5.0097664662970555e-05,3.936896124932777e-05,3.490690555893305e-05,7.265110577434311e-05,3.863429439233894e-05,3.657689191276977e-05,7.386291293269686e-06,29.778663394805935,-21.52708828251718,51.305751677323116,4.781020067967343,10.731130793838275,72.84834472392852,273584.48732220026,158792.7296971906,388458.9230640964,0.3814132261205394,False
9,1472735238.1111336,1472735238.109893,1472735238.112,0.0021066665649414,3,3,"DD1,DD2,DD3","221,219,220",1472735238.112,1472735238.2,2016-09-01 13:07:18.111133575+00:00,2016-09-01 13:07:18.111999989+00:00,2016-09-01 13:07:18.200000048+00:00,retain,at least two reduced-time-associated infrasound channels,,,,9,9,3,3,0.0021069049835205,"DD1,DD2,DD3",3,True,,11.131978868361225,True,130.0,137.0,0.0208663940429687,0.0488665103912353,104.79472197438682,-74.74012993930513,179.53485191369197,0.0280001163482666,0.0068663358688354,0.0628665685653686,0.000866413116455,0.0728664398193359,0.0720000267028808,9.413844853068248,18.827689706136496,noise_threshold,noise_threshold,robust_impulsive,robust_impulsive,candidate_event_009.pkl,/Users/glennthompson/Developer/KSCRocketSeismoHydrology/08_fireball_paper/falcon9-seismoacoustic-workflow-1.0.0/data/outputs/070_prepare_event_waveform_products/event_streams/candidate_event_009.pkl,1472735237.6111336,1472735238.7111337,2016-09-01 13:07:18.111133575+00:00,short_impulsive_candidate,False,True,True,analyze_all_final_events,200.69999999999987,350.0,0.988343884660608,A_high_quality,0.2615244954653145,0.9460770203292443,0.9804855602445592,9,core,2.184000015258789,0.03640000025431315,/Users/glennthompson/Developer/KSCRocketSeismoHydrology/08_fireball_paper/falcon9-seismoacoustic-workflow-1.0.0/data/outputs/070_prepare_event_waveform_products/event_streams/candidate_event_009.pkl,0.000866413116455,0.0728664398193359,0.0720000267028809,-0.18,-0.05,250.0,1472735238.112,1472735238.184,19,3,0.00034716763896706487,0.0005022509217847563,0.00020989996693838122,0.0006456309736221902,0.07286641311645559,0.0006944845735220628,4.1237710365135,6.153546349122562e-05,0.00013682686814460747,4.476432126532159e-05,0.00015656324463834634,-5.993898420342318e-05,-0.00015120748970985095,-2.4603815511387655e-06,105.10706488233878,-74.85142167390622,179.958486556245,11.669819469569909,15.42084580018592,255.52062753307644,278732.7341912084,162797.4325529265,395768.84934675053,0.9296548810982038,False
10,1472735238.3890667,1472735238.388,1472735238.3901336,0.0021336078643798,2,2,"DD2,DD3","223,224",1472735238.388,1472735238.403,2016-09-01 13:07:18.389066696+00:00,2016-09-01 13:07:18.388000011+00:00,2016-09-01 13:07:18.403000116+00:00,retain,at least two reduced-time-associated infrasound channels,,,,10,10,2,2,0.0021336078643798,"DD2,DD3",2,True,,1.4006427805467283,True,153.0,179.0,0.1128265857696533,0.2168266773223877,29.53187626839667,-29.702961603256355,59.23483787165303,0.1040000915527343,0.0608265399932861,0.2688267230987549,0.1088266372680664,0.2288265228271484,0.119999885559082,21.206664551301273,42.413329102602546,noise_threshold,noise_threshold,weak_impulsive,weak_impulsive,candidate_event_010.pkl,/Users/glennthompson/Developer/KSCRocketSeismoHydrology/08_fireball_paper/falcon9-seismoacoustic-workflow-1.0.0/data/outputs/070_prepare_event_waveform_products/event_streams/candidate_event_010.pkl,1472735237.8890667,1472735238.9890666,2016-09-01 13:07:18.389066696+00:00,short_impulsive_candidate,False,True,False,analyze_all_final_events,201.3999999999999,344.5,0.9554967333316609,A_high_quality,0.3166179299727599,1.4614384931073228,0.9509069133650347,9,additional_analyzed,2.461933135986328,0.04103221893310547,/Users/glennthompson/Developer/KSCRocketSeismoHydrology/08_fireball_paper/falcon9-seismoacoustic-workflow-1.0.0/data/outputs/070_prepare_event_waveform_products/event_streams/candidate_event_010.pkl,0.1088266372680664,0.2288265228271484,0.119999885559082,-0.18,-0.05,250.0,1472735238.5,1472735238.616,30,3,0.0003387922316450083,0.00036519753889785217,9.144469841324077e-05,0.0003763453017553625,0.22693331527710026,0.0006198875378404928,2.181441720111643,0.0001401266343175922,8.076346365744626e-05,6.004507009256027e-05,0.00017252136432785456,8.593440560263414e-05,-3.484219500128591e-05,2.3250211483043997e-05,31.945608895477413,-27.690934219759015,59.63654311523643,37.53121955934937,1.5889849521391433,84.6771231094229,158462.30267012143,84883.7722869812,224998.4860033299,0.6071186768271543,False
11,1472735238.9771335,1472735238.9768932,1472735238.983,0.0061068534851074,3,3,"DD1,DD2,DD3","227,225,226",1472735238.983,1472735239.067,2016-09-01 13:07:18.977133512+00:00,2016-09-01 13:07:18.983000040+00:00,2016-09-01 13:07:19.066999911+00:00,retain,at least two reduced-time-associated infrasound channels,,,,11,11,3,3,0.0061068534851074,"DD1,DD2,DD3",3,True,,3.606015660429608,True,140.0,174.0,0.0619997978210449,0.1979999542236328,70.72818968592003,-79.73829438659277,150.4664840725128,0.1360001564025879,-0.006000280380249,0.2660000324249267,0.0459997653961181,0.241999864578247,0.1960000991821289,22.11257573326596,44.22515146653192,noise_threshold,noise_threshold,weak_impulsive,weak_impulsive,candidate_event_011.pkl,/Users/glennthompson/Developer/KSCRocketSeismoHydrology/08_fireball_paper/falcon9-seismoacoustic-workflow-1.0.0/data/outputs/070_prepare_event_waveform_products/event_streams/candidate_event_011.pkl,1472735238.4771335,1472735239.5771334,2016-09-01 13:07:18.977133512+00:00,short_impulsive_candidate,False,True,True,analyze_all_final_events,199.8999999999999,350.0,0.97514429480309,A_high_quality,0.1885618083164019,1.286204100310025,0.9702139892630448,9,core,3.049999952316284,0.05083333253860474,/Users/glennthompson/Developer/KSCRocketSeismoHydrology/08_fireball_paper/falcon9-seismoacoustic-workflow-1.0.0/data/outputs/070_prepare_event_waveform_products/event_streams/candidate_event_011.pkl,0.0459997653961181,0.241999864578247,0.19600009918212888,-0.18,-0.05,250.0,1472735239.0240002,1472735239.216,49,3,0.00030974270421790584,0.0006044141079887949,0.0001874046113796024,0.0006578864989907605,0.2188665580749518,0.003275925519210818,5.524466411665267,5.380543746303464e-05,8.65685129926112e-05,6.158196321041904e-05,0.00011908598043090475,-9.372829574869532e-05,-0.00017658513175469238,-4.341084971723999e-05,70.05967139599872,-80.14262492816704,150.20229632416576,9.660827193592022,15.547560608867343,213.2702144150593,228310.34920854217,106492.03396554677,324174.7850764977,0.20082462044169053,False
12,1472735239.2395668,1472735239.239,1472735239.2401335,0.0011334419250488,2,2,"DD2,DD3","228,229",1472735239.239,1472735239.253,2016-09-01 13:07:19.239566803+00:00,2016-09-01 13:07:19.239000082+00:00,2016-09-01 13:07:19.253000021+00:00,retain,at least two reduced-time-associated infrasound channels,,,,12,12,2,2,0.0011334419250488,"DD2,DD3",2,True,,7.514999626918411,True,139.0,147.0,0.0564332008361816,0.0884332656860351,155.18634738640003,-141.95192250121062,297.13826988761065,0.0320000648498535,0.0404331684112548,0.1044332981109619,0.0084331035614013,0.1044332981109619,0.0960001945495605,20.650213584912112,41.300427169824225,noise_threshold,model,moderate_impulsive,moderate_impulsive,candidate_event_012.pkl,/Users/glennthompson/Developer/KSCRocketSeismoHydrology/08_fireball_paper/falcon9-seismoacoustic-workflow-1.0.0/data/outputs/070_prepare_event_waveform_products/event_streams/candidate_event_012.pkl,1472735238.7395668,1472735239.8395667,2016-09-01 13:07:19.239566803+00:00,short_impulsive_candidate,False,True,True,analyze_all_final_events,200.7999999999999,353.0,0.9963701303709852,A_high_quality,0.1133115447464998,0.3142696805273545,0.9955407136805452,9,core,3.3124332427978516,0.055207220713297527,/Users/glennthompson/Developer/KSCRocketSeismoHydrology/08_fireball_paper/falcon9-seismoacoustic-workflow-1.0.0/data/outputs/070_prepare_event_waveform_products/event_streams/candidate_event_012.pkl,0.0084331035614013,0.1044332981109619,0.0960001945495606,-0.18,-0.05,250.0,1472735239.248,1472735239.344,25,3,0.0004626220854043133,0.0010157272283794828,0.0004265405912933489,0.001156480731534377,0.07243320655822805,0.0031352632690799993,4.426146572930598,0.00012212476974652055,0.0002250975873668677,5.182548157878053e-05,0.00026128387582263437,-8.935621534654812e-05,-0.00040537062129480543,-7.209061594637e-05,152.00443119703948,-140.39174996961222,292.3961811666517,38.732098726060656,7.549195390486669,415.1693933957749,252832.7305364707,131437.0633701484,358993.7835323404,0.368862399192949,False
13,1472735239.4271336,1472735239.4258933,1472735239.428,0.0021066665649414,3,3,"DD1,DD2,DD3","238,230,232",1472735239.428,1472735239.516,2016-09-01 13:07:19.427133560+00:00,2016-09-01 13:07:19.427999973+00:00,2016-09-01 13:07:19.516000032+00:00,retain,at least two reduced-time-associated infrasound channels,,,,13,13,3,3,0.0021066665649414,"DD1,DD2,DD3",3,False,no positive-before-negative pair,,False,,,,,,,,,,,,,,,,none,none,complex_or_noncanonical,complex_or_noncanonical,candidate_event_013.pkl,/Users/glennthompson/Developer/KSCRocketSeismoHydrology/08_fireball_paper/falcon9-seismoacoustic-workflow-1.0.0/data/outputs/070_prepare_event_waveform_products/event_streams/candidate_event_013.pkl,1472735238.9271336,1472735240.0271337,2016-09-01 13:07:19.427133560+00:00,principal_first_stage_explosion,True,True,False,analyze_all_final_events,200.2999999999999,352.5,0.9983980564566396,A_high_quality,0.0816496580927679,0.408248290463863,0.998023043338392,9,additional_analyzed,3.5,0.058333333333333334,/Users/glennthompson/Developer/KSCRocketSeismoHydrology/08_fireball_paper/falcon9-seismoacoustic-workflow-1.0.0/data/outputs/070_prepare_event_waveform_products/event_streams/candidate_event_013.pkl,-0.04,0.35,0.38999999999999996,-0.18,-0.05,250.0,1472735239.388,1472735239.776,98,3,0.0029365971904021814,0.0022910665219048206,0.0011334322676211893,0.0035745032221146263,0.05686641311645557,0.0035745032221146263,9.83804638845345,0.00022515807778924414,0.00025781524990500603,0.00012184913125461753,0.00036333465822136076,6.0170445718399135e-05,8.378658126787387e-05,3.9896332872597635e-05,1356.0894347265053,-109.70142666835599,1465.7908613948612,89.23675659344224,16.425864378654232,2081.2566714868617,410068.41239542083,379378.4339979589,582250.6071922407,1.0,True
14,1472735239.5001335,1472735239.4988933,1472735239.505,0.0061068534851074,3,3,"DD1,DD2,DD3","240,236,237",1472735239.505,1472735239.589,2016-09-01 13:07:19.500133513+00:00,2016-09-01 13:07:19.505000114+00:00,2016-09-01 13:07:19.588999987+00:00,retain,at least two reduced-time-associated infrasound channels,,,,14,14,3,3,0.0061068534851074,"DD1,DD2,DD3",3,True,,25.38160636224296,True,150.0,187.0,0.1017596721649169,0.2497596740722656,315.817671198456,-112.6848820826961,428.50255328115213,0.1480000019073486,0.0277596712112426,0.3237596750259399,-0.0742402076721191,0.2617597579956054,0.3359999656677246,53.750951109347014,107.50190221869404,noise_threshold,noise_threshold,robust_impulsive,robust_impulsive,candidate_event_014.pkl,/Users/glennthompson/Developer/KSCRocketSeismoHydrology/08_fireball_paper/falcon9-seismoacoustic-workflow-1.0.0/data/outputs/070_prepare_event_waveform_products/event_streams/candidate_event_014.pkl,1472735239.0001335,1472735240.1001334,2016-09-01 13:07:19.500133513+00:00,short_impulsive_candidate,False,True,True,analyze_all_final_events,200.69999999999987,357.0,0.9966832902049896,A_high_quality,0.2454524670485918,2.28656840302852,0.9947252149602874,9,core,3.572999954223633,0.059549999237060544,/Users/glennthompson/Developer/KSCRocketSeismoHydrology/08_fireball_paper/falcon9-seismoacoustic-workflow-1.0.0/data/outputs/070_prepare_event_waveform_products/event_streams/candidate_event_014.pkl,-0.0742402076721191,0.2617597579956054,0.3359999656677245,-0.18,-0.05,250.0,1472735239.428,1472735239.76,84,3,0.0029445445001227196,0.0020692790170406534,0.0010937165246790673,0.0034049461161336134,-0.016133514404296445,0.0034049461161336134,8.32538432004271,8.097091452620455e-05,0.00034595491397421455,0.00020255009085643974,0.00040898365591801844,6.811775543893764e-05,-0.00013800092359629335,-8.996340015237909e-05,1356.089434726507,-109.70142666835599,1465.790861394863,103.92410190351033,14.104436165883785,2081.2566714868644,430488.7100707775,398270.45376752526,611245.1124043555,1.0,True
15,1472735239.5831337,1472735239.5818932,1472735239.585,0.0031068325042724,3,3,"DD1,DD2,DD3","242,239,241",1472735239.585,1472735239.672,2016-09-01 13:07:19.583133459+00:00,2016-09-01 13:07:19.585000038+00:00,2016-09-01 13:07:19.671999931+00:00,retain,at least two reduced-time-associated infrasound channels,,,,15,15,3,3,0.0031068325042724,"DD1,DD2,DD3",3,True,,3.1761226814023993,True,130.0,167.0,0.0208663940429687,0.1688663959503173,314.01015027030815,-109.2779080303702,423.2880583006784,0.1480000019073486,-0.0531336069107055,0.2428663969039917,0.0048663616180419,0.1808664798736572,0.1760001182556152,98.86587571348431,197.73175142696863,noise_threshold,noise_threshold,weak_impulsive,weak_impulsive,candidate_event_015.pkl,/Users/glennthompson/Developer/KSCRocketSeismoHydrology/08_fireball_paper/falcon9-seismoacoustic-workflow-1.0.0/data/outputs/070_prepare_event_waveform_products/event_streams/candidate_event_015.pkl,1472735239.0831337,1472735240.1831336,2016-09-01 13:07:19.583133698+00:00,short_impulsive_candidate,False,True,True,analyze_all_final_events,200.4999999999999,357.5,0.9890715270967344,A_high_quality,0.391578004149002,1.0540925533894596,0.984756384931405,9,core,3.6560001373291016,0.06093333562215169,/Users/glennthompson/Developer/KSCRocketSeismoHydrology/08_fireball_paper/falcon9-seismoacoustic-workflow-1.0.0/data/outputs/070_prepare_event_waveform_products/event_streams/candidate_event_015.pkl,0.0048663616180419,0.1808664798736572,0.1760001182556153,-0.18,-0.05,250.0,1472735239.588,1472735239.7640002,45,3,0.0026108597690887225,0.0011728800673660442,0.000783188041775929,0.002706943046275675,0.12086641311645563,0.0032765556751370743,3.7682767883454322,0.0004429009714126704,0.0005179835783689389,0.00022706607890131124,0.0007183503756007887,3.4769210050172123e-07,-0.0002363574702338164,-0.00015692048333070828,314.1808472435752,-109.70142666835618,423.8822739119314,222.35875446494848,1.9062990118464174,601.8647228191277,156590.76185408715,116064.81624201083,222341.11044456522,0.8261550587454707,False
16,1472735240.9075668,1472735240.9051335,1472735240.91,0.004866600036621,2,2,"DD2,DD3","243,244",1472735240.91,1472735240.918,2016-09-01 13:07:20.907566786+00:00,2016-09-01 13:07:20.910000086+00:00,2016-09-01 13:07:20.917999983+00:00,retain,at least two reduced-time-associated infrasound channels,,,,16,16,2,2,0.004866600036621,"DD2,DD3",2,True,,5.132004708467133,True,136.0,150.0,0.0444331169128418,0.1004331111907959,36.652547160170656,-33.01873777587749,69.67128493604815,0.0559999942779541,0.0164331197738647,0.1284331083297729,0.0124332904815673,0.1204330921173095,0.1079998016357421,7.141955092071286,14.283910184142572,noise_threshold,noise_threshold,moderate_impulsive,moderate_impulsive,candidate_event_016.pkl,/Users/glennthompson/Developer/KSCRocketSeismoHydrology/08_fireball_paper/falcon9-seismoacoustic-workflow-1.0.0/data/outputs/070_prepare_event_waveform_products/event_streams/candidate_event_016.pkl,1472735240.4075668,1472735241.5075667,2016-09-01 13:07:20.907566786+00:00,short_impulsive_candidate,False,True,True,analyze_all_final_events,202.3999999999999,337.0,0.9468540120485044,B_probable,0.6390579486465594,6.883958809354461,0.930201708519496,9,core,4.980433225631714,0.08300722042719523,/Users/glennthompson/Developer/KSCRocketSeismoHydrology/08_fireball_paper/falcon9-seismoacoustic-workflow-1.0.0/data/outputs/070_prepare_event_waveform_products/event_streams/candidate_event_016.pkl,0.0124332904815673,0.1204330921173095,0.1079998016357422,-0.18,-0.05,250.0,1472735240.924,1472735241.024,26,3,0.0009535415076617425,0.00022317262046644065,0.00022740093813810436,0.000991098550025518,0.016433206558227997,0.0013313795296290415,1.4855876098990646,0.0005112176224722393,0.00041457391100434884,0.00010892224949799746,0.0006671424447951987,0.00023823384424066722,0.0002858985625160356,7.732620304331949e-05,32.00279232075933,-34.02893454746923,66.03172686822856,8.94494475917038,7.382016171819583,93.75755825324232,66624.78405051489,32290.222117604102,94599.6321463979,0.7444147427305458,False
17,1472735241.5698934,1472735241.5681336,1472735241.573,0.0048663616180419,3,3,"DD1,DD2,DD3","248,246,247",1472735241.573,1472735241.66,2016-09-01 13:07:21.569893360+00:00,2016-09-01 13:07:21.572999954+00:00,2016-09-01 13:07:21.660000086+00:00,retain,at least two reduced-time-associated infrasound channels,,,,17,17,3,3,0.0048663616180419,"DD1,DD2,DD3",3,True,,2.092251441485508,True,120.0,130.0,-0.0187599658966064,0.0212399959564209,15.793719738553106,-15.443537281005272,31.237257019558378,0.0399999618530273,-0.0387599468231201,0.0412399768829345,-0.0227599143981933,0.0332400798797607,0.0559999942779541,7.548671935596563,15.097343871193123,noise_threshold,noise_threshold,weak_impulsive,weak_impulsive,candidate_event_017.pkl,/Users/glennthompson/Developer/KSCRocketSeismoHydrology/08_fireball_paper/falcon9-seismoacoustic-workflow-1.0.0/data/outputs/070_prepare_event_waveform_products/event_streams/candidate_event_017.pkl,1472735241.0698934,1472735242.1698933,2016-09-01 13:07:21.569893360+00:00,short_impulsive_candidate,False,True,False,analyze_all_final_events,201.8999999999999,354.0,0.8306653276825471,B_probable,0.4021546904633962,2.926043129391932,0.8127847315705791,9,additional_analyzed,5.642759799957275,0.09404599666595459,/Users/glennthompson/Developer/KSCRocketSeismoHydrology/08_fireball_paper/falcon9-seismoacoustic-workflow-1.0.0/data/outputs/070_prepare_event_waveform_products/event_streams/candidate_event_017.pkl,-0.0227599143981933,0.0332400798797607,0.055999994277954004,-0.18,-0.05,250.0,1472735241.548,1472735241.6000001,14,3,0.0008530842848866638,0.0007086440288102193,0.0002273500768711134,0.0009636942562289647,-0.02189328193664508,0.0012631297400167712,1.6523238151627917,0.0004130127496593703,0.00040051350701928064,9.577731813575304e-05,0.0005832357116598351,0.00037548140862612913,-0.00022025548213126244,1.4434394150252144e-05,16.747455716130812,-15.995982557063511,32.74343827319432,5.032654682202382,6.506196101431143,46.49196631547702,33976.99847389646,17378.391131711564,48243.481804493575,0.7629416248375003,False
18,1472735243.4671335,1472735243.4658933,1472735243.468,0.0021066665649414,3,3,"DD1,DD2,DD3","254,249,250",1472735243.468,1472735243.556,2016-09-01 13:07:23.467133522+00:00,2016-09-01 13:07:23.467999935+00:00,2016-09-01 13:07:23.555999994+00:00,retain,at least two reduced-time-associated infrasound channels,,,,18,18,3,3,0.0021066665649414,"DD1,DD2,DD3",3,True,,36.920570236824446,True,129.0,136.0,0.0168664455413818,0.0448663234710693,191.86644163961736,-46.93837657891178,238.8048182185291,0.0279998779296875,0.002866506576538,0.058866262435913,-0.0151336193084716,0.068866491317749,0.0840001106262207,5.196735597768489,10.39347119553698,noise_threshold,noise_threshold,robust_impulsive,robust_impulsive,candidate_event_018.pkl,/Users/glennthompson/Developer/KSCRocketSeismoHydrology/08_fireball_paper/falcon9-seismoacoustic-workflow-1.0.0/data/outputs/070_prepare_event_waveform_products/event_streams/candidate_event_018.pkl,1472735242.9671335,1472735244.0671334,2016-09-01 13:07:23.467133522+00:00,short_impulsive_candidate,False,True,True,analyze_all_final_events,200.19999999999987,351.0,0.9972935929767548,A_high_quality,0.083147941928305,0.3928371006591931,0.9961386423206022,9,core,7.539999961853027,0.12566666603088378,/Users/glennthompson/Developer/KSCRocketSeismoHydrology/08_fireball_paper/falcon9-seismoacoustic-workflow-1.0.0/data/outputs/070_prepare_event_waveform_products/event_streams/candidate_event_018.pkl,-0.0151336193084716,0.068866491317749,0.08400011062622059,-0.18,-0.05,250.0,1472735243.452,1472735243.536,22,3,0.0008349581235293724,0.0003198189699098812,0.0005048827984398978,0.0008855168998933846,0.05286641311645557,0.0010344956688710144,1.083650515351415,0.0007806971005541798,7.713199927819284e-05,0.000228724142046051,0.0008171609641197115,-4.240432010249372e-05,5.228848320321686e-05,0.00019699052685228006,191.8962010801191,-46.97603640799232,238.87223748811144,5.043132216279633,47.36584869161526,339.1714677713496,269754.57782552927,216705.2950691548,383020.8862328721,0.8559889872325747,False
19,1472735245.5420666,1472735245.5341334,1472735245.55,0.0158665180206298,2,2,"DD2,DD3","257,256",1472735245.547,1472735245.55,2016-09-01 13:07:25.542066574+00:00,2016-09-01 13:07:25.546999931+00:00,2016-09-01 13:07:25.549999952+00:00,retain,at least two reduced-time-associated infrasound channels,,,,19,19,2,2,0.0158665180206298,"DD2,DD3",2,True,,7.044531217552959,True,130.0,144.0,0.0219333171844482,0.0779333114624023,23.72050243659688,-30.68903362572365,54.40953606232053,0.0559999942779541,-0.0060666799545288,0.1059333086013794,0.0059332847595214,0.1779334545135498,0.1720001697540283,4.356433760880404,8.712867521760808,noise_threshold,noise_threshold,moderate_impulsive,moderate_impulsive,candidate_event_019.pkl,/Users/glennthompson/Developer/KSCRocketSeismoHydrology/08_fireball_paper/falcon9-seismoacoustic-workflow-1.0.0/data/outputs/070_prepare_event_waveform_products/event_streams/candidate_event_019.pkl,1472735245.0420666,1472735246.1420665,2016-09-01 13:07:25.542066574+00:00,short_impulsive_candidate,False,True,True,analyze_all_final_events,205.3999999999999,327.5,0.8357412022837105,B_probable,0.5349512496537794,2.8620548605313907,0.8078702187067389,9,core,9.614933013916016,0.16024888356526693,/Users/glennthompson/Developer/KSCRocketSeismoHydrology/08_fireball_paper/falcon9-seismoacoustic-workflow-1.0.0/data/outputs/070_prepare_event_waveform_products/event_streams/candidate_event_019.pkl,0.0059332847595214,0.1779334545135498,0.1720001697540284,-0.18,-0.05,250.0,1472735245.5479999,1472735245.72,44,3,0.00011627667379625811,0.000168138742493882,0.00013394727167437737,0.00020210854577103142,0.14993333625793515,0.00025870447241126994,3.666382174280551,3.374853970706067e-05,3.499422799772028e-05,2.5984274042869185e-05,5.512478955107589e-05,-2.234579199699285e-05,-2.6906855465110435e-05,2.1445967595088277e-05,25.485992698334503,-19.1367309058212,44.6227236041557,5.333638078193753,8.36628262922318,63.359203312733186,220785.9318067072,126100.51990185294,313490.96630734636,0.7812332886527514,False
20,1472735246.1871336,1472735246.1858933,1472735246.192,0.0061066150665283,3,3,"DD1,DD2,DD3","261,259,260",1472735246.192,1472735246.276,2016-09-01 13:07:26.187133551+00:00,2016-09-01 13:07:26.191999912+00:00,2016-09-01 13:07:26.276000023+00:00,retain,at least two reduced-time-associated infrasound channels,,,,20,20,3,3,0.0061066150665283,"DD1,DD2,DD3",3,True,,15.012756831731055,True,131.0,142.0,0.0248663425445556,0.068866491317749,57.291072869817555,-18.369667480324207,75.66074035014177,0.0440001487731933,0.0028662681579589,0.0908665657043457,0.0048663616180419,0.0848665237426757,0.0800001621246337,3.816159384446086,7.632318768892172,noise_threshold,noise_threshold,robust_impulsive,robust_impulsive,candidate_event_020.pkl,/Users/glennthompson/Developer/KSCRocketSeismoHydrology/08_fireball_paper/falcon9-seismoacoustic-workflow-1.0.0/data/outputs/070_prepare_event_waveform_products/event_streams/candidate_event_020.pkl,1472735245.6871336,1472735246.7871337,2016-09-01 13:07:26.187133551+00:00,short_impulsive_candidate,False,True,True,analyze_all_final_events,200.19999999999987,352.5,0.9311716689726816,A_high_quality,0.233068632926687,0.5665577237325315,0.9262598701427932,9,core,10.259999990463257,0.17099999984105427,/Users/glennthompson/Developer/KSCRocketSeismoHydrology/08_fireball_paper/falcon9-seismoacoustic-workflow-1.0.0/data/outputs/070_prepare_event_waveform_products/event_streams/candidate_event_020.pkl,0.0048663616180419,0.0848665237426757,0.0800001621246338,-0.18,-0.05,250.0,1472735246.192,1472735246.272,21,3,0.0001260207668122733,0.00014337431493808444,0.00010950460957706472,0.00018834229447926024,0.060866413116455576,0.0002639018041070549,1.4127675633074381,1.9251385540769997e-05,3.161243474807277e-05,0.0001280733144364369,0.00013331442437589027,6.685060508497456e-06,-3.7898991819397914e-05,3.871099782596641e-05,57.29107286981655,-18.403039203209662,75.69411207302622,4.827024201539127,15.681320190789735,107.47704866596348,401896.5165647457,304185.9133564145,570647.4425360607,0.7136832395539704,False
21,1472735246.7898934,1472735246.7881336,1472735246.792,0.00386643409729,3,3,"DD1,DD2,DD3","264,262,263",1472735246.792,1472735246.88,2016-09-01 13:07:26.789893389+00:00,2016-09-01 13:07:26.792000055+00:00,2016-09-01 13:07:26.880000114+00:00,retain,at least two reduced-time-associated infrasound channels,,,,21,21,3,3,0.00386643409729,"DD1,DD2,DD3",3,True,,5.418729766389277,True,131.0,139.0,0.0252399444580078,0.0572400093078613,41.06659182067494,-20.757576887282873,61.82416870795781,0.0320000648498535,0.009239912033081,0.073240041732788,0.0052399635314941,0.0692400932312011,0.064000129699707,7.578638092528334,15.157276185056668,noise_threshold,noise_threshold,moderate_impulsive,moderate_impulsive,candidate_event_021.pkl,/Users/glennthompson/Developer/KSCRocketSeismoHydrology/08_fireball_paper/falcon9-seismoacoustic-workflow-1.0.0/data/outputs/070_prepare_event_waveform_products/event_streams/candidate_event_021.pkl,1472735246.2898934,1472735247.3898933,2016-09-01 13:07:26.789893389+00:00,short_impulsive_candidate,False,True,True,analyze_all_final_events,200.3999999999999,354.0,0.9819075345544768,A_high_quality,0.3010270485365177,1.8774161387462,0.979809535817199,9,core,10.862759828567505,0.18104599714279174,/Users/glennthompson/Developer/KSCRocketSeismoHydrology/08_fireball_paper/falcon9-seismoacoustic-workflow-1.0.0/data/outputs/070_prepare_event_waveform_products/event_streams/candidate_event_021.pkl,0.0052399635314941,0.0692400932312011,0.064000129699707,-0.18,-0.05,250.0,1472735246.796,1472735246.8560002,16,3,0.00022990119336553245,0.00010901927869170789,0.00012118770222496213,0.00025643862093027074,0.01410671806335495,0.00030197331569961617,1.8861264337777226,0.00011268731176540676,5.2556003811199955e-05,5.499712174800448e-05,0.00013596046178974855,-6.874104857864524e-05,-5.130331800868476e-06,3.272385023861641e-05,39.471103711355724,-22.108481320896733,61.57958503225245,2.4692611052607525,24.93846636998305,87.43602211696613,240133.81763192685,153920.27756259253,340962.76839962107,0.8492095413667595,False
22,1472735248.405903,1472735248.4041336,1472735248.40799,0.0038564205169677,3,3,"DD1,DD2,DD3","270,265,266",1472735248.40799,1472735248.49601,2016-09-01 13:07:28.405903339+00:00,2016-09-01 13:07:28.407989979+00:00,2016-09-01 13:07:28.496010065+00:00,retain,at least two reduced-time-associated infrasound channels,,,,22,22,3,3,0.0038564205169677,"DD1,DD2,DD3",3,True,,71.37279665628405,True,129.0,140.0,0.0172302722930908,0.061230182647705,269.39189953231005,-103.2611412642381,372.65304079654817,0.0439999103546142,-0.0047696828842163,0.0832301378250122,-0.0067696571350097,0.1492302417755127,0.1559998989105224,3.7744338480898145,7.548867696179629,noise_threshold,noise_threshold,robust_impulsive,robust_impulsive,candidate_event_022.pkl,/Users/glennthompson/Developer/KSCRocketSeismoHydrology/08_fireball_paper/falcon9-seismoacoustic-workflow-1.0.0/data/outputs/070_prepare_event_waveform_products/event_streams/candidate_event_022.pkl,1472735247.905903,1472735249.005903,2016-09-01 13:07:28.405903101+00:00,short_impulsive_candidate,False,True,True,analyze_all_final_events,201.59999999999988,351.5,0.9976793000875412,A_high_quality,0.0737027731190047,0.1571348402636772,0.9970116020828256,9,core,12.478769540786743,0.20797949234644572,/Users/glennthompson/Developer/KSCRocketSeismoHydrology/08_fireball_paper/falcon9-seismoacoustic-workflow-1.0.0/data/outputs/070_prepare_event_waveform_products/event_streams/candidate_event_022.pkl,-0.0067696571350097,0.1492302417755127,0.1559998989105224,-0.18,-0.05,250.0,1472735248.4,1472735248.552,39,3,0.0004319257720408504,0.0006096892030423343,0.00031215379581262323,0.0006977169853792251,0.07409694290161184,0.0006977169853792251,7.911191286805061,3.762293614866535e-05,6.264546786048041e-05,4.9377963461849566e-05,8.819366895386984e-05,-2.1184472844419014e-05,2.3628124483741183e-06,-2.5442285277241445e-06,275.9623545188109,-102.57575489331879,378.5381094121297,15.32206159616422,24.70542929463841,537.4811553104561,542538.1886129454,395521.909745137,770342.6555085552,1.0,True
23,1472735248.9858932,1472735248.9831336,1472735248.988,0.0048663616180419,3,3,"DD1,DD2,DD3","273,271,272",1472735248.988,1472735249.076,2016-09-01 13:07:28.985893250+00:00,2016-09-01 13:07:28.987999916+00:00,2016-09-01 13:07:29.075999975+00:00,retain,at least two reduced-time-associated infrasound channels,,,,23,23,3,3,0.0048663616180419,"DD1,DD2,DD3",3,True,,20.72086820659291,True,129.0,157.0,0.017240285873413,0.1292402744293213,295.35301198385656,-113.512919661581,408.8659316454376,0.1119999885559082,-0.038759708404541,0.1852402687072754,-0.0027596950531005,0.1772403717041015,0.1800000667572021,14.253891730747164,28.50778346149433,noise_threshold,noise_threshold,robust_impulsive,robust_impulsive,candidate_event_023.pkl,/Users/glennthompson/Developer/KSCRocketSeismoHydrology/08_fireball_paper/falcon9-seismoacoustic-workflow-1.0.0/data/outputs/070_prepare_event_waveform_products/event_streams/candidate_event_023.pkl,1472735248.4858932,1472735249.5858932,2016-09-01 13:07:28.985893250+00:00,short_impulsive_candidate,False,True,True,analyze_all_final_events,201.19999999999987,351.5,0.9981267571833816,A_high_quality,0.0471404520791004,0.3685138655950444,0.9974715910396252,9,core,13.058759689331055,0.21764599482218425,/Users/glennthompson/Developer/KSCRocketSeismoHydrology/08_fireball_paper/falcon9-seismoacoustic-workflow-1.0.0/data/outputs/070_prepare_event_waveform_products/event_streams/candidate_event_023.pkl,-0.0027596950531005,0.1772403717041015,0.180000066757202,-0.18,-0.05,250.0,1472735248.984,1472735249.16,45,3,0.0008943179515654084,0.0006895966101076249,0.0003111192622351002,0.0009024659817942433,0.16610671806335509,0.0010981743464497718,4.4476702232133825,0.00011121730436932475,0.00013268817181286198,0.00010581136272326227,0.00020290757554012709,-9.606248651317839e-05,3.81468618814837e-05,-1.9070451454526684e-05,291.3696608626631,-113.3070233215588,404.6766841842219,9.338368357748523,43.334838451563215,574.5949650362218,448412.1200664666,322859.43929252017,636694.3204815735,0.8217875282843535,False
24,1472735250.4511335,1472735250.4498932,1472735250.452,0.0021066665649414,3,3,"DD1,DD2,DD3","277,274,275",1472735250.452,1472735250.54,2016-09-01 13:07:30.451133490+00:00,2016-09-01 13:07:30.451999903+00:00,2016-09-01 13:07:30.539999962+00:00,retain,at least two reduced-time-associated infrasound channels,,,,24,24,3,3,0.0021066665649414,"DD1,DD2,DD3",3,True,,88.5624351386575,True,129.0,154.0,0.0168664455413818,0.1168663501739502,255.38236963212927,-83.06860195487242,338.4509715870017,0.0999999046325683,-0.0331335067749023,0.1668663024902343,-0.0071334838867187,0.1528663635253906,0.1599998474121093,2.883642135994687,5.767284271989374,noise_threshold,noise_threshold,robust_impulsive,robust_impulsive,candidate_event_024.pkl,/Users/glennthompson/Developer/KSCRocketSeismoHydrology/08_fireball_paper/falcon9-seismoacoustic-workflow-1.0.0/data/outputs/070_prepare_event_waveform_products/event_streams/candidate_event_024.pkl,1472735249.9511335,1472735251.0511334,2016-09-01 13:07:30.451133490+00:00,short_impulsive_candidate,False,True,True,analyze_all_final_events,200.2999999999999,348.5,0.9947068719898258,A_high_quality,0.0993807989999849,0.8498365855987974,0.9933802671887249,9,core,14.5239999294281,0.24206666549046835,/Users/glennthompson/Developer/KSCRocketSeismoHydrology/08_fireball_paper/falcon9-seismoacoustic-workflow-1.0.0/data/outputs/070_prepare_event_waveform_products/event_streams/candidate_event_024.pkl,-0.0071334838867187,0.1528663635253906,0.1599998474121093,-0.18,-0.05,250.0,1472735250.448,1472735250.6,39,3,0.0007182961527502283,0.0006373586445811143,0.0002737967058543513,0.0008822061705422141,0.11286641311645562,0.0008822061705422141,4.43676809192401,0.00014126654140043612,0.00011707063024302636,7.665184923308562e-05,0.00019883982039720367,4.524814887382171e-05,1.4715021459111173e-05,-4.657918283924307e-05,255.65282921299465,-83.22827881461001,338.8811080276047,9.035068673097301,37.507308498567646,481.17271399287006,384129.15182776883,289788.0764718155,545419.8010167348,1.0,False
25,1472735252.7978933,1472735252.7951336,1472735252.8,0.0048663616180419,3,3,"DD1,DD2,DD3","281,278,279",1472735252.8,1472735252.888,2016-09-01 13:07:32.797893286+00:00,2016-09-01 13:07:32.799999952+00:00,2016-09-01 13:07:32.888000011+00:00,retain,at least two reduced-time-associated infrasound channels,,,,25,25,3,3,0.0048663616180419,"DD1,DD2,DD3",3,True,,41.13802423066489,True,129.0,138.0,0.017240285873413,0.0532402992248535,94.96998978538087,-97.74148187883075,192.7114716642116,0.0360000133514404,-0.0007597208023071,0.0712403059005737,-0.0227596759796142,0.0712403059005737,0.0939999818801879,2.3759401115324543,4.751880223064909,noise_threshold,model,robust_impulsive,robust_impulsive,candidate_event_025.pkl,/Users/glennthompson/Developer/KSCRocketSeismoHydrology/08_fireball_paper/falcon9-seismoacoustic-workflow-1.0.0/data/outputs/070_prepare_event_waveform_products/event_streams/candidate_event_025.pkl,1472735252.2978933,1472735253.3978932,2016-09-01 13:07:32.797893286+00:00,short_impulsive_candidate,False,True,True,analyze_all_final_events,201.2999999999999,347.5,0.9893536998837318,A_high_quality,0.1728483242900351,1.0829771494232183,0.9873245615421274,9,core,16.87075972557068,0.2811793287595113,/Users/glennthompson/Developer/KSCRocketSeismoHydrology/08_fireball_paper/falcon9-seismoacoustic-workflow-1.0.0/data/outputs/070_prepare_event_waveform_products/event_streams/candidate_event_025.pkl,-0.0227596759796142,0.0712403059005737,0.0939999818801879,-0.18,-0.05,250.0,1472735252.776,1472735252.868,24,3,0.0002663007079262402,0.00019241578655478144,0.00011896560765660507,0.00029273353809186663,0.070106718063355,0.00039815918614209683,2.391508606828516,5.737733181144489e-05,4.38131995100381e-05,9.885000894851728e-05,0.00012240538765196976,-9.221722924555409e-05,-1.3765927679601083e-05,-5.224782418788825e-07,98.11007535435596,-98.21949404276435,196.3295693971203,2.4423709996375362,80.38482664028393,278.76570722310277,670676.720805074,335151.4691274176,952284.828859,0.7352173409039333,False
26,1472735254.4351337,1472735254.433,1472735254.4358933,0.0028932094573974,3,3,"DD1,DD2,DD3","284,282,283",1472735254.433,1472735254.526,2016-09-01 13:07:34.435133457+00:00,2016-09-01 13:07:34.433000088+00:00,2016-09-01 13:07:34.526000023+00:00,retain,at least two reduced-time-associated infrasound channels,,,,26,26,3,3,0.0028932094573974,"DD1,DD2,DD3",3,True,,9.167292783262464,True,129.0,149.0,0.0168664455413818,0.0968663692474365,33.84767361476219,-11.902353893602184,45.750027508364376,0.0799999237060546,-0.0231335163116455,0.1368663311004638,0.000866413116455,0.1168663501739502,0.1159999370574951,3.6922212931347502,7.3844425862695005,noise_threshold,noise_threshold,robust_impulsive,robust_impulsive,candidate_event_026.pkl,/Users/glennthompson/Developer/KSCRocketSeismoHydrology/08_fireball_paper/falcon9-seismoacoustic-workflow-1.0.0/data/outputs/070_prepare_event_waveform_products/event_streams/candidate_event_026.pkl,1472735253.9351337,1472735255.0351336,2016-09-01 13:07:34.435133696+00:00,short_impulsive_candidate,False,True,True,analyze_all_final_events,200.69999999999987,344.5,0.9651045195738116,A_high_quality,0.1133115447464998,1.7497795275581802,0.9625916217045036,9,core,18.508000135421753,0.3084666689236959,/Users/glennthompson/Developer/KSCRocketSeismoHydrology/08_fireball_paper/falcon9-seismoacoustic-workflow-1.0.0/data/outputs/070_prepare_event_waveform_products/event_streams/candidate_event_026.pkl,0.000866413116455,0.1168663501739502,0.1159999370574952,-0.18,-0.05,250.0,1472735254.436,1472735254.548,29,3,0.000140225966401464,0.0001402500950361005,0.00012302270719611954,0.0001818412140051253,0.05686641311645557,0.0002161998988411456,2.2124062737779213,5.904739868693679e-05,3.747969440452391e-05,4.317564722094781e-05,8.219160113599385e-05,-6.3093109599702715e-06,-8.72057994506557e-07,1.1146073161401357e-05,33.51712213457359,-11.905951511061868,45.423073645635455,2.6422805002012058,17.19085980545084,64.49560954040565,249795.26172958338,184320.82252612375,354680.92254700745,0.8410790892124071,False
27,1472735258.384,1472735258.3801334,1472735258.3898933,0.0097599029541015,3,3,"DD1,DD2,DD3","288,285,286",1472735258.384,1472735258.48,2016-09-01 13:07:38.384000063+00:00,2016-09-01 13:07:38.384000063+00:00,2016-09-01 13:07:38.480000019+00:00,retain,at least two reduced-time-associated infrasound channels,,,,27,27,3,3,0.0097599029541015,"DD1,DD2,DD3",3,True,,9.758572857012885,True,128.0,134.0,0.0138933658599853,0.0378932952880859,29.223145605414977,-30.0446513852442,59.26779699065918,0.0239999294281005,0.001893401145935,0.0498932600021362,0.0018932819366455,0.0658931732177734,0.0639998912811279,3.0787956216008543,6.157591243201709,noise_threshold,noise_threshold,robust_impulsive,robust_impulsive,candidate_event_027.pkl,/Users/glennthompson/Developer/KSCRocketSeismoHydrology/08_fireball_paper/falcon9-seismoacoustic-workflow-1.0.0/data/outputs/070_prepare_event_waveform_products/event_streams/candidate_event_027.pkl,1472735257.884,1472735258.984,2016-09-01 13:07:38.384000063+00:00,short_impulsive_candidate,False,True,True,analyze_all_final_events,202.9999999999999,346.0,0.9631120529465056,A_high_quality,0.1165343164633435,0.97182531580755,0.9340107173276684,9,core,22.45686650276184,0.374281108379364,/Users/glennthompson/Developer/KSCRocketSeismoHydrology/08_fireball_paper/falcon9-seismoacoustic-workflow-1.0.0/data/outputs/070_prepare_event_waveform_products/event_streams/candidate_event_027.pkl,0.0018932819366455,0.0658931732177734,0.0639998912811279,-0.18,-0.05,250.0,1472735258.388,1472735258.448,16,3,8.696861781747991e-05,6.469104264555182e-05,4.112895982624055e-05,0.00010564914654475061,0.05200000000000049,0.00020552167339756702,4.797338513998342,1.647242544861003e-05,1.2851994917005084e-05,6.962307174827265e-06,2.2022449788872062e-05,-1.4701705443314495e-05,1.6570634121484128e-05,7.504066527392454e-06,29.234478162745972,-33.89485050367534,63.129328666421316,2.1659842196472074,29.145793442901322,89.63648219804406,597537.5166867169,276712.86630188633,848435.4595337508,0.5140535535655155,False
28,1472735259.0231335,1472735259.0218933,1472735259.028,0.0061068534851074,3,3,"DD1,DD2,DD3","291,289,290",1472735259.028,1472735259.112,2016-09-01 13:07:39.023133516+00:00,2016-09-01 13:07:39.028000116+00:00,2016-09-01 13:07:39.111999989+00:00,retain,at least two reduced-time-associated infrasound channels,,,,28,28,3,3,0.0061068534851074,"DD1,DD2,DD3",3,True,,10.422086894126128,True,127.0,133.0,0.0088663101196289,0.0328664779663085,19.532402838881737,-17.195873279977747,36.72827611885948,0.0240001678466796,-0.0031337738037109,0.0448665618896484,-0.0111336708068847,0.0968663692474365,0.1080000400543212,1.8741354814351212,3.7482709628702424,noise_threshold,noise_threshold,robust_impulsive,robust_impulsive,candidate_event_028.pkl,/Users/glennthompson/Developer/KSCRocketSeismoHydrology/08_fireball_paper/falcon9-seismoacoustic-workflow-1.0.0/data/outputs/070_prepare_event_waveform_products/event_streams/candidate_event_028.pkl,1472735258.5231335,1472735259.6231334,2016-09-01 13:07:39.023133516+00:00,short_impulsive_candidate,False,True,True,analyze_all_final_events,201.2999999999999,340.0,0.8855435009404455,B_probable,0.2581988897471464,1.3966450099973928,0.8787227929572237,9,core,23.09599995613098,0.38493333260218304,/Users/glennthompson/Developer/KSCRocketSeismoHydrology/08_fireball_paper/falcon9-seismoacoustic-workflow-1.0.0/data/outputs/070_prepare_event_waveform_products/event_streams/candidate_event_028.pkl,-0.0111336708068847,0.0968663692474365,0.10800004005432119,-0.18,-0.05,250.0,1472735259.0119998,1472735259.116,27,3,5.928158267061137e-05,9.139918041423903e-05,6.993222346717752e-05,9.997747126148308e-05,0.07286641311645559,0.00017539396421115998,1.974575268209221,3.907501213201977e-05,1.6620278829966613e-05,2.7578052748988116e-05,5.063239313847707e-05,-5.2574867987523345e-06,7.767950229174345e-06,-4.298193192035749e-06,19.529053581617823,-17.24128605309879,36.77033963471661,1.5729000454011488,23.377416602044022,52.209709238305955,367786.25395061984,195334.5422244292,522214.7407765059,0.5700166006916771,False
29,1472735261.8618932,1472735261.8591335,1472735261.864,0.004866600036621,3,3,"DD1,DD2,DD3","296,292,293",1472735261.864,1472735261.952,2016-09-01 13:07:41.861893177+00:00,2016-09-01 13:07:41.864000082+00:00,2016-09-01 13:07:41.951999903+00:00,retain,at least two reduced-time-associated infrasound channels,,,,29,29,3,3,0.004866600036621,"DD1,DD2,DD3",3,True,,24.963005333536874,True,128.0,134.0,0.0132403373718261,0.0372402667999267,29.466328628743845,-36.12452839699267,65.59085702573651,0.0239999294281005,0.0012403726577758,0.049240231513977,-0.0027596950531005,0.0732402801513671,0.0759999752044677,1.4471225685498976,2.8942451370997953,noise_threshold,noise_threshold,robust_impulsive,robust_impulsive,candidate_event_029.pkl,/Users/glennthompson/Developer/KSCRocketSeismoHydrology/08_fireball_paper/falcon9-seismoacoustic-workflow-1.0.0/data/outputs/070_prepare_event_waveform_products/event_streams/candidate_event_029.pkl,1472735261.3618932,1472735262.461893,2016-09-01 13:07:41.861893177+00:00,short_impulsive_candidate,False,True,True,analyze_all_final_events,202.4999999999999,349.0,0.973103323015901,A_high_quality,0.0942809041582009,1.1493422703098444,0.9640173901013444,9,core,25.934759616851807,0.4322459936141968,/Users/glennthompson/Developer/KSCRocketSeismoHydrology/08_fireball_paper/falcon9-seismoacoustic-workflow-1.0.0/data/outputs/070_prepare_event_waveform_products/event_streams/candidate_event_029.pkl,-0.0027596950531005,0.0732402801513671,0.0759999752044676,-0.18,-0.05,250.0,1472735261.86,1472735261.932,19,3,0.00011067054859507689,8.961024371440344e-05,4.6004416579552736e-05,0.0001473244749218971,0.070106718063355,0.0001713269792932417,9.449323617262563,5.2045180614176585e-06,1.4482748251374816e-05,2.498501184115654e-06,1.5591007450814404e-05,4.990521362353149e-06,-7.3243545625697786e-06,2.8971546618876403e-06,31.834088331823946,-35.160867207822406,66.99495553964636,1.6070123486603907,41.68913549139402,95.12523365043235,454744.2342839721,216081.4647308299,645685.2040427242,0.8599023663969343,True
30,1472735262.2351334,1472735262.232,1472735262.2418933,0.0098931789398193,3,3,"DD1,DD2,DD3","299,297,298",1472735262.232,1472735262.332,2016-09-01 13:07:42.235133410+00:00,2016-09-01 13:07:42.232000113+00:00,2016-09-01 13:07:42.332000017+00:00,retain,at least two reduced-time-associated infrasound channels,,,,30,30,3,3,0.0098931789398193,"DD1,DD2,DD3",3,True,,4.002224268511154,True,136.0,156.0,0.0448665618896484,0.1248667240142822,20.63612660796182,-16.11510259138181,36.751229199343626,0.0800001621246337,0.0048664808273315,0.1648668050765991,0.012866735458374,0.1368665695190429,0.1239998340606689,5.156164478418536,10.312328956837073,noise_threshold,noise_threshold,moderate_impulsive,moderate_impulsive,candidate_event_030.pkl,/Users/glennthompson/Developer/KSCRocketSeismoHydrology/08_fireball_paper/falcon9-seismoacoustic-workflow-1.0.0/data/outputs/070_prepare_event_waveform_products/event_streams/candidate_event_030.pkl,1472735261.7351334,1472735262.8351333,2016-09-01 13:07:42.235133410+00:00,short_impulsive_candidate,False,True,True,analyze_all_final_events,203.3999999999999,302.5,0.675282661576655,C_weak_or_broad,,,,0,core,26.307999849319458,0.4384666641553243,/Users/glennthompson/Developer/KSCRocketSeismoHydrology/08_fireball_paper/falcon9-seismoacoustic-workflow-1.0.0/data/outputs/070_prepare_event_waveform_products/event_streams/candidate_event_030.pkl,0.012866735458374,0.1368665695190429,0.12399983406066892,-0.18,-0.05,250.0,1472735262.252,1472735262.368,30,3,0.00011123068556362737,5.518617852098532e-05,5.170913721336507e-05,0.00013301627097468913,0.024866651535034645,0.00018018862842463705,1.108783920341061,7.858979035351415e-05,6.930268784786257e-05,5.841747726616431e-05,0.00011996590907791434,-1.2633024663346715e-07,-6.8384102174072786e-06,-1.4628120135696504e-05,20.636126607961778,-16.11510259138178,36.751229199343555,3.184165511615232,11.541871509279916,52.18257458890764,276291.23061446165,155139.86715120365,392302.19135249365,0.7382056911006595,False
31,1472735265.6635666,1472735265.6591334,1472735265.668,0.008866548538208,2,2,"DD2,DD3","300,301",1472735265.668,1472735265.672,2016-09-01 13:07:45.663566589+00:00,2016-09-01 13:07:45.667999983+00:00,2016-09-01 13:07:45.671999931+00:00,retain,at least two reduced-time-associated infrasound channels,,,,31,31,2,2,0.008866548538208,"DD2,DD3",2,True,,6.655776222774602,True,129.0,134.0,0.0164334774017334,0.036433458328247,6.089041975490279,-10.083994119358804,16.17303609484908,0.0199999809265136,0.0064334869384765,0.0464334487915039,0.0044333934783935,0.0644333362579345,0.059999942779541,1.5150740923130188,3.0301481846260376,noise_threshold,noise_threshold,moderate_impulsive,moderate_impulsive,candidate_event_031.pkl,/Users/glennthompson/Developer/KSCRocketSeismoHydrology/08_fireball_paper/falcon9-seismoacoustic-workflow-1.0.0/data/outputs/070_prepare_event_waveform_products/event_streams/candidate_event_031.pkl,1472735265.1635666,1472735266.2635665,2016-09-01 13:07:45.663566589+00:00,short_impulsive_candidate,False,True,False,analyze_all_final_events,202.9999999999999,355.0,0.6878238462796027,C_weak_or_broad,,,,0,additional_analyzed,29.736433029174805,0.4956072171529134,/Users/glennthompson/Developer/KSCRocketSeismoHydrology/08_fireball_paper/falcon9-seismoacoustic-workflow-1.0.0/data/outputs/070_prepare_event_waveform_products/event_streams/candidate_event_031.pkl,0.0044333934783935,0.0644333362579345,0.059999942779541,-0.18,-0.05,250.0,1472735265.668,1472735265.724,15,3,1.6301997836930266e-05,2.4568105423441555e-05,1.9938768429604162e-05,2.673969640387193e-05,0.008433444976807092,7.199210964215633e-05,1.091873924722247,2.0760275379761723e-05,7.308254567675992e-06,1.0739981502629061e-05,2.4489728894912498e-05,-5.371084953183114e-06,3.665045700645354e-06,-8.610933957218143e-06,6.732642119741157,-8.494566707947872,15.22720882768903,1.0289666258956278,14.798544913383406,21.620908408852586,569460.7970748732,251784.53853972198,808569.7040943913,0.3714253761528055,False
32,1472735267.6961336,1472735267.6938932,1472735267.697,0.0031068325042724,3,3,"DD1,DD2,DD3","309,306,307",1472735267.697,1472735267.784,2016-09-01 13:07:47.696133614+00:00,2016-09-01 13:07:47.697000027+00:00,2016-09-01 13:07:47.783999920+00:00,retain,at least two reduced-time-associated infrasound channels,,,,32,32,3,3,0.0031068325042724,"DD1,DD2,DD3",3,True,,30.258698370393603,True,131.0,144.0,0.0257596969604492,0.0777597427368164,46.66150318267545,-11.636025884676608,58.29752906735206,0.0520000457763671,-0.0002403259277343,0.103759765625,-0.0262403488159179,0.1377596855163574,0.1640000343322754,1.5420856049885825,3.084171209977165,noise_threshold,noise_threshold,robust_impulsive,robust_impulsive,candidate_event_032.pkl,/Users/glennthompson/Developer/KSCRocketSeismoHydrology/08_fireball_paper/falcon9-seismoacoustic-workflow-1.0.0/data/outputs/070_prepare_event_waveform_products/event_streams/candidate_event_032.pkl,1472735267.1961336,1472735268.2961335,2016-09-01 13:07:47.696133614+00:00,short_impulsive_candidate,False,True,True,analyze_all_final_events,200.4999999999999,356.5,0.9694463946424592,A_high_quality,0.1943650631614989,1.0540925533894596,0.9634829892131886,9,core,31.76900005340576,0.5294833342234294,/Users/glennthompson/Developer/KSCRocketSeismoHydrology/08_fireball_paper/falcon9-seismoacoustic-workflow-1.0.0/data/outputs/070_prepare_event_waveform_products/event_streams/candidate_event_032.pkl,-0.0262403488159179,0.1377596855163574,0.16400003433227528,-0.18,-0.05,250.0,1472735267.6720002,1472735267.832,41,3,7.966008563299823e-05,8.49252139971876e-05,5.169555444151822e-05,0.00011933921491857422,0.11986648559570368,0.00011933921491857422,8.20986056456791,5.47094695776909e-06,1.0234769456941897e-05,8.753053393684628e-06,1.4536083040632631e-05,2.902816415660338e-06,-4.925014044865932e-06,-4.503980230124013e-06,47.64959322608034,-10.435175813529533,58.084769039609874,1.4444792996866354,40.21156208483622,82.47378003190857,486719.88565737946,399278.5880030459,691087.0000961618,1.0,True
33,1472735268.6515667,1472735268.6471336,1472735268.656,0.0088663101196289,2,2,"DD2,DD3","310,311",1472735268.656,1472735268.66,2016-09-01 13:07:48.651566744+00:00,2016-09-01 13:07:48.655999899+00:00,2016-09-01 13:07:48.660000086+00:00,retain,at least two reduced-time-associated infrasound channels,,,,33,33,2,2,0.0088663101196289,"DD2,DD3",2,True,,17.839447349429754,True,138.0,171.0,0.0524332523345947,0.1844332218170166,21.505595525115233,-10.82162090761819,32.32721643273342,0.1319999694824218,-0.0135667324066162,0.2504332065582275,0.0164332389831542,0.2164332866668701,0.2000000476837158,1.2055079456148436,2.4110158912296873,noise_threshold,noise_threshold,moderate_impulsive,moderate_impulsive,candidate_event_033.pkl,/Users/glennthompson/Developer/KSCRocketSeismoHydrology/08_fireball_paper/falcon9-seismoacoustic-workflow-1.0.0/data/outputs/070_prepare_event_waveform_products/event_streams/candidate_event_033.pkl,1472735268.1515667,1472735269.2515666,2016-09-01 13:07:48.651566744+00:00,short_impulsive_candidate,False,True,True,analyze_all_final_events,200.4999999999999,330.0,0.846835562093127,B_probable,0.840634680861185,3.119037521692934,0.838707560406079,9,core,32.724433183670044,0.545407219727834,/Users/glennthompson/Developer/KSCRocketSeismoHydrology/08_fireball_paper/falcon9-seismoacoustic-workflow-1.0.0/data/outputs/070_prepare_event_waveform_products/event_streams/candidate_event_033.pkl,0.0164332389831542,0.2164332866668701,0.20000004768371588,-0.18,-0.05,250.0,1472735268.672,1472735268.868,50,3,6.701485021375546e-05,5.0828677612270394e-05,3.0272515847346925e-05,7.677559347153316e-05,0.21243320655822817,9.605660433163162e-05,2.064943738337718,1.9442270682050777e-05,2.6620446391002866e-05,1.7197029554302414e-05,3.7180477146238176e-05,-1.932494329213251e-05,-1.0589364359230283e-05,-9.05143551790581e-06,21.412446315923315,-11.8647555080169,33.27720182394022,1.0808944519436314,30.786726459833492,47.24984998104256,433434.6413913262,278896.5261969954,615428.00054762,0.7992744903460096,False
34,1472735272.5721335,1472735272.5698934,1472735272.579,0.0091066360473632,3,3,"DD1,DD2,DD3","317,312,313",1472735272.579,1472735272.66,2016-09-01 13:07:52.572133541+00:00,2016-09-01 13:07:52.578999996+00:00,2016-09-01 13:07:52.660000086+00:00,retain,at least two reduced-time-associated infrasound channels,,,,34,34,3,3,0.0091066360473632,"DD1,DD2,DD3",3,True,,19.602646771077428,True,130.0,141.0,0.0217597484588623,0.0657596588134765,37.64687074223383,-17.16626877116812,54.81313951340195,0.0439999103546142,-0.0002402067184448,0.0877596139907836,0.0017597675323486,0.105759859085083,0.1040000915527343,1.9204993683699696,3.840998736739939,noise_threshold,noise_threshold,robust_impulsive,robust_impulsive,candidate_event_034.pkl,/Users/glennthompson/Developer/KSCRocketSeismoHydrology/08_fireball_paper/falcon9-seismoacoustic-workflow-1.0.0/data/outputs/070_prepare_event_waveform_products/event_streams/candidate_event_034.pkl,1472735272.0721335,1472735273.1721334,2016-09-01 13:07:52.572133541+00:00,short_impulsive_candidate,False,True,True,analyze_all_final_events,201.59999999999988,350.5,0.80852576656878,B_probable,0.3559026084010235,2.047280641409809,0.7651614903060724,9,core,36.644999980926514,0.6107499996821085,/Users/glennthompson/Developer/KSCRocketSeismoHydrology/08_fireball_paper/falcon9-seismoacoustic-workflow-1.0.0/data/outputs/070_prepare_event_waveform_products/event_streams/candidate_event_034.pkl,0.0017597675323486,0.105759859085083,0.10400009155273439,-0.18,-0.05,250.0,1472735272.576,1472735272.676,26,3,9.448434977511271e-05,0.00010331670380837463,5.4364447530245504e-05,0.0001406263530631528,0.07986648559570364,0.00015837610292851982,12.360245540858983,9.0555161130775e-06,3.854450814017559e-06,5.708242651646923e-06,1.137731063661215e-05,-4.087770650728435e-06,9.299925103728818e-07,-2.3084164606833466e-06,40.700555929313396,-19.165563706255433,59.86611963556883,1.0204706914543134,58.665202378572225,85.0030957137983,425710.5324254837,289423.3907284469,604460.6424204496,0.8879265903304993,True
35,1472735276.0815668,1472735276.0791335,1472735276.084,0.004866600036621,2,2,"DD2,DD3","318,319",1472735276.084,1472735276.092,2016-09-01 13:07:56.081566811+00:00,2016-09-01 13:07:56.084000111+00:00,2016-09-01 13:07:56.092000008+00:00,retain,at least two reduced-time-associated infrasound channels,,,,35,35,2,2,0.004866600036621,"DD2,DD3",2,True,,19.03473635600757,True,130.0,158.0,0.02156662940979,0.1335666179656982,23.289502213641025,-6.054211481900611,29.34371369554164,0.1119999885559082,-0.034433364868164,0.1895666122436523,0.0015666484832763,0.1535665988922119,0.1519999504089355,1.223526387655514,2.447052775311028,noise_threshold,noise_threshold,moderate_impulsive,moderate_impulsive,candidate_event_035.pkl,/Users/glennthompson/Developer/KSCRocketSeismoHydrology/08_fireball_paper/falcon9-seismoacoustic-workflow-1.0.0/data/outputs/070_prepare_event_waveform_products/event_streams/candidate_event_035.pkl,1472735275.5815668,1472735276.6815667,2016-09-01 13:07:56.081566811+00:00,short_impulsive_candidate,False,True,True,analyze_all_final_events,202.29999999999987,312.5,0.6533102469746053,C_weak_or_broad,,,,0,core,40.154433250427246,0.6692405541737875,/Users/glennthompson/Developer/KSCRocketSeismoHydrology/08_fireball_paper/falcon9-seismoacoustic-workflow-1.0.0/data/outputs/070_prepare_event_waveform_products/event_streams/candidate_event_035.pkl,0.0015666484832763,0.1535665988922119,0.15199995040893557,-0.18,-0.05,250.0,1472735276.0839999,1472735276.2319999,38,3,3.2758065670896435e-05,4.220381431485218e-05,2.23204942104987e-05,4.822028152958393e-05,0.08243311309814505,7.399123909798068e-05,7.006832195688557,4.169614375063794e-06,4.21566326362418e-06,3.493275572166043e-06,6.881894725444521e-06,5.583852813140922e-06,-3.0229439211218142e-06,-7.971580678313726e-08,22.237472700292088,-9.031882990592369,31.269355690884456,0.8689280874015824,35.98612606066336,44.3989363413131,648468.9574385872,461164.3066963231,920752.3252238507,0.6517025815141394,False
36,1472735277.9578934,1472735277.9551334,1472735277.964,0.008866548538208,3,3,"DD1,DD2,DD3","326,322,323",1472735277.964,1472735278.048,2016-09-01 13:07:57.957893372+00:00,2016-09-01 13:07:57.963999987+00:00,2016-09-01 13:07:58.048000097+00:00,retain,at least two reduced-time-associated infrasound channels,,,,36,36,3,3,0.008866548538208,"DD1,DD2,DD3",3,True,,17.092611987307347,True,133.0,162.0,0.0332400798797607,0.1492400169372558,27.208279832616263,-25.298591407893632,52.506871240509895,0.1159999370574951,-0.0247598886489868,0.2072399854660034,0.0012400150299072,0.1812400817871093,0.1800000667572021,1.5918152154170833,3.1836304308341665,noise_threshold,noise_threshold,robust_impulsive,robust_impulsive,candidate_event_036.pkl,/Users/glennthompson/Developer/KSCRocketSeismoHydrology/08_fireball_paper/falcon9-seismoacoustic-workflow-1.0.0/data/outputs/070_prepare_event_waveform_products/event_streams/candidate_event_036.pkl,1472735277.4578934,1472735278.5578933,2016-09-01 13:07:57.957893372+00:00,short_impulsive_candidate,False,True,True,analyze_all_final_events,202.3999999999999,350.0,0.9075370145001572,A_high_quality,0.3162277660168199,1.178511301977579,0.8891373086029932,9,core,42.03075981140137,0.7005126635233562,/Users/glennthompson/Developer/KSCRocketSeismoHydrology/08_fireball_paper/falcon9-seismoacoustic-workflow-1.0.0/data/outputs/070_prepare_event_waveform_products/event_streams/candidate_event_036.pkl,0.0012400150299072,0.1812400817871093,0.1800000667572021,-0.18,-0.05,250.0,1472735277.96,1472735278.1360002,45,3,5.233573566819687e-05,6.027555700674543e-05,2.6582165235015307e-05,7.134136021422632e-05,0.11410671806335504,9.354654217672756e-05,8.288872471965327,3.6378407992006545e-06,4.838590797690568e-06,6.118218534554703e-06,8.606883560522554e-06,3.2068839932436173e-06,-4.621115440540379e-07,2.0596864012148004e-06,26.611423316876728,-25.060243626314527,51.671666943191255,0.924195235205689,55.9099040709631,73.36790287396518,724287.661295352,373015.36215411394,1028406.2800828788,0.7626295804653972,True
37,1472735289.5911336,1472735289.589893,1472735289.592,0.0021066665649414,3,3,"DD1,DD2,DD3","335,330,331",1472735289.592,1472735289.68,2016-09-01 13:08:09.591133595+00:00,2016-09-01 13:08:09.592000008+00:00,2016-09-01 13:08:09.680000067+00:00,retain,at least two reduced-time-associated infrasound channels,,,,37,37,3,3,0.0021069049835205,"DD1,DD2,DD3",3,True,,29.21084120971488,True,129.0,135.0,0.0168664455413818,0.0408663749694824,37.666629541351845,-28.68038964242105,66.3470191837729,0.0239999294281005,0.0048664808273315,0.0528663396835327,-0.0031335353851318,0.064866304397583,0.0679998397827148,1.2894743178031025,2.578948635606205,noise_threshold,noise_threshold,robust_impulsive,robust_impulsive,candidate_event_037.pkl,/Users/glennthompson/Developer/KSCRocketSeismoHydrology/08_fireball_paper/falcon9-seismoacoustic-workflow-1.0.0/data/outputs/070_prepare_event_waveform_products/event_streams/candidate_event_037.pkl,1472735289.0911336,1472735290.1911335,2016-09-01 13:08:09.591133595+00:00,short_impulsive_candidate,False,True,True,analyze_all_final_events,201.9999999999999,350.0,0.940339150495002,A_high_quality,0.3197221015541631,1.7864372434237252,0.8771073823452711,9,core,53.664000034332275,0.8944000005722046,/Users/glennthompson/Developer/KSCRocketSeismoHydrology/08_fireball_paper/falcon9-seismoacoustic-workflow-1.0.0/data/outputs/070_prepare_event_waveform_products/event_streams/candidate_event_037.pkl,-0.0031335353851318,0.064866304397583,0.06799983978271479,-0.18,-0.05,250.0,1472735289.592,1472735289.652,16,3,5.907845478506839e-05,7.31944441607556e-05,3.953026190167694e-05,9.059607997791298e-05,0.05686641311645557,0.0001684882820214108,14.66347419485682,5.4119451916467155e-06,2.603381608352018e-06,1.450953374161088e-06,6.178350285479368e-06,3.3092782531941544e-06,1.1019157222533607e-06,9.220422908902824e-07,37.679557610885624,-28.680389642421456,66.35994725330708,1.070833133113972,61.97039034488317,94.22359395052632,732481.4414650769,415907.15205417026,1040040.5180168692,0.5376995889031642,False
38,1472735298.232,1472735298.2271335,1472735298.237893,0.0107598304748535,3,3,"DD1,DD2,DD3","341,336,337",1472735298.232,1472735298.328,2016-09-01 13:08:18.232000113+00:00,2016-09-01 13:08:18.232000113+00:00,2016-09-01 13:08:18.328000069+00:00,retain,at least two reduced-time-associated infrasound channels,,,,38,38,3,3,0.0107595920562744,"DD1,DD2,DD3",3,True,,19.01579622809472,True,128.0,134.0,0.0138933658599853,0.0378932952880859,26.98105400554497,-22.724943599573493,49.705997605118455,0.0239999294281005,0.001893401145935,0.0498932600021362,-0.0021066665649414,0.1658933162689209,0.1679999828338623,1.4188758483687391,2.8377516967374783,noise_threshold,noise_threshold,robust_impulsive,robust_impulsive,candidate_event_038.pkl,/Users/glennthompson/Developer/KSCRocketSeismoHydrology/08_fireball_paper/falcon9-seismoacoustic-workflow-1.0.0/data/outputs/070_prepare_event_waveform_products/event_streams/candidate_event_038.pkl,1472735297.732,1472735298.832,2016-09-01 13:08:18.232000113+00:00,short_impulsive_candidate,False,True,True,analyze_all_final_events,201.3999999999999,350.0,0.9101926655054716,A_high_quality,0.1949992086087027,0.9128709291752768,0.9032169051725344,9,core,62.304866552352905,1.038414442539215,/Users/glennthompson/Developer/KSCRocketSeismoHydrology/08_fireball_paper/falcon9-seismoacoustic-workflow-1.0.0/data/outputs/070_prepare_event_waveform_products/event_streams/candidate_event_038.pkl,-0.0021066665649414,0.1658933162689209,0.1679999828338623,-0.18,-0.05,250.0,1472735298.232,1472735298.3960001,42,3,7.182166906394527e-05,8.774358789778037e-05,4.259808389475913e-05,0.00010796348167717507,0.07600000000000051,0.00010796348167717507,28.79629385482432,1.8966096239614921e-06,2.9913003273943413e-06,1.2294728329779387e-06,3.7492144725800422e-06,1.6655852843834223e-06,-6.35328331433685e-07,-4.969176814863728e-07,27.234297134236076,-22.07694587346743,49.31124300770351,2.20086201089297,22.40542240433154,70.01636876861797,456740.02210442396,252254.7134564462,648518.9962470464,1.0,True
39,1472735302.6631336,1472735302.656,1472735302.6738932,0.0178933143615722,3,3,"DD1,DD2,DD3","347,342,343",1472735302.656,1472735302.764,2016-09-01 13:08:22.663133621+00:00,2016-09-01 13:08:22.655999899+00:00,2016-09-01 13:08:22.763999939+00:00,retain,at least two reduced-time-associated infrasound channels,,,,39,39,3,3,0.0178933143615722,"DD1,DD2,DD3",3,True,,30.104271254779388,True,131.0,143.0,0.0248663425445556,0.0728664398193359,35.09635223522203,-25.25712038087976,60.35347261610179,0.0480000972747802,0.0008662939071655,0.096866488456726,-0.0071334838867187,0.1488664150238037,0.1559998989105224,1.1658263353460214,2.331652670692043,noise_threshold,noise_threshold,robust_impulsive,robust_impulsive,candidate_event_039.pkl,/Users/glennthompson/Developer/KSCRocketSeismoHydrology/08_fireball_paper/falcon9-seismoacoustic-workflow-1.0.0/data/outputs/070_prepare_event_waveform_products/event_streams/candidate_event_039.pkl,1472735302.1631336,1472735303.2631335,2016-09-01 13:08:22.663133621+00:00,short_impulsive_candidate,False,True,True,analyze_all_final_events,200.8999999999999,351.5,0.961624903349866,A_high_quality,0.1770819716723146,1.973591074259068,0.9591609004507852,9,core,66.73600006103516,1.1122666676839192,/Users/glennthompson/Developer/KSCRocketSeismoHydrology/08_fireball_paper/falcon9-seismoacoustic-workflow-1.0.0/data/outputs/070_prepare_event_waveform_products/event_streams/candidate_event_039.pkl,-0.0071334838867187,0.1488664150238037,0.1559998989105224,-0.18,-0.05,250.0,1472735302.66,1472735302.812,39,3,4.356467762261395e-05,5.289677918097542e-05,2.5486589035341234e-05,6.881480810302575e-05,0.0888664131164556,7.476230940016011e-05,5.4813718351165335,2.948323180148658e-06,1.1733361915392914e-05,3.3535289409191948e-06,1.2554303954014233e-05,5.142466277932273e-06,1.2466612563714842e-06,3.249296275870038e-06,35.0935696893255,-25.271830025953662,60.36539971527916,1.1644264718248867,51.8413151675216,85.71201676400104,877215.2590312161,509971.19161889306,1245546.1132097864,0.9204478654437923,True
40,1472735329.1835666,1472735329.1791334,1472735329.188,0.008866548538208,2,2,"DD2,DD3","350,351",1472735329.188,1472735329.192,2016-09-01 13:08:49.183566570+00:00,2016-09-01 13:08:49.187999964+00:00,2016-09-01 13:08:49.191999912+00:00,retain,at least two reduced-time-associated infrasound channels,,,,40,40,2,2,0.008866548538208,"DD2,DD3",2,True,,9.22275317722876,True,128.0,136.0,0.0124335289001464,0.0444333553314209,13.535221354932416,-9.773173940269178,23.308395295201592,0.0319998264312744,-0.0035663843154907,0.0604332685470581,-0.0075664520263671,0.1724333763122558,0.179999828338623,1.4885435284210635,2.977087056842127,noise_threshold,noise_threshold,moderate_impulsive,moderate_impulsive,candidate_event_040.pkl,/Users/glennthompson/Developer/KSCRocketSeismoHydrology/08_fireball_paper/falcon9-seismoacoustic-workflow-1.0.0/data/outputs/070_prepare_event_waveform_products/event_streams/candidate_event_040.pkl,1472735328.6835666,1472735329.7835665,2016-09-01 13:08:49.183566570+00:00,short_impulsive_candidate,False,True,False,analyze_all_final_events,200.3999999999999,359.0,0.8634420999587986,B_probable,0.5868938953886003,1.257078722109418,0.8512206787352987,9,additional_analyzed,93.25643301010132,1.5542738835016887,/Users/glennthompson/Developer/KSCRocketSeismoHydrology/08_fireball_paper/falcon9-seismoacoustic-workflow-1.0.0/data/outputs/070_prepare_event_waveform_products/event_streams/candidate_event_040.pkl,-0.0075664520263671,0.1724333763122558,0.1799998283386229,-0.18,-0.05,250.0,1472735329.18,1472735329.352,44,3,4.44296962938793e-05,3.358795882617034e-05,1.6746440028500875e-05,5.503998364129438e-05,0.07243344497680715,5.503998364129438e-05,5.167832095089883,9.495399462163009e-06,2.9322454976239146e-06,3.830460262552351e-06,1.0650497661019128e-05,-3.557591086025776e-07,4.12211150110326e-07,1.5876173356120278e-06,14.845957806402476,-9.191330791136442,24.037288597538918,2.0225171375313384,11.884838032511587,34.13022183156199,436724.1232154849,269730.41822025774,620098.6914166777,1.0,True
41,1472735347.3150668,1472735347.3131337,1472735347.317,0.00386643409729,2,2,"DD2,DD3","353,354",1472735347.317,1472735347.326,2016-09-01 13:09:07.315066814+00:00,2016-09-01 13:09:07.316999912+00:00,2016-09-01 13:09:07.325999975+00:00,retain,at least two reduced-time-associated infrasound channels,,,,41,41,2,2,0.0038661956787109,"DD2,DD3",2,True,,7.610897024261961,True,130.0,137.0,0.0209331512451171,0.0489332675933837,13.140534118684773,-7.37516794223958,20.515702060924355,0.0280001163482666,0.0069330930709838,0.062933325767517,0.0009331703186035,0.092933177947998,0.0920000076293945,1.7265420983617932,3.4530841967235864,noise_threshold,noise_threshold,moderate_impulsive,moderate_impulsive,candidate_event_041.pkl,/Users/glennthompson/Developer/KSCRocketSeismoHydrology/08_fireball_paper/falcon9-seismoacoustic-workflow-1.0.0/data/outputs/070_prepare_event_waveform_products/event_streams/candidate_event_041.pkl,1472735346.8150668,1472735347.9150667,2016-09-01 13:09:07.315066814+00:00,short_impulsive_candidate,False,True,False,analyze_all_final_events,200.29999999999987,344.5,0.8710842835509158,B_probable,0.2960647243216326,3.0368111930481,0.8432113375221522,9,additional_analyzed,111.38793325424194,1.8564655542373658,/Users/glennthompson/Developer/KSCRocketSeismoHydrology/08_fireball_paper/falcon9-seismoacoustic-workflow-1.0.0/data/outputs/070_prepare_event_waveform_products/event_streams/candidate_event_041.pkl,0.0009331703186035,0.092933177947998,0.0920000076293945,-0.18,-0.05,250.0,1472735347.316,1472735347.408,24,3,4.3278669184982554e-05,4.61071037462717e-05,1.6917232684656544e-05,5.3763221528638166e-05,0.08093317031860403,6.099499558131102e-05,2.6704187575955003,1.7229509887887535e-05,8.811951369467251e-06,5.552150597005548e-06,2.0132880423985513e-05,-4.345262437522044e-06,1.0996418254095536e-06,-2.4136799763599107e-06,13.6489607551798,-7.052954716769409,20.70191547194921,4.239923444159519,4.882615392611872,29.394370522647623,385057.1986450231,253871.70573306104,546737.5221737794,0.8814366001054571,False
42,1472735354.1855617,1472735354.1831236,1472735354.188,0.0048763751983642,2,2,"DD2,DD3","358,359",1472735354.188,1472735354.19599,2016-09-01 13:09:14.185561657+00:00,2016-09-01 13:09:14.187999964+00:00,2016-09-01 13:09:14.195990086+00:00,retain,at least two reduced-time-associated infrasound channels,,,,42,42,2,2,0.0048763751983642,"DD2,DD3",2,True,,5.530781121659304,True,129.0,135.0,0.0175719261169433,0.0415718555450439,12.941763257560766,-10.31643188008082,23.258195137641582,0.0239999294281005,0.005571961402893,0.0535718202590942,-0.0024280548095703,0.0775718688964843,0.0799999237060546,2.3399521646009513,4.679904329201903,noise_threshold,noise_threshold,moderate_impulsive,moderate_impulsive,candidate_event_042.pkl,/Users/glennthompson/Developer/KSCRocketSeismoHydrology/08_fireball_paper/falcon9-seismoacoustic-workflow-1.0.0/data/outputs/070_prepare_event_waveform_products/event_streams/candidate_event_042.pkl,1472735353.6855617,1472735354.7855616,2016-09-01 13:09:14.185561657+00:00,short_impulsive_candidate,False,True,False,analyze_all_final_events,200.7999999999999,325.0,0.6955056021045685,C_weak_or_broad,,,,0,additional_analyzed,118.25842809677124,1.970973801612854,/Users/glennthompson/Developer/KSCRocketSeismoHydrology/08_fireball_paper/falcon9-seismoacoustic-workflow-1.0.0/data/outputs/070_prepare_event_waveform_products/event_streams/candidate_event_042.pkl,-0.0024280548095703,0.0775718688964843,0.0799999237060546,-0.18,-0.05,250.0,1472735354.184,1472735354.26,20,3,3.766615813897389e-05,2.488567543330419e-05,1.7057233733823677e-05,3.893132183662582e-05,0.038438358306885245,5.7764312139256545e-05,2.0027059651283987,1.3062410006473088e-05,1.0380407559311331e-05,9.975434491437927e-06,1.9439359803439658e-05,-1.9159027960509396e-07,3.719171581858668e-06,-2.5713345711019074e-06,13.942402420706582,-9.823240397121072,23.765642817827654,1.5820284757063807,15.02225982829811,33.7445156532827,610450.4470092101,358128.15396341984,866770.3551112544,0.6739684139710919,False
43,1472735359.0820668,1472735359.0761335,1472735359.088,0.0118665695190429,2,2,"DD2,DD3","361,362",1472735359.088,1472735359.089,2016-09-01 13:09:19.082066774+00:00,2016-09-01 13:09:19.088000059+00:00,2016-09-01 13:09:19.088999987+00:00,retain,at least two reduced-time-associated infrasound channels,,,,43,43,2,2,0.0118665695190429,"DD2,DD3",2,True,,4.331102699314717,True,130.0,151.0,0.0219333171844482,0.1059334278106689,9.098677031169675,-6.679180799382116,15.777857830551792,0.0840001106262207,-0.0200667381286621,0.1479334831237793,0.0059332847595214,0.1219332218170166,0.1159999370574951,2.100776098569378,4.201552197138757,noise_threshold,noise_threshold,moderate_impulsive,moderate_impulsive,candidate_event_043.pkl,/Users/glennthompson/Developer/KSCRocketSeismoHydrology/08_fireball_paper/falcon9-seismoacoustic-workflow-1.0.0/data/outputs/070_prepare_event_waveform_products/event_streams/candidate_event_043.pkl,1472735358.5820668,1472735359.682067,2016-09-01 13:09:19.082066774+00:00,short_impulsive_candidate,False,True,False,analyze_all_final_events,202.4999999999999,328.5,0.7503366970250439,B_probable,0.6601533678894268,3.095197394929804,0.7104895367404833,9,additional_analyzed,123.15493321418762,2.0525822202364603,/Users/glennthompson/Developer/KSCRocketSeismoHydrology/08_fireball_paper/falcon9-seismoacoustic-workflow-1.0.0/data/outputs/070_prepare_event_waveform_products/event_streams/candidate_event_043.pkl,0.0059332847595214,0.1219332218170166,0.1159999370574952,-0.18,-0.05,250.0,1472735359.088,1472735359.2,29,3,2.5231297938816782e-05,2.0696028515363756e-05,2.08627282702567e-05,2.990963932183635e-05,0.07393333625793508,6.340811229603768e-05,0.9414344780948569,1.4178945599488479e-05,2.5806594098360706e-05,1.1930132132202245e-05,3.177028249736857e-05,-8.586566430043751e-08,-6.576819275258731e-06,-1.6994195725545093e-06,9.676254743895507,-7.7144411036716365,17.390695847567144,1.96471895546673,8.851492881044601,24.692814444282273,581441.1755500706,323516.26309418894,825580.4818834645,0.4717005165237411,False
44,1472735359.824,1472735359.8188932,1472735359.8271334,0.0082402229309082,3,3,"DD1,DD2,DD3","367,363,366",1472735359.824,1472735359.909,2016-09-01 13:09:19.823999882+00:00,2016-09-01 13:09:19.823999882+00:00,2016-09-01 13:09:19.908999920+00:00,retain,at least two reduced-time-associated infrasound channels,,,,44,44,3,3,0.0082402229309082,"DD1,DD2,DD3",3,True,,6.878617469729698,True,130.0,135.0,0.0218935012817382,0.0418934822082519,16.84517340979098,-18.185311146664983,35.03048455645596,0.0199999809265136,0.0118935108184814,0.0518934726715087,0.0018935203552246,0.0778934955596923,0.0759999752044677,2.643745087830795,5.28749017566159,noise_threshold,noise_threshold,moderate_impulsive,moderate_impulsive,candidate_event_044.pkl,/Users/glennthompson/Developer/KSCRocketSeismoHydrology/08_fireball_paper/falcon9-seismoacoustic-workflow-1.0.0/data/outputs/070_prepare_event_waveform_products/event_streams/candidate_event_044.pkl,1472735359.324,1472735360.4239998,2016-09-01 13:09:19.823999882+00:00,short_impulsive_candidate,False,True,True,analyze_all_final_events,200.3999999999999,361.5,0.853052748472959,B_probable,0.4136557881996717,3.24037034920393,0.8477990439735831,9,core,123.89686632156372,2.064947772026062,/Users/glennthompson/Developer/KSCRocketSeismoHydrology/08_fireball_paper/falcon9-seismoacoustic-workflow-1.0.0/data/outputs/070_prepare_event_waveform_products/event_streams/candidate_event_044.pkl,0.0018935203552246,0.0778934955596923,0.0759999752044677,-0.18,-0.05,250.0,1472735359.8279998,1472735359.8999999,19,3,4.3969076604753145e-05,4.642785350819092e-05,2.5845296792342636e-05,6.896959217754563e-05,0.07600000000000051,8.292945997599408e-05,4.340701666543803,6.91217236573649e-06,1.0691911211495945e-05,9.506133361017183e-06,1.588904225073392e-05,-3.158850684105247e-07,3.3259226750847844e-07,-1.6098593831155526e-07,14.82708590363114,-17.184483203336463,32.0115691069676,1.0764495717571871,29.73810380611902,45.452795158811874,464140.32758902665,214980.04316833385,659026.5901791123,0.8316657578321447,False
45,1472735362.7675667,1472735362.7671337,1472735362.768,0.000866413116455,2,2,"DD2,DD3","368,369",1472735362.768,1472735362.78,2016-09-01 13:09:22.767566681+00:00,2016-09-01 13:09:22.767999887+00:00,2016-09-01 13:09:22.779999971+00:00,retain,at least two reduced-time-associated infrasound channels,,,,45,45,2,2,0.0008661746978759,"DD2,DD3",2,True,,4.6169123873871465,True,130.0,164.0,0.0204331874847412,0.15643310546875,13.6137688611362,-9.524047097012811,23.137815958149012,0.1359999179840088,-0.0475667715072631,0.2244330644607544,0.0004332065582275,0.1724331378936767,0.1719999313354492,2.948673857950476,5.897347715900952,noise_threshold,noise_threshold,moderate_impulsive,moderate_impulsive,candidate_event_045.pkl,/Users/glennthompson/Developer/KSCRocketSeismoHydrology/08_fireball_paper/falcon9-seismoacoustic-workflow-1.0.0/data/outputs/070_prepare_event_waveform_products/event_streams/candidate_event_045.pkl,1472735362.2675667,1472735363.3675666,2016-09-01 13:09:22.767566681+00:00,short_impulsive_candidate,False,True,False,analyze_all_final_events,199.2999999999999,368.0,0.7161971269060445,C_weak_or_broad,,,,0,additional_analyzed,126.84043312072754,2.1140072186787924,/Users/glennthompson/Developer/KSCRocketSeismoHydrology/08_fireball_paper/falcon9-seismoacoustic-workflow-1.0.0/data/outputs/070_prepare_event_waveform_products/event_streams/candidate_event_045.pkl,0.0004332065582275,0.1724331378936767,0.1719999313354492,-0.18,-0.05,250.0,1472735362.768,1472735362.9359999,43,3,5.797472920571315e-05,3.9292325208530375e-05,1.8040766409732156e-05,6.096068400703908e-05,0.11643320655822809,6.096068400703908e-05,3.4807807742865484,1.2370306654630984e-05,7.500653757912698e-06,9.871103776883485e-06,1.751350859478765e-05,-8.943524150346055e-07,2.2778399694126474e-06,3.822830695258259e-06,12.671454350862549,-8.80778194502252,21.479236295885066,3.1619396430255677,6.79305702221824,30.49807787497935,352345.7232436053,207862.7324686742,500290.93950877857,1.0,False
46,1472735371.0058932,1472735371.0,1472735371.0071335,0.0071334838867187,3,3,"DD1,DD2,DD3","373,370,371",1472735371.0,1472735371.096,2016-09-01 13:09:31.005893230+00:00,2016-09-01 13:09:31+00:00,2016-09-01 13:09:31.095999956+00:00,retain,at least two reduced-time-associated infrasound channels,,,,46,46,3,3,0.0071334838867187,"DD1,DD2,DD3",3,True,,7.796943288495331,True,127.0,133.0,0.0092401504516601,0.0332403182983398,27.272563185090103,-25.51844482649692,52.791008011587024,0.0240001678466796,-0.0027599334716796,0.0452404022216796,-0.0027596950531005,0.0572402477264404,0.059999942779541,3.497853219649776,6.995706439299552,noise_threshold,noise_threshold,moderate_impulsive,moderate_impulsive,candidate_event_046.pkl,/Users/glennthompson/Developer/KSCRocketSeismoHydrology/08_fireball_paper/falcon9-seismoacoustic-workflow-1.0.0/data/outputs/070_prepare_event_waveform_products/event_streams/candidate_event_046.pkl,1472735370.5058932,1472735371.6058931,2016-09-01 13:09:31.005893230+00:00,short_impulsive_candidate,False,True,True,analyze_all_final_events,200.8999999999999,359.0,0.5995202648187146,C_weak_or_broad,,,,0,core,135.07875967025757,2.2513126611709593,/Users/glennthompson/Developer/KSCRocketSeismoHydrology/08_fireball_paper/falcon9-seismoacoustic-workflow-1.0.0/data/outputs/070_prepare_event_waveform_products/event_streams/candidate_event_046.pkl,-0.0027596950531005,0.0572402477264404,0.059999942779540905,-0.18,-0.05,250.0,1472735371.004,1472735371.06,15,3,4.719449140304414e-05,5.401858196169607e-05,1.8660330682650897e-05,6.295243631642516e-05,0.05010671806335498,0.00010187325221124784,3.0108866362220272,1.2887295910802545e-05,1.0218087747117653e-05,1.2909845811857318e-05,2.090827185556745e-05,4.0206430345215406e-07,3.8170826898324585e-06,-1.8130781262123115e-06,25.43211852071541,-24.839696795104754,50.27181531582016,3.1011489749847336,16.21070632895591,71.38027243138939,798568.2247964651,403989.42453764606,1133876.2501994746,0.617948626847456,False
47,1472735373.9361334,1472735373.9298933,1472735373.94,0.0101068019866943,3,3,"DD1,DD2,DD3","378,374,375",1472735373.94,1472735374.02,2016-09-01 13:09:33.936133385+00:00,2016-09-01 13:09:33.940000057+00:00,2016-09-01 13:09:34.019999981+00:00,retain,at least two reduced-time-associated infrasound channels,,,,47,47,3,3,0.0101068019866943,"DD1,DD2,DD3",3,True,,7.589233855856507,True,128.0,134.0,0.0137600898742675,0.0377600193023681,22.49230726160491,-28.690468760220792,51.1827760218257,0.0239999294281005,0.0017601251602172,0.0497599840164184,0.0017600059509277,0.0577600002288818,0.0559999942779541,3.7804170098251424,7.560834019650285,noise_threshold,noise_threshold,moderate_impulsive,moderate_impulsive,candidate_event_047.pkl,/Users/glennthompson/Developer/KSCRocketSeismoHydrology/08_fireball_paper/falcon9-seismoacoustic-workflow-1.0.0/data/outputs/070_prepare_event_waveform_products/event_streams/candidate_event_047.pkl,1472735373.4361334,1472735374.5361333,2016-09-01 13:09:33.936133385+00:00,short_impulsive_candidate,False,True,True,analyze_all_final_events,200.3999999999999,354.5,0.8133149379465956,B_probable,0.3142696805273365,0.7243558228002942,0.8098783061932344,9,core,138.00899982452393,2.300149997075399,/Users/glennthompson/Developer/KSCRocketSeismoHydrology/08_fireball_paper/falcon9-seismoacoustic-workflow-1.0.0/data/outputs/070_prepare_event_waveform_products/event_streams/candidate_event_047.pkl,0.0017600059509277,0.0577600002288818,0.0559999942779541,-0.18,-0.05,250.0,1472735373.94,1472735373.992,14,3,3.816267454918166e-05,4.7516159266292615e-05,3.705145272494793e-05,6.03084716614629e-05,0.05586672401428272,0.00013613383494488033,4.471899104573485,9.160786972477651e-06,8.169868036301828e-06,5.5864201589369074e-06,1.3486098467602821e-05,4.057870842695308e-07,-4.1119471891174804e-06,-1.8561257480073515e-06,22.94370504927644,-30.35436939717762,53.29807444645406,6.072799147058131,8.776525150230507,75.67721694862166,883757.6708234097,380439.1724278674,1254835.5954604533,0.44300868836818846,False
48,1472735379.9755669,1472735379.9751334,1472735379.976,0.0008666515350341,2,2,"DD2,DD3","382,383",1472735379.976,1472735379.988,2016-09-01 13:09:39.975566864+00:00,2016-09-01 13:09:39.976000071+00:00,2016-09-01 13:09:39.987999916+00:00,retain,at least two reduced-time-associated infrasound channels,,,,48,48,2,2,0.0008666515350341,"DD2,DD3",2,True,,13.440790729370564,True,141.0,151.0,0.0644330978393554,0.1044332981109619,17.553578302817634,-14.993985095745373,32.54756339856301,0.0400002002716064,0.0444329977035522,0.1244333982467651,0.0004332065582275,0.1244333982467651,0.1240001916885376,1.305992977367015,2.61198595473403,noise_threshold,model,moderate_impulsive,moderate_impulsive,candidate_event_048.pkl,/Users/glennthompson/Developer/KSCRocketSeismoHydrology/08_fireball_paper/falcon9-seismoacoustic-workflow-1.0.0/data/outputs/070_prepare_event_waveform_products/event_streams/candidate_event_048.pkl,1472735379.4755669,1472735380.5755668,2016-09-01 13:09:39.975566864+00:00,short_impulsive_candidate,False,True,True,analyze_all_final_events,200.59999999999988,346.5,0.6737203726126091,C_weak_or_broad,,,,0,core,144.048433303833,2.4008072217305503,/Users/glennthompson/Developer/KSCRocketSeismoHydrology/08_fireball_paper/falcon9-seismoacoustic-workflow-1.0.0/data/outputs/070_prepare_event_waveform_products/event_streams/candidate_event_048.pkl,0.0004332065582275,0.1244333982467651,0.1240001916885376,-0.18,-0.05,250.0,1472735379.976,1472735380.1000001,32,3,5.755200302514308e-05,6.051662180155456e-05,2.942424545453252e-05,8.212005068686946e-05,0.12043320655822809,8.212005068686946e-05,8.300466919939835,6.517495831595265e-06,5.474529668344666e-06,5.042979294448683e-06,9.893425451717203e-06,3.310547819907211e-06,2.4334441575272905e-07,1.318906825546875e-06,16.539895646134454,-13.481340540992546,30.021236187127002,0.9659992400627672,31.07790870019352,42.62674829428427,365577.419108038,201411.17190979878,519078.44597933313,1.0,True
49,1472735403.7985668,1472735403.7981336,1472735403.799,0.000866413116455,2,2,"DD2,DD3","385,386",1472735403.799,1472735403.811,2016-09-01 13:10:03.798566818+00:00,2016-09-01 13:10:03.799000025+00:00,2016-09-01 13:10:03.811000109+00:00,retain,at least two reduced-time-associated infrasound channels,,,,49,49,2,2,0.000866413116455,"DD2,DD3",2,True,,7.74073454150752,True,130.0,137.0,0.0214331150054931,0.0494332313537597,14.63641182511168,-9.85190757327915,24.48831939839083,0.0280001163482666,0.0074330568313598,0.063433289527893,0.0054330825805664,0.093433141708374,0.0880000591278076,1.8908298361903544,3.781659672380708,noise_threshold,noise_threshold,moderate_impulsive,moderate_impulsive,candidate_event_049.pkl,/Users/glennthompson/Developer/KSCRocketSeismoHydrology/08_fireball_paper/falcon9-seismoacoustic-workflow-1.0.0/data/outputs/070_prepare_event_waveform_products/event_streams/candidate_event_049.pkl,1472735403.2985668,1472735404.3985667,2016-09-01 13:10:03.798566818+00:00,short_impulsive_candidate,False,True,False,analyze_all_final_events,200.3999999999999,356.5,0.7045616038744131,C_weak_or_broad,,,,0,additional_analyzed,167.87143325805664,2.7978572209676105,/Users/glennthompson/Developer/KSCRocketSeismoHydrology/08_fireball_paper/falcon9-seismoacoustic-workflow-1.0.0/data/outputs/070_prepare_event_waveform_products/event_streams/candidate_event_049.pkl,0.0054330825805664,0.093433141708374,0.08800005912780759,-0.18,-0.05,250.0,1472735403.804,1472735403.892,23,3,3.500764699716861e-05,4.5831917601760074e-05,1.3910859122938291e-05,5.536715439013106e-05,0.08143313407898001,5.9976891264657295e-05,2.7698711703627015,5.13716603548073e-06,1.409109824553644e-05,1.3214139273089154e-05,1.9989072048748387e-05,2.586463817250804e-06,-2.9541725518190564e-06,9.131938851040972e-07,13.388941823664346,-10.139195812475556,23.528137636139903,2.015445922949212,11.67391164815331,33.40728524960155,424947.5685594145,241821.02134638265,603377.3203189262,0.9231414503598551,False
50,1472735406.2590666,1472735406.257,1472735406.2611334,0.0041334629058837,2,2,"DD2,DD3","387,388",1472735406.257,1472735406.274,2016-09-01 13:10:06.259066582+00:00,2016-09-01 13:10:06.256999969+00:00,2016-09-01 13:10:06.273999929+00:00,retain,at least two reduced-time-associated infrasound channels,,,,50,50,2,2,0.0041334629058837,"DD2,DD3",2,True,,3.877383045268858,True,143.0,148.0,0.0729334354400634,0.0929334163665771,9.970756200546932,-8.950582656808354,18.921338857355288,0.0199999809265136,0.0629334449768066,0.1029334068298339,0.036933422088623,0.1169333457946777,0.0799999237060546,2.571516944324896,5.143033888649792,noise_threshold,noise_threshold,weak_impulsive,weak_impulsive,candidate_event_050.pkl,/Users/glennthompson/Developer/KSCRocketSeismoHydrology/08_fireball_paper/falcon9-seismoacoustic-workflow-1.0.0/data/outputs/070_prepare_event_waveform_products/event_streams/candidate_event_050.pkl,1472735405.7590666,1472735406.8590665,2016-09-01 13:10:06.259066582+00:00,short_impulsive_candidate,False,True,False,analyze_all_final_events,200.4999999999999,349.5,0.7265309083004493,C_weak_or_broad,,,,0,additional_analyzed,170.3319330215454,2.83886555035909,/Users/glennthompson/Developer/KSCRocketSeismoHydrology/08_fireball_paper/falcon9-seismoacoustic-workflow-1.0.0/data/outputs/070_prepare_event_waveform_products/event_streams/candidate_event_050.pkl,0.036933422088623,0.1169333457946777,0.07999992370605472,-0.18,-0.05,250.0,1472735406.3,1472735406.372,19,3,1.3818127127659039e-05,2.9944085665023408e-05,1.0702657007957225e-05,3.263353279958442e-05,0.10893340873718316,4.499791621393094e-05,1.9178523529549623,1.1863556935160658e-05,1.1021932660709264e-05,5.225501536978328e-06,1.701566481345854e-05,-1.3741883429061984e-06,1.0590606127663224e-06,5.698451742188644e-07,11.432124355895137,-9.656112701430136,21.088237057325273,1.4725666303971914,14.320735389499625,29.942903330485017,646213.7331816502,350318.3190770177,917550.1627229992,0.7252232002130218,False
51,1472735422.0620668,1472735422.061,1472735422.0631337,0.0021333694458007,2,2,"DD2,DD3","392,393",1472735422.061,1472735422.076,2016-09-01 13:10:22.062066793+00:00,2016-09-01 13:10:22.061000109+00:00,2016-09-01 13:10:22.075999975+00:00,retain,at least two reduced-time-associated infrasound channels,,,,51,51,2,2,0.0021336078643798,"DD2,DD3",2,True,,7.140905974992673,True,129.0,134.0,0.0179331302642822,0.0379331111907959,11.95489921732288,-9.199307845806857,21.154207063129732,0.0199999809265136,0.0079331398010253,0.0479331016540527,0.0019330978393554,0.0819330215454101,0.0799999237060546,1.674143205244366,3.348286410488732,noise_threshold,noise_threshold,moderate_impulsive,moderate_impulsive,candidate_event_051.pkl,/Users/glennthompson/Developer/KSCRocketSeismoHydrology/08_fireball_paper/falcon9-seismoacoustic-workflow-1.0.0/data/outputs/070_prepare_event_waveform_products/event_streams/candidate_event_051.pkl,1472735421.5620668,1472735422.6620667,2016-09-01 13:10:22.062066793+00:00,short_impulsive_candidate,False,True,False,analyze_all_final_events,200.4999999999999,337.0,0.8750018927155566,B_probable,0.24695678634324,1.1573703697777589,0.8591297626239436,9,additional_analyzed,186.1349332332611,3.1022488872210183,/Users/glennthompson/Developer/KSCRocketSeismoHydrology/08_fireball_paper/falcon9-seismoacoustic-workflow-1.0.0/data/outputs/070_prepare_event_waveform_products/event_streams/candidate_event_051.pkl,0.0019330978393554,0.0819330215454101,0.0799999237060547,-0.18,-0.05,250.0,1472735422.064,1472735422.1399999,20,3,4.269894462777136e-05,3.1853618147269924e-05,1.907056266206443e-05,4.971911759407261e-05,0.07793309783935598,6.631858144423079e-05,3.120057706168324,1.416593402498023e-05,4.8178462598721916e-06,5.481705055615123e-06,1.5935319880711948e-05,-2.71099128940969e-06,-2.3115550942763864e-06,-2.401608683446532e-06,12.147003086366588,-8.231840433120764,20.378843519487354,1.4384625116910816,14.167100882962622,28.93564501538688,409879.4287917304,244312.52351539567,581982.2719226319,0.7497011623489392,False
52,1472735428.7245717,1472735428.7231436,1472735428.726,0.0028564929962158,2,2,"DD2,DD3","394,395",1472735428.726,1472735428.73601,2016-09-01 13:10:28.724571705+00:00,2016-09-01 13:10:28.726000071+00:00,2016-09-01 13:10:28.736010075+00:00,retain,at least two reduced-time-associated infrasound channels,,,,52,52,2,2,0.0028564929962158,"DD2,DD3",2,True,,6.008087229665107,True,130.0,166.0,0.0213215351104736,0.1653215885162353,12.353630263146908,-9.192493976555912,21.54612423970282,0.1440000534057617,-0.0506784915924072,0.2373216152191162,0.0053215026855468,0.185321569442749,0.1800000667572021,2.0561669281615114,4.112333856323023,noise_threshold,noise_threshold,moderate_impulsive,moderate_impulsive,candidate_event_052.pkl,/Users/glennthompson/Developer/KSCRocketSeismoHydrology/08_fireball_paper/falcon9-seismoacoustic-workflow-1.0.0/data/outputs/070_prepare_event_waveform_products/event_streams/candidate_event_052.pkl,1472735428.2245717,1472735429.3245716,2016-09-01 13:10:28.724571705+00:00,short_impulsive_candidate,False,True,False,analyze_all_final_events,200.8999999999999,354.5,0.9108232577149872,A_high_quality,0.3126943839882108,2.4608038433722332,0.8678287919653437,9,additional_analyzed,192.79743814468384,3.213290635744731,/Users/glennthompson/Developer/KSCRocketSeismoHydrology/08_fireball_paper/falcon9-seismoacoustic-workflow-1.0.0/data/outputs/070_prepare_event_waveform_products/event_streams/candidate_event_052.pkl,0.0053215026855468,0.185321569442749,0.1800000667572022,-0.18,-0.05,250.0,1472735428.7319999,1472735428.908,45,3,2.5484303596733316e-05,3.3720335184744e-05,1.7799439845001865e-05,3.772719603581906e-05,0.07542827224731496,6.395984875204315e-05,1.3138115397454024,2.5659272193462512e-05,1.07049757002119e-05,7.183623977995736e-06,2.8715835486671128e-05,1.5881434016737564e-06,-5.081475229829136e-07,-2.367450939632409e-06,13.106020017761189,-11.835557355620628,24.94157737338182,1.1884852036121492,20.986022625756867,35.414209266087774,661103.3947421302,347389.18856620125,938691.7923204448,0.5898574929731036,False
53,1472735435.1970668,1472735435.1931336,1472735435.201,0.0078663825988769,2,2,"DD2,DD3","397,398",1472735435.201,1472735435.206,2016-09-01 13:10:35.197066784+00:00,2016-09-01 13:10:35.200999975+00:00,2016-09-01 13:10:35.206000090+00:00,retain,at least two reduced-time-associated infrasound channels,,,,53,53,2,2,0.0078663825988769,"DD2,DD3",2,True,,7.75280529174694,True,131.0,137.0,0.0248265266418457,0.0488266944885253,9.038592290924012,-6.005140847999244,15.043733138923258,0.0240001678466796,0.0128264427185058,0.0608267784118652,0.004826545715332,0.12882661819458,0.124000072479248,1.165847967386183,2.331695934772366,noise_threshold,noise_threshold,moderate_impulsive,moderate_impulsive,candidate_event_053.pkl,/Users/glennthompson/Developer/KSCRocketSeismoHydrology/08_fireball_paper/falcon9-seismoacoustic-workflow-1.0.0/data/outputs/070_prepare_event_waveform_products/event_streams/candidate_event_053.pkl,1472735434.6970668,1472735435.7970667,2016-09-01 13:10:35.197066784+00:00,short_impulsive_candidate,False,True,False,analyze_all_final_events,201.7999999999999,304.5,0.5720450207109766,C_weak_or_broad,,,,0,additional_analyzed,199.26993322372437,3.3211655537287395,/Users/glennthompson/Developer/KSCRocketSeismoHydrology/08_fireball_paper/falcon9-seismoacoustic-workflow-1.0.0/data/outputs/070_prepare_event_waveform_products/event_streams/candidate_event_053.pkl,0.004826545715332,0.12882661819458,0.12400007247924799,-0.18,-0.05,250.0,1472735435.204,1472735435.3240001,31,3,2.613615909008615e-05,3.704682430213203e-05,2.051222781211648e-05,4.3312241082368974e-05,0.08293331527710013,4.3312241082368974e-05,3.05796966514313,9.783404188899373e-06,8.586125180042009e-06,5.583418293919065e-06,1.4163724897624752e-05,-1.915481486418861e-07,-2.2578731146148092e-06,1.0361421054808552e-08,8.460316433991732,-6.586528756582362,15.046845190574093,2.096932141273837,7.175647172556327,21.36481251350645,347403.985906866,195333.14884127886,493274.23332530766,1.0,False
54,1472735657.3631334,1472735657.3618932,1472735657.368,0.0061068534851074,3,3,"DD1,DD2,DD3","408,403,404",1472735657.368,1472735657.452,2016-09-01 13:14:17.363133430+00:00,2016-09-01 13:14:17.368000031+00:00,2016-09-01 13:14:17.451999903+00:00,retain,at least two reduced-time-associated infrasound channels,,,,54,54,3,3,0.0061068534851074,"DD1,DD2,DD3",3,True,,68.94310041194008,True,130.0,137.0,0.0208666324615478,0.0488667488098144,135.49331205874785,-132.103837557999,267.59714961674683,0.0280001163482666,0.0068665742874145,0.0628668069839477,0.0008666515350341,0.1208665370941162,0.119999885559082,1.9652918312226368,3.9305836624452737,noise_threshold,noise_threshold,robust_impulsive,robust_impulsive,candidate_event_054.pkl,/Users/glennthompson/Developer/KSCRocketSeismoHydrology/08_fireball_paper/falcon9-seismoacoustic-workflow-1.0.0/data/outputs/070_prepare_event_waveform_products/event_streams/candidate_event_054.pkl,1472735656.8631334,1472735657.963133,2016-09-01 13:14:17.363133430+00:00,short_impulsive_candidate,False,True,True,analyze_all_final_events,200.59999999999988,351.0,0.9458691974327796,A_high_quality,0.1133115447464998,1.314684396244359,0.9423843134495188,9,core,421.4359998703003,7.023933331171672,/Users/glennthompson/Developer/KSCRocketSeismoHydrology/08_fireball_paper/falcon9-seismoacoustic-workflow-1.0.0/data/outputs/070_prepare_event_waveform_products/event_streams/candidate_event_054.pkl,0.0008666515350341,0.1208665370941162,0.1199998855590821,-0.18,-0.05,250.0,1472735657.364,1472735657.48,30,3,0.00037075330226088324,0.00037493094438572304,0.00017511683633887693,0.000505273863340603,0.0808666515350347,0.000505273863340603,37.61706274081191,3.259604382459398e-06,1.1749485132120215e-05,5.6342041949879385e-06,1.3432039253623485e-05,-4.062037219191809e-06,1.8976513556859615e-06,2.2545167239489496e-06,136.38319856214017,-132.2598803409004,268.64307890304053,1.0915851493160384,246.10364026238904,381.44268390625996,531678.1618722862,269919.3614734923,754922.6500345042,1.0,True
55,1472735659.4221334,1472735659.4218934,1472735659.429,0.0071065425872802,3,3,"DD1,DD2,DD3","411,409,410",1472735659.429,1472735659.512,2016-09-01 13:14:19.422133446+00:00,2016-09-01 13:14:19.428999901+00:00,2016-09-01 13:14:19.512000083+00:00,retain,at least two reduced-time-associated infrasound channels,,,,55,55,3,3,0.0071065425872802,"DD1,DD2,DD3",3,True,,19.36324460055181,True,132.0,144.0,0.0298666954040527,0.0778665542602539,67.23345133094044,-53.12478349752113,120.35823482846158,0.0479998588562011,0.0058667659759521,0.1018664836883544,0.0098664760589599,0.1018664836883544,0.0920000076293945,3.472220318335722,6.944440636671444,noise_threshold,model,robust_impulsive,robust_impulsive,candidate_event_055.pkl,/Users/glennthompson/Developer/KSCRocketSeismoHydrology/08_fireball_paper/falcon9-seismoacoustic-workflow-1.0.0/data/outputs/070_prepare_event_waveform_products/event_streams/candidate_event_055.pkl,1472735658.9221334,1472735660.0221334,2016-09-01 13:14:19.422133446+00:00,short_impulsive_candidate,False,True,True,analyze_all_final_events,203.09999999999988,343.0,0.9522961261282772,B_probable,0.667406996341349,1.606314699422329,0.9388155356960766,9,core,423.4949998855591,7.058249998092651,/Users/glennthompson/Developer/KSCRocketSeismoHydrology/08_fireball_paper/falcon9-seismoacoustic-workflow-1.0.0/data/outputs/070_prepare_event_waveform_products/event_streams/candidate_event_055.pkl,0.0098664760589599,0.1018664836883544,0.09200000762939449,-0.18,-0.05,250.0,1472735659.432,1472735659.52,23,3,0.00010160084184757695,0.00010326008374788254,6.164914836095279e-05,0.00013834560024373786,0.06586657905578663,0.0001684141480821674,3.764331933825596,1.9034016884862745e-05,2.5246642872812884e-05,1.8735013288003408e-05,3.6751700614015914e-05,7.335225427860315e-06,-1.7174210728134234e-05,-1.1093379564830165e-06,67.29410450019444,-53.002805226560554,120.29690972675499,1.6434725733960833,73.1967856805621,170.80795939047414,869539.107241686,486420.2719973415,1234646.8488303493,0.8214606778537428,False
56,1472735670.4951334,1472735670.494903,1472735670.499,0.0040967464447021,3,3,"DD1,DD2,DD3","418,413,414",1472735670.499,1472735670.58501,2016-09-01 13:14:30.495133400+00:00,2016-09-01 13:14:30.499000072+00:00,2016-09-01 13:14:30.585010052+00:00,retain,at least two reduced-time-associated infrasound channels,,,,56,56,3,3,0.0040969848632812,"DD1,DD2,DD3",3,True,,34.798438095953294,True,130.0,154.0,0.0208666324615478,0.1168665885925293,104.53010292489137,-54.81603978003661,159.34614270492796,0.0959999561309814,-0.0271333456039428,0.16486656665802,0.0008666515350341,0.1888666152954101,0.1879999637603759,3.0038734105438816,6.007746821087763,noise_threshold,noise_threshold,robust_impulsive,robust_impulsive,candidate_event_056.pkl,/Users/glennthompson/Developer/KSCRocketSeismoHydrology/08_fireball_paper/falcon9-seismoacoustic-workflow-1.0.0/data/outputs/070_prepare_event_waveform_products/event_streams/candidate_event_056.pkl,1472735669.9951334,1472735671.0951333,2016-09-01 13:14:30.495133400+00:00,short_impulsive_candidate,False,True,True,analyze_all_final_events,201.4999999999999,352.5,0.9916705810327566,A_high_quality,0.2078698548207627,0.7453559924999299,0.9909285619592788,9,core,434.5679998397827,7.242799997329712,/Users/glennthompson/Developer/KSCRocketSeismoHydrology/08_fireball_paper/falcon9-seismoacoustic-workflow-1.0.0/data/outputs/070_prepare_event_waveform_products/event_streams/candidate_event_056.pkl,0.0008666515350341,0.1888666152954101,0.187999963760376,-0.18,-0.05,250.0,1472735670.496,1472735670.68,47,3,0.0003512352349638217,0.0003495148364251258,0.00018536981058599555,0.0004895459338939787,0.09686665153503471,0.0004895459338939787,25.396919825407068,5.1257615379721345e-06,1.5911113577088256e-05,9.597889292935382e-06,1.9275799477235706e-05,1.8903141494284002e-06,-1.0893034573037115e-05,-6.42763042982107e-06,104.79033770444991,-54.88761291457568,159.67795061902558,2.2176291887552364,72.00390012392171,226.72456812764364,326175.624315587,214056.19054154868,463132.36905925465,1.0,True
57,1472735746.158893,1472735746.1551335,1472735746.16,0.004866600036621,3,3,"DD1,DD2,DD3","426,421,422",1472735746.16,1472735746.249,2016-09-01 13:15:46.158893347+00:00,2016-09-01 13:15:46.160000086+00:00,2016-09-01 13:15:46.249000072+00:00,retain,at least two reduced-time-associated infrasound channels,,,,57,57,3,3,0.004866600036621,"DD1,DD2,DD3",3,True,,63.55907970341736,True,129.0,137.0,0.0171070098876953,0.0491070747375488,83.34058483462773,-44.91807995038229,128.25866478501,0.0320000648498535,0.0011069774627685,0.0651071071624755,-0.0108931064605712,0.1331069469451904,0.1440000534057617,1.3112302006812535,2.622460401362507,noise_threshold,noise_threshold,robust_impulsive,robust_impulsive,candidate_event_057.pkl,/Users/glennthompson/Developer/KSCRocketSeismoHydrology/08_fireball_paper/falcon9-seismoacoustic-workflow-1.0.0/data/outputs/070_prepare_event_waveform_products/event_streams/candidate_event_057.pkl,1472735745.658893,1472735746.758893,2016-09-01 13:15:46.158893108+00:00,short_impulsive_candidate,False,True,True,analyze_all_final_events,200.4999999999999,354.0,0.970887739468638,A_high_quality,0.3177855476905395,0.437444881889545,0.9625714607586392,9,core,510.23175954818726,8.503862659136454,/Users/glennthompson/Developer/KSCRocketSeismoHydrology/08_fireball_paper/falcon9-seismoacoustic-workflow-1.0.0/data/outputs/070_prepare_event_waveform_products/event_streams/candidate_event_057.pkl,-0.0108931064605712,0.1331069469451904,0.1440000534057616,-0.18,-0.05,250.0,1472735746.148,1472735746.288,36,3,0.00017994158766453385,0.00021717327919708933,8.858362797844738e-05,0.00026483311733117366,0.08110697746276907,0.00026483311733117366,31.647994490042475,4.05971817609371e-06,6.4022587433862305e-06,3.5432503199584473e-06,8.368085295720684e-06,1.1275212495117217e-06,-2.471888320151133e-06,2.227735989334869e-06,83.48649586610556,-45.275875778413095,128.76237164451865,1.9207899806214108,67.03615332419719,182.82795457368695,486201.92573386274,315241.90292902733,690351.5557877178,1.0,True
58,1472735949.3250668,1472735949.3191335,1472735949.331,0.0118665695190429,2,2,"DD2,DD3","428,429",1472735949.331,1472735949.332,2016-09-01 13:19:09.325066805+00:00,2016-09-01 13:19:09.331000090+00:00,2016-09-01 13:19:09.332000017+00:00,retain,at least two reduced-time-associated infrasound channels,,,,58,58,2,2,0.0118665695190429,"DD2,DD3",2,True,,9.391428910621396,True,135.0,179.0,0.0408265590667724,0.2168266773223877,13.063982095792737,-1.7947145200358954,14.85869661582863,0.1760001182556152,-0.0471735000610351,0.3048267364501953,-0.0031733512878417,0.2288265228271484,0.2319998741149902,1.391053717184379,2.782107434368758,noise_threshold,noise_threshold,moderate_impulsive,moderate_impulsive,candidate_event_058.pkl,/Users/glennthompson/Developer/KSCRocketSeismoHydrology/08_fireball_paper/falcon9-seismoacoustic-workflow-1.0.0/data/outputs/070_prepare_event_waveform_products/event_streams/candidate_event_058.pkl,1472735948.8250668,1472735949.9250667,2016-09-01 13:19:09.325066805+00:00,short_impulsive_candidate,False,True,False,analyze_all_final_events,208.1999999999999,360.0,0.676113796264989,C_weak_or_broad,,,,0,additional_analyzed,713.3979332447052,11.88996555407842,/Users/glennthompson/Developer/KSCRocketSeismoHydrology/08_fireball_paper/falcon9-seismoacoustic-workflow-1.0.0/data/outputs/070_prepare_event_waveform_products/event_streams/candidate_event_058.pkl,-0.0031733512878417,0.2288265228271484,0.23199987411499012,-0.18,-0.05,250.0,1472735949.324,1472735949.5519998,58,3,1.648864017991683e-05,1.0013135998475499e-05,5.650633788988986e-06,1.667147985345284e-05,0.18293307685852112,2.1752200661496463e-05,4.181858072155221,1.9148797770248662e-06,2.747344494920234e-06,2.1629781008451987e-06,3.986620197480971e-06,9.545702791107047e-07,-2.12921873364204e-06,-7.389248446017418e-07,11.538345236417083,-1.3482876185975685,12.886632855014652,2.688496300433553,4.793249242313082,18.297556158167392,772974.7429917383,692100.8415475108,1097536.4106251055,0.7664272738602951,False
59,1472735951.1161337,1472735951.1158934,1472735951.122,0.0061066150665283,3,3,"DD1,DD2,DD3","435,432,433",1472735951.122,1472735951.206,2016-09-01 13:19:11.116133451+00:00,2016-09-01 13:19:11.121999979+00:00,2016-09-01 13:19:11.206000090+00:00,retain,at least two reduced-time-associated infrasound channels,,,,59,59,3,3,0.0061066150665283,"DD1,DD2,DD3",3,True,,7.646809554146913,True,130.0,146.0,0.0217597484588623,0.0857598781585693,12.438922080713928,-5.047227419606407,17.486149500320334,0.064000129699707,-0.0102403163909912,0.1177599430084228,0.0097596645355224,0.1137597560882568,0.1040000915527343,1.6266812966419728,3.2533625932839456,noise_threshold,noise_threshold,moderate_impulsive,moderate_impulsive,candidate_event_059.pkl,/Users/glennthompson/Developer/KSCRocketSeismoHydrology/08_fireball_paper/falcon9-seismoacoustic-workflow-1.0.0/data/outputs/070_prepare_event_waveform_products/event_streams/candidate_event_059.pkl,1472735950.6161337,1472735951.7161336,2016-09-01 13:19:11.116133690+00:00,short_impulsive_candidate,False,True,False,analyze_all_final_events,201.3999999999999,318.5,0.4810608863129337,C_weak_or_broad,,,,0,additional_analyzed,715.1890001296997,11.919816668828329,/Users/glennthompson/Developer/KSCRocketSeismoHydrology/08_fireball_paper/falcon9-seismoacoustic-workflow-1.0.0/data/outputs/070_prepare_event_waveform_products/event_streams/candidate_event_059.pkl,0.0097596645355224,0.1137597560882568,0.10400009155273439,-0.18,-0.05,250.0,1472735951.128,1472735951.228,26,3,3.539000305339886e-05,2.8264026685010666e-05,1.529238742170787e-05,4.217685294967384e-05,0.08386624717712454,5.392724475938838e-05,4.681838787751164,5.466591764207618e-06,5.386635567151155e-06,4.717579869093955e-06,9.008608553549262e-06,-1.5749213479435625e-06,-1.012958384738648e-06,-3.1369030029430755e-06,11.492363956489129,-5.551515752680648,17.043879709169776,1.1867050370992902,14.362355578123104,24.200374887706,404105.06041090435,272480.3571807982,573783.3241513375,0.7821065796678055,False
60,1472735951.356567,1472735951.3551335,1472735951.358,0.002866506576538,2,2,"DD2,DD3","436,437",1472735951.358,1472735951.368,2016-09-01 13:19:11.356566906+00:00,2016-09-01 13:19:11.358000040+00:00,2016-09-01 13:19:11.368000031+00:00,retain,at least two reduced-time-associated infrasound channels,,,,60,60,2,2,0.002866506576538,"DD2,DD3",2,True,,1.9301577291670953,True,129.0,137.0,0.0173265933990478,0.0493266582489013,4.626508939831478,-1.8022757816745052,6.428784721505983,0.0320000648498535,0.001326560974121,0.0653266906738281,0.0133266448974609,0.0613265037536621,0.0479998588562011,2.3969589997331027,4.793917999466205,noise_threshold,noise_threshold,weak_impulsive,weak_impulsive,candidate_event_060.pkl,/Users/glennthompson/Developer/KSCRocketSeismoHydrology/08_fireball_paper/falcon9-seismoacoustic-workflow-1.0.0/data/outputs/070_prepare_event_waveform_products/event_streams/candidate_event_060.pkl,1472735950.856567,1472735951.9565668,2016-09-01 13:19:11.356566906+00:00,short_impulsive_candidate,False,True,False,analyze_all_final_events,201.69999999999987,322.5,0.6226099131485685,C_weak_or_broad,,,,0,additional_analyzed,715.4294333457947,11.923823889096578,/Users/glennthompson/Developer/KSCRocketSeismoHydrology/08_fireball_paper/falcon9-seismoacoustic-workflow-1.0.0/data/outputs/070_prepare_event_waveform_products/event_streams/candidate_event_060.pkl,0.0133266448974609,0.0613265037536621,0.0479998588562012,-0.18,-0.05,250.0,1472735951.372,1472735951.416,12,3,5.2962810590296076e-05,1.175770114156539e-05,1.646653790327345e-05,5.569941252426701e-05,0.04343304061889697,5.569941252426701e-05,1.5843892886913629,2.7024714110542062e-05,1.862550953345334e-05,1.2595175124835895e-05,3.5155130700405276e-05,8.859114603490088e-06,-4.219227240528613e-06,-4.387895875706627e-07,5.245078098866006,-1.1999756379675717,6.445053736833578,1.843730320243103,3.495659677595242,9.151244861160817,115711.34137232794,94167.56588915263,164296.97274049025,1.0,False
61,1472735951.6145668,1472735951.6091335,1472735951.62,0.0108664035797119,2,2,"DD2,DD3","438,439",1472735951.62,1472735951.622,2016-09-01 13:19:11.614566803+00:00,2016-09-01 13:19:11.619999886+00:00,2016-09-01 13:19:11.621999979+00:00,retain,at least two reduced-time-associated infrasound channels,,,,61,61,2,2,0.0108664035797119,"DD2,DD3",2,True,,5.080573542891166,True,131.0,144.0,0.02543306350708,0.0774331092834472,7.9387290220283715,-4.342004839043605,12.280733861071976,0.0520000457763671,-0.0005669593811035,0.1034331321716308,0.0094330310821533,0.0894331932067871,0.0800001621246337,1.5625655164733103,3.1251310329466206,noise_threshold,noise_threshold,moderate_impulsive,moderate_impulsive,candidate_event_061.pkl,/Users/glennthompson/Developer/KSCRocketSeismoHydrology/08_fireball_paper/falcon9-seismoacoustic-workflow-1.0.0/data/outputs/070_prepare_event_waveform_products/event_streams/candidate_event_061.pkl,1472735951.1145668,1472735952.2145667,2016-09-01 13:19:11.614566803+00:00,short_impulsive_candidate,False,True,False,analyze_all_final_events,198.4999999999999,321.5,0.794235979466315,B_probable,0.5958705634573849,5.89622184952071,0.77430678112218,9,additional_analyzed,715.6874332427979,11.928123887379964,/Users/glennthompson/Developer/KSCRocketSeismoHydrology/08_fireball_paper/falcon9-seismoacoustic-workflow-1.0.0/data/outputs/070_prepare_event_waveform_products/event_streams/candidate_event_061.pkl,0.0094330310821533,0.0894331932067871,0.08000016212463379,-0.18,-0.05,250.0,1472735951.6239998,1472735951.704,21,3,2.7868961782799986e-05,2.4473466371098862e-05,1.85189029556877e-05,3.2951962777150454e-05,0.009433134078979943,5.11068483074047e-05,1.5497764630477158,1.828234507636495e-05,8.775709891999058e-06,6.390016465144536e-06,2.126239723137149e-05,4.211453651371174e-06,-2.7787925931335065e-06,-6.510580475185562e-07,7.684173793879993,-4.821082937086191,12.505256730966185,1.2478365611705176,10.021550193429006,17.756045344157855,379499.6011478132,233193.20447910775,538846.3644560272,0.644766090425814,False
62,1472735953.066893,1472735953.0631337,1472735953.069,0.005866527557373,3,3,"DD1,DD2,DD3","445,440,441",1472735953.069,1472735953.157,2016-09-01 13:19:13.066893338+00:00,2016-09-01 13:19:13.069000006+00:00,2016-09-01 13:19:13.157000065+00:00,retain,at least two reduced-time-associated infrasound channels,,,,62,62,3,3,0.0058662891387939,"DD1,DD2,DD3",3,True,,24.42089831132647,True,130.0,142.0,0.0211069583892822,0.0691070556640625,47.970967832950755,-13.92325106812897,61.894218901079725,0.0480000972747802,-0.0028930902481079,0.0931071043014526,-0.0028929710388183,0.093106985092163,0.0959999561309814,1.964340837155106,3.928681674310212,noise_threshold,noise_threshold,robust_impulsive,robust_impulsive,candidate_event_062.pkl,/Users/glennthompson/Developer/KSCRocketSeismoHydrology/08_fireball_paper/falcon9-seismoacoustic-workflow-1.0.0/data/outputs/070_prepare_event_waveform_products/event_streams/candidate_event_062.pkl,1472735952.566893,1472735953.666893,2016-09-01 13:19:13.066893101+00:00,short_impulsive_candidate,False,True,True,analyze_all_final_events,200.59999999999988,358.0,0.9355222332015026,A_high_quality,0.2819683897877511,1.1785113019775793,0.923076646909098,9,core,717.1397595405579,11.952329325675965,/Users/glennthompson/Developer/KSCRocketSeismoHydrology/08_fireball_paper/falcon9-seismoacoustic-workflow-1.0.0/data/outputs/070_prepare_event_waveform_products/event_streams/candidate_event_062.pkl,-0.0028929710388183,0.093106985092163,0.0959999561309813,-0.18,-0.05,250.0,1472735953.068,1472735953.16,24,3,8.438082740860501e-05,0.00010914583496847995,5.290297186632416e-05,0.00013620572730392593,0.08110697746276907,0.00013620572730392593,17.93534263493985,2.429391672297226e-06,4.41657842236768e-06,5.68020573441222e-06,7.594264022510698e-06,-2.5579122869326396e-07,-3.3776106039193586e-06,9.130150229532403e-07,47.97096783295037,-13.923251068128891,61.89421890107926,1.6410720258366065,37.715723579850824,87.88276650309797,454417.1535677799,352194.93910053576,645220.7865459184,1.0,True
63,1472735953.258067,1472735953.2541337,1472735953.262,0.007866621017456,2,2,"DD2,DD3","446,447",1472735953.262,1472735953.267,2016-09-01 13:19:13.258066654+00:00,2016-09-01 13:19:13.262000084+00:00,2016-09-01 13:19:13.266999959+00:00,retain,at least two reduced-time-associated infrasound channels,,,,63,63,2,2,0.0078663825988769,"DD2,DD3",2,True,,12.020712709266435,True,129.0,137.0,0.0179331302642822,0.0499331951141357,17.679986594966415,-10.845476700867678,28.525463295834093,0.0320000648498535,0.0019330978393554,0.0659332275390625,-0.0140669345855712,0.0739331245422363,0.0880000591278076,1.4707935396656973,2.9415870793313945,noise_threshold,noise_threshold,moderate_impulsive,moderate_impulsive,candidate_event_063.pkl,/Users/glennthompson/Developer/KSCRocketSeismoHydrology/08_fireball_paper/falcon9-seismoacoustic-workflow-1.0.0/data/outputs/070_prepare_event_waveform_products/event_streams/candidate_event_063.pkl,1472735952.758067,1472735953.8580668,2016-09-01 13:19:13.258066893+00:00,short_impulsive_candidate,False,True,True,analyze_all_final_events,201.8999999999999,359.5,0.8093823309098969,B_probable,0.221108319357014,1.4907119849998598,0.7982494464038421,9,core,717.3309333324432,11.955515555540721,/Users/glennthompson/Developer/KSCRocketSeismoHydrology/08_fireball_paper/falcon9-seismoacoustic-workflow-1.0.0/data/outputs/070_prepare_event_waveform_products/event_streams/candidate_event_063.pkl,-0.0140669345855712,0.0739331245422363,0.0880000591278075,-0.18,-0.05,250.0,1472735953.244,1472735953.332,23,3,5.6404306451407806e-05,4.037754810554116e-05,2.978900669205277e-05,6.884008376494405e-05,0.0019330978393559128,0.00013687148131947229,1.354817962106637,3.0343457332763525e-05,3.491952748556912e-05,2.1016446980226947e-05,5.0811316125380456e-05,3.221553732860383e-07,-3.84635791794896e-06,-4.913026306402581e-07,17.489744291468757,-12.219060015461354,29.708804306930112,6.845128474755581,4.340138306606572,42.18313048210459,431562.58217772463,254063.37899279533,612769.8889231425,0.502954180822111,False
64,1472735953.7368932,1472735953.7361336,1472735953.737,0.000866413116455,3,3,"DD1,DD2,DD3","450,448,449",1472735953.737,1472735953.827,2016-09-01 13:19:13.736893177+00:00,2016-09-01 13:19:13.736999989+00:00,2016-09-01 13:19:13.826999903+00:00,retain,at least two reduced-time-associated infrasound channels,,,,64,64,3,3,0.000866413116455,"DD1,DD2,DD3",3,True,,9.64939274769072,True,129.0,145.0,0.0170001983642578,0.0810000896453857,24.922865590499807,-10.03674727529561,34.95961286579542,0.0639998912811279,-0.0149997472763061,0.1130000352859497,-0.0029997825622558,0.1010000705718994,0.1039998531341552,2.582842904437102,5.165685808874204,noise_threshold,noise_threshold,robust_impulsive,robust_impulsive,candidate_event_064.pkl,/Users/glennthompson/Developer/KSCRocketSeismoHydrology/08_fireball_paper/falcon9-seismoacoustic-workflow-1.0.0/data/outputs/070_prepare_event_waveform_products/event_streams/candidate_event_064.pkl,1472735953.2368932,1472735954.336893,2016-09-01 13:19:13.736893177+00:00,short_impulsive_candidate,False,True,True,analyze_all_final_events,198.3999999999999,391.0,0.9277699926845364,B_probable,0.3166179299727599,4.718626081685795,0.9267220544163944,9,core,717.8097596168518,11.963495993614197,/Users/glennthompson/Developer/KSCRocketSeismoHydrology/08_fireball_paper/falcon9-seismoacoustic-workflow-1.0.0/data/outputs/070_prepare_event_waveform_products/event_streams/candidate_event_064.pkl,-0.0029997825622558,0.1010000705718994,0.1039998531341552,-0.18,-0.05,250.0,1472735953.736,1472735953.836,26,3,6.030132656832305e-05,4.1695061492977675e-05,1.4419448400975298e-05,6.043633111170767e-05,0.05110688400268604,0.00013614673642756348,2.1389349493102303,1.4589620178055072e-05,2.052674624429729e-05,1.2812487182261305e-05,2.8255338541827716e-05,1.8042443012465275e-05,1.66898727664674e-06,-2.2635387194663865e-06,25.079943804773794,-8.88225526383618,33.962199068609976,2.266752000489939,14.982759058454272,48.22246832856206,561950.0463361326,414981.2429615757,797905.2904358128,0.443905837903523,False
65,1472735954.5211334,1472735954.5188932,1472735954.523,0.0041067600250244,3,3,"DD1,DD2,DD3","456,451,452",1472735954.523,1472735954.609,2016-09-01 13:19:14.521133423+00:00,2016-09-01 13:19:14.523000001+00:00,2016-09-01 13:19:14.608999968+00:00,retain,at least two reduced-time-associated infrasound channels,,,,65,65,3,3,0.0041067600250244,"DD1,DD2,DD3",3,True,,30.11579108778829,True,129.0,146.0,0.0180001258850097,0.0860002040863037,70.66831259684791,-20.845844015163735,91.51415661201165,0.0680000782012939,-0.0159999132156372,0.1200002431869506,0.002000093460083,0.1140000820159912,0.1119999885559082,2.3465534207900434,4.693106841580087,noise_threshold,noise_threshold,robust_impulsive,robust_impulsive,candidate_event_065.pkl,/Users/glennthompson/Developer/KSCRocketSeismoHydrology/08_fireball_paper/falcon9-seismoacoustic-workflow-1.0.0/data/outputs/070_prepare_event_waveform_products/event_streams/candidate_event_065.pkl,1472735954.0211334,1472735955.121133,2016-09-01 13:19:14.521133423+00:00,short_impulsive_candidate,False,True,True,analyze_all_final_events,199.59999999999988,344.0,0.933233762085694,A_high_quality,0.2739739556874944,1.257078722109418,0.9258243888873868,9,core,718.5939998626709,11.976566664377849,/Users/glennthompson/Developer/KSCRocketSeismoHydrology/08_fireball_paper/falcon9-seismoacoustic-workflow-1.0.0/data/outputs/070_prepare_event_waveform_products/event_streams/candidate_event_065.pkl,0.002000093460083,0.1140000820159912,0.1119999885559082,-0.18,-0.05,250.0,1472735954.524,1472735954.632,28,3,0.00013486955390017377,0.00016279914370914106,8.616970877567473e-05,0.0002167209596265548,0.11086655807495172,0.0002167209596265548,6.899746889457398,1.5600218448244007e-05,2.5064696563695554e-05,1.0722940340974236e-05,3.1409986931215955e-05,1.6193593195696356e-06,4.089011434369301e-06,2.042440679346554e-08,69.87160912458378,-20.25579957063086,90.12740869521464,1.75184175703461,51.447231653945586,127.97069184360797,415868.4459985721,322403.56098913477,590485.9966665066,1.0,True
66,1472735955.212,1472735955.211893,1472735955.2121334,0.0002400875091552,3,3,"DD1,DD2,DD3","459,457,458",1472735955.212,1472735955.302,2016-09-01 13:19:15.211999893+00:00,2016-09-01 13:19:15.211999893+00:00,2016-09-01 13:19:15.302000046+00:00,retain,at least two reduced-time-associated infrasound channels,,,,66,66,3,3,0.0002403259277343,"DD1,DD2,DD3",3,True,,16.190044414320628,True,129.0,146.0,0.0178935527801513,0.0858936309814453,49.657819508161154,-13.02624268027823,62.684062188439384,0.0680000782012939,-0.0161064863204956,0.1198936700820922,0.0018935203552246,0.1178934574127197,0.1159999370574951,3.0671824139183443,6.134364827836689,noise_threshold,noise_threshold,robust_impulsive,robust_impulsive,candidate_event_066.pkl,/Users/glennthompson/Developer/KSCRocketSeismoHydrology/08_fireball_paper/falcon9-seismoacoustic-workflow-1.0.0/data/outputs/070_prepare_event_waveform_products/event_streams/candidate_event_066.pkl,1472735954.712,1472735955.8119998,2016-09-01 13:19:15.211999893+00:00,short_impulsive_candidate,False,True,True,analyze_all_final_events,200.2999999999999,349.0,0.9126046120382412,A_high_quality,0.2114033065604374,1.082977149423218,0.9053553476562108,9,core,719.2848663330078,11.98808110555013,/Users/glennthompson/Developer/KSCRocketSeismoHydrology/08_fireball_paper/falcon9-seismoacoustic-workflow-1.0.0/data/outputs/070_prepare_event_waveform_products/event_streams/candidate_event_066.pkl,0.0018935203552246,0.1178934574127197,0.1159999370574951,-0.18,-0.05,250.0,1472735955.2159998,1472735955.3279998,29,3,0.0001424338683390215,0.00010745271827755897,3.311864195351155e-05,0.00016427625065028228,0.07200000000000051,0.00019544994020875958,3.2017582911993654,3.8909222621928375e-05,2.869512460178353e-05,1.7181008837715265e-05,5.130813625182964e-05,1.3384725723740291e-05,-1.7570424113689016e-05,-8.393914850776498e-06,48.53797505001231,-12.798341320078773,61.33631637009108,1.9731547233473374,31.08540635173188,87.09060822510625,373372.99900194485,295465.5639989121,530147.2847131637,0.840502946559202,False
67,1472735956.8075666,1472735956.8061335,1472735956.809,0.002866506576538,2,2,"DD2,DD3","460,461",1472735956.809,1472735956.819,2016-09-01 13:19:16.807566643+00:00,2016-09-01 13:19:16.809000015+00:00,2016-09-01 13:19:16.819000006+00:00,retain,at least two reduced-time-associated infrasound channels,,,,67,67,2,2,0.002866506576538,"DD2,DD3",2,True,,11.913504572116322,True,131.0,138.0,0.0244333744049072,0.0524334907531738,21.535674521541964,-9.69356532258644,31.2292398441284,0.0280001163482666,0.0104333162307739,0.0664335489273071,0.0004334449768066,0.0724334716796875,0.0720000267028808,1.8076691364140176,3.615338272828036,noise_threshold,noise_threshold,moderate_impulsive,moderate_impulsive,candidate_event_067.pkl,/Users/glennthompson/Developer/KSCRocketSeismoHydrology/08_fireball_paper/falcon9-seismoacoustic-workflow-1.0.0/data/outputs/070_prepare_event_waveform_products/event_streams/candidate_event_067.pkl,1472735956.3075666,1472735957.4075663,2016-09-01 13:19:16.807566643+00:00,short_impulsive_candidate,False,True,True,analyze_all_final_events,200.39999999999984,347.5,0.833692954881218,B_probable,0.4966554808583497,3.423773097362356,0.7977476961728788,9,core,720.8804330825806,12.014673884709676,/Users/glennthompson/Developer/KSCRocketSeismoHydrology/08_fireball_paper/falcon9-seismoacoustic-workflow-1.0.0/data/outputs/070_prepare_event_waveform_products/event_streams/candidate_event_067.pkl,0.0004334449768066,0.0724334716796875,0.0720000267028809,-0.18,-0.05,250.0,1472735956.808,1472735956.88,19,3,2.74911526599981e-05,2.464127193477162e-05,3.418376383135796e-05,4.389001102651214e-05,0.07243344497680715,7.094047370170401e-05,1.885889455206348,8.480136164387308e-06,1.6796728315237448e-05,1.3696075159077691e-05,2.3272843965135716e-05,-3.1611016451393243e-06,-9.474459552305704e-06,4.389503664130801e-06,20.415850478342854,-10.202419150851012,30.61826962919387,1.3069716334146513,23.426881537741746,43.47446802506495,697613.6235349459,465159.38366956625,990532.1736830693,0.6186878764168429,False
68,1472735958.1421337,1472735958.1338933,1472735958.145,0.0111067295074462,3,3,"DD1,DD2,DD3","464,462,463",1472735958.145,1472735958.224,2016-09-01 13:19:18.142133474+00:00,2016-09-01 13:19:18.144999981+00:00,2016-09-01 13:19:18.223999977+00:00,retain,at least two reduced-time-associated infrasound channels,,,,68,68,3,3,0.0111067295074462,"DD1,DD2,DD3",3,True,,5.656093509885787,True,129.0,140.0,0.0178663730621337,0.061866283416748,11.9786876500278,-12.454107460803932,24.432795110831737,0.0439999103546142,-0.0041335821151733,0.0838662385940551,0.001866340637207,0.0818662643432617,0.0799999237060546,2.2018920725119724,4.403784145023945,noise_threshold,noise_threshold,moderate_impulsive,moderate_impulsive,candidate_event_068.pkl,/Users/glennthompson/Developer/KSCRocketSeismoHydrology/08_fireball_paper/falcon9-seismoacoustic-workflow-1.0.0/data/outputs/070_prepare_event_waveform_products/event_streams/candidate_event_068.pkl,1472735957.6421337,1472735958.7421336,2016-09-01 13:19:18.142133713+00:00,short_impulsive_candidate,False,True,False,analyze_all_final_events,200.4999999999999,353.0,0.7482194663952457,C_weak_or_broad,,,,0,additional_analyzed,722.2150001525879,12.036916669209798,/Users/glennthompson/Developer/KSCRocketSeismoHydrology/08_fireball_paper/falcon9-seismoacoustic-workflow-1.0.0/data/outputs/070_prepare_event_waveform_products/event_streams/candidate_event_068.pkl,0.001866340637207,0.0818662643432617,0.0799999237060547,-0.18,-0.05,250.0,1472735958.144,1472735958.22,20,3,3.639114801472396e-05,1.639181639196606e-05,2.0064296691117268e-05,4.3041459309214675e-05,0.05386634063720752,5.929664641700945e-05,1.8107975210267953,1.5440041092419182e-05,9.29890334101607e-06,1.549570851774968e-05,2.376933854250498e-05,-7.004425023064977e-07,5.207481935889267e-06,-4.2672958965936805e-06,11.97600689173152,-12.196007125392358,24.172014017123878,1.2196115508506724,19.819436770883343,34.3215166374685,561598.3845591623,278243.5141358601,797405.9706223916,0.7258666705452685,False
69,1472735958.8551335,1472735958.8538933,1472735958.856,0.0021066665649414,3,3,"DD1,DD2,DD3","468,465,466",1472735958.856,1472735958.944,2016-09-01 13:19:18.855133533+00:00,2016-09-01 13:19:18.855999947+00:00,2016-09-01 13:19:18.944000006+00:00,retain,at least two reduced-time-associated infrasound channels,,,,69,69,3,3,0.0021066665649414,"DD1,DD2,DD3",3,True,,28.67711647829436,True,129.0,147.0,0.0168664455413818,0.0888664722442627,32.44955888619827,-14.06435404637976,46.51391293257803,0.0720000267028808,-0.0191335678100585,0.1248664855957031,0.000866413116455,0.1488664150238037,0.1480000019073486,1.131548874893306,2.263097749786612,noise_threshold,noise_threshold,robust_impulsive,robust_impulsive,candidate_event_069.pkl,/Users/glennthompson/Developer/KSCRocketSeismoHydrology/08_fireball_paper/falcon9-seismoacoustic-workflow-1.0.0/data/outputs/070_prepare_event_waveform_products/event_streams/candidate_event_069.pkl,1472735958.3551335,1472735959.4551334,2016-09-01 13:19:18.855133533+00:00,short_impulsive_candidate,False,True,True,analyze_all_final_events,200.19999999999987,358.5,0.9497152351757068,A_high_quality,0.2572408200619904,1.867526257107957,0.9466240150985716,9,core,722.9279999732971,12.048799999554952,/Users/glennthompson/Developer/KSCRocketSeismoHydrology/08_fireball_paper/falcon9-seismoacoustic-workflow-1.0.0/data/outputs/070_prepare_event_waveform_products/event_streams/candidate_event_069.pkl,0.000866413116455,0.1488664150238037,0.14800000190734872,-0.18,-0.05,250.0,1472735958.856,1472735959.004,38,3,8.21939188726187e-05,7.363188849135106e-05,3.565932449274332e-05,0.00010049411394080272,0.11686641311645563,0.00010191811566914043,4.324241137145839,4.780263103385969e-06,1.3752525712821467e-05,1.8113566309572845e-05,2.3239710911943404e-05,-1.0447830852419356e-05,-7.0185605997002285e-06,1.1040701143337826e-05,32.63148654262605,-14.097856454273852,46.7293429968999,1.1564684851141636,40.40693161844951,66.35036377150438,464995.8207943043,324710.4259444292,660241.2934412145,0.9860279821797286,False
70,1472735962.6218932,1472735962.6191337,1472735962.624,0.004866600036621,3,3,"DD1,DD2,DD3","475,471,472",1472735962.624,1472735962.712,2016-09-01 13:19:22.621893167+00:00,2016-09-01 13:19:22.624000072+00:00,2016-09-01 13:19:22.711999893+00:00,retain,at least two reduced-time-associated infrasound channels,,,,70,70,3,3,0.0048663616180419,"DD1,DD2,DD3",3,True,,24.32548733897119,True,175.0,186.0,0.2012403011322021,0.2452402114868164,39.758673773515795,-11.363929554226289,51.12260332774208,0.0439999103546142,0.179240345954895,0.2672401666641235,0.1852402687072754,0.2932403087615967,0.1080000400543212,1.6344451076965485,3.268890215393097,noise_threshold,noise_threshold,robust_impulsive,robust_impulsive,candidate_event_070.pkl,/Users/glennthompson/Developer/KSCRocketSeismoHydrology/08_fireball_paper/falcon9-seismoacoustic-workflow-1.0.0/data/outputs/070_prepare_event_waveform_products/event_streams/candidate_event_070.pkl,1472735962.1218932,1472735963.221893,2016-09-01 13:19:22.621893167+00:00,short_impulsive_candidate,False,True,True,analyze_all_final_events,200.59999999999988,353.5,0.9457794047156636,A_high_quality,0.2845832994414438,1.1083298524033336,0.9394352948076514,9,core,726.6947596073151,12.111579326788585,/Users/glennthompson/Developer/KSCRocketSeismoHydrology/08_fireball_paper/falcon9-seismoacoustic-workflow-1.0.0/data/outputs/070_prepare_event_waveform_products/event_streams/candidate_event_070.pkl,0.1852402687072754,0.2932403087615967,0.10800004005432129,-0.18,-0.05,250.0,1472735962.8079998,1472735962.912,27,3,0.00011727187369756498,6.608031287867209e-05,5.096448447018834e-05,0.00012036720087842176,0.2781067180633552,0.00013322332547726213,8.246519333274646,5.7813559613004655e-06,1.2628694578986051e-05,4.487623983135911e-06,1.4596121832000194e-05,9.199102237821303e-07,6.6761429231736785e-06,4.292044950344164e-06,40.004437862838536,-11.097941308106423,51.10237917094496,1.2609391725301742,40.527235797111445,72.55957884549089,424554.0213447473,332353.31195618206,602818.5279375276,0.903499446866498,True
71,1472735962.8071334,1472735962.806893,1472735962.808,0.0011067390441894,3,3,"DD1,DD2,DD3","478,476,477",1472735962.808,1472735962.897,2016-09-01 13:19:22.807133436+00:00,2016-09-01 13:19:22.808000088+00:00,2016-09-01 13:19:22.897000074+00:00,retain,at least two reduced-time-associated infrasound channels,,,,71,71,3,3,0.0011069774627685,"DD1,DD2,DD3",3,True,,19.07505094179979,True,129.0,139.0,0.0168666839599609,0.0568666458129882,39.99810580991282,-11.117114662670538,51.11522047258336,0.0399999618530273,-0.0031332969665527,0.0768666267395019,0.0008666515350341,0.0808665752410888,0.0799999237060546,2.0968806810504317,4.193761362100863,noise_threshold,noise_threshold,robust_impulsive,robust_impulsive,candidate_event_071.pkl,/Users/glennthompson/Developer/KSCRocketSeismoHydrology/08_fireball_paper/falcon9-seismoacoustic-workflow-1.0.0/data/outputs/070_prepare_event_waveform_products/event_streams/candidate_event_071.pkl,1472735962.3071334,1472735963.407133,2016-09-01 13:19:22.807133436+00:00,short_impulsive_candidate,False,True,True,analyze_all_final_events,200.4999999999999,352.5,0.9599138875842644,A_high_quality,0.1165343164633435,0.926296222251837,0.9544035463708472,9,core,726.8799998760223,12.114666664600373,/Users/glennthompson/Developer/KSCRocketSeismoHydrology/08_fireball_paper/falcon9-seismoacoustic-workflow-1.0.0/data/outputs/070_prepare_event_waveform_products/event_streams/candidate_event_071.pkl,0.0008666515350341,0.0808665752410888,0.0799999237060547,-0.18,-0.05,250.0,1472735962.808,1472735962.884,20,3,9.529263793418545e-05,8.084330017520616e-05,4.312911346823605e-05,0.00011111190940880256,0.07686665153503469,0.00012951048612903804,2.483688350169505,3.3009280692384946e-05,2.429617276263395e-05,1.7929074098047045e-05,4.4736655225370556e-05,-3.959756259303905e-06,-1.2678870528917882e-05,3.514414549152993e-06,40.00443786283857,-11.097941308106412,51.102379170944985,4.292533334421894,11.904946377737868,72.55957884549093,459918.10817442875,360037.35401265026,653031.5177874406,0.8579375518527201,False
72,1472735963.7338932,1472735963.7311337,1472735963.736,0.004866600036621,3,3,"DD1,DD2,DD3","481,479,480",1472735963.736,1472735963.824,2016-09-01 13:19:23.733893156+00:00,2016-09-01 13:19:23.736000061+00:00,2016-09-01 13:19:23.823999882+00:00,retain,at least two reduced-time-associated infrasound channels,,,,72,72,3,3,0.0048663616180419,"DD1,DD2,DD3",3,True,,13.4180673114398,True,128.0,147.0,0.0132403373718261,0.0892403125762939,30.053113974508477,-11.209279908139234,41.262393882647714,0.0759999752044677,-0.0247596502304077,0.1272403001785278,-0.0027596950531005,0.1132402420043945,0.1159999370574951,2.2397498296111684,4.479499659222337,noise_threshold,noise_threshold,robust_impulsive,robust_impulsive,candidate_event_072.pkl,/Users/glennthompson/Developer/KSCRocketSeismoHydrology/08_fireball_paper/falcon9-seismoacoustic-workflow-1.0.0/data/outputs/070_prepare_event_waveform_products/event_streams/candidate_event_072.pkl,1472735963.2338932,1472735964.333893,2016-09-01 13:19:23.733893156+00:00,short_impulsive_candidate,False,True,True,analyze_all_final_events,200.4999999999999,353.0,0.9618634589356664,A_high_quality,0.2298684540619558,1.914854215512676,0.9545745428199534,9,core,727.806759595871,12.130112659931182,/Users/glennthompson/Developer/KSCRocketSeismoHydrology/08_fireball_paper/falcon9-seismoacoustic-workflow-1.0.0/data/outputs/070_prepare_event_waveform_products/event_streams/candidate_event_072.pkl,-0.0027596950531005,0.1132402420043945,0.115999937057495,-0.18,-0.05,250.0,1472735963.732,1472735963.844,29,3,4.3203308371461016e-05,7.216788990755706e-05,3.657211998536987e-05,8.188411900709087e-05,0.07810695648193411,8.188411900709087e-05,3.282998316662962,1.7045572324277546e-05,1.3258410619471656e-05,1.2480381330993874e-05,2.494187054299889e-05,-8.373316288554225e-06,-1.7257520372290551e-06,-1.1976244754726894e-06,29.93513373865155,-11.008327796696474,40.94346153534802,2.1340878021710306,19.185462516441824,58.13506873219173,500017.12214553426,365579.2368732608,709967.5668142372,1.0,False
73,1472735965.036,1472735965.0311334,1472735965.0378933,0.0067598819732666,3,3,"DD1,DD2,DD3","487,482,483",1472735965.036,1472735965.128,2016-09-01 13:19:25.036000013+00:00,2016-09-01 13:19:25.036000013+00:00,2016-09-01 13:19:25.128000020+00:00,retain,at least two reduced-time-associated infrasound channels,,,,73,73,3,3,0.0067598819732666,"DD1,DD2,DD3",3,True,,35.30124132705147,True,129.0,134.0,0.0178933143615722,0.0378932952880859,54.043572047384345,-13.941047117646516,67.98461916503086,0.0199999809265136,0.0078933238983154,0.0478932857513427,-0.0021066665649414,0.1218931674957275,0.1239998340606689,1.5309255430054964,3.061851086010993,noise_threshold,noise_threshold,robust_impulsive,robust_impulsive,candidate_event_073.pkl,/Users/glennthompson/Developer/KSCRocketSeismoHydrology/08_fireball_paper/falcon9-seismoacoustic-workflow-1.0.0/data/outputs/070_prepare_event_waveform_products/event_streams/candidate_event_073.pkl,1472735964.536,1472735965.636,2016-09-01 13:19:25.036000013+00:00,short_impulsive_candidate,False,True,True,analyze_all_final_events,199.9999999999999,354.0,0.9751965948637982,A_high_quality,0.0816496580927679,0.6573421981221795,0.9738926945163098,9,core,729.1088664531708,12.151814440886179,/Users/glennthompson/Developer/KSCRocketSeismoHydrology/08_fireball_paper/falcon9-seismoacoustic-workflow-1.0.0/data/outputs/070_prepare_event_waveform_products/event_streams/candidate_event_073.pkl,-0.0021066665649414,0.1218931674957275,0.1239998340606689,-0.18,-0.05,250.0,1472735965.036,1472735965.156,31,3,0.00010483916668597096,0.00014840684194787114,7.594839427353662e-05,0.00017654528708686273,0.07600000000000051,0.00017654528708686273,15.208136075052682,5.143899745657477e-06,8.033775440027471e-06,6.615022499922035e-06,1.1608607801482416e-05,1.1612258134529748e-05,4.108277426373328e-06,2.621340141426713e-06,55.18588146605542,-14.783041660716895,69.96892312677231,1.515435202745308,46.17084452045137,99.34793011041812,396322.8035214932,312587.67864419514,562733.4025718713,1.0,True
74,1472735966.8391335,1472735966.8378932,1472735966.844,0.0061068534851074,3,3,"DD1,DD2,DD3","492,488,489",1472735966.844,1472735966.928,2016-09-01 13:19:26.839133501+00:00,2016-09-01 13:19:26.844000101+00:00,2016-09-01 13:19:26.927999973+00:00,retain,at least two reduced-time-associated infrasound channels,,,,74,74,3,3,0.0061068534851074,"DD1,DD2,DD3",3,True,,32.95766290557022,True,130.0,139.0,0.0208663940429687,0.0568664073944091,48.84874712413691,-15.967586240710972,64.81633336484788,0.0360000133514404,0.0028663873672485,0.0748664140701294,0.000866413116455,0.1168663501739502,0.1159999370574951,1.4821665985266486,2.964333197053297,noise_threshold,noise_threshold,robust_impulsive,robust_impulsive,candidate_event_074.pkl,/Users/glennthompson/Developer/KSCRocketSeismoHydrology/08_fireball_paper/falcon9-seismoacoustic-workflow-1.0.0/data/outputs/070_prepare_event_waveform_products/event_streams/candidate_event_074.pkl,1472735966.3391335,1472735967.4391334,2016-09-01 13:19:26.839133501+00:00,short_impulsive_candidate,False,True,True,analyze_all_final_events,200.4999999999999,350.0,0.9819353774005672,A_high_quality,0.1617802197617801,0.6236095644623235,0.9799444455480132,9,core,730.9119999408722,12.181866665681204,/Users/glennthompson/Developer/KSCRocketSeismoHydrology/08_fireball_paper/falcon9-seismoacoustic-workflow-1.0.0/data/outputs/070_prepare_event_waveform_products/event_streams/candidate_event_074.pkl,0.000866413116455,0.1168663501739502,0.1159999370574952,-0.18,-0.05,250.0,1472735966.84,1472735966.952,29,3,0.00012726941331804757,0.00011899675908037889,6.272448164830507e-05,0.00017686856798068153,0.07686641311645559,0.00017686856798068153,9.288652444753515,8.457778842111319e-06,1.116468879847446e-05,1.2899188443032278e-05,1.9041359231885323e-05,-3.066947477827088e-06,3.3448341638624283e-06,-1.2413738335790281e-05,48.91221249856273,-15.979281965479302,64.89149446404204,0.8717408176309076,74.43897675962317,92.13855764356434,366891.0491271112,276545.53353937465,520943.65152336267,1.0,True
75,1472735969.365,1472735969.3641336,1472735969.3659034,0.0017697811126708,3,3,"DD1,DD2,DD3","498,493,494",1472735969.365,1472735969.45601,2016-09-01 13:19:29.365000010+00:00,2016-09-01 13:19:29.365000010+00:00,2016-09-01 13:19:29.456010103+00:00,retain,at least two reduced-time-associated infrasound channels,,,,75,75,3,3,0.0017697811126708,"DD1,DD2,DD3",3,True,,65.43015188783795,True,129.0,148.0,0.0168933868408203,0.092893362045288,56.04719493844181,-28.400819806508867,84.44801474495068,0.0759999752044677,-0.0211066007614135,0.1308933496475219,-0.0311067104339599,0.1848933696746826,0.2160000801086425,0.856595825033684,1.713191650067368,noise_threshold,noise_threshold,robust_impulsive,robust_impulsive,candidate_event_075.pkl,/Users/glennthompson/Developer/KSCRocketSeismoHydrology/08_fireball_paper/falcon9-seismoacoustic-workflow-1.0.0/data/outputs/070_prepare_event_waveform_products/event_streams/candidate_event_075.pkl,1472735968.865,1472735969.965,2016-09-01 13:19:29.365000010+00:00,short_impulsive_candidate,False,True,True,analyze_all_final_events,200.2999999999999,350.0,0.985362961839274,A_high_quality,0.1165343164633435,0.8534606386520677,0.9805200367440736,9,core,733.4378664493561,12.223964440822602,/Users/glennthompson/Developer/KSCRocketSeismoHydrology/08_fireball_paper/falcon9-seismoacoustic-workflow-1.0.0/data/outputs/070_prepare_event_waveform_products/event_streams/candidate_event_075.pkl,-0.0311067104339599,0.1848933696746826,0.2160000801086425,-0.18,-0.05,250.0,1472735969.336,1472735969.548,54,3,0.00012828984898245147,0.00013538322434975683,8.666079552052605e-05,0.00017463253248182966,0.07500007247924856,0.00017463253248182966,8.162401353765418,1.2093939796010218e-05,1.6376980456724767e-05,6.577722899637878e-06,2.1394749524448402e-05,-1.2426414160804142e-05,-7.128285574323572e-06,1.7840429333195036e-06,56.73405867772786,-29.045880919914275,85.77993959764214,1.079757882548708,79.4436799064281,121.79777911662086,491202.5175295872,324876.8019992551,697451.8286235917,1.0,True
76,1472735973.3711336,1472735973.3578932,1472735973.376,0.0181066989898681,3,3,"DD1,DD2,DD3","503,499,500",1472735973.376,1472735973.448,2016-09-01 13:19:33.371133566+00:00,2016-09-01 13:19:33.375999928+00:00,2016-09-01 13:19:33.447999954+00:00,retain,at least two reduced-time-associated infrasound channels,,,,76,76,3,3,0.0181066989898681,"DD1,DD2,DD3",3,True,,17.585886255311728,True,131.0,140.0,0.0248663425445556,0.060866355895996,24.150107638216443,-14.63150300208679,38.781610640303235,0.0360000133514404,0.0068663358688354,0.0788663625717163,0.000866413116455,0.0888664722442627,0.0880000591278076,1.3732664528591516,2.746532905718303,noise_threshold,noise_threshold,robust_impulsive,robust_impulsive,candidate_event_076.pkl,/Users/glennthompson/Developer/KSCRocketSeismoHydrology/08_fireball_paper/falcon9-seismoacoustic-workflow-1.0.0/data/outputs/070_prepare_event_waveform_products/event_streams/candidate_event_076.pkl,1472735972.8711336,1472735973.9711337,2016-09-01 13:19:33.371133566+00:00,short_impulsive_candidate,False,True,True,analyze_all_final_events,200.4999999999999,356.5,0.9543387780528824,A_high_quality,0.236225462505201,1.7159383568311668,0.9425441449104582,9,core,737.444000005722,12.290733333428701,/Users/glennthompson/Developer/KSCRocketSeismoHydrology/08_fireball_paper/falcon9-seismoacoustic-workflow-1.0.0/data/outputs/070_prepare_event_waveform_products/event_streams/candidate_event_076.pkl,0.000866413116455,0.0888664722442627,0.0880000591278077,-0.18,-0.05,250.0,1472735973.372,1472735973.46,23,3,4.229838113224647e-05,4.1818017256862875e-05,2.8537929304513507e-05,5.568589340864922e-05,0.0848664131164556,8.601014955455263e-05,3.18330568869046,1.2167938602861832e-05,6.797940856489344e-06,1.0570615550693061e-05,1.7493102722270174e-05,1.3753336756670864e-05,3.974369918884553e-06,-6.79423331284098e-06,24.171686001078655,-14.632157878981019,38.803843880059674,0.8479544763064211,45.76170651175067,55.09705448556016,696834.3597416828,434071.97984048637,989425.7075347991,0.6474339795599354,False
77,1472735973.7820668,1472735973.7781334,1472735973.786,0.007866621017456,2,2,"DD2,DD3","504,505",1472735973.786,1472735973.791,2016-09-01 13:19:33.782066822+00:00,2016-09-01 13:19:33.786000013+00:00,2016-09-01 13:19:33.790999889+00:00,retain,at least two reduced-time-associated infrasound channels,,,,77,77,2,2,0.007866621017456,"DD2,DD3",2,True,,4.794496736982177,True,131.0,141.0,0.025933027267456,0.0659329891204834,13.37854674690534,-2.728441408056629,16.106988154961968,0.0399999618530273,0.0059330463409423,0.085932970046997,0.0099329948425292,0.0779330730438232,0.0680000782012939,2.790396465120187,5.580792930240374,noise_threshold,noise_threshold,moderate_impulsive,moderate_impulsive,candidate_event_077.pkl,/Users/glennthompson/Developer/KSCRocketSeismoHydrology/08_fireball_paper/falcon9-seismoacoustic-workflow-1.0.0/data/outputs/070_prepare_event_waveform_products/event_streams/candidate_event_077.pkl,1472735973.2820668,1472735974.3820667,2016-09-01 13:19:33.782066822+00:00,short_impulsive_candidate,False,True,False,analyze_all_final_events,200.3999999999999,352.5,0.7986568150117861,B_probable,0.4565030796482882,3.9440531887330774,0.7536307910192441,9,additional_analyzed,737.8549332618713,12.297582221031188,/Users/glennthompson/Developer/KSCRocketSeismoHydrology/08_fireball_paper/falcon9-seismoacoustic-workflow-1.0.0/data/outputs/070_prepare_event_waveform_products/event_streams/candidate_event_077.pkl,0.0099329948425292,0.0779330730438232,0.068000078201294,-0.18,-0.05,250.0,1472735973.7919998,1472735973.856,17,3,6.630135130273557e-05,4.136593460503119e-05,1.7210769879812482e-05,7.87385271406327e-05,0.00993309783935592,9.391939639124746e-05,1.5972020933373308,4.212784241478858e-05,1.9197852740482447e-05,1.6939865910141643e-05,4.929778609049384e-05,1.8470466757650327e-05,1.0343828553232282e-05,-2.5427444084367094e-06,10.550772125776767,-5.2084848841298905,15.759257009906658,2.0448927421221232,7.706642351105522,22.376356445784097,200146.7081262453,133997.58045933885,284185.6110137583,0.8383627894351598,False
78,1472735982.4041336,1472735982.3988934,1472735982.408,0.0091066360473632,3,3,"DD1,DD2,DD3","511,506,507",1472735982.408,1472735982.489,2016-09-01 13:19:42.404133558+00:00,2016-09-01 13:19:42.407999992+00:00,2016-09-01 13:19:42.489000082+00:00,retain,at least two reduced-time-associated infrasound channels,,,,78,78,3,3,0.0091066360473632,"DD1,DD2,DD3",3,True,,18.33500922576791,True,131.0,142.0,0.0257596969604492,0.0697598457336425,26.29616207565343,-14.810957123723377,41.10711919937681,0.0440001487731933,0.0037596225738525,0.0917599201202392,-0.0022401809692382,0.1257598400115966,0.1280000209808349,1.4342050092179377,2.868410018435875,noise_threshold,noise_threshold,robust_impulsive,robust_impulsive,candidate_event_078.pkl,/Users/glennthompson/Developer/KSCRocketSeismoHydrology/08_fireball_paper/falcon9-seismoacoustic-workflow-1.0.0/data/outputs/070_prepare_event_waveform_products/event_streams/candidate_event_078.pkl,1472735981.9041336,1472735983.0041337,2016-09-01 13:19:42.404133558+00:00,short_impulsive_candidate,False,True,True,analyze_all_final_events,199.29999999999987,352.5,0.9703905894450916,A_high_quality,0.3235604395235602,1.914854215512676,0.9696152800687342,9,core,746.4769999980927,12.441283333301545,/Users/glennthompson/Developer/KSCRocketSeismoHydrology/08_fireball_paper/falcon9-seismoacoustic-workflow-1.0.0/data/outputs/070_prepare_event_waveform_products/event_streams/candidate_event_078.pkl,-0.0022401809692382,0.1257598400115966,0.1280000209808348,-0.18,-0.05,250.0,1472735982.404,1472735982.528,32,3,3.57816350851492e-05,4.20875167945771e-05,2.361100414791413e-05,5.470817627261354e-05,0.05586648559570362,5.556861530028751e-05,7.152098660524531,2.084893195644536e-06,7.109485737106987e-06,1.9024793464081844e-06,7.649247985709593e-06,5.992113003267802e-07,2.424831944888794e-06,1.5941864561790074e-06,26.6321080672811,-14.939316977160786,41.57142504444188,1.2822265297053972,32.421279767151034,59.02670564791666,759875.906615666,486803.0682392334,1078937.549549882,0.9845157374711564,True
79,1472735988.337067,1472735988.3321335,1472735988.342,0.0098664760589599,2,2,"DD2,DD3","512,513",1472735988.342,1472735988.345,2016-09-01 13:19:48.337066650+00:00,2016-09-01 13:19:48.342000008+00:00,2016-09-01 13:19:48.345000029+00:00,retain,at least two reduced-time-associated infrasound channels,,,,79,79,2,2,0.0098664760589599,"DD2,DD3",2,True,,7.900766795675902,True,130.0,141.0,0.0208265781402587,0.064826488494873,9.120476345391328,-4.94692024748432,14.067396592875648,0.0439999103546142,-0.0011733770370483,0.0868264436721801,0.004826545715332,0.0888266563415527,0.0840001106262207,1.15437862947467,2.30875725894934,noise_threshold,noise_threshold,moderate_impulsive,moderate_impulsive,candidate_event_079.pkl,/Users/glennthompson/Developer/KSCRocketSeismoHydrology/08_fireball_paper/falcon9-seismoacoustic-workflow-1.0.0/data/outputs/070_prepare_event_waveform_products/event_streams/candidate_event_079.pkl,1472735987.837067,1472735988.9370668,2016-09-01 13:19:48.337066889+00:00,short_impulsive_candidate,False,True,False,analyze_all_final_events,201.09999999999988,363.0,0.8151419170133642,B_probable,0.6913932971601405,1.6120686809496565,0.8049413210895219,9,additional_analyzed,752.4099333286285,12.540165555477142,/Users/glennthompson/Developer/KSCRocketSeismoHydrology/08_fireball_paper/falcon9-seismoacoustic-workflow-1.0.0/data/outputs/070_prepare_event_waveform_products/event_streams/candidate_event_079.pkl,0.004826545715332,0.0888266563415527,0.0840001106262207,-0.18,-0.05,250.0,1472735988.3439999,1472735988.424,21,3,1.1380430433982791e-05,1.696487533321721e-05,7.777162833769961e-06,2.0275147046159315e-05,0.08293307685852103,2.5083813987793547e-05,4.845908039104793,1.8180191796140157e-06,3.664304861049709e-06,8.793769848535592e-07,4.1839727214272186e-06,1.0126775222757525e-06,-9.85928749924245e-07,8.465604575019525e-07,8.587247660251606,-5.637360525091739,14.224608185343346,0.6757967455631994,21.048648545190552,20.197329281245477,701578.5460376174,423535.65380815684,996161.9136602721,0.8082960213317537,False
80,1472735995.4231336,1472735995.4218934,1472735995.424,0.0021066665649414,3,3,"DD1,DD2,DD3","521,516,517",1472735995.424,1472735995.512,2016-09-01 13:19:55.423133612+00:00,2016-09-01 13:19:55.424000025+00:00,2016-09-01 13:19:55.512000083+00:00,retain,at least two reduced-time-associated infrasound channels,,,,80,80,3,3,0.0021066665649414,"DD1,DD2,DD3",3,True,,20.657251360692054,True,129.0,140.0,0.0168664455413818,0.060866355895996,29.419863693959805,-14.676929768473052,44.096793462432856,0.0439999103546142,-0.0051335096359252,0.0828663110733032,0.000866413116455,0.1408665180206298,0.1400001049041748,1.4241906234409198,2.8483812468818397,noise_threshold,noise_threshold,robust_impulsive,robust_impulsive,candidate_event_080.pkl,/Users/glennthompson/Developer/KSCRocketSeismoHydrology/08_fireball_paper/falcon9-seismoacoustic-workflow-1.0.0/data/outputs/070_prepare_event_waveform_products/event_streams/candidate_event_080.pkl,1472735994.9231336,1472735996.0231335,2016-09-01 13:19:55.423133612+00:00,short_impulsive_candidate,False,True,True,analyze_all_final_events,200.89999999999984,357.5,0.8878393477612052,B_probable,0.3046957600178068,2.0742394113993856,0.8755312788357357,9,core,759.4960000514984,12.658266667524973,/Users/glennthompson/Developer/KSCRocketSeismoHydrology/08_fireball_paper/falcon9-seismoacoustic-workflow-1.0.0/data/outputs/070_prepare_event_waveform_products/event_streams/candidate_event_080.pkl,0.000866413116455,0.1408665180206298,0.1400001049041748,-0.18,-0.05,250.0,1472735995.424,1472735995.5640001,36,3,5.030616753312473e-05,5.949787462263422e-05,2.966628279573872e-05,7.633503087786051e-05,0.07686641311645559,7.633503087786051e-05,18.698612617144523,2.226387495680125e-06,2.4773242884447554e-06,2.3605024783398364e-06,4.082390091758459e-06,5.17670794721525e-07,1.0442254956049987e-06,9.018900271926751e-07,29.430528052027665,-14.881102820617594,44.31163087264526,0.8927698495802916,49.633879205796454,62.91748693970911,580488.8052452074,385544.1952871918,824228.2241344727,1.0,True
81,1472735996.212067,1472735996.2111337,1472735996.213,0.0018665790557861,2,2,"DD2,DD3","522,523",1472735996.213,1472735996.224,2016-09-01 13:19:56.212066650+00:00,2016-09-01 13:19:56.213000059+00:00,2016-09-01 13:19:56.223999977+00:00,retain,at least two reduced-time-associated infrasound channels,,,,81,81,2,2,0.001866340637207,"DD2,DD3",2,True,,27.99069152588266,True,128.0,143.0,0.0138266086578369,0.0738265514373779,35.177406256751766,-9.604811947505414,44.78221820425718,0.059999942779541,-0.0161733627319335,0.1038265228271484,-0.0021734237670898,0.1818265914916992,0.184000015258789,1.2567537398718298,2.5135074797436596,noise_threshold,noise_threshold,moderate_impulsive,moderate_impulsive,candidate_event_081.pkl,/Users/glennthompson/Developer/KSCRocketSeismoHydrology/08_fireball_paper/falcon9-seismoacoustic-workflow-1.0.0/data/outputs/070_prepare_event_waveform_products/event_streams/candidate_event_081.pkl,1472735995.712067,1472735996.8120668,2016-09-01 13:19:56.212066889+00:00,short_impulsive_candidate,False,True,True,analyze_all_final_events,200.59999999999988,361.0,0.9365257576509172,A_high_quality,0.3880944265904886,1.2933829696469796,0.920079339781291,9,core,760.2849333286285,12.671415555477143,/Users/glennthompson/Developer/KSCRocketSeismoHydrology/08_fireball_paper/falcon9-seismoacoustic-workflow-1.0.0/data/outputs/070_prepare_event_waveform_products/event_streams/candidate_event_081.pkl,-0.0021734237670898,0.1818265914916992,0.18400001525878898,-0.18,-0.05,250.0,1472735996.212,1472735996.392,46,3,0.00010041129036878533,8.929444187856765e-05,5.496677683963082e-05,0.00012551902037271205,0.107933004379273,0.00012551902037271205,4.798625386924047,1.8206323002105167e-05,1.758120474066131e-05,6.605656216609432e-06,2.615728677523849e-05,-8.063066172105493e-06,6.788636429641004e-06,1.1815559181892268e-06,34.63593830999445,-11.265897862001724,45.90183617199617,1.443145461377429,31.80679799816199,65.17539799337632,365696.25890719006,275941.7513548754,519247.18500707415,1.0,False
82,1472736000.0520668,1472736000.0471334,1472736000.057,0.0098664760589599,2,2,"DD2,DD3","524,525",1472736000.057,1472736000.06,2016-09-01 13:20:00.052066803+00:00,2016-09-01 13:20:00.056999922+00:00,2016-09-01 13:20:00.059999943+00:00,retain,at least two reduced-time-associated infrasound channels,,,,82,82,2,2,0.0098664760589599,"DD2,DD3",2,True,,7.871619870639472,True,131.0,137.0,0.0258264541625976,0.0498266220092773,8.470039791915177,-5.596222377554187,14.066262169469365,0.0240001678466796,0.0138263702392578,0.0618267059326171,0.001826524734497,0.1098265647888183,0.1080000400543212,1.0760224618452123,2.1520449236904247,noise_threshold,noise_threshold,moderate_impulsive,moderate_impulsive,candidate_event_082.pkl,/Users/glennthompson/Developer/KSCRocketSeismoHydrology/08_fireball_paper/falcon9-seismoacoustic-workflow-1.0.0/data/outputs/070_prepare_event_waveform_products/event_streams/candidate_event_082.pkl,1472735999.5520668,1472736000.6520667,2016-09-01 13:20:00.052066803+00:00,short_impulsive_candidate,False,True,False,analyze_all_final_events,201.6999999999999,337.5,0.7714713297666307,B_probable,0.1770819716723147,2.266230894930126,0.7634791256605429,9,additional_analyzed,764.1249332427979,12.73541555404663,/Users/glennthompson/Developer/KSCRocketSeismoHydrology/08_fireball_paper/falcon9-seismoacoustic-workflow-1.0.0/data/outputs/070_prepare_event_waveform_products/event_streams/candidate_event_082.pkl,0.001826524734497,0.1098265647888183,0.1080000400543213,-0.18,-0.05,250.0,1472736000.056,1472736000.16,27,3,2.1029051114251552e-05,2.3917174236114104e-05,1.2544701593190283e-05,2.867387470400184e-05,0.08393324279785208,3.080504053539908e-05,2.740493513357811,4.682742545218189e-06,6.7747229766590476e-06,6.453690050764204e-06,1.0463033232605229e-05,3.9651428778839024e-07,4.717460454584228e-06,-1.0147310281609177e-06,8.264463314951861,-5.952170102816143,14.216633417768005,1.5077351850367875,9.429131560275374,20.18600601633991,495804.406084814,288222.7602744752,703985.9881065418,0.9308176261301053,False
83,1472736003.938,1472736003.9361334,1472736003.9388933,0.0027599334716796,3,3,"DD1,DD2,DD3","531,526,527",1472736003.938,1472736004.029,2016-09-01 13:20:03.937999964+00:00,2016-09-01 13:20:03.937999964+00:00,2016-09-01 13:20:04.029000044+00:00,retain,at least two reduced-time-associated infrasound channels,,,,83,83,3,3,0.0027599334716796,"DD1,DD2,DD3",3,True,,37.80642458808327,True,128.0,134.0,0.0140001773834228,0.0380001068115234,41.59669427650013,-34.36481295130986,75.96150722780999,0.0239999294281005,0.0020002126693725,0.0500000715255737,-0.0019998550415039,0.0860002040863037,0.0880000591278076,1.1002546453337874,2.2005092906675747,noise_threshold,noise_threshold,robust_impulsive,robust_impulsive,candidate_event_083.pkl,/Users/glennthompson/Developer/KSCRocketSeismoHydrology/08_fireball_paper/falcon9-seismoacoustic-workflow-1.0.0/data/outputs/070_prepare_event_waveform_products/event_streams/candidate_event_083.pkl,1472736003.438,1472736004.538,2016-09-01 13:20:03.937999964+00:00,short_impulsive_candidate,False,True,True,analyze_all_final_events,200.2999999999999,348.5,0.9724951854097268,A_high_quality,0.0628539361054673,0.3685138655950444,0.9626991735710244,9,core,768.0108664035797,12.80018110672633,/Users/glennthompson/Developer/KSCRocketSeismoHydrology/08_fireball_paper/falcon9-seismoacoustic-workflow-1.0.0/data/outputs/070_prepare_event_waveform_products/event_streams/candidate_event_083.pkl,-0.0019998550415039,0.0860002040863037,0.0880000591278076,-0.18,-0.05,250.0,1472736003.94,1472736004.0240002,22,3,0.00012607963260804925,0.00016634761411349667,6.762925535320521e-05,0.0001955869755512109,0.07400009346008352,0.0001977148166193703,30.71268320860899,4.03945213484974e-06,3.982586162450197e-06,2.894275027607359e-06,6.36828030370158e-06,9.260880097281066e-07,-3.016027464698013e-07,1.0403784458852708e-06,41.73233304856632,-34.37640168017851,76.10873472874482,1.1081094560192484,68.68340876916294,108.0657657818164,389129.87183452374,213369.6936156133,552520.2558977213,0.9892378269644009,True
84,1472736005.179067,1472736005.178,1472736005.1801336,0.0021336078643798,2,2,"DD2,DD3","532,533",1472736005.178,1472736005.193,2016-09-01 13:20:05.179066658+00:00,2016-09-01 13:20:05.177999973+00:00,2016-09-01 13:20:05.193000078+00:00,retain,at least two reduced-time-associated infrasound channels,,,,84,84,2,2,0.0021336078643798,"DD2,DD3",2,True,,4.6011020903457585,True,133.0,157.0,0.032933235168457,0.1289331912994384,6.300389329931295,-5.554543670150142,11.854933000081438,0.0959999561309814,-0.0150667428970336,0.1769331693649292,-0.0030667781829833,0.1449332237243652,0.1480000019073486,1.3693217855676487,2.7386435711352974,noise_threshold,noise_threshold,moderate_impulsive,moderate_impulsive,candidate_event_084.pkl,/Users/glennthompson/Developer/KSCRocketSeismoHydrology/08_fireball_paper/falcon9-seismoacoustic-workflow-1.0.0/data/outputs/070_prepare_event_waveform_products/event_streams/candidate_event_084.pkl,1472736004.679067,1472736005.7790668,2016-09-01 13:20:05.179066896+00:00,short_impulsive_candidate,False,True,False,analyze_all_final_events,200.3999999999999,372.5,0.7149596523452322,C_weak_or_broad,,,,0,additional_analyzed,769.2519333362579,12.820865555604298,/Users/glennthompson/Developer/KSCRocketSeismoHydrology/08_fireball_paper/falcon9-seismoacoustic-workflow-1.0.0/data/outputs/070_prepare_event_waveform_products/event_streams/candidate_event_084.pkl,-0.0030667781829833,0.1449332237243652,0.1480000019073485,-0.18,-0.05,250.0,1472736005.18,1472736005.3240001,37,3,3.233316740121284e-05,3.12771010489323e-05,2.5752619682344006e-05,4.0701864705595615e-05,0.048933170318604,6.888208219692926e-05,0.8341018202247478,1.1028537709032612e-05,4.199601615739985e-05,2.226828193807873e-05,4.879723760179368e-05,-1.9758302994939326e-07,-4.815480733177116e-06,-5.247300843794358e-07,9.499753288492869,-5.265540920344144,14.765294208837012,1.7876414058576593,8.25965104659961,20.965042072485726,362767.02101088525,233398.47835489613,515087.99963170954,0.5908919040692137,False
85,1472736006.2955666,1472736006.2941334,1472736006.297,0.002866506576538,2,2,"DD2,DD3","534,535",1472736006.297,1472736006.307,2016-09-01 13:20:06.295566559+00:00,2016-09-01 13:20:06.296999931+00:00,2016-09-01 13:20:06.306999922+00:00,retain,at least two reduced-time-associated infrasound channels,,,,85,85,2,2,0.002866506576538,"DD2,DD3",2,True,,7.81723404074257,True,128.0,135.0,0.0124335289001464,0.0404334068298339,11.207741802093436,-5.571620420456499,16.779362222549935,0.0279998779296875,-0.0015664100646972,0.0544333457946777,-0.0035665035247802,0.0524334907531738,0.0559999942779541,1.433722176370812,2.867444352741624,noise_threshold,noise_threshold,moderate_impulsive,moderate_impulsive,candidate_event_085.pkl,/Users/glennthompson/Developer/KSCRocketSeismoHydrology/08_fireball_paper/falcon9-seismoacoustic-workflow-1.0.0/data/outputs/070_prepare_event_waveform_products/event_streams/candidate_event_085.pkl,1472736005.7955666,1472736006.8955665,2016-09-01 13:20:06.295566559+00:00,short_impulsive_candidate,False,True,False,analyze_all_final_events,199.19999999999987,440.0,0.558175342537029,C_weak_or_broad,,,,0,additional_analyzed,770.3684329986572,12.839473883310953,/Users/glennthompson/Developer/KSCRocketSeismoHydrology/08_fireball_paper/falcon9-seismoacoustic-workflow-1.0.0/data/outputs/070_prepare_event_waveform_products/event_streams/candidate_event_085.pkl,-0.0035665035247802,0.0524334907531738,0.055999994277954,-0.18,-0.05,250.0,1472736006.296,1472736006.348,14,3,1.5181273123983254e-05,2.0732259354702012e-05,7.930060679885431e-06,2.263982825281482e-05,0.04843344497680713,3.561886458088438e-05,1.8655797456500438,6.533629343253925e-06,5.3908717361873225e-06,8.690319836919588e-06,1.2135545695971407e-05,-6.106177033505411e-06,3.929705529454862e-06,2.4193405432475326e-07,10.16741383954252,-6.2159139844176305,16.38332782396015,1.082525185993002,15.134361801413146,23.26246617633124,723650.7115253052,449094.12412518635,1027501.8836964457,0.6356134177551792,False
86,1472736016.4215667,1472736016.4191334,1472736016.424,0.004866600036621,2,2,"DD2,DD3","536,537",1472736016.424,1472736016.432,2016-09-01 13:20:16.421566725+00:00,2016-09-01 13:20:16.424000025+00:00,2016-09-01 13:20:16.431999922+00:00,retain,at least two reduced-time-associated infrasound channels,,,,86,86,2,2,0.004866600036621,"DD2,DD3",2,True,,9.016481665119876,True,131.0,139.0,0.0255665779113769,0.0575666427612304,11.803187871227784,-6.14659782887983,17.949785700107615,0.0320000648498535,0.0095665454864501,0.0735666751861572,-0.0024333000183105,0.1015665531158447,0.1039998531341552,1.3090680278193476,2.6181360556386952,noise_threshold,noise_threshold,moderate_impulsive,moderate_impulsive,candidate_event_086.pkl,/Users/glennthompson/Developer/KSCRocketSeismoHydrology/08_fireball_paper/falcon9-seismoacoustic-workflow-1.0.0/data/outputs/070_prepare_event_waveform_products/event_streams/candidate_event_086.pkl,1472736015.9215667,1472736017.0215666,2016-09-01 13:20:16.421566725+00:00,short_impulsive_candidate,False,True,False,analyze_all_final_events,199.3999999999999,372.5,0.759853359450477,B_probable,0.3265986323710718,6.142344427149001,0.7570083860177159,9,additional_analyzed,780.4944331645966,13.008240552743276,/Users/glennthompson/Developer/KSCRocketSeismoHydrology/08_fireball_paper/falcon9-seismoacoustic-workflow-1.0.0/data/outputs/070_prepare_event_waveform_products/event_streams/candidate_event_086.pkl,-0.0024333000183105,0.1015665531158447,0.1039998531341552,-0.18,-0.05,250.0,1472736016.42,1472736016.52,26,3,1.6654638014963144e-05,2.66149006556541e-05,8.59025265763958e-06,3.0146809249348582e-05,0.08643335151672416,3.973760021959549e-05,4.555685922382133,2.677065324173585e-06,5.501596272710227e-06,2.5210674102389247e-06,6.617402903311879e-06,3.847659715075427e-06,-4.4771989738699997e-07,8.648687977172859e-07,10.98918534194732,-5.947139117667292,16.93632445961461,1.2123216208105005,13.97015789283028,24.047658639716094,561794.9256099325,364522.33637909044,797685.0366091635,0.7586469510678333,False
87,1472736017.9765668,1472736017.9761336,1472736017.977,0.000866413116455,2,2,"DD2,DD3","538,539",1472736017.977,1472736017.989,2016-09-01 13:20:17.976566792+00:00,2016-09-01 13:20:17.976999998+00:00,2016-09-01 13:20:17.989000082+00:00,retain,at least two reduced-time-associated infrasound channels,,,,87,87,2,2,0.000866413116455,"DD2,DD3",2,True,,4.568456223379319,True,130.0,138.0,0.0213265419006347,0.0533266067504882,6.397355434133217,-5.385347924307841,11.782703358441058,0.0320000648498535,0.005326509475708,0.069326639175415,0.001326560974121,0.069326639175415,0.0680000782012939,1.4003319986726388,2.8006639973452776,noise_threshold,noise_threshold,moderate_impulsive,moderate_impulsive,candidate_event_087.pkl,/Users/glennthompson/Developer/KSCRocketSeismoHydrology/08_fireball_paper/falcon9-seismoacoustic-workflow-1.0.0/data/outputs/070_prepare_event_waveform_products/event_streams/candidate_event_087.pkl,1472736017.4765668,1472736018.5765667,2016-09-01 13:20:17.976566792+00:00,short_impulsive_candidate,False,True,False,analyze_all_final_events,202.19999999999987,302.0,0.7464223979380291,C_weak_or_broad,,,,0,additional_analyzed,782.0494332313538,13.034157220522562,/Users/glennthompson/Developer/KSCRocketSeismoHydrology/08_fireball_paper/falcon9-seismoacoustic-workflow-1.0.0/data/outputs/070_prepare_event_waveform_products/event_streams/candidate_event_087.pkl,0.001326560974121,0.069326639175415,0.068000078201294,-0.18,-0.05,250.0,1472736017.98,1472736018.0440001,17,3,8.673542172846864e-06,1.1301909802689662e-05,8.808115004637294e-06,1.4444566103721708e-05,0.06343327903747609,2.4518776183201447e-05,1.92439404444273,4.362395168971293e-06,4.621784965944083e-06,3.993638759960693e-06,7.506033468267459e-06,-6.606962169476517e-07,9.040670549733145e-07,1.8519386454249256e-06,6.780235251213001,-5.786150683246192,12.566385934459193,0.5042694582239146,24.9199822228362,17.842841875602616,869973.2372868859,469396.9484805807,1235263.2642253842,0.5891226379242417,False
88,1472736018.6420667,1472736018.641,1472736018.6431334,0.0021333694458007,2,2,"DD2,DD3","540,541",1472736018.641,1472736018.656,2016-09-01 13:20:18.642066717+00:00,2016-09-01 13:20:18.641000032+00:00,2016-09-01 13:20:18.655999899+00:00,retain,at least two reduced-time-associated infrasound channels,,,,88,88,2,2,0.0021333694458007,"DD2,DD3",2,True,,8.458558082463208,True,130.0,140.0,0.0219333171844482,0.0619332790374755,9.427943871190385,-7.278120055293793,16.706063926484177,0.0399999618530273,0.0019333362579345,0.0819332599639892,0.0019333362579345,0.1099333763122558,0.1080000400543212,1.1146041416606178,2.2292082833212357,noise_threshold,noise_threshold,moderate_impulsive,moderate_impulsive,candidate_event_088.pkl,/Users/glennthompson/Developer/KSCRocketSeismoHydrology/08_fireball_paper/falcon9-seismoacoustic-workflow-1.0.0/data/outputs/070_prepare_event_waveform_products/event_streams/candidate_event_088.pkl,1472736018.1420667,1472736019.2420666,2016-09-01 13:20:18.642066717+00:00,short_impulsive_candidate,False,True,False,analyze_all_final_events,199.09999999999988,340.5,0.5955434536143573,C_weak_or_broad,,,,0,additional_analyzed,782.7149331569672,13.045248885949453,/Users/glennthompson/Developer/KSCRocketSeismoHydrology/08_fireball_paper/falcon9-seismoacoustic-workflow-1.0.0/data/outputs/070_prepare_event_waveform_products/event_streams/candidate_event_088.pkl,0.0019333362579345,0.1099333763122558,0.1080000400543213,-0.18,-0.05,250.0,1472736018.644,1472736018.752,28,3,2.0289775340096632e-05,1.557065119553843e-05,1.545999851117614e-05,2.986152005868925e-05,0.07793333625793508,3.298338987765482e-05,4.479063002614919,3.2682685014823074e-06,3.7572264183623083e-06,4.432763220085406e-06,6.666912262956743e-06,3.85286624431394e-07,8.836504726294762e-07,-2.434449155058928e-06,8.780879613862307,-5.976054426792784,14.756934040655091,1.4536234105395782,10.151827449708852,20.95317158245769,494178.93033081037,294053.33675595006,701677.9970100897,0.9053502435454479,False
89,1472736020.5260668,1472736020.525,1472736020.5271337,0.0021333694458007,2,2,"DD2,DD3","543,544",1472736020.525,1472736020.54,2016-09-01 13:20:20.526066779+00:00,2016-09-01 13:20:20.525000095+00:00,2016-09-01 13:20:20.539999962+00:00,retain,at least two reduced-time-associated infrasound channels,,,,89,89,2,2,0.0021336078643798,"DD2,DD3",2,True,,6.922892374463832,True,134.0,143.0,0.037933349609375,0.0739333629608154,5.782735534554652,-6.302832670194012,12.085568204748665,0.0360000133514404,0.0199333429336547,0.0919333696365356,0.0019333362579345,0.1459333896636963,0.1440000534057617,0.9104334329164198,1.8208668658328395,noise_threshold,noise_threshold,moderate_impulsive,moderate_impulsive,candidate_event_089.pkl,/Users/glennthompson/Developer/KSCRocketSeismoHydrology/08_fireball_paper/falcon9-seismoacoustic-workflow-1.0.0/data/outputs/070_prepare_event_waveform_products/event_streams/candidate_event_089.pkl,1472736020.0260668,1472736021.1260667,2016-09-01 13:20:20.526066779+00:00,short_impulsive_candidate,False,True,False,analyze_all_final_events,195.8999999999999,371.0,0.6953010160648253,C_weak_or_broad,,,,0,additional_analyzed,784.5989332199097,13.076648886998495,/Users/glennthompson/Developer/KSCRocketSeismoHydrology/08_fireball_paper/falcon9-seismoacoustic-workflow-1.0.0/data/outputs/070_prepare_event_waveform_products/event_streams/candidate_event_089.pkl,0.0019333362579345,0.1459333896636963,0.1440000534057618,-0.18,-0.05,250.0,1472736020.528,1472736020.6720002,37,3,1.2261634564902194e-05,1.7635428850470855e-05,6.4270654711220105e-06,1.999769994984743e-05,0.1059333362579351,1.999769994984743e-05,3.1421930959134547,3.396862001556468e-06,5.21053983815257e-06,1.3473200182350995e-06,6.3642492168464195e-06,-1.7330046259322473e-06,-1.1113375624225773e-06,4.777520993911785e-07,6.80249566823558,-7.87307650633318,14.67557217456876,1.4013734194946175,10.472278102621118,20.837646966322712,733863.0048142475,340163.9031136418,1042002.1811799257,1.0,False
90,1472736023.4185667,1472736023.4151337,1472736023.422,0.006866455078125,2,2,"DD2,DD3","545,546",1472736023.422,1472736023.428,2016-09-01 13:20:23.418566704+00:00,2016-09-01 13:20:23.421999931+00:00,2016-09-01 13:20:23.427999973+00:00,retain,at least two reduced-time-associated infrasound channels,,,,90,90,2,2,0.0068662166595458,"DD2,DD3",2,True,,6.736916707644923,True,130.0,135.0,0.0214333534240722,0.0414333343505859,10.36790906492372,-4.157479737163429,14.52538880208715,0.0199999809265136,0.0114333629608154,0.0514333248138427,0.0014333724975585,0.0574333667755126,0.0559999942779541,1.5389694595983971,3.0779389191967943,noise_threshold,noise_threshold,moderate_impulsive,moderate_impulsive,candidate_event_090.pkl,/Users/glennthompson/Developer/KSCRocketSeismoHydrology/08_fireball_paper/falcon9-seismoacoustic-workflow-1.0.0/data/outputs/070_prepare_event_waveform_products/event_streams/candidate_event_090.pkl,1472736022.9185667,1472736024.0185666,2016-09-01 13:20:23.418566704+00:00,short_impulsive_candidate,False,True,False,analyze_all_final_events,196.59999999999988,413.0,0.7303526028681369,C_weak_or_broad,,,,0,additional_analyzed,787.4914331436157,13.124857219060262,/Users/glennthompson/Developer/KSCRocketSeismoHydrology/08_fireball_paper/falcon9-seismoacoustic-workflow-1.0.0/data/outputs/070_prepare_event_waveform_products/event_streams/candidate_event_090.pkl,0.0014333724975585,0.0574333667755126,0.0559999942779541,-0.18,-0.05,250.0,1472736023.42,1472736023.4720001,14,3,1.4132629359892285e-05,1.244239769871643e-05,9.35011476465394e-06,2.1023061604564472e-05,0.053433372497559084,3.353468787389153e-05,4.472188171535936,3.050225923631856e-06,1.972544516816409e-06,2.983811299757016e-06,4.7008445973650245e-06,-1.4694755673378377e-06,-3.0163035330480474e-07,2.2008007019768527e-06,9.576104466409017,-5.650018169978788,15.226122636387805,0.6906889724550115,22.044832397232994,21.61936614047602,724258.0991667716,455504.75218746817,1028364.3052152822,0.6269049434311867,False
91,1472736026.3125668,1472736026.3121336,1472736026.313,0.000866413116455,2,2,"DD2,DD3","548,549",1472736026.313,1472736026.325,2016-09-01 13:20:26.312566757+00:00,2016-09-01 13:20:26.312999964+00:00,2016-09-01 13:20:26.325000048+00:00,retain,at least two reduced-time-associated infrasound channels,,,,91,91,2,2,0.000866413116455,"DD2,DD3",2,True,,26.52219228748976,True,130.0,138.0,0.0213265419006347,0.0533266067504882,25.08556000049227,-8.743943417254105,33.82950341774637,0.0320000648498535,0.005326509475708,0.069326639175415,-0.0386734008789062,0.1653265953063964,0.2039999961853027,0.9458328228894132,1.8916656457788263,noise_threshold,noise_threshold,moderate_impulsive,moderate_impulsive,candidate_event_091.pkl,/Users/glennthompson/Developer/KSCRocketSeismoHydrology/08_fireball_paper/falcon9-seismoacoustic-workflow-1.0.0/data/outputs/070_prepare_event_waveform_products/event_streams/candidate_event_091.pkl,1472736025.8125668,1472736026.912567,2016-09-01 13:20:26.312566757+00:00,short_impulsive_candidate,False,True,True,analyze_all_final_events,200.59999999999988,350.0,0.9241539979359872,A_high_quality,0.1949992086087027,1.7391639824998364,0.900452761054374,9,core,790.3854331970215,13.173090553283691,/Users/glennthompson/Developer/KSCRocketSeismoHydrology/08_fireball_paper/falcon9-seismoacoustic-workflow-1.0.0/data/outputs/070_prepare_event_waveform_products/event_streams/candidate_event_091.pkl,-0.0386734008789062,0.1653265953063964,0.2039999961853026,-0.18,-0.05,250.0,1472736026.276,1472736026.476,51,3,5.544496012667382e-05,6.361758658449191e-05,2.4721198812171593e-05,7.911608278271443e-05,0.0794332790374761,7.911608278271443e-05,9.508865643842261,5.272243549379112e-06,4.147155579670771e-06,4.922500338582786e-06,8.320244048662979e-06,-5.503800178536067e-07,-1.0690789387580302e-06,1.8757825807274347e-06,26.856051629046785,-7.796850762990624,34.65290239203741,1.1971150805404154,28.94701015410649,49.20318866033813,438000.73478370573,339451.2301980956,621911.3349616978,1.0,True
92,1472736028.6020668,1472736028.601,1472736028.6031334,0.0021333694458007,2,2,"DD2,DD3","552,553",1472736028.601,1472736028.616,2016-09-01 13:20:28.602066755+00:00,2016-09-01 13:20:28.601000071+00:00,2016-09-01 13:20:28.615999937+00:00,retain,at least two reduced-time-associated infrasound channels,,,,92,92,2,2,0.0021333694458007,"DD2,DD3",2,True,,7.522509206651995,True,130.0,142.0,0.0219333171844482,0.0699334144592285,11.154988810695498,-5.453968305296579,16.608957115992077,0.0480000972747802,-0.0020667314529418,0.0939334630966186,0.0019333362579345,0.0859334468841552,0.0840001106262207,1.4828813769787583,2.965762753957517,noise_threshold,noise_threshold,moderate_impulsive,moderate_impulsive,candidate_event_092.pkl,/Users/glennthompson/Developer/KSCRocketSeismoHydrology/08_fireball_paper/falcon9-seismoacoustic-workflow-1.0.0/data/outputs/070_prepare_event_waveform_products/event_streams/candidate_event_092.pkl,1472736028.1020668,1472736029.202067,2016-09-01 13:20:28.602066755+00:00,short_impulsive_candidate,False,True,False,analyze_all_final_events,198.89999999999992,353.0,0.4388129700555729,C_weak_or_broad,,,,0,additional_analyzed,792.6749331951141,13.211248886585235,/Users/glennthompson/Developer/KSCRocketSeismoHydrology/08_fireball_paper/falcon9-seismoacoustic-workflow-1.0.0/data/outputs/070_prepare_event_waveform_products/event_streams/candidate_event_092.pkl,0.0019333362579345,0.0859334468841552,0.0840001106262207,-0.18,-0.05,250.0,1472736028.604,1472736028.6880002,22,3,1.6106326975541523e-05,2.131205917131828e-05,1.1232225722464893e-05,2.4755498143180747e-05,0.07393333625793508,2.4755498143180747e-05,4.117183416955889,4.249713998431626e-06,2.9175923688203506e-06,3.0952328766209724e-06,6.012726574490129e-06,-1.093336137620423e-06,-2.541892882092068e-07,-7.276271353898733e-07,10.832701384623718,-5.407378266133144,16.24007965075686,1.3976930388190407,11.619203358470374,23.059070027528715,656019.1015679651,437587.69554826105,931472.6730264026,1.0,False
93,1472736033.8025668,1472736033.7961335,1472736033.809,0.0128664970397949,2,2,"DD2,DD3","555,556",1472736033.809,1472736033.809,2016-09-01 13:20:33.802566767+00:00,2016-09-01 13:20:33.809000015+00:00,2016-09-01 13:20:33.809000015+00:00,retain,at least two reduced-time-associated infrasound channels,,,,93,93,2,2,0.0128664970397949,"DD2,DD3",2,True,,11.137779563105118,True,131.0,142.0,0.02543306350708,0.0694332122802734,10.166775191968949,-6.693767048862235,16.860542240831183,0.0440001487731933,0.0034329891204833,0.0914332866668701,-0.0185668468475341,0.0894331932067871,0.1080000400543212,0.9128188553531166,1.8256377107062332,noise_threshold,noise_threshold,moderate_impulsive,moderate_impulsive,candidate_event_093.pkl,/Users/glennthompson/Developer/KSCRocketSeismoHydrology/08_fireball_paper/falcon9-seismoacoustic-workflow-1.0.0/data/outputs/070_prepare_event_waveform_products/event_streams/candidate_event_093.pkl,1472736033.3025668,1472736034.402567,2016-09-01 13:20:33.802566767+00:00,short_impulsive_candidate,False,True,False,analyze_all_final_events,198.69999999999987,375.0,0.6685943258611455,C_weak_or_broad,,,,0,additional_analyzed,797.8754332065582,13.29792388677597,/Users/glennthompson/Developer/KSCRocketSeismoHydrology/08_fireball_paper/falcon9-seismoacoustic-workflow-1.0.0/data/outputs/070_prepare_event_waveform_products/event_streams/candidate_event_093.pkl,-0.0185668468475341,0.0894331932067871,0.10800004005432119,-0.18,-0.05,250.0,1472736033.7879999,1472736033.892,27,3,2.1684187609970414e-05,2.806199894284003e-05,1.2250960215795576e-05,3.202058332798694e-05,0.07743313407898,3.534368599335557e-05,6.871465771518329,2.228535230569819e-06,2.985425396598383e-06,2.7992605137187886e-06,4.659934924031737e-06,-5.370519216441955e-07,4.7575665327929466e-07,8.984844521265697e-07,9.641231929138224,-8.28541910138991,17.926651030528134,0.7336710557927998,24.434180534976566,25.45380997886627,559847.7344058785,301094.8248625908,794920.2460849264,0.9059774731477257,True
94,1472736039.8355668,1472736039.8311336,1472736039.84,0.0088663101196289,2,2,"DD2,DD3","558,559",1472736039.84,1472736039.844,2016-09-01 13:20:39.835566759+00:00,2016-09-01 13:20:39.839999914+00:00,2016-09-01 13:20:39.844000101+00:00,retain,at least two reduced-time-associated infrasound channels,,,,94,94,2,2,0.0088663101196289,"DD2,DD3",2,True,,8.886772845017727,True,129.0,135.0,0.0164332389831542,0.0404331684112548,11.498555181807848,-10.690715898567518,22.189271080375367,0.0239999294281005,0.004433274269104,0.0524331331253051,0.0044331550598144,0.0844333171844482,0.0800001621246337,1.2938954761575108,2.5877909523150215,noise_threshold,noise_threshold,moderate_impulsive,moderate_impulsive,candidate_event_094.pkl,/Users/glennthompson/Developer/KSCRocketSeismoHydrology/08_fireball_paper/falcon9-seismoacoustic-workflow-1.0.0/data/outputs/070_prepare_event_waveform_products/event_streams/candidate_event_094.pkl,1472736039.3355668,1472736040.435567,2016-09-01 13:20:39.835566759+00:00,short_impulsive_candidate,False,True,False,analyze_all_final_events,200.4999999999999,331.0,0.8027615360951499,B_probable,0.1594744454934056,2.9668955384041533,0.7789320591456882,9,additional_analyzed,803.9084331989288,13.398473886648814,/Users/glennthompson/Developer/KSCRocketSeismoHydrology/08_fireball_paper/falcon9-seismoacoustic-workflow-1.0.0/data/outputs/070_prepare_event_waveform_products/event_streams/candidate_event_094.pkl,0.0044331550598144,0.0844333171844482,0.0800001621246338,-0.18,-0.05,250.0,1472736039.84,1472736039.92,21,3,3.382117184018305e-05,3.537373265706895e-05,1.6117212252189893e-05,4.611626220648472e-05,0.08043320655822805,5.2883464683927935e-05,8.203737767717996,2.5604420427139835e-06,4.610337620272542e-06,1.9464704765374436e-06,5.621372051646248e-06,-9.84067100704056e-07,2.1271063776768163e-06,-9.450117012257246e-09,11.173158347340808,-9.93433060419676,21.10748895153757,0.9366682560636785,22.534647475127624,29.970238835380968,457701.64236271306,242282.3926473745,649884.3878801316,0.8720355688136321,True
95,1472736040.7351334,1472736040.7338932,1472736040.736,0.0021069049835205,3,3,"DD1,DD2,DD3","564,561,562",1472736040.736,1472736040.824,2016-09-01 13:20:40.735133410+00:00,2016-09-01 13:20:40.736000061+00:00,2016-09-01 13:20:40.823999882+00:00,retain,at least two reduced-time-associated infrasound channels,,,,95,95,3,3,0.0021069049835205,"DD1,DD2,DD3",3,True,,20.819792469483502,True,129.0,142.0,0.0168666839599609,0.0688667297363281,35.08523411699891,-14.46740711455088,49.55264123154979,0.0520000457763671,-0.0091333389282226,0.0948667526245117,0.0008666515350341,0.0968666076660156,0.0959999561309814,1.685186543930488,3.370373087860976,noise_threshold,noise_threshold,robust_impulsive,robust_impulsive,candidate_event_095.pkl,/Users/glennthompson/Developer/KSCRocketSeismoHydrology/08_fireball_paper/falcon9-seismoacoustic-workflow-1.0.0/data/outputs/070_prepare_event_waveform_products/event_streams/candidate_event_095.pkl,1472736040.2351334,1472736041.3351333,2016-09-01 13:20:40.735133410+00:00,short_impulsive_candidate,False,True,True,analyze_all_final_events,200.4999999999999,345.5,0.966926349279742,A_high_quality,0.1247219128924576,2.3465235646603193,0.9623372710561784,9,core,804.8079998493195,13.413466664155324,/Users/glennthompson/Developer/KSCRocketSeismoHydrology/08_fireball_paper/falcon9-seismoacoustic-workflow-1.0.0/data/outputs/070_prepare_event_waveform_products/event_streams/candidate_event_095.pkl,0.0008666515350341,0.0968666076660156,0.0959999561309815,-0.18,-0.05,250.0,1472736040.736,1472736040.828,24,3,7.082049407694932e-05,9.035781929614718e-05,3.841245587724178e-05,0.0001097996960419817,0.07686665153503469,0.0001097996960419817,8.109375569076086,7.004493176352666e-06,1.013560468560273e-05,5.615516150499589e-06,1.3539845960604751e-05,2.1120301776205308e-06,1.5271963854481167e-06,-9.357772757597342e-07,35.085234116998976,-14.46740711455107,49.55264123155005,1.4296087243566802,34.661680771323354,70.35912685034566,451300.3497988163,319538.5359134711,640795.2789181127,1.0,True
96,1472736054.0225668,1472736054.0131335,1472736054.032,0.0188665390014648,2,2,"DD2,DD3","567,566",1472736054.026,1472736054.032,2016-09-01 13:20:54.022566795+00:00,2016-09-01 13:20:54.026000023+00:00,2016-09-01 13:20:54.032000065+00:00,retain,at least two reduced-time-associated infrasound channels,,,,96,96,2,2,0.0188665390014648,"DD2,DD3",2,True,,15.290978228345809,True,132.0,137.0,0.029433250427246,0.0494332313537597,8.11262099137422,-16.102146013727086,24.214767005101308,0.0199999809265136,0.0194332599639892,0.0594332218170166,-0.0025668144226074,0.1414332389831543,0.1440000534057617,1.0530487829665187,2.1060975659330374,noise_threshold,noise_threshold,moderate_impulsive,moderate_impulsive,candidate_event_096.pkl,/Users/glennthompson/Developer/KSCRocketSeismoHydrology/08_fireball_paper/falcon9-seismoacoustic-workflow-1.0.0/data/outputs/070_prepare_event_waveform_products/event_streams/candidate_event_096.pkl,1472736053.5225668,1472736054.6225667,2016-09-01 13:20:54.022566795+00:00,short_impulsive_candidate,False,True,False,analyze_all_final_events,196.7999999999999,353.5,0.6387900184807831,C_weak_or_broad,,,,0,additional_analyzed,818.0954332351685,13.634923887252807,/Users/glennthompson/Developer/KSCRocketSeismoHydrology/08_fireball_paper/falcon9-seismoacoustic-workflow-1.0.0/data/outputs/070_prepare_event_waveform_products/event_streams/candidate_event_096.pkl,-0.0025668144226074,0.1414332389831543,0.1440000534057617,-0.18,-0.05,250.0,1472736054.024,1472736054.164,36,3,3.2069014853126854e-05,3.475502201846048e-05,2.2953260133881536e-05,4.2337622255845536e-05,0.08543313407898001,4.250625347542132e-05,8.092779751272788,2.9185114059590927e-06,3.73550863156115e-06,2.2129562640995026e-06,5.2315302723006776e-06,6.256269383311589e-08,1.586433094378063e-06,2.9591138357481335e-06,9.813217765975027,-20.196060636209154,30.00927840218418,1.3866026789890955,21.642305223340895,42.60976959674704,708808.7805413024,231784.81083972828,1006428.0261006848,0.9960327903358198,True
97,1472736067.2175667,1472736067.214,1472736067.2211337,0.0071334838867187,2,2,"DD2,DD3","572,573",1472736067.214,1472736067.234,2016-09-01 13:21:07.217566729+00:00,2016-09-01 13:21:07.213999987+00:00,2016-09-01 13:21:07.233999968+00:00,retain,at least two reduced-time-associated infrasound channels,,,,97,97,2,2,0.0071337223052978,"DD2,DD3",2,True,,5.131885793028951,True,128.0,141.0,0.0135667324066162,0.0655665397644043,4.367602707262294,-6.169295155712353,10.536897862974648,0.051999807357788,-0.0124331712722778,0.0915664434432983,-0.0264334678649902,0.0935666561126709,0.1200001239776611,1.2021497368652665,2.404299473730533,noise_threshold,noise_threshold,moderate_impulsive,moderate_impulsive,candidate_event_097.pkl,/Users/glennthompson/Developer/KSCRocketSeismoHydrology/08_fireball_paper/falcon9-seismoacoustic-workflow-1.0.0/data/outputs/070_prepare_event_waveform_products/event_streams/candidate_event_097.pkl,1472736066.7175667,1472736067.8175666,2016-09-01 13:21:07.217566729+00:00,short_impulsive_candidate,False,True,False,analyze_all_final_events,198.4999999999999,371.5,0.6976266417363229,C_weak_or_broad,,,,0,additional_analyzed,831.2904331684113,13.854840552806854,/Users/glennthompson/Developer/KSCRocketSeismoHydrology/08_fireball_paper/falcon9-seismoacoustic-workflow-1.0.0/data/outputs/070_prepare_event_waveform_products/event_streams/candidate_event_097.pkl,-0.0264334678649902,0.0935666561126709,0.1200001239776611,-0.18,-0.05,250.0,1472736067.1920002,1472736067.308,30,3,1.7863291370586975e-05,1.994453562712961e-05,7.4726696304113385e-06,2.4208595044509633e-05,0.07043335151672414,2.9341225943221993e-05,6.263589024151549,2.1494926427679376e-06,1.4507047282285824e-06,2.8658583893164834e-06,3.864971815865405e-06,2.6580697594303916e-07,4.99359821244498e-07,2.0226299666965452e-06,4.3152029723061025,-6.332785405456187,10.647988377762289,1.5007493609787745,7.095114383935351,15.118935062839398,439843.30185973307,178250.8635619796,624527.5710978644,0.8250710141203889,True
98,1472736068.9565668,1472736068.953,1472736068.9601336,0.0071334838867187,2,2,"DD2,DD3","576,577",1472736068.953,1472736068.973,2016-09-01 13:21:08.956566811+00:00,2016-09-01 13:21:08.953000069+00:00,2016-09-01 13:21:08.973000050+00:00,retain,at least two reduced-time-associated infrasound channels,,,,98,98,2,2,0.0071334838867187,"DD2,DD3",2,True,,13.385890582984317,True,133.0,139.0,0.0333266258239746,0.0573265552520751,12.105128274465546,-15.38604505243827,27.491173326903816,0.0239999294281005,0.0213266611099243,0.0693265199661254,0.001326560974121,0.1613266468048095,0.1600000858306884,1.1494225921730217,2.298845184346043,noise_threshold,noise_threshold,moderate_impulsive,moderate_impulsive,candidate_event_098.pkl,/Users/glennthompson/Developer/KSCRocketSeismoHydrology/08_fireball_paper/falcon9-seismoacoustic-workflow-1.0.0/data/outputs/070_prepare_event_waveform_products/event_streams/candidate_event_098.pkl,1472736068.4565668,1472736069.5565667,2016-09-01 13:21:08.956566811+00:00,short_impulsive_candidate,False,True,True,analyze_all_final_events,199.8999999999999,346.5,0.9133306309827738,A_high_quality,0.3119037521692756,1.2347839317162703,0.8940464731589804,9,core,833.0294332504272,13.883823887507122,/Users/glennthompson/Developer/KSCRocketSeismoHydrology/08_fireball_paper/falcon9-seismoacoustic-workflow-1.0.0/data/outputs/070_prepare_event_waveform_products/event_streams/candidate_event_098.pkl,0.001326560974121,0.1613266468048095,0.16000008583068848,-0.18,-0.05,250.0,1472736068.96,1472736069.1160002,40,3,4.5201058282464605e-05,4.5815704316894595e-05,1.5862836357002417e-05,5.437224923297457e-05,0.09143327903747611,5.437224923297457e-05,6.836134666599784,6.3879907469771725e-06,3.742738864900655e-06,2.906215848018798e-06,7.953653911855823e-06,-2.3264209881263737e-06,-1.5256923396955423e-06,-1.6279388321189626e-06,13.674123610436457,-15.90280166317356,29.576925273610016,2.665832947651728,11.094815712163681,41.995877221659576,543970.9721567451,251490.85798980805,772377.045535037,1.0,True
99,1472736071.7475667,1472736071.7441337,1472736071.751,0.006866455078125,2,2,"DD2,DD3","578,579",1472736071.751,1472736071.757,2016-09-01 13:21:11.747566700+00:00,2016-09-01 13:21:11.750999928+00:00,2016-09-01 13:21:11.756999969+00:00,retain,at least two reduced-time-associated infrasound channels,,,,99,99,2,2,0.0068662166595458,"DD2,DD3",2,True,,8.82270988337584,True,129.0,135.0,0.0164332389831542,0.0404331684112548,11.065928119441942,-7.323541717360907,18.38946983680285,0.0239999294281005,0.004433274269104,0.0524331331253051,0.0004332065582275,0.0564332008361816,0.0559999942779541,1.254255015263834,2.5085100305276677,noise_threshold,noise_threshold,moderate_impulsive,moderate_impulsive,candidate_event_099.pkl,/Users/glennthompson/Developer/KSCRocketSeismoHydrology/08_fireball_paper/falcon9-seismoacoustic-workflow-1.0.0/data/outputs/070_prepare_event_waveform_products/event_streams/candidate_event_099.pkl,1472736071.2475667,1472736072.3475666,2016-09-01 13:21:11.747566700+00:00,short_impulsive_candidate,False,True,False,analyze_all_final_events,200.69999999999987,376.0,0.7792647403805968,B_probable,0.2165954298846313,2.1358203096378987,0.7610693523650764,9,additional_analyzed,835.820433139801,13.930340552330017,/Users/glennthompson/Developer/KSCRocketSeismoHydrology/08_fireball_paper/falcon9-seismoacoustic-workflow-1.0.0/data/outputs/070_prepare_event_waveform_products/event_streams/candidate_event_099.pkl,0.0004332065582275,0.0564332008361816,0.0559999942779541,-0.18,-0.05,250.0,1472736071.748,1472736071.8,14,3,1.5697751942827047e-05,1.879944481132185e-05,7.987185465482786e-06,2.4498863828958676e-05,0.05243320655822803,4.781613417735252e-05,3.3998960218270344,2.771822908576038e-06,5.0910585892164464e-06,4.280329497555153e-06,7.205768550472755e-06,-2.6931984478232915e-07,-8.412447055871731e-07,-9.72052505354768e-07,10.882810520055239,-6.812809910137008,17.695620430192246,2.892251382330126,6.118285754240307,25.125772745908552,722303.7179901905,444216.94801990385,1025589.3057460422,0.5123555939945107,False
100,1472736074.8670669,1472736074.865,1472736074.8691337,0.0041334629058837,2,2,"DD2,DD3","581,582",1472736074.865,1472736074.882,2016-09-01 13:21:14.867066860+00:00,2016-09-01 13:21:14.865000010+00:00,2016-09-01 13:21:14.881999969+00:00,retain,at least two reduced-time-associated infrasound channels,,,,100,100,2,2,0.0041337013244628,"DD2,DD3",2,True,,7.938024908704621,True,131.0,136.0,0.0249330997467041,0.0449330806732177,7.538186980463996,-6.326357970476501,13.864544950940497,0.0199999809265136,0.0149331092834472,0.0549330711364746,0.0009331703186035,0.0769331455230712,0.0759999752044677,0.9496300486784598,1.8992600973569196,noise_threshold,noise_threshold,moderate_impulsive,moderate_impulsive,candidate_event_100.pkl,/Users/glennthompson/Developer/KSCRocketSeismoHydrology/08_fireball_paper/falcon9-seismoacoustic-workflow-1.0.0/data/outputs/070_prepare_event_waveform_products/event_streams/candidate_event_100.pkl,1472736074.3670669,1472736075.4670668,2016-09-01 13:21:14.867066860+00:00,short_impulsive_candidate,False,True,False,analyze_all_final_events,200.8999999999999,343.5,0.7147709834334189,C_weak_or_broad,,,,0,additional_analyzed,838.9399333000183,13.982332221666972,/Users/glennthompson/Developer/KSCRocketSeismoHydrology/08_fireball_paper/falcon9-seismoacoustic-workflow-1.0.0/data/outputs/070_prepare_event_waveform_products/event_streams/candidate_event_100.pkl,0.0009331703186035,0.0769331455230712,0.0759999752044677,-0.18,-0.05,250.0,1472736074.868,1472736074.94,19,3,1.9265236917404738e-05,1.7565358797619547e-05,6.531860389879091e-06,2.33518484567446e-05,0.05693317031860401,3.460112939656953e-05,4.952392879162122,2.6575783236489793e-06,3.233898397006884e-06,2.170923669135622e-06,4.715265736488866e-06,5.359602850486361e-07,1.9105128343092178e-06,-1.9351902307962335e-07,9.19601376055851,-5.163444139726552,14.359457900285062,0.929301405805368,15.451884405405163,20.388800572452375,614917.3983757029,393802.3911722701,873112.9191001399,0.6748868856014791,False
101,1472736075.0635667,1472736075.0581336,1472736075.069,0.0108664035797119,2,2,"DD2,DD3","585,586",1472736075.069,1472736075.071,2016-09-01 13:21:15.063566685+00:00,2016-09-01 13:21:15.069000006+00:00,2016-09-01 13:21:15.071000099+00:00,retain,at least two reduced-time-associated infrasound channels,,,,101,101,2,2,0.0108664035797119,"DD2,DD3",2,True,,3.1433849864752124,True,128.0,136.0,0.0124332904815673,0.0444331169128418,5.536949120731811,-3.940342148477946,9.477291269209758,0.0319998264312744,-0.0035666227340698,0.060433030128479,0.0044331550598144,0.0564332008361816,0.0520000457763671,1.761460700663518,3.522921401327036,noise_threshold,noise_threshold,weak_impulsive,weak_impulsive,candidate_event_101.pkl,/Users/glennthompson/Developer/KSCRocketSeismoHydrology/08_fireball_paper/falcon9-seismoacoustic-workflow-1.0.0/data/outputs/070_prepare_event_waveform_products/event_streams/candidate_event_101.pkl,1472736074.5635667,1472736075.6635666,2016-09-01 13:21:15.063566685+00:00,short_impulsive_candidate,False,True,False,analyze_all_final_events,200.09999999999988,385.5,0.6293003428090089,C_weak_or_broad,,,,0,additional_analyzed,839.1364331245422,13.98560721874237,/Users/glennthompson/Developer/KSCRocketSeismoHydrology/08_fireball_paper/falcon9-seismoacoustic-workflow-1.0.0/data/outputs/070_prepare_event_waveform_products/event_streams/candidate_event_101.pkl,0.0044331550598144,0.0564332008361816,0.0520000457763672,-0.18,-0.05,250.0,1472736075.0679998,1472736075.116,13,3,9.490943378723425e-06,1.590770967812531e-05,1.2514229834859495e-05,2.00762579224575e-05,0.016433206558227997,3.610190375501402e-05,1.539187127040103,4.129897522934465e-06,1.0684961611593135e-05,6.237486789290338e-06,1.304341594973229e-05,1.2973311675436962e-06,-9.700480914966348e-07,4.069842321369779e-07,6.664817084211702,-5.167402285850812,11.832219370062514,4.183002377834947,2.828642754964599,16.800408674266425,589363.7856100104,331975.0677618249,836829.6890364874,0.5560997020737225,False
102,1472736077.2705667,1472736077.2601335,1472736077.281,0.0208663940429687,2,2,"DD2,DD3","588,587",1472736077.273,1472736077.281,2016-09-01 13:21:17.270566702+00:00,2016-09-01 13:21:17.273000002+00:00,2016-09-01 13:21:17.280999899+00:00,retain,at least two reduced-time-associated infrasound channels,,,,102,102,2,2,0.0208663940429687,"DD2,DD3",2,True,,2.891092352411606,True,130.0,136.0,0.0214333534240722,0.0454332828521728,6.486406750004592,-5.261117563829631,11.747524313834225,0.0239999294281005,0.0094333887100219,0.0574332475662231,0.0134334564208984,0.0574333667755126,0.0439999103546142,2.2435833793389386,4.487166758677877,noise_threshold,noise_threshold,weak_impulsive,weak_impulsive,candidate_event_102.pkl,/Users/glennthompson/Developer/KSCRocketSeismoHydrology/08_fireball_paper/falcon9-seismoacoustic-workflow-1.0.0/data/outputs/070_prepare_event_waveform_products/event_streams/candidate_event_102.pkl,1472736076.7705667,1472736077.8705666,2016-09-01 13:21:17.270566702+00:00,short_impulsive_candidate,False,True,False,analyze_all_final_events,198.99999999999991,380.5,0.7050690893533207,C_weak_or_broad,,,,0,additional_analyzed,841.3434331417084,14.022390552361806,/Users/glennthompson/Developer/KSCRocketSeismoHydrology/08_fireball_paper/falcon9-seismoacoustic-workflow-1.0.0/data/outputs/070_prepare_event_waveform_products/event_streams/candidate_event_102.pkl,0.0134334564208984,0.0574333667755126,0.0439999103546142,-0.18,-0.05,250.0,1472736077.288,1472736077.3240001,10,3,8.952814432909808e-06,5.43042427108457e-06,3.0210304389386777e-06,9.15367676451019e-06,0.053433372497559084,6.733802620879864e-05,2.2951300237211094,2.535754293708448e-06,1.8925474751741803e-06,2.427917788224709e-06,3.988304222376592e-06,-8.330335421018718e-08,-1.4314170673823423e-07,-2.629693016073746e-07,5.5673456990942105,-5.841696046347543,11.409041745441755,1.138266664157254,10.023171287273657,16.19954447347055,1246388.9690398357,608208.6840426157,1769730.8841271263,0.13593622028847255,False
103,1472736077.6620667,1472736077.6591334,1472736077.665,0.005866527557373,2,2,"DD2,DD3","590,591",1472736077.665,1472736077.672,2016-09-01 13:21:17.662066698+00:00,2016-09-01 13:21:17.664999962+00:00,2016-09-01 13:21:17.671999931+00:00,retain,at least two reduced-time-associated infrasound channels,,,,103,103,2,2,0.005866527557373,"DD2,DD3",2,True,,9.355518828975992,True,127.0,134.0,0.0099332332611083,0.037933349609375,14.249969425619938,-11.954499755362646,26.204469180982585,0.0280001163482666,-0.0040668249130249,0.0519334077835083,-0.0060665607452392,0.0659332275390625,0.0719997882843017,1.523161856238781,3.046323712477562,noise_threshold,noise_threshold,moderate_impulsive,moderate_impulsive,candidate_event_103.pkl,/Users/glennthompson/Developer/KSCRocketSeismoHydrology/08_fireball_paper/falcon9-seismoacoustic-workflow-1.0.0/data/outputs/070_prepare_event_waveform_products/event_streams/candidate_event_103.pkl,1472736077.1620667,1472736078.2620666,2016-09-01 13:21:17.662066698+00:00,short_impulsive_candidate,False,True,True,analyze_all_final_events,199.3999999999999,357.5,0.6879871817922542,C_weak_or_broad,,,,0,core,841.7349331378937,14.028915552298228,/Users/glennthompson/Developer/KSCRocketSeismoHydrology/08_fireball_paper/falcon9-seismoacoustic-workflow-1.0.0/data/outputs/070_prepare_event_waveform_products/event_streams/candidate_event_103.pkl,-0.0060665607452392,0.0659332275390625,0.0719997882843017,-0.18,-0.05,250.0,1472736077.66,1472736077.724,17,3,2.424807369999883e-05,2.442179401670268e-05,1.607013317803299e-05,3.0835283026179484e-05,0.05393333625793506,6.869156681603973e-05,2.739643326483859,6.927016564089716e-06,5.213561031441325e-06,7.177405959392076e-06,1.1255218052692435e-05,-3.205348462824733e-06,-2.1630556391843805e-08,5.196491169815566e-08,13.893670876435694,-12.48041122572245,26.374082102158145,0.9376586379480415,28.127594664807656,37.44820340687882,855321.5509572676,450577.0504729864,1214459.5324481016,0.448894740001466,False
104,1472736077.9950666,1472736077.9921336,1472736077.998,0.0058662891387939,2,2,"DD2,DD3","593,594",1472736077.998,1472736078.005,2016-09-01 13:21:17.995066643+00:00,2016-09-01 13:21:17.997999907+00:00,2016-09-01 13:21:18.005000114+00:00,retain,at least two reduced-time-associated infrasound channels,,,,104,104,2,2,0.0058662891387939,"DD2,DD3",2,True,,5.029645440959597,True,131.0,136.0,0.0249333381652832,0.0449333190917968,7.731581188589685,-11.301695693211729,19.033276881801413,0.0199999809265136,0.0149333477020263,0.0549333095550537,0.0089333057403564,0.0649333000183105,0.0559999942779541,2.247016380354536,4.4940327607090715,noise_threshold,noise_threshold,moderate_impulsive,moderate_impulsive,candidate_event_104.pkl,/Users/glennthompson/Developer/KSCRocketSeismoHydrology/08_fireball_paper/falcon9-seismoacoustic-workflow-1.0.0/data/outputs/070_prepare_event_waveform_products/event_streams/candidate_event_104.pkl,1472736077.4950666,1472736078.5950663,2016-09-01 13:21:17.995066643+00:00,short_impulsive_candidate,False,True,False,analyze_all_final_events,200.4999999999999,356.5,0.7055957897861171,C_weak_or_broad,,,,0,additional_analyzed,842.0679330825806,14.034465551376343,/Users/glennthompson/Developer/KSCRocketSeismoHydrology/08_fireball_paper/falcon9-seismoacoustic-workflow-1.0.0/data/outputs/070_prepare_event_waveform_products/event_streams/candidate_event_104.pkl,0.0089333057403564,0.0649333000183105,0.0559999942779541,-0.18,-0.05,250.0,1472736078.004,1472736078.056,14,3,2.9734362462699812e-05,2.7079068226794385e-05,1.9023634768765092e-05,3.731915493498133e-05,0.060933408737183115,6.853294515980318e-05,0.7432926519362496,2.2228145771495204e-05,3.290623247805114e-05,3.072330570954348e-05,5.020788896239768e-05,-6.813695396863305e-06,3.2180627961216368e-06,2.3541995891161095e-06,7.784701314243916,-10.846409522273458,18.631110836517372,2.2365804945459393,8.330176750602387,26.454062954665442,499237.2112652903,208598.00624656913,708860.1818758916,0.5445432827665815,False
105,1472736078.8450668,1472736078.8411336,1472736078.849,0.0078663825988769,2,2,"DD2,DD3","596,597",1472736078.849,1472736078.854,2016-09-01 13:21:18.845066786+00:00,2016-09-01 13:21:18.848999977+00:00,2016-09-01 13:21:18.854000092+00:00,retain,at least two reduced-time-associated infrasound channels,,,,105,105,2,2,0.0078663825988769,"DD2,DD3",2,True,,8.396091460773466,True,126.0,131.0,0.004826545715332,0.0248265266418457,7.336860537721767,-2.576873442262842,9.91373397998461,0.0199999809265136,-0.0051734447479248,0.0348265171051025,-0.0191733837127685,0.0608265399932861,0.0799999237060546,0.8738423791593476,1.7476847583186952,noise_threshold,noise_threshold,moderate_impulsive,moderate_impulsive,candidate_event_105.pkl,/Users/glennthompson/Developer/KSCRocketSeismoHydrology/08_fireball_paper/falcon9-seismoacoustic-workflow-1.0.0/data/outputs/070_prepare_event_waveform_products/event_streams/candidate_event_105.pkl,1472736078.3450668,1472736079.4450667,2016-09-01 13:21:18.845066786+00:00,short_impulsive_candidate,False,True,False,analyze_all_final_events,200.3999999999999,358.0,0.5323819857470565,C_weak_or_broad,,,,0,additional_analyzed,842.9179332256317,14.048632220427196,/Users/glennthompson/Developer/KSCRocketSeismoHydrology/08_fireball_paper/falcon9-seismoacoustic-workflow-1.0.0/data/outputs/070_prepare_event_waveform_products/event_streams/candidate_event_105.pkl,-0.0191733837127685,0.0608265399932861,0.0799999237060546,-0.18,-0.05,250.0,1472736078.828,1472736078.904,20,3,1.552417638749974e-05,1.6522900129184007e-05,2.9440461684289973e-05,3.203914183438895e-05,0.014933315277100068,3.553466107701731e-05,1.8530438011093713,9.244250140015483e-06,9.458689433955866e-06,1.1136489768978737e-05,1.729000783209113e-05,2.0217312338288316e-06,9.710076558004656e-07,-1.948142151974205e-06,6.905401211216593,-4.022694186000414,10.928095397217007,1.781402498614594,6.134545901735202,15.51665524129355,341085.77107665926,215530.15517427927,484303.08531668835,0.9016307138809564,False
106,1472736080.0200667,1472736080.0131335,1472736080.027,0.0138664245605468,2,2,"DD2,DD3","599,598",1472736080.026,1472736080.027,2016-09-01 13:21:20.020066738+00:00,2016-09-01 13:21:20.026000023+00:00,2016-09-01 13:21:20.026999950+00:00,retain,at least two reduced-time-associated infrasound channels,,,,106,106,2,2,0.0138664245605468,"DD2,DD3",2,True,,0.9619013600934918,True,128.0,167.0,0.0138266086578369,0.1698265075683593,6.252296909628321,-6.921332420544726,13.173629330173046,0.1559998989105224,-0.0641733407974243,0.2478264570236206,0.0098264217376708,0.1818265914916992,0.1720001697540283,7.1954700426580205,14.39094008531604,noise_threshold,noise_threshold,weak_impulsive,weak_impulsive,candidate_event_106.pkl,/Users/glennthompson/Developer/KSCRocketSeismoHydrology/08_fireball_paper/falcon9-seismoacoustic-workflow-1.0.0/data/outputs/070_prepare_event_waveform_products/event_streams/candidate_event_106.pkl,1472736079.5200667,1472736080.6200666,2016-09-01 13:21:20.020066738+00:00,short_impulsive_candidate,False,True,False,analyze_all_final_events,201.69999999999987,319.5,0.6323939142447832,C_weak_or_broad,,,,0,additional_analyzed,844.092933177948,14.0682155529658,/Users/glennthompson/Developer/KSCRocketSeismoHydrology/08_fireball_paper/falcon9-seismoacoustic-workflow-1.0.0/data/outputs/070_prepare_event_waveform_products/event_streams/candidate_event_106.pkl,0.0098264217376708,0.1818265914916992,0.1720001697540284,-0.18,-0.05,250.0,1472736080.032,1472736080.2,43,3,2.4602893581594514e-05,1.936489745740464e-05,6.27105617110448e-06,2.9038894992485087e-05,0.09193324279785209,4.176141537456304e-05,2.9807287993101244,8.317040418572638e-06,4.678225741224211e-06,1.9625895153356565e-06,9.742213045080117e-06,-2.046732528101562e-06,9.0570918446399e-07,5.8609458972573235e-08,8.01831612273507,-7.297469879429067,15.315786002164138,1.7534037044861073,8.73488858440215,21.746677944038762,527423.1683446522,276123.320973822,748881.0421218348,0.6953522703201466,False
107,1472736080.1440668,1472736080.144,1472736080.1441336,0.0001335144042968,2,2,"DD2,DD3","600,601",1472736080.144,1472736080.157,2016-09-01 13:21:20.144066811+00:00,2016-09-01 13:21:20.144000053+00:00,2016-09-01 13:21:20.157000065+00:00,retain,at least two reduced-time-associated infrasound channels,,,,107,107,2,2,0.0001335144042968,"DD2,DD3",2,True,,2.1994579433955055,True,130.0,136.0,0.0218265056610107,0.0458264350891113,5.0398938803958675,-6.921401485584919,11.961295365980789,0.0239999294281005,0.0098265409469604,0.0578263998031616,0.0178265571594238,0.0578265190124511,0.0399999618530273,3.1468669389057355,6.293733877811471,noise_threshold,noise_threshold,weak_impulsive,weak_impulsive,candidate_event_107.pkl,/Users/glennthompson/Developer/KSCRocketSeismoHydrology/08_fireball_paper/falcon9-seismoacoustic-workflow-1.0.0/data/outputs/070_prepare_event_waveform_products/event_streams/candidate_event_107.pkl,1472736079.6440668,1472736080.7440667,2016-09-01 13:21:20.144066811+00:00,short_impulsive_candidate,False,True,False,analyze_all_final_events,200.4999999999999,336.0,0.6746622815068217,C_weak_or_broad,,,,0,additional_analyzed,844.2169332504272,14.070282220840454,/Users/glennthompson/Developer/KSCRocketSeismoHydrology/08_fireball_paper/falcon9-seismoacoustic-workflow-1.0.0/data/outputs/070_prepare_event_waveform_products/event_streams/candidate_event_107.pkl,0.0178265571594238,0.0578265190124511,0.0399999618530273,-0.18,-0.05,250.0,1472736080.164,1472736080.2,10,3,2.471042757601044e-05,8.330371078821293e-06,6.335765902944798e-06,2.634791495531843e-05,0.055933242797852056,5.0593478679790855e-05,1.547761782253337,1.1733611110098876e-05,1.0775458334917321e-05,6.000204239189796e-06,1.7023236558380024e-05,1.7230638211931422e-06,-1.368150566172701e-06,-3.898859476576223e-07,5.365404325690446,-7.297469879429117,12.662874205119563,2.3864866319579865,5.306073805546667,17.979844269546472,480602.51547773846,203636.77106098365,682401.0286976113,0.520776899372268,False
108,1472736080.6345668,1472736080.633,1472736080.6361334,0.0031335353851318,2,2,"DD2,DD3","602,603",1472736080.633,1472736080.649,2016-09-01 13:21:20.634566784+00:00,2016-09-01 13:21:20.632999897+00:00,2016-09-01 13:21:20.648999929+00:00,retain,at least two reduced-time-associated infrasound channels,,,,108,108,2,2,0.0031335353851318,"DD2,DD3",2,True,,9.893125157550628,True,128.0,134.0,0.0134332180023193,0.0374331474304199,8.565534593519537,-8.364366544981856,16.929901138501393,0.0239999294281005,0.001433253288269,0.0494331121444702,0.0014331340789794,0.0894331932067871,0.0880000591278076,0.8658067554095534,1.7316135108191069,noise_threshold,noise_threshold,moderate_impulsive,moderate_impulsive,candidate_event_108.pkl,/Users/glennthompson/Developer/KSCRocketSeismoHydrology/08_fireball_paper/falcon9-seismoacoustic-workflow-1.0.0/data/outputs/070_prepare_event_waveform_products/event_streams/candidate_event_108.pkl,1472736080.1345668,1472736081.2345667,2016-09-01 13:21:20.634566784+00:00,short_impulsive_candidate,False,True,False,analyze_all_final_events,199.59999999999988,377.5,0.7437419149932901,C_weak_or_broad,,,,0,additional_analyzed,844.7074332237244,14.078457220395405,/Users/glennthompson/Developer/KSCRocketSeismoHydrology/08_fireball_paper/falcon9-seismoacoustic-workflow-1.0.0/data/outputs/070_prepare_event_waveform_products/event_streams/candidate_event_108.pkl,0.0014331340789794,0.0894331932067871,0.0880000591278077,-0.18,-0.05,250.0,1472736080.636,1472736080.724,23,3,3.248957074905546e-05,4.015972934312525e-05,2.6106037522368226e-05,5.156769365897942e-05,0.07343313407898,5.156769365897942e-05,2.238660257683025,1.4694971496709527e-05,1.3538965472310413e-05,1.146161566661976e-05,2.303506906954747e-05,-2.1010559326751165e-06,-1.5468821821335895e-06,1.6217432159673885e-06,6.171437718871581,-9.915446912676437,16.086884631548017,1.724429165966311,9.328817297365461,22.841550486259674,311956.6435903,119676.4346236562,442943.0301326323,1.0,False
109,1472736081.7098932,1472736081.7081337,1472736081.717,0.008866548538208,3,3,"DD1,DD2,DD3","607,604,605",1472736081.717,1472736081.8,2016-09-01 13:21:21.709893227+00:00,2016-09-01 13:21:21.717000008+00:00,2016-09-01 13:21:21.799999952+00:00,retain,at least two reduced-time-associated infrasound channels,,,,109,109,3,3,0.0088663101196289,"DD1,DD2,DD3",3,True,,15.435033996953818,True,129.0,135.0,0.017240285873413,0.0412402153015136,17.432632004096966,-14.628752052647448,32.061384056744416,0.0239999294281005,0.0052403211593627,0.0532401800155639,0.0012402534484863,0.0972402095794677,0.0959999561309814,1.129419734840713,2.2588394696814253,noise_threshold,noise_threshold,robust_impulsive,robust_impulsive,candidate_event_109.pkl,/Users/glennthompson/Developer/KSCRocketSeismoHydrology/08_fireball_paper/falcon9-seismoacoustic-workflow-1.0.0/data/outputs/070_prepare_event_waveform_products/event_streams/candidate_event_109.pkl,1472736081.2098932,1472736082.3098931,2016-09-01 13:21:21.709893227+00:00,short_impulsive_candidate,False,True,True,analyze_all_final_events,200.3999999999999,353.0,0.9157491555085548,A_high_quality,0.2884612219054762,2.4507494444569757,0.908407357558862,9,core,845.7827596664429,14.096379327774049,/Users/glennthompson/Developer/KSCRocketSeismoHydrology/08_fireball_paper/falcon9-seismoacoustic-workflow-1.0.0/data/outputs/070_prepare_event_waveform_products/event_streams/candidate_event_109.pkl,0.0012402534484863,0.0972402095794677,0.0959999561309814,-0.18,-0.05,250.0,1472736081.712,1472736081.804,24,3,5.068549592625274e-05,6.758984915161746e-05,3.108736479775864e-05,8.320907530262063e-05,0.07810671806335501,8.320907530262063e-05,11.720253902494898,5.813135673802008e-06,2.9275247636998157e-06,2.835723001158602e-06,7.099596646528951e-06,-2.1314258917308357e-06,-1.0646379006681646e-06,-1.0209578897055834e-06,16.850033037740058,-15.029235006206003,31.879268043946063,0.9448185466777487,33.74115395600844,45.26494266408671,383122.48907953,202502.34696706664,543990.4541597653,1.0,True
110,1472736091.6875668,1472736091.6841335,1472736091.691,0.006866455078125,2,2,"DD2,DD3","611,612",1472736091.691,1472736091.697,2016-09-01 13:21:31.687566757+00:00,2016-09-01 13:21:31.690999985+00:00,2016-09-01 13:21:31.697000027+00:00,retain,at least two reduced-time-associated infrasound channels,,,,110,110,2,2,0.006866455078125,"DD2,DD3",2,True,,8.253149261780404,True,130.0,134.0,0.0204331874847412,0.0364332199096679,9.28584931468652,-6.1592878030017,15.44513711768822,0.0160000324249267,0.0124331712722778,0.0444332361221313,0.0044331550598144,0.0804331302642822,0.0759999752044677,1.1251279990401308,2.2502559980802617,noise_threshold,noise_threshold,moderate_impulsive,moderate_impulsive,candidate_event_110.pkl,/Users/glennthompson/Developer/KSCRocketSeismoHydrology/08_fireball_paper/falcon9-seismoacoustic-workflow-1.0.0/data/outputs/070_prepare_event_waveform_products/event_streams/candidate_event_110.pkl,1472736091.1875668,1472736092.287567,2016-09-01 13:21:31.687566757+00:00,short_impulsive_candidate,False,True,False,analyze_all_final_events,197.8999999999999,440.0,0.6606734652822954,C_weak_or_broad,,,,0,additional_analyzed,855.7604331970215,14.262673886617025,/Users/glennthompson/Developer/KSCRocketSeismoHydrology/08_fireball_paper/falcon9-seismoacoustic-workflow-1.0.0/data/outputs/070_prepare_event_waveform_products/event_streams/candidate_event_110.pkl,0.0044331550598144,0.0804331302642822,0.0759999752044678,-0.18,-0.05,250.0,1472736091.692,1472736091.764,19,3,2.0910186556878156e-05,2.7803551021297327e-05,1.1231754493320224e-05,3.301987506294392e-05,0.07643320655822805,3.301987506294392e-05,11.859031030215123,2.09947793381328e-06,1.207937733156403e-06,1.3732331302885197e-06,2.7843653481312245e-06,-5.263890086390147e-07,3.451835236141013e-07,-5.126721464027371e-07,8.771451629231038,-5.3246937746621255,14.096145403893164,0.9573286665047689,14.724457646670654,20.014926710747442,426898.8110046594,265641.5753394135,606147.8631458816,1.0,True
111,1472736100.0065668,1472736100.005,1472736100.0081334,0.0031332969665527,2,2,"DD2,DD3","616,617",1472736100.005,1472736100.021,2016-09-01 13:21:40.006566763+00:00,2016-09-01 13:21:40.005000114+00:00,2016-09-01 13:21:40.020999908+00:00,retain,at least two reduced-time-associated infrasound channels,,,,111,111,2,2,0.0031332969665527,"DD2,DD3",2,True,,17.3874970208703,True,130.0,136.0,0.0214331150054931,0.0454330444335937,17.015242224966624,-10.07580258518984,27.091044810156465,0.0239999294281005,0.0094331502914428,0.057433009147644,0.0054330825805664,0.0974330902099609,0.0920000076293945,0.9785906622754929,1.9571813245509857,noise_threshold,noise_threshold,moderate_impulsive,moderate_impulsive,candidate_event_111.pkl,/Users/glennthompson/Developer/KSCRocketSeismoHydrology/08_fireball_paper/falcon9-seismoacoustic-workflow-1.0.0/data/outputs/070_prepare_event_waveform_products/event_streams/candidate_event_111.pkl,1472736099.5065668,1472736100.606567,2016-09-01 13:21:40.006566763+00:00,short_impulsive_candidate,False,True,True,analyze_all_final_events,199.2999999999999,361.0,0.7938344887342199,B_probable,0.3281071791162792,2.1787412834586197,0.770267522620038,9,core,864.0794332027435,14.401323886712392,/Users/glennthompson/Developer/KSCRocketSeismoHydrology/08_fireball_paper/falcon9-seismoacoustic-workflow-1.0.0/data/outputs/070_prepare_event_waveform_products/event_streams/candidate_event_111.pkl,0.0054330825805664,0.0974330902099609,0.09200000762939449,-0.18,-0.05,250.0,1472736100.0119998,1472736100.1,23,3,4.126861210741738e-05,4.7176820139046225e-05,2.309824939991881e-05,5.888017934690033e-05,0.08143313407898001,5.888017934690033e-05,9.43587769492926,4.741239393815674e-06,3.8755669300533875e-06,1.1994290777687633e-06,6.240032061727751e-06,-2.0993409557044667e-06,-3.547384869861882e-07,3.886726175372387e-06,18.748092393392685,-9.345186871646781,28.093279265039467,1.0784922269559023,26.04866179178142,39.889268267552794,477126.2515951966,318410.92539708194,677465.1285034292,1.0,True
112,1472736105.9385667,1472736105.933,1472736105.9441335,0.0111334323883056,2,2,"DD2,DD3","620,621",1472736105.933,1472736105.957,2016-09-01 13:21:45.938566685+00:00,2016-09-01 13:21:45.933000088+00:00,2016-09-01 13:21:45.957000017+00:00,retain,at least two reduced-time-associated infrasound channels,,,,112,112,2,2,0.0111334323883056,"DD2,DD3",2,True,,10.75957088589094,True,128.0,133.0,0.0134334564208984,0.0334334373474121,9.799965723738294,-7.306809701072411,17.106775424810706,0.0199999809265136,0.0034334659576416,0.0434334278106689,-0.0065665245056152,0.0854334831237793,0.0920000076293945,0.9108138073228386,1.8216276146456771,noise_threshold,noise_threshold,moderate_impulsive,moderate_impulsive,candidate_event_112.pkl,/Users/glennthompson/Developer/KSCRocketSeismoHydrology/08_fireball_paper/falcon9-seismoacoustic-workflow-1.0.0/data/outputs/070_prepare_event_waveform_products/event_streams/candidate_event_112.pkl,1472736105.4385667,1472736106.5385666,2016-09-01 13:21:45.938566685+00:00,short_impulsive_candidate,False,True,False,analyze_all_final_events,196.8999999999999,391.5,0.7278602641505412,C_weak_or_broad,,,,0,additional_analyzed,870.0114331245422,14.500190552075704,/Users/glennthompson/Developer/KSCRocketSeismoHydrology/08_fireball_paper/falcon9-seismoacoustic-workflow-1.0.0/data/outputs/070_prepare_event_waveform_products/event_streams/candidate_event_112.pkl,-0.0065665245056152,0.0854334831237793,0.0920000076293945,-0.18,-0.05,250.0,1472736105.936,1472736106.0240002,23,3,2.2521683716125196e-05,2.8441952954528464e-05,1.186366212022475e-05,3.2467962383351605e-05,0.0694333724975591,3.2467962383351605e-05,10.55659985337549,1.6421559660151082e-06,2.036783128318958e-06,1.6168495613572243e-06,3.075607945201212e-06,1.854183808848357e-06,-1.2463016739987368e-06,4.639164673365103e-07,11.874407009636608,-6.6999906402436435,18.57439764988025,1.8195740653537489,10.208101996809427,26.373536665985032,572083.8724207876,365726.89315808046,812294.173394399,1.0,True
113,1472736111.0235667,1472736111.0191336,1472736111.028,0.008866548538208,2,2,"DD2,DD3","624,625",1472736111.028,1472736111.032,2016-09-01 13:21:51.023566723+00:00,2016-09-01 13:21:51.028000116+00:00,2016-09-01 13:21:51.032000065+00:00,retain,at least two reduced-time-associated infrasound channels,,,,113,113,2,2,0.008866548538208,"DD2,DD3",2,True,,6.705031624208278,True,128.0,135.0,0.0124332904815673,0.0404331684112548,9.383596894448411,-7.216855454004554,16.60045234845297,0.0279998779296875,-0.0015666484832763,0.0544331073760986,0.0044331550598144,0.0604331493377685,0.0559999942779541,1.3994858518741762,2.7989717037483524,noise_threshold,noise_threshold,moderate_impulsive,moderate_impulsive,candidate_event_113.pkl,/Users/glennthompson/Developer/KSCRocketSeismoHydrology/08_fireball_paper/falcon9-seismoacoustic-workflow-1.0.0/data/outputs/070_prepare_event_waveform_products/event_streams/candidate_event_113.pkl,1472736110.5235667,1472736111.6235666,2016-09-01 13:21:51.023566723+00:00,short_impulsive_candidate,False,True,False,analyze_all_final_events,200.2999999999999,332.5,0.7049298839327387,C_weak_or_broad,,,,0,additional_analyzed,875.0964331626892,14.584940552711487,/Users/glennthompson/Developer/KSCRocketSeismoHydrology/08_fireball_paper/falcon9-seismoacoustic-workflow-1.0.0/data/outputs/070_prepare_event_waveform_products/event_streams/candidate_event_113.pkl,0.0044331550598144,0.0604331493377685,0.0559999942779541,-0.18,-0.05,250.0,1472736111.0279999,1472736111.08,14,3,1.0561649457741824e-05,1.211204352883661e-05,8.05704728344445e-06,1.5744940806784488e-05,0.05243320655822803,3.518175197949617e-05,2.478040954274278,2.721357573423613e-06,4.015592438569182e-06,4.103635112458859e-06,6.353785549680543e-06,-8.740107431310666e-07,2.9911106931679075e-06,9.117854092557801e-07,8.749645145482392,-7.337064970497264,16.086710115979656,1.1187863468216868,14.378715079675146,22.841302693958262,1021706.6112466997,555711.5299990315,1450707.4351220143,0.4475314593758889,False
114,1472736111.8925667,1472736111.889,1472736111.8961334,0.0071334838867187,2,2,"DD2,DD3","627,628",1472736111.889,1472736111.909,2016-09-01 13:21:51.892566681+00:00,2016-09-01 13:21:51.888999939+00:00,2016-09-01 13:21:51.908999920+00:00,retain,at least two reduced-time-associated infrasound channels,,,,114,114,2,2,0.0071334838867187,"DD2,DD3",2,True,,7.139734559101126,True,131.0,140.0,0.0253267288208007,0.0613267421722412,9.030575651874036,-5.585228987489989,14.615804639364024,0.0360000133514404,0.0073267221450805,0.0793267488479614,0.009326696395874,0.0813267230987548,0.0720000267028808,1.2648335280703993,2.5296670561407986,noise_threshold,noise_threshold,moderate_impulsive,moderate_impulsive,candidate_event_114.pkl,/Users/glennthompson/Developer/KSCRocketSeismoHydrology/08_fireball_paper/falcon9-seismoacoustic-workflow-1.0.0/data/outputs/070_prepare_event_waveform_products/event_streams/candidate_event_114.pkl,1472736111.3925667,1472736112.4925666,2016-09-01 13:21:51.892566681+00:00,short_impulsive_candidate,False,True,False,analyze_all_final_events,199.9999999999999,425.0,0.8084584310076337,B_probable,0.7272474743090063,2.092018931529192,0.7882258507014785,9,additional_analyzed,875.9654331207275,14.599423885345459,/Users/glennthompson/Developer/KSCRocketSeismoHydrology/08_fireball_paper/falcon9-seismoacoustic-workflow-1.0.0/data/outputs/070_prepare_event_waveform_products/event_streams/candidate_event_114.pkl,0.009326696395874,0.0813267230987548,0.0720000267028808,-0.18,-0.05,250.0,1472736111.904,1472736111.972,18,3,2.4685930797017694e-05,1.6451677493270776e-05,1.1815435684334892e-05,3.193207465963327e-05,0.0794332790374761,3.672996704325717e-05,3.35561434289653,4.305899844203882e-06,7.387015834627599e-06,4.176811592553873e-06,9.51601447503346e-06,-3.4181584008388883e-06,1.5586638508266094e-06,-1.41460548877059e-06,9.030712187417768,-5.112393747258389,14.143105934676157,1.0490785681011672,13.481455407363041,20.08160533493784,442912.2155521913,282810.0674220797,628885.0802520474,0.8693738990298199,False
115,1472736113.9460669,1472736113.945,1472736113.9471335,0.0021336078643798,2,2,"DD2,DD3","630,631",1472736113.945,1472736113.96,2016-09-01 13:21:53.946066856+00:00,2016-09-01 13:21:53.944999933+00:00,2016-09-01 13:21:53.960000038+00:00,retain,at least two reduced-time-associated infrasound channels,,,,115,115,2,2,0.0021336078643798,"DD2,DD3",2,True,,1.6947938302587486,True,127.0,132.0,0.0099329948425292,0.029933214187622,5.10139050556185,-2.9593241725383086,8.060714678100158,0.0200002193450927,-6.711483001708984e-05,0.0399333238601684,0.0059330463409423,0.0419330596923828,0.0360000133514404,3.010036037706726,6.020072075413452,noise_threshold,noise_threshold,weak_impulsive,weak_impulsive,candidate_event_115.pkl,/Users/glennthompson/Developer/KSCRocketSeismoHydrology/08_fireball_paper/falcon9-seismoacoustic-workflow-1.0.0/data/outputs/070_prepare_event_waveform_products/event_streams/candidate_event_115.pkl,1472736113.4460669,1472736114.5460668,2016-09-01 13:21:53.946066856+00:00,short_impulsive_candidate,False,True,False,analyze_all_final_events,199.4999999999999,345.0,0.633006668834982,C_weak_or_broad,,,,0,additional_analyzed,878.0189332962036,14.633648888270061,/Users/glennthompson/Developer/KSCRocketSeismoHydrology/08_fireball_paper/falcon9-seismoacoustic-workflow-1.0.0/data/outputs/070_prepare_event_waveform_products/event_streams/candidate_event_115.pkl,0.0059330463409423,0.0419330596923828,0.0360000133514405,-0.18,-0.05,250.0,1472736113.952,1472736113.984,9,3,9.408389832403099e-06,8.853429646773476e-06,7.4294219510722655e-06,1.068145853867083e-05,0.017933097839355927,2.7798596807432775e-05,1.64526550096652,3.90125517204569e-06,4.4160550882393585e-06,2.7254075098270673e-06,6.49224002593864e-06,2.700782477863958e-06,-7.151080039942099e-07,1.313594486304192e-06,6.200326410165792,-3.695758333425071,9.896084743590862,1.8463060758096062,5.359937267850578,14.05131723539209,926473.1691616249,580475.6333339982,1315486.755345361,0.38424452186071584,False
116,1472736114.5260668,1472736114.525,1472736114.5271337,0.0021333694458007,2,2,"DD2,DD3","633,634",1472736114.525,1472736114.54,2016-09-01 13:21:54.526066779+00:00,2016-09-01 13:21:54.525000095+00:00,2016-09-01 13:21:54.539999962+00:00,retain,at least two reduced-time-associated infrasound channels,,,,116,116,2,2,0.0021336078643798,"DD2,DD3",2,True,,5.547339393643353,True,128.0,133.0,0.0139334201812744,0.033933401107788,8.1519685781595,-6.390430479533864,14.542399057693366,0.0199999809265136,0.0039334297180175,0.0439333915710449,0.0019333362579345,0.0579333305358886,0.0559999942779541,1.4695276419360188,2.9390552838720376,noise_threshold,noise_threshold,moderate_impulsive,moderate_impulsive,candidate_event_116.pkl,/Users/glennthompson/Developer/KSCRocketSeismoHydrology/08_fireball_paper/falcon9-seismoacoustic-workflow-1.0.0/data/outputs/070_prepare_event_waveform_products/event_streams/candidate_event_116.pkl,1472736114.0260668,1472736115.1260667,2016-09-01 13:21:54.526066779+00:00,short_impulsive_candidate,False,True,False,analyze_all_final_events,199.7999999999999,344.5,0.8440646066532287,B_probable,0.290593262902695,4.499657051403686,0.8200939202804451,9,additional_analyzed,878.5989332199097,14.643315553665161,/Users/glennthompson/Developer/KSCRocketSeismoHydrology/08_fireball_paper/falcon9-seismoacoustic-workflow-1.0.0/data/outputs/070_prepare_event_waveform_products/event_streams/candidate_event_116.pkl,0.0019333362579345,0.0579333305358886,0.0559999942779541,-0.18,-0.05,250.0,1472736114.528,1472736114.5800002,14,3,2.3467006236641484e-05,1.4883922797647266e-05,1.2031781707054537e-05,2.6973619765653248e-05,0.009933336257935022,3.906453063394373e-05,2.756999596167057,7.728371119366667e-06,3.769657334168652e-06,4.667171007257384e-06,9.78368651310416e-06,2.9908693143139946e-06,-7.376246939786436e-07,1.0386321643781194e-06,8.775773862476695,-4.546994228502429,13.322768090979125,3.306802707555204,4.028897176278459,18.91681869652008,493918.43611377734,325346.5400165273,701308.1247852296,0.6904887714743329,False
117,1472736114.908567,1472736114.9071336,1472736114.91,0.002866506576538,2,2,"DD2,DD3","635,636",1472736114.91,1472736114.92,2016-09-01 13:21:54.908566952+00:00,2016-09-01 13:21:54.910000086+00:00,2016-09-01 13:21:54.920000076+00:00,retain,at least two reduced-time-associated infrasound channels,,,,117,117,2,2,0.002866506576538,"DD2,DD3",2,True,,3.5240671121516605,True,128.0,134.0,0.0133264064788818,0.0373263359069824,4.7842410793807,-3.1723909055570285,7.956631984937728,0.0239999294281005,0.0013264417648315,0.0493263006210327,0.0053262710571289,0.0533263683319091,0.0480000972747802,1.3575907969753804,2.715181593950761,noise_threshold,noise_threshold,weak_impulsive,weak_impulsive,candidate_event_117.pkl,/Users/glennthompson/Developer/KSCRocketSeismoHydrology/08_fireball_paper/falcon9-seismoacoustic-workflow-1.0.0/data/outputs/070_prepare_event_waveform_products/event_streams/candidate_event_117.pkl,1472736114.408567,1472736115.5085669,2016-09-01 13:21:54.908566952+00:00,short_impulsive_candidate,False,True,False,analyze_all_final_events,204.19999999999987,345.5,0.6405761700423567,C_weak_or_broad,,,,0,additional_analyzed,878.981433391571,14.649690556526185,/Users/glennthompson/Developer/KSCRocketSeismoHydrology/08_fireball_paper/falcon9-seismoacoustic-workflow-1.0.0/data/outputs/070_prepare_event_waveform_products/event_streams/candidate_event_117.pkl,0.0053262710571289,0.0533263683319091,0.048000097274780204,-0.18,-0.05,250.0,1472736114.916,1472736114.96,12,3,2.371429694625493e-05,1.2352862774952687e-05,4.266769824114371e-06,2.4977546330388937e-05,0.019433040618896946,3.895413949690564e-05,0.9621058410552661,2.0529711322675014e-05,1.0076843001715544e-05,1.2287342865692151e-05,2.5961329060213195e-05,6.795857020207562e-07,2.286845751540054e-06,8.324681107691191e-07,3.3632558110047466,-3.796817811723207,7.160073622727953,1.1847886580520155,6.0433340360467955,10.16649195196838,286660.4080328198,134651.16895460789,407025.24649506167,0.6412039042056892,False
118,1472736115.3265667,1472736115.3211336,1472736115.332,0.0108664035797119,2,2,"DD2,DD3","637,638",1472736115.332,1472736115.334,2016-09-01 13:21:55.326566696+00:00,2016-09-01 13:21:55.332000017+00:00,2016-09-01 13:21:55.334000111+00:00,retain,at least two reduced-time-associated infrasound channels,,,,118,118,2,2,0.0108664035797119,"DD2,DD3",2,True,,4.401828067406789,True,128.0,135.0,0.0134334564208984,0.0414333343505859,7.298264869971998,-4.8471624506012425,12.14542732057324,0.0279998779296875,-0.0005664825439453,0.0554332733154296,0.0054333209991455,0.0574333667755126,0.0520000457763671,1.658007709117899,3.316015418235798,noise_threshold,noise_threshold,moderate_impulsive,moderate_impulsive,candidate_event_118.pkl,/Users/glennthompson/Developer/KSCRocketSeismoHydrology/08_fireball_paper/falcon9-seismoacoustic-workflow-1.0.0/data/outputs/070_prepare_event_waveform_products/event_streams/candidate_event_118.pkl,1472736114.8265667,1472736115.9265666,2016-09-01 13:21:55.326566696+00:00,short_impulsive_candidate,False,True,False,analyze_all_final_events,200.59999999999988,372.0,0.7812567866244292,B_probable,0.2148786622868068,2.9292058503253484,0.7030417217771237,9,additional_analyzed,879.3994331359863,14.656657218933105,/Users/glennthompson/Developer/KSCRocketSeismoHydrology/08_fireball_paper/falcon9-seismoacoustic-workflow-1.0.0/data/outputs/070_prepare_event_waveform_products/event_streams/candidate_event_118.pkl,0.0054333209991455,0.0574333667755126,0.0520000457763671,-0.18,-0.05,250.0,1472736115.332,1472736115.38,13,3,2.1086235362470532e-05,1.2120205808482641e-05,1.1453531650998625e-05,2.4474281934223936e-05,0.053433372497559084,3.7433852228274935e-05,1.7366634393325433,1.0537094113615651e-05,6.755792357650463e-06,6.4755843784277145e-06,1.4092702926728395e-05,-2.0331472402756634e-06,2.594818572732276e-06,-2.2436363431841555e-07,6.328254817566784,-5.525297952414729,11.853552769981514,0.9235442059995639,12.834851534964978,16.830699681037107,484326.8865594762,258567.53773509432,687689.2129571195,0.6538007839796344,False
119,1472736115.6210668,1472736115.6171336,1472736115.625,0.0078663825988769,2,2,"DD2,DD3","639,640",1472736115.625,1472736115.63,2016-09-01 13:21:55.621066809+00:00,2016-09-01 13:21:55.625000+00:00,2016-09-01 13:21:55.630000114+00:00,retain,at least two reduced-time-associated infrasound channels,,,,119,119,2,2,0.0078663825988769,"DD2,DD3",2,True,,6.561012616198119,True,128.0,133.0,0.0128266811370849,0.0328266620635986,7.079928623688753,-2.3102828862625313,9.390211509951284,0.0199999809265136,0.0028266906738281,0.0428266525268554,-0.0111734867095947,0.0448265075683593,0.0559999942779541,1.0790908412840894,2.1581816825681788,noise_threshold,noise_threshold,moderate_impulsive,moderate_impulsive,candidate_event_119.pkl,/Users/glennthompson/Developer/KSCRocketSeismoHydrology/08_fireball_paper/falcon9-seismoacoustic-workflow-1.0.0/data/outputs/070_prepare_event_waveform_products/event_streams/candidate_event_119.pkl,1472736115.1210668,1472736116.2210667,2016-09-01 13:21:55.621066809+00:00,short_impulsive_candidate,False,True,False,analyze_all_final_events,198.7999999999999,345.0,0.7369297557757848,C_weak_or_broad,,,,0,additional_analyzed,879.6939332485199,14.661565554141998,/Users/glennthompson/Developer/KSCRocketSeismoHydrology/08_fireball_paper/falcon9-seismoacoustic-workflow-1.0.0/data/outputs/070_prepare_event_waveform_products/event_streams/candidate_event_119.pkl,-0.0111734867095947,0.0448265075683593,0.055999994277954,-0.18,-0.05,250.0,1472736115.612,1472736115.6639998,14,3,2.0401180808578843e-05,1.2761102605055461e-05,1.8714416313581526e-05,2.7946365322817455e-05,-0.001066923141479048,3.952393916593158e-05,1.832995761146455,8.485058659134749e-06,9.781737096188827e-06,8.048007909019009e-06,1.5246279295996998e-05,-4.504778541823148e-06,1.9288551423045655e-06,-3.9302594928659433e-07,7.263457736179677,-2.1026279333163678,9.366085669496044,1.0253287893638316,9.134714412249421,13.298778699442963,335145.0380507582,259907.06312885918,475867.9186300076,0.7070743937108971,False
120,1472736115.879567,1472736115.8791337,1472736115.88,0.0008666515350341,2,2,"DD2,DD3","641,642",1472736115.88,1472736115.892,2016-09-01 13:21:55.879566669+00:00,2016-09-01 13:21:55.880000114+00:00,2016-09-01 13:21:55.891999960+00:00,retain,at least two reduced-time-associated infrasound channels,,,,120,120,2,2,0.000866413116455,"DD2,DD3",2,True,,3.1157900570809063,True,126.0,137.0,0.0044331550598144,0.0484333038330078,3.436955967258291,-3.540655425774695,6.977611393032987,0.0440001487731933,-0.0175669193267822,0.0704333782196044,-0.0035667419433593,0.0644330978393554,0.0679998397827148,1.136358792123444,2.272717584246888,noise_threshold,noise_threshold,weak_impulsive,weak_impulsive,candidate_event_120.pkl,/Users/glennthompson/Developer/KSCRocketSeismoHydrology/08_fireball_paper/falcon9-seismoacoustic-workflow-1.0.0/data/outputs/070_prepare_event_waveform_products/event_streams/candidate_event_120.pkl,1472736115.379567,1472736116.4795668,2016-09-01 13:21:55.879566908+00:00,short_impulsive_candidate,False,True,False,analyze_all_final_events,197.7999999999999,388.5,0.6583188808784917,C_weak_or_broad,,,,0,additional_analyzed,879.952433347702,14.665873889128367,/Users/glennthompson/Developer/KSCRocketSeismoHydrology/08_fireball_paper/falcon9-seismoacoustic-workflow-1.0.0/data/outputs/070_prepare_event_waveform_products/event_streams/candidate_event_120.pkl,-0.0035667419433593,0.0644330978393554,0.0679998397827147,-0.18,-0.05,250.0,1472736115.88,1472736115.94,16,3,1.555073790491248e-05,1.7530799463488706e-05,1.2826082780055026e-05,2.1333355718141087e-05,0.00043320655822798315,6.687230523257131e-05,1.077823184666543,5.954864750665875e-06,1.353360541192171e-05,1.3158419800922179e-05,1.979300132121504e-05,-2.74363462419777e-06,3.1739201733392757e-06,5.123484217667849e-07,3.660635990010395,-3.122547507076979,6.783183497087374,1.4908412031946756,4.549903425362747,9.631350746584872,317961.39279294014,171592.13198219571,451469.09252512635,0.3190163049403942,False
121,1472736116.4020667,1472736116.3991334,1472736116.405,0.005866527557373,2,2,"DD2,DD3","643,644",1472736116.405,1472736116.412,2016-09-01 13:21:56.402066708+00:00,2016-09-01 13:21:56.404999971+00:00,2016-09-01 13:21:56.411999941+00:00,retain,at least two reduced-time-associated infrasound channels,,,,121,121,2,2,0.005866527557373,"DD2,DD3",2,True,,18.537223075777728,True,127.0,133.0,0.0099332332611083,0.033933401107788,15.319756885685262,-11.924622313666704,27.244379199351965,0.0240001678466796,-0.0020668506622314,0.0459334850311279,-0.0100667476654052,0.0539333820343017,0.064000129699707,0.8264321372764472,1.6528642745528943,noise_threshold,noise_threshold,moderate_impulsive,moderate_impulsive,candidate_event_121.pkl,/Users/glennthompson/Developer/KSCRocketSeismoHydrology/08_fireball_paper/falcon9-seismoacoustic-workflow-1.0.0/data/outputs/070_prepare_event_waveform_products/event_streams/candidate_event_121.pkl,1472736115.9020667,1472736117.0020666,2016-09-01 13:21:56.402066708+00:00,short_impulsive_candidate,False,True,True,analyze_all_final_events,200.3999999999999,350.5,0.86176229757259,B_probable,0.2006163342807418,1.6960375024970828,0.8351595235061571,9,core,880.4749331474304,14.67458221912384,/Users/glennthompson/Developer/KSCRocketSeismoHydrology/08_fireball_paper/falcon9-seismoacoustic-workflow-1.0.0/data/outputs/070_prepare_event_waveform_products/event_streams/candidate_event_121.pkl,-0.0100667476654052,0.0539333820343017,0.0640001296997069,-0.18,-0.05,250.0,1472736116.392,1472736116.456,17,3,2.2286879052084396e-05,2.858838706770772e-05,2.0396429996924273e-05,3.5714979984771227e-05,0.05393333625793506,6.805289158291628e-05,4.603754938104103,5.128906776691609e-06,3.820995787973109e-06,4.39063388915594e-06,7.757793467494863e-06,1.071394148519851e-06,-2.943229355187536e-06,4.5165805623520384e-07,15.218845755097743,-12.193404766766351,27.412250521864095,1.132681109116282,24.201207472464283,38.92228474177256,767528.0941933219,426119.3975633479,1089802.7874681414,0.5248120859237224,False
122,1472736117.2005668,1472736117.197,1472736117.2041335,0.0071334838867187,2,2,"DD2,DD3","646,647",1472736117.197,1472736117.217,2016-09-01 13:21:57.200566769+00:00,2016-09-01 13:21:57.197000027+00:00,2016-09-01 13:21:57.217000008+00:00,retain,at least two reduced-time-associated infrasound channels,,,,122,122,2,2,0.0071334838867187,"DD2,DD3",2,True,,5.571797241902687,True,129.0,134.0,0.0173265933990478,0.0373265743255615,5.858803627745572,-4.617868765543283,10.476672393288856,0.0199999809265136,0.007326602935791,0.0473265647888183,0.001326560974121,0.0533266067504882,0.0520000457763671,1.051510558152485,2.10302111630497,noise_threshold,noise_threshold,moderate_impulsive,moderate_impulsive,candidate_event_122.pkl,/Users/glennthompson/Developer/KSCRocketSeismoHydrology/08_fireball_paper/falcon9-seismoacoustic-workflow-1.0.0/data/outputs/070_prepare_event_waveform_products/event_streams/candidate_event_122.pkl,1472736116.7005668,1472736117.800567,2016-09-01 13:21:57.200566769+00:00,short_impulsive_candidate,False,True,False,analyze_all_final_events,198.4999999999999,365.0,0.6042903881550034,C_weak_or_broad,,,,0,additional_analyzed,881.2734332084656,14.687890553474427,/Users/glennthompson/Developer/KSCRocketSeismoHydrology/08_fireball_paper/falcon9-seismoacoustic-workflow-1.0.0/data/outputs/070_prepare_event_waveform_products/event_streams/candidate_event_122.pkl,0.001326560974121,0.0533266067504882,0.0520000457763672,-0.18,-0.05,250.0,1472736117.204,1472736117.252,13,3,1.4845414589285724e-05,1.8565628098102543e-05,1.4785763411571954e-05,2.4875936830627124e-05,0.04743327903747607,3.835707978663133e-05,1.4352742653499537,5.8829142589087e-06,1.55870260294526e-05,4.7779122921474055e-06,1.7331835058410794e-05,-5.423176353022692e-07,1.0773737875509008e-06,-3.799266314302613e-08,6.200250453574629,-5.884364752285742,12.08461520586037,1.132213016709621,10.673446628426914,17.158782116852844,485795.38081885845,249246.91262042895,689774.3081469415,0.6485357323603448,False
123,1472736118.491067,1472736118.4901335,1472736118.492,0.0018665790557861,2,2,"DD2,DD3","648,649",1472736118.492,1472736118.503,2016-09-01 13:21:58.491066933+00:00,2016-09-01 13:21:58.492000103+00:00,2016-09-01 13:21:58.503000020+00:00,retain,at least two reduced-time-associated infrasound channels,,,,123,123,2,2,0.0018665790557861,"DD2,DD3",2,True,,14.793525175147938,True,129.0,134.0,0.0169332027435302,0.0369331836700439,14.006208664139958,-10.70244181608463,24.708650480224588,0.0199999809265136,0.0069332122802734,0.0469331741333007,0.0009331703186035,0.0649330615997314,0.0639998912811279,0.946779655174372,1.8935593103487445,noise_threshold,noise_threshold,moderate_impulsive,moderate_impulsive,candidate_event_123.pkl,/Users/glennthompson/Developer/KSCRocketSeismoHydrology/08_fireball_paper/falcon9-seismoacoustic-workflow-1.0.0/data/outputs/070_prepare_event_waveform_products/event_streams/candidate_event_123.pkl,1472736117.991067,1472736119.0910668,2016-09-01 13:21:58.491066933+00:00,short_impulsive_candidate,False,True,False,analyze_all_final_events,200.2999999999999,353.0,0.8214701313074403,B_probable,0.3235604395235602,2.8490847566573523,0.8209675346734133,9,additional_analyzed,882.5639333724976,14.709398889541626,/Users/glennthompson/Developer/KSCRocketSeismoHydrology/08_fireball_paper/falcon9-seismoacoustic-workflow-1.0.0/data/outputs/070_prepare_event_waveform_products/event_streams/candidate_event_123.pkl,0.0009331703186035,0.0649330615997314,0.0639998912811279,-0.18,-0.05,250.0,1472736118.492,1472736118.552,16,3,1.858449672711664e-05,3.131115416381407e-05,1.6093388590779542e-05,3.6428192422167803e-05,0.052933170318604006,5.8217687314209095e-05,3.505883899692606,4.551972298393438e-06,5.449316251609906e-06,7.586092751729373e-06,1.0390587214072264e-05,9.5268787118042e-07,1.2944407874730292e-06,-2.106304083811384e-06,12.687857532253037,-11.28141714637671,23.969274678629745,0.7112655236721824,33.69947492306266,34.03364978556835,657986.9349774165,348297.75206007867,934266.7731396331,0.6257237980883661,False
124,1472736119.9460669,1472736119.9401336,1472736119.952,0.0118663311004638,2,2,"DD2,DD3","651,652",1472736119.952,1472736119.953,2016-09-01 13:21:59.946066856+00:00,2016-09-01 13:21:59.951999903+00:00,2016-09-01 13:21:59.953000069+00:00,retain,at least two reduced-time-associated infrasound channels,,,,124,124,2,2,0.0118663311004638,"DD2,DD3",2,True,,11.862311349169934,True,128.0,134.0,0.0139331817626953,0.0379331111907959,12.928214280068186,-9.638732785251404,22.56694706531959,0.0239999294281005,0.001933217048645,0.0499330759048461,-0.0060667991638183,0.1139330863952636,0.119999885559082,1.089856259840359,2.179712519680718,noise_threshold,noise_threshold,moderate_impulsive,moderate_impulsive,candidate_event_124.pkl,/Users/glennthompson/Developer/KSCRocketSeismoHydrology/08_fireball_paper/falcon9-seismoacoustic-workflow-1.0.0/data/outputs/070_prepare_event_waveform_products/event_streams/candidate_event_124.pkl,1472736119.4460669,1472736120.5460668,2016-09-01 13:21:59.946066856+00:00,short_impulsive_candidate,False,True,False,analyze_all_final_events,199.79999999999987,359.0,0.7161235680953364,C_weak_or_broad,,,,0,additional_analyzed,884.0189332962036,14.73364888827006,/Users/glennthompson/Developer/KSCRocketSeismoHydrology/08_fireball_paper/falcon9-seismoacoustic-workflow-1.0.0/data/outputs/070_prepare_event_waveform_products/event_streams/candidate_event_124.pkl,-0.0060667991638183,0.1139330863952636,0.1199998855590819,-0.18,-0.05,250.0,1472736119.944,1472736120.056,29,3,4.507692273797152e-05,4.173505851337386e-05,2.373290355501858e-05,5.879352893769178e-05,0.07393309783935598,5.879352893769178e-05,6.184718654213709,3.4059964363099224e-06,6.273527296823318e-06,6.277816323203983e-06,9.506257636737473e-06,-2.37358893020126e-06,-1.731627154463099e-06,3.7858819109875717e-07,12.159186111537021,-10.105700580475359,22.264886692012382,1.4089490907423434,15.802477774609669,31.613612274504984,378696.211884275,206811.63949901843,537705.6428779511,1.0,True
125,1472736121.7160668,1472736121.716,1472736121.7161336,0.0001335144042968,2,2,"DD2,DD3","654,655",1472736121.716,1472736121.729,2016-09-01 13:22:01.716066837+00:00,2016-09-01 13:22:01.716000080+00:00,2016-09-01 13:22:01.729000092+00:00,retain,at least two reduced-time-associated infrasound channels,,,,125,125,2,2,0.0001335144042968,"DD2,DD3",2,True,,8.141046882177948,True,128.0,139.0,0.0138266086578369,0.0578265190124511,10.524551380836586,-6.43971453274259,16.964265913579176,0.0439999103546142,-0.0081733465194702,0.0798264741897583,0.001826524734497,0.0898265838623046,0.0880000591278076,1.2927761666471311,2.5855523332942623,noise_threshold,noise_threshold,moderate_impulsive,moderate_impulsive,candidate_event_125.pkl,/Users/glennthompson/Developer/KSCRocketSeismoHydrology/08_fireball_paper/falcon9-seismoacoustic-workflow-1.0.0/data/outputs/070_prepare_event_waveform_products/event_streams/candidate_event_125.pkl,1472736121.2160668,1472736122.3160667,2016-09-01 13:22:01.716066837+00:00,short_impulsive_candidate,False,True,False,analyze_all_final_events,198.4999999999999,340.5,0.7844640827155147,B_probable,0.2024540795365284,3.3729131637023424,0.7459162802671542,9,additional_analyzed,885.7889332771301,14.763148887952168,/Users/glennthompson/Developer/KSCRocketSeismoHydrology/08_fireball_paper/falcon9-seismoacoustic-workflow-1.0.0/data/outputs/070_prepare_event_waveform_products/event_streams/candidate_event_125.pkl,0.001826524734497,0.0898265838623046,0.0880000591278076,-0.18,-0.05,250.0,1472736121.72,1472736121.8040001,22,3,3.364351825521213e-05,3.724835933599884e-05,1.4646834053626665e-05,4.692925475239322e-05,0.07593324279785207,4.692925475239322e-05,4.171524101275425,5.244861610191504e-06,7.0822561039696745e-06,6.992386155524581e-06,1.124990617650868e-05,-1.0361127716686795e-06,1.4689849223762298e-07,-5.565851126592341e-07,12.864482852767615,-7.510448970424259,20.374931823191876,1.2629666151693344,16.13259731371448,28.93009085058328,434162.6972491573,274125.0190450036,616461.7572391335,1.0,False
126,1472736122.8555667,1472736122.8471334,1472736122.864,0.0168666839599609,2,2,"DD2,DD3","658,657",1472736122.86,1472736122.864,2016-09-01 13:22:02.855566740+00:00,2016-09-01 13:22:02.859999895+00:00,2016-09-01 13:22:02.864000082+00:00,retain,at least two reduced-time-associated infrasound channels,,,,126,126,2,2,0.0168666839599609,"DD2,DD3",2,True,,5.67182880165379,True,129.0,136.0,0.0164332389831542,0.0444331169128418,6.5335370499987135,-4.850158586158021,11.383695636156734,0.0279998779296875,0.0024333000183105,0.0584330558776855,0.0084331035614013,0.0884332656860351,0.0800001621246337,1.1519277606005434,2.3038555212010867,noise_threshold,noise_threshold,moderate_impulsive,moderate_impulsive,candidate_event_126.pkl,/Users/glennthompson/Developer/KSCRocketSeismoHydrology/08_fireball_paper/falcon9-seismoacoustic-workflow-1.0.0/data/outputs/070_prepare_event_waveform_products/event_streams/candidate_event_126.pkl,1472736122.3555667,1472736123.4555666,2016-09-01 13:22:02.855566740+00:00,short_impulsive_candidate,False,True,False,analyze_all_final_events,200.79999999999987,280.0,0.4974099263834591,C_weak_or_broad,,,,0,additional_analyzed,886.9284331798553,14.782140552997589,/Users/glennthompson/Developer/KSCRocketSeismoHydrology/08_fireball_paper/falcon9-seismoacoustic-workflow-1.0.0/data/outputs/070_prepare_event_waveform_products/event_streams/candidate_event_126.pkl,0.0084331035614013,0.0884332656860351,0.0800001621246338,-0.18,-0.05,250.0,1472736122.8639998,1472736122.944,21,3,1.3159761861993852e-05,2.328434284203193e-05,4.516602650619114e-06,2.3631610794082715e-05,0.08443320655822806,2.3631610794082715e-05,2.3576915361545656,3.3662625194743545e-06,7.108265147451971e-06,6.213320841663327e-06,1.0023198722860188e-05,-4.2495461891358906e-07,-9.806741523170593e-07,7.633198172873273e-07,5.933158178213607,-6.976202309428777,12.909360487642385,2.583201322245871,4.9974271755245185,18.329826817153872,546275.0973740161,251068.7159632492,775648.6418498228,1.0,False
127,1472736123.5095668,1472736123.5071335,1472736123.512,0.004866600036621,2,2,"DD2,DD3","659,660",1472736123.512,1472736123.52,2016-09-01 13:22:03.509566784+00:00,2016-09-01 13:22:03.512000083+00:00,2016-09-01 13:22:03.519999981+00:00,retain,at least two reduced-time-associated infrasound channels,,,,127,127,2,2,0.004866600036621,"DD2,DD3",2,True,,8.920393070682493,True,127.0,134.0,0.0095665454864501,0.0375666618347168,8.961452068777689,-7.801039884097305,16.762491952874996,0.0280001163482666,-0.0044335126876831,0.0515667200088501,0.0015666484832763,0.085566759109497,0.0840001106262207,1.0046028238632374,2.009205647726475,noise_threshold,noise_threshold,moderate_impulsive,moderate_impulsive,candidate_event_127.pkl,/Users/glennthompson/Developer/KSCRocketSeismoHydrology/08_fireball_paper/falcon9-seismoacoustic-workflow-1.0.0/data/outputs/070_prepare_event_waveform_products/event_streams/candidate_event_127.pkl,1472736123.0095668,1472736124.1095667,2016-09-01 13:22:03.509566784+00:00,short_impulsive_candidate,False,True,False,analyze_all_final_events,201.19999999999987,353.5,0.6565667005575926,C_weak_or_broad,,,,0,additional_analyzed,887.5824332237244,14.793040553728739,/Users/glennthompson/Developer/KSCRocketSeismoHydrology/08_fireball_paper/falcon9-seismoacoustic-workflow-1.0.0/data/outputs/070_prepare_event_waveform_products/event_streams/candidate_event_127.pkl,0.0015666484832763,0.085566759109497,0.0840001106262207,-0.18,-0.05,250.0,1472736123.5119998,1472736123.592,21,3,2.5548034782784102e-05,3.526330899552575e-05,1.890688959588852e-05,4.256110188071873e-05,0.07443311309814504,4.256110188071873e-05,4.690309177366204,5.022527784043661e-06,5.623071358956036e-06,5.049509202573882e-06,9.074263608485292e-06,-1.918588185618503e-06,2.377279420643204e-06,8.702565072981129e-07,8.26575776032115,-7.882298839168329,16.14805659948948,1.222305859129488,13.211142267607174,22.928407738367927,379408.8001937977,194209.2050033543,538717.4374062689,1.0,False
128,1472736125.2231336,1472736125.2218933,1472736125.224,0.0021066665649414,3,3,"DD1,DD2,DD3","666,662,663",1472736125.224,1472736125.312,2016-09-01 13:22:05.223133564+00:00,2016-09-01 13:22:05.223999977+00:00,2016-09-01 13:22:05.312000036+00:00,retain,at least two reduced-time-associated infrasound channels,,,,128,128,3,3,0.0021066665649414,"DD1,DD2,DD3",3,True,,11.85236973823148,True,128.0,134.0,0.0128664970397949,0.0368664264678955,28.23905773037298,-29.195573058281784,57.434630788654765,0.0239999294281005,0.0008665323257446,0.0488663911819458,0.000866413116455,0.0768663883209228,0.0759999752044677,2.463268840163446,4.926537680326892,noise_threshold,noise_threshold,robust_impulsive,robust_impulsive,candidate_event_128.pkl,/Users/glennthompson/Developer/KSCRocketSeismoHydrology/08_fireball_paper/falcon9-seismoacoustic-workflow-1.0.0/data/outputs/070_prepare_event_waveform_products/event_streams/candidate_event_128.pkl,1472736124.7231336,1472736125.8231337,2016-09-01 13:22:05.223133564+00:00,short_impulsive_candidate,False,True,True,analyze_all_final_events,199.8999999999999,359.0,0.8837759043798804,B_probable,0.099380798999985,0.2832788618662658,0.8753509655975679,9,core,889.2960000038147,14.821600000063578,/Users/glennthompson/Developer/KSCRocketSeismoHydrology/08_fireball_paper/falcon9-seismoacoustic-workflow-1.0.0/data/outputs/070_prepare_event_waveform_products/event_streams/candidate_event_128.pkl,0.000866413116455,0.0768663883209228,0.0759999752044678,-0.18,-0.05,250.0,1472736125.224,1472736125.296,19,3,9.46814007322586e-05,0.00011316850432630374,4.8564997060188906e-05,0.0001442122932897104,0.07286641311645559,0.0001442122932897104,27.97977693854517,2.9385660481298233e-06,3.737333371817133e-06,1.9906157764523818e-06,5.154161650625683e-06,3.367582098128261e-07,-7.207111860668897e-07,5.796503890695672e-07,28.286528939845592,-29.195573058281326,57.48210199812692,1.6841139212427712,34.131955845189324,81.61806122931074,398593.63364155235,196145.06013728198,565957.7236272562,1.0,True
129,1472736126.0925667,1472736126.09,1472736126.0951335,0.0051336288452148,2,2,"DD2,DD3","667,668",1472736126.09,1472736126.108,2016-09-01 13:22:06.092566729+00:00,2016-09-01 13:22:06.089999914+00:00,2016-09-01 13:22:06.108000040+00:00,retain,at least two reduced-time-associated infrasound channels,,,,129,129,2,2,0.0051336288452148,"DD2,DD3",2,True,,5.409435355923553,True,127.0,133.0,0.0093264579772949,0.0333266258239746,4.965423145709267,-3.620202490026501,8.585625635735768,0.0240001678466796,-0.0026736259460449,0.0453267097473144,0.001326560974121,0.0573265552520751,0.0559999942779541,0.9179189358963178,1.8358378717926356,noise_threshold,noise_threshold,moderate_impulsive,moderate_impulsive,candidate_event_129.pkl,/Users/glennthompson/Developer/KSCRocketSeismoHydrology/08_fireball_paper/falcon9-seismoacoustic-workflow-1.0.0/data/outputs/070_prepare_event_waveform_products/event_streams/candidate_event_129.pkl,1472736125.5925667,1472736126.6925666,2016-09-01 13:22:06.092566729+00:00,short_impulsive_candidate,False,True,False,analyze_all_final_events,197.7999999999999,431.5,0.6175856282378389,C_weak_or_broad,,,,0,additional_analyzed,890.1654331684113,14.836090552806855,/Users/glennthompson/Developer/KSCRocketSeismoHydrology/08_fireball_paper/falcon9-seismoacoustic-workflow-1.0.0/data/outputs/070_prepare_event_waveform_products/event_streams/candidate_event_129.pkl,0.001326560974121,0.0573265552520751,0.0559999942779541,-0.18,-0.05,250.0,1472736126.096,1472736126.148,14,3,2.1181454763452914e-05,7.875414541087577e-06,2.014887020618726e-05,2.3954679388617668e-05,0.03543327903747606,8.791851009061087e-05,0.8152131416226104,1.805319436091141e-05,2.082419612142807e-05,1.0192516352130519e-05,2.9384559896738143e-05,-7.402809628665197e-08,1.614145592987583e-06,-2.9771799977201205e-06,6.483245989126825,-5.013194766565868,11.496440755692692,1.5057851399562707,7.634848060744283,16.32364114916753,479924.6347315069,270646.3269221383,681438.514970227,0.27246457388699397,False
130,1472736126.6475668,1472736126.6451335,1472736126.65,0.004866600036621,2,2,"DD2,DD3","669,670",1472736126.65,1472736126.658,2016-09-01 13:22:06.647566795+00:00,2016-09-01 13:22:06.650000095+00:00,2016-09-01 13:22:06.657999992+00:00,retain,at least two reduced-time-associated infrasound channels,,,,130,130,2,2,0.004866600036621,"DD2,DD3",2,True,,3.0605752622100613,True,125.0,130.0,0.0004332065582275,0.0204331874847412,1.9721311183257333,-3.2712470160063,5.243378134332033,0.0199999809265136,-0.0095667839050292,0.030433177947998,-0.0035667419433593,0.032433271408081,0.0360000133514404,1.0688340379658272,2.1376680759316544,noise_threshold,noise_threshold,weak_impulsive,weak_impulsive,candidate_event_130.pkl,/Users/glennthompson/Developer/KSCRocketSeismoHydrology/08_fireball_paper/falcon9-seismoacoustic-workflow-1.0.0/data/outputs/070_prepare_event_waveform_products/event_streams/candidate_event_130.pkl,1472736126.1475668,1472736127.2475667,2016-09-01 13:22:06.647566795+00:00,short_impulsive_candidate,False,True,False,analyze_all_final_events,191.69999999999987,337.0,0.5520385943784301,C_weak_or_broad,,,,0,additional_analyzed,890.7204332351685,14.845340553919474,/Users/glennthompson/Developer/KSCRocketSeismoHydrology/08_fireball_paper/falcon9-seismoacoustic-workflow-1.0.0/data/outputs/070_prepare_event_waveform_products/event_streams/candidate_event_130.pkl,-0.0035667419433593,0.032433271408081,0.0360000133514403,-0.18,-0.05,250.0,1472736126.648,1472736126.68,9,3,6.934247017374658e-06,1.1975986063886991e-05,1.4316728571743776e-05,1.645820603856771e-05,0.004433206558227987,3.4394322196036164e-05,0.8814770138102604,7.247721610787368e-06,1.2102832839122408e-05,1.2231292233717702e-05,1.8671168709692946e-05,-1.0102350763381456e-06,1.6154239705974085e-07,8.788702818149176e-07,1.6480666115318396,-4.297496230739865,5.945562842271705,0.939616860976551,6.327645968477445,8.442024477794138,361252.1819412781,100136.46734460641,512937.10007101187,0.4785152021534667,False
131,1472736127.4235668,1472736127.4221334,1472736127.425,0.002866506576538,2,2,"DD2,DD3","671,672",1472736127.425,1472736127.435,2016-09-01 13:22:07.423566818+00:00,2016-09-01 13:22:07.424999952+00:00,2016-09-01 13:22:07.434999943+00:00,retain,at least two reduced-time-associated infrasound channels,,,,131,131,2,2,0.002866506576538,"DD2,DD3",2,True,,7.038500645280431,True,127.0,133.0,0.0084331035614013,0.032433271408081,8.711440855921044,-9.312217209190829,18.02365806511187,0.0240001678466796,-0.0035669803619384,0.0444333553314209,0.0004332065582275,0.0484333038330078,0.0480000972747802,1.32303990274335,2.6460798054867003,noise_threshold,noise_threshold,moderate_impulsive,moderate_impulsive,candidate_event_131.pkl,/Users/glennthompson/Developer/KSCRocketSeismoHydrology/08_fireball_paper/falcon9-seismoacoustic-workflow-1.0.0/data/outputs/070_prepare_event_waveform_products/event_streams/candidate_event_131.pkl,1472736126.9235668,1472736128.0235667,2016-09-01 13:22:07.423566818+00:00,short_impulsive_candidate,False,True,False,analyze_all_final_events,199.3999999999999,364.5,0.7209856220361903,C_weak_or_broad,,,,0,additional_analyzed,891.4964332580566,14.858273887634278,/Users/glennthompson/Developer/KSCRocketSeismoHydrology/08_fireball_paper/falcon9-seismoacoustic-workflow-1.0.0/data/outputs/070_prepare_event_waveform_products/event_streams/candidate_event_131.pkl,0.0004332065582275,0.0484333038330078,0.0480000972747803,-0.18,-0.05,250.0,1472736127.424,1472736127.4720001,13,3,2.049925949809756e-05,1.4363226861460564e-05,1.0767950696204707e-05,2.524084867708063e-05,0.048433206558228026,4.925302690149603e-05,2.308669317904071,9.097159724583778e-06,3.654527521402756e-06,4.8392338729675075e-06,1.093307234662588e-05,6.89757922370683e-07,2.7743791269888643e-06,2.5410133217899385e-06,8.431312288903769,-8.7105292403675,17.141841529271268,0.7983175560268915,21.47245967454816,24.339469554624042,679130.9495403981,334034.4216143424,964288.8741979954,0.51247304510972,False
132,1472736128.2815666,1472736128.2771337,1472736128.286,0.008866548538208,2,2,"DD2,DD3","674,675",1472736128.286,1472736128.29,2016-09-01 13:22:08.281566620+00:00,2016-09-01 13:22:08.286000013+00:00,2016-09-01 13:22:08.289999962+00:00,retain,at least two reduced-time-associated infrasound channels,,,,132,132,2,2,0.0088663101196289,"DD2,DD3",2,True,,8.08076261906105,True,128.0,135.0,0.0135669708251953,0.0415668487548828,8.567731981073365,-7.494125504045366,16.06185748511873,0.0279998779296875,-0.0004329681396484,0.0555667877197265,0.0055668354034423,0.0655667781829834,0.059999942779541,1.0602627975809664,2.120525595161933,noise_threshold,noise_threshold,moderate_impulsive,moderate_impulsive,candidate_event_132.pkl,/Users/glennthompson/Developer/KSCRocketSeismoHydrology/08_fireball_paper/falcon9-seismoacoustic-workflow-1.0.0/data/outputs/070_prepare_event_waveform_products/event_streams/candidate_event_132.pkl,1472736127.7815666,1472736128.8815663,2016-09-01 13:22:08.281566620+00:00,short_impulsive_candidate,False,True,False,analyze_all_final_events,200.2999999999999,348.5,0.7171957371213029,C_weak_or_broad,,,,0,additional_analyzed,892.3544330596924,14.872573884328206,/Users/glennthompson/Developer/KSCRocketSeismoHydrology/08_fireball_paper/falcon9-seismoacoustic-workflow-1.0.0/data/outputs/070_prepare_event_waveform_products/event_streams/candidate_event_132.pkl,0.0055668354034423,0.0655667781829834,0.0599999427795411,-0.18,-0.05,250.0,1472736128.2879999,1472736128.3439999,15,3,1.2367391642869975e-05,1.382680046846564e-05,1.3536360501738772e-05,1.514674558892619e-05,0.05443335151672413,3.503446766783846e-05,2.0758706988205,4.970589418731476e-06,4.167010106327348e-06,3.342045739955652e-06,7.296574684315599e-06,-1.1131371412913202e-06,-1.9123999006453453e-06,3.9018982387920296e-07,11.144163327599486,-7.15269516713712,18.296858494736604,1.0070665737758844,18.168469663464812,25.979462563427276,1207972.919814106,735746.386058468,1715184.4540401406,0.4323383969333394,False
133,1472736130.592567,1472736130.5911336,1472736130.594,0.002866506576538,2,2,"DD2,DD3","677,678",1472736130.594,1472736130.604,2016-09-01 13:22:10.592566967+00:00,2016-09-01 13:22:10.594000101+00:00,2016-09-01 13:22:10.604000092+00:00,retain,at least two reduced-time-associated infrasound channels,,,,133,133,2,2,0.002866506576538,"DD2,DD3",2,True,,4.844637732877825,True,127.0,133.0,0.0093262195587158,0.0333263874053955,8.786038644560232,-9.303741753211844,18.08978039777207,0.0240001678466796,-0.002673864364624,0.0453264713287353,0.0013263225555419,0.0493264198303222,0.0480000972747802,1.9204205280557087,3.8408410561114175,noise_threshold,noise_threshold,moderate_impulsive,moderate_impulsive,candidate_event_133.pkl,/Users/glennthompson/Developer/KSCRocketSeismoHydrology/08_fireball_paper/falcon9-seismoacoustic-workflow-1.0.0/data/outputs/070_prepare_event_waveform_products/event_streams/candidate_event_133.pkl,1472736130.092567,1472736131.1925669,2016-09-01 13:22:10.592566967+00:00,short_impulsive_candidate,False,True,False,analyze_all_final_events,198.3999999999999,366.0,0.5811827530839033,C_weak_or_broad,,,,0,additional_analyzed,894.6654334068298,14.911090556780497,/Users/glennthompson/Developer/KSCRocketSeismoHydrology/08_fireball_paper/falcon9-seismoacoustic-workflow-1.0.0/data/outputs/070_prepare_event_waveform_products/event_streams/candidate_event_133.pkl,0.0013263225555419,0.0493264198303222,0.0480000972747803,-0.18,-0.05,250.0,1472736130.596,1472736130.64,12,3,1.1963632198154477e-05,1.1109790392083663e-05,4.490607280702832e-06,1.6932852437739316e-05,0.04743304061889697,4.381967206334378e-05,3.652911211484651,3.146390534379973e-06,3.0402315531643643e-06,1.5311848337247214e-06,4.635440463075834e-06,-1.0664795634070137e-06,1.2058612375481528e-06,-5.299116567823676e-07,9.39217580895933,-7.421150917077503,16.813326726036834,1.5941938138438814,10.546601410713638,23.87301581697199,992941.1945127398,554671.804026733,1409863.8079290583,0.38642124964472424,False
134,1472736131.2325668,1472736131.2251334,1472736131.24,0.0148665904998779,2,2,"DD2,DD3","681,680",1472736131.238,1472736131.24,2016-09-01 13:22:11.232566833+00:00,2016-09-01 13:22:11.237999916+00:00,2016-09-01 13:22:11.240000010+00:00,retain,at least two reduced-time-associated infrasound channels,,,,134,134,2,2,0.0148665904998779,"DD2,DD3",2,True,,5.401706486403708,True,128.0,133.0,0.0133266448974609,0.0333266258239746,5.705494167458034,-6.411640569628475,12.11713473708651,0.0199999809265136,0.0033266544342041,0.0433266162872314,0.005326509475708,0.0533266067504882,0.0480000972747802,1.1869657460594736,2.373931492118947,noise_threshold,noise_threshold,moderate_impulsive,moderate_impulsive,candidate_event_134.pkl,/Users/glennthompson/Developer/KSCRocketSeismoHydrology/08_fireball_paper/falcon9-seismoacoustic-workflow-1.0.0/data/outputs/070_prepare_event_waveform_products/event_streams/candidate_event_134.pkl,1472736130.7325668,1472736131.8325667,2016-09-01 13:22:11.232566833+00:00,short_impulsive_candidate,False,True,False,analyze_all_final_events,199.19999999999987,345.0,0.6311391220798055,C_weak_or_broad,,,,0,additional_analyzed,895.3054332733154,14.921757221221924,/Users/glennthompson/Developer/KSCRocketSeismoHydrology/08_fireball_paper/falcon9-seismoacoustic-workflow-1.0.0/data/outputs/070_prepare_event_waveform_products/event_streams/candidate_event_134.pkl,0.005326509475708,0.0533266067504882,0.0480000972747802,-0.18,-0.05,250.0,1472736131.24,1472736131.2840002,12,3,1.841616007299951e-05,2.555648226530318e-05,4.631999895338037e-06,3.024281987334777e-05,0.051433279037476076,3.730643761008278e-05,2.7134997555541815,6.311249537686545e-06,5.094540154823457e-06,7.644077532094104e-06,1.114531881252049e-05,2.86337574845598e-06,3.0561801216278825e-06,1.2461417094680166e-06,7.832931310807916,-5.545205481868324,13.37813679267624,1.5376375594673144,8.700448756799908,18.995435969170444,442357.4537262662,259001.35449045475,628097.3814188087,0.8106595486129737,False
135,1472736148.8835669,1472736148.8831334,1472736148.884,0.0008666515350341,2,2,"DD2,DD3","689,690",1472736148.884,1472736148.896,2016-09-01 13:22:28.883566856+00:00,2016-09-01 13:22:28.884000063+00:00,2016-09-01 13:22:28.895999908+00:00,retain,at least two reduced-time-associated infrasound channels,,,,135,135,2,2,0.0008666515350341,"DD2,DD3",2,True,,10.399395926088037,True,128.0,133.0,0.0124332904815673,0.032433271408081,9.515995385970516,-9.823075038307104,19.33907042427762,0.0199999809265136,0.0024333000183105,0.0424332618713378,0.0004332065582275,0.1044332981109619,0.1040000915527343,0.9445813110802748,1.8891626221605493,noise_threshold,noise_threshold,moderate_impulsive,moderate_impulsive,candidate_event_135.pkl,/Users/glennthompson/Developer/KSCRocketSeismoHydrology/08_fireball_paper/falcon9-seismoacoustic-workflow-1.0.0/data/outputs/070_prepare_event_waveform_products/event_streams/candidate_event_135.pkl,1472736148.3835669,1472736149.4835668,2016-09-01 13:22:28.883566856+00:00,short_impulsive_candidate,False,True,False,analyze_all_final_events,200.2999999999999,343.5,0.7892511516142162,B_probable,0.1763834207376293,1.201850425154663,0.7697298669017285,9,additional_analyzed,912.9564332962036,15.215940554936727,/Users/glennthompson/Developer/KSCRocketSeismoHydrology/08_fireball_paper/falcon9-seismoacoustic-workflow-1.0.0/data/outputs/070_prepare_event_waveform_products/event_streams/candidate_event_135.pkl,0.0004332065582275,0.1044332981109619,0.1040000915527344,-0.18,-0.05,250.0,1472736148.884,1472736148.9880002,27,3,4.2325249430520874e-05,5.189729805280952e-05,2.9020823687865232e-05,6.8842893043929e-05,0.10443320655822808,6.8842893043929e-05,16.845228259100868,1.3054021031130217e-06,3.621266190387487e-06,1.372661870835935e-06,4.0867889698517845e-06,1.2896466325421638e-07,4.111475758660883e-07,2.3096378446241116e-06,8.298384140729093,-10.606924771992533,18.905308912721626,1.1850918857936559,15.952610206305431,26.843393104306234,274615.25913296605,120540.89788809212,389922.50205373164,1.0,True
136,1472736149.6770668,1472736149.6741335,1472736149.68,0.005866527557373,2,2,"DD2,DD3","692,694",1472736149.68,1472736149.687,2016-09-01 13:22:29.677066803+00:00,2016-09-01 13:22:29.680000067+00:00,2016-09-01 13:22:29.687000036+00:00,retain,at least two reduced-time-associated infrasound channels,,,,136,136,2,2,0.005866527557373,"DD2,DD3",2,True,,9.223199204237414,True,130.0,135.0,0.0208265781402587,0.0408265590667724,5.339859819713103,-7.7590046864746895,13.098864506187793,0.0199999809265136,0.0108265876770019,0.0508265495300293,0.0088264942169189,0.0568265914916992,0.0480000972747802,0.8412487375215717,1.6824974750431434,noise_threshold,noise_threshold,moderate_impulsive,moderate_impulsive,candidate_event_136.pkl,/Users/glennthompson/Developer/KSCRocketSeismoHydrology/08_fireball_paper/falcon9-seismoacoustic-workflow-1.0.0/data/outputs/070_prepare_event_waveform_products/event_streams/candidate_event_136.pkl,1472736149.1770668,1472736150.2770667,2016-09-01 13:22:29.677066803+00:00,short_impulsive_candidate,False,True,False,analyze_all_final_events,199.9999999999999,322.5,0.6593077422277033,C_weak_or_broad,,,,0,additional_analyzed,913.7499332427979,15.22916555404663,/Users/glennthompson/Developer/KSCRocketSeismoHydrology/08_fireball_paper/falcon9-seismoacoustic-workflow-1.0.0/data/outputs/070_prepare_event_waveform_products/event_streams/candidate_event_136.pkl,0.0088264942169189,0.0568265914916992,0.0480000972747803,-0.18,-0.05,250.0,1472736149.6880002,1472736149.732,12,3,1.6632825580356587e-05,2.3366313933984355e-05,1.9171241954561004e-05,3.027834141618352e-05,0.04293331527710009,6.272123069836666e-05,2.005650038112029,7.79675096441993e-06,1.2592622457672395e-05,2.9225901161857246e-06,1.5096522743661362e-05,1.6283378527948885e-07,2.0154672637851262e-06,-3.537413149498641e-08,4.947135478176717,-6.085543342559715,11.032678820736432,0.8965018323711871,12.306365053996307,15.665151833583401,364375.26973784494,163388.58889848288,517371.53030484385,0.4827446955209699,False
137,1472736149.9280667,1472736149.9101336,1472736149.946,0.0358664989471435,2,2,"DD2,DD3","697,696",1472736149.923,1472736149.946,2016-09-01 13:22:29.928066730+00:00,2016-09-01 13:22:29.923000097+00:00,2016-09-01 13:22:29.946000099+00:00,retain,threshold-sensitive DD2-DD3 event; coherent waveform,0.87855,8.02,1472736149.928067,137,137,2,2,0.0358664989471435,"DD2,DD3",2,True,,9.01552296405569,True,138.0,143.0,0.0538268089294433,0.073826789855957,7.969981680714837,-10.84602553226203,18.816007212976867,0.0199999809265136,0.0438268184661865,0.0838267803192138,0.0218267440795898,0.1058268547058105,0.0840001106262207,1.2030389779388768,2.4060779558777536,noise_threshold,noise_threshold,moderate_impulsive,moderate_impulsive,candidate_event_137.pkl,/Users/glennthompson/Developer/KSCRocketSeismoHydrology/08_fireball_paper/falcon9-seismoacoustic-workflow-1.0.0/data/outputs/070_prepare_event_waveform_products/event_streams/candidate_event_137.pkl,1472736149.4280667,1472736150.5280666,2016-09-01 13:22:29.928066730+00:00,short_impulsive_candidate,False,True,False,analyze_all_final_events,200.9999999999999,357.5,0.857825215863351,B_probable,0.1763834207376293,1.3286956381223776,0.8485704533895975,9,additional_analyzed,914.0009331703186,15.233348886171976,/Users/glennthompson/Developer/KSCRocketSeismoHydrology/08_fireball_paper/falcon9-seismoacoustic-workflow-1.0.0/data/outputs/070_prepare_event_waveform_products/event_streams/candidate_event_137.pkl,0.0218267440795898,0.1058268547058105,0.0840001106262207,-0.18,-0.05,250.0,1472736149.952,1472736150.032,21,3,2.2131931080317682e-05,2.4210449207554075e-05,2.1934352669639566e-05,3.2817501534572005e-05,0.043933242797852046,6.169714186863055e-05,1.3986639423882574,1.230647343532667e-05,1.7198142538954693e-05,1.016409187218785e-05,2.346346433907148e-05,1.1177297341758966e-07,1.7718049434998248e-06,-1.7020453549035529e-06,7.972363928729703,-11.317235260695417,19.289599189425118,0.7821658048291565,24.6617776823399,27.389041684360535,587783.9045456965,242930.25233292414,834586.4372248816,0.5319128332467832,False
138,1472736158.7178934,1472736158.713,1472736158.7221334,0.0091333389282226,3,3,"DD1,DD2,DD3","704,701,702",1472736158.713,1472736158.808,2016-09-01 13:22:38.717893362+00:00,2016-09-01 13:22:38.713000059+00:00,2016-09-01 13:22:38.808000088+00:00,retain,at least two reduced-time-associated infrasound channels,,,,138,138,3,3,0.0091333389282226,"DD1,DD2,DD3",3,True,,15.428356855614588,True,128.0,134.0,0.013240098953247,0.0372400283813476,19.743959793420306,-27.1260462015301,46.8700059949504,0.0239999294281005,0.0012401342391967,0.0492399930953979,-0.0107600688934326,0.0572400093078613,0.0680000782012939,1.7581941133062764,3.516388226612553,noise_threshold,noise_threshold,robust_impulsive,robust_impulsive,candidate_event_138.pkl,/Users/glennthompson/Developer/KSCRocketSeismoHydrology/08_fireball_paper/falcon9-seismoacoustic-workflow-1.0.0/data/outputs/070_prepare_event_waveform_products/event_streams/candidate_event_138.pkl,1472736158.2178934,1472736159.3178933,2016-09-01 13:22:38.717893362+00:00,short_impulsive_candidate,False,True,True,analyze_all_final_events,199.7999999999999,351.5,0.8782724032168395,B_probable,0.298142396999955,4.068851871911234,0.8592359586681543,9,core,922.7907598018646,15.379845996697744,/Users/glennthompson/Developer/KSCRocketSeismoHydrology/08_fireball_paper/falcon9-seismoacoustic-workflow-1.0.0/data/outputs/070_prepare_event_waveform_products/event_streams/candidate_event_138.pkl,-0.0107600688934326,0.0572400093078613,0.0680000782012939,-0.18,-0.05,250.0,1472736158.7080002,1472736158.772,17,3,2.5062329176755164e-05,3.138995563886837e-05,1.668494055384667e-05,4.214256075722826e-05,0.054106718063354986,0.0001272249568180471,8.611938920920958,2.4414252755169217e-06,3.499201540538427e-06,2.396125254936417e-06,4.893504371570897e-06,-1.9715474921046878e-06,6.246990672217998e-07,7.299424060646637e-07,19.490461870412673,-27.177119462858194,46.66758133327087,1.2908363217149637,36.15298124805616,66.26266921844396,1107374.1247502735,462488.7885359383,1572345.5819442258,0.3312444492907091,False
139,1472736160.1865668,1472736160.1851337,1472736160.188,0.002866506576538,2,2,"DD2,DD3","705,706",1472736160.188,1472736160.198,2016-09-01 13:22:40.186566830+00:00,2016-09-01 13:22:40.187999964+00:00,2016-09-01 13:22:40.197999954+00:00,retain,at least two reduced-time-associated infrasound channels,,,,139,139,2,2,0.0028662681579589,"DD2,DD3",2,True,,7.989575007002489,True,129.0,139.0,0.0174331665039062,0.0574331283569335,7.424996740647332,-6.525514929171877,13.950511669819209,0.0399999618530273,-0.0025668144226074,0.0774331092834472,0.0014331340789794,0.0854332447052002,0.0840001106262207,0.9293356322632518,1.8586712645265036,noise_threshold,noise_threshold,moderate_impulsive,moderate_impulsive,candidate_event_139.pkl,/Users/glennthompson/Developer/KSCRocketSeismoHydrology/08_fireball_paper/falcon9-seismoacoustic-workflow-1.0.0/data/outputs/070_prepare_event_waveform_products/event_streams/candidate_event_139.pkl,1472736159.6865668,1472736160.7865667,2016-09-01 13:22:40.186566830+00:00,short_impulsive_candidate,False,True,False,analyze_all_final_events,199.7999999999999,359.5,0.768778731500604,B_probable,0.2739739556874945,0.5328701692569688,0.7485285098949508,9,additional_analyzed,924.2594332695007,15.404323887825011,/Users/glennthompson/Developer/KSCRocketSeismoHydrology/08_fireball_paper/falcon9-seismoacoustic-workflow-1.0.0/data/outputs/070_prepare_event_waveform_products/event_streams/candidate_event_139.pkl,0.0014331340789794,0.0854332447052002,0.0840001106262208,-0.18,-0.05,250.0,1472736160.188,1472736160.272,22,3,2.317410717287515e-05,2.338389125258956e-05,1.0798083949021319e-05,2.6154800421355187e-05,0.07343313407898,3.131074966786786e-05,2.08805863219257,7.420383259238669e-06,5.474608649434548e-06,8.477298205624015e-06,1.2525893678517681e-05,1.8690952329629353e-06,-8.799098496910277e-08,-1.0310351148216426e-06,8.248393418967586,-6.114769325952407,14.363162744919993,0.7961447838805428,18.04089285734127,20.394061031373464,549159.714986492,315368.24162622314,779744.4714860786,0.8353297413442681,False
140,1472736160.9475667,1472736160.947,1472736160.9481337,0.0011334419250488,2,2,"DD2,DD3","707,708",1472736160.947,1472736160.961,2016-09-01 13:22:40.947566748+00:00,2016-09-01 13:22:40.947000027+00:00,2016-09-01 13:22:40.960999966+00:00,retain,at least two reduced-time-associated infrasound channels,,,,140,140,2,2,0.0011336803436279,"DD2,DD3",2,True,,8.121169800930797,True,129.0,134.0,0.0164332389831542,0.0364332199096679,8.326328245078644,-8.622141660409913,16.948469905488558,0.0199999809265136,0.0064332485198974,0.0464332103729248,0.0044331550598144,0.0724332332611084,0.0680000782012939,1.061687154899987,2.123374309799974,noise_threshold,noise_threshold,moderate_impulsive,moderate_impulsive,candidate_event_140.pkl,/Users/glennthompson/Developer/KSCRocketSeismoHydrology/08_fireball_paper/falcon9-seismoacoustic-workflow-1.0.0/data/outputs/070_prepare_event_waveform_products/event_streams/candidate_event_140.pkl,1472736160.4475667,1472736161.547567,2016-09-01 13:22:40.947566748+00:00,short_impulsive_candidate,False,True,False,analyze_all_final_events,200.3999999999999,345.5,0.7139396311711026,C_weak_or_broad,,,,0,additional_analyzed,925.0204331874847,15.417007219791412,/Users/glennthompson/Developer/KSCRocketSeismoHydrology/08_fireball_paper/falcon9-seismoacoustic-workflow-1.0.0/data/outputs/070_prepare_event_waveform_products/event_streams/candidate_event_140.pkl,0.0044331550598144,0.0724332332611084,0.068000078201294,-0.18,-0.05,250.0,1472736160.952,1472736161.02,18,3,2.915686065727128e-05,2.2286548115394333e-05,7.959864269054349e-06,3.755225944559247e-05,0.07243320655822805,3.755225944559247e-05,4.8999229976145084,1.9014875385072277e-06,6.902087520251039e-06,2.734973782530675e-06,7.663846853078e-06,-1.1977063660722163e-06,2.5259304122448256e-07,1.7789229605898216e-07,10.747160670939287,-8.00708765259274,18.754248323532025,0.8214511370019302,22.830631645334197,26.62890421142938,499417.3080505073,286192.11812035687,709115.8988718275,1.0,False
141,1472736162.9195666,1472736162.9181335,1472736162.921,0.002866506576538,2,2,"DD2,DD3","710,711",1472736162.921,1472736162.931,2016-09-01 13:22:42.919566631+00:00,2016-09-01 13:22:42.921000004+00:00,2016-09-01 13:22:42.930999994+00:00,retain,at least two reduced-time-associated infrasound channels,,,,141,141,2,2,0.002866506576538,"DD2,DD3",2,True,,8.637502195917406,True,128.0,134.0,0.0124335289001464,0.036433458328247,10.984993872112462,-9.833754695819309,20.81874856793177,0.0239999294281005,0.0004335641860961,0.0484334230422973,0.0004334449768066,0.0724334716796875,0.0720000267028808,1.271778996166811,2.5435579923336213,noise_threshold,noise_threshold,moderate_impulsive,moderate_impulsive,candidate_event_141.pkl,/Users/glennthompson/Developer/KSCRocketSeismoHydrology/08_fireball_paper/falcon9-seismoacoustic-workflow-1.0.0/data/outputs/070_prepare_event_waveform_products/event_streams/candidate_event_141.pkl,1472736162.4195666,1472736163.5195663,2016-09-01 13:22:42.919566631+00:00,short_impulsive_candidate,False,True,False,analyze_all_final_events,198.9999999999999,354.0,0.7302607356168014,C_weak_or_broad,,,,0,additional_analyzed,926.9924330711365,15.449873884518942,/Users/glennthompson/Developer/KSCRocketSeismoHydrology/08_fireball_paper/falcon9-seismoacoustic-workflow-1.0.0/data/outputs/070_prepare_event_waveform_products/event_streams/candidate_event_141.pkl,0.0004334449768066,0.0724334716796875,0.0720000267028809,-0.18,-0.05,250.0,1472736162.92,1472736162.992,19,3,3.474967288114114e-05,4.641154099932462e-05,2.4658347402794168e-05,5.594046855304165e-05,0.07243344497680715,5.594046855304165e-05,12.845182554799047,1.6947835103503366e-06,3.506168108275409e-06,1.9494395678408166e-06,4.354976530258958e-06,1.5639327372839318e-09,9.531944532651534e-08,-1.4858532299870914e-06,11.257046087412252,-9.400425451247436,20.65747153865969,1.7558563513985894,11.764898376911885,29.33126518129087,369275.98343357956,201232.60277554777,524329.9875738356,1.0,True
142,1472736165.0595667,1472736165.0591335,1472736165.06,0.000866413116455,2,2,"DD2,DD3","713,714",1472736165.06,1472736165.072,2016-09-01 13:22:45.059566736+00:00,2016-09-01 13:22:45.059999943+00:00,2016-09-01 13:22:45.072000027+00:00,retain,at least two reduced-time-associated infrasound channels,,,,142,142,2,2,0.000866413116455,"DD2,DD3",2,True,,8.423020410967702,True,128.0,134.0,0.0124332904815673,0.0364332199096679,12.859398738189771,-10.733083949856445,23.592482688046218,0.0239999294281005,0.000433325767517,0.0484331846237182,0.0004332065582275,0.0724332332611084,0.0720000267028808,1.526696851101704,3.053393702203408,noise_threshold,noise_threshold,moderate_impulsive,moderate_impulsive,candidate_event_142.pkl,/Users/glennthompson/Developer/KSCRocketSeismoHydrology/08_fireball_paper/falcon9-seismoacoustic-workflow-1.0.0/data/outputs/070_prepare_event_waveform_products/event_streams/candidate_event_142.pkl,1472736164.5595667,1472736165.6595666,2016-09-01 13:22:45.059566736+00:00,short_impulsive_candidate,False,True,False,analyze_all_final_events,200.4999999999999,373.5,0.7821822832762864,B_probable,0.5902499993463409,3.7712361663282534,0.7756711750376581,9,additional_analyzed,929.1324331760406,15.48554055293401,/Users/glennthompson/Developer/KSCRocketSeismoHydrology/08_fireball_paper/falcon9-seismoacoustic-workflow-1.0.0/data/outputs/070_prepare_event_waveform_products/event_streams/candidate_event_142.pkl,0.0004332065582275,0.0724332332611084,0.0720000267028809,-0.18,-0.05,250.0,1472736165.06,1472736165.132,19,3,4.229391361277884e-05,4.548851160110446e-05,2.1815679286726668e-05,6.361069443221525e-05,0.07243320655822805,6.361069443221525e-05,18.71156050442407,2.2858168690801364e-06,1.4759028080255763e-06,2.038043893825764e-06,3.3995397880992042e-06,9.229992231073635e-07,-9.80190400495282e-07,-2.1251818048767715e-06,11.786989017988143,-12.030908388828447,23.81789740681659,1.908640445426866,12.478986004873086,33.81871123930616,374432.28091460926,185298.85773450532,531651.3448119013,1.0,True
143,1472736168.085,1472736168.0831337,1472736168.0858934,0.0027599334716796,3,3,"DD1,DD2,DD3","719,716,717",1472736168.085,1472736168.176,2016-09-01 13:22:48.085000038+00:00,2016-09-01 13:22:48.085000038+00:00,2016-09-01 13:22:48.176000118+00:00,retain,at least two reduced-time-associated infrasound channels,,,,143,143,3,3,0.0027596950531005,"DD1,DD2,DD3",3,True,,11.152836348930888,True,129.0,134.0,0.0168933868408203,0.0368933677673339,24.016100426943705,-22.58449078599602,46.600591212939726,0.0199999809265136,0.0068933963775634,0.0468933582305908,0.0008933544158935,0.0608932971954345,0.059999942779541,2.1533625775156193,4.306725155031239,noise_threshold,noise_threshold,robust_impulsive,robust_impulsive,candidate_event_143.pkl,/Users/glennthompson/Developer/KSCRocketSeismoHydrology/08_fireball_paper/falcon9-seismoacoustic-workflow-1.0.0/data/outputs/070_prepare_event_waveform_products/event_streams/candidate_event_143.pkl,1472736167.585,1472736168.685,2016-09-01 13:22:48.085000038+00:00,short_impulsive_candidate,False,True,True,analyze_all_final_events,198.0999999999999,352.0,0.7102240384404238,C_weak_or_broad,,,,0,core,932.1578664779663,15.535964441299438,/Users/glennthompson/Developer/KSCRocketSeismoHydrology/08_fireball_paper/falcon9-seismoacoustic-workflow-1.0.0/data/outputs/070_prepare_event_waveform_products/event_streams/candidate_event_143.pkl,0.0008933544158935,0.0608932971954345,0.059999942779541,-0.18,-0.05,250.0,1472736168.088,1472736168.144,15,3,3.135380332790107e-05,4.174959697024017e-05,2.304984452116536e-05,5.136289603457501e-05,0.05500007247924854,0.00010302869073254748,6.557836316725627,6.087797497315018e-06,3.5476924386615275e-06,3.420148382476935e-06,7.832293084774775e-06,1.0040065166155829e-06,9.828908332938434e-07,-1.7104635741275614e-06,21.178044625465265,-24.59021648553804,45.768261111003305,1.1352413987305174,40.31588450014562,64.9857365661171,891076.334173103,412321.85605751735,1265227.2668264627,0.49853002760083714,False
144,1472736178.465067,1472736178.4621334,1472736178.468,0.005866527557373,2,2,"DD2,DD3","725,726",1472736178.468,1472736178.475,2016-09-01 13:22:58.465066671+00:00,2016-09-01 13:22:58.467999935+00:00,2016-09-01 13:22:58.474999905+00:00,retain,at least two reduced-time-associated infrasound channels,,,,144,144,2,2,0.005866527557373,"DD2,DD3",2,True,,7.665363872469132,True,129.0,134.0,0.0168263912200927,0.0368263721466064,19.08878512253422,-18.318868672386458,37.40765379492068,0.0199999809265136,0.0068264007568359,0.0468263626098632,0.0048263072967529,0.0768263339996337,0.0720000267028808,2.490264707601601,4.980529415203202,noise_threshold,noise_threshold,moderate_impulsive,moderate_impulsive,candidate_event_144.pkl,/Users/glennthompson/Developer/KSCRocketSeismoHydrology/08_fireball_paper/falcon9-seismoacoustic-workflow-1.0.0/data/outputs/070_prepare_event_waveform_products/event_streams/candidate_event_144.pkl,1472736177.965067,1472736179.0650668,2016-09-01 13:22:58.465066910+00:00,short_impulsive_candidate,False,True,True,analyze_all_final_events,199.9999999999999,348.5,0.8624668243112537,B_probable,0.3424674446093681,1.2692955176439846,0.8274997442396865,9,core,942.5379333496094,15.708965555826824,/Users/glennthompson/Developer/KSCRocketSeismoHydrology/08_fireball_paper/falcon9-seismoacoustic-workflow-1.0.0/data/outputs/070_prepare_event_waveform_products/event_streams/candidate_event_144.pkl,0.0048263072967529,0.0768263339996337,0.0720000267028808,-0.18,-0.05,250.0,1472736178.472,1472736178.54,18,3,6.378409036711983e-05,7.400576931000058e-05,3.279055977654614e-05,9.84876733530721e-05,0.07493307685852102,9.84876733530721e-05,34.233482083077355,1.4007241001852243e-06,1.6286130504397993e-06,1.913733312497032e-06,2.8769399827357188e-06,-1.6375658878484024e-06,2.3974819314573242e-06,-1.3383895366246702e-06,16.624999468529467,-18.253931161991556,34.878930630521026,1.4178915410943422,24.59915276989461,49.52412310718056,354145.13758978,168802.84509239942,502845.9036659308,1.0,True
145,1472736192.3475666,1472736192.3471334,1472736192.348,0.0008666515350341,2,2,"DD2,DD3","735,736",1472736192.348,1472736192.36,2016-09-01 13:23:12.347566605+00:00,2016-09-01 13:23:12.348000050+00:00,2016-09-01 13:23:12.359999895+00:00,retain,at least two reduced-time-associated infrasound channels,,,,145,145,2,2,0.0008666515350341,"DD2,DD3",2,True,,19.19523147995886,True,130.0,163.0,0.0204334259033203,0.1524333953857422,8.582616981189647,-22.75276473039664,31.335381711586287,0.1319999694824218,-0.0455665588378906,0.2184333801269531,-0.083566665649414,0.2084333896636963,0.2920000553131103,1.1853342198114198,2.3706684396228397,noise_threshold,noise_threshold,moderate_impulsive,moderate_impulsive,candidate_event_145.pkl,/Users/glennthompson/Developer/KSCRocketSeismoHydrology/08_fireball_paper/falcon9-seismoacoustic-workflow-1.0.0/data/outputs/070_prepare_event_waveform_products/event_streams/candidate_event_145.pkl,1472736191.8475666,1472736192.9475665,2016-09-01 13:23:12.347566605+00:00,short_impulsive_candidate,False,True,True,analyze_all_final_events,198.69999999999987,353.5,0.731320030736561,C_weak_or_broad,,,,0,core,956.4204330444336,15.94034055074056,/Users/glennthompson/Developer/KSCRocketSeismoHydrology/08_fireball_paper/falcon9-seismoacoustic-workflow-1.0.0/data/outputs/070_prepare_event_waveform_products/event_streams/candidate_event_145.pkl,-0.083566665649414,0.2084333896636963,0.2920000553131103,-0.18,-0.05,250.0,1472736192.264,1472736192.552,73,3,4.737495140290053e-05,5.3950349349242294e-05,2.4282796070048395e-05,6.488575311870173e-05,0.07643344497680715,6.488575311870173e-05,27.14103384650684,1.4010458463104624e-06,1.6682040280828078e-06,9.846606472799625e-07,2.3906883387587976e-06,4.17927645570341e-07,-1.5171665260652908e-07,1.5936473220597254e-06,13.957422369944107,-12.557475908335208,26.514898278279315,1.900595657754001,13.950835976134385,37.648146395830565,408639.7553215275,215107.65767656968,580222.0762847153,1.0,True
146,1472736222.070567,1472736222.068,1472736222.0731337,0.0051333904266357,2,2,"DD2,DD3","743,744",1472736222.068,1472736222.086,2016-09-01 13:23:42.070566654+00:00,2016-09-01 13:23:42.068000078+00:00,2016-09-01 13:23:42.085999966+00:00,retain,at least two reduced-time-associated infrasound channels,,,,146,146,2,2,0.0051336288452148,"DD2,DD3",2,True,,23.710635642667135,True,143.0,186.0,0.0734331607818603,0.2454330921173095,10.22243664012831,-21.92107153702018,32.14350817714849,0.1719999313354492,-0.0125668048858642,0.3314330577850342,-0.0025668144226074,0.2774331569671631,0.2799999713897705,0.924524836338565,1.84904967267713,noise_threshold,noise_threshold,moderate_impulsive,moderate_impulsive,candidate_event_146.pkl,/Users/glennthompson/Developer/KSCRocketSeismoHydrology/08_fireball_paper/falcon9-seismoacoustic-workflow-1.0.0/data/outputs/070_prepare_event_waveform_products/event_streams/candidate_event_146.pkl,1472736221.570567,1472736222.6705668,2016-09-01 13:23:42.070566893+00:00,short_impulsive_candidate,False,True,True,analyze_all_final_events,199.59999999999988,344.0,0.7235530759153253,C_weak_or_broad,,,,0,core,986.1434333324432,16.435723888874055,/Users/glennthompson/Developer/KSCRocketSeismoHydrology/08_fireball_paper/falcon9-seismoacoustic-workflow-1.0.0/data/outputs/070_prepare_event_waveform_products/event_streams/candidate_event_146.pkl,-0.0025668144226074,0.2774331569671631,0.2799999713897705,-0.18,-0.05,250.0,1472736222.072,1472736222.348,70,3,4.023532167231549e-05,3.534732940381375e-05,2.593059340122037e-05,4.77730144797966e-05,0.1814331340789801,4.77730144797966e-05,20.938126874763935,1.0633095599790211e-06,1.2355749536010412e-06,1.5964188654552717e-06,2.2816279013657096e-06,4.520874855461532e-07,-2.910740674112896e-07,-9.99680999637164e-07,9.240479361214069,-9.423406140652745,18.663885501866815,0.7834904860078367,23.821457739666968,26.500599259885252,390678.41343275184,193424.6658251366,554719.0092241816,1.0,True
147,1472736257.5315666,1472736257.531,1472736257.5321336,0.0011336803436279,2,2,"DD2,DD3","753,754",1472736257.531,1472736257.545,2016-09-01 13:24:17.531566620+00:00,2016-09-01 13:24:17.530999899+00:00,2016-09-01 13:24:17.545000076+00:00,retain,at least two reduced-time-associated infrasound channels,,,,147,147,2,2,0.0011336803436279,"DD2,DD3",2,True,,14.707186874030011,True,129.0,137.0,0.0164334774017334,0.0484335422515869,14.64652951041596,-14.768637902468438,29.415167412884397,0.0320000648498535,0.0004334449768066,0.0644335746765136,-0.0115666389465332,0.0844335556030273,0.0960001945495605,1.0041782992876045,2.008356598575209,noise_threshold,noise_threshold,moderate_impulsive,moderate_impulsive,candidate_event_147.pkl,/Users/glennthompson/Developer/KSCRocketSeismoHydrology/08_fireball_paper/falcon9-seismoacoustic-workflow-1.0.0/data/outputs/070_prepare_event_waveform_products/event_streams/candidate_event_147.pkl,1472736257.0315666,1472736258.1315663,2016-09-01 13:24:17.531566620+00:00,short_impulsive_candidate,False,True,True,analyze_all_final_events,200.3999999999999,344.5,0.8101296601335831,B_probable,0.1133115447464998,2.454524670486058,0.80286824968863,9,core,1021.6044330596924,17.026740550994873,/Users/glennthompson/Developer/KSCRocketSeismoHydrology/08_fireball_paper/falcon9-seismoacoustic-workflow-1.0.0/data/outputs/070_prepare_event_waveform_products/event_streams/candidate_event_147.pkl,-0.0115666389465332,0.0844335556030273,0.0960001945495605,-0.18,-0.05,250.0,1472736257.52,1472736257.6160002,25,3,3.838587421517992e-05,4.533203211279196e-05,2.04376494357266e-05,5.846665310921133e-05,0.08043344497680716,6.152144597081138e-05,20.341369581030808,1.618458570692497e-06,2.1378478792048903e-06,1.0352027026808708e-06,2.8742731838338933e-06,1.1915542096283777e-06,2.007784417898235e-06,-1.3125205566923998e-06,14.935173013498432,-14.581342333826544,29.516515347324976,1.3543670126470624,21.793587020135696,41.91010198221981,504843.59506931814,255447.71624947723,716820.6106125978,0.9503458864889264,True
149,1472736595.1581335,1472736595.1468933,1472736595.168,0.0211067199707031,3,3,"DD1,DD2,DD3","803,798,799",1472736595.168,1472736595.237,2016-09-01 13:29:55.158133507+00:00,2016-09-01 13:29:55.167999983+00:00,2016-09-01 13:29:55.236999989+00:00,retain,at least two reduced-time-associated infrasound channels,,,,148,148,3,3,0.0211067199707031,"DD1,DD2,DD3",3,True,,25.099486685370564,True,137.0,144.0,0.0498666763305664,0.0778665542602539,29.28984818675172,-35.44130118246247,64.7311493692142,0.0279998779296875,0.0358667373657226,0.0918664932250976,-0.0181334018707275,0.1698665618896484,0.1879999637603759,1.4120329083510583,2.824065816702117,noise_threshold,noise_threshold,moderate_impulsive,moderate_impulsive,candidate_event_148.pkl,/Users/glennthompson/Developer/KSCRocketSeismoHydrology/08_fireball_paper/falcon9-seismoacoustic-workflow-1.0.0/data/outputs/070_prepare_event_waveform_products/event_streams/candidate_event_148.pkl,1472736594.6581335,1472736595.7581334,2016-09-01 13:29:55.158133507+00:00,short_impulsive_candidate,False,True,True,analyze_all_final_events,200.4999999999999,356.5,0.964661637337439,A_high_quality,0.2298684540619558,1.5275252316519468,0.9588003857570162,9,core,1359.2309999465942,22.653849999109905,/Users/glennthompson/Developer/KSCRocketSeismoHydrology/08_fireball_paper/falcon9-seismoacoustic-workflow-1.0.0/data/outputs/070_prepare_event_waveform_products/event_streams/candidate_event_148.pkl,-0.0181334018707275,0.1698665618896484,0.18799996376037592,-0.18,-0.05,250.0,1472736595.144,1472736595.3240001,46,3,0.00010861187995113123,0.00014587853663807792,6.481023896070376e-05,0.00017795792053577666,0.11386657905578668,0.00017795792053577666,40.051055442956134,2.537914030616378e-06,2.9843780178082985e-06,2.0964703307458624e-06,4.443276676921495e-06,-4.4015616221259055e-07,1.4075226048191545e-06,7.61135733469608e-07,29.289848186752053,-35.44130118246227,64.73114936921432,0.947626837087431,68.3086916028762,91.91088580637414,363744.13217646454,164588.61790792627,516475.38659509324,1.0,True
150,1472736642.724,1472736642.7208934,1472736642.7241335,0.0032401084899902,3,3,"DD1,DD2,DD3","808,804,805",1472736642.724,1472736642.811,2016-09-01 13:30:42.723999977+00:00,2016-09-01 13:30:42.723999977+00:00,2016-09-01 13:30:42.811000109+00:00,retain,at least two reduced-time-associated infrasound channels,,,,149,149,3,3,0.0032401084899902,"DD1,DD2,DD3",3,True,,14.314950285976302,True,128.0,134.0,0.0138933658599853,0.0378932952880859,10.787586969071866,-22.142842246571764,32.93042921564363,0.0239999294281005,0.001893401145935,0.0498932600021362,0.0018932819366455,0.0498932600021362,0.0479999780654907,1.546833331881291,3.093666663762582,noise_threshold,model,robust_impulsive,robust_impulsive,candidate_event_149.pkl,/Users/glennthompson/Developer/KSCRocketSeismoHydrology/08_fireball_paper/falcon9-seismoacoustic-workflow-1.0.0/data/outputs/070_prepare_event_waveform_products/event_streams/candidate_event_149.pkl,1472736642.224,1472736643.324,2016-09-01 13:30:42.723999977+00:00,short_impulsive_candidate,False,True,True,analyze_all_final_events,200.4999999999999,354.5,0.9394938186258276,A_high_quality,0.1872477727372417,1.0570165328022472,0.9386071575643832,9,core,1406.7968664169312,23.446614440282186,/Users/glennthompson/Developer/KSCRocketSeismoHydrology/08_fireball_paper/falcon9-seismoacoustic-workflow-1.0.0/data/outputs/070_prepare_event_waveform_products/event_streams/candidate_event_149.pkl,0.0018932819366455,0.0498932600021362,0.0479999780654907,-0.18,-0.05,250.0,1472736642.728,1472736642.772,12,3,2.196154482881458e-05,1.2065546930755887e-05,8.254957182001946e-06,2.638240307634979e-05,0.04800000000000049,0.00011040473810572242,4.607109795988424,3.325638280547166e-06,3.739641344917112e-06,2.7834313236524976e-06,5.726454164240213e-06,1.6475595433945041e-06,1.0030206634930347e-06,-1.3172846943971628e-07,10.469513530389536,-21.541349516305893,32.01086304669543,0.5587702427725053,57.28805973608039,45.45179263335573,1213341.4440700137,396836.99396492104,1722807.149213048,0.23896078672897422,False
151,1472736751.9651334,1472736751.961893,1472736751.969,0.0071067810058593,3,3,"DD1,DD2,DD3","841,838,839",1472736751.969,1472736752.052,2016-09-01 13:32:31.965133429+00:00,2016-09-01 13:32:31.969000101+00:00,2016-09-01 13:32:32.052000046+00:00,retain,at least two reduced-time-associated infrasound channels,,,,150,150,3,3,0.0071070194244384,"DD1,DD2,DD3",3,True,,7.412195258658398,True,128.0,135.0,0.0140001773834228,0.0420000553131103,11.621967201564145,-14.450421998294216,26.072389199858357,0.0279998779296875,2.384185791015625e-07,0.0559999942779541,0.002000093460083,0.062000036239624,0.059999942779541,1.9495468608189,3.8990937216378,noise_threshold,noise_threshold,moderate_impulsive,moderate_impulsive,candidate_event_150.pkl,/Users/glennthompson/Developer/KSCRocketSeismoHydrology/08_fireball_paper/falcon9-seismoacoustic-workflow-1.0.0/data/outputs/070_prepare_event_waveform_products/event_streams/candidate_event_150.pkl,1472736751.4651334,1472736752.565133,2016-09-01 13:32:31.965133429+00:00,short_impulsive_candidate,False,True,True,analyze_all_final_events,199.69999999999987,355.0,0.8652938938610064,B_probable,0.1154700538379185,1.7795130420052183,0.8639603400538796,9,core,1516.037999868393,25.26729999780655,/Users/glennthompson/Developer/KSCRocketSeismoHydrology/08_fireball_paper/falcon9-seismoacoustic-workflow-1.0.0/data/outputs/070_prepare_event_waveform_products/event_streams/candidate_event_150.pkl,0.002000093460083,0.062000036239624,0.059999942779541,-0.18,-0.05,250.0,1472736751.968,1472736752.024,15,3,1.7183014022975406e-05,1.77679103420566e-05,9.541917249387822e-06,2.4642054607318168e-05,0.05086655807495166,9.161535704244252e-05,8.366884357113326,1.163806546792566e-06,1.7794424090272243e-06,2.0379588955073383e-06,2.945188860697958e-06,-7.74594175325431e-07,-1.8276417921703384e-06,-1.8118518557629788e-06,11.327654463056852,-14.464856884262595,25.792511347319447,2.0689845763249464,12.466265646665013,36.622438937111376,1046686.7214740941,459687.905232252,1486176.3566677305,0.26897296919229685,False
152,1472736811.789,1472736811.7548933,1472736811.7911334,0.0362401008605957,3,3,"DD1,DD2,DD3","854,849,850",1472736811.789,1472736811.845,2016-09-01 13:33:31.789000034+00:00,2016-09-01 13:33:31.789000034+00:00,2016-09-01 13:33:31.845000029+00:00,retain,at least two reduced-time-associated infrasound channels,,,,151,151,3,3,0.0362401008605957,"DD1,DD2,DD3",3,True,,28.12419065827277,True,129.0,135.0,0.0168933868408203,0.0408933162689209,19.84436394329127,-31.26343986842151,51.107803811712785,0.0239999294281005,0.00489342212677,0.0528932809829711,0.0008933544158935,0.0528932809829711,0.0519999265670776,1.1116209617653594,2.223241923530719,noise_threshold,model,moderate_impulsive,moderate_impulsive,candidate_event_151.pkl,/Users/glennthompson/Developer/KSCRocketSeismoHydrology/08_fireball_paper/falcon9-seismoacoustic-workflow-1.0.0/data/outputs/070_prepare_event_waveform_products/event_streams/candidate_event_151.pkl,1472736811.289,1472736812.389,2016-09-01 13:33:31.789000034+00:00,short_impulsive_candidate,False,True,True,analyze_all_final_events,199.79999999999987,353.5,0.9613738644659184,A_high_quality,0.0993807989999849,0.3333333333333333,0.9589811236444324,9,core,1575.8618664741516,26.26436444123586,/Users/glennthompson/Developer/KSCRocketSeismoHydrology/08_fireball_paper/falcon9-seismoacoustic-workflow-1.0.0/data/outputs/070_prepare_event_waveform_products/event_streams/candidate_event_151.pkl,0.0008933544158935,0.0528932809829711,0.0519999265670776,-0.18,-0.05,250.0,1472736811.792,1472736811.8400002,13,3,3.151466398423186e-05,2.5972011375342045e-05,1.4084480316708046e-05,4.319828708075904e-05,0.05100007247924854,0.00017908467521310153,11.650162440747263,2.639239806277164e-06,2.1774601757379596e-06,1.4289914079389342e-06,3.7079557731890496e-06,-1.5979450962984757e-06,-9.577236986753912e-07,5.936704607384655e-07,19.304070653637364,-31.786308780266292,51.09037943390366,0.9690667065208857,52.72122041766021,72.54254058073494,1182694.5669949916,446871.20620196057,1679292.0618615483,0.2412171059827163,False
153,1472736829.5165668,1472736829.51,1472736829.5231335,0.0131335258483886,2,2,"DD2,DD3","860,861",1472736829.51,1472736829.536,2016-09-01 13:33:49.516566753+00:00,2016-09-01 13:33:49.509999989+00:00,2016-09-01 13:33:49.536000013+00:00,retain,at least two reduced-time-associated infrasound channels,,,,152,152,2,2,0.0131335258483886,"DD2,DD3",2,True,,12.946697465936928,True,129.0,136.0,0.0173265933990478,0.0453264713287353,7.6942156360363825,-14.043435924782258,21.73765156081864,0.0279998779296875,0.0033266544342041,0.0593264102935791,0.0093264579772949,0.1733264923095703,0.1640000343322754,1.084711831857574,2.1694236637151483,noise_threshold,noise_threshold,moderate_impulsive,moderate_impulsive,candidate_event_152.pkl,/Users/glennthompson/Developer/KSCRocketSeismoHydrology/08_fireball_paper/falcon9-seismoacoustic-workflow-1.0.0/data/outputs/070_prepare_event_waveform_products/event_streams/candidate_event_152.pkl,1472736829.0165668,1472736830.116567,2016-09-01 13:33:49.516566753+00:00,short_impulsive_candidate,False,True,False,analyze_all_final_events,199.3999999999999,345.0,0.7869736610899478,B_probable,0.2748737083744951,1.0304020550550783,0.7734332504722397,9,additional_analyzed,1593.5894331932068,26.559823886553446,/Users/glennthompson/Developer/KSCRocketSeismoHydrology/08_fireball_paper/falcon9-seismoacoustic-workflow-1.0.0/data/outputs/070_prepare_event_waveform_products/event_streams/candidate_event_152.pkl,0.0093264579772949,0.1733264923095703,0.16400003433227542,-0.18,-0.05,250.0,1472736829.528,1472736829.688,41,3,6.778872901544615e-05,4.7531263674735294e-05,2.2831047898862284e-05,6.968392917341013e-05,0.16743327903747618,8.995641900509018e-05,33.871654575025836,8.626510717072503e-07,1.6203802226482125e-06,9.287932629060346e-07,2.057293334137545e-06,6.940077383792547e-07,-2.633156814625529e-07,7.453526744155768e-07,11.975718271081837,-12.8164421111371,24.79216038221894,1.6257439729581407,15.24973230385599,35.20205409587794,355780.1730801237,171857.67813522648,505167.4685030573,0.7746409866478464,True
154,1472736834.396067,1472736834.396,1472736834.3961334,0.0001335144042968,2,2,"DD2,DD3","863,864",1472736834.396,1472736834.409,2016-09-01 13:33:54.396066666+00:00,2016-09-01 13:33:54.395999908+00:00,2016-09-01 13:33:54.408999920+00:00,retain,at least two reduced-time-associated infrasound channels,,,,153,153,2,2,0.0001335144042968,"DD2,DD3",2,True,,5.981012016164942,True,127.0,133.0,0.0098264217376708,0.0338265895843505,5.4420988754598385,-4.261976836855576,9.704075712315417,0.0240001678466796,-0.0021736621856689,0.0458266735076904,-0.0221734046936035,0.065826416015625,0.0879998207092285,0.9098959943152468,1.8197919886304936,noise_threshold,noise_threshold,moderate_impulsive,moderate_impulsive,candidate_event_153.pkl,/Users/glennthompson/Developer/KSCRocketSeismoHydrology/08_fireball_paper/falcon9-seismoacoustic-workflow-1.0.0/data/outputs/070_prepare_event_waveform_products/event_streams/candidate_event_153.pkl,1472736833.896067,1472736834.9960668,2016-09-01 13:33:54.396066904+00:00,short_impulsive_candidate,False,True,False,analyze_all_final_events,199.8999999999999,356.5,0.5705108414195132,C_weak_or_broad,,,,0,additional_analyzed,1598.4689333438873,26.641148889064787,/Users/glennthompson/Developer/KSCRocketSeismoHydrology/08_fireball_paper/falcon9-seismoacoustic-workflow-1.0.0/data/outputs/070_prepare_event_waveform_products/event_streams/candidate_event_153.pkl,-0.0221734046936035,0.065826416015625,0.0879998207092285,-0.18,-0.05,250.0,1472736834.376,1472736834.4599998,22,3,9.920591396083819e-06,1.1570340448138867e-05,5.866202543952657e-06,1.633105152831768e-05,0.06393300437927296,3.0485502693958366e-05,5.854961132154599,1.4475502026679152e-06,1.9770213861065967e-06,1.3326653086387451e-06,2.789267282856911e-06,-2.9884700212913286e-07,1.2734675261342248e-06,-1.0820134179450567e-06,5.1631255370967555,-4.1670559506594795,9.330181487756235,1.2789525386314569,7.295174141285958,13.247798836115704,571315.4153961187,316153.8942023427,811203.0516310793,0.5356989416334662,False
