event_number,time_s,normalized_pressure,normalized_vertical_velocity
1,-0.18,0.0,-0.11237919333568289
1,-0.176,0.07435269299870265,-0.08486233346775242
1,-0.172,0.10006650072931292,-0.06431284335613519
1,-0.16799999999999998,-0.026808475059273546,-0.0635706325170689
1,-0.16399999999999998,-0.05765369909359004,-0.0815946962217808
1,-0.15999999999999998,-0.004587164761384473,-0.09925274360806438
1,-0.15599999999999997,0.013020189598247325,-0.10530963055489546
1,-0.15199999999999997,0.03986407502954268,-0.09980341818728057
1,-0.14799999999999996,0.07250539989519877,-0.08384089317167225
1,-0.14399999999999996,0.04648069971907964,-0.06878666089607231
1,-0.13999999999999996,0.02884986076505673,-0.06402393973152024
1,-0.13599999999999995,0.038726703652709873,-0.061393809055094596
1,-0.13199999999999995,0.05920647042362252,-0.05588126585977342
1,-0.12799999999999995,0.09147810209714952,-0.048958640227726766
1,-0.12399999999999994,0.09233764543749595,-0.03682963955840266
1,-0.11999999999999994,0.04044979346583757,-0.019808992461770102
1,-0.11599999999999994,-0.006516848965842516,0.0
1,-0.11199999999999993,-0.018885820574617147,0.021260565664905192
1,-0.10799999999999993,-0.041651084490120775,0.034259450508869596
1,-0.10399999999999993,-0.051454280745270684,0.03444189460458259
1,-0.09999999999999992,0.014775749328125896,0.030599102447458722
1,-0.09599999999999992,0.05179155262488206,0.0310394555093636
1,-0.09199999999999992,0.05195942446849431,0.04068026826411045
1,-0.08799999999999991,-0.009564332289015638,0.06015383886855225
1,-0.08399999999999991,-0.03622399234052288,0.08452600047305346
1,-0.0799999999999999,-0.06247095627777679,0.11218059645835145
1,-0.0759999999999999,-0.08778531438936597,0.13997363285198736
1,-0.0719999999999999,-0.045221464155431636,0.157859816860582
1,-0.0679999999999999,-0.020408459401078403,0.16774575724805688
1,-0.06399999999999989,-0.04567981939583139,0.18756883397653434
1,-0.05999999999999989,-0.018395043492324403,0.22605743666747474
1,-0.05599999999999988,-0.013581924882334053,0.2714887417760202
1,-0.05199999999999988,1.6892058668756438e-05,0.31064056465654505
1,-0.047999999999999876,0.0154863374858105,0.34549543541336736
1,-0.04399999999999987,0.04208011106280251,0.38122806162441675
1,-0.03999999999999987,-0.013190311463546137,0.4129244769155115
1,-0.035999999999999865,0.04834197959793088,0.43211995928886465
1,-0.03199999999999986,0.07702763464543491,0.4384384853032325
1,-0.02799999999999986,0.009452046854077209,0.446625293741934
1,-0.023999999999999855,-0.09042638076255197,0.46530996481999126
1,-0.01999999999999985,-0.10570636321039853,0.4846411066653814
1,-0.015999999999999848,-0.12125018030596964,0.505021942230326
1,-0.011999999999999844,-0.1349927456522097,0.5269602710651575
1,-0.00799999999999984,-0.08593611933159914,0.5429584455448137
1,-0.003999999999999837,-0.08234605163763509,0.5619500206255547
1,1.6653345369377348e-16,0.28938967817241745,0.5788084691226835
1,0.00400000000000017,0.891877043099932,0.5915042708423986
1,0.008000000000000174,0.9818375943044545,0.6175757006199141
1,0.012000000000000177,0.5011309899135624,0.6220708647297047
1,0.01600000000000018,0.35635065164470053,0.5965370007347176
1,0.020000000000000184,0.7313938100589364,0.576560287435871
1,0.024000000000000188,1.0,0.5173401721144482
1,0.02800000000000019,0.7363693655299755,0.4731935400047319
1,0.032000000000000195,0.23864381794173933,0.48341729930765187
1,0.0360000000000002,-0.12706290024344205,0.19706980833170945
1,0.0400000000000002,-0.08561885305253548,-0.42221863555900435
1,0.044000000000000206,0.16652516919381263,-0.6644473989599471
1,0.04800000000000021,0.2845689401931069,-0.3168240853358347
1,0.05200000000000021,0.17689345542164062,0.05662940864330988
1,0.056000000000000216,-0.018384520107143868,0.26546636872911505
1,0.06000000000000022,0.10191373093374241,0.38430664277946386
1,0.06400000000000022,0.32003839254827,0.32707522091931684
1,0.06800000000000023,0.45926054655928056,0.3269179888480113
1,0.07200000000000023,0.3082362709619225,0.5351702207951736
1,0.07600000000000023,0.07058359137913335,0.5188071573853179
1,0.08000000000000024,-0.13152036184674487,0.10664837779246768
1,0.08400000000000024,-0.2691690230129762,-0.3463429924759231
1,0.08800000000000024,-0.44014369444719564,-0.5973015080580463
1,0.09200000000000025,-0.5995165922061898,-0.5408037767638826
1,0.09600000000000025,-0.4419641977271268,-0.24810249072346469
1,0.10000000000000026,-0.4906421822701916,-0.07972182058694302
1,0.10400000000000026,-0.6084091933582905,-0.13974656072107944
1,0.10800000000000026,-0.594710771666619,-0.1182793858453083
1,0.11200000000000027,-0.38588491377397066,0.22768462284508537
1,0.11600000000000027,-0.2988056904123494,0.7649660917082957
1,0.12000000000000027,-0.2852826055812564,1.0
1,0.12400000000000028,-0.27597116688929596,0.7283320407863013
1,0.12800000000000028,-0.18925785659354596,0.3608484290553036
1,0.13200000000000028,-0.1425928790177922,0.09809490785068008
1,0.1360000000000003,-0.19795256593577396,-0.19507614677267923
1,0.1400000000000003,-0.1347242793876244,-0.35437197875187093
1,0.1440000000000003,0.07384115195200926,-0.17429634779179232
1,0.1480000000000003,0.1846611373033211,0.2706524588874135
1,0.1520000000000003,0.3464570846703499,0.724389831612472
1,0.1560000000000003,0.4804409102048396,0.9109369286297532
1,0.1600000000000003,0.6629635299242992,0.9733987266308506
1,0.1640000000000003,0.7231472418038428,1.1168725370362484
1,0.16800000000000032,0.717453186030275,0.9769305739307365
1,0.17200000000000032,0.7024861659016954,0.40629551436648287
1,0.17600000000000032,0.6632594629915393,-0.12768797331230616
1,0.18000000000000033,0.4816347774191203,-0.37585533760914985
1,0.18400000000000033,0.20346616901902626,-0.4249146708630648
1,0.18800000000000033,0.05808855419853192,-0.4237610839421025
1,0.19200000000000034,-0.13255331457902159,-0.5276473493861511
1,0.19600000000000034,-0.27596841383452464,-0.5688688192322303
1,0.20000000000000034,-0.2335466792364449,-0.28147563340338994
1,0.20400000000000035,-0.16827354917234869,0.15539723019151677
1,0.20800000000000035,0.042678032543310936,0.40626056061639926
1,0.21200000000000035,0.40722360041633204,0.4207429990182482
1,0.21600000000000036,0.5942197440577794,0.38511064869894346
1,0.22000000000000036,0.6065016353658684,0.40803496952290297
1,0.22400000000000037,0.5169604634325367,0.3040859308783681
1,0.22800000000000037,0.3576742368551428,-0.061739017209928734
1,0.23200000000000037,0.1776375371281312,-0.46215657426582146
1,0.23600000000000038,0.016610220326601487,-0.5996309485455619
1,0.24000000000000038,-0.23530755890591426,-0.46474789830253643
1,0.24400000000000038,-0.5395444922133638,-0.38210706994370347
1,0.2480000000000004,-0.6906754875845301,-0.5151140731995077
1,0.2520000000000004,-0.7186788254441817,-0.5887814297263351
1,0.2560000000000004,-0.7136230188321466,-0.5744397721019042
1,0.2600000000000004,-0.6451554933436247,-0.6580419775747328
1,0.2640000000000004,-0.4966159433871947,-0.5560052343142613
1,0.2680000000000004,-0.3052673575395787,-0.13560275844386002
1,0.2720000000000004,-0.18589406401885067,0.24674979336521263
1,0.2760000000000004,-0.15963665281959288,0.5288683850220092
1,0.2800000000000004,-0.13916649421851246,0.7546566322511716
1,0.2840000000000004,-0.1426444188398996,0.7352381554303793
1,0.2880000000000004,-0.21606053047367765,0.5649331116577816
1,0.2920000000000004,-0.319854876986053,0.4831123667614523
1,0.29600000000000043,-0.42683550179416574,0.47554804327485445
1,0.30000000000000043,-0.4146480377332237,0.4707868536166109
1,0.30400000000000044,-0.2882712708033302,0.43138461230032094
1,0.30800000000000044,-0.19126969002266378,0.4199999133765425
1,0.31200000000000044,-0.2119684520278505,0.6000681046186712
1,0.31600000000000045,-0.284970161336203,0.8969976022288044
1,0.32000000000000045,-0.45262880007335926,1.083976651553547
1,0.32400000000000045,-0.539897027418898,1.146918562018406
1,0.32800000000000046,-0.4516351468321876,1.1598600613277807
1,0.33200000000000046,-0.2919046599075889,1.1081393426946515
1,0.33600000000000046,-0.08711403223698481,0.960133627923956
1,0.34000000000000047,0.19871416523644259,0.6918164646888507
1,0.34400000000000047,0.5181526012207975,0.32033690406068366
1,0.3480000000000005,0.8529505401521372,0.0035532547794358466
2,-0.18,-0.0590523346393244,-0.10520232945955627
2,-0.176,-0.03461480055431701,-0.07298912761871154
2,-0.172,-0.035751704483409606,-0.04097387599086832
2,-0.16799999999999998,-0.07212320645080597,-0.016516842614830343
2,-0.16399999999999998,0.02434013303561258,-0.0048858605139871355
2,-0.15999999999999998,0.0,0.0
2,-0.15599999999999997,-0.12021944771589531,0.011854189254508811
2,-0.15199999999999997,-0.21256837282511912,0.030899047781422183
2,-0.14799999999999996,-0.21243927147984684,0.048855753767715185
2,-0.14399999999999996,-0.23734800169840853,0.06852544821202379
2,-0.13999999999999996,-0.22375642050650882,0.0870506480207526
2,-0.13599999999999995,-0.1676652237441027,0.10185943350333164
2,-0.13199999999999995,-0.00463842202354475,0.11951862660030468
2,-0.12799999999999995,0.6735109520484577,0.1331856328184201
2,-0.12399999999999994,1.242548001428269,0.14891121422296377
2,-0.11999999999999994,0.966511954536781,0.16817489578366351
2,-0.11599999999999994,0.40498722274418403,0.15809983969320987
2,-0.11199999999999993,0.5644091525872487,0.1325395386334029
2,-0.10799999999999993,1.090945108203817,0.10281638959996563
2,-0.10399999999999993,1.1402495836892472,0.0460249015278945
2,-0.09999999999999992,0.580686495493521,0.027724938054214263
2,-0.09599999999999992,-0.026200112498025604,-0.05454277939377895
2,-0.09199999999999992,-0.27258612054289544,-0.4821883136521047
2,-0.08799999999999991,-0.037111033277561815,-0.9702178811471956
2,-0.08399999999999991,0.252088888420711,-0.9241175699452591
2,-0.0799999999999999,0.26160993642305386,-0.516933426635436
2,-0.0759999999999999,0.039756335734772934,-0.2428724679450356
2,-0.0719999999999999,-0.07404358324463879,-0.10174511881460518
2,-0.0679999999999999,0.20232014217961658,-0.05919317111403665
2,-0.06399999999999989,0.4498071254510179,-0.11953495768936447
2,-0.05999999999999989,0.47564954498373613,-0.03316928782083565
2,-0.05599999999999988,0.1780185831825392,0.1140327678897687
2,-0.05199999999999988,-0.11622292483417299,-0.07871395283588371
2,-0.047999999999999876,-0.3390335166263534,-0.5267324544542513
2,-0.04399999999999987,-0.5207941427995731,-0.8710603017512843
2,-0.03999999999999987,-0.7479799638498654,-0.9696915435013852
2,-0.035999999999999865,-0.8002675359043653,-0.7963932119654511
2,-0.03199999999999986,-0.6218232280263369,-0.5396931788745698
2,-0.02799999999999986,-0.7840909131139084,-0.4880297130675469
2,-0.023999999999999855,-0.8724383794197509,-0.5460096732905882
2,-0.01999999999999985,-0.7338661486090341,-0.39579593546822545
2,-0.015999999999999848,-0.4837522674318308,0.036116832601913194
2,-0.011999999999999844,-0.4433177647970593,0.451024734081747
2,-0.00799999999999984,-0.434097952592261,0.44450527634724135
2,-0.003999999999999837,-0.38495332308984226,0.09277759189737778
2,1.6653345369377348e-16,-0.27384846301461024,-0.2096301867302584
2,0.00400000000000017,-0.27519180970727536,-0.44707615571028325
2,0.008000000000000174,-0.3108169473754802,-0.683392524730828
2,0.012000000000000177,-0.1282169675426859,-0.6927431986716825
2,0.01600000000000018,0.12054504251440142,-0.3883146937133074
2,0.020000000000000184,0.2590165363634427,0.05687582379799509
2,0.024000000000000188,0.47538531181831944,0.381024663140472
2,0.02800000000000019,0.6599956479314152,0.4705041404425715
2,0.032000000000000195,0.8535835197822986,0.5468205816581654
2,0.0360000000000002,0.8687477723627561,0.6004497909487821
2,0.0400000000000002,0.8507866658739488,0.2756706887349681
2,0.044000000000000206,0.8196160528793439,-0.2973582826890744
2,0.04800000000000021,0.6965735679656817,-0.6748553072312907
2,0.05200000000000021,0.3848306272292084,-0.797336218092455
2,0.056000000000000216,0.0730462649477707,-0.8046795005662253
2,0.06000000000000022,-0.1024984118641336,-0.8364981247359639
2,0.06400000000000022,-0.3472407268692233,-0.9295998829310136
2,0.06800000000000023,-0.4297291184756479,-0.8424613446439769
2,0.07200000000000023,-0.3260209321568778,-0.4764293566649783
2,0.07600000000000023,-0.17840232357094296,-0.12313087774362336
2,0.08000000000000024,0.20181382260704855,-0.003265104454722108
2,0.08400000000000024,0.616594131473858,-0.03607358605318104
2,0.08800000000000024,0.7293884104491365,-0.049528053872782474
2,0.09200000000000025,0.6707850752864212,-0.06121966234123964
2,0.09600000000000025,0.5061428833060577,-0.2687603865517208
2,0.10000000000000026,0.2783951410619822,-0.6557792602946203
2,0.10400000000000026,0.0524040026563006,-0.934353553940124
2,0.10800000000000026,-0.1941452390421248,-0.9286693201609844
2,0.11200000000000027,-0.567306933176682,-0.7881753942274474
2,0.11600000000000027,-0.8957158073236138,-0.8015432579075229
2,0.12000000000000027,-0.9972367150548277,-0.9353138215239182
2,0.12400000000000028,-1.0,-0.9559783679236398
2,0.12800000000000028,-0.9611420778842495,-0.9661321568650381
2,0.13200000000000028,-0.8210655913538172,-1.0
2,0.1360000000000003,-0.5939645753043645,-0.7631870860376228
2,0.1400000000000003,-0.3739106415707984,-0.34404422971749105
2,0.1440000000000003,-0.2809038003773327,-0.041177586192929855
2,0.1480000000000003,-0.26588936964240795,0.18997066767736573
2,0.1520000000000003,-0.24739997798866362,0.31098507657679964
2,0.1560000000000003,-0.2910551869273496,0.20396807587850718
2,0.1600000000000003,-0.41469510429588835,0.06173420856297157
2,0.1640000000000003,-0.5537328924554165,0.02915302524034914
2,0.16800000000000032,-0.6364222911426818,0.03015189703703904
2,0.17200000000000032,-0.539860171345897,0.012629638650091075
2,0.17600000000000032,-0.37123820117182266,-0.019749494999218957
2,0.18000000000000033,-0.31255098550655397,0.039917001570518494
2,0.18400000000000033,-0.3875449180474316,0.27563415717902573
2,0.18800000000000033,-0.5319697168247765,0.5248957159377855
2,0.19200000000000034,-0.7317423705209206,0.6356081465978675
2,0.19600000000000034,-0.7386006406438913,0.6627009651391834
2,0.20000000000000034,-0.5571673744297849,0.6488435170685453
2,0.20400000000000035,-0.32193022947146493,0.5592057173234969
2,0.20800000000000035,-0.010149586509106232,0.3685517012219677
2,0.21200000000000035,0.3923102719160886,0.06923720099002005
2,0.21600000000000036,0.8167503198135241,-0.2691635788014854
2,0.22000000000000036,1.236846176925426,-0.43254923887727564
2,0.22400000000000037,1.4933092883781742,-0.1795909372555559
2,0.22800000000000037,1.4266212357824324,0.4346449703454517
2,0.23200000000000037,1.2603929400608822,0.9736497175457827
2,0.23600000000000038,0.903131492268642,1.0994353739068192
2,0.24000000000000038,0.3595727849006468,0.8793569780691833
2,0.24400000000000038,-0.005804696568040186,0.457554219740126
2,0.2480000000000004,-0.2449362843686644,-0.13090090480903493
2,0.2520000000000004,-0.4349202079753122,-0.7804131051765643
2,0.2560000000000004,-0.47628342724650896,-1.2956885069881372
2,0.2600000000000004,-0.3143584017574239,-1.4899472652675405
2,0.2640000000000004,-0.15885745126581147,-1.3100348425542307
2,0.2680000000000004,0.06164354890707912,-0.9403269748122828
2,0.2720000000000004,0.20807392877747996,-0.5952417818536454
2,0.2760000000000004,0.24297360049655758,-0.35712106332932364
2,0.2800000000000004,-0.005985419958080807,-0.3023374872749257
2,0.2840000000000004,-0.23080626105701516,-0.4197621882828811
2,0.2880000000000004,-0.27836603682404504,-0.5598247099118432
2,0.2920000000000004,-0.33217225537042655,-0.7128832564060325
2,0.29600000000000043,-0.38739232278693786,-0.9937099164407794
2,0.30000000000000043,-0.41017744676676315,-1.3717625245683083
2,0.30400000000000044,-0.381291302475839,-1.6680909285477359
2,0.30800000000000044,-0.29754870778182946,-1.6851932131183893
2,0.31200000000000044,-0.21822660719333198,-1.343669201562324
2,0.31600000000000045,-0.2472714622804915,-0.7486922722688254
2,0.32000000000000045,-0.24732222199572979,-0.12134607495274234
2,0.32400000000000045,-0.20781370439838898,0.22931924192361117
2,0.32800000000000046,-0.23788477276063633,0.09477076054447303
2,0.33200000000000046,-0.19458599101208734,-0.39347310971883426
2,0.33600000000000046,-0.12583761912751343,-1.0442898482044534
2,0.34000000000000047,-0.2198256321566612,-1.800177953237933
2,0.34400000000000047,-0.245225093044567,-2.3677439190457368
2,0.3480000000000005,-0.1319929843394515,-2.3059761715516145
3,-0.18,0.10678576318780532,0.21183522985135866
3,-0.176,0.24683511235118255,0.4760571138604308
3,-0.172,0.3674493414175009,0.5905831912373666
3,-0.16799999999999998,0.5267349560723392,0.6281340183220132
3,-0.16399999999999998,0.5853102268053871,0.7089894670452701
3,-0.15999999999999998,0.5812954635018869,0.6354746208265535
3,-0.15599999999999997,0.5681051382881958,0.3130024702500354
3,-0.15199999999999997,0.534260325769524,0.0
3,-0.14799999999999996,0.37852519716719574,-0.15011191101214777
3,-0.14399999999999996,0.1343840132817318,-0.1817862223092624
3,-0.13999999999999996,0.0,-0.18146852466018784
3,-0.13599999999999995,-0.16558310870353019,-0.23903493276474422
3,-0.13199999999999995,-0.2952870063582001,-0.26523898202868834
3,-0.12799999999999995,-0.2639856520301548,-0.1060230198925322
3,-0.12399999999999994,-0.20530337889032924,0.14576255902908705
3,-0.11999999999999994,-0.024206966980195796,0.29632295295125277
3,-0.11599999999999994,0.29445279279622194,0.3091703754694517
3,-0.11199999999999993,0.4679347628524187,0.28851075618649485
3,-0.10799999999999993,0.4832313064353623,0.3003583800377675
3,-0.10399999999999993,0.406547529251993,0.24359883008806982
3,-0.09999999999999992,0.2673788784367179,0.036895114303368344
3,-0.09599999999999992,0.10818038709405987,-0.1960327419620271
3,-0.09199999999999992,-0.03522567974433424,-0.28209015058720166
3,-0.08799999999999991,-0.2546954296032563,-0.2088359469112834
3,-0.08399999999999991,-0.5231850111292866,-0.15823031840074533
3,-0.0799999999999999,-0.6630828036609941,-0.23078995105219155
3,-0.0759999999999999,-0.6908597753031775,-0.27625705761236524
3,-0.0719999999999999,-0.6868069147613487,-0.26935673122131826
3,-0.0679999999999999,-0.6284423128849256,-0.31503761052313334
3,-0.06399999999999989,-0.4992768967866286,-0.2612165719492605
3,-0.05999999999999989,-0.330758008507584,-0.023745309052957027
3,-0.05599999999999988,-0.22205209665287062,0.20074538433911485
3,-0.05199999999999988,-0.19610658149978208,0.36611842983671444
3,-0.047999999999999876,-0.17850201636148383,0.49800180930009724
3,-0.04399999999999987,-0.18053335582396415,0.4925455114226171
3,-0.03999999999999987,-0.24320705495170136,0.39588284621334635
3,-0.035999999999999865,-0.334638378179823,0.3456484675542113
3,-0.03199999999999986,-0.4294056786751848,0.3401925117563795
3,-0.02799999999999986,-0.423103780426574,0.3376568490507482
3,-0.023999999999999855,-0.31424194409147715,0.3155950681537609
3,-0.01999999999999985,-0.22637344920454838,0.3080794554935859
3,-0.015999999999999848,-0.2408052147978203,0.40804909536682477
3,-0.011999999999999844,-0.30456584065504916,0.5786345017834326
3,-0.00799999999999984,-0.4497325747638174,0.6902658693617747
3,-0.003999999999999837,-0.5309767936558514,0.7289636392619137
3,1.6653345369377348e-16,-0.4583363210116859,0.7371011558091676
3,0.00400000000000017,-0.31803457339837077,0.7085240720059663
3,0.008000000000000174,-0.13803398500576236,0.6246588290950708
3,0.012000000000000177,0.1124399902529964,0.4714448296515542
3,0.01600000000000018,0.3948308268772676,0.2578460803337529
3,0.020000000000000184,0.6909197197641931,0.07222317491287329
3,0.024000000000000188,0.9577583070547554,0.08418476666414769
3,0.02800000000000019,1.0,0.38275714678840217
3,0.032000000000000195,0.9271546867718282,0.7848104965082972
3,0.0360000000000002,0.77053590323538,1.0
3,0.0400000000000002,0.42026904012946775,0.9617349174231333
3,0.044000000000000206,0.10764643874042314,0.7633927286129725
3,0.04800000000000021,-0.09021851439728573,0.44477503817049036
3,0.05200000000000021,-0.24256735472300556,0.0429014131363659
3,0.056000000000000216,-0.34503472772860805,-0.34156744030875624
3,0.06000000000000022,-0.27522580468628866,-0.5813979118150806
3,0.06400000000000022,-0.18384687234848424,-0.5811402731431047
3,0.06800000000000023,-0.03609176429335557,-0.39101624035438387
3,0.07200000000000023,0.08277356002997824,-0.16008759403183728
3,0.07600000000000023,0.17991913260251144,0.031645497269122365
3,0.08000000000000024,0.085623981616449,0.1317223372049281
3,0.08400000000000024,-0.10513785679500429,0.10084337253308423
3,0.08800000000000024,-0.1793879243119024,0.014668225932374792
3,0.09200000000000025,-0.21315060466323899,-0.064239294962912
3,0.09600000000000025,-0.25374910827441793,-0.19555436442842267
3,0.10000000000000026,-0.2833819799404167,-0.4131541008621879
3,0.10400000000000026,-0.2829366010672965,-0.6441351149581132
3,0.10800000000000026,-0.24555352673730477,-0.7595759734798392
3,0.11200000000000027,-0.17122378433535912,-0.6595578915738645
3,0.11600000000000027,-0.16526117542163088,-0.35620854351514186
3,0.12000000000000027,-0.1850556771511955,0.05075962717883288
3,0.12400000000000028,-0.1525946935730496,0.3892261766661062
3,0.12800000000000028,-0.1632644493588901,0.4604798279746079
3,0.13200000000000028,-0.16685115586093638,0.25100098359526524
3,0.1360000000000003,-0.09759537992542133,-0.1022899480998162
3,0.1400000000000003,-0.1223050432285722,-0.5564600243456147
3,0.1440000000000003,-0.18836062778281287,-1.019313571113009
3,0.1480000000000003,-0.12389822886893266,-1.206256949162125
3,0.1520000000000003,-0.09744261200503122,-0.9445097446073977
3,0.1560000000000003,-0.12659227189057146,-0.3176739143151439
3,0.1600000000000003,-0.11688323625936682,0.4658799473746526
3,0.1640000000000003,-0.1793914670730669,1.1067767432859386
3,0.16800000000000032,-0.22482541799452485,1.3859036825042292
3,0.17200000000000032,-0.21223219349544986,1.3675551278768947
3,0.17600000000000032,-0.184377374028089,1.2050502287037326
3,0.18000000000000033,-0.15440902712141602,0.9388823190913556
3,0.18400000000000033,-0.045257822767712064,0.6231324957624715
3,0.18800000000000033,0.04120876909817948,0.3489663696557583
3,0.19200000000000034,0.02778128049147438,0.11800133423901238
3,0.19600000000000034,0.04999776413750791,-0.03576304301582705
3,0.20000000000000034,0.10475203505092266,0.028150343737677816
3,0.20400000000000035,0.11355567727764986,0.3158853630424516
3,0.20800000000000035,0.17789755796863752,0.6882075266863971
3,0.21200000000000035,0.26758263225839957,1.0296946081431577
3,0.21600000000000036,0.3987149566060035,1.183538375489921
3,0.22000000000000036,0.5243680130597357,1.0424418642890878
3,0.22400000000000037,0.6019332347902885,0.6931251925154486
3,0.22800000000000037,0.7070252681815544,0.22787409431116576
3,0.23200000000000037,0.6177159720797716,-0.26474587833487134
3,0.23600000000000038,0.4428382681479145,-0.568304314176196
3,0.24000000000000038,0.29717451866106676,-0.5146932693944539
3,0.24400000000000038,0.10262407956173795,-0.10781567492262431
3,0.2480000000000004,-0.060183469898850546,0.49512683408940716
3,0.2520000000000004,-0.11392377397576972,0.9973892002231667
3,0.2560000000000004,-0.14979739032994915,1.159276580054429
3,0.2600000000000004,-0.2053277207571189,0.9513259205425536
3,0.2640000000000004,-0.2811207239524562,0.4997388081332916
3,0.2680000000000004,-0.3222785806265654,0.023189226166479577
3,0.2720000000000004,-0.2954139985362715,-0.3063347116074029
3,0.2760000000000004,-0.25586194152661795,-0.4723173194136221
3,0.2800000000000004,-0.2939263160275401,-0.5252453846561618
3,0.2840000000000004,-0.2632862358108753,-0.505035687869965
3,0.2880000000000004,-0.1926422770297225,-0.41616773175085475
3,0.2920000000000004,-0.18673045567715738,-0.26156480813394634
3,0.29600000000000043,-0.06747593147449105,-0.11403015921104936
3,0.30000000000000043,-0.03489085709873876,-0.023683602219862616
3,0.30400000000000044,-0.09800507277009678,0.012915518266778081
3,0.30800000000000044,-0.025049005192171934,-0.03317339381070285
3,0.31200000000000044,0.08550780116758445,-0.16347918919553805
3,0.31600000000000045,-0.17393643302599615,-0.37356395226042943
3,0.32000000000000045,-0.30779760234506215,-0.6497928209112785
3,0.32400000000000045,-0.08054219432144617,-0.8343960807559259
3,0.32800000000000046,0.08048248976952882,-0.7911054121231272
3,0.33200000000000046,0.01291909277234444,-0.5138874515816527
3,0.33600000000000046,0.004712627916175103,-0.03488381388174912
3,0.34000000000000047,0.11048703901211548,0.42656448029463734
3,0.34400000000000047,0.3184960341602181,0.6177930525732639
3,0.3480000000000005,0.4462833090633406,0.5907783881164943
8,-0.18,-0.0831088083067424,0.24475552156986924
8,-0.176,-0.1516071421507649,0.3071337348066748
8,-0.172,-0.28153646636748825,0.29392658658080395
8,-0.16799999999999998,-0.32807515137899673,0.19198836291009863
8,-0.16399999999999998,-0.23060954805261227,0.061497603781197355
8,-0.15999999999999998,-0.107339007138692,-0.04419611564415335
8,-0.15599999999999997,0.09462611861218105,-0.0771296769079214
8,-0.15199999999999997,0.37474548018816356,-0.0019491182066030878
8,-0.14799999999999996,0.4331708842342982,0.10148615681499333
8,-0.14399999999999996,0.17021126116141796,0.17719432154586415
8,-0.13999999999999996,-0.014718465388227357,0.2385064874103585
8,-0.13599999999999995,0.011972092733741883,0.2279221783793026
8,-0.13199999999999995,0.10506118677285477,0.16034016718185978
8,-0.12799999999999995,0.183422771749065,0.10795781378257259
8,-0.12399999999999994,0.12982459986418465,0.0
8,-0.11999999999999994,-0.11210859229005718,-0.1681415877954747
8,-0.11599999999999994,-0.08087478173836805,-0.27464454073605693
8,-0.11199999999999993,0.09590275032807893,-0.3028914990005316
8,-0.10799999999999993,0.05125829235122417,-0.2358474562120671
8,-0.10399999999999993,0.1411987139561779,-0.030271607892028266
8,-0.09999999999999992,0.10050418782750421,0.19560808335353821
8,-0.09599999999999992,-0.08046905952222329,0.3148007556618676
8,-0.09199999999999992,-0.0011539834786730894,0.34428109957447245
8,-0.08799999999999991,0.05579425531045139,0.3009259236656798
8,-0.08399999999999991,-0.017178964590215576,0.1425932021597108
8,-0.0799999999999999,-0.17223962957046435,-0.11577897374868296
8,-0.0759999999999999,-0.32492493114198984,-0.34590942368228894
8,-0.0719999999999999,-0.32722687120117405,-0.46414543143548326
8,-0.0679999999999999,-0.03862396310430102,-0.5046921870128973
8,-0.06399999999999989,0.1186449803889384,-0.44114212827439936
8,-0.05999999999999989,0.0313560077666559,-0.25563317303594235
8,-0.05599999999999988,0.0,-0.0879230373625933
8,-0.05199999999999988,0.036888443077237223,-0.02911471343757017
8,-0.047999999999999876,0.02339219631816017,-0.04020810170381553
8,-0.04399999999999987,-0.22623999720116575,-0.0578514756105564
8,-0.03999999999999987,-0.42324940788925286,-0.04789178616124522
8,-0.035999999999999865,-0.42496497460721483,-0.10863682489743087
8,-0.03199999999999986,-0.4821088866966288,-0.28726036935291144
8,-0.02799999999999986,-0.5280784688142014,-0.40612893938430794
8,-0.023999999999999855,-0.49767023008449385,-0.4118641509994429
8,-0.01999999999999985,-0.4044164380181606,-0.42608113932294334
8,-0.015999999999999848,-0.3771115995410775,-0.4238320670339274
8,-0.011999999999999844,-0.24572426292725688,-0.3450633541218211
8,-0.00799999999999984,-0.1769332768089106,-0.2369133773391169
8,-0.003999999999999837,-0.22630402851909878,-0.1475694689761016
8,1.6653345369377348e-16,-0.27244471938630294,-0.13120539279675353
8,0.00400000000000017,0.0575332850868199,-0.21860284428933133
8,0.008000000000000174,0.3791767805342877,-0.38505228574759326
8,0.012000000000000177,0.5903502023455709,-0.6048581304777393
8,0.01600000000000018,0.8768177753819719,-0.8011661839084951
8,0.020000000000000184,1.0,-0.9004472033704898
8,0.024000000000000188,0.936688187125477,-0.9009485650769564
8,0.02800000000000019,0.9209898258291637,-0.7444850560741962
8,0.032000000000000195,0.736967798873926,-0.44840728687904774
8,0.0360000000000002,0.257178840723888,-0.22568162869614636
8,0.0400000000000002,-0.03187350848328801,-0.1650681650467614
8,0.044000000000000206,-0.2174318518761885,-0.23350604695501406
8,0.04800000000000021,-0.600851043849987,-0.49086098769053504
8,0.05200000000000021,-0.7077621794995562,-0.8313782762515778
8,0.056000000000000216,-0.6375857423391991,-1.0
8,0.06000000000000022,-0.42666598721447835,-0.9827954008346839
8,0.06400000000000022,-0.07980290741946852,-0.8556876215673095
8,0.06800000000000023,0.01230193825898321,-0.5729552430440729
8,0.07200000000000023,-0.15933274976471073,-0.2055364135236747
8,0.07600000000000023,0.0062226985721672255,0.07262645717493704
8,0.08000000000000024,0.5452184508949659,0.1975590717854038
8,0.08400000000000024,0.6841027739681977,0.12644947952912997
8,0.08800000000000024,0.5518259633929463,-0.13781340469033126
8,0.09200000000000025,0.6741096907528558,-0.42790298355601875
8,0.09600000000000025,0.8648426262655841,-0.6700315671419129
8,0.10000000000000026,0.7411209482975133,-0.9130101020659439
8,0.10400000000000026,0.35841627285957095,-0.9985638417204337
8,0.10800000000000026,0.1019378647458062,-0.8056909615851187
8,0.11200000000000027,-0.33590078824511277,-0.551901758822227
8,0.11600000000000027,-0.3669514331369647,-0.37864069755371066
8,0.12000000000000027,-0.11109942897993784,-0.2290800687755711
8,0.12400000000000028,0.04671322248087456,-0.19139713019407362
8,0.12800000000000028,-0.14204191468298977,-0.34877402418992254
8,0.13200000000000028,-0.19701635252417707,-0.5770841202133292
8,0.1360000000000003,-0.22227707576199543,-0.7698233140470013
8,0.1400000000000003,-0.38584062963139326,-0.8814373379007892
8,0.1440000000000003,-0.5256453357968144,-0.8388957966694403
8,0.1480000000000003,-0.5475143776089896,-0.6985495333993146
8,0.1520000000000003,-0.566317359013214,-0.6456842348161833
8,0.1560000000000003,-0.48907127090142527,-0.6938828393166077
8,0.1600000000000003,-0.353864737952913,-0.6973646455420863
8,0.1640000000000003,-0.27252830219270324,-0.6572402438715303
8,0.16800000000000032,-0.2754022892201045,-0.610253477363838
8,0.17200000000000032,-0.27498687801411376,-0.4768874478272236
8,0.17600000000000032,-0.30414966890321415,-0.35913506033729015
8,0.18000000000000033,-0.4338547654527208,-0.4350762414081335
8,0.18400000000000033,-0.49187822395923253,-0.6093546940824078
8,0.18800000000000033,-0.5037605899027414,-0.8042758104635434
8,0.19200000000000034,-0.4660831937583441,-1.0810305246306555
8,0.19600000000000034,-0.34847258894611816,-1.312459406617914
8,0.20000000000000034,-0.3639903400515703,-1.3031791241178028
8,0.20400000000000035,-0.38374908201901103,-1.0465331452092328
8,0.20800000000000035,-0.31270870034810794,-0.6659722329067718
8,0.21200000000000035,-0.30755588282678276,-0.32227413094381385
8,0.21600000000000036,-0.2684414446120465,-0.1179378035559096
8,0.22000000000000036,1.047952276716639,-0.057070199258232576
8,0.22400000000000037,2.144964896955997,-0.12034324295207417
8,0.22800000000000037,2.2665331434396068,-0.27973059804017586
8,0.23200000000000037,2.7058153817261235,-0.43920991224432215
8,0.23600000000000038,3.394638883259458,-0.47016885489373017
8,0.24000000000000038,2.7190784415585303,-0.3454473686563437
8,0.24400000000000038,1.7516576605467036,-0.13440645939702991
8,0.2480000000000004,0.41590041880901324,0.005363400935608868
8,0.2520000000000004,-1.0047610821775654,-0.17904367571218227
8,0.2560000000000004,-1.619263201688132,-0.6306573746073801
8,0.2600000000000004,-1.9999750951112392,-0.9462779410222172
8,0.2640000000000004,-2.413367868572009,-1.0786715686596506
8,0.2680000000000004,-2.3220030117764168,-1.1618518160215345
8,0.2720000000000004,-1.6175405097309783,-0.9287550762389384
8,0.2760000000000004,-0.9083969346304293,-0.3202056669535206
8,0.2800000000000004,-0.3309003283108951,0.3233776898384067
8,0.2840000000000004,-0.04998741162824425,0.9653228818772266
8,0.2880000000000004,-0.031052537062884536,1.538801914023933
8,0.2920000000000004,0.22610342397952174,1.688197948095669
8,0.29600000000000043,0.450997276713236,1.4955932099104365
8,0.30000000000000043,0.22272238690970333,1.199835609020913
8,0.30400000000000044,-0.03505112329065905,0.7128547166588547
8,0.30800000000000044,-0.20088934020768634,0.23089507125486353
8,0.31200000000000044,-0.40714089347167365,0.04535772307807158
8,0.31600000000000045,-0.45597206145333935,0.025877628771251836
8,0.32000000000000045,-0.31785950039177574,0.16976022299722815
8,0.32400000000000045,0.07449657604167147,0.5676464069215295
8,0.32800000000000046,0.8734478463231827,1.0219785160208088
8,0.33200000000000046,1.43244633845476,1.4081828648657877
8,0.33600000000000046,1.5946292757349174,1.6075825082429276
8,0.34000000000000047,1.7257813672647386,1.4944545191722625
8,0.34400000000000047,1.577358135380481,1.2701933777787504
8,0.3480000000000005,1.540598490423953,1.0058420117913898
9,-0.18,0.11719609313093729,0.16607817520939797
9,-0.176,0.03586388819118767,0.19472502228367372
9,-0.172,-0.01634765499296511,0.16238023584392783
9,-0.16799999999999998,-0.1242323630224263,0.04075036704606002
9,-0.16399999999999998,-0.15431452086975891,-0.12018329528315987
9,-0.15999999999999998,-0.1345686015415749,-0.199876492846712
9,-0.15599999999999997,-0.07522098234146651,-0.19174533696831178
9,-0.15199999999999997,0.02237773695384285,-0.13167226251598937
9,-0.14799999999999996,0.04829376982889952,0.0019513703018113819
9,-0.14399999999999996,0.0,0.1755991110473817
9,-0.13999999999999996,0.046583221655027346,0.3070631247974864
9,-0.13599999999999995,0.19824333827339463,0.3661081832689434
9,-0.13199999999999995,0.23732196281353174,0.3325007057840337
9,-0.12799999999999995,0.2001025293925934,0.20760603757250917
9,-0.12399999999999994,0.23451015556034374,0.07050527970004479
9,-0.11999999999999994,0.2881777013956648,-0.043928380557644045
9,-0.11599999999999994,0.2533654713771649,-0.15876374077666944
9,-0.11199999999999993,0.1456818106856206,-0.19919774254716002
9,-0.10799999999999993,0.07351510971071508,-0.10804307872575068
9,-0.10399999999999993,-0.049681893023477454,0.011901567940620429
9,-0.09999999999999992,-0.058418778991660404,0.0937873871506215
9,-0.09599999999999992,0.013571667352821812,0.16447202061296226
9,-0.09199999999999992,0.05797625685331288,0.18228155192597095
9,-0.08799999999999991,0.004865214713887042,0.10790283234971633
9,-0.08399999999999991,-0.010603236787063994,0.0
9,-0.0799999999999999,-0.01771098154312326,-0.09109148163698495
9,-0.0759999999999999,-0.06373373320200902,-0.1438419710526541
9,-0.0719999999999999,-0.1030713308536993,-0.12373619004981264
9,-0.0679999999999999,-0.10922474007311023,-0.057406406214965296
9,-0.06399999999999989,-0.11451543548258027,-0.032421460084729736
9,-0.05999999999999989,-0.09278029066769189,-0.055200855439924826
9,-0.05599999999999988,-0.05473650559857412,-0.05684641014804299
9,-0.05199999999999988,-0.03185043779645179,-0.037883006154963525
9,-0.047999999999999876,-0.03265910689237097,-0.015676343911632015
9,-0.04399999999999987,-0.03254222042030936,0.047354475035425204
9,-0.03999999999999987,-0.040747910814150946,0.103006048695152
9,-0.035999999999999865,-0.07724372730977701,0.06711508867082576
9,-0.03199999999999986,-0.09357009805718218,-0.015251565229368122
9,-0.02799999999999986,-0.09691350289280268,-0.10737425672933618
9,-0.023999999999999855,-0.08631201249420567,-0.23817275423295084
9,-0.01999999999999985,-0.05321928780294122,-0.3475495723802945
9,-0.015999999999999848,-0.057585600398476745,-0.34316356937732884
9,-0.011999999999999844,-0.06314522326767713,-0.22186876674818784
9,-0.00799999999999984,-0.0431562112534009,-0.0420098773067958
9,-0.003999999999999837,-0.04170633543745312,0.12042708593298679
9,1.6653345369377348e-16,-0.03070049682826823,0.21699954970539068
9,0.00400000000000017,0.3397002427545963,0.24576650752484905
9,0.008000000000000174,0.6483725489839943,0.2158627023718246
9,0.012000000000000177,0.682578856472191,0.1405338082305299
9,0.01600000000000018,0.8061820485192552,0.06516145280891873
9,0.020000000000000184,1.0,0.050529784491973234
9,0.024000000000000188,0.8099139465764232,0.10947506047530008
9,0.02800000000000019,0.5377055890244548,0.20921621186268813
9,0.032000000000000195,0.16185643217538168,0.2752735788810597
9,0.0360000000000002,-0.23788269004651819,0.188119982863185
9,0.0400000000000002,-0.4107884369018139,-0.025319536840439485
9,0.044000000000000206,-0.5179113778632566,-0.17448662869121787
9,0.04800000000000021,-0.6342299127720558,-0.2370578756748309
9,0.05200000000000021,-0.6085220945253992,-0.2763701287999793
9,0.056000000000000216,-0.41030371385532444,-0.16620505562929522
9,0.06000000000000022,-0.21076819463197066,0.12140467355197902
9,0.06400000000000022,-0.04827488687640474,0.4255719804759292
9,0.06800000000000023,0.030767082415743458,0.7289650657609967
9,0.07200000000000023,0.03609488930913712,1.0
9,0.07600000000000023,0.10845223697417186,1.0706068434945746
9,0.08000000000000024,0.17173182273224916,0.9795789076470459
9,0.08400000000000024,0.1075008964968358,0.8397993561476502
9,0.08800000000000024,0.034969785723445806,0.6096447615796073
9,0.09200000000000025,-0.011693000038832118,0.3818632848812465
9,0.09600000000000025,-0.06972710232244725,0.29417550530587794
9,0.10000000000000026,-0.08346698913750657,0.2849689157298706
9,0.10400000000000026,-0.04460551940089327,0.35297002349172124
9,0.10800000000000026,0.06579380759079563,0.5410171004543192
9,0.11200000000000027,0.29059899817180934,0.7557413822670985
9,0.11600000000000027,0.4478873926365477,0.9382674458621117
9,0.12000000000000027,0.4935216728241321,1.0325067575030331
9,0.12400000000000028,0.5304246380338571,0.9790407450429434
9,0.12800000000000028,0.4886619997209672,0.8730515103843985
9,0.13200000000000028,0.47831874188093004,0.7481150243403152
9,0.1360000000000003,0.519988556594076,0.5590001077738014
9,0.1400000000000003,0.45572815670410216,0.4038186417883837
9,0.1440000000000003,0.3696476472938507,0.3417904310909409
9,0.1480000000000003,0.3762852431760497,0.3577552887877681
9,0.1520000000000003,0.38560306721092114,0.4862505006664868
9,0.1560000000000003,0.3886922653711115,0.6831704952298983
9,0.1600000000000003,0.3999896733993304,0.8946676143981959
9,0.1640000000000003,0.3319139986815542,1.0884899587847776
9,0.16800000000000032,0.2749189472056602,1.1051684405042792
9,0.17200000000000032,0.2566406790274846,0.8823046926052235
9,0.17600000000000032,0.13521984102730195,0.5558348779923523
9,0.18000000000000033,-0.002348663637711113,0.18510566666852168
9,0.18400000000000033,-0.029173364650352807,-0.19642078876047384
9,0.18800000000000033,-0.05325943540309005,-0.4628941433558598
9,0.19200000000000034,-0.0834613698659811,-0.5647666227329511
9,0.19600000000000034,-0.06187362842535286,-0.4880291378116793
9,0.20000000000000034,-0.06070913305776704,-0.20104668845928209
9,0.20400000000000035,-0.10196507563889212,0.132699093797013
9,0.20800000000000035,-0.11022085412010563,0.3181398496164957
9,0.21200000000000035,-0.1425563105279133,0.40688061950918436
9,0.21600000000000036,-0.14791240500374225,0.43414658559861274
9,0.22000000000000036,-0.14457887397345656,0.34711857592744944
9,0.22400000000000037,-0.11265169462395835,0.22480451419919892
9,0.22800000000000037,-0.13237325877024433,0.10984764285301268
9,0.23200000000000037,-0.15976538883419183,-0.01679057354767429
9,0.23600000000000038,-0.16293115880905867,-0.06972185588398165
9,0.24000000000000038,-0.15132636697269786,-0.05991693291604288
9,0.24400000000000038,-0.12911008955277678,-0.07865991172881814
9,0.2480000000000004,-0.09927222135607229,-0.06531651740662084
9,0.2520000000000004,-0.06239333938688698,0.008032788484350333
9,0.2560000000000004,-0.04742205157677385,0.0423738256272101
9,0.2600000000000004,-0.04194829202594776,0.007949282034350734
9,0.2640000000000004,-0.05384870106373033,-0.09000516006914944
9,0.2680000000000004,-0.07454235579439326,-0.2677526384827675
9,0.2720000000000004,-0.1103581738380416,-0.46093932771622576
9,0.2760000000000004,-0.1282331703336698,-0.5705649733091143
9,0.2800000000000004,-0.07902328273760838,-0.5448889731055585
9,0.2840000000000004,-0.02060998945200731,-0.36870610027494016
9,0.2880000000000004,0.04076152101823529,-0.08631132770661967
9,0.2920000000000004,0.10801820699539066,0.22912070732887696
9,0.29600000000000043,0.18611768327359296,0.49185305199080803
9,0.30000000000000043,0.2311971591755433,0.5723881386955314
9,0.30400000000000044,0.2213318550104833,0.43636490333596867
9,0.30800000000000044,0.1983665744197227,0.1902663858245938
9,0.31200000000000044,0.1214207816428814,-0.08877039836758614
9,0.31600000000000045,-0.025938368938595364,-0.3522790303147528
9,0.32000000000000045,-0.17313650059096766,-0.5265658771178353
9,0.32400000000000045,-0.2073518066777193,-0.5754234071686637
9,0.32800000000000046,-0.2665138540049386,-0.5011643264410885
9,0.33200000000000046,-0.22186741122033923,-0.3444867246005843
9,0.33600000000000046,-0.09772056765440032,-0.17523773341794427
9,0.34000000000000047,-0.04119361039827139,-0.030882869725164304
9,0.34400000000000047,0.025434902012375072,0.06925890532025573
9,0.3480000000000005,0.07953606682780703,0.10822253957584892
10,-0.18,-0.6683336890433091,-0.11934134636585436
10,-0.176,-0.6324743906163256,-0.09535768632541215
10,-0.172,-0.43968250318726415,0.022048541649650043
10,-0.16799999999999998,0.0,0.23162597187304015
10,-0.16399999999999998,0.6019533102360923,0.4293322511891642
10,-0.15999999999999998,0.8816427062164127,0.5718385379450103
10,-0.15599999999999997,0.9558228437143156,0.6004624417083545
10,-0.15199999999999997,0.9910289991241024,0.5088686367241528
10,-0.14799999999999996,0.8644958552677312,0.3964791314875624
10,-0.14399999999999996,0.9118215056830091,0.25138190358626994
10,-0.13999999999999996,0.9456926768639827,0.06818202866920768
10,-0.13599999999999995,0.691144994432637,-0.04281284199641975
10,-0.13199999999999995,0.5468649287281198,-0.06325679636148222
10,-0.12799999999999995,0.6124805247809942,-0.0005877833445260718
10,-0.12399999999999994,0.6211268711841825,0.16407470756983497
10,-0.11999999999999994,0.6372024143455706,0.3675885397899377
10,-0.11599999999999994,0.5982291034140075,0.5677723073942865
10,-0.11199999999999993,0.3811700840257186,0.6942158789502698
10,-0.10799999999999993,0.27790187430777136,0.6007169596268443
10,-0.10399999999999993,0.1462746045398645,0.3159072049359005
10,-0.09999999999999992,-0.25720603681206805,-0.024871574875032238
10,-0.09599999999999992,-0.5236279486509852,-0.3939991540877785
10,-0.09199999999999992,-0.5412594242129897,-0.7270572520465447
10,-0.08799999999999991,-0.6263592150847218,-0.9110123570927984
10,-0.08399999999999991,-0.6601765556922526,-0.9274216728170532
10,-0.0799999999999999,-0.5943530343905522,-0.7581810285443255
10,-0.0759999999999999,-0.648056384744735,-0.4335924854949278
10,-0.0719999999999999,-0.7467591166989173,-0.1584746927765811
10,-0.0679999999999999,-0.7708187106550638,-0.03653977372579237
10,-0.06399999999999989,-0.852125402892891,0.0194713558465776
10,-0.05999999999999989,-0.8402764895439035,0.0
10,-0.05599999999999988,-0.8052122054661709,-0.11421872544058694
10,-0.05199999999999988,-0.75139290888824,-0.23189913533788015
10,-0.047999999999999876,-0.8424289388301633,-0.3457945527432667
10,-0.04399999999999987,-0.8904907050465405,-0.4469835753783686
10,-0.03999999999999987,-0.8744971372396463,-0.4639025832346059
10,-0.035999999999999865,-0.8284177351916734,-0.4565060555858456
10,-0.03199999999999986,-0.7563205064037672,-0.4711844255369637
10,-0.02799999999999986,-0.6652934052084646,-0.4307319162361611
10,-0.023999999999999855,-0.5818749642819165,-0.36384977724546025
10,-0.01999999999999985,-0.5614213303615802,-0.36249492250756454
10,-0.015999999999999848,-0.5641357474127864,-0.4265739561188645
10,-0.011999999999999844,-0.6132245975059141,-0.556729619755194
10,-0.00799999999999984,-0.6861605652823272,-0.7462916356143544
10,-0.003999999999999837,-0.7745627351323037,-0.905834003740359
10,1.6653345369377348e-16,-0.7500690916422065,-0.9529319572639424
10,0.00400000000000017,-0.5760865585715668,-0.8582896934256371
10,0.008000000000000174,-0.41706377403582284,-0.6308279992126448
10,0.012000000000000177,-0.24082414585691803,-0.3325663596380932
10,0.01600000000000018,-0.04412927639205159,-0.04126293408154831
10,0.020000000000000184,0.1439214949791804,0.14377782431322428
10,0.024000000000000188,0.19838129643854166,0.12087374927115058
10,0.02800000000000019,0.13658619310645742,-0.07789464005293215
10,0.032000000000000195,0.022961370107364334,-0.33904230413187497
10,0.0360000000000002,-0.2805235005293318,-0.6077635786546867
10,0.0400000000000002,-0.7120200594410273,-0.8307603233010044
10,0.044000000000000206,-1.0022974911755897,-0.9437716628801912
10,0.04800000000000021,-1.0650203837109775,-0.9324002195421445
10,0.05200000000000021,-1.1578130756744682,-0.816190041649369
10,0.056000000000000216,-0.9017813232150588,-0.6498515883077884
10,0.06000000000000022,-0.6013144550134688,-0.49417298587008046
10,0.06400000000000022,-0.47719860715552415,-0.37281007117383236
10,0.06800000000000023,-0.29009374858687137,-0.3024031139242428
10,0.07200000000000023,-0.21673070635588915,-0.29541598835902866
10,0.07600000000000023,-0.3115521983269863,-0.35612480947174613
10,0.08000000000000024,-0.41478005419459485,-0.48523420382406324
10,0.08400000000000024,-0.5478876545815802,-0.6441451006064536
10,0.08800000000000024,-0.7618628696679223,-0.7736500060331774
10,0.09200000000000025,-0.6804565587971831,-0.8237844671822399
10,0.09600000000000025,-0.41745187371215764,-0.7499721240663022
10,0.10000000000000026,-0.2076685088651983,-0.5793828609617448
10,0.10400000000000026,0.009547216302668235,-0.40883219899983847
10,0.10800000000000026,0.33045609824914535,-0.2911642712690745
10,0.11200000000000027,0.5033097403190198,-0.2520905268233689
10,0.11600000000000027,0.40284468330494955,-0.32362008333913594
10,0.12000000000000027,0.28727424916177574,-0.46927489757853336
10,0.12400000000000028,0.32035989746937155,-0.6359727354405816
10,0.12800000000000028,0.268994779949776,-0.8133985167124563
10,0.13200000000000028,0.19925464033974513,-0.9513998852214718
10,0.1360000000000003,0.006188037383219854,-1.0
10,0.1400000000000003,-0.19666063427001393,-0.9760370965873422
10,0.1440000000000003,-0.2709617769478178,-0.8867064553527075
10,0.1480000000000003,-0.40192193452164987,-0.7283773684308741
10,0.1520000000000003,-0.6176092838235936,-0.5142420184411085
10,0.1560000000000003,-0.568326848922933,-0.2585052450761251
10,0.1600000000000003,-0.39707789336781046,-0.01929287657000726
10,0.1640000000000003,-0.26991587035441544,0.13882215059268352
10,0.16800000000000032,-0.25778730052093113,0.19650096217397345
10,0.17200000000000032,-0.26123990629413313,0.12928963893111015
10,0.17600000000000032,-0.2000717765775406,-0.03216037668923867
10,0.18000000000000033,-0.11319079478207353,-0.16379184769414507
10,0.18400000000000033,-0.15318500683664585,-0.18486857215893587
10,0.18800000000000033,-0.36087478245836274,-0.10335515144005512
10,0.19200000000000034,-0.6685538333699961,0.0307580199048545
10,0.19600000000000034,-0.8893929551616508,0.16185533577227693
10,0.20000000000000034,-1.0,0.2729455438076397
10,0.20400000000000035,-0.9918069393069098,0.33966368320835255
10,0.20800000000000035,-0.9096731959407187,0.32291805400278434
10,0.21200000000000035,-0.9532222324492974,0.2524160035112667
10,0.21600000000000036,-0.9964990852473544,0.18498756437147695
10,0.22000000000000036,-0.9774735739677763,0.1499152209571102
10,0.22400000000000037,-0.9274064090542524,0.16651340458009728
10,0.22800000000000037,-0.8508725149231502,0.224963123083948
10,0.23200000000000037,-0.7846244545161692,0.3069700235657966
10,0.23600000000000038,-0.7802050613464115,0.3945033707867097
10,0.24000000000000038,-0.8283052806268297,0.44934805883131024
10,0.24400000000000038,-0.90130488770526,0.4830342315391537
10,0.2480000000000004,-0.9728226002504716,0.5411894297036696
10,0.2520000000000004,-0.9736382670678551,0.597092881548807
10,0.2560000000000004,-0.7828687017464739,0.5930000043985182
10,0.2600000000000004,-0.6420429148220317,0.5187559694710958
10,0.2640000000000004,-0.5357201307113851,0.4005140855335654
10,0.2680000000000004,-0.3995339103899478,0.27633198376631624
10,0.2720000000000004,-0.3014699909863256,0.16461903754434692
10,0.2760000000000004,-0.13489761953871218,0.05696232752322757
10,0.2800000000000004,0.049869920573905435,-0.045697615130783784
10,0.2840000000000004,-0.05148365066891724,-0.134614081278003
10,0.2880000000000004,-0.03080050500331886,-0.2085788138149782
10,0.2920000000000004,0.022172810905696106,-0.2562289465733435
10,0.29600000000000043,-0.13623443612035055,-0.2668111922268621
10,0.30000000000000043,-0.3533148819698347,-0.24308533453776407
10,0.30400000000000044,-0.5653387805841165,-0.19009970072395063
10,0.30800000000000044,-0.8991793674393206,-0.14642262499706005
10,0.31200000000000044,-1.14659335747841,-0.1546215814642436
10,0.31600000000000045,-1.229354099861765,-0.17615479897660286
10,0.32000000000000045,-1.222324100826795,-0.1757488790603566
10,0.32400000000000045,-1.1200734177381666,-0.19474502163356475
10,0.32800000000000046,-0.9224219519028951,-0.23076431235388278
10,0.33200000000000046,-0.8239534655422317,-0.23761115752350506
10,0.33600000000000046,-0.5186913486691908,-0.2264268247395417
10,0.34000000000000047,-0.20073516590372492,-0.2178427937713966
10,0.34400000000000047,0.05497904955464555,-0.2321985340738488
10,0.3480000000000005,0.17596017793588045,-0.3265216624694333
11,-0.18,0.016621184737783394,0.2659665540871739
11,-0.176,0.03393522053674421,0.1644113305461604
11,-0.172,0.05614708824062691,0.04923157788108316
11,-0.16799999999999998,0.055348942201955964,-0.07321051690277154
11,-0.16399999999999998,-0.005448177833945759,-0.1731299158600048
11,-0.15999999999999998,-0.03711810618660193,-0.18255307934135215
11,-0.15599999999999997,-0.0532085026814032,-0.11655966357485792
11,-0.15199999999999997,-0.08758121966495865,-0.04383894903904208
11,-0.14799999999999996,-0.09129228009399147,0.0
11,-0.14399999999999996,-0.04479284275584761,0.020910107559456756
11,-0.13999999999999996,0.008419485780221088,0.042166648106470375
11,-0.13599999999999995,0.048594160945252984,0.06576392462760298
11,-0.13199999999999995,0.06899261231291734,0.09716026330284955
11,-0.12799999999999995,0.04874326586063923,0.1648977263508253
11,-0.12399999999999994,0.030010497247629987,0.2610516917669103
11,-0.11999999999999994,-0.0077331083059898175,0.350416575514417
11,-0.11599999999999994,-0.07231746918221255,0.40723791940568355
11,-0.11199999999999993,-0.1080079565814607,0.39334955157893803
11,-0.10799999999999993,-0.10512424720826112,0.2879437380538902
11,-0.10399999999999993,-0.07789861222901939,0.12693695152701978
11,-0.09999999999999992,-0.050585805297288726,-0.02482596801251717
11,-0.09599999999999992,-0.08945133983763486,-0.11692424715226787
11,-0.09199999999999992,-0.12585699871387962,-0.1442519162262312
11,-0.08799999999999991,-0.10200110488686981,-0.131790413228952
11,-0.08399999999999991,-0.051952539359914174,-0.10800910036484494
11,-0.0799999999999999,0.0,-0.10696120293205576
11,-0.0759999999999999,0.07182292296729624,-0.1424181548916269
11,-0.0719999999999999,0.1341773153087788,-0.1956963637446388
11,-0.0679999999999999,0.17563180164984465,-0.24050595675170294
11,-0.06399999999999989,0.2095603423347211,-0.23652381154699686
11,-0.05999999999999989,0.2241547967881178,-0.14473844778810574
11,-0.05599999999999988,0.17047972453474255,0.020357507227098195
11,-0.05199999999999988,0.07101125262919733,0.19780902314926394
11,-0.047999999999999876,0.010609129286458381,0.3260744832531737
11,-0.04399999999999987,-0.10499163553954237,0.36420958807937304
11,-0.03999999999999987,-0.2663401030246233,0.31822834771412817
11,-0.035999999999999865,-0.29056616250904255,0.2535690020879964
11,-0.03199999999999986,-0.19616560544739334,0.2268001097377537
11,-0.02799999999999986,-0.12669151395253775,0.24099270392892655
11,-0.023999999999999855,-0.03392167871653615,0.3009499170996895
11,-0.01999999999999985,0.022583566903861558,0.4104721969637946
11,-0.015999999999999848,-0.02641293403251324,0.5290880684412372
11,-0.011999999999999844,-0.0832924249262049,0.6315992881876069
11,-0.00799999999999984,-0.12897673751774116,0.7293660371122525
11,-0.003999999999999837,-0.19686326720479463,0.8083281558646391
11,1.6653345369377348e-16,-0.25449528436592983,0.8575521395283953
11,0.00400000000000017,-0.2553185317702919,0.9053403486267768
11,0.008000000000000174,-0.20780003617161746,0.9541565223111679
11,0.012000000000000177,-0.1408560154277703,0.9801914259273108
11,0.01600000000000018,-0.0422086670628441,1.0086373193064435
11,0.020000000000000184,0.08248762306798145,1.0736074935371238
11,0.024000000000000188,0.10940783489846338,1.1478413812743211
11,0.02800000000000019,0.08994949127747912,1.2068734924668736
11,0.032000000000000195,0.1056396424725664,1.2576401993563975
11,0.0360000000000002,0.14370148691135232,1.2715332214311994
11,0.0400000000000002,0.184599218561382,1.2189624355343385
11,0.044000000000000206,0.22626325965507404,1.1131632517457215
11,0.04800000000000021,0.30660125194609483,0.9657270605573344
11,0.05200000000000021,0.4376989691065267,0.8110481391599973
11,0.056000000000000216,0.5567342754945701,0.7093238814577758
11,0.06000000000000022,0.5825385351704431,0.6706929791700974
11,0.06400000000000022,0.5806789050650634,0.6743269410908341
11,0.06800000000000023,0.501349375426021,0.6968125269299162
11,0.07200000000000023,0.3563493262174722,0.7052663348498927
11,0.07600000000000023,0.2024377916311142,0.6932403302277488
11,0.08000000000000024,0.059589485533940785,0.6464586579219133
11,0.08400000000000024,-0.06611620016266956,0.5323276279921779
11,0.08800000000000024,-0.15977057390099858,0.3806418373319178
11,0.09200000000000025,-0.23744380107113505,0.23397073218558073
11,0.09600000000000025,-0.29897924494067946,0.09044562136718369
11,0.10000000000000026,-0.2780338347692384,-0.020857633963035013
11,0.10400000000000026,-0.17692201725898207,-0.06029507806618705
11,0.10800000000000026,-0.06905039939831115,-0.0414462216382171
11,0.11200000000000027,0.09115305899886546,0.019765433423746318
11,0.11600000000000027,0.22599427406960662,0.10954846973222963
11,0.12000000000000027,0.2249185434597334,0.179622537393983
11,0.12400000000000028,0.1818835943679742,0.20306328860502365
11,0.12800000000000028,0.008398777359722514,0.17732209825204195
11,0.13200000000000028,-0.27429681270121437,0.06364596164853277
11,0.1360000000000003,-0.533130745222409,-0.14759439093543492
11,0.1400000000000003,-0.7089983577119983,-0.3919570117070974
11,0.1440000000000003,-0.7271395964177665,-0.6077451179974684
11,0.1480000000000003,-0.6617476823284882,-0.7323570690550099
11,0.1520000000000003,-0.5250232074356229,-0.7116122999536412
11,0.1560000000000003,-0.2944081450784398,-0.5720686794682931
11,0.1600000000000003,-0.10939490836153673,-0.34140112234612074
11,0.1640000000000003,-0.03108581617181178,-0.033109617137939945
11,0.16800000000000032,-0.022567582098219904,0.24098140604950255
11,0.17200000000000032,-0.02818104520773208,0.37297994264116985
11,0.17600000000000032,-0.17197132078613803,0.34175952049079367
11,0.18000000000000033,-0.2731252252254211,0.13334224802579428
11,0.18400000000000033,-0.39090252286506977,-0.19249394490321045
11,0.18800000000000033,-0.7284912801767299,-0.4918277079536301
11,0.19200000000000034,-0.9721121914325614,-0.6473731189074607
11,0.19600000000000034,-0.9924697423454445,-0.5694466346176676
11,0.20000000000000034,-1.0,-0.26343050481449315
11,0.20400000000000035,-0.9249110446334985,0.15836511629232758
11,0.20800000000000035,-0.7564360863448762,0.6027150751441683
11,0.21200000000000035,-0.7283861501496091,0.9330108086996335
11,0.21600000000000036,-0.7807379988160223,1.0
11,0.22000000000000036,-0.7265236547752778,0.835656947540798
11,0.22400000000000037,-0.6921951862034602,0.5265905476776158
11,0.22800000000000037,-0.6825827268207428,0.10795216119341125
11,0.23200000000000037,-0.5751648507491469,-0.28447117034675967
11,0.23600000000000038,-0.3797427887852532,-0.5328452667788637
11,0.24000000000000038,-0.2467213010056816,-0.6535165002197273
11,0.24400000000000038,-0.18613937290270616,-0.5711371679290853
11,0.2480000000000004,-0.202816649822848,-0.2250393760556292
11,0.2520000000000004,-0.3231958938730139,0.2118346520317462
11,0.2560000000000004,-0.5068719064072382,0.6278409129777032
11,0.2600000000000004,-0.5626599488897336,0.9977548896074548
11,0.2640000000000004,-0.3094974550487709,1.1516211298079344
11,0.2680000000000004,0.022732568380946436,1.0317884340427113
11,0.2720000000000004,0.2627250363363864,0.7335984077607101
11,0.2760000000000004,0.46481162605239734,0.313438743977563
11,0.2800000000000004,0.48462263775478753,-0.04814455629459165
11,0.2840000000000004,0.10510337620415294,-0.15141902801180113
11,0.2880000000000004,-0.3099966112236891,0.017972170046644628
11,0.2920000000000004,-0.6120027241163165,0.39249526948952845
11,0.29600000000000043,-0.8361835107650041,0.7603657731706144
11,0.30000000000000043,-0.8263538291734461,0.8721131378616432
11,0.30400000000000044,-0.27138761720285787,0.7103583389269224
11,0.30800000000000044,0.4534837081029314,0.34152713668818724
11,0.31200000000000044,1.0081359774473575,-0.10675419878173056
11,0.31600000000000045,1.342287406616975,-0.2999299327089582
11,0.32000000000000045,1.3923462097178463,-0.04450008168624238
11,0.32400000000000045,1.0664672881044084,0.47330276766253954
11,0.32800000000000046,0.6065338654189569,1.0329215122939084
11,0.33200000000000046,0.08772624619826583,1.4585625774909077
11,0.33600000000000046,-0.4820122923745713,1.42985068588982
11,0.34000000000000047,-0.9107717859319451,0.8385137497554664
11,0.34400000000000047,-1.1673082203440044,0.01690144972294802
11,0.3480000000000005,-1.4554022061385867,-0.7041783736974042
12,-0.18,0.13376627055210874,0.3822624656081248
12,-0.176,0.07248608565975802,0.28777845640873156
12,-0.172,0.02609287188370759,0.1938298334679385
12,-0.16799999999999998,-0.021207569705991896,0.09943904724081429
12,-0.16399999999999998,-0.032789467242319875,0.01371769932907264
12,-0.15999999999999998,0.021408323404827595,-0.028364841300466157
12,-0.15599999999999997,0.07597715028496728,-0.028425773522392003
12,-0.15199999999999997,0.16010627733123048,0.0
12,-0.14799999999999996,0.2677443688339623,0.05580545791189383
12,-0.14399999999999996,0.2807877432473101,0.11016754257525567
12,-0.13999999999999996,0.276089491039363,0.13552480483661478
12,-0.13599999999999995,0.2081670363549164,0.13564709519854112
12,-0.13199999999999995,0.04954535782250766,0.08929908353080578
12,-0.12799999999999995,-0.11089262419784171,-0.028365792185839553
12,-0.12399999999999994,-0.24714451707790286,-0.1833375900927186
12,-0.11999999999999994,-0.28581838920689073,-0.3343931869568107
12,-0.11599999999999994,-0.261039467335129,-0.4459813868691249
12,-0.11199999999999993,-0.20688400478021637,-0.4670571374525832
12,-0.10799999999999993,-0.07638701408500448,-0.40247373044032425
12,-0.10399999999999993,0.05063932476839317,-0.2801299863962331
12,-0.09999999999999992,0.12321728866465816,-0.09160667958108437
12,-0.09599999999999992,0.12598453407191304,0.10789644188205276
12,-0.09199999999999992,0.15231858686524943,0.22981463871819569
12,-0.08799999999999991,0.07725238858176396,0.2538588691846512
12,-0.08399999999999991,0.0,0.1625061863663596
12,-0.0799999999999999,-0.023924330797416894,-0.033195139603378346
12,-0.0759999999999999,-0.20387874212733223,-0.24439137111312345
12,-0.0719999999999999,-0.39934233890070214,-0.3917834583251967
12,-0.0679999999999999,-0.4312121056104745,-0.40491886022270257
12,-0.06399999999999989,-0.44295260383623186,-0.2529835875674416
12,-0.05999999999999989,-0.4317532106024412,-0.002827615052171048
12,-0.05599999999999988,-0.3229435387605292,0.2874545083099546
12,-0.05199999999999988,-0.26979324577803704,0.5498878480725405
12,-0.047999999999999876,-0.31452487525728495,0.6589057482816477
12,-0.04399999999999987,-0.29188499358658254,0.5985735539764576
12,-0.03999999999999987,-0.2606667583042349,0.4370361829711921
12,-0.035999999999999865,-0.2639797313926881,0.1839244193229736
12,-0.03199999999999986,-0.2301210770560911,-0.09327829009594593
12,-0.02799999999999986,-0.11499920144775017,-0.28359820080833265
12,-0.023999999999999855,-0.020733691482157233,-0.3975746115468041
12,-0.01999999999999985,0.030673847881350715,-0.41264464532688655
12,-0.015999999999999848,0.04253402653385536,-0.23834451620022445
12,-0.011999999999999844,-0.00469073074100429,0.036938293398821424
12,-0.00799999999999984,-0.11155814441205575,0.3037840134902409
12,-0.003999999999999837,-0.20789410768229136,0.5721751251164954
12,1.6653345369377348e-16,-0.10863837713900444,0.738872481525956
12,0.00400000000000017,0.0958570155842357,0.7170451821238687
12,0.008000000000000174,0.24974778723077337,0.5688523383966586
12,0.012000000000000177,0.3788467251424821,0.31473414190300886
12,0.01600000000000018,0.479853863833598,0.03967402045251758
12,0.020000000000000184,0.30640400005171964,-0.09441888799026008
12,0.024000000000000188,0.04786376395947795,-0.05127916642746457
12,0.02800000000000019,-0.1509268861337536,0.1550284447223709
12,0.032000000000000195,-0.29972993454635255,0.4277751448647265
12,0.0360000000000002,-0.4056767266093231,0.5692157930655235
12,0.0400000000000002,-0.16989551310526912,0.5260671209331076
12,0.044000000000000206,0.26202667259408563,0.3372078662332217
12,0.04800000000000021,0.634423798460225,0.033644134944592834
12,0.05200000000000021,0.8808144557501041,-0.19016880241693299
12,0.056000000000000216,1.0,-0.12208123467692117
12,0.06000000000000022,0.8661525955030667,0.17219223075717285
12,0.06400000000000022,0.613417283620258,0.5316071820761028
12,0.06800000000000023,0.3291021661579316,0.8744453510506115
12,0.07200000000000023,-0.014293630031312024,1.0
12,0.07600000000000023,-0.3156512942161863,0.7286834859925335
12,0.08000000000000024,-0.4741204511661658,0.21870979080837558
12,0.08400000000000024,-0.6439022656873767,-0.2881663306901958
12,0.08800000000000024,-0.8047450176090096,-0.6569543514707856
12,0.09200000000000025,-0.7616619776562706,-0.6898876344031184
12,0.09600000000000025,-0.752073677278876,-0.3141897798001773
12,0.10000000000000026,-0.7131726578761636,0.25190181674424017
12,0.10400000000000026,-0.6400782281798789,0.7812819560988242
12,0.10800000000000026,-0.49951088348764655,1.136612042322525
12,0.11200000000000027,-0.20337874904289252,1.2031673647168828
12,0.11600000000000027,0.16664622829185072,1.0243352542594473
12,0.12000000000000027,0.3886298395426881,0.7682982015169592
12,0.12400000000000028,0.5217791050568557,0.5357399677738619
12,0.12800000000000028,0.5793911415439371,0.388910472288481
12,0.13200000000000028,0.4544853733604567,0.3465716166843493
12,0.1360000000000003,0.26334076738247914,0.33123395396594146
12,0.1400000000000003,0.03288506755079802,0.3165348027616309
12,0.1440000000000003,-0.2267209033538949,0.31363801598349345
12,0.1480000000000003,-0.4448336390704362,0.28912944504147253
12,0.1520000000000003,-0.4132962379683827,0.3130679670803516
12,0.1560000000000003,-0.271092000906895,0.4557177890914404
12,0.1600000000000003,-0.033926057278816875,0.6198020196607024
12,0.1640000000000003,0.27194697085592023,0.7496578929640146
12,0.16800000000000032,0.5122714242979897,0.840086088317273
12,0.17200000000000032,0.6149929332485693,0.7918808420938775
12,0.17600000000000032,0.6042593936127518,0.6051839184583455
12,0.18000000000000033,0.5532963585962735,0.4217082589974864
12,0.18400000000000033,0.24278612733130508,0.3078572062847968
12,0.18800000000000033,0.575569604460958,0.2820317098080375
12,0.19200000000000034,2.546057558934341,0.34324878647112644
12,0.19600000000000034,5.475926842374549,0.36194408114143456
12,0.20000000000000034,8.123024464411172,0.28690084970053936
12,0.20400000000000035,8.544473002372278,0.2567121620087245
12,0.20800000000000035,7.71221902182857,0.23713884279232306
12,0.21200000000000035,6.648476426853984,0.11722787081920108
12,0.21600000000000036,5.95879069407266,0.08871598244045122
12,0.22000000000000036,5.437109005436974,0.18745756823370266
12,0.22400000000000037,4.92494543098746,-0.17266810605115812
12,0.22800000000000037,4.521281192071653,-1.5999181284438908
12,0.23200000000000037,4.157407371871593,-3.765669195058219
12,0.23600000000000038,3.7834036911963467,-5.493602254980954
12,0.24000000000000038,3.437355136682962,-6.015929998840821
12,0.24400000000000038,3.1158783935904126,-5.283994637643117
12,0.2480000000000004,2.845838003371484,-3.295256308173175
12,0.2520000000000004,2.6554552524311994,-0.6262826856802772
12,0.2560000000000004,2.4904440345870413,1.457688084967945
12,0.2600000000000004,2.4612494039833055,2.3764424780940487
12,0.2640000000000004,2.6478226729015444,2.2386557199424417
12,0.2680000000000004,3.1110041616251993,1.0784412364249165
12,0.2720000000000004,3.6141430457578116,-0.7469592996004895
12,0.2760000000000004,3.9050371738517313,-2.5129762125614112
12,0.2800000000000004,4.134627134667356,-3.65724883021977
12,0.2840000000000004,4.081779515428582,-3.829345490746983
12,0.2880000000000004,3.7787678070965955,-2.9259835687036593
12,0.2920000000000004,3.3907270297602747,-1.3061759341645598
12,0.29600000000000043,2.957700018404506,0.22190087335633085
12,0.30000000000000043,2.5468767790473312,0.9302873462758492
12,0.30400000000000044,2.25553470021825,0.7800542209344138
12,0.30800000000000044,2.104457516732328,0.13415676732668036
12,0.31200000000000044,1.9881374989753926,-0.7611242928092545
12,0.31600000000000045,1.8219178742243807,-1.5185281095104695
12,0.32000000000000045,1.6584853171780627,-1.61856510936135
12,0.32400000000000045,1.516833228714126,-1.012603891558567
12,0.32800000000000046,1.3331432428685681,0.006165729351399578
12,0.33200000000000046,1.075529604884558,1.3175725422152358
12,0.33600000000000046,0.9414880774816138,2.76385564251888
12,0.34000000000000047,0.8536651950890163,3.94697631985697
12,0.34400000000000047,0.8991032704812011,4.612568563092849
12,0.3480000000000005,1.2057280174807512,4.858090364292585
13,-0.18,0.012859506658447631,0.03737463978373879
13,-0.176,0.02847749038180588,-0.001017114636846651
13,-0.172,0.04087524027407313,-0.04432474881112565
13,-0.16799999999999998,0.024152523967809363,-0.06825716737724331
13,-0.16399999999999998,-0.005866234931095579,-0.06450805523076841
13,-0.15999999999999998,-0.03048238189854928,-0.03464714816729517
13,-0.15599999999999997,-0.04880011487229895,0.007538874817396017
13,-0.15199999999999997,-0.061956184223449846,0.032539376964795565
13,-0.14799999999999996,-0.03876632565257847,0.02894151660033512
13,-0.14399999999999996,0.010399283137194291,0.0014857405558647773
13,-0.13999999999999996,0.055856458598847455,-0.04460318360196705
13,-0.13599999999999995,0.08686681322061622,-0.08175608840232346
13,-0.13199999999999995,0.10268711756323683,-0.07638169783286469
13,-0.12799999999999995,0.09021543639929457,-0.03354015598088507
13,-0.12399999999999994,0.06143236991996646,0.02248753681894215
13,-0.11999999999999994,0.027890863081288172,0.07711295234293247
13,-0.11599999999999994,-0.012163688534985551,0.10108795967281256
13,-0.11199999999999993,-0.048739511262705856,0.06530846138879523
13,-0.10799999999999993,-0.0695808814628174,-0.011610126285314468
13,-0.10399999999999993,-0.08938500246611931,-0.09226844292472494
13,-0.09999999999999992,-0.10870743842529494,-0.15317101245823017
13,-0.09599999999999992,-0.10650584334551957,-0.1645138016785884
13,-0.09199999999999992,-0.1045249842948377,-0.11221088202207569
13,-0.08799999999999991,-0.10042055451492597,-0.025494325618897456
13,-0.08399999999999991,-0.09215101586227332,0.05925556405103237
13,-0.0799999999999999,-0.07634324565841853,0.11865603357967838
13,-0.0759999999999999,-0.043233163600292404,0.1343349730666559
13,-0.0719999999999999,0.0,0.1101444757154734
13,-0.0679999999999999,0.028659696053435064,0.07064628560907146
13,-0.06399999999999989,0.04551999528527504,0.03330349874350789
13,-0.05999999999999989,0.053346229666181716,0.008509766329199357
13,-0.05599999999999988,0.04100025262811983,0.0
13,-0.05199999999999988,0.018900850370460544,-0.0027232751382024545
13,-0.047999999999999876,-0.008039734845052405,-0.005023561875270088
13,-0.04399999999999987,-0.038577085022571386,-0.00571116824085065
13,-0.03999999999999987,-0.06518152838895241,-0.009143535106415804
13,-0.035999999999999865,-0.06495859937764584,-0.006342577436251477
13,-0.03199999999999986,-0.049203864353451254,0.01405294193686641
13,-0.02799999999999986,-0.022205983775150987,0.03984866363023819
13,-0.023999999999999855,0.013356463380908542,0.061056931184787146
13,-0.01999999999999985,0.04301089698112707,0.07603058018111787
13,-0.015999999999999848,0.05709888874239095,0.07098875987588034
13,-0.011999999999999844,0.05723534934838508,0.04381452347733517
13,-0.00799999999999984,0.05157934880077573,0.014456538641244321
13,-0.003999999999999837,0.018323452002311908,-0.004840563231273682
13,1.6653345369377348e-16,0.04818348013633131,-0.010457294906557913
13,0.00400000000000017,0.26022806030291473,-0.0022630512812956095
13,0.008000000000000174,0.5978154788454358,0.0016900671859964881
13,0.012000000000000177,0.9183240535364577,-0.008496651454740344
13,0.01600000000000018,1.0,-0.014335431603380156
13,0.020000000000000184,0.9152379980245982,-0.017504833994871627
13,0.024000000000000188,0.7902371907141886,-0.03452916431403623
13,0.02800000000000019,0.7025450849326016,-0.04102787345630997
13,0.032000000000000195,0.6387042758087733,-0.027616958981532085
13,0.0360000000000002,0.5778192563835204,-0.07548021358407092
13,0.0400000000000002,0.5281959746590625,-0.2817660332929871
13,0.044000000000000206,0.484502650190448,-0.6123869617026427
13,0.04800000000000021,0.4401802716741697,-0.8954521819701958
13,0.05200000000000021,0.3985646264381863,-1.0
13,0.056000000000000216,0.35999790064267523,-0.905687128618391
13,0.06000000000000022,0.3271498826769706,-0.6127626454572297
13,0.06400000000000022,0.3034240657407784,-0.20119286563736144
13,0.06800000000000023,0.2835464346218276,0.14082809289111314
13,0.07200000000000023,0.2781370193479485,0.3069602470820155
13,0.07600000000000023,0.29745951031733925,0.30293037662650824
13,0.08000000000000024,0.34894083956526617,0.1369559253041181
13,0.08400000000000024,0.4086919216407326,-0.14102453128571393
13,0.08800000000000024,0.44639987183822893,-0.4227011153407157
13,0.09200000000000025,0.4742381659550795,-0.6152780673682242
13,0.09600000000000025,0.47196884700257813,-0.6597458481064038
13,0.10000000000000026,0.4390312362734778,-0.5354641938538118
13,0.10400000000000026,0.3936943474150447,-0.2908454005211302
13,0.10800000000000026,0.3427009241314572,-0.0460670306433908
13,0.11200000000000027,0.29341566684108705,0.08130106480073154
13,0.11600000000000027,0.25705879466114123,0.07217027618122059
13,0.12000000000000027,0.23725336753491477,-0.022216145625601952
13,0.12400000000000028,0.22312753032277913,-0.15992902315629678
13,0.12800000000000028,0.204098887225912,-0.2828049841782416
13,0.13200000000000028,0.18451444566556843,-0.3108688705511992
13,0.1360000000000003,0.16735562645288557,-0.22712534882800198
13,0.1400000000000003,0.14613611053007508,-0.07249928501169074
13,0.1440000000000003,0.1164643401792306,0.13002509567140497
13,0.1480000000000003,0.09860351754766888,0.35670827348440726
13,0.1520000000000003,0.08771392105465729,0.5490803947638304
13,0.1560000000000003,0.09124872979238265,0.6636192995592053
13,0.1600000000000003,0.12419622122039602,0.7093794483994313
13,0.1640000000000003,0.16471171856656006,0.7219376975133102
13,0.16800000000000032,0.19216139124157303,0.7233021755415521
13,0.17200000000000032,0.21350567979224622,0.6955047925086801
13,0.17600000000000032,0.22460906180171655,0.5980106954370783
13,0.18000000000000033,0.21077851375070766,0.4318232226907927
13,0.18400000000000033,0.17225104146445738,0.26039243252978306
13,0.18800000000000033,0.13518586749218758,0.1558041729318447
13,0.19200000000000034,0.11627573132852743,0.1467515758964898
13,0.19600000000000034,0.11018457963206768,0.20011302991126642
13,0.20000000000000034,0.10434262722211274,0.2557433876281053
13,0.20400000000000035,0.09332810107399382,0.289988826302602
13,0.20800000000000035,0.07895368077192097,0.3027087338770587
13,0.21200000000000035,0.07436168381268995,0.28268432053797826
13,0.21600000000000036,0.07407671973449452,0.23610177615422873
13,0.22000000000000036,0.07069448267051606,0.18818044034959996
13,0.22400000000000037,0.08316377570630183,0.154241577055579
13,0.22800000000000037,0.10078935129280392,0.1374650264902683
13,0.23200000000000037,0.11263715980145068,0.12891317575714453
13,0.23600000000000038,0.1163890372354775,0.11986047300169207
13,0.24000000000000038,0.11845477471431709,0.11374062322650236
13,0.24400000000000038,0.11763110639785192,0.11337957683413287
13,0.2480000000000004,0.10671699925096864,0.11234917090058053
13,0.2520000000000004,0.088585970304649,0.08463676635488121
13,0.2560000000000004,0.0792965985137444,-0.0103311759923033
13,0.2600000000000004,0.07616780037405747,-0.18543446621142956
13,0.2640000000000004,0.07038832211600948,-0.4090158769324014
13,0.2680000000000004,0.05992418280209684,-0.6335970573443673
13,0.2720000000000004,0.046168581775891795,-0.815157162326517
13,0.2760000000000004,0.026173993375213974,-0.9065943671401226
13,0.2800000000000004,0.009235208024201556,-0.8647160685356591
13,0.2840000000000004,0.0012234798447632743,-0.6873372169865908
13,0.2880000000000004,-0.0039160813724368635,-0.4300643988748146
13,0.2920000000000004,-0.006755712572662952,-0.17812577641305993
13,0.29600000000000043,-0.005392599196355105,-0.010398829982863025
13,0.30000000000000043,-0.008876946107942246,0.03112494964075832
13,0.30400000000000044,-0.02053354790956161,-0.037064248687706525
13,0.30800000000000044,-0.037124512107161514,-0.15243375371684023
13,0.31200000000000044,-0.052515526341376746,-0.2483617500339481
13,0.31600000000000045,-0.06345946678354213,-0.2880308262735127
13,0.32000000000000045,-0.08104974103757748,-0.2653930050919033
13,0.32400000000000045,-0.08891677597160191,-0.19088161004437879
13,0.32800000000000046,-0.08333108654610787,-0.09129913536543247
13,0.33200000000000046,-0.07848057339797038,-0.006739011296642861
13,0.33600000000000046,-0.06546406614828187,0.031446015037808084
13,0.34000000000000047,-0.06848215510575258,0.014114833349847679
13,0.34400000000000047,-0.0513882382000333,-0.04447163145828559
13,0.3480000000000005,-0.0336715548610077,-0.11064001228925013
14,-0.18,-0.08602772699923465,-0.031180428009930285
14,-0.176,-0.1068115826321296,-0.10943709575671752
14,-0.172,-0.12507475853916156,-0.16287217612357527
14,-0.16799999999999998,-0.11719332461281753,-0.1597782228668562
14,-0.16399999999999998,-0.11672456652524874,-0.09290615378852446
14,-0.15999999999999998,-0.11137769881347086,-0.0016020218056972658
14,-0.15599999999999997,-0.10185892191013905,0.07946596628503816
14,-0.15199999999999997,-0.08334442007725366,0.1304673743710965
14,-0.14799999999999996,-0.045296587623815804,0.13454614770846404
14,-0.14399999999999996,-0.0006488925931162799,0.10211965524065503
14,-0.13999999999999996,0.023485411106074414,0.061129074942131656
14,-0.13599999999999995,0.03818268930226451,0.025677054398622293
14,-0.13199999999999995,0.043350338778658695,0.0047522988605951605
14,-0.12799999999999995,0.02556802363327677,0.0
14,-0.12399999999999994,0.001755329881352807,-0.0021187467591070206
14,-0.11999999999999994,-0.026584288537389804,-0.004379373956712849
14,-0.11599999999999994,-0.057989764334812274,-0.0047416660659322495
14,-0.11199999999999993,-0.08248562797208035,-0.008726954565136506
14,-0.10799999999999993,-0.07475593101650506,-0.0033318772722201453
14,-0.10399999999999993,-0.05607622093678573,0.02124759971847412
14,-0.09999999999999992,-0.026029427541024004,0.046942818686513114
14,-0.09599999999999992,0.01130418380816432,0.06644720165415333
14,-0.09199999999999992,0.03858228021622508,0.07918069607307879
14,-0.08799999999999991,0.04862063505468069,0.06833552933306654
14,-0.08399999999999991,0.045771693405416036,0.036809809796442765
14,-0.0799999999999999,0.03807100775573774,0.00875298719424319
14,-0.0759999999999999,0.0,-0.007361921633100466
14,-0.0719999999999999,0.05691084082733121,-0.009439013806342881
14,-0.0679999999999999,0.32024184293530406,0.0013386881501058294
14,-0.06399999999999989,0.6823772667402617,0.0027696357775537556
14,-0.05999999999999989,0.9855999909516932,-0.010349522521017255
14,-0.05599999999999988,1.0,-0.014007486651940416
14,-0.05199999999999988,0.8848938315672773,-0.01759794989160062
14,-0.047999999999999876,0.7570046978384938,-0.03773126100081953
14,-0.04399999999999987,0.6802197354848938,-0.039556899888213204
14,-0.03999999999999987,0.619186497257205,-0.024650898033580677
14,-0.035999999999999865,0.557970478323998,-0.09611916159226065
14,-0.03199999999999986,0.5111093775489515,-0.34299819581572316
14,-0.02799999999999986,0.46764972950600947,-0.691650325892647
14,-0.023999999999999855,0.42258146433250154,-0.9463671967835606
14,-0.01999999999999985,0.38146593872222606,-1.0
14,-0.015999999999999848,0.34330736179854066,-0.857268893601508
14,-0.011999999999999844,0.3118582169395591,-0.5205559043822078
14,-0.00799999999999984,0.2900996121297756,-0.09510356841846195
14,-0.003999999999999837,0.27108548252809755,0.21319151405823958
14,1.6653345369377348e-16,0.2704269038195374,0.33125647418564474
14,0.00400000000000017,0.2969313413809234,0.2866570429404741
14,0.008000000000000174,0.35639955946820734,0.08394820219928983
14,0.012000000000000177,0.4161204345794903,-0.21238450740315215
14,0.01600000000000018,0.4478476507285166,-0.48358956980693496
14,0.020000000000000184,0.4737056219595723,-0.6463500408027286
14,0.024000000000000188,0.46230626248259626,-0.6505553070876441
14,0.02800000000000019,0.42241568052017864,-0.486828149482128
14,0.032000000000000195,0.3746910309954748,-0.22213881283901046
14,0.0360000000000002,0.3221495410679995,0.009865010899259742
14,0.0400000000000002,0.2736277168877642,0.10133044102984322
14,0.044000000000000206,0.24083554258436413,0.060865737309205734
14,0.04800000000000021,0.22458670463228467,-0.049373775511589765
14,0.05200000000000021,0.21063780472224453,-0.19275929740711784
14,0.056000000000000216,0.1899128333290147,-0.3047981962599469
14,0.06000000000000022,0.17047252967523166,-0.30465079780615806
14,0.06400000000000022,0.15352804646585336,-0.19558383398470017
14,0.06800000000000023,0.13046369771451238,-0.027790441749349908
14,0.07200000000000023,0.09905610664124939,0.183452575257668
14,0.07600000000000023,0.08498973031581447,0.41082037121543824
14,0.08000000000000024,0.07544655756086248,0.5884141874849165
14,0.08400000000000024,0.08391411308926941,0.6815320603828091
14,0.08800000000000024,0.12441994970657251,0.7123632813145557
14,0.09200000000000025,0.16494563216453315,0.7192775820431158
14,0.09600000000000025,0.18890330480648004,0.7178613804130038
14,0.10000000000000026,0.2093843343033518,0.6800836926754499
14,0.10400000000000026,0.21697708583976036,0.564090709489003
14,0.10800000000000026,0.19596457821274754,0.3853670887740851
14,0.11200000000000027,0.1521149728467388,0.22039306186150534
14,0.11600000000000027,0.11718593095750374,0.1375258300494713
14,0.12000000000000027,0.10299090304271183,0.15160731978682304
14,0.12400000000000028,0.09906539875312047,0.2154231569756851
14,0.12800000000000028,0.09238850182846611,0.2673623074695664
14,0.13200000000000028,0.07987486163738794,0.2954828931422584
14,0.1360000000000003,0.06520499565397729,0.3024400523903959
14,0.1400000000000003,0.06352034552375672,0.27402065597930736
14,0.1440000000000003,0.06348494997126447,0.22279790931566038
14,0.1480000000000003,0.059812566131075086,0.17683174759265807
14,0.1520000000000003,0.0771425664948195,0.1472635962118128
14,0.1560000000000003,0.09484909874721069,0.13452956306782118
14,0.1600000000000003,0.10489504981287158,0.1271933537978595
14,0.1640000000000003,0.10688684581696592,0.11787528979025674
14,0.16800000000000032,0.10887763978435547,0.1129408760251165
14,0.17200000000000032,0.10682952866283235,0.113819419536464
14,0.17600000000000032,0.09299951109000533,0.11114242823100963
14,0.18000000000000033,0.07380492158870973,0.07392425962667783
14,0.18400000000000033,0.06738887840638638,-0.039506502779977686
14,0.18800000000000033,0.06501074866180485,-0.23206417117292272
14,0.19200000000000034,0.05800765963793851,-0.4621615487267097
14,0.19600000000000034,0.046297469689584675,-0.6812844782926303
14,0.20000000000000034,0.0315139243089586,-0.84693846113709
14,0.20400000000000035,0.009928684597032531,-0.9113563960010191
14,0.20800000000000035,-0.00557929198739002,-0.8347513327674985
14,0.21200000000000035,-0.011507423457928902,-0.627799632213107
14,0.21600000000000036,-0.016402227961220185,-0.3592602269079048
14,0.22000000000000036,-0.01853255071418598,-0.11784421388866494
14,0.22400000000000037,-0.01639315550086822,0.022592205230239765
14,0.22800000000000037,-0.02183351511469081,0.03173646708318879
14,0.23200000000000037,-0.03558551609467627,-0.059188529406556514
14,0.23600000000000038,-0.05314330036416826,-0.1794087548110291
14,0.24000000000000038,-0.06796031723499232,-0.26533796388699077
14,0.24400000000000038,-0.07827375126235003,-0.2892079622144277
14,0.2480000000000004,-0.0977047915374071,-0.25173021692377934
14,0.2520000000000004,-0.10190570566121762,-0.1666201903394525
14,0.2560000000000004,-0.0935671313180493,-0.06460872013412612
14,0.2600000000000004,-0.08926098782099272,0.012369073865509554
14,0.2640000000000004,-0.07434362018255122,0.03712086029017757
14,0.2680000000000004,-0.08149684126574769,0.00657233482406376
14,0.2720000000000004,-0.057431307360859725,-0.05953571039772523
14,0.2760000000000004,-0.04173395820894339,-0.12393632694850051
14,0.2800000000000004,-0.03903800480904147,-0.1529620545652779
14,0.2840000000000004,-0.046111922245166546,-0.12532352809125266
14,0.2880000000000004,-0.06025229880448812,-0.0356016414865068
14,0.2920000000000004,-0.061594452495893834,0.09558900155811909
14,0.29600000000000043,-0.057315895246744956,0.24205447335043456
14,0.30000000000000043,-0.06645120439452412,0.38687202212622945
14,0.30400000000000044,-0.06592533046304096,0.505278841382795
14,0.30800000000000044,-0.07230182035189257,0.5764945854125101
14,0.31200000000000044,-0.07429871948577195,0.6011676865616657
14,0.31600000000000045,-0.06789075942486764,0.5825511759172747
14,0.32000000000000045,-0.05925966972804062,0.5216508118990006
14,0.32400000000000045,-0.05420724189053631,0.42838718229939593
14,0.32800000000000046,-0.050602599621056434,0.31606879596201237
14,0.33200000000000046,-0.05864483230742241,0.20289492285217767
14,0.33600000000000046,-0.0632753408778219,0.11601298902504843
14,0.34000000000000047,-0.07267793170841018,0.06926492095623646
14,0.34400000000000047,-0.08983217445163934,0.049283075492813924
14,0.3480000000000005,-0.0981887316655465,0.03312973295696605
15,-0.18,-0.7902007361779617,0.1008830139924574
15,-0.176,-0.7293688081215743,0.11791831985737207
15,-0.172,-0.7004692609970627,0.11218231315408383
15,-0.16799999999999998,-0.7001893311262626,0.08126657385712789
15,-0.16399999999999998,-0.7117918261540698,0.047866415259656604
15,-0.15999999999999998,-0.7800116528675974,0.025912379020039372
15,-0.15599999999999997,-0.7187579763449559,0.019522303890518795
15,-0.15199999999999997,-0.2837781409740786,0.028844777425337947
15,-0.14799999999999996,0.4087352900485439,0.033342183650571934
15,-0.14399999999999996,1.066213858680384,0.02175289984625034
15,-0.13999999999999996,1.2337606534089522,0.015110203350931087
15,-0.13599999999999995,1.0598832468937662,0.011504419673133493
15,-0.13199999999999995,0.8034615522558,-0.007863916942968951
15,-0.12799999999999995,0.6235734470930275,-0.015257405196425562
15,-0.12399999999999994,0.492612945198512,0.0
15,-0.11999999999999994,0.36771583297171184,-0.054453338798326124
15,-0.11599999999999994,0.2659206024682446,-0.28914175944962556
15,-0.11199999999999993,0.17628985091008617,-0.6652844513332415
15,-0.10799999999999993,0.08536868284669448,-0.9873236956188975
15,-0.10399999999999993,0.0,-1.1062662498408897
15,-0.09999999999999992,-0.07911425052291739,-0.9989678477361263
15,-0.09599999999999992,-0.14649737078827726,-0.6657118613566609
15,-0.09199999999999992,-0.19516756993619824,-0.1974748213602841
15,-0.08799999999999991,-0.23594375343917728,0.19163752140742696
15,-0.08399999999999991,-0.24704041322381787,0.38064369227016476
15,-0.0799999999999999,-0.2074030221892635,0.37605896640793485
15,-0.0759999999999999,-0.10179626674498143,0.18723221183856273
15,-0.0719999999999999,0.020774731410224914,-0.12902216968437655
15,-0.0679999999999999,0.09812732375752903,-0.4494815824525633
15,-0.06399999999999989,0.15523369536316836,-0.6685736208144505
15,-0.05999999999999989,0.1505785045368477,-0.719163977660304
15,-0.05599999999999988,0.08301159723273774,-0.5777705207875615
15,-0.05199999999999988,-0.009990697079038609,-0.29947122542211657
15,-0.047999999999999876,-0.11459658159383117,-0.020990382108360666
15,-0.04399999999999987,-0.21569840218993294,0.12391447467397332
15,-0.03999999999999987,-0.2902794467184465,0.1135265073215065
15,-0.035999999999999865,-0.33090751381664063,0.00614442795207778
15,-0.03199999999999986,-0.3598846955969231,-0.1505295391515774
15,-0.02799999999999986,-0.3989192987690687,-0.290323758981831
15,-0.023999999999999855,-0.439094044848675,-0.32225164030446163
15,-0.01999999999999985,-0.47429296552105504,-0.226977835829062
15,-0.015999999999999848,-0.5178218382491526,-0.051061979083389074
15,-0.011999999999999844,-0.57868933022765,0.17934710629614525
15,-0.00799999999999984,-0.6153283128498994,0.4372413089331522
15,-0.003999999999999837,-0.6376667988704546,0.6561003142885161
15,1.6653345369377348e-16,-0.6304156325280045,0.7864095847341912
15,0.00400000000000017,-0.5628284563503242,0.8384702502478726
15,0.008000000000000174,-0.47971657321820416,0.8527575902833667
15,0.012000000000000177,-0.4234074042133561,0.8543099373807755
15,0.01600000000000018,-0.3796225778688821,0.8226852530887138
15,0.020000000000000184,-0.35684554072534513,0.7117676161088915
15,0.024000000000000188,-0.38521697804098026,0.5226985101185125
15,0.02800000000000019,-0.4642507054730331,0.32766415705118046
15,0.032000000000000195,-0.5402847321847086,0.20867559303672226
15,0.0360000000000002,-0.5790762349378015,0.19837658312892215
15,0.0400000000000002,-0.5915713817605297,0.25908514459987697
15,0.044000000000000206,-0.6035553310580329,0.3223750052953667
15,0.04800000000000021,-0.62615009281442,0.36133555007915147
15,0.05200000000000021,-0.6556372080787473,0.3758068066284023
15,0.056000000000000216,-0.665057048377334,0.35302531855690683
15,0.06000000000000022,-0.6656416123766713,0.30002902541970644
15,0.06400000000000022,-0.6725797992434099,0.24550960847015976
15,0.06800000000000023,-0.6470007864356487,0.2068978501029889
15,0.07200000000000023,-0.6108443802643096,0.18781140896173493
15,0.07600000000000023,-0.5865402561478223,0.17808209094542848
15,0.08000000000000024,-0.5788438036975745,0.16778296076139168
15,0.08400000000000024,-0.5746062318258518,0.160820495380159
15,0.08800000000000024,-0.5762958723175571,0.16040973807397765
15,0.09200000000000025,-0.5986846385205976,0.15923746001086994
15,0.09600000000000025,-0.6358779116520273,0.1277094545257764
15,0.10000000000000026,-0.6549337602341154,0.01966578757177053
15,0.10400000000000026,-0.661352052550951,-0.17954671617841825
15,0.10800000000000026,-0.6732078448529298,-0.43391208284849225
15,0.11200000000000027,-0.6946735649033455,-0.689414873167588
15,0.11600000000000027,-0.7228912588670661,-0.8959732025363828
15,0.12000000000000027,-0.7639073638955606,-1.0
15,0.12400000000000028,-0.7986549158376005,-0.952355659865943
15,0.12800000000000028,-0.8150898570268107,-0.7505542826033983
15,0.13200000000000028,-0.8256329489105084,-0.4578586846007739
15,0.1360000000000003,-0.8314580556452247,-0.171231724540954
15,0.1400000000000003,-0.8286618189691801,0.019588818596302245
15,0.1440000000000003,-0.8358094699244011,0.06682982756673109
15,0.1480000000000003,-0.8597213601913861,-0.010748046102759475
15,0.1520000000000003,-0.8937554056248836,-0.14200227853044695
15,0.1560000000000003,-0.9253279213313956,-0.2511381851268099
15,0.1600000000000003,-0.947777886372248,-0.2962691246382947
15,0.1640000000000003,-0.9838618767913273,-0.2705143999189966
15,0.16800000000000032,-1.0,-0.1857438536502134
15,0.17200000000000032,-0.9885417384173398,-0.07245029939656462
15,0.17600000000000032,-0.9785915882697431,0.023752541864100783
15,0.18000000000000033,-0.9518900419433739,0.06719509906753272
15,0.18400000000000033,-0.9580812298380328,0.04747766204686352
15,0.18800000000000033,-0.9230154471820846,-0.01917531932027942
15,0.19200000000000034,-0.886672146183429,-0.09445413788466625
15,0.19600000000000034,-0.8747738366146585,-0.13848262786965712
15,0.20000000000000034,-0.8842769421298715,-0.1232212628768942
15,0.20400000000000035,-0.9104390124535545,-0.03758986504976273
15,0.20800000000000035,-0.9193124514586279,0.10165211020617256
15,0.21200000000000035,-0.912439027351637,0.2656226620647658
15,0.21600000000000036,-0.9254141052783353,0.4327891110951291
15,0.22000000000000036,-0.9283567571475434,0.5766838050547439
15,0.22400000000000037,-0.9383787847319502,0.6718116379687807
15,0.22800000000000037,-0.9448742014497528,0.7133295725078037
15,0.23200000000000037,-0.9358214170275985,0.7043754325177
15,0.23600000000000038,-0.9191272490896492,0.6464087806968447
15,0.24000000000000038,-0.9071922653133222,0.5484111708446863
15,0.24400000000000038,-0.8985803938837954,0.4246255949254153
15,0.2480000000000004,-0.9097964909415674,0.2943668824122106
15,0.2520000000000004,-0.9204985837934445,0.1868316146234431
15,0.2560000000000004,-0.9369689231835437,0.12212709576904607
15,0.2600000000000004,-0.9687218604453304,0.09221690854273494
15,0.2640000000000004,-0.9898697337472244,0.07319349796257253
15,0.2680000000000004,-1.001247768838678,0.04095911901635556
15,0.2720000000000004,-1.0102809379803492,-0.02073662641434275
15,0.2760000000000004,-1.0164781814115038,-0.10653399108386373
15,0.2800000000000004,-1.0161662578115735,-0.1893910847056475
15,0.2840000000000004,-1.0068479758657076,-0.23664142660793747
15,0.2880000000000004,-1.0074522038461198,-0.22344174797908847
15,0.2920000000000004,-1.0376557113261557,-0.14568210355353414
15,0.29600000000000043,-1.051324306885425,-0.02579231270486467
15,0.30000000000000043,-1.0404530666446221,0.09474800668921617
15,0.30400000000000044,-1.0250099252712777,0.17025530210053788
15,0.30800000000000044,-1.004832080128353,0.17294648247836608
15,0.31200000000000044,-0.9867400526823419,0.10366197439001824
15,0.31600000000000045,-0.9627029070222133,-0.018700614310684316
15,0.32000000000000045,-0.9455161695862927,-0.16587135268519407
15,0.32400000000000045,-0.9371748550083753,-0.3071082998309256
15,0.32800000000000046,-0.9350239798120773,-0.4227601687205559
15,0.33200000000000046,-0.9357792021167272,-0.5049265142215148
15,0.33600000000000046,-0.9343321303372278,-0.5452698450824394
15,0.34000000000000047,-0.9405739768765949,-0.5366813478203827
15,0.34400000000000047,-0.9408573055952769,-0.4885236552608752
15,0.3480000000000005,-0.9424619141796419,-0.424190729505725
18,-0.18,0.030087115680556605,-0.6912005951604101
18,-0.176,0.04127247747427347,-0.7304135188197434
18,-0.172,0.04838414806855816,-0.7335992682894843
18,-0.16799999999999998,0.061740959142996585,-0.7090817467137338
18,-0.16399999999999998,0.06509806515180341,-0.6710721974483826
18,-0.15999999999999998,0.05025435384091714,-0.6385665501844715
18,-0.15599999999999997,0.03511913452819144,-0.6231581233377965
18,-0.15199999999999997,0.025372307038546173,-0.6213562469440118
18,-0.14799999999999996,0.007859060999603292,-0.626889368033284
18,-0.14399999999999996,-0.009108683044371704,-0.6288451520053051
18,-0.13999999999999996,-0.0186911120799492,-0.6098978866046916
18,-0.13599999999999995,-0.017530911665397057,-0.564925478417734
18,-0.13199999999999995,-0.014275548719544031,-0.4951644663259539
18,-0.12799999999999995,0.0030095873879377767,-0.39506297958877956
18,-0.12399999999999994,0.009863005580240457,-0.2698790058757573
18,-0.11999999999999994,0.01805851396261031,-0.1350952325440721
18,-0.11599999999999994,0.010355302994156894,0.0
18,-0.11199999999999993,-0.004150696129763798,0.12229923888089739
18,-0.10799999999999993,-0.022161100193624977,0.21712037590861497
18,-0.10399999999999993,-0.04412503804014758,0.28447110080034693
18,-0.09999999999999992,-0.05065837579524997,0.331728110798819
18,-0.09599999999999992,-0.061115623317892644,0.3704351173112045
18,-0.09199999999999992,-0.06823532050865282,0.41802827031550244
18,-0.08799999999999991,-0.04915761906211752,0.48359397969452983
18,-0.08399999999999991,-0.02523326051685232,0.5664726000650593
18,-0.0799999999999999,-0.019304119461354144,0.6639347187562219
18,-0.0759999999999999,-0.008786894367394478,0.7652358923836718
18,-0.0719999999999999,-0.002456519155634569,0.8511801356988338
18,-0.0679999999999999,-0.0033075149350621064,0.9060135451806153
18,-0.06399999999999989,0.00797922436655603,0.9257292336543441
18,-0.05999999999999989,0.00660673559930051,0.9166659262886839
18,-0.05599999999999988,0.0,0.8898205146915296
18,-0.05199999999999988,0.01568791489696525,0.8573459150359353
18,-0.047999999999999876,0.023664562697399694,0.8295318317728348
18,-0.04399999999999987,0.007739018789271827,0.8118183302632864
18,-0.03999999999999987,-0.004646959282255387,0.8024693669541336
18,-0.035999999999999865,-0.002381991484348189,0.7916559701151167
18,-0.03199999999999986,-0.006434673280716196,0.7670059209247615
18,-0.02799999999999986,-0.007256863423162958,0.7198542805903415
18,-0.023999999999999855,-0.007152550541532367,0.6448616031072951
18,-0.01999999999999985,-0.006634758849068968,0.5412798228557497
18,-0.015999999999999848,-0.008464956094361794,0.4187016290852426
18,-0.011999999999999844,0.01270155488122384,0.2932961034597467
18,-0.00799999999999984,0.04115203813837836,0.17599726971564475
18,-0.003999999999999837,0.061315833086773096,0.07268106372668114
18,1.6653345369377348e-16,0.09108141705081232,-0.01187729272436554
18,0.00400000000000017,0.2737704457397141,-0.08019263494099269
18,0.008000000000000174,0.5516342255211175,-0.14143438691405114
18,0.012000000000000177,0.8544708980503622,-0.20279517142280568
18,0.01600000000000018,1.0,-0.26788830843551736
18,0.020000000000000184,0.9745051821898111,-0.34035581185849195
18,0.024000000000000188,0.7644371713138116,-0.4226671549553272
18,0.02800000000000019,0.4333620428013837,-0.5064519336663409
18,0.032000000000000195,0.11589702704996446,-0.5806596192423882
18,0.0360000000000002,-0.12676864735181437,-0.657921561961282
18,0.0400000000000002,-0.26694934914270213,-0.7599926858583362
18,0.044000000000000206,-0.30258500646783737,-0.8769937481847896
18,0.04800000000000021,-0.2872175617081613,-0.971490633408329
18,0.05200000000000021,-0.24124598452546356,-1.0
18,0.056000000000000216,-0.1655047958926153,-0.9195231534722269
18,0.06000000000000022,-0.09743152491304251,-0.7212321206390814
18,0.06400000000000022,-0.05972813437359765,-0.45985279038521426
18,0.06800000000000023,-0.04756268400270599,-0.22038061598110698
18,0.07200000000000023,-0.09800145763619107,-0.07879186970048203
18,0.07600000000000023,-0.1456360578753757,-0.08369265269653157
18,0.08000000000000024,-0.16371170484244896,-0.2206782135731304
18,0.08400000000000024,-0.17485934016286708,-0.41027399220050204
18,0.08800000000000024,-0.18751022372625722,-0.5602364674236351
18,0.09200000000000025,-0.18311619302197557,-0.5964188012905194
18,0.09600000000000025,-0.17916781717798277,-0.4774541290842551
18,0.10000000000000026,-0.19205903839379643,-0.2217798495565469
18,0.10400000000000026,-0.20627348604043058,0.09758853524468265
18,0.10800000000000026,-0.24351654277702728,0.39034378881006304
18,0.11200000000000027,-0.2652070269067852,0.5848252077621213
18,0.11600000000000027,-0.25621933511255257,0.6585079546934262
18,0.12000000000000027,-0.24020624202287066,0.6368414405331708
18,0.12400000000000028,-0.2119405352362181,0.5647002170479306
18,0.12800000000000028,-0.15290975008073857,0.4974792261866801
18,0.13200000000000028,-0.10386922025119122,0.483269693857619
18,0.1360000000000003,-0.05327384470663802,0.5260546931478614
18,0.1400000000000003,-0.01267322881976474,0.6044299029171754
18,0.1440000000000003,0.00915740328960454,0.7094787028242473
18,0.1480000000000003,0.022218932385102932,0.8309119113816315
18,0.1520000000000003,0.03512715127702384,0.9504963526394704
18,0.1560000000000003,0.023467001867885782,1.053274619748306
18,0.1600000000000003,0.008598712841605575,1.1176132842776603
18,0.1640000000000003,0.025673774595177504,1.1190458158013294
18,0.16800000000000032,0.03910069156512632,1.0409676370131107
18,0.17200000000000032,0.026273097278628296,0.874043641372489
18,0.17600000000000032,0.016445032139907806,0.6373260310324622
18,0.18000000000000033,-0.016905300227645914,0.39171689193115705
18,0.18400000000000033,-0.05473800416703499,0.21219351199288658
18,0.18800000000000033,-0.07448854217969206,0.14861553156988072
18,0.19200000000000034,-0.07830709888663832,0.1953024463712291
18,0.19600000000000034,-0.0732111857881242,0.2944977964751689
18,0.20000000000000034,-0.05691182066589691,0.3772963528269616
18,0.20400000000000035,-0.031184671200103445,0.38839473711515643
18,0.20800000000000035,-0.029683813057048793,0.2972079207045597
18,0.21200000000000035,-0.045898882357883274,0.12390798655081627
18,0.21600000000000036,-0.058708643173015024,-0.0720688292014394
18,0.22000000000000036,-0.08732954329283091,-0.24166585110170077
18,0.22400000000000037,-0.12510666021725883,-0.3600745168228003
18,0.22800000000000037,-0.13171690117619375,-0.42257770476578504
18,0.23200000000000037,-0.1025734897357779,-0.44956768136895636
18,0.23600000000000038,-0.0765041054358382,-0.46275728738473365
18,0.24000000000000038,-0.05501241741461649,-0.4635758133686526
18,0.24400000000000038,-0.010396085516588474,-0.4530097267429069
18,0.2480000000000004,0.024581285479420442,-0.4444763746340818
18,0.2520000000000004,0.048600396530245865,-0.4522315040363922
18,0.2560000000000004,0.062394502809174246,-0.4893951829236705
18,0.2600000000000004,0.055629876184006354,-0.5707743200977647
18,0.2640000000000004,0.03294474598727365,-0.6971799732563146
18,0.2680000000000004,0.02050870248193541,-0.8365536357692316
18,0.2720000000000004,-0.00344332088175232,-0.9304767642890711
18,0.2760000000000004,-0.00581656512329892,-0.9213577253067361
18,0.2800000000000004,-0.0024062853509242404,-0.781622651154076
18,0.2840000000000004,0.014839314368159945,-0.5330320786526348
18,0.2880000000000004,0.038258737024422146,-0.24370037917774726
18,0.2920000000000004,0.0474872349081276,-0.0007058844862282824
18,0.29600000000000043,0.04988073558209861,0.12929774382527007
18,0.30000000000000043,0.04001044275305572,0.1268598572362495
18,0.30400000000000044,0.013307007030042867,0.02306254954424798
18,0.30800000000000044,-0.01816032365945726,-0.11034382293459093
18,0.31200000000000044,-0.0352772830498935,-0.19464840751458518
18,0.31600000000000045,-0.04787406694181973,-0.1862887072988693
18,0.32000000000000045,-0.06643157720163739,-0.08220747005582893
18,0.32400000000000045,-0.06147142887561094,0.09054920629051966
18,0.32800000000000046,-0.05638836495721582,0.2839835527593515
18,0.33200000000000046,-0.06475829235789263,0.45474366136117866
18,0.33600000000000046,-0.07941072543657934,0.5759797056507757
18,0.34000000000000047,-0.08623843766719197,0.6378329199961877
18,0.34400000000000047,-0.07285757760767482,0.6549733181554004
18,0.3480000000000005,-0.043195277004921456,0.6457622517621944
20,-0.18,0.10726985414259316,0.506179805725544
20,-0.176,0.10016398694807883,0.2977522492309945
20,-0.172,0.11310087387803695,0.12121828395124025
20,-0.16799999999999998,0.11162559673671259,0.023191849918536903
20,-0.16399999999999998,0.0910399326429861,0.0
20,-0.15999999999999998,0.10870663996463549,0.025641291700099208
20,-0.15599999999999997,0.13478153160849465,0.09283501833527777
20,-0.15199999999999997,0.17301271489453865,0.16029704332105688
20,-0.14799999999999996,0.1568050079629168,0.14220475302281702
20,-0.14399999999999996,0.07054505582400704,0.04711841711202326
20,-0.13999999999999996,-0.006735523914199871,-0.03710523783302605
20,-0.13599999999999995,-0.05001172346754535,-0.08439952077344642
20,-0.13199999999999995,-0.07050361923060018,-0.11297260806865107
20,-0.12799999999999995,-0.060163760397513665,-0.13840710841165096
20,-0.12399999999999994,-0.035265498086290085,-0.16274228743371885
20,-0.11999999999999994,-0.013125163730616224,-0.1571090852277175
20,-0.11599999999999994,0.0,-0.12448173586018475
20,-0.11199999999999993,0.004891010950182596,-0.08568492071348088
20,-0.10799999999999993,0.011849011692267717,-0.0108071994938641
20,-0.10399999999999993,0.022357261339161848,0.08120834866514173
20,-0.09999999999999992,0.02054550723274164,0.10355493018585406
20,-0.09599999999999992,0.004458313771378103,0.026482083010636967
20,-0.09199999999999992,-0.006595094695437926,-0.13579855873867805
20,-0.08799999999999991,-0.0641251565733334,-0.3487563097164941
20,-0.08399999999999991,-0.11766077481870948,-0.5297202099829791
20,-0.0799999999999999,-0.12636459299395902,-0.605048028611239
20,-0.0759999999999999,-0.13595088910840117,-0.5433926233070017
20,-0.0719999999999999,-0.09754675545431603,-0.36755250470516515
20,-0.0679999999999999,-0.040206348698312945,-0.16202571072809394
20,-0.06399999999999989,-0.01103572600208526,0.0026030987411740153
20,-0.05999999999999989,-0.01087849153559906,0.09284817950700663
20,-0.05599999999999988,-0.00430078439025356,0.09326781175948406
20,-0.05199999999999988,0.0007193160065627127,0.037453953232395976
20,-0.047999999999999876,0.05358169392228584,-0.028946625524939693
20,-0.04399999999999987,0.06774213452746143,-0.08507912142270797
20,-0.03999999999999987,0.06435801596019124,-0.09960776007319706
20,-0.035999999999999865,0.03974265059474563,-0.05720985751346828
20,-0.03199999999999986,0.021181833134788428,0.01318793173753974
20,-0.02799999999999986,0.05715044585910198,0.08192273358488154
20,-0.023999999999999855,0.027750862857972992,0.1302799529935345
20,-0.01999999999999985,-0.006272840101772098,0.14514703196953943
20,-0.015999999999999848,-0.03140016501733168,0.13306600082437375
20,-0.011999999999999844,-0.03155982249781881,0.09419865394663016
20,-0.00799999999999984,-0.018734767990378143,0.014635642862659242
20,-0.003999999999999837,-0.011861377578786416,-0.08486811477577584
20,1.6653345369377348e-16,-0.006174635778345494,-0.1665270913165461
20,0.00400000000000017,0.021448654154043525,-0.22003677830526472
20,0.008000000000000174,0.32570833714036473,-0.22316074923664936
20,0.012000000000000177,0.5903370937866909,-0.14375384686882314
20,0.01600000000000018,0.7637450756272225,-0.005178818707944296
20,0.020000000000000184,0.9173287774696494,0.13626570082382333
20,0.024000000000000188,1.0,0.23954199245485913
20,0.02800000000000019,0.8568613197720408,0.26450048106698243
20,0.032000000000000195,0.6016014477875014,0.18657121548975755
20,0.0360000000000002,0.38354783346847304,0.02532673637384105
20,0.0400000000000002,0.33274473678271804,-0.195573818590065
20,0.044000000000000206,0.3495222440139449,-0.46413969056808646
20,0.04800000000000021,0.34526328948096036,-0.7344502215774364
20,0.05200000000000021,0.37082437908203886,-0.9344018001134069
20,0.056000000000000216,0.2914282471632285,-1.0
20,0.06000000000000022,0.11298399689131673,-0.8846115447878911
20,0.06400000000000022,-0.20033948079742328,-0.605638411252155
20,0.06800000000000023,-0.2974964539573709,-0.27227810501058436
20,0.07200000000000023,-0.24364748855365,-0.028981526383832473
20,0.07600000000000023,-0.11068595390511547,0.010379809401809053
20,0.08000000000000024,-0.0014721554332659227,-0.19583168221033725
20,0.08400000000000024,0.010027263032257034,-0.5762843582409234
20,0.08800000000000024,-0.060450369859630176,-0.9402508754155159
20,0.09200000000000025,-0.1811970839204863,-1.072393070820273
20,0.09600000000000025,-0.21652839834004323,-0.8735757732272598
20,0.10000000000000026,-0.23900269834572702,-0.40677589898688565
20,0.10400000000000026,-0.28831703375059453,0.14592236777893197
20,0.10800000000000026,-0.25379089477329514,0.5509935764177893
20,0.11200000000000027,-0.1425507224997434,0.6323759459422311
20,0.11600000000000027,-0.05263856861243057,0.4001336047818869
20,0.12000000000000027,-0.007258455838059947,0.05720976664544106
20,0.12400000000000028,-0.03011150516921652,-0.18835040846670478
20,0.12800000000000028,-0.08094566730542274,-0.24957682243469276
20,0.13200000000000028,-0.052681059624207105,-0.10052103876009215
20,0.1360000000000003,-0.04091002332658169,0.1921858493436449
20,0.1400000000000003,-0.09470934692171869,0.4393795003230622
20,0.1440000000000003,-0.11569704444586468,0.5242664183400482
20,0.1480000000000003,-0.12369601531055112,0.4835531977694657
20,0.1520000000000003,-0.09923358410774662,0.39739021348035386
20,0.1560000000000003,-0.11826520695763823,0.39690184876717105
20,0.1600000000000003,-0.12461850109863865,0.6355594299139693
20,0.1640000000000003,-0.14874081745154774,1.0902308488433146
20,0.16800000000000032,-0.13558379826775785,1.5293265422396725
20,0.17200000000000032,-0.11640480616689128,1.7351965443411232
20,0.17600000000000032,-0.11291258221704235,1.64606164100097
20,0.18000000000000033,-0.09870668620742619,1.318190948017767
20,0.18400000000000033,-0.0611208165579817,0.9146970872554334
20,0.18800000000000033,-0.02332056539809307,0.666430300914108
20,0.19200000000000034,-0.002384342870839416,0.682697396727006
20,0.19600000000000034,-4.035379805937321e-05,0.8807458357361049
20,0.20000000000000034,0.05757240108719985,1.0839449808902715
20,0.20400000000000035,0.10664322296308217,1.0703899613664654
20,0.20800000000000035,0.0689354800042882,0.7283367605505437
20,0.21200000000000035,0.0681814692226831,0.20854167515127595
20,0.21600000000000036,0.0889150219798442,-0.25595901742414345
20,0.22000000000000036,0.08593253931664054,-0.5043358957031144
20,0.22400000000000037,0.04039650925807937,-0.43819311247106313
20,0.22800000000000037,0.049566273324207516,-0.1423073391817795
20,0.23200000000000037,0.094107185065045,0.1259982270100351
20,0.23600000000000038,0.08747729468904894,0.16118338446093822
20,0.24000000000000038,0.056933528099135704,-0.08649090206704722
20,0.24400000000000038,0.08492601405029677,-0.5072273301846528
20,0.2480000000000004,0.08962489504425644,-0.9017450927989404
20,0.2520000000000004,0.028826062263732882,-1.120825764145078
20,0.2560000000000004,-0.04456805195118574,-1.136533704703907
20,0.2600000000000004,-0.10145622163638641,-1.059987979797226
20,0.2640000000000004,-0.12248437901142796,-1.0665470916373267
20,0.2680000000000004,-0.08576261722664982,-1.2481392048881803
20,0.2720000000000004,-0.04444844521702488,-1.5638694879185242
20,0.2760000000000004,-0.041233843140186494,-1.8760258827025318
20,0.2800000000000004,-0.034753705653035885,-2.02739656097298
20,0.2840000000000004,-0.024757919592759466,-1.9269617298071549
20,0.2880000000000004,-0.0297156532045929,-1.5919504207365451
20,0.2920000000000004,0.00013366446991277641,-1.1766524552562465
20,0.29600000000000043,0.09428536394507943,-0.9079376420816325
20,0.30000000000000043,0.22184866613090293,-0.916624432215497
20,0.30400000000000044,0.3284092361822567,-1.143976077091637
20,0.30800000000000044,0.3791210074730491,-1.369459416031671
20,0.31200000000000044,0.3708424407212226,-1.3436791986226821
20,0.31600000000000045,0.3064025527628874,-0.9816038091021541
20,0.32000000000000045,0.23904061408426963,-0.42324857243170944
20,0.32400000000000045,0.1391257399699277,0.09173457021315552
20,0.32800000000000046,0.0492260566805804,0.3648857392608683
20,0.33200000000000046,0.009266499231605116,0.3172413583929914
20,0.33600000000000046,-0.02982159904041073,0.04270912515177836
20,0.34000000000000047,-0.08411491561468964,-0.21091194639851907
20,0.34400000000000047,-0.10482298092313998,-0.19037031108180602
20,0.3480000000000005,-0.11237868851461061,0.1696465058817632
21,-0.18,-0.11658984247446603,0.6715497338334699
21,-0.176,-0.06542100121585324,0.6000147740090209
21,-0.172,0.07074575797605488,0.497919663167129
21,-0.16799999999999998,0.20262584434997005,0.39691101691163794
21,-0.16399999999999998,0.1919729778017661,0.35042458826287076
21,-0.15999999999999998,0.055504500645183405,0.35476350967083264
21,-0.15599999999999997,-0.11340999681076161,0.3696701685556367
21,-0.15199999999999997,-0.20448806317654147,0.3642498921338224
21,-0.14799999999999996,-0.17129936987388902,0.29951974881069615
21,-0.14399999999999996,-0.14560415256087766,0.15256380290352167
21,-0.13999999999999996,-0.14671055797564198,-0.04201439237074085
21,-0.13599999999999995,-0.11822392975119078,-0.21322267237685927
21,-0.13199999999999995,-0.08322013772848287,-0.3092752603888404
21,-0.12799999999999995,-0.010933087683428974,-0.3299775084084895
21,-0.12399999999999994,0.10441569654565087,-0.2928967386151016
21,-0.11999999999999994,0.18304572711615125,-0.22677225484114916
21,-0.11599999999999994,0.12345287278702412,-0.20844121721647607
21,-0.11199999999999993,0.021913871212078447,-0.2827310655312202
21,-0.10799999999999993,0.008783988722927214,-0.40269172934515773
21,-0.10399999999999993,0.007539774935738209,-0.5287319916074422
21,-0.09999999999999992,-0.03019995649751522,-0.635045368438765
21,-0.09599999999999992,-0.028819386548078134,-0.657590666441734
21,-0.09199999999999992,-0.011682173881871684,-0.5816772960434003
21,-0.08799999999999991,-0.016517412228373364,-0.4504045343701418
21,-0.08399999999999991,-0.013723499705414003,-0.28048205602294507
21,-0.0799999999999999,0.010663273823609053,-0.10933115018120276
21,-0.0759999999999999,0.029512609485145877,0.0
21,-0.0719999999999999,0.01965183285684653,0.05802377044381819
21,-0.0679999999999999,0.0002167893530409573,0.10988685544709581
21,-0.06399999999999989,0.004047320528682473,0.1554615745261426
21,-0.05999999999999989,0.0,0.195964764900354
21,-0.05599999999999988,-0.010858895297748822,0.2529885889458452
21,-0.05199999999999988,0.03181730875293143,0.32160424192282355
21,-0.047999999999999876,0.07115085392623749,0.3828525601636751
21,-0.04399999999999987,0.10829698546051868,0.4304628020820372
21,-0.03999999999999987,0.13748945008258653,0.46809112121378693
21,-0.035999999999999865,0.14027299002738275,0.5262831087776683
21,-0.03199999999999986,0.13555625724698772,0.6429632436270695
21,-0.02799999999999986,0.10165886734668275,0.8127328030864557
21,-0.023999999999999855,0.03244884772152142,0.9969859023117303
21,-0.01999999999999985,-0.09503784716840684,1.1357405448164957
21,-0.015999999999999848,-0.16319660816025877,1.159890644039484
21,-0.011999999999999844,-0.12526686357052366,1.061810691542688
21,-0.00799999999999984,-0.07417398835735302,0.9053619945800301
21,-0.003999999999999837,-0.01144035927178537,0.7668364561993457
21,1.6653345369377348e-16,0.1361300932438976,0.7078232894540826
21,0.00400000000000017,0.33971839106599067,0.7444286913670859
21,0.008000000000000174,0.5746886262608126,0.8418000458130108
21,0.012000000000000177,0.803086746949986,0.9508369433135138
21,0.01600000000000018,0.8952960520232304,1.0
21,0.020000000000000184,0.936550736857489,0.9196181237586155
21,0.024000000000000188,1.0,0.7225085097020866
21,0.02800000000000019,0.8691596447951296,0.4792477062967039
21,0.032000000000000195,0.6234108458370013,0.24866080039835634
21,0.0360000000000002,0.5705242041799999,0.08010015033730565
21,0.0400000000000002,0.42864170326645434,-0.01699991125058444
21,0.044000000000000206,0.0724138309170295,-0.08527057273652403
21,0.04800000000000021,-0.1552887271417339,-0.1375316363321459
21,0.05200000000000021,-0.30006148260718674,-0.1747579482380424
21,0.056000000000000216,-0.43242425995635075,-0.232017241574152
21,0.06000000000000022,-0.3542091475481787,-0.27461714263988807
21,0.06400000000000022,-0.10201455925986343,-0.22638954107550618
21,0.06800000000000023,0.05339420977369123,-0.13680420426050718
21,0.07200000000000023,0.09645587871288452,-0.09817761353567653
21,0.07600000000000023,0.08468483899351362,-0.10755788008288442
21,0.08000000000000024,0.045200146613871624,-0.1652877637419887
21,0.08400000000000024,0.0019846171932256344,-0.29219492428305976
21,0.08800000000000024,-0.0301495647346871,-0.4143009575375007
21,0.09200000000000025,-0.06096194655007765,-0.45484848433493863
21,0.09600000000000025,-0.09300930834784524,-0.44029125611728137
21,0.10000000000000026,-0.08762160363870729,-0.38196980514236867
21,0.10400000000000026,-0.09235900264133713,-0.2641218439355557
21,0.10800000000000026,-0.1429066236100803,-0.1447057921773649
21,0.11200000000000027,-0.17076984145332239,-0.06464103754524002
21,0.11600000000000027,-0.123645294704624,0.006144076040907383
21,0.12000000000000027,-0.08306240853000053,0.06539645924586306
21,0.12400000000000028,-0.0852537158167534,0.10143616290118825
21,0.12800000000000028,0.00031805611357418726,0.14532905392686332
21,0.13200000000000028,0.11553465600978889,0.2104156025458277
21,0.1360000000000003,0.1294759606438041,0.2883409218430277
21,0.1400000000000003,0.11808944540895622,0.38436322637232523
21,0.1440000000000003,0.09060075734263487,0.517245442188209
21,0.1480000000000003,0.009970332012178966,0.7028802844645711
21,0.1520000000000003,-0.09114600008254241,0.9072016552674979
21,0.1560000000000003,-0.16537873115625618,1.0667232363688648
21,0.1600000000000003,-0.19568955653312828,1.1447929040547065
21,0.1640000000000003,-0.21511069801296948,1.1096914551113748
21,0.16800000000000032,-0.23285675401196665,0.9740668475299673
21,0.17200000000000032,-0.26439431688591347,0.8335206292404921
21,0.17600000000000032,-0.22646240055314973,0.7630129765960858
21,0.18000000000000033,-0.09643110090206108,0.7793575917933736
21,0.18400000000000033,0.002931352768652712,0.8665401639241993
21,0.18800000000000033,0.06059270646848663,0.9548804000935808
21,0.19200000000000034,0.08192950235300896,0.9872155269339362
21,0.19600000000000034,0.09393286634400895,0.9626590069111793
21,0.20000000000000034,0.11229814693275213,0.8749870115491338
21,0.20400000000000035,0.12888832836575145,0.7334659875239351
21,0.20800000000000035,0.1314348820724886,0.594576582687444
21,0.21200000000000035,0.1076765072901749,0.5072139132815096
21,0.21600000000000036,0.0720434711642952,0.4922405286358557
21,0.22000000000000036,0.019621144097967325,0.5435595807465814
21,0.22400000000000037,-0.0464551252215055,0.614282588087216
21,0.22800000000000037,-0.09690808100219615,0.646975770536778
21,0.23200000000000037,-0.08268243494837467,0.6131827251458315
21,0.23600000000000038,-0.05886501437079074,0.5147586438054589
21,0.24000000000000038,-0.013813085472259283,0.37653846594176443
21,0.24400000000000038,0.022871589331107584,0.2297679676164712
21,0.2480000000000004,0.03710073690177434,0.08525387587815124
21,0.2520000000000004,0.07091049911599623,-0.05823079606649145
21,0.2560000000000004,0.05511945283218986,-0.19516056775412163
21,0.2600000000000004,0.0013929730315870629,-0.3248396101761011
21,0.2640000000000004,-0.06062496784799096,-0.4432629427444003
21,0.2680000000000004,-0.10721747470874611,-0.5208811364390369
21,0.2720000000000004,-0.0985960300148613,-0.5239860858272217
21,0.2760000000000004,-0.04551637244895189,-0.4528073527027467
21,0.2800000000000004,0.02579814917664779,-0.3463486632403628
21,0.2840000000000004,0.0758327845742594,-0.24810953122386173
21,0.2880000000000004,0.11348930350692148,-0.1828212443210058
21,0.2920000000000004,0.14116694040542307,-0.16687572899528963
21,0.29600000000000043,0.16378010904208795,-0.18843926591861185
21,0.30000000000000043,0.19139063203607717,-0.1952470948359449
21,0.30400000000000044,0.21783578796572253,-0.15777728489728163
21,0.30800000000000044,0.23402272752847475,-0.08932087523659651
21,0.31200000000000044,0.22480410018808386,-0.00558505835850197
21,0.31600000000000045,0.17489506503641508,0.05614500621944055
21,0.32000000000000045,0.062292210284756636,0.05310304731483686
21,0.32400000000000045,-0.05413606855527167,0.015469544826716454
21,0.32800000000000046,-0.10742493623142702,0.006639331982158217
21,0.33200000000000046,-0.10748593639708631,0.05597379833309556
21,0.33600000000000046,-0.10086798717750059,0.18599490172015892
21,0.34000000000000047,-0.06802265292574536,0.38678917011428665
21,0.34400000000000047,-0.005593728175811966,0.5957929173604849
21,0.3480000000000005,0.03911910307997221,0.7766512619661889
22,-0.18,-0.006306807982337302,0.12037575821140373
22,-0.176,0.0,0.10067933945915566
22,-0.172,0.011559205255191883,0.07195595764525417
22,-0.16799999999999998,0.03907129023542301,0.04663783084860539
22,-0.16399999999999998,0.06567656120533423,0.030908062678864718
22,-0.15999999999999998,0.08072953163224907,0.017903279659883888
22,-0.15599999999999997,0.09749580226709605,0.00893470626681874
22,-0.15199999999999997,0.11521278347325514,0.0
22,-0.14799999999999996,0.13618918848865535,-0.018294004116074302
22,-0.14399999999999996,0.15914034637354124,-0.039864090222037886
22,-0.13999999999999996,0.177364883349982,-0.05756552341044439
22,-0.13599999999999995,0.18313821632752192,-0.07414815984964397
22,-0.13199999999999995,0.16597975535397808,-0.09440287135472418
22,-0.12799999999999995,0.1252731179051165,-0.12538973416592422
22,-0.12399999999999994,0.08406486393776,-0.16288065337194954
22,-0.11999999999999994,0.05545129924946645,-0.19080760475944455
22,-0.11599999999999994,0.017718285106705083,-0.2074896841596175
22,-0.11199999999999993,-0.02770344301458934,-0.217157137117509
22,-0.10799999999999993,-0.05250133535015827,-0.213558817605807
22,-0.10399999999999993,-0.04982827233232503,-0.19635150957117584
22,-0.09999999999999992,-0.031250990679067954,-0.1687080073096177
22,-0.09599999999999992,-0.013422665531088881,-0.12664668855267328
22,-0.09199999999999992,-0.005779380875920513,-0.0743494733001357
22,-0.08799999999999991,-0.006031385381237483,-0.024372958579812264
22,-0.08399999999999991,-0.010504647411230951,0.016219705785357755
22,-0.0799999999999999,-0.020303114220167406,0.04442690937119301
22,-0.0759999999999999,-0.031506176321526365,0.06047672023159973
22,-0.0719999999999999,-0.037854807661164745,0.06584426958230732
22,-0.0679999999999999,-0.039504968126475346,0.05662484841069789
22,-0.06399999999999989,-0.03503792997281452,0.03242966548927362
22,-0.05999999999999989,-0.02305048152811883,0.008427086136958755
22,-0.05599999999999988,-0.006932544093511056,0.007285190544454864
22,-0.05199999999999988,0.0011274193659715943,0.040916789507650916
22,-0.047999999999999876,-0.004667270675089061,0.10375751979669165
22,-0.04399999999999987,-0.013505067206401036,0.17854147214188051
22,-0.03999999999999987,-0.025774454627935376,0.24090650344059555
22,-0.035999999999999865,-0.055415484603277214,0.2683109768983571
22,-0.03199999999999986,-0.08375432841101568,0.25535980936252567
22,-0.02799999999999986,-0.08058475077189985,0.2128448130921609
22,-0.023999999999999855,-0.06754737690503428,0.15625317675138795
22,-0.01999999999999985,-0.05097705380488395,0.11027024272175125
22,-0.015999999999999848,-0.036709524534447396,0.10592616642301428
22,-0.011999999999999844,-0.032291106961374605,0.15194869481475848
22,-0.00799999999999984,-0.01921654195707008,0.23298762160485786
22,-0.003999999999999837,0.010201121026091506,0.3284591684483347
22,1.6653345369377348e-16,0.13752492464213018,0.40271618268618037
22,0.00400000000000017,0.40848664272712826,0.4220213069148327
22,0.008000000000000174,0.6838205715633152,0.3823680140259593
22,0.012000000000000177,0.8671515777887966,0.29039053572369444
22,0.01600000000000018,1.0,0.17633520319649917
22,0.020000000000000184,0.9533824952923042,0.08379170778952709
22,0.024000000000000188,0.6905908373951387,0.012266876513562853
22,0.02800000000000019,0.40512429602107364,-0.0334532611864732
22,0.032000000000000195,0.14475345023132838,-0.054590845625588504
22,0.0360000000000002,-0.05170462797619648,-0.15996995706522266
22,0.0400000000000002,-0.14583324617911933,-0.4193348917023591
22,0.044000000000000206,-0.20641801243758212,-0.724759756409817
22,0.04800000000000021,-0.2834352235635759,-0.9506034860229412
22,0.05200000000000021,-0.3489980795141956,-1.0
22,0.056000000000000216,-0.39357902090788566,-0.7452408976905857
22,0.06000000000000022,-0.4152880738199147,-0.20413311412158508
22,0.06400000000000022,-0.3997493549642988,0.3927797731933165
22,0.06800000000000023,-0.3404987761816554,0.8342571223425927
22,0.07200000000000023,-0.2336255263028961,0.9995191223547606
22,0.07600000000000023,-0.08905420398329875,0.798936670576671
22,0.08000000000000024,0.06682056131303082,0.3123885201306701
22,0.08400000000000024,0.19917169218681757,-0.20901198814535532
22,0.08800000000000024,0.2808474573238249,-0.5758261532875935
22,0.09200000000000025,0.3167253210552235,-0.6801303498468931
22,0.09600000000000025,0.29627816204555224,-0.47558009577653043
22,0.10000000000000026,0.21693267533224878,-0.10397023706548848
22,0.10400000000000026,0.11763603187833271,0.2089958619343667
22,0.10800000000000026,0.010873254953302892,0.3354510303685656
22,0.11200000000000027,-0.06961656695884413,0.23854402434603983
22,0.11600000000000027,-0.10995895141710198,-0.005540218384978884
22,0.12000000000000027,-0.11348991499396459,-0.24102281461656566
22,0.12400000000000028,-0.09114331701365512,-0.35115059285840333
22,0.12800000000000028,-0.08719595573282937,-0.25598541055899177
22,0.13200000000000028,-0.08392087062540948,0.03398852254001283
22,0.1360000000000003,-0.06408753133791444,0.36618655079377027
22,0.1400000000000003,-0.045436412009934236,0.6177070266194487
22,0.1440000000000003,-0.032268707180526796,0.7773209990979526
22,0.1480000000000003,-0.028457742874657917,0.8512814260523603
22,0.1520000000000003,-0.040371282558480076,0.8515117947646641
22,0.1560000000000003,-0.05711796173126836,0.8157951601941432
22,0.1600000000000003,-0.07356541110382761,0.7867558522350434
22,0.1640000000000003,-0.09439022269615704,0.7674663999102181
22,0.16800000000000032,-0.11253766167473167,0.6883587069398618
22,0.17200000000000032,-0.12117904216934233,0.48219226118712716
22,0.17600000000000032,-0.1260752770642925,0.16578759416974936
22,0.18000000000000033,-0.1246235437740988,-0.16646828526828608
22,0.18400000000000033,-0.11558100640814907,-0.38073455758532937
22,0.18800000000000033,-0.10095442391495656,-0.3955337756308181
22,0.19200000000000034,-0.08564234496732027,-0.24109611947103188
22,0.19600000000000034,-0.08082499520784958,-0.01400422572995863
22,0.20000000000000034,-0.08485207994682005,0.16162981916239486
22,0.20400000000000035,-0.0870018088984373,0.18327062865092705
22,0.20800000000000035,-0.08460653898667449,0.0388219913246235
22,0.21200000000000035,-0.07510187420508395,-0.18947073005547574
22,0.21600000000000036,-0.05256457004271849,-0.3702123565974457
22,0.22000000000000036,-0.02258236847667468,-0.40388698058114963
22,0.22400000000000037,-0.0010840447793874016,-0.274743893147523
22,0.22800000000000037,0.008799317942008293,-0.025922822351366618
22,0.23200000000000037,0.013254738253705371,0.24715587207111311
22,0.23600000000000038,0.01392298146745181,0.4286299854466558
22,0.24000000000000038,0.008632333840222701,0.46454743089327555
22,0.24400000000000038,0.0005959026999562888,0.35220851693465655
22,0.2480000000000004,-0.008703174623707642,0.10246467422948194
22,0.2520000000000004,-0.023817675603122476,-0.23078971294304376
22,0.2560000000000004,-0.03693793014320256,-0.5701821448678407
22,0.2600000000000004,-0.05068150430750945,-0.8694527602323672
22,0.2640000000000004,-0.0665345484385156,-1.0987670082190415
22,0.2680000000000004,-0.07442979344970464,-1.2104292398089092
22,0.2720000000000004,-0.07593592938706754,-1.1442015367744758
22,0.2760000000000004,-0.07871390097809336,-0.8615238993710079
22,0.2800000000000004,-0.08245811551957989,-0.39601525349260663
22,0.2840000000000004,-0.07658490644937667,0.12490644886995976
22,0.2880000000000004,-0.05381837977969141,0.5357970547133345
22,0.2920000000000004,-0.023579844949272146,0.7186850243442862
22,0.29600000000000043,0.016348322653769284,0.6438190787293994
22,0.30000000000000043,0.06858779335983635,0.37611448287058136
22,0.30400000000000044,0.10756141051072099,0.05687659884405762
22,0.30800000000000044,0.11776280441236066,-0.16544239644503445
22,0.31200000000000044,0.09300687388991824,-0.21064384497870028
22,0.31600000000000045,0.03212297171322416,-0.08845759930491727
22,0.32000000000000045,-0.028241165051892492,0.11995229238123635
22,0.32400000000000045,-0.07055145352966001,0.30170656484374697
22,0.32800000000000046,-0.11078718185757402,0.3632756898811915
22,0.33200000000000046,-0.1420532398857967,0.2702394607678704
22,0.33600000000000046,-0.15119214283304802,0.062323825774411847
22,0.34000000000000047,-0.13862275155084341,-0.17381830964521863
22,0.34400000000000047,-0.11413298495226105,-0.35039514028800384
22,0.3480000000000005,-0.08537264088447848,-0.3893696013236027
23,-0.18,0.03878740477738248,0.0
23,-0.176,0.0184987268894417,-0.005749437645564698
23,-0.172,0.00537293412098389,-0.003495493707527059
23,-0.16799999999999998,0.006505561404368037,-0.0077353356794375855
23,-0.16399999999999998,0.007014241746024977,-0.02124356994760065
23,-0.15999999999999998,-0.001364733985727294,-0.04564050035952199
23,-0.15599999999999997,0.0006768919015549297,-0.07240551105573738
23,-0.15199999999999997,0.0005575772807013574,-0.0927794534779755
23,-0.14799999999999996,0.0,-0.09512416168401608
23,-0.14399999999999996,0.0019914000463170612,-0.061912658350363456
23,-0.13999999999999996,-0.007357227615054838,0.005510511623564885
23,-0.13599999999999995,-0.026821743338161584,0.09226203257656708
23,-0.13199999999999995,-0.047093672863063846,0.1897221289191261
23,-0.12799999999999995,-0.05454871614435346,0.28142003909449403
23,-0.12399999999999994,-0.04917243088053352,0.3377747590078293
23,-0.11999999999999994,-0.039608612769222076,0.33045646828909775
23,-0.11599999999999994,-0.03407001300145976,0.24602687672553797
23,-0.11199999999999993,-0.0326669053250288,0.10085102964976066
23,-0.10799999999999993,-0.024426464844421823,-0.0704886231425264
23,-0.10399999999999993,-0.008557472444879964,-0.23758569513179556
23,-0.09999999999999992,0.013877212084559864,-0.36047033081580354
23,-0.09599999999999992,0.04085815255662117,-0.39197309500171573
23,-0.09199999999999992,0.057913804296714375,-0.3261642199500558
23,-0.08799999999999991,0.060092480378778255,-0.2050101690396516
23,-0.08399999999999991,0.056810332161405484,-0.0741595883283198
23,-0.0799999999999999,0.04711268041265045,0.03169101797387442
23,-0.0759999999999999,0.02832642372868724,0.08776499550626712
23,-0.0719999999999999,0.009104778042598165,0.0931053385540365
23,-0.0679999999999999,-0.005754806348790005,0.06671776093023268
23,-0.06399999999999989,-0.01452296397493318,0.03682964870182598
23,-0.05999999999999989,-0.026834406557864125,0.036025494523878356
23,-0.05599999999999988,-0.03886779501032483,0.0807556763628783
23,-0.05199999999999988,-0.033023018164510906,0.16392109880501138
23,-0.047999999999999876,-0.01545262359875686,0.2681704363808141
23,-0.04399999999999987,-0.001296265677618493,0.36593618637614994
23,-0.03999999999999987,0.008430883405150075,0.42750952299629214
23,-0.035999999999999865,0.017358707832882177,0.4364817746496835
23,-0.03199999999999986,0.02964673601319818,0.38327704951186786
23,-0.02799999999999986,0.043491081405340005,0.2722503045346299
23,-0.023999999999999855,0.03957299314276489,0.13388396269503672
23,-0.01999999999999985,0.025593317425471204,9.190668084320679e-05
23,-0.015999999999999848,0.01701109983574783,-0.105685158998702
23,-0.011999999999999844,0.022523421632272677,-0.15351565502563264
23,-0.00799999999999984,0.04745440980191736,-0.12438253666452159
23,-0.003999999999999837,0.08881064426425712,-0.027957297294346282
23,1.6653345369377348e-16,0.19680228513264628,0.1122165879727076
23,0.00400000000000017,0.41490904699645575,0.26546902199555045
23,0.008000000000000174,0.6897803236965088,0.39230225860316165
23,0.012000000000000177,0.8994871836613934,0.4611929630819992
23,0.01600000000000018,1.0,0.4620813883114094
23,0.020000000000000184,0.9832774584275773,0.4027984184288811
23,0.024000000000000188,0.8398302297145723,0.3131260141826752
23,0.02800000000000019,0.63344493869797,0.23743982978331565
23,0.032000000000000195,0.4401024263910204,0.18975628542172132
23,0.0360000000000002,0.2877051382634088,0.1318409728437909
23,0.0400000000000002,0.16896451035262386,0.015390680309311951
23,0.044000000000000206,0.10489728258883417,-0.16348813694070885
23,0.04800000000000021,0.0936056204815268,-0.35365346605257153
23,0.05200000000000021,0.09050826712431732,-0.4854522391756826
23,0.056000000000000216,0.0901042422176723,-0.5022623533149962
23,0.06000000000000022,0.11089023938637824,-0.377581851495304
23,0.06400000000000022,0.12804502108206098,-0.15341751298295928
23,0.06800000000000023,0.1265008648591047,0.06719732532923915
23,0.07200000000000023,0.10681040844440784,0.19880224717611247
23,0.07600000000000023,0.07689845554423566,0.2060122972531074
23,0.08000000000000024,0.07732228181828792,0.09462654680131219
23,0.08400000000000024,0.10047897219250276,-0.07124373013494079
23,0.08800000000000024,0.11542872702813622,-0.19542187004369682
23,0.09200000000000025,0.12560302906227702,-0.21633951883305172
23,0.09600000000000025,0.11932198228613962,-0.12027476567182196
23,0.10000000000000026,0.08254610958687053,0.06721542501056256
23,0.10400000000000026,0.030876631652275263,0.27516311309986413
23,0.10800000000000026,-0.03574979384545866,0.417974321378324
23,0.11200000000000027,-0.1301262684742106,0.4486465822165182
23,0.11600000000000027,-0.2153974902177356,0.37479107699503583
23,0.12000000000000027,-0.27318477677216935,0.24006057582689494
23,0.12400000000000028,-0.33811811367641786,0.09759197513571358
23,0.12800000000000028,-0.39536559172830515,-0.008170914948071357
23,0.13200000000000028,-0.39173182844960674,-0.049779174682968184
23,0.1360000000000003,-0.30767013792489123,-0.029314912070849575
23,0.1400000000000003,-0.15729293840487607,0.03265358093877625
23,0.1440000000000003,0.010820499220166922,0.14151158895197014
23,0.1480000000000003,0.13276688692777597,0.31315446764299865
23,0.1520000000000003,0.1854459813328377,0.5190067034158301
23,0.1560000000000003,0.19066793880382849,0.7200342609559672
23,0.1600000000000003,0.17350916145225542,0.8960070811044697
23,0.1640000000000003,0.12946475858880374,1.0
23,0.16800000000000032,0.0725851261423555,0.9814431136282205
23,0.17200000000000032,0.029035310314964778,0.8271983867030739
23,0.17600000000000032,-0.0037852069596659315,0.5485283181082887
23,0.18000000000000033,-0.040643280944266266,0.2180806433491011
23,0.18400000000000033,-0.09077795709899254,-0.03899737341184247
23,0.18800000000000033,-0.1315727081187394,-0.14323077990149535
23,0.19200000000000034,-0.14821557850898462,-0.07872915386756034
23,0.19600000000000034,-0.15950223066544572,0.11367375139191675
23,0.20000000000000034,-0.16420101973616716,0.3202213105982733
23,0.20400000000000035,-0.1587360156236245,0.4297839541285583
23,0.20800000000000035,-0.13296272145551205,0.4031238391540399
23,0.21200000000000035,-0.09280447374780161,0.24878775005354373
23,0.21600000000000036,-0.055068592472258225,0.017399639991519646
23,0.22000000000000036,-0.015566084371438759,-0.19602728289736404
23,0.22400000000000037,0.025300965134028647,-0.3089278000483681
23,0.22800000000000037,0.05431020919549072,-0.2963074209544196
23,0.23200000000000037,0.06268121804758449,-0.18097858541503492
23,0.23600000000000038,0.04307030862025494,-0.013732161411072027
23,0.24000000000000038,0.007761037793052048,0.1439393996763781
23,0.24400000000000038,-0.034854613666357455,0.23870268344933773
23,0.2480000000000004,-0.07225238764367777,0.2379562777937544
23,0.2520000000000004,-0.08487536860638252,0.14052091142612497
23,0.2560000000000004,-0.0840129847525352,-0.03249222020489686
23,0.2600000000000004,-0.0774153519884789,-0.261440148252163
23,0.2640000000000004,-0.06200676847539279,-0.5173866237977182
23,0.2680000000000004,-0.035208188702114396,-0.7464345014747634
23,0.2720000000000004,-0.02062977554239556,-0.8904401669318632
23,0.2760000000000004,-0.010123762662942914,-0.8969250128504963
23,0.2800000000000004,-0.008397236527226395,-0.7296953554367196
23,0.2840000000000004,-0.02837528272888359,-0.4170971415909551
23,0.2880000000000004,-0.05155173062445472,-0.05653366619781414
23,0.2920000000000004,-0.0721518370892518,0.24835767120468089
23,0.29600000000000043,-0.07356771010777263,0.42447755528459574
23,0.30000000000000043,-0.06101745405509584,0.438087517382918
23,0.30400000000000044,-0.046382493331350964,0.31252777844843727
23,0.30800000000000044,-0.0329788292092797,0.11939844867569203
23,0.31200000000000044,-0.02841382458663699,-0.05393926776215434
23,0.31600000000000045,-0.0316498945431556,-0.13243572276424892
23,0.32000000000000045,-0.03246559922203163,-0.08303173227519892
23,0.32400000000000045,-0.024816256231347287,0.07215810978832864
23,0.32800000000000046,-0.01092456732352953,0.2705855283742545
23,0.33200000000000046,0.005376342317063162,0.43499035984701734
23,0.33600000000000046,0.005347554794731438,0.5060992335817895
23,0.34000000000000047,-0.009052172670349695,0.4654042441526467
23,0.34400000000000047,-0.024723956087239072,0.33473538026916994
23,0.3480000000000005,-0.045451641651795424,0.16814998262014696
24,-0.18,0.0016548220207402839,-0.18252798914056106
24,-0.176,-0.00014518966920807434,-0.12761365403411268
24,-0.172,-0.00016651506907367948,-0.09448374941415008
24,-0.16799999999999998,0.0030464024792283355,-0.10065677730462554
24,-0.16399999999999998,0.001856616229689703,-0.14862512237972703
24,-0.15999999999999998,-0.006181415404850518,-0.2283830168231363
24,-0.15599999999999997,-0.007125653654194994,-0.31900258460078657
24,-0.15199999999999997,-0.007517348023055673,-0.38790264762156834
24,-0.14799999999999996,-0.007019305324743785,-0.4045723528815891
24,-0.14399999999999996,-0.005093040281965976,-0.3596747963835021
24,-0.13999999999999996,-0.006680687771758626,-0.2619585150001297
24,-0.13599999999999995,-0.0026268821738961437,-0.13138483869226752
24,-0.13199999999999995,0.011820109001029946,0.0
24,-0.12799999999999995,0.017611112840187775,0.10232159780370254
24,-0.12399999999999994,0.020054834317753557,0.1650026805810748
24,-0.11999999999999994,0.029904171280065103,0.1909508589740839
24,-0.11599999999999994,0.033372578829006544,0.18502515295908017
24,-0.11199999999999993,0.04203472921026315,0.16173011026678188
24,-0.10799999999999993,0.06253850440225396,0.1440562988824523
24,-0.10399999999999993,0.06887491192640852,0.13879191362457613
24,-0.09999999999999992,0.07139525346232818,0.13948323946318436
24,-0.09599999999999992,0.08578987196566835,0.14393648607465376
24,-0.09199999999999992,0.08186141365641851,0.1437243183152094
24,-0.08799999999999991,0.06255627974586436,0.12878791089565142
24,-0.08399999999999991,0.031809604277701874,0.10076601056137034
24,-0.0799999999999999,0.0,0.06080068695691088
24,-0.0759999999999999,-0.02114802127493468,0.013194884132783073
24,-0.0719999999999999,-0.03340169715677173,-0.027253817020207443
24,-0.0679999999999999,-0.038613414559895615,-0.05156800977645236
24,-0.06399999999999989,-0.04317566946707393,-0.056451222837798014
24,-0.05999999999999989,-0.047737950973656657,-0.03638221449145804
24,-0.05599999999999988,-0.048116539507416296,0.006396430988086855
24,-0.05199999999999988,-0.04558197619848161,0.06063051305313097
24,-0.047999999999999876,-0.037459342112943675,0.11269558655643498
24,-0.04399999999999987,-0.03358707783024901,0.1429040342691451
24,-0.03999999999999987,-0.02860037224156538,0.13316596011071935
24,-0.035999999999999865,-0.023329798520672563,0.08281951264227384
24,-0.03199999999999986,-0.00303909662765818,0.0009303214004702736
24,-0.02799999999999986,-0.008902044117505267,-0.10020367387896284
24,-0.023999999999999855,-0.0026297347020961016,-0.19752652653207894
24,-0.01999999999999985,0.005638212371813872,-0.2698569989148202
24,-0.015999999999999848,-0.009335196625882638,-0.3105479383534547
24,-0.011999999999999844,-0.02213572139130094,-0.3178828335371604
24,-0.00799999999999984,-0.001987171064374613,-0.2954354779606272
24,-0.003999999999999837,-0.03321603382096133,-0.2625002195290421
24,1.6653345369377348e-16,0.04067889181659575,-0.2367056543826317
24,0.00400000000000017,0.29544516902730455,-0.21487804676409028
24,0.008000000000000174,0.6345987576278054,-0.19835526092776148
24,0.012000000000000177,0.8943318266740242,-0.19248184848372019
24,0.01600000000000018,1.0,-0.1831793930564493
24,0.020000000000000184,0.8999081337977807,-0.1762979526489728
24,0.024000000000000188,0.6513541180465073,-0.18440236408001623
24,0.02800000000000019,0.34704215066617533,-0.18126832739820045
24,0.032000000000000195,0.10995176512372296,-0.1822335981234417
24,0.0360000000000002,-0.024958496520823777,-0.2558888141723426
24,0.0400000000000002,-0.0818699551740275,-0.407429465799615
24,0.044000000000000206,-0.01820669001387521,-0.5760692242092752
24,0.04800000000000021,0.15105560523158404,-0.6961487082862967
24,0.05200000000000021,0.3079162489094075,-0.6943984589917191
24,0.056000000000000216,0.4351696614705262,-0.5073812885655704
24,0.06000000000000022,0.4736836330106977,-0.16339750747893503
24,0.06400000000000022,0.3844100720067382,0.2054176415037814
24,0.06800000000000023,0.27541637403717195,0.4762201604388559
24,0.07200000000000023,0.12450212165650318,0.5660162246645108
24,0.07600000000000023,-0.05984504624953924,0.414327686934491
24,0.08000000000000024,-0.13084269404057736,0.07742163152322895
24,0.08400000000000024,-0.12801484513664071,-0.29380153877348436
24,0.08800000000000024,-0.11532343950849391,-0.5716175384682538
24,0.09200000000000025,-0.0948425627035577,-0.6437325187696993
24,0.09600000000000025,-0.11265799412276516,-0.44423063265126994
24,0.10000000000000026,-0.1572259708762142,-0.029759630781836313
24,0.10400000000000026,-0.1996908147413061,0.45104100427517163
24,0.10800000000000026,-0.24506407556636062,0.8321211973345708
24,0.11200000000000027,-0.3181373290352788,1.0
24,0.11600000000000027,-0.3462553395390565,0.9128179412227618
24,0.12000000000000027,-0.3202209885968991,0.6041285201851102
24,0.12400000000000028,-0.2743761744598405,0.2096082321962647
24,0.12800000000000028,-0.22709013679066256,-0.1128534696532915
24,0.13200000000000028,-0.1481026598482985,-0.27226182473124777
24,0.1360000000000003,-0.06753883283316453,-0.2381333862042866
24,0.1400000000000003,-0.046199877605656345,-0.05199920504722681
24,0.1440000000000003,-0.00715439255490505,0.21495200228885553
24,0.1480000000000003,-0.003035212539448703,0.5011491885354696
24,0.1520000000000003,-0.024102321706131746,0.7007795421600338
24,0.1560000000000003,-0.005989709075073767,0.7500130603686015
24,0.1600000000000003,0.0151539413014045,0.6864229547360374
24,0.1640000000000003,0.023191672320679656,0.506371901158445
24,0.16800000000000032,0.04470652592582954,0.20499512688392502
24,0.17200000000000032,0.03226935855605482,-0.13056855752393975
24,0.17600000000000032,-0.03852733521672981,-0.4401476833792707
24,0.18000000000000033,-0.09974634861753563,-0.6730442045318995
24,0.18400000000000033,-0.13817333681076754,-0.7262197035337534
24,0.18800000000000033,-0.16580304476379648,-0.5806558004466529
24,0.19200000000000034,-0.15615162660692009,-0.3207305408757176
24,0.19600000000000034,-0.12444265226079072,-0.03607053473660557
24,0.20000000000000034,-0.07928544223090718,0.17441623485966648
24,0.20400000000000035,-0.03946512049971578,0.2174980435057114
24,0.20800000000000035,-0.01817952450197881,0.0827475160788653
24,0.21200000000000035,-0.0294141227050782,-0.15433320446212292
24,0.21600000000000036,-0.0459460855648301,-0.41192750874608847
24,0.22000000000000036,-0.0521738704611791,-0.6276869523609901
24,0.22400000000000037,-0.052443754068700464,-0.7443674016156153
24,0.22800000000000037,-0.0515314656099125,-0.7507630142210492
24,0.23200000000000037,-0.05837220227546117,-0.6696375957537151
24,0.23600000000000038,-0.04526588021727087,-0.5181120523946602
24,0.24000000000000038,-0.019968548834373906,-0.33979312147129803
24,0.24400000000000038,0.0008944734833205095,-0.18821047640058347
24,0.2480000000000004,0.001338213989371931,-0.09969752867964497
24,0.2520000000000004,-0.027181766880456537,-0.11076473372242221
24,0.2560000000000004,-0.06226611741402818,-0.22734048183645222
24,0.2600000000000004,-0.08263704355499799,-0.42034719832233214
24,0.2640000000000004,-0.09872340240452657,-0.6449659431096798
24,0.2680000000000004,-0.10900555207379044,-0.8181302119673224
24,0.2720000000000004,-0.10763741557761806,-0.8477822851146568
24,0.2760000000000004,-0.09969638597231449,-0.677474823084901
24,0.2800000000000004,-0.08921742984933935,-0.30098499641061227
24,0.2840000000000004,-0.05672392936999774,0.19118633968054746
24,0.2880000000000004,-0.010419866442835914,0.6302273956108813
24,0.2920000000000004,0.013049932290460366,0.8742010505481338
24,0.29600000000000043,0.04980986551919768,0.8501398608163068
24,0.30000000000000043,0.08622630228055361,0.5678843554544117
24,0.30400000000000044,0.08165944342578005,0.1505151689849927
24,0.30800000000000044,0.036620459664916706,-0.23169789250028136
24,0.31200000000000044,-0.005596565457824014,-0.45306694342663895
24,0.31600000000000045,-0.041617362316477585,-0.4458236975506305
24,0.32000000000000045,-0.06123780107163377,-0.22396976819513717
24,0.32400000000000045,-0.06060542777168516,0.11449499465149111
24,0.32800000000000046,-0.0693159283733892,0.44981727245759057
24,0.33200000000000046,-0.07406543000456883,0.6705565107224868
24,0.33600000000000046,-0.06874751137426853,0.7086221936964678
24,0.34000000000000047,-0.06782844950088585,0.5847849184630322
24,0.34400000000000047,-0.04129107086256235,0.37083187918992955
24,0.3480000000000005,-0.008439562606166524,0.14512563069359424
25,-0.18,-0.0261120517219376,0.7660022208933686
25,-0.176,-0.008278543433459755,0.7200432034250832
25,-0.172,0.00024196905419617115,0.6754818965826311
25,-0.16799999999999998,0.006235656816548412,0.6223603057828575
25,-0.16399999999999998,0.015609706845337967,0.5626044136184832
25,-0.15999999999999998,0.009881249867732218,0.49765846984613377
25,-0.15599999999999997,-0.004275028007897459,0.4277786668190554
25,-0.15199999999999997,-0.007237162497608018,0.3515260948382588
25,-0.14799999999999996,0.0012559941588994926,0.26802933834055004
25,-0.14399999999999996,0.0,0.1947821163569672
25,-0.13999999999999996,-0.0007639403372728581,0.13730831641370989
25,-0.13599999999999995,0.002761170368346823,0.07605704375924398
25,-0.13199999999999995,-0.008358068286552594,0.0165796784815876
25,-0.12799999999999995,-0.02368943509104421,-0.027428611127197102
25,-0.12399999999999994,-0.025511237740645554,-0.06956578191945563
25,-0.11999999999999994,-0.029756723155268103,-0.11382054120868
25,-0.11599999999999994,-0.060908359903103095,-0.15804819458691305
25,-0.11199999999999993,-0.0737394400370608,-0.20859119272910834
25,-0.10799999999999993,-0.05817216056007892,-0.2486750838279194
25,-0.10399999999999993,-0.05274073317138661,-0.26105716571528803
25,-0.09999999999999992,-0.03737252870337071,-0.2482741453790423
25,-0.09599999999999992,-0.012043630881011664,-0.20488852877525013
25,-0.09199999999999992,-0.0037985939209521633,-0.13508833944101273
25,-0.08799999999999991,0.006373671920578093,-0.0645410711018895
25,-0.08399999999999991,0.026040232000531943,-0.014986438890335478
25,-0.0799999999999999,0.0388428411405511,0.0
25,-0.0759999999999999,0.04013308318181365,-0.014093789927119644
25,-0.0719999999999999,0.031121447352336774,-0.031012119716635648
25,-0.0679999999999999,0.025597109279188745,-0.03446002930416509
25,-0.06399999999999989,0.0251124783370818,-0.018152291551752093
25,-0.05999999999999989,0.027890621513963997,0.03115559187609796
25,-0.05599999999999988,0.04746352384317025,0.11234182263904564
25,-0.05199999999999988,0.03624763701165862,0.1961819402705043
25,-0.047999999999999876,0.007692789165000938,0.2623640828734267
25,-0.04399999999999987,0.019783464495368615,0.3164203072213963
25,-0.03999999999999987,0.0321435681861486,0.36094512790042277
25,-0.035999999999999865,0.011005585258906906,0.3986193664986883
25,-0.03199999999999986,-0.003151320320776244,0.4444491605555684
25,-0.02799999999999986,-0.006255700774792472,0.5032633607015035
25,-0.023999999999999855,0.012779242603266811,0.5690220416631158
25,-0.01999999999999985,0.0605249917893082,0.6361681296529093
25,-0.015999999999999848,0.0908543872825276,0.6944921835704375
25,-0.011999999999999844,0.12867731886742592,0.7406133891121327
25,-0.00799999999999984,0.1780961197171054,0.7867864618628737
25,-0.003999999999999837,0.16967164636982365,0.8442238818919413
25,1.6653345369377348e-16,0.22274285041655453,0.9092583612463442
25,0.00400000000000017,0.43245069798742725,0.9674323944116673
25,0.008000000000000174,0.6479798612663431,1.0
25,0.012000000000000177,0.8126496688186455,0.9884124072542935
25,0.01600000000000018,0.9533536705944368,0.9317632275623409
25,0.020000000000000184,0.9460154166023448,0.8476278190972946
25,0.024000000000000188,0.7264292002211522,0.7588377394171105
25,0.02800000000000019,0.3942530919655583,0.7039077741399843
25,0.032000000000000195,0.03728256154169782,0.6977441602760425
25,0.0360000000000002,-0.26769149539687165,0.6770075020355347
25,0.0400000000000002,-0.5246086493228774,0.5787032228653255
25,0.044000000000000206,-0.7279807814014555,0.42074202552925477
25,0.04800000000000021,-0.8885127703155317,0.2529719055152894
25,0.05200000000000021,-1.0,0.13958469292499245
25,0.056000000000000216,-0.9908942701067126,0.17152286455100238
25,0.06000000000000022,-0.8370457071920347,0.3781489637324249
25,0.06400000000000022,-0.5708289347705404,0.6852927493650036
25,0.06800000000000023,-0.21586577802714207,0.9885384256277684
25,0.07200000000000023,0.14283193356374038,1.1696271870443176
25,0.07600000000000023,0.36644127925362746,1.1285678766425356
25,0.08000000000000024,0.3655387849075317,0.8949805058716868
25,0.08400000000000024,0.2338491872581749,0.58168311542712
25,0.08800000000000024,0.11540623525442457,0.2683016138171742
25,0.09200000000000025,0.02464471642568099,0.02526267485736406
25,0.09600000000000025,-0.06823934478437395,-0.11607231030524437
25,0.10000000000000026,-0.16312103074518786,-0.21214600287269272
25,0.10400000000000026,-0.2534504309603367,-0.2969825839742353
25,0.10800000000000026,-0.2888860107235284,-0.3330495370349978
25,0.11200000000000027,-0.22900890238603702,-0.26029394030070196
25,0.11600000000000027,-0.12976436612772296,-0.020754848698117185
25,0.12000000000000027,-0.024057117361619487,0.35511423664288494
25,0.12400000000000028,0.07841244421382976,0.7290177145735812
25,0.12800000000000028,0.16085968837477738,0.9737401288716688
25,0.13200000000000028,0.1814046557859174,1.011301036369653
25,0.1360000000000003,0.14917039963456538,0.8129580053547892
25,0.1400000000000003,0.09019026804825038,0.45033035714635977
25,0.1440000000000003,0.03258026403446949,0.07983415480827091
25,0.1480000000000003,-0.019054452506620804,-0.13684874496578484
25,0.1520000000000003,-0.06029982898836784,-0.11818802687578404
25,0.1560000000000003,-0.07377402285829371,0.10431102848118569
25,0.1600000000000003,-0.06671498532063018,0.439753654228897
25,0.1640000000000003,-0.06661929713047608,0.7654709482864082
25,0.16800000000000032,-0.08148669125738243,0.9395476776729877
25,0.17200000000000032,-0.08751415818520226,0.8873078670559507
25,0.17600000000000032,-0.08665352516758047,0.6523150534332266
25,0.18000000000000033,-0.097924872463659,0.3427267812154784
25,0.18400000000000033,-0.1095362547089124,0.0494072894189079
25,0.18800000000000033,-0.11631308935570618,-0.1913747371121163
25,0.19200000000000034,-0.10960196333891492,-0.36708950465217827
25,0.19600000000000034,-0.08864722354974186,-0.4610898909427729
25,0.20000000000000034,-0.06052735747333995,-0.4653230499446991
25,0.20400000000000035,0.05843142832474802,-0.3760615179852123
25,0.20800000000000035,0.2592794886730063,-0.1819590664916908
25,0.21200000000000035,0.3877462183793064,0.1174165094438279
25,0.21600000000000036,0.4241489268470105,0.4786156944310891
25,0.22000000000000036,0.3997264618173927,0.7907940263918594
25,0.22400000000000037,0.2997451134626512,0.910727445668107
25,0.22800000000000037,0.08725582086275653,0.77110352392091
25,0.23200000000000037,-0.17942960845188916,0.4385140156759288
25,0.23600000000000038,-0.36537098909263466,0.042104892741073374
25,0.24000000000000038,-0.4370435993652009,-0.29771947515369485
25,0.24400000000000038,-0.3532919242862596,-0.4699778639461713
25,0.2480000000000004,-0.1961851197863998,-0.40548512154644334
25,0.2520000000000004,-0.09133703869999478,-0.13295470778493285
25,0.2560000000000004,-0.025171819716415512,0.23563781907124295
25,0.2600000000000004,-0.004507617579841607,0.5679475388563129
25,0.2640000000000004,-0.005880733893228655,0.7710763405950944
25,0.2680000000000004,0.015713435103078557,0.8251051705252562
25,0.2720000000000004,0.02588512949855325,0.7546552012028647
25,0.2760000000000004,0.05535373625351107,0.5852722392207881
25,0.2800000000000004,0.09453057245910444,0.3737060860307221
25,0.2840000000000004,0.06562996445870675,0.2233845297879291
25,0.2880000000000004,0.017818093862315667,0.20151922525322302
25,0.2920000000000004,-0.021886277062157473,0.3159499321227155
25,0.29600000000000043,-0.045320909390579665,0.5686466880560992
25,0.30000000000000043,-0.049467530580822795,0.9298342937088746
25,0.30400000000000044,-0.05062985903543202,1.3076035544915665
25,0.30800000000000044,-0.024204572634403385,1.576698374174576
25,0.31200000000000044,0.0243060812762643,1.6107446453813246
25,0.31600000000000045,0.032054603445293636,1.356941131812561
25,0.32000000000000045,0.04823934150838833,0.8907589610818764
25,0.32400000000000045,0.09916533599228183,0.3811453031371293
25,0.32800000000000046,0.07346126334301627,0.02562752162106593
25,0.33200000000000046,-0.0285823969547082,-0.04257959487628902
25,0.33600000000000046,-0.0894993972657204,0.18552148190723858
25,0.34000000000000047,-0.10520622939679342,0.6025118653430063
25,0.34400000000000047,-0.12278031104266546,1.0166309502492084
25,0.3480000000000005,-0.11625129851318992,1.277306694131176
26,-0.18,-0.07287333175899074,0.44767815395738847
26,-0.176,0.0,0.38629915400509285
26,-0.172,-0.007133787870697291,0.38100942515553826
26,-0.16799999999999998,-0.07012117269162628,0.47811976156659713
26,-0.16399999999999998,-0.017573637180952468,0.574297791839476
26,-0.15999999999999998,0.007734259136891694,0.5748669723910547
26,-0.15599999999999997,0.031296029255894794,0.4524210606128285
26,-0.15199999999999997,0.05979013301789325,0.20568314384070097
26,-0.14799999999999996,0.04585587801656211,-0.11823769516899957
26,-0.14399999999999996,0.08414317866120123,-0.4210922370929343
26,-0.13999999999999996,0.07664833378224403,-0.585907839115234
26,-0.13599999999999995,0.05963272152014819,-0.5456016017289703
26,-0.13199999999999995,0.08163001124252431,-0.35530906795918105
26,-0.12799999999999995,0.13616623749751652,-0.14048490413300804
26,-0.12399999999999994,0.2055682293518584,-0.0053166276914433834
26,-0.11999999999999994,0.27400168743655823,-0.0050738820288596395
26,-0.11599999999999994,0.28527211248025813,-0.11562416277429964
26,-0.11199999999999993,0.24844656166863333,-0.2443018159063326
26,-0.10799999999999993,0.21670732561704634,-0.3131651602971763
26,-0.10399999999999993,0.09500348194898761,-0.300783251494471
26,-0.09999999999999992,-0.0545487369925143,-0.22643982091383852
26,-0.09599999999999992,-0.03291056598797214,-0.12995785158138987
26,-0.09199999999999992,-0.044819017082607555,-0.05218816609741687
26,-0.08799999999999991,-0.11400316254197826,-0.015892468875985562
26,-0.08399999999999991,-0.06727373364511464,0.0
26,-0.0799999999999999,-0.001022233509022514,0.04950966899906075
26,-0.0759999999999999,-0.02403866348917051,0.1466736906063971
26,-0.0719999999999999,-0.0160547186712946,0.255477689825161
26,-0.0679999999999999,-0.004740044033744097,0.3556453927890557
26,-0.06399999999999989,-0.05194469032542626,0.4260107538588958
26,-0.05999999999999989,-0.01397785510977835,0.4140237647094328
26,-0.05599999999999988,-0.002460063707348158,0.32688950422516805
26,-0.05199999999999988,0.030250081972464125,0.26142543936013385
26,-0.047999999999999876,0.0648936431329978,0.27900403628911247
26,-0.04399999999999987,0.055104738469941156,0.3696616489610183
26,-0.03999999999999987,0.0576999696589295,0.5239057328692093
26,-0.035999999999999865,0.018922246181618127,0.7029166067977911
26,-0.03199999999999986,0.025462519185734136,0.8117943173172008
26,-0.02799999999999986,0.04272007032382928,0.7930242459598703
26,-0.023999999999999855,0.005716113402251084,0.6628912671625489
26,-0.01999999999999985,-0.019844680812433395,0.46738837493848956
26,-0.015999999999999848,-0.0033415161070329564,0.26603326871278005
26,-0.011999999999999844,-0.04329541154884587,0.11339522342985595
26,-0.00799999999999984,-0.05994931155996773,0.040359500435600125
26,-0.003999999999999837,-0.08606070467722228,0.040540526763201634
26,1.6653345369377348e-16,-0.028453074221105587,0.060924828964193954
26,0.00400000000000017,0.18771142353989334,0.055566909941811946
26,0.008000000000000174,0.4720759352260669,0.012443449981238676
26,0.012000000000000177,0.7832026301607238,-0.08334086614201373
26,0.01600000000000018,1.0,-0.21613720357838495
26,0.020000000000000184,0.9823448781556343,-0.3305651249880671
26,0.024000000000000188,0.7410781178002,-0.4058872181630058
26,0.02800000000000019,0.5010830381391462,-0.44138366812028756
26,0.032000000000000195,0.19641913171125536,-0.44410521089556676
26,0.0360000000000002,-0.1439925810408188,-0.4826153917676691
26,0.0400000000000002,-0.1473288462684537,-0.6078602212852365
26,0.044000000000000206,-0.03436567023897153,-0.781389005054608
26,0.04800000000000021,-0.03749831537368298,-0.9440803635242538
26,0.05200000000000021,-0.08341681885771819,-1.0
26,0.056000000000000216,-0.154344620334833,-0.8406197438808353
26,0.06000000000000022,-0.11316053632838868,-0.5153711412853237
26,0.06400000000000022,-0.028201705286027452,-0.16937722342577224
26,0.06800000000000023,0.0029741957892908265,0.1167101374201447
26,0.07200000000000023,0.0775745032333166,0.23783944313735406
26,0.07600000000000023,0.09303232581822428,0.10850968317274504
26,0.08000000000000024,-0.0009657211176414143,-0.14719435387689486
26,0.08400000000000024,-0.10656570194821155,-0.3437770778165904
26,0.08800000000000024,-0.17038524393141005,-0.40537397675452225
26,0.09200000000000025,-0.25539709823063783,-0.2802681761195216
26,0.09600000000000025,-0.3141596167071632,0.00896768929627946
26,0.10000000000000026,-0.28888978366941137,0.3063768620670588
26,0.10400000000000026,-0.23360475751510437,0.49392151886328006
26,0.10800000000000026,-0.17306867926278388,0.5490720178897864
26,0.11200000000000027,-0.1352940315225122,0.49362680195662295
26,0.11600000000000027,-0.15660326695479423,0.42221576771544106
26,0.12000000000000027,-0.08170430335745335,0.4259190434275598
26,0.12400000000000028,0.010130674591901222,0.49990686191781364
26,0.12800000000000028,0.06759385774229595,0.5954966738352175
26,0.13200000000000028,0.040965539386639854,0.6473576946212476
26,0.1360000000000003,-0.0423113506426059,0.6019343683672183
26,0.1400000000000003,-0.148703385886116,0.4779656866169056
26,0.1440000000000003,-0.20564564796911305,0.3468502197971591
26,0.1480000000000003,-0.19029660750419303,0.3242587362583789
26,0.1520000000000003,-0.20289243397885076,0.49215060183204024
26,0.1560000000000003,-0.24174050231441946,0.7621043127989702
26,0.1600000000000003,-0.26132881389209806,1.0072633607007397
26,0.1640000000000003,-0.23187362241054257,1.1766272649242429
26,0.16800000000000032,-0.15598872128590405,1.1779464060672193
26,0.17200000000000032,-0.06266250982943053,0.9760251231735007
26,0.17600000000000032,-0.07520731904884947,0.6793593609308064
26,0.18000000000000033,-0.04865892314508821,0.37485770350819303
26,0.18400000000000033,-0.02144030592476612,0.159982521505285
26,0.18800000000000033,-0.07235290451336693,0.13784451489605
26,0.19200000000000034,-0.12152953298734807,0.2269661700207487
26,0.19600000000000034,-0.15549633410482247,0.3026911843142526
26,0.20000000000000034,-0.13336173431481232,0.33621830199473596
26,0.20400000000000035,-0.04094046963515394,0.2492720682592381
26,0.20800000000000035,0.09017683849050645,0.01034560699852215
26,0.21200000000000035,0.12743209872794176,-0.24093523620402454
26,0.21600000000000036,0.13702180125003746,-0.38941997133319306
26,0.22000000000000036,0.1918692470388577,-0.4216029279016513
26,0.22400000000000037,0.18091066945053674,-0.36259240767202777
26,0.22800000000000037,0.09251528656572475,-0.3059632245427266
26,0.23200000000000037,0.021641802045762173,-0.32933553914848995
26,0.23600000000000038,-0.012317240544497439,-0.40625997930758867
26,0.24000000000000038,-0.0004707912555938717,-0.5041785348927742
26,0.24400000000000038,0.05504081954022749,-0.595771385297056
26,0.2480000000000004,0.047835027119259424,-0.621226076927018
26,0.2520000000000004,0.07199248516796147,-0.5822818055949333
26,0.2560000000000004,0.1053443485235283,-0.5359705840282535
26,0.2600000000000004,-0.01012044305087653,-0.5203923956791062
26,0.2640000000000004,-0.09112720992985755,-0.5749283817194987
26,0.2680000000000004,-0.05842479446933154,-0.6843112726023483
26,0.2720000000000004,-0.09562664553010261,-0.7550349739135929
26,0.2760000000000004,-0.11849880946430112,-0.7333939027905677
26,0.2800000000000004,-0.022284531516426724,-0.6055222144438487
26,0.2840000000000004,0.06935055228839329,-0.3801200741995512
26,0.2880000000000004,0.11734411602931864,-0.1481595120395546
26,0.2920000000000004,0.25121875545784583,0.016157880937921008
26,0.29600000000000043,0.2517976927946882,0.1083311434607679
26,0.30000000000000043,0.10112825334671956,0.10809170875381344
26,0.30400000000000044,0.09660574049830739,0.053528351081971744
26,0.30800000000000044,0.16456641006911665,0.041921713036868216
26,0.31200000000000044,0.11263319021351577,0.07150255821504391
26,0.31600000000000045,0.027545850473498893,0.10252059714688
26,0.32000000000000045,-0.00571141381356311,0.13821628740792555
26,0.32400000000000045,0.003993077762882091,0.16455932067519835
26,0.32800000000000046,0.09557303896832971,0.20708135013572862
26,0.33200000000000046,0.11892478842287278,0.3237952040680252
26,0.33600000000000046,0.11220168495493534,0.4804855267433401
26,0.34000000000000047,0.10253965039973512,0.6140100082555265
26,0.34400000000000047,0.03692731451082015,0.7132470684117258
26,0.3480000000000005,0.03349707833497455,0.7507643718465916
27,-0.18,0.03239900833793124,0.19563628529291135
27,-0.176,-0.03541806962146144,0.04724563229515086
27,-0.172,-0.020359672304469605,-0.06326918459812032
27,-0.16799999999999998,0.0015828447810488256,-0.12467542001867582
27,-0.16399999999999998,-0.05022269800513635,-0.1277529645759394
27,-0.15999999999999998,-0.08792460001868281,-0.07841992147385853
27,-0.15599999999999997,0.02951019048986824,-0.012544453736081347
27,-0.15199999999999997,0.06606719456710992,0.048487962757213406
27,-0.14799999999999996,0.005161864915634941,0.08329840132858109
27,-0.14399999999999996,0.11496949083014306,0.0661702586744128
27,-0.13999999999999996,0.1907700118636269,0.0
27,-0.13599999999999995,0.08022540622263323,-0.09761349976442647
27,-0.13199999999999995,0.021314161343003075,-0.2015509268843398
27,-0.12799999999999995,0.018143670116009696,-0.282743896655436
27,-0.12399999999999994,-0.05451465142055946,-0.3231958696931756
27,-0.11999999999999994,-0.14245871082797368,-0.31421972045287994
27,-0.11599999999999994,-0.1917321679272547,-0.26132495719412757
27,-0.11199999999999993,-0.1367360807481554,-0.18558804699387885
27,-0.10799999999999993,-0.0751084377095625,-0.12050887463589934
27,-0.10399999999999993,-0.07166217294677722,-0.08476905228737056
27,-0.09999999999999992,-0.014482096517156534,-0.053902945082564255
27,-0.09599999999999992,0.042810611053980874,-0.019857608357088392
27,-0.09199999999999992,0.04424743399056417,0.0017945095877226146
27,-0.08799999999999991,0.06967088850164284,0.048949581639675055
27,-0.08399999999999991,0.03708020884586651,0.13559672673849898
27,-0.0799999999999999,0.009885923591719782,0.1957018437578934
27,-0.0759999999999999,0.0,0.22881349870522552
27,-0.0719999999999999,-0.023013166592644095,0.28398810759603815
27,-0.0679999999999999,-0.10761568688287936,0.33463379933022575
27,-0.06399999999999989,-0.048826536945977925,0.38734006185377795
27,-0.05999999999999989,-0.02015819959417081,0.4975560218789631
27,-0.05599999999999988,-0.03709309959121978,0.6167995144352556
27,-0.05199999999999988,0.04036309560655902,0.687846788585964
27,-0.047999999999999876,0.04626613332373151,0.7305924509502766
27,-0.04399999999999987,0.025853430331055676,0.7227112964642537
27,-0.03999999999999987,0.08067552483291651,0.6511734527818389
27,-0.035999999999999865,0.07640584795485786,0.5771681655596163
27,-0.03199999999999986,0.05294389741319561,0.5176995642472277
27,-0.02799999999999986,0.0388194716774591,0.45904114053238976
27,-0.023999999999999855,-0.01886283496071902,0.426954194307053
27,-0.01999999999999985,-0.006760787173944124,0.4266273621047025
27,-0.015999999999999848,-0.0770885019862195,0.4423064126757547
27,-0.011999999999999844,-0.1281748211729351,0.4745705373158945
27,-0.00799999999999984,-0.13474179532558336,0.5108596061749474
27,-0.003999999999999837,-0.15270319264255242,0.5333405896788207
27,1.6653345369377348e-16,-0.0828934374661713,0.5232353735959391
27,0.00400000000000017,0.08091293626332455,0.4505870583642049
27,0.008000000000000174,0.38075014085814235,0.3365524759963646
27,0.012000000000000177,0.7310741613153067,0.22897738776672763
27,0.01600000000000018,0.8499130038669266,0.11878562178970423
27,0.020000000000000184,0.5867592027850765,0.007781654604430553
27,0.024000000000000188,0.07548561209732173,-0.07191437612641503
27,0.02800000000000019,-0.42964208166619733,-0.1324067783997731
27,0.032000000000000195,-0.7433370823960427,-0.19472083605326754
27,0.0360000000000002,-1.0,-0.2969139196113202
27,0.0400000000000002,-0.6994875418429446,-0.5028657354786825
27,0.044000000000000206,-0.3037330226860436,-0.7720432518338595
27,0.04800000000000021,0.017232981021843126,-0.9748128189236248
27,0.05200000000000021,0.17645690228767152,-1.0
27,0.056000000000000216,0.18215812174363502,-0.7437072994770748
27,0.06000000000000022,-0.016827263815840997,-0.19329058034583338
27,0.06400000000000022,-0.09135330803138586,0.4644262918421306
27,0.06800000000000023,-0.174237494982722,0.9381195350117616
27,0.07200000000000023,-0.12855364976362377,0.9740674894584921
27,0.07600000000000023,-0.04150350196086843,0.47931339225032865
27,0.08000000000000024,-0.002629764477256587,-0.37732221282509393
27,0.08400000000000024,0.12210501125172123,-1.2392704527435057
27,0.08800000000000024,0.10291467680269656,-1.7233758346333379
27,0.09200000000000025,0.13902928551249222,-1.5514667240950004
27,0.09600000000000025,0.2029331146565603,-0.7442218080977904
27,0.10000000000000026,0.019119995494409223,0.323719569320649
27,0.10400000000000026,0.03710838982690363,1.2011146754103785
27,0.10800000000000026,0.08746237216652245,1.5798663613902977
27,0.11200000000000027,-0.03692085455793822,1.3251937336132635
27,0.11600000000000027,-0.16739914074254358,0.6155012819380785
27,0.12000000000000027,-0.26837446866527215,-0.11753244679869626
27,0.12400000000000028,-0.34668310235206,-0.5752214072354311
27,0.12800000000000028,-0.36624668578446223,-0.6310983143612422
27,0.13200000000000028,-0.28795770183084235,-0.2167735134657512
27,0.1360000000000003,-0.24493915939469416,0.4330223099885599
27,0.1400000000000003,-0.12200076383944276,0.9118479599716245
27,0.1440000000000003,0.04940864598208606,1.1517328890178693
27,0.1480000000000003,0.07003577740393406,1.2685108435306653
27,0.1520000000000003,0.07701090021443716,1.2667147968537116
27,0.1560000000000003,0.10400111650265136,1.2671699634875992
27,0.1600000000000003,0.10283352782217546,1.3762436252729788
27,0.1640000000000003,0.05601940688621188,1.3830472850847007
27,0.16800000000000032,-0.039042708836948964,1.1046337882363726
27,0.17200000000000032,-0.09282214952186323,0.5722067503176537
27,0.17600000000000032,-0.06433110382732679,-0.12590161553076437
27,0.18000000000000033,-0.023710316985573035,-0.6894286499519181
27,0.18400000000000033,-0.011482031252280443,-0.7739751366185723
27,0.18800000000000033,-0.020708363590777254,-0.36983503220262676
27,0.19200000000000034,-0.06982301741047756,0.3845413008607208
27,0.19600000000000034,-0.16148802761642117,1.2270063137024638
27,0.20000000000000034,-0.1746165788286902,1.6958000963811932
27,0.20400000000000035,-0.16792827325541293,1.5740017172121905
27,0.20800000000000035,0.0004198602496156452,0.958358493559281
27,0.21200000000000035,0.053826130701769316,0.04560349007637488
27,0.21600000000000036,-0.007648990474268665,-0.7329701335850184
27,0.22000000000000036,-0.027384357932509176,-1.0053409887382914
27,0.22400000000000037,-0.10779090206012677,-0.8092306614519914
27,0.22800000000000037,-0.07426785965460969,-0.2809625626762525
27,0.23200000000000037,0.08967460962903422,0.38123765037965585
27,0.23600000000000038,0.24990181091324593,0.7970437674786338
27,0.24000000000000038,0.22376878056995386,0.792671987014343
27,0.24400000000000038,0.13054059886644265,0.49211237903034655
27,0.2480000000000004,0.04276934441636612,0.0735305779732085
27,0.2520000000000004,0.10670630075395517,-0.269668233593647
27,0.2560000000000004,0.06019706523375312,-0.49182934791461336
27,0.2600000000000004,-0.015199370762029459,-0.6917786478586703
27,0.2640000000000004,-0.0013197576773565066,-0.8551842957322773
27,0.2680000000000004,-0.05904977841536299,-0.9754157622241558
27,0.2720000000000004,-0.10607409774352047,-1.0578602469182967
27,0.2760000000000004,-0.14389662707375878,-0.9016275871422103
27,0.2800000000000004,-0.1452870637230736,-0.39705961026747344
27,0.2840000000000004,-0.026809014325578265,0.2659011537095457
27,0.2880000000000004,0.05107826006618158,0.8567866902757086
27,0.2920000000000004,0.01896181232563632,1.1539351739827424
27,0.29600000000000043,-0.013072326048777816,0.9727016294350711
27,0.30000000000000043,0.011578181206727267,0.3847325201389372
27,0.30400000000000044,-0.009595733178769224,-0.3339611087866958
27,0.30800000000000044,-0.030593571510521035,-0.8901828060842979
27,0.31200000000000044,-0.004938773572903749,-1.0219350510483567
27,0.31600000000000045,0.0020988411887381724,-0.6485678050849961
27,0.32000000000000045,-0.047992918864715746,0.013583684532658236
27,0.32400000000000045,-0.1347232898948151,0.6618086847402719
27,0.32800000000000046,-0.055342981764646186,1.0718266657629127
27,0.33200000000000046,0.013846251199501482,1.088096015652105
27,0.33600000000000046,0.08000694211397774,0.7346428139856076
27,0.34000000000000047,0.12095692823990299,0.2181343878484282
27,0.34400000000000047,0.1130894223096363,-0.23744425361177093
27,0.3480000000000005,0.038807201101201054,-0.4558604547392525
29,-0.18,0.0032231376095334264,0.13498151055341487
29,-0.176,0.0185585404651728,0.1501160732645004
29,-0.172,0.03838374243973948,0.116706822826755
29,-0.16799999999999998,0.04757275991717738,0.06130619058351715
29,-0.16399999999999998,0.0748564440221992,0.016506882977806038
29,-0.15999999999999998,0.05564394765638819,-0.006343864280247118
29,-0.15599999999999997,0.009563900022807591,0.0
29,-0.15199999999999997,0.01308885542747107,0.03841784718152165
29,-0.14799999999999996,0.028188501761117327,0.0775235549882648
29,-0.14399999999999996,-0.0038964408436153457,0.08476310811157571
29,-0.13999999999999996,-0.03642507035840643,0.06346842663052618
29,-0.13599999999999995,0.010673615540173697,0.031220249369065
29,-0.13199999999999995,0.0335971125208585,0.006256115592216838
29,-0.12799999999999995,0.003572839708017494,0.001144738643706956
29,-0.12399999999999994,0.01807825755835174,0.008411299682837752
29,-0.11999999999999994,0.023970436661376673,0.015178359432989964
29,-0.11599999999999994,-0.009562789674198555,0.016594649222100872
29,-0.11199999999999993,-0.004829223622220323,0.006102182600256202
29,-0.10799999999999993,0.012331633219761898,-0.017693436380078566
29,-0.10399999999999993,-0.0005547460897807143,-0.04113359875604234
29,-0.09999999999999992,0.0,-0.0521556828988764
29,-0.09599999999999992,0.0034710428181900267,-0.05309737926062826
29,-0.09199999999999992,-0.034639329591818716,-0.049698030378692096
29,-0.08799999999999991,-0.05942906892915777,-0.04282388490975482
29,-0.08399999999999991,-0.041659909188727744,-0.03600664339447748
29,-0.0799999999999999,-0.041564415793962875,-0.03463180662604365
29,-0.0759999999999999,-0.06529159258637596,-0.03611456994162109
29,-0.0719999999999999,-0.055477673708203105,-0.037269233720075685
29,-0.0679999999999999,-0.04124890910573874,-0.03983031470680551
29,-0.06399999999999989,-0.04649403916812619,-0.04158813714383898
29,-0.05999999999999989,-0.04883713399092137,-0.04499368206974058
29,-0.05599999999999988,-0.032316207079127884,-0.06183179775290017
29,-0.05199999999999988,-0.033497083642981484,-0.09339241688072347
29,-0.047999999999999876,-0.050293427332634234,-0.13075904143442874
29,-0.04399999999999987,-0.02453406161511364,-0.16354188124424385
29,-0.03999999999999987,0.030145808237258407,-0.1734666215723809
29,-0.035999999999999865,0.05092523960311128,-0.15108130675216452
29,-0.03199999999999986,0.06437032669670728,-0.11000049238145533
29,-0.02799999999999986,0.10171649234557037,-0.06915998067568456
29,-0.023999999999999855,0.11854619404390991,-0.04670688134613557
29,-0.01999999999999985,0.09919823024819203,-0.05395835079750617
29,-0.015999999999999848,0.03718315666581683,-0.0843726365194402
29,-0.011999999999999844,-0.021502658951631774,-0.12848976567784756
29,-0.00799999999999984,-0.011292431724704195,-0.17175969373757086
29,-0.003999999999999837,0.024073755122580497,-0.18953793505974778
29,1.6653345369377348e-16,0.15997960946339682,-0.18226052244047253
29,0.00400000000000017,0.4447565171377599,-0.17262044657653144
29,0.008000000000000174,0.6940209210007856,-0.1640767027339939
29,0.012000000000000177,0.8567760172168202,-0.14400600312976142
29,0.01600000000000018,0.7999392182221837,-0.10510802249604526
29,0.020000000000000184,0.4733090169783822,-0.04884080957535167
29,0.024000000000000188,0.03392747438001933,0.014766255130911564
29,0.02800000000000019,-0.4622421586115656,0.06183804531681209
29,0.032000000000000195,-0.8469285500074526,0.05005434079316694
29,0.0360000000000002,-1.0,-0.05220433317345652
29,0.0400000000000002,-0.9101971178329454,-0.22993471070645588
29,0.044000000000000206,-0.6376285184455015,-0.43106770491845653
29,0.04800000000000021,-0.3163841266504927,-0.5697342420712997
29,0.05200000000000021,-0.05209755263570382,-0.5318440989139175
29,0.056000000000000216,0.14160666308050524,-0.2632052620482557
29,0.06000000000000022,0.19654751090122582,0.17421736131483553
29,0.06400000000000022,0.10806447175975717,0.6546396012528819
29,0.06800000000000023,0.02273275726835314,0.9966959874966249
29,0.07200000000000023,-0.03014445685748207,1.0
29,0.07600000000000023,-0.035843406552563156,0.6189388608152341
29,0.08000000000000024,-0.01864011847713311,-0.009680643599801768
29,0.08400000000000024,-0.025384544475894402,-0.6848774052948468
29,0.08800000000000024,-0.02392269581948649,-1.1438037390142937
29,0.09200000000000025,0.002753378107057517,-1.1604674833079056
29,0.09600000000000025,0.0115626695715859,-0.7468394835008019
29,0.10000000000000026,-0.01588076449278451,-0.09654470694517266
29,0.10400000000000026,0.020354771197760663,0.5455566648208182
29,0.10800000000000026,0.06344646443681255,0.9177369866813345
29,0.11200000000000027,0.007827471111241695,0.8916714242882041
29,0.11600000000000027,-0.12003597314284231,0.5584448533700825
29,0.12000000000000027,-0.26818821708709556,0.09617906594098032
29,0.12400000000000028,-0.3009932413165601,-0.3158869942668788
29,0.12800000000000028,-0.1849517780790084,-0.537168312941012
29,0.13200000000000028,0.01784787253332539,-0.553351441472125
29,0.1360000000000003,0.2191922357469782,-0.44830014423092335
29,0.1400000000000003,0.3064605417588472,-0.29110007210008026
29,0.1440000000000003,0.2951906946991044,-0.10525051762820535
29,0.1480000000000003,0.22025390537049616,0.11004293858998573
29,0.1520000000000003,0.04873220030210301,0.3542745856166191
29,0.1560000000000003,-0.08915290577066795,0.5872756678325484
29,0.1600000000000003,-0.10310505703337898,0.7119695977536358
29,0.1640000000000003,-0.004270208490642971,0.6089355770224655
29,0.16800000000000032,0.1296330996706311,0.21056933764152078
29,0.17200000000000032,0.15338954341339248,-0.4215339369612115
29,0.17600000000000032,0.05202699936105891,-1.0654825445216356
29,0.18000000000000033,-0.05535803845382116,-1.4291109488241531
29,0.18400000000000033,-0.14850801721343457,-1.338575419204942
29,0.18800000000000033,-0.21224800148529777,-0.8318170361074817
29,0.19200000000000034,-0.18059423451206144,-0.1021649169079266
29,0.19600000000000034,-0.09668964923640655,0.5650199218934144
29,0.20000000000000034,-0.01125147794558326,0.879705942849819
29,0.20400000000000035,0.015416514750543934,0.7210633626242805
29,0.20800000000000035,-0.007909974460552107,0.22696034559202183
29,0.21200000000000035,-0.03942901628872015,-0.32301669100794583
29,0.21600000000000036,-0.04446719576476179,-0.6833344997011469
29,0.22000000000000036,-0.0153592639508083,-0.7364558693625984
29,0.22400000000000037,0.004578737131861,-0.5174874037581476
29,0.22800000000000037,0.022932362345694783,-0.17309387292476885
29,0.23200000000000037,0.04911478979580232,0.13003077684108266
29,0.23600000000000038,0.06305761066210484,0.2752985410566114
29,0.24000000000000038,0.03605344760528644,0.24472706180724946
29,0.24400000000000038,-0.024986798840496007,0.12890362529774493
29,0.2480000000000004,-0.08772456394549553,0.0326928423177352
29,0.2520000000000004,-0.19618870946362413,-0.026912731175280005
29,0.2560000000000004,-0.2584046037975961,-0.10399306290213226
29,0.2600000000000004,-0.23893205637867984,-0.25055313254441985
29,0.2640000000000004,-0.20601821237301077,-0.47112112490969255
29,0.2680000000000004,-0.15813595270666456,-0.694869072167445
29,0.2720000000000004,-0.11891497001571427,-0.775772744815077
29,0.2760000000000004,-0.10117779339590761,-0.5677791652896395
29,0.2800000000000004,-0.07033917952786338,-0.043613293850870774
29,0.2840000000000004,-0.05066010463358442,0.6495230243345675
29,0.2880000000000004,-0.07552544379252339,1.2398426800678661
29,0.2920000000000004,-0.1157639305876058,1.4462362499139088
29,0.29600000000000043,-0.10600656947181082,1.1189881005506792
29,0.30000000000000043,-0.10467516790290202,0.3465309870465159
29,0.30400000000000044,-0.14787204938460546,-0.560600088020451
29,0.30800000000000044,-0.12187602706885721,-1.221050672549123
29,0.31200000000000044,-0.07721562258547862,-1.3722198132724341
29,0.31600000000000045,-0.057498816085049385,-0.9885642983284055
29,0.32000000000000045,-0.010042231090078438,-0.27338378973962324
29,0.32400000000000045,0.07448764323192526,0.4560544691386989
29,0.32800000000000046,0.09094090966656385,0.9131143004244981
29,0.33200000000000046,0.026825102418046587,0.9560133375132248
29,0.33600000000000046,-0.0011638656923796834,0.6323184011333056
29,0.34000000000000047,0.011504619091946949,0.1267096936589872
29,0.34400000000000047,0.03578583026111099,-0.3435761472706401
29,0.3480000000000005,0.05348349258027268,-0.6222665387403166
32,-0.18,-0.003695314770391508,-0.2325761918251404
32,-0.176,0.02294204954518473,-0.17671867803494673
32,-0.172,-0.058442481869053396,-0.12296050898551877
32,-0.16799999999999998,-0.08492809414197298,-0.0812351430139585
32,-0.16399999999999998,-0.0584482529139874,-0.04541499024132311
32,-0.15999999999999998,-0.0013582193605356074,-0.01908743548952713
32,-0.15599999999999997,-0.011470094752985025,0.0
32,-0.15199999999999997,-0.0381731313853759,0.019605216127898124
32,-0.14799999999999996,0.004219316069657411,0.03751540732214111
32,-0.14399999999999996,0.009332078894589053,0.04611376290082476
32,-0.13999999999999996,-0.025164757384144965,0.0329828811475177
32,-0.13599999999999995,-0.014580600431758567,0.00022388412997377422
32,-0.13199999999999995,0.015152024292482209,-0.022517458561492395
32,-0.12799999999999995,-0.007140541485570466,-0.023519483463401658
32,-0.12399999999999994,-0.0283858930859161,-0.01235886069381552
32,-0.11999999999999994,-0.0020037862168665946,0.009975347966255639
32,-0.11599999999999994,-0.011883786165698748,0.019227998384727923
32,-0.11199999999999993,-0.019262397860213113,-0.011879682213194147
32,-0.10799999999999993,-0.012273183646161393,-0.06123505509279923
32,-0.10399999999999993,0.05121950029564355,-0.10563979281668594
32,-0.09999999999999992,0.04035449760623622,-0.13692309639914474
32,-0.09599999999999992,0.02709018044185728,-0.1300571422037783
32,-0.09199999999999992,0.0512568862521512,-0.08241445124084855
32,-0.08799999999999991,0.0408382691434132,-0.014121178078286395
32,-0.08399999999999991,0.005322353057593938,0.060485506006249974
32,-0.0799999999999999,0.008444541688935124,0.10905968747703794
32,-0.0759999999999999,0.016522538363301607,0.11694073193389007
32,-0.0719999999999999,0.02155127986524779,0.11034810045628296
32,-0.0679999999999999,-0.009626469383258576,0.09601417057623648
32,-0.06399999999999989,0.0,0.07115775454093683
32,-0.05999999999999989,0.033341339444715845,0.05008072762571763
32,-0.05599999999999988,0.05343346322009269,0.030904285775146825
32,-0.05199999999999988,0.03513314385056399,0.004455815052320603
32,-0.047999999999999876,0.009366755600115963,-0.026384651920256994
32,-0.04399999999999987,0.0005124137106766298,-0.05433034329199805
32,-0.03999999999999987,-0.007991014156532767,-0.06823085471133844
32,-0.035999999999999865,-0.00271324732222767,-0.0662723270127833
32,-0.03199999999999986,0.015005906782750307,-0.0573728307570027
32,-0.02799999999999986,0.021605459248216424,-0.04994305073416909
32,-0.023999999999999855,0.054412779233859426,-0.055123234808359026
32,-0.01999999999999985,0.09100368367564025,-0.07511305626169136
32,-0.015999999999999848,0.07127809668820861,-0.09541030345431004
32,-0.011999999999999844,0.05319340604220374,-0.10178318221049378
32,-0.00799999999999984,0.0695231452814507,-0.09281249574968102
32,-0.003999999999999837,0.06726916127952456,-0.07358142661797246
32,1.6653345369377348e-16,0.06055381921186541,-0.04317621133119254
32,0.00400000000000017,0.10396838725742284,-0.011485721778275686
32,0.008000000000000174,0.21622602764635682,-0.0045417070765237585
32,0.012000000000000177,0.37400224570594975,-0.020754167310196487
32,0.01600000000000018,0.5541264959281641,-0.03581400539518142
32,0.020000000000000184,0.7970519829971607,-0.04654973275835435
32,0.024000000000000188,1.0,-0.05192091555360374
32,0.02800000000000019,0.9870395627645735,-0.040336954906156394
32,0.032000000000000195,0.7492071514712416,-0.020535954948889698
32,0.0360000000000002,0.5367763343973241,-0.012481405106591069
32,0.0400000000000002,0.3380404363956644,-0.04111212304288564
32,0.044000000000000206,0.06095115748348174,-0.1432962191781735
32,0.04800000000000021,-0.04917481026474867,-0.30515022809362535
32,0.05200000000000021,0.006671473650402369,-0.4773302393387757
32,0.056000000000000216,0.08078764114203527,-0.6596247523822728
32,0.06000000000000022,0.09977247309708495,-0.774683047935534
32,0.06400000000000022,0.07594386663365552,-0.640754095192513
32,0.06800000000000023,-0.03747047330690045,-0.25827143130272506
32,0.07200000000000023,-0.1728643335942982,0.21640717715060764
32,0.07600000000000023,-0.25341030791944436,0.692390411031067
32,0.08000000000000024,-0.24032772393407337,1.0
32,0.08400000000000024,-0.1500827420902335,0.9231442703608436
32,0.08800000000000024,-0.14277132938033327,0.5002560462688578
32,0.09200000000000025,-0.14974147291000778,-0.06605780393368829
32,0.09600000000000025,-0.14935826465875124,-0.5723618282943246
32,0.10000000000000026,-0.17772279978955116,-0.7820982550176416
32,0.10400000000000026,-0.18682842815916884,-0.574313637658423
32,0.10800000000000026,-0.16654747444636275,-0.06951828365024096
32,0.11200000000000027,-0.17266457841420862,0.47685870036972167
32,0.11600000000000027,-0.19681949009242722,0.8112838551385934
32,0.12000000000000027,-0.2311141654244887,0.823116312161314
32,0.12400000000000028,-0.1545072414761695,0.5790036507236164
32,0.12800000000000028,-0.06572330973325409,0.23447679494605195
32,0.13200000000000028,-0.03463936197417675,-0.010631775767141758
32,0.1360000000000003,0.001063849822069753,-0.04034835753329022
32,0.1400000000000003,0.05838226495724692,0.07107853589186139
32,0.1440000000000003,0.0372688127628367,0.2153638064112188
32,0.1480000000000003,-0.04298261733032308,0.3446357444662526
32,0.1520000000000003,-0.06409117059386071,0.39392122615241376
32,0.1560000000000003,-0.17052793922209872,0.3413533047514697
32,0.1600000000000003,-0.17264394381775733,0.29479574480582604
32,0.1640000000000003,-0.11243770088629913,0.37520023269812647
32,0.16800000000000032,-0.11162351565973311,0.5487968618895329
32,0.17200000000000032,-0.06879882479341784,0.6683159610028985
32,0.17600000000000032,0.004260260520108771,0.6539699252118968
32,0.18000000000000033,0.0061182579259107354,0.477570904727561
32,0.18400000000000033,0.009526129932756472,0.09587111836357787
32,0.18800000000000033,0.025818582183942188,-0.37930437138702183
32,0.19200000000000034,0.017262870344152904,-0.6882310274791292
32,0.19600000000000034,0.02460684752996346,-0.7118653698133643
32,0.20000000000000034,0.0360183084036718,-0.5025999194381827
32,0.20400000000000035,-0.00201058477432005,-0.16190227023218856
32,0.20800000000000035,-0.06338249242667546,0.12705599648192364
32,0.21200000000000035,-0.12247399242387964,0.18387646458871
32,0.21600000000000036,-0.18282256679076211,0.0014438532894092036
32,0.22000000000000036,-0.21569718740986144,-0.29837411373968437
32,0.22400000000000037,-0.20557378734873957,-0.5719244092854114
32,0.22800000000000037,-0.24757933949636945,-0.6978379010109454
32,0.23200000000000037,-0.2755511587737734,-0.6278891423971484
32,0.23600000000000038,-0.1909567267618159,-0.4018267807976121
32,0.24000000000000038,-0.11346862303191398,-0.14510951951959758
32,0.24400000000000038,-0.047756769914900056,0.007635158578153011
32,0.2480000000000004,-0.02742600380034046,0.04841147816822664
32,0.2520000000000004,0.011771591694827247,0.01945644446085753
32,0.2560000000000004,0.012665041314598727,-0.07849282170738547
32,0.2600000000000004,-0.034051995045587244,-0.19298776818837893
32,0.2640000000000004,-0.0711997514466276,-0.29998113912441327
32,0.2680000000000004,-0.1247500345131164,-0.4753633135541489
32,0.2720000000000004,-0.15670834510381415,-0.7152854312072632
32,0.2760000000000004,-0.12712284257738796,-0.9311946028661188
32,0.2800000000000004,-0.10536096821247655,-1.0282908156350323
32,0.2840000000000004,-0.13656773707993847,-0.8809989138317257
32,0.2880000000000004,-0.16068057428015722,-0.4772966164719141
32,0.2920000000000004,-0.13897009603451316,0.04006087093570783
32,0.29600000000000043,-0.1293547468434597,0.5287707140401
32,0.30000000000000043,-0.11302315993381143,0.8131441984272428
32,0.30400000000000044,-0.09449284101443886,0.7315001850551069
32,0.30800000000000044,-0.022570579185350614,0.349528298659174
32,0.31200000000000044,0.023982829673223096,-0.11099389019564948
32,0.31600000000000045,0.05762116214992417,-0.44480488828157344
32,0.32000000000000045,0.05451791449804223,-0.49194041069054706
32,0.32400000000000045,0.020714581189999116,-0.21743404616754347
32,0.32800000000000046,-0.057567404190446765,0.24078691710020717
32,0.33200000000000046,-0.06324926809818114,0.6614452914914634
32,0.33600000000000046,-0.07802041896901428,0.849546915040634
32,0.34000000000000047,-0.10543119448064164,0.7500162582215617
32,0.34400000000000047,-0.12908546921375308,0.4784356718998503
32,0.3480000000000005,-0.1289635982695159,0.2023193629793876
36,-0.18,0.09033244609716674,-0.07019953144819889
36,-0.176,0.010082852364423758,-0.07900953699309424
36,-0.172,0.0007934668040699426,-0.08021539804061602
36,-0.16799999999999998,-0.017889715552405528,-0.07359196673507234
36,-0.16399999999999998,-0.07110196795293201,-0.061142408634332304
36,-0.15999999999999998,-0.07791407448858315,-0.04552142673745577
36,-0.15599999999999997,-0.04846543292519167,-0.02489389503463256
36,-0.15199999999999997,-0.010976476550602146,0.0
36,-0.14799999999999996,-0.0016347505313135215,0.027038459122866176
36,-0.14399999999999996,-0.0056056287695368,0.04498035061163624
36,-0.13999999999999996,0.03339832616414136,0.036135182126252705
36,-0.13599999999999995,0.03890643238149454,0.010635256877916024
36,-0.13199999999999995,0.000732496587474434,-0.006118712131392373
36,-0.12799999999999995,0.029347946700733436,-0.0047151666788782295
36,-0.12399999999999994,0.058234622415848376,0.02245192782129435
36,-0.11999999999999994,0.01448930063248576,0.0792062148769807
36,-0.11599999999999994,-0.009893776537834293,0.14896281973844372
36,-0.11199999999999993,-0.004467333239761284,0.19982821037678233
36,-0.10799999999999993,-0.014958540420694463,0.20117957182244012
36,-0.10399999999999993,-0.0023174144304648698,0.15547543092987173
36,-0.09999999999999992,0.039565451461253384,0.09561480533472123
36,-0.09599999999999992,0.0543195332287977,0.04314200323159265
36,-0.09199999999999992,0.019867158704855784,0.005104541811612741
36,-0.08799999999999991,-0.008873292664380791,-0.011577376242310193
36,-0.08399999999999991,0.02367737435179614,-0.005198320475682971
36,-0.0799999999999999,0.045199857167758886,0.015068628485530013
36,-0.0759999999999999,-0.0017995541266763281,0.024684490542338552
36,-0.0719999999999999,-0.008667504735215211,0.004587310984733276
36,-0.0679999999999999,0.04837094588580628,-0.036591031206852594
36,-0.06399999999999989,0.049825587297234755,-0.0876406873035923
36,-0.05999999999999989,0.0,-0.14241794028701296
36,-0.05599999999999988,-0.0507781358487671,-0.18567364436204517
36,-0.05199999999999988,-0.12261589815923479,-0.21643236806349797
36,-0.047999999999999876,-0.14890391335037786,-0.2415194037414218
36,-0.04399999999999987,-0.07924380867372921,-0.24925289621450838
36,-0.03999999999999987,0.020355392288278682,-0.23957907428033684
36,-0.035999999999999865,0.08791623183326482,-0.2254572203966824
36,-0.03199999999999986,0.05897775101769697,-0.2059589544711166
36,-0.02799999999999986,-0.010724129075664958,-0.1912510212441783
36,-0.023999999999999855,-0.013513435039418093,-0.19648782383853247
36,-0.01999999999999985,0.06147132950006604,-0.2128870593891762
36,-0.015999999999999848,0.10498290664797413,-0.2376733008165929
36,-0.011999999999999844,0.025798760003906816,-0.2768790627084209
36,-0.00799999999999984,-0.021748237537228227,-0.3131503687938775
36,-0.003999999999999837,0.027520035211405794,-0.3254467799193623
36,1.6653345369377348e-16,0.057644825330537074,-0.3128128545951871
36,0.00400000000000017,0.12101636890994072,-0.28087032653398764
36,0.008000000000000174,0.26290896820941445,-0.23391957148749215
36,0.012000000000000177,0.40031703310021316,-0.17997907226599946
36,0.01600000000000018,0.553566154759746,-0.13283856419242113
36,0.020000000000000184,0.7003272325527766,-0.11011507077795879
36,0.024000000000000188,0.8319812099138667,-0.1223363814397196
36,0.02800000000000019,0.9407798985907321,-0.15412322342447854
36,0.032000000000000195,1.0,-0.17374254469765854
36,0.0360000000000002,0.8652296017475213,-0.18561450922068126
36,0.0400000000000002,0.4777077307747232,-0.23233919761632932
36,0.044000000000000206,0.11989890059024033,-0.31436529495361193
36,0.04800000000000021,-0.08741391141988973,-0.3924726955347172
36,0.05200000000000021,-0.30058128424385344,-0.4629938473220307
36,0.056000000000000216,-0.5877464962183021,-0.509108276132366
36,0.06000000000000022,-0.7089793304943767,-0.4802359421183782
36,0.06400000000000022,-0.48889793895454886,-0.3973333380130898
36,0.06800000000000023,-0.20800914874152848,-0.27498148843616804
36,0.07200000000000023,-0.10289973409649783,-0.026352058772995676
36,0.07600000000000023,-0.09831915509035997,0.3323003997077023
36,0.08000000000000024,-0.07972378647866545,0.6489806381302008
36,0.08400000000000024,-0.04020798318928008,0.8780768921916876
36,0.08800000000000024,0.007046295061924676,1.0
36,0.09200000000000025,0.12461086629441806,0.8700644859026397
36,0.09600000000000025,0.24650605978432805,0.44586904919431425
36,0.10000000000000026,0.27996177119472115,-0.12463704505074702
36,0.10400000000000026,0.1557973352163655,-0.6588705115137375
36,0.10800000000000026,-0.0033363372643481397,-0.923668346416265
36,0.11200000000000027,-0.046256885407832835,-0.7505254620135003
36,0.11600000000000027,-0.07522380852022612,-0.2555658107720442
36,0.12000000000000027,-0.09270549698008484,0.3212207098614432
36,0.12400000000000028,-0.13225724691186208,0.7582762886533351
36,0.12800000000000028,-0.3103921272027271,0.8339095192271109
36,0.13200000000000028,-0.5105601128283777,0.5511244387629118
36,0.1360000000000003,-0.6632050671141643,0.1492075607377336
36,0.1400000000000003,-0.8040008271755152,-0.20376728136634978
36,0.1440000000000003,-0.9217838226069163,-0.4105514078670517
36,0.1480000000000003,-0.9721162431024839,-0.3871949188358779
36,0.1520000000000003,-0.8754476903781593,-0.18224782527237607
36,0.1560000000000003,-0.5435975644772159,0.0925476537611164
36,0.1600000000000003,-0.192237805621799,0.3395217118001557
36,0.1640000000000003,-0.0013837356568275948,0.46417222028466437
36,0.16800000000000032,0.11852816360666535,0.49623739245500664
36,0.17200000000000032,0.12023994520288235,0.5604938825610193
36,0.17600000000000032,0.031013139802236012,0.6839148036828759
36,0.18000000000000033,-0.034655764453893116,0.7783177568590847
36,0.18400000000000033,-0.08142991300726413,0.699508057088584
36,0.18800000000000033,-0.1368111481967317,0.3511578414415221
36,0.19200000000000034,-0.08274233477096973,-0.2155932629376571
36,0.19600000000000034,0.005271507655769155,-0.896172859829375
36,0.20000000000000034,0.027735620319925804,-1.497979788107161
36,0.20400000000000035,0.06376186050870278,-1.6642060829155332
36,0.20800000000000035,0.0937178433457852,-1.2337809942113933
36,0.21200000000000035,0.06587240236377322,-0.44661827525157705
36,0.21600000000000036,0.04200804551040628,0.3550605463280873
36,0.22000000000000036,0.023240170304906382,0.8665966181535507
36,0.22400000000000037,0.03938419109089849,0.8607534507962177
36,0.22800000000000037,0.07642828244669282,0.37900762806893473
36,0.23200000000000037,0.05078204466876822,-0.3167509803081714
36,0.23600000000000038,-0.0162415223679981,-0.9110944148806525
36,0.24000000000000038,-0.03428855927355661,-1.1006636228847688
36,0.24400000000000038,-0.09163139811212316,-0.8110883016572052
36,0.2480000000000004,-0.2211666051866186,-0.2898583422987374
36,0.2520000000000004,-0.23458926432407756,0.17047906506529115
36,0.2560000000000004,-0.2809204901649707,0.3911683174594547
36,0.2600000000000004,-0.3879408796503962,0.3021728755874989
36,0.2640000000000004,-0.4108098574154371,0.011958705336596655
36,0.2680000000000004,-0.2557588766725428,-0.2970860529705075
36,0.2720000000000004,-0.051335804376781306,-0.5240795748694458
36,0.2760000000000004,-0.054744502493819715,-0.6075963432336801
36,0.2800000000000004,-0.06441435409856937,-0.5680941575839428
36,0.2840000000000004,-0.0821193486392073,-0.5419949264774817
36,0.2880000000000004,-0.05177457903059634,-0.6021448803960759
36,0.2920000000000004,0.03043373327225855,-0.6739738735019083
36,0.29600000000000043,0.06868909728786918,-0.6164170661852616
36,0.30000000000000043,0.08335814751877617,-0.32804591467166466
36,0.30400000000000044,-0.08487607254326499,0.16041285384040962
36,0.30800000000000044,-0.43691604280314744,0.7022540153635483
36,0.31200000000000044,-0.5689991935934516,1.0810814237718804
36,0.31600000000000045,-0.43098277448551703,1.0726077552714364
36,0.32000000000000045,-0.37081185775596404,0.6194492165208818
36,0.32400000000000045,-0.41422457121842177,-0.09204775191833567
36,0.32800000000000046,-0.31507243175193195,-0.7492051786905839
36,0.33200000000000046,-0.16885433031153863,-1.061042712320418
36,0.33600000000000046,-0.10058900171767057,-0.900481809236844
36,0.34000000000000047,-0.04997679470496585,-0.37548298221681914
36,0.34400000000000047,0.0654947317276653,0.24395119314852884
36,0.3480000000000005,0.2379420570770536,0.6748354563955699
37,-0.18,0.01375748217776731,0.006278300833560324
37,-0.176,0.008775295400679674,0.03588288796362189
37,-0.172,0.00011336156091776222,0.06299496129077538
37,-0.16799999999999998,0.03356634615532308,0.0788597419511818
37,-0.16399999999999998,-0.0020540739918575262,0.08651714316957057
37,-0.15999999999999998,-0.0381756980923213,0.08289891427818538
37,-0.15599999999999997,-0.001414689459149996,0.0611632630719371
37,-0.15199999999999997,0.01953160187105037,0.04223437442234144
37,-0.14799999999999996,-0.026315496218256167,0.038876069710724714
37,-0.14399999999999996,0.009714062523730294,0.03966350718587261
37,-0.13999999999999996,0.008996226677821004,0.047348227168586596
37,-0.13599999999999995,-0.026436338551560423,0.06041718613115832
37,-0.13199999999999995,-0.027691866691733413,0.06644944381482214
37,-0.12799999999999995,-0.028097593773871707,0.06455417000779096
37,-0.12399999999999994,-0.04637235739614447,0.04850187462286666
37,-0.11999999999999994,0.0,0.020717768266072856
37,-0.11599999999999994,0.014572379441373556,0.0
37,-0.11199999999999993,-0.00353549746943834,-0.01535584773141006
37,-0.10799999999999993,0.0011438585088402774,-0.03255608989259999
37,-0.10399999999999993,-0.006530547849224191,-0.045811101707057766
37,-0.09999999999999992,0.011919796046115923,-0.05243254051429417
37,-0.09599999999999992,0.029276887514560472,-0.051153098872480145
37,-0.09199999999999992,-0.0011454766810592677,-0.05111644472903958
37,-0.08799999999999991,-0.021732116442134394,-0.06484247275285147
37,-0.08399999999999991,0.03880088941323337,-0.08386074295211654
37,-0.0799999999999999,0.06606291600635311,-0.09835140640258978
37,-0.0759999999999999,0.01955297709341691,-0.10711690504098607
37,-0.0719999999999999,-0.033398132959021484,-0.1112489115534719
37,-0.0679999999999999,-0.03463989092436495,-0.1162069598694003
37,-0.06399999999999989,0.016148177503621172,-0.11715544473209061
37,-0.05999999999999989,0.01715676150469486,-0.11788766897833701
37,-0.05599999999999988,-0.04365822142021268,-0.13470628638450882
37,-0.05199999999999988,-0.055162215387845034,-0.15006817509335127
37,-0.047999999999999876,-0.036633267880451716,-0.14684411495651953
37,-0.04399999999999987,-0.04382326209647736,-0.14350897182304723
37,-0.03999999999999987,-0.03390146429107935,-0.14146660652939028
37,-0.035999999999999865,-0.007921890509988488,-0.12885497203724428
37,-0.03199999999999986,0.04466225419565635,-0.11558688344521066
37,-0.02799999999999986,0.05192100846586076,-0.11722505494071843
37,-0.023999999999999855,0.03396252988176832,-0.1363443793719856
37,-0.01999999999999985,0.03507416019910946,-0.15268306643990537
37,-0.015999999999999848,0.0430641425970847,-0.1487140245585957
37,-0.011999999999999844,0.02634683624818706,-0.13227592712728628
37,-0.00799999999999984,0.009776727812232296,-0.10900196831748052
37,-0.003999999999999837,0.00990254581053036,-0.08696486797143173
37,1.6653345369377348e-16,0.05393431891590879,-0.07960438088118217
37,0.00400000000000017,0.24864376675409436,-0.07417000828535546
37,0.008000000000000174,0.5814707554539278,-0.05392765329237041
37,0.012000000000000177,0.8611908139695957,-0.025725961047712704
37,0.01600000000000018,0.9904771792643249,-0.003505460135461315
37,0.020000000000000184,1.0,0.007332732444469295
37,0.024000000000000188,0.8301275018643226,0.012239324249164513
37,0.02800000000000019,0.361251403558059,0.015750635041683517
37,0.032000000000000195,-0.14152982625632685,0.025506669340594222
37,0.0360000000000002,-0.4953539491597607,0.025702931327728752
37,0.0400000000000002,-0.736662559241889,-0.08194751285400192
37,0.044000000000000206,-0.725629592368728,-0.3682543110498788
37,0.04800000000000021,-0.5538961794366675,-0.731322384472731
37,0.05200000000000021,-0.3350127743143998,-0.9988215669970363
37,0.056000000000000216,-0.09143655625576351,-1.0
37,0.06000000000000022,-0.0060500924476596975,-0.555331593733781
37,0.06400000000000022,0.007349204856736828,0.2942617218547491
37,0.06800000000000023,0.07914511645155559,1.2181150371942484
37,0.07200000000000023,0.09359598329645939,1.8632434507155935
37,0.07600000000000023,0.05588784623699264,1.9165154739455226
37,0.08000000000000024,0.029817360088314242,1.2272504814479592
37,0.08400000000000024,0.01362682009558679,0.08676109809801659
37,0.08800000000000024,-0.03488302771845448,-1.0352474121105266
37,0.09200000000000025,-0.00603359161637321,-1.7879861731957818
37,0.09600000000000025,0.01637834902660408,-1.8491164580378452
37,0.10000000000000026,0.03602838600182292,-1.1878135434470105
37,0.10400000000000026,0.0143869664763465,-0.19062905384779869
37,0.10800000000000026,0.005151553902145065,0.7670725534238682
37,0.11200000000000027,-0.02222016307081615,1.3776120279940012
37,0.11600000000000027,-0.10369060002914013,1.416551635568332
37,0.12000000000000027,-0.145054079682964,1.0369562906791059
37,0.12400000000000028,-0.12976680707068328,0.4804701196509477
37,0.12800000000000028,-0.14823254539918265,-0.14874801613138017
37,0.13200000000000028,-0.12860131976744785,-0.6037642619196266
37,0.1360000000000003,0.001974218965178475,-0.7538950578055466
37,0.1400000000000003,0.012228265452101953,-0.7604672827917083
37,0.1440000000000003,-0.13429854288441956,-0.6269348595943216
37,0.1480000000000003,-0.11974590814139983,-0.29221047913269266
37,0.1520000000000003,-0.002524318466073214,0.13524479441208728
37,0.1560000000000003,-0.030108944723604963,0.6132362898956893
37,0.1600000000000003,-0.05909210193682978,1.058399434244812
37,0.1640000000000003,-0.036471010238149644,1.2737999903537727
37,0.16800000000000032,-0.08334679086723037,1.1763468547795264
37,0.17200000000000032,-0.09293678726387318,0.6846100913662346
37,0.17600000000000032,-0.057202307018261886,-0.18889934562327568
37,0.18000000000000033,-0.09564502962181484,-1.1119248340950734
37,0.18400000000000033,-0.1260473222605798,-1.7475891268458903
37,0.18800000000000033,-0.09420669384435741,-1.9072281840622087
37,0.19200000000000034,-0.04349269824049912,-1.5035782667533046
37,0.19600000000000034,0.011844793012520134,-0.7130889966125954
37,0.20000000000000034,0.03370170177045332,0.15779543325260237
37,0.20400000000000035,0.04609259967043022,0.8208649543242518
37,0.20800000000000035,0.0787240696699174,0.9991325105529587
37,0.21200000000000035,0.06817729201282788,0.6922913342039168
37,0.21600000000000036,0.026777564232320642,0.14129158450489607
37,0.22000000000000036,0.002196012965267991,-0.44981432629197865
37,0.22400000000000037,-0.02190267234760781,-0.8544851463884129
37,0.22800000000000037,-0.029208965817692813,-0.945389035785093
37,0.23200000000000037,-0.015737971443663096,-0.7965394419322159
37,0.23600000000000038,0.00597870127939206,-0.44434372011164347
37,0.24000000000000038,0.040207081828119884,0.00433639516594788
37,0.24400000000000038,0.01193488707833385,0.32243935675041113
37,0.2480000000000004,-0.08284028512940193,0.4811638463522036
37,0.2520000000000004,-0.09071914537988174,0.5320155086872098
37,0.2560000000000004,-0.02006693489894797,0.4021017462026635
37,0.2600000000000004,-0.01594850493240913,0.05116211298232276
37,0.2640000000000004,-0.03871193589136245,-0.47819543753760224
37,0.2680000000000004,0.00046403318937596053,-1.040756947356355
37,0.2720000000000004,0.05845650635616053,-1.3893614090443078
37,0.2760000000000004,0.07588226513326003,-1.343929680083812
37,0.2800000000000004,0.033348964883861895,-0.8325565696767927
37,0.2840000000000004,-0.03267124783881856,0.06457435243183383
37,0.2880000000000004,-0.05703617107753186,1.0288424820942075
37,0.2920000000000004,-0.05403205703351695,1.6963149541644302
37,0.29600000000000043,-0.07209630137713734,1.835541629528344
37,0.30000000000000043,-0.09080328026912066,1.3631749366449908
37,0.30400000000000044,-0.0649044760523653,0.45448336297080527
37,0.30800000000000044,-0.019449077762351764,-0.4969496716801088
37,0.31200000000000044,-0.021819444376171886,-1.1387016294538528
37,0.31600000000000045,-0.06320284378105154,-1.280400326948057
37,0.32000000000000045,-0.08723021100522915,-0.9338937689017018
37,0.32400000000000045,-0.1056824113566045,-0.3183433771360344
37,0.32800000000000046,-0.01967459333158857,0.3171164429037194
37,0.33200000000000046,0.018077153757262578,0.7948111858556385
37,0.33600000000000046,0.05700807163016768,0.9737879863598626
37,0.34000000000000047,0.016945809126623947,0.839265879418869
37,0.34400000000000047,-0.02174023067526359,0.5107737575833632
37,0.3480000000000005,0.035920400380626126,0.08811192694771859
38,-0.18,0.028716031379451137,0.010332021064809712
38,-0.176,0.06387419963627883,0.0065305953421978015
38,-0.172,0.06090479699299594,-0.00033100211142315445
38,-0.16799999999999998,0.059011840196792925,-0.011615606546480542
38,-0.16399999999999998,0.12240911179218623,-0.021849578138357393
38,-0.15999999999999998,0.12537950378601026,-0.03236679391923364
38,-0.15599999999999997,0.04993256618872144,-0.03489745485699231
38,-0.15199999999999997,-0.04546625168174507,-0.02751153086220711
38,-0.14799999999999996,-0.04711992379717846,-0.013848585767885085
38,-0.14399999999999996,0.0,0.013948996629888525
38,-0.13999999999999996,0.004309390242865282,0.0398837702062754
38,-0.13599999999999995,0.020984518763850893,0.043391808859263775
38,-0.13199999999999995,0.08492115460698874,0.04142848095317459
38,-0.12799999999999995,0.153630268945682,0.034886105340584346
38,-0.12399999999999994,0.05886271203442006,0.008075412595521097
38,-0.11999999999999994,-0.02447582692911508,-0.013099342220812568
38,-0.11599999999999994,-0.008735737123963664,-0.013352862940574918
38,-0.11199999999999993,-0.07383963231296378,-0.01646213723994373
38,-0.10799999999999993,-0.1290319792967901,-0.017136877631173688
38,-0.10399999999999993,0.017855101789238107,0.0
38,-0.09999999999999992,-0.013333075915051762,0.016631935101236204
38,-0.09599999999999992,-0.08202049464867481,0.023030731172616142
38,-0.09199999999999992,-0.054785059914679225,0.020892042123803797
38,-0.08799999999999991,-0.07343942100939001,0.0032063787634925094
38,-0.08399999999999991,-0.046452986414226884,-0.01781141655949673
38,-0.0799999999999999,-0.09339755761474741,-0.03149119591344063
38,-0.0759999999999999,-0.09462995219321754,-0.0463802448593873
38,-0.0719999999999999,0.03617770597790954,-0.04461401516783104
38,-0.0679999999999999,0.1152004448154863,-0.016616855069232477
38,-0.06399999999999989,0.003394038727480952,0.004908240185475015
38,-0.05999999999999989,-0.027180852487338765,0.01924669417538003
38,-0.05599999999999988,-0.047008157445987395,0.04112010374972777
38,-0.05199999999999988,-0.1268524975792775,0.04623206225590753
38,-0.047999999999999876,-0.13935620015676567,0.03200537382888462
38,-0.04399999999999987,-0.05650583715136929,0.01711164561244004
38,-0.03999999999999987,0.013948622129672596,-0.007969540759534278
38,-0.035999999999999865,0.014339996610522928,-0.041059133304984057
38,-0.03199999999999986,-0.030363070708273234,-0.05462104879601972
38,-0.02799999999999986,-0.06599583657096612,-0.04701556707993211
38,-0.023999999999999855,-0.08679043596008809,-0.03721211823363188
38,-0.01999999999999985,-0.1111460157100404,-0.016452112417328902
38,-0.015999999999999848,-0.07291767326719976,0.01898169059134669
38,-0.011999999999999844,0.03333439167067414,0.044925955191226746
38,-0.00799999999999984,-0.0042585781935425724,0.06370962868270524
38,-0.003999999999999837,-0.06945604746127616,0.07407266937404766
38,1.6653345369377348e-16,0.11369161309964221,0.06508452831616872
38,0.00400000000000017,0.28807738370052144,0.051212248687247636
38,0.008000000000000174,0.6557752937988841,0.018996861672465542
38,0.012000000000000177,0.926613305996327,-0.014537248951957998
38,0.01600000000000018,1.0,-0.012416121040392105
38,0.020000000000000184,0.6722142396691791,-0.01515215900113393
38,0.024000000000000188,0.460281033762303,-0.0020361815869988907
38,0.02800000000000019,0.09324632401973951,0.03917467435417523
38,0.032000000000000195,-0.5468688807830956,0.008997114147187731
38,0.0360000000000002,-0.7856960010279089,-0.06422596364209933
38,0.0400000000000002,-0.8198654193388085,-0.17202408985057543
38,0.044000000000000206,-0.6165757979298289,-0.4172932242552115
38,0.04800000000000021,-0.509435486704774,-0.6235720148490389
38,0.05200000000000021,-0.32993855945584644,-0.5727299243281775
38,0.056000000000000216,-0.2913702875644325,-0.3450836193545248
38,0.06000000000000022,-0.2655378400544479,0.05321452084590597
38,0.06400000000000022,-0.16660059994173465,0.6195995726700309
38,0.06800000000000023,-0.011558368001057454,1.0
38,0.07200000000000023,0.16411419193098395,0.9589728416828982
38,0.07600000000000023,0.18266485060860058,0.6530720838516958
38,0.08000000000000024,0.15557673693143018,0.14203146913277825
38,0.08400000000000024,0.062101925387649796,-0.4974871969013062
38,0.08800000000000024,0.0406960545896702,-0.8687606761392689
38,0.09200000000000025,-0.09360316904696689,-0.8286148258244217
38,0.09600000000000025,-0.3466097815100711,-0.5752560209626617
38,0.10000000000000026,-0.4831248234770416,-0.15194421271682848
38,0.10400000000000026,-0.4770978851883096,0.30837111374068116
38,0.10800000000000026,-0.4341095073224695,0.5408712600448098
38,0.11200000000000027,-0.3360743047412874,0.5376571434832091
38,0.11600000000000027,-0.2670158476109516,0.3816766628554776
38,0.12000000000000027,-0.15273947825806636,0.16827156580348265
38,0.12400000000000028,-0.1334144669943064,0.02774224995658953
38,0.12800000000000028,-0.09297066971502285,-0.041422531294021826
38,0.13200000000000028,-0.2647313512918953,-0.011265004088802722
38,0.1360000000000003,-0.41373701525247125,0.07716390866237799
38,0.1400000000000003,-0.3540617769598035,0.025168118703453254
38,0.1440000000000003,-0.1599679005615644,-0.07510057392035205
38,0.1480000000000003,-0.1018658853655399,-0.07101330317976201
38,0.1520000000000003,-0.14537400697105016,-0.04096107580382007
38,0.1560000000000003,-0.10800475419343906,0.10950978547987748
38,0.1600000000000003,-0.10036550914186011,0.3985614257326015
38,0.1640000000000003,-0.05320858200954873,0.5823413383319829
38,0.16800000000000032,-0.01491685532062541,0.6233184450934987
38,0.17200000000000032,0.10994087641009846,0.4963218240849865
38,0.17600000000000032,0.08151717051123235,0.09883376783041478
38,0.18000000000000033,0.06452895456851267,-0.3709155046943491
38,0.18400000000000033,0.08046461177148408,-0.6933018737633115
38,0.18800000000000033,0.03291828798043208,-0.8176032683011057
38,0.19200000000000034,-0.005128009823144855,-0.6487725052906781
38,0.19600000000000034,-0.02540974745500048,-0.22688142529298339
38,0.20000000000000034,-0.09026345054994085,0.1726475094516863
38,0.20400000000000035,0.012996395356302107,0.346166773907242
38,0.20800000000000035,0.026953500936542422,0.3222933296249052
38,0.21200000000000035,-0.017518158786010436,0.17876722722193505
38,0.21600000000000036,-0.015665503762288563,-0.04654451503276518
38,0.22000000000000036,0.027673347015344754,-0.2122346705961165
38,0.22400000000000037,0.05661349825435605,-0.20926063381361149
38,0.22800000000000037,-0.007210499514750887,-0.11359238406346564
38,0.23200000000000037,-0.02115261378868144,0.008064206496576663
38,0.23600000000000038,0.004750781505061656,0.09442300782499918
38,0.24000000000000038,-0.012610173804160902,0.0560941481426604
38,0.24400000000000038,-0.04843744683005567,-0.05467684309451831
38,0.2480000000000004,0.001581871018039634,-0.1505294193760422
38,0.2520000000000004,-0.02056043668032409,-0.2203273165726553
38,0.2560000000000004,-0.04708493288300803,-0.24160938180214533
38,0.2600000000000004,0.014662474082271556,-0.24864710643563515
38,0.2640000000000004,0.06555283715490655,-0.31384547768260046
38,0.2680000000000004,0.11348787250788842,-0.39022568910211164
38,0.2720000000000004,0.11767515079950423,-0.3944926874337808
38,0.2760000000000004,0.11331150280612755,-0.3085228957890121
38,0.2800000000000004,0.07969633116328577,-0.11060721826003743
38,0.2840000000000004,0.019657689218569044,0.18280163529246599
38,0.2880000000000004,-0.0898954603382607,0.4482559392595935
38,0.2920000000000004,-0.09889006324216884,0.5469136556384674
38,0.29600000000000043,0.006523535329591775,0.42812092106129285
38,0.30000000000000043,0.0163624289764083,0.17154147080139182
38,0.30400000000000044,-0.006475514429352045,-0.09463140082466125
38,0.30800000000000044,0.0652066105963931,-0.3005868167447181
38,0.31200000000000044,0.07738126221724013,-0.36437619848619074
38,0.31600000000000045,0.05947439433028092,-0.23374400718308058
38,0.32000000000000045,0.05122906193117763,-0.02449929578545742
38,0.32400000000000045,-0.09841258155884831,0.13511366410994985
38,0.32800000000000046,-0.06269783054709789,0.23791004179821545
38,0.33200000000000046,-0.011990043956279188,0.28193975238591984
38,0.33600000000000046,-0.048191698916886065,0.23251245287726757
38,0.34000000000000047,-0.08565687230631995,0.11235678296080474
38,0.34400000000000047,-0.006422928662451614,0.018868181292664057
38,0.3480000000000005,0.006389501375525911,-0.01366704661206068
39,-0.18,0.051088364953402944,-0.15764944707487422
39,-0.176,0.060045270371413065,-0.1293489984847527
39,-0.172,0.02534497318445307,-0.10090759057601965
39,-0.16799999999999998,0.026670802766468257,-0.06425977845345923
39,-0.16399999999999998,0.024360268727521752,-0.028638860213505805
39,-0.15999999999999998,0.053166298572694844,-0.01426405360801258
39,-0.15599999999999997,0.008064657482483051,-0.018095996518508132
39,-0.15199999999999997,-0.0031073276076642336,-0.023288721540886577
39,-0.14799999999999996,0.003135551739589476,-0.021456384530456715
39,-0.14399999999999996,-0.02626866402847319,0.0
39,-0.13999999999999996,-0.02320930444750912,0.03847536589226343
39,-0.13599999999999995,0.03819304911216559,0.06499970801796777
39,-0.13199999999999995,0.033776011937947846,0.0763617364764587
39,-0.12799999999999995,-0.014082903865862176,0.08428708725667945
39,-0.12399999999999994,-0.027874725829151265,0.07729558697368569
39,-0.11999999999999994,-0.016553559284765137,0.07026874193216573
39,-0.11599999999999994,-0.009079627918063557,0.09064105102998316
39,-0.11199999999999993,-0.0019016859445043924,0.1094964048652909
39,-0.10799999999999993,0.0,0.10384723849061883
39,-0.10399999999999993,0.009105715298636683,0.09798904986023844
39,-0.09999999999999992,-0.010188133112450428,0.08970394135121343
39,-0.09599999999999992,0.00014454447721077988,0.06355686574723089
39,-0.09199999999999992,0.0190280479449194,0.03946587422016327
39,-0.08799999999999991,0.03384161668154716,0.02664112318637518
39,-0.08399999999999991,0.03351252350766858,0.013907490412178375
39,-0.0799999999999999,-0.01871202306648467,0.004334586585936727
39,-0.0759999999999999,-0.06460447500038367,-0.0037106417217239607
39,-0.0719999999999999,-0.10800320864212706,-0.017992654057904428
39,-0.0679999999999999,-0.041107927699121485,-0.028619397056056116
39,-0.06399999999999989,-0.014507476287225131,-0.032184630771449355
39,-0.05999999999999989,-0.060588896301607985,-0.04096849731627879
39,-0.05599999999999988,-0.0437688342866681,-0.04931171473543467
39,-0.05199999999999988,0.010222807724924812,-0.04202034253915839
39,-0.047999999999999876,0.04622420032203983,-0.028426582412856883
39,-0.04399999999999987,0.026215197281563553,-0.030402906108382442
39,-0.03999999999999987,-0.025891767112995616,-0.05645423563667933
39,-0.035999999999999865,-0.026335402273811957,-0.10003810096851601
39,-0.03199999999999986,0.0486792994197728,-0.14272447768377128
39,-0.02799999999999986,-0.022387341720800806,-0.17060080269261255
39,-0.023999999999999855,-0.07703021966829075,-0.18975523358090512
39,-0.01999999999999985,-0.04760393600409739,-0.1983960900841778
39,-0.015999999999999848,-0.04392792755717931,-0.1809654933520629
39,-0.011999999999999844,-0.05486997443582702,-0.15346813105227292
39,-0.00799999999999984,-0.022878960013592298,-0.14477866790876018
39,-0.003999999999999837,0.03306050941858932,-0.14690161867896817
39,1.6653345369377348e-16,0.11013967668155313,-0.156778347157067
39,0.00400000000000017,0.22281271437117,-0.19742720683211687
39,0.008000000000000174,0.34246157245262104,-0.25327994150615385
39,0.012000000000000177,0.40689652579212937,-0.2858682686044241
39,0.01600000000000018,0.5456538807438748,-0.29467914876148704
39,0.020000000000000184,0.7880170574731267,-0.2855547016341144
39,0.024000000000000188,0.9699025951508614,-0.27214852060618006
39,0.02800000000000019,1.0,-0.30569184572860547
39,0.032000000000000195,0.9308506778075758,-0.4001641878058347
39,0.0360000000000002,0.7332395225399013,-0.5184805601316543
39,0.0400000000000002,0.4235660604442272,-0.6410438107192767
39,0.044000000000000206,0.1269722344728829,-0.7489280859755956
39,0.04800000000000021,-0.09749196055444526,-0.8324051934194201
39,0.05200000000000021,-0.22045287320007156,-0.9145452835353567
39,0.056000000000000216,-0.3630631891330415,-0.9849927480463231
39,0.06000000000000022,-0.48170466731100625,-1.0
39,0.06400000000000022,-0.549082486616737,-0.9198321426842111
39,0.06800000000000023,-0.6637725564599697,-0.6862217937869531
39,0.07200000000000023,-0.7621367028537067,-0.2732532593195109
39,0.07600000000000023,-0.7271372058840516,0.2364211371606296
39,0.08000000000000024,-0.571478577947,0.6903259311196076
39,0.08400000000000024,-0.4028400402506516,0.9463476437011795
39,0.08800000000000024,-0.3008265464885632,0.9186762878425129
39,0.09200000000000025,-0.27989960837996847,0.6292690089163906
39,0.09600000000000025,-0.30565116873128906,0.2325310180672627
39,0.10000000000000026,-0.278492250915477,-0.07905117085116936
39,0.10400000000000026,-0.3097816820832837,-0.18360831597419042
39,0.10800000000000026,-0.3027012077408881,-0.060077496524772143
39,0.11200000000000027,-0.31355903296600646,0.19302377849394395
39,0.11600000000000027,-0.26642515051805354,0.42886620896871247
39,0.12000000000000027,-0.18756120196854298,0.5743594965506243
39,0.12400000000000028,-0.13199540708148147,0.6223065643167183
39,0.12800000000000028,-0.1611430754269038,0.6032621888827363
39,0.13200000000000028,-0.1844025903187016,0.5776800095940207
39,0.1360000000000003,-0.12813934130947693,0.5770465010140918
39,0.1400000000000003,-0.1004894147263176,0.6030165708447662
39,0.1440000000000003,-0.07083695234035371,0.6346664984385915
39,0.1480000000000003,-0.0069306283332787105,0.6036705040898313
39,0.1520000000000003,0.0023948340005168173,0.4780264833146307
39,0.1560000000000003,-0.0034866549496916067,0.3333333561938164
39,0.1600000000000003,0.002515670584326929,0.2808004365474091
39,0.1640000000000003,-0.06515402820116699,0.3872463216996168
39,0.16800000000000032,-0.13071630183581542,0.638018894714662
39,0.17200000000000032,-0.1098017904167317,0.9332705387409832
39,0.17600000000000032,-0.09554082798671747,1.1215159104407542
39,0.18000000000000033,-0.17736652215346307,1.032017434243547
39,0.18400000000000033,-0.21542195987306947,0.5893240573180039
39,0.18800000000000033,-0.1945790358514,-0.05936116304353386
39,0.19200000000000034,-0.13764774526512766,-0.6651896989836948
39,0.19600000000000034,-0.1388271494496874,-1.0691088387062748
39,0.20000000000000034,-0.16137343923329558,-1.2032685664409686
39,0.20400000000000035,-0.18901173089227088,-1.0944755942628146
39,0.20800000000000035,-0.1788785361756568,-0.8848742343672007
39,0.21200000000000035,-0.21869771598082585,-0.7160027086020084
39,0.21600000000000036,-0.25438182654059066,-0.6581231145751718
39,0.22000000000000036,-0.29494057284604563,-0.7340318797770528
39,0.22400000000000037,-0.3195519369153803,-0.8732963507382002
39,0.22800000000000037,-0.2533629719379538,-0.9364117904086435
39,0.23200000000000037,-0.22307069363998025,-0.8764709745491742
39,0.23600000000000038,-0.2145485060407111,-0.7597187272794159
39,0.24000000000000038,-0.19099956834723522,-0.6569315432549768
39,0.24400000000000038,-0.15699249127080603,-0.6189146106025878
39,0.2480000000000004,-0.17408673779377015,-0.6582099137031573
39,0.2520000000000004,-0.18940033475078874,-0.7258288634990123
39,0.2560000000000004,-0.1740198922264904,-0.7480315028343372
39,0.2600000000000004,-0.1663503307697354,-0.6687393299677462
39,0.2640000000000004,-0.14382354404267494,-0.5254120364739348
39,0.2680000000000004,-0.07840020749335919,-0.4409510234081506
39,0.2720000000000004,-0.06300225433951749,-0.49619946001695125
39,0.2760000000000004,-0.08066115790640797,-0.6962607605242086
39,0.2800000000000004,-0.0591747179660817,-0.9484084267395018
39,0.2840000000000004,-0.02335272723531928,-1.0822853475151457
39,0.2880000000000004,-0.0424568932359578,-0.9989800376001525
39,0.2920000000000004,-0.036211366749158445,-0.6604304380767251
39,0.29600000000000043,-0.011097870029636204,-0.08340655862613951
39,0.30000000000000043,-0.002474693490516711,0.5329855024667801
39,0.30400000000000044,0.0019359314234725627,0.9409111366546499
39,0.30800000000000044,0.0012697261666794763,1.0405256064180228
39,0.31200000000000044,0.007947924098654406,0.8726838151765789
39,0.31600000000000045,0.007762276138412986,0.5858127546668938
39,0.32000000000000045,-0.04244464000087794,0.3397051567011492
39,0.32400000000000045,-0.05774629066872616,0.23484814331039958
39,0.32800000000000046,-0.07861650120055359,0.3107459011219262
39,0.33200000000000046,-0.13726279698858737,0.47195588335684496
39,0.33600000000000046,-0.14866693736081038,0.570719685003495
39,0.34000000000000047,-0.16856166579942583,0.5734294684268975
39,0.34400000000000047,-0.1933183438623884,0.5108316358300037
39,0.3480000000000005,-0.2265042121682539,0.4382936402591677
52,-0.18,-0.0926141221248912,-0.5338684973171104
52,-0.176,0.1680480879499179,-0.19637654041736885
52,-0.172,0.21538792944096952,0.3287390907802724
52,-0.16799999999999998,0.1397951276443601,0.747885784857111
52,-0.16399999999999998,-0.046819347432403596,0.8833964279254032
52,-0.15999999999999998,-0.07812250763402483,0.7527305652571102
52,-0.15599999999999997,0.0071149514195290265,0.3980174563592862
52,-0.15199999999999997,-0.02329017716833928,-0.04927490195811892
52,-0.14799999999999996,0.0,-0.4247259731928674
52,-0.14399999999999996,0.039333446853150725,-0.6598406520463274
52,-0.13999999999999996,-0.07980849699967409,-0.7112406833697507
52,-0.13599999999999995,-0.09278140536819503,-0.5356526554420153
52,-0.13199999999999995,0.026427838708657777,-0.1836138607218346
52,-0.12799999999999995,0.041036130657143975,0.202284209915672
52,-0.12399999999999994,-0.020320948932659327,0.5196401960919766
52,-0.11999999999999994,-0.09703969759104016,0.7414326067387889
52,-0.11599999999999994,-0.10565305617449476,0.8262377662949549
52,-0.11199999999999993,-0.11336421502725573,0.7220569090061905
52,-0.10799999999999993,-0.11016905039942337,0.42495881493737503
52,-0.10399999999999993,-0.0659351440563525,0.0
52,-0.09999999999999992,-0.04559640758819071,-0.44172533264078634
52,-0.09599999999999992,-0.03297924827664361,-0.7853049674175201
52,-0.09199999999999992,0.07511668353603813,-0.880738871434351
52,-0.08799999999999991,0.14447568372011005,-0.6348025635079508
52,-0.08399999999999991,0.04261212875356221,-0.16752115933508727
52,-0.0799999999999999,0.0035755796035999436,0.3410473770568573
52,-0.0759999999999999,-0.012993410841488726,0.7572360587120359
52,-0.0719999999999999,-0.025978712353318622,0.9033210671574139
52,-0.0679999999999999,0.034182557283459196,0.7020555431524059
52,-0.06399999999999989,0.06262919770696733,0.25177196701829513
52,-0.05999999999999989,0.0622401282603662,-0.3114898611489295
52,-0.05599999999999988,0.002147815907321832,-0.771992494199056
52,-0.05199999999999988,0.08228779894929644,-0.8902392727421143
52,-0.047999999999999876,0.07325645403270144,-0.6281027954272999
52,-0.04399999999999987,0.06156848054330894,-0.11745521826188977
52,-0.03999999999999987,-0.025045421883859015,0.4695133269366817
52,-0.035999999999999865,0.09968317521463901,0.9355996598085496
52,-0.03199999999999986,0.20329317107075984,1.0932216632876837
52,-0.02799999999999986,0.1646255656250177,0.883121045039627
52,-0.023999999999999855,0.1888353713077327,0.44231991985099756
52,-0.01999999999999985,0.2488160604997557,-0.06386668926348152
52,-0.015999999999999848,-0.06674912965907746,-0.5472384876291913
52,-0.011999999999999844,-0.13729352778603388,-0.8744588934159847
52,-0.00799999999999984,-0.13818805552368268,-0.9472565780037167
52,-0.003999999999999837,-0.11021074432316187,-0.8165046526766845
52,1.6653345369377348e-16,0.06740768536415016,-0.5338836372184054
52,0.00400000000000017,0.24736607100259725,-0.13118985354763926
52,0.008000000000000174,0.4037515479916273,0.27956572005392766
52,0.012000000000000177,0.6567014773119746,0.582935836533619
52,0.01600000000000018,0.8314222739877584,0.7435606019792504
52,0.020000000000000184,0.9615140630859277,0.7325075065318988
52,0.024000000000000188,1.0,0.510690086228354
52,0.02800000000000019,0.6498162664509061,0.1582258393823099
52,0.032000000000000195,0.04830484487107487,-0.18200432578459708
52,0.0360000000000002,-0.1787260217968568,-0.4539459118924898
52,0.0400000000000002,-0.4340185636439423,-0.6238481206046965
52,0.044000000000000206,-0.7201663379873403,-0.6539347350746533
52,0.04800000000000021,-0.7020921138198213,-0.5077280044759677
52,0.05200000000000021,-0.4537439455863947,-0.17861996901811594
52,0.056000000000000216,-0.29089487200725916,0.1834141282343958
52,0.06000000000000022,0.037378104867932006,0.4974018852717923
52,0.06400000000000022,0.37064610499460804,0.8266810790737553
52,0.06800000000000023,0.5742432862510825,1.0
52,0.07200000000000023,0.5498418847329616,0.882568247676479
52,0.07600000000000023,0.3636931692474869,0.6569229566014724
52,0.08000000000000024,0.1493965447111037,0.32549097133445104
52,0.08400000000000024,0.10216934471305814,-0.1457532019888943
52,0.08800000000000024,0.07829268570787497,-0.46867677379784867
52,0.09200000000000025,-0.33778653312763285,-0.5750646232767203
52,0.09600000000000025,-0.398803782422734,-0.5872910266605775
52,0.10000000000000026,-0.4862662453130019,-0.3534217236126664
52,0.10400000000000026,-0.6035154519898374,0.08617092937950664
52,0.10800000000000026,-0.7367078381176136,0.46083286571335513
52,0.11200000000000027,-0.578460453564733,0.7804863606839274
52,0.11600000000000027,-0.43374781338544605,0.9492135374520854
52,0.12000000000000027,-0.3146351492186824,0.7832275232526509
52,0.12400000000000028,-0.14076785647796325,0.5314055774299918
52,0.12800000000000028,-0.010376239018969537,0.32863379884058547
52,0.13200000000000028,-0.10292544671435482,0.10243430228133264
52,0.1360000000000003,0.006504919344792924,0.07374622589708438
52,0.1400000000000003,0.01355058460568587,0.18816994946860596
52,0.1440000000000003,0.10357349738357043,0.17999375738490253
52,0.1480000000000003,0.07566147242668231,0.20133091318113452
52,0.1520000000000003,-0.06799113202536579,0.19593348459864993
52,0.1560000000000003,-0.27149464216337843,-0.0075082897695076655
52,0.1600000000000003,-0.5523060347392261,-0.05955314315323217
52,0.1640000000000003,-0.730252460017587,0.12486597749973424
52,0.16800000000000032,-0.9063333650873091,0.28709599418325
52,0.17200000000000032,-0.703302569248894,0.4851143822351521
52,0.17600000000000032,-0.3214760717190288,0.6427471302619663
52,0.18000000000000033,-0.05965346682259964,0.5657770906331434
52,0.18400000000000033,0.18760426349390874,0.34635203748587745
52,0.18800000000000033,0.3175016564783106,0.04627442769735603
52,0.19200000000000034,0.14702086454099514,-0.19013826708414217
52,0.19600000000000034,-0.23160088552504943,-0.15258807917999448
52,0.20000000000000034,-0.5034889270975289,-0.0029875339997655244
52,0.20400000000000035,-0.4559583207460583,0.08448771043604858
52,0.20800000000000035,-0.5014068976483614,0.10631545564978045
52,0.21200000000000035,-0.587214706769462,-0.07486177199826483
52,0.21600000000000036,-0.5021587202654484,-0.4691461962326514
52,0.22000000000000036,-0.26575190636856943,-0.8216459879108815
52,0.22400000000000037,-0.3308451564346711,-0.9189914261958182
52,0.22800000000000037,-0.2519359311017168,-0.6709497176019735
52,0.23200000000000037,0.11439699534908851,-0.11114961725435658
52,0.23600000000000038,0.17948730183575123,0.5222152463164277
52,0.24000000000000038,0.23545198529486006,0.9084256345619289
52,0.24400000000000038,0.23572407818685054,0.8752384875690297
52,0.2480000000000004,0.15587694836551574,0.39667507458939616
52,0.2520000000000004,0.17341098289928922,-0.36943710045101136
52,0.2560000000000004,0.12895357617149744,-1.0152285879281469
52,0.2600000000000004,-0.15050009900119593,-1.283491739437493
52,0.2640000000000004,-0.33703375611949715,-1.2086154473064505
52,0.2680000000000004,-0.22632849482672923,-0.8116742579329442
52,0.2720000000000004,-0.23603118500371958,-0.27154311210492826
52,0.2760000000000004,-0.2778249408916326,0.09192489067052691
52,0.2800000000000004,-0.12583846999849618,0.2533313869329153
52,0.2840000000000004,0.08562290830696015,0.31658944102487013
52,0.2880000000000004,0.2769256412532924,0.31312399409904346
52,0.2920000000000004,0.4074957283884615,0.3711803968401321
52,0.29600000000000043,0.44101844678676233,0.5394027351101721
52,0.30000000000000043,0.3207375941724565,0.6374592187364578
52,0.30400000000000044,0.15178605083844607,0.5153252078124961
52,0.30800000000000044,0.11897502107637467,0.13732599712954202
52,0.31200000000000044,0.0018940508593577312,-0.472677901374187
52,0.31600000000000045,-0.17244877961440438,-1.0779167150579818
52,0.32000000000000045,-0.15654022051530245,-1.31310874701057
52,0.32400000000000045,0.002145740297106561,-1.0279797205394268
52,0.32800000000000046,0.09294764347028855,-0.2837105002964356
52,0.33200000000000046,0.11471798718394734,0.7066334727485174
52,0.33600000000000046,0.20602828825629513,1.5151016950509526
52,0.34000000000000047,0.2619408678480227,1.805320330904634
52,0.34400000000000047,0.10921778409923596,1.5615986551451448
52,0.3480000000000005,0.0882992182289597,0.911715151954446
54,-0.18,-0.010868639990112033,0.008931335798333264
54,-0.176,-0.00650774232296203,0.009395138181549238
54,-0.172,-0.006219405054816216,0.009372012646530472
54,-0.16799999999999998,-0.010061786647612645,0.009202747584567853
54,-0.16399999999999998,-0.00470334666944023,0.010017843177237962
54,-0.15999999999999998,0.0032660637304908345,0.010450041601610468
54,-0.15599999999999997,0.010738015133436269,0.011032341451068368
54,-0.15199999999999997,0.015054155130548448,0.012390112554949166
54,-0.14799999999999996,0.013915951187774259,0.011242722873440867
54,-0.14399999999999996,0.010794400576349021,0.006195764123380538
54,-0.13999999999999996,0.0062511064184603525,0.0018096426903042708
54,-0.13599999999999995,0.0008346839964390308,8.069564389173851e-05
54,-0.13199999999999995,0.0,-0.002517529923695048
54,-0.12799999999999995,0.0024038633233249467,-0.00441010391766858
54,-0.12399999999999994,0.00022926104946386212,-0.002228688287689342
54,-0.11999999999999994,-0.006692131498419446,-0.0010924601369859243
54,-0.11599999999999994,-0.010496650937415345,-0.003904224788934341
54,-0.11199999999999993,-0.011014002138704721,-0.005869086844445559
54,-0.10799999999999993,-0.011896706964566519,-0.005916216712969299
54,-0.10399999999999993,-0.005872986046785957,-0.006468936060222208
54,-0.09999999999999992,-0.0010101466421264442,-0.007420366394865066
54,-0.09599999999999992,0.003515217007222276,-0.007667728972143012
54,-0.09199999999999992,0.003617749444205581,-0.007503026569121564
54,-0.08799999999999991,0.00226440335345521,-0.00857910852893006
54,-0.08399999999999991,0.003004132423914099,-0.009813587107548545
54,-0.0799999999999999,7.027835818555527e-05,-0.008449281690323064
54,-0.0759999999999999,0.0013402362150319676,-0.006268717600866645
54,-0.0719999999999999,-0.015328180429894948,-0.004319532601183989
54,-0.0679999999999999,-0.016946548703363047,0.0
54,-0.06399999999999989,0.004179865200038525,0.0039982888820069805
54,-0.05999999999999989,-0.007311584117089798,0.004048269098541786
54,-0.05599999999999988,-0.017422919636994046,0.0030612346763640077
54,-0.05199999999999988,-0.0038201370049050134,0.0024663117511378664
54,-0.047999999999999876,-0.0025660035692557084,0.002212762803742025
54,-0.04399999999999987,-0.011954785872187044,0.00426294239965219
54,-0.03999999999999987,-0.012079674540441572,0.0076534012969578045
54,-0.035999999999999865,-0.015705313199278308,0.012255973637014281
54,-0.03199999999999986,-0.010733186585766222,0.01822511311058786
54,-0.02799999999999986,-0.0028042083039417957,0.02200840128334735
54,-0.023999999999999855,-0.014878667427571135,0.022973372523906667
54,-0.01999999999999985,-0.007411562874778458,0.021765614307162975
54,-0.015999999999999848,-0.0028664677373227945,0.019206609939532607
54,-0.011999999999999844,-0.02893890933298319,0.017417738543748645
54,-0.00799999999999984,-0.008919325574257309,0.016284242538312867
54,-0.003999999999999837,-0.011420476315134325,0.01761368003808989
54,1.6653345369377348e-16,0.000475903201663123,0.0185464530527458
54,0.00400000000000017,0.25490066201077577,0.016669374330815466
54,0.008000000000000174,0.44810143889970644,0.01971862907619853
54,0.012000000000000177,0.5538945565905989,0.021362741794626067
54,0.01600000000000018,0.7933275246371917,0.018689122806648386
54,0.020000000000000184,0.984474167935803,0.022771447654725573
54,0.024000000000000188,0.8542226297146182,0.018360532405840756
54,0.02800000000000019,0.523971487305511,0.011661519612247739
54,0.032000000000000195,0.14482659763855743,0.02457922827600127
54,0.0360000000000002,-0.28324211774092733,-0.0043194431891861495
54,0.0400000000000002,-0.67720352080083,-0.11475095980558445
54,0.044000000000000206,-0.9206121667664877,-0.24077781531579898
54,0.04800000000000021,-1.0,-0.3621736020311839
54,0.05200000000000021,-0.8911124962816893,-0.47596858259822605
54,0.056000000000000216,-0.6363407397186519,-0.4629362627857059
54,0.06000000000000022,-0.27062632743247894,-0.24410083708251187
54,0.06400000000000022,0.012732155080303086,0.10795275666110171
54,0.06800000000000023,0.2097053410768238,0.511112843534711
54,0.07200000000000023,0.32207230295022876,0.866969492962948
54,0.07600000000000023,0.3070547280813224,1.0
54,0.08000000000000024,0.16011354568581376,0.8428008398216863
54,0.08400000000000024,0.03293369662959061,0.48386899424737373
54,0.08800000000000024,-0.06413588835330315,0.003077160733011336
54,0.09200000000000025,-0.13867703455164324,-0.48622628226996956
54,0.09600000000000025,-0.17561724111390467,-0.8076140109675148
54,0.10000000000000026,-0.16371272492851274,-0.8729584589685575
54,0.10400000000000026,-0.15232841651846635,-0.6832472920572568
54,0.10800000000000026,-0.10452254590916872,-0.2842692233506425
54,0.11200000000000027,-0.03075884611545647,0.20736102260928477
54,0.11600000000000027,-0.010057000821141276,0.6448284507221369
54,0.12000000000000027,0.00525088495846078,0.8755543315533331
54,0.12400000000000028,0.004678496931343752,0.8315909282369776
54,0.12800000000000028,-0.03499245753951375,0.5996684983482342
54,0.13200000000000028,-0.027513726502700727,0.2540395559804871
54,0.1360000000000003,0.00401593061505904,-0.15565106208253407
54,0.1400000000000003,-0.004339847091794539,-0.48548786697196317
54,0.1440000000000003,-0.011549788338242394,-0.6276842036890985
54,0.1480000000000003,-0.010834246023978806,-0.5558328405399025
54,0.1520000000000003,-0.030829095687338236,-0.2765573198396719
54,0.1560000000000003,-0.054044995374398774,0.10684059177744354
54,0.1600000000000003,-0.07655041508027415,0.4920367355872735
54,0.1640000000000003,-0.07677570358469177,0.8067559530196478
54,0.16800000000000032,-0.04933456960422897,0.8994716811140553
54,0.17200000000000032,-0.011756118475246415,0.6982995441905566
54,0.17600000000000032,0.012881110815059164,0.28824965891516474
54,0.18000000000000033,0.07511683356298526,-0.23176037411459977
54,0.18400000000000033,0.12645747612986435,-0.7208111525801878
54,0.18800000000000033,0.15845887494786567,-1.0187366814827328
54,0.19200000000000034,0.20171537321172583,-1.061697138286872
54,0.19600000000000034,0.2392263335436942,-0.8365950390418253
54,0.20000000000000034,0.24912915316334502,-0.40012143698788927
54,0.20400000000000035,0.22451194368260813,0.06901282892389735
54,0.20800000000000035,0.17586010159576113,0.40590306858291275
54,0.21200000000000035,0.15091184036472363,0.5461061954165292
54,0.21600000000000036,0.10627024028453058,0.48110637824883395
54,0.22000000000000036,0.03758160975324895,0.25693994949021
54,0.22400000000000037,0.007399435121949841,-0.039009362405342383
54,0.22800000000000037,0.010900046563280075,-0.32495141607296635
54,0.23200000000000037,0.0655287039682974,-0.5150698494446203
54,0.23600000000000038,0.11770106035115463,-0.5403723921872943
54,0.24000000000000038,0.1609943818424278,-0.4074908769798228
54,0.24400000000000038,0.19681420839864752,-0.16757440304529947
54,0.2480000000000004,0.21135167698504892,0.11640899136528317
54,0.2520000000000004,0.2143474194405069,0.3534242528893842
54,0.2560000000000004,0.19853996944206867,0.4548773441238054
54,0.2600000000000004,0.1436787682797631,0.35905067980222877
54,0.2640000000000004,0.07135274150283359,0.05912137283587614
54,0.2680000000000004,0.0284564238140982,-0.35041555553537207
54,0.2720000000000004,0.011790614035985053,-0.7294031477594465
54,0.2760000000000004,0.016411568243935384,-0.9429797918318867
54,0.2800000000000004,0.03187216617002914,-0.8622798989815985
54,0.2840000000000004,0.03829202424815,-0.467855517421104
54,0.2880000000000004,0.008130130487356058,0.11172040549529047
54,0.2920000000000004,-0.005450395632081675,0.7122839139414774
54,0.29600000000000043,-0.0073985085836851755,1.1631024331040998
54,0.30000000000000043,-0.0038362748032542363,1.3017927935794729
54,0.30400000000000044,0.03871645848964195,1.0864557064771032
54,0.30800000000000044,0.10840712892882752,0.6088928180599752
54,0.31200000000000044,0.13871708993320464,0.02150229848068787
54,0.31600000000000045,0.13073134654900873,-0.48709972243857724
54,0.32000000000000045,0.1277948498673408,-0.7578394628692617
54,0.32400000000000045,0.10330273692267805,-0.7337101243335885
54,0.32800000000000046,0.04110130888352804,-0.4398054086040637
54,0.33200000000000046,0.0178052362382808,0.02115040999551908
54,0.33600000000000046,0.06304203419642963,0.48505903633312814
54,0.34000000000000047,0.07449387440285907,0.8112799527426973
54,0.34400000000000047,0.051484998742239746,0.9067345894505215
54,0.3480000000000005,0.07398588682327502,0.7445244778149915
56,-0.18,-0.024149458418198252,-0.026997368422859304
56,-0.176,-0.03134282343552891,-0.0237215183114195
56,-0.172,-0.019011171522025427,-0.019248213853728248
56,-0.16799999999999998,-0.01709512770531497,-0.016072502300913945
56,-0.16399999999999998,-0.027781080330063324,-0.014723493532691024
56,-0.15999999999999998,-0.015567348350140816,-0.01658326209519592
56,-0.15599999999999997,-0.003599278099158635,-0.02062433767384277
56,-0.15199999999999997,-0.008119202324113648,-0.02274481666190594
56,-0.14799999999999996,-0.006615485881268112,-0.022131797682413464
56,-0.14399999999999996,-0.00948728660748069,-0.018705367094406886
56,-0.13999999999999996,0.012115331391807364,-0.010817188756995676
56,-0.13599999999999995,-0.0021682148972096177,-0.000927343660026028
56,-0.13199999999999995,-0.014392644794187155,0.00712566827259131
56,-0.12799999999999995,-0.017350562596089115,0.012352364465734454
56,-0.12399999999999994,-0.011494283329108384,0.013570160106002222
56,-0.11999999999999994,-0.001938138361266175,0.011298097563651266
56,-0.11599999999999994,0.019554656397270054,0.009486454533534706
56,-0.11199999999999993,0.03337943267299365,0.009876434197753399
56,-0.10799999999999993,0.02594208696121726,0.010824293739757225
56,-0.10399999999999993,0.006765436188412869,0.011260342500781905
56,-0.09999999999999992,0.008891079039763071,0.010692634341926037
56,-0.09599999999999992,0.009674028090005405,0.008651011882455704
56,-0.09199999999999992,0.014672612674744078,0.005677014855988201
56,-0.08799999999999991,0.01952972781617746,0.0027942659358722406
56,-0.08399999999999991,0.03282740959780703,0.0010415693848314883
56,-0.0799999999999999,0.036073786975313986,0.00031433084608015015
56,-0.0759999999999999,0.014062742944619433,0.0
56,-0.0719999999999999,0.0066598606395394215,0.0006178946118806616
56,-0.0679999999999999,0.012767407827625641,0.0011112040368410395
56,-0.06399999999999989,0.004530025840834889,-0.0007905712535835179
56,-0.05999999999999989,-0.014079560997739908,-0.005774210118413707
56,-0.05599999999999988,0.0,-0.012287564102172093
56,-0.05199999999999988,0.034903393460471076,-0.01662252017808006
56,-0.047999999999999876,0.03441189581371614,-0.017172679697683525
56,-0.04399999999999987,0.008163928004219606,-0.01376510268797057
56,-0.03999999999999987,0.0026442916785723003,-0.005909966145307857
56,-0.035999999999999865,0.007616220423580261,0.001860767385505741
56,-0.03199999999999986,-0.002880332965796915,0.003784702443129723
56,-0.02799999999999986,0.01006890560209124,0.00018193570519941518
56,-0.023999999999999855,0.035747242635597844,-0.0048413790591328755
56,-0.01999999999999985,0.023937580602708588,-0.009650858461363961
56,-0.015999999999999848,0.032266037390179296,-0.013223667426929911
56,-0.011999999999999844,0.004954131776057847,-0.011750025801514036
56,-0.00799999999999984,-0.006018026192775204,-0.008084853754886347
56,-0.003999999999999837,-0.02160035565663058,-0.004869456854241106
56,1.6653345369377348e-16,-0.010241344935561772,-0.0005552032005593621
56,0.00400000000000017,0.16746317798005542,-0.000989688051205837
56,0.008000000000000174,0.42462191205368716,-0.0008355939677689848
56,0.012000000000000177,0.674751878859558,0.0026557882857462353
56,0.01600000000000018,0.8867805719245672,-0.0013980366445857303
56,0.020000000000000184,1.0,0.00011406787728746932
56,0.024000000000000188,0.7771905650134632,0.0022357751040430747
56,0.02800000000000019,0.3227467974006992,-0.010392991804520357
56,0.032000000000000195,-0.1868758721554746,-0.003585729073162313
56,0.0360000000000002,-0.4178351576473623,-0.0008543743809264138
56,0.0400000000000002,-0.4129448647518367,-0.08066168969169227
56,0.044000000000000206,-0.36682023072952835,-0.22643158159933252
56,0.04800000000000021,-0.28119284289244717,-0.3784653865989907
56,0.05200000000000021,-0.0015568759086045582,-0.49668813520874405
56,0.056000000000000216,0.34977481044876557,-0.5009713275553211
56,0.06000000000000022,0.48617819613191743,-0.3039707302547435
56,0.06400000000000022,0.5655457252883868,0.08286245977434421
56,0.06800000000000023,0.4651630705090315,0.5089636031289988
56,0.07200000000000023,0.3693777760651606,0.7754250274329023
56,0.07600000000000023,0.3347491650576779,0.759660656418095
56,0.08000000000000024,0.32843531539796933,0.444451788908597
56,0.08400000000000024,0.3063424045998037,-0.09090916724359818
56,0.08800000000000024,0.14867027809943256,-0.6555331181270758
56,0.09200000000000025,-0.08263929299744519,-1.0
56,0.09600000000000025,-0.22992001536131246,-0.997352768949408
56,0.10000000000000026,-0.32494476064884,-0.6797292687027007
56,0.10400000000000026,-0.4149365371031855,-0.12741084458931765
56,0.10800000000000026,-0.46938365918393493,0.43363814994193073
56,0.11200000000000027,-0.5042540445324424,0.7169815876144604
56,0.11600000000000027,-0.5149521991558951,0.6999195590967605
56,0.12000000000000027,-0.49027123518108967,0.47620060554362176
56,0.12400000000000028,-0.47353912135445586,0.12085703497199622
56,0.12800000000000028,-0.36703429184513564,-0.13454012917246483
56,0.13200000000000028,-0.15095695048628732,-0.15896182832593245
56,0.1360000000000003,-0.13958653522937814,-0.09054589257270987
56,0.1400000000000003,-0.16266584365117556,-0.017516124030942767
56,0.1440000000000003,-0.15810674994377913,0.05272486869069414
56,0.1480000000000003,-0.1721069465703756,0.11979070078116652
56,0.1520000000000003,-0.13976516655446347,0.23392522173393143
56,0.1560000000000003,-0.0916693472449963,0.3591907309863606
56,0.1600000000000003,-0.06968112135845728,0.4545379223199164
56,0.1640000000000003,-0.08926247948373717,0.5700260643375352
56,0.16800000000000032,-0.13087745892146693,0.6129231753930808
56,0.17200000000000032,-0.12757567207017206,0.4626273367159854
56,0.17600000000000032,-0.09685666744319647,0.1910111849888151
56,0.18000000000000033,-0.04873958123785095,-0.1250655320281352
56,0.18400000000000033,-0.016865336125826497,-0.4156647105919644
56,0.18800000000000033,0.003475097822441628,-0.5410021857555969
56,0.19200000000000034,-0.03500420350597904,-0.4317937299759476
56,0.19600000000000034,-0.060558689639629126,-0.10646766267912948
56,0.20000000000000034,-0.059312409648102485,0.3164033543829635
56,0.20400000000000035,-0.04707758123027744,0.6169246501658476
56,0.20800000000000035,-0.015425714156663219,0.6576489027884429
56,0.21200000000000035,-0.015364401368559823,0.44356791394819733
56,0.21600000000000036,-0.03371290109882002,0.08184549078880511
56,0.22000000000000036,-0.0323295164873635,-0.2478260018521317
56,0.22400000000000037,-0.04176122618677474,-0.41550696193164244
56,0.22800000000000037,-0.02761693585963077,-0.4014201096650689
56,0.23200000000000037,-0.02737950414865323,-0.25942423029828315
56,0.23600000000000038,-0.034448837042003584,-0.07209816410870727
56,0.24000000000000038,-0.026112711853919307,0.07194946827881135
56,0.24400000000000038,-0.04012217528981462,0.08788851009981206
56,0.2480000000000004,-0.07040836322043775,-0.016491885648000564
56,0.2520000000000004,-0.09477567426792434,-0.15330843275710018
56,0.2560000000000004,-0.07565101220610299,-0.2893635341824956
56,0.2600000000000004,-0.051576916767542065,-0.4217326230609132
56,0.2640000000000004,-0.04025512836497158,-0.547132234584345
56,0.2680000000000004,-0.029728096790016395,-0.6808332995139865
56,0.2720000000000004,-0.02959026640605594,-0.7677206202430676
56,0.2760000000000004,-0.014312291303236835,-0.7183064370042538
56,0.2800000000000004,0.013699801037018745,-0.5123495583417191
56,0.2840000000000004,0.03152247560742312,-0.15225771678146433
56,0.2880000000000004,0.051032227192024854,0.2905562162069143
56,0.2920000000000004,0.052802015633822766,0.6217645897220835
56,0.29600000000000043,0.01653659744458576,0.6923404447466471
56,0.30000000000000043,0.015517928975229031,0.47822588582406955
56,0.30400000000000044,0.024716290038101083,0.03569241466662491
56,0.30800000000000044,0.014570746176538571,-0.4600416931077084
56,0.31200000000000044,0.003640579542433921,-0.7870058708240698
56,0.31600000000000045,0.006168473772381478,-0.8278381007326893
56,0.32000000000000045,-0.0005529674643251818,-0.5879998644115614
56,0.32400000000000045,0.0007240285350275722,-0.18178852557136457
56,0.32800000000000046,0.018463102385645188,0.21943081585569407
56,0.33200000000000046,0.0003320359464248935,0.48482078539830653
56,0.33600000000000046,-0.009030281775874588,0.5479389265554244
56,0.34000000000000047,-0.0193582479026516,0.430732490257612
56,0.34400000000000047,0.0023710091531454988,0.24713639766659057
56,0.3480000000000005,0.04119901846653972,0.09693825076135174
57,-0.18,0.008365367691698771,0.0005274605703807046
57,-0.176,0.01647828867872383,0.0
57,-0.172,0.019244893963629543,0.0070844177655758536
57,-0.16799999999999998,-0.021460322386490052,0.013161512019857942
57,-0.16399999999999998,-0.022412113422090853,0.0137862614841497
57,-0.15999999999999998,0.017915529799472037,0.014965216483384385
57,-0.15599999999999997,-7.603526388995805e-05,0.016241137209825358
57,-0.15199999999999997,0.003200840757577271,0.013571040401082349
57,-0.14799999999999996,-0.012979441043809072,0.0099244062800215
57,-0.14399999999999996,-0.03289237402731475,0.007488434275382734
57,-0.13999999999999996,-0.03495338500775831,0.0048656250407122
57,-0.13599999999999995,-0.027361234625292684,0.003384280838475748
57,-0.13199999999999995,-0.022556225701891554,0.004362791035660082
57,-0.12799999999999995,-0.013869119125264676,0.00484229182696916
57,-0.12399999999999994,-0.011954845499709958,0.003492231890406133
57,-0.11999999999999994,-0.020679360803070736,0.002971277281593772
57,-0.11599999999999994,-0.030239456911505043,0.0015755365703123553
57,-0.11199999999999993,0.0,-0.00500648684584628
57,-0.10799999999999993,0.013794618657128558,-0.014911150223166782
57,-0.10399999999999993,0.005106374651608193,-0.02368685642976028
57,-0.09999999999999992,0.007321950565937986,-0.029979256994616257
57,-0.09599999999999992,0.015498700922239095,-0.03486155114670181
57,-0.09199999999999992,-0.007089079709605258,-0.03899797605906129
57,-0.08799999999999991,-0.023380385360153504,-0.042133101985620106
57,-0.08399999999999991,-0.021442683065468912,-0.044475155319526664
57,-0.0799999999999999,-0.0053655534966452825,-0.0441175955304816
57,-0.0759999999999999,0.016810546479573064,-0.03982840302125837
57,-0.0719999999999999,0.01581781141942397,-0.03408269194182395
57,-0.0679999999999999,0.0036855502509241995,-0.027598508726290234
57,-0.06399999999999989,0.01419198582256073,-0.021846405407507995
57,-0.05999999999999989,0.017378356129565814,-0.020077025066776628
57,-0.05599999999999988,0.0119097179233327,-0.02097863258457736
57,-0.05199999999999988,0.0015624970917930624,-0.022023539413636814
57,-0.047999999999999876,-0.020758442012118832,-0.024250091547267004
57,-0.04399999999999987,-0.03215266076192925,-0.029218241504106686
57,-0.03999999999999987,-0.018546864922622964,-0.033603998749528546
57,-0.035999999999999865,0.0010551917112818093,-0.03302762292845832
57,-0.03199999999999986,0.006747848577469277,-0.028420276965158565
57,-0.02799999999999986,0.0005188081131474125,-0.02272845828434758
57,-0.023999999999999855,0.014013090853659855,-0.02085602098365194
57,-0.01999999999999985,0.011656436791934793,-0.023757219482176888
57,-0.015999999999999848,-0.005849355313089166,-0.026755955993653865
57,-0.011999999999999844,0.01960765206441401,-0.030173545733337827
57,-0.00799999999999984,-0.018394101455179,-0.03217535491033206
57,-0.003999999999999837,-0.02379093301844274,-0.03368183167632478
57,1.6653345369377348e-16,0.0681770150136705,-0.037138063271023564
57,0.00400000000000017,0.2594293190512387,-0.033140351057664864
57,0.008000000000000174,0.4088866283265083,-0.031085496005382327
57,0.012000000000000177,0.6630244392447844,-0.036847618267718776
57,0.01600000000000018,1.0,-0.03038644030476955
57,0.020000000000000184,0.9656111281620173,-0.02667585020775097
57,0.024000000000000188,0.8506135173198008,-0.02723513096112379
57,0.02800000000000019,0.6986349085572805,-0.007347528418202882
57,0.032000000000000195,0.25636260873668143,-0.02313854762793354
57,0.0360000000000002,-0.18410730142728113,-0.10929051530244702
57,0.0400000000000002,-0.2960164854979652,-0.21394309412210907
57,0.044000000000000206,-0.40047169549827694,-0.36484787585842
57,0.04800000000000021,-0.551877911552704,-0.585965676850599
57,0.05200000000000021,-0.435327579771378,-0.7092750703033804
57,0.056000000000000216,-0.24305665230297122,-0.598498596823888
57,0.06000000000000022,-0.3876198596301645,-0.34148123957835413
57,0.06400000000000022,-0.3699703580214831,0.03660967190507657
57,0.06800000000000023,-0.24568782230515226,0.573042253757125
57,0.07200000000000023,-0.27687472549934294,0.9793155567750977
57,0.07600000000000023,-0.29685268396230624,1.0
57,0.08000000000000024,-0.15026422215561933,0.7992323915702534
57,0.08400000000000024,-0.06903133784115877,0.40154415663767334
57,0.08800000000000024,0.035859438195315084,-0.23732682732131805
57,0.09200000000000025,0.15221896586122674,-0.6979055606883033
57,0.09600000000000025,0.021689071618244685,-0.7280749679724553
57,0.10000000000000026,-0.0936349357274662,-0.5400581770073545
57,0.10400000000000026,-0.19120363329517698,-0.16271753284347557
57,0.10800000000000026,-0.2568071297609888,0.37055391039650515
57,0.11200000000000027,-0.18992771607869824,0.6970545251814034
57,0.11600000000000027,-0.10269485033585038,0.6727505621565852
57,0.12000000000000027,-0.06633551067727973,0.48260417081243007
57,0.12400000000000028,-0.0062466164972112825,0.20127724324764837
57,0.12800000000000028,-0.00728157518567488,-0.104351730196724
57,0.13200000000000028,-0.02860343445737909,-0.21374837317122353
57,0.1360000000000003,-0.018566961447094705,-0.09407852784706798
57,0.1400000000000003,0.004625390552689177,0.08273606715874902
57,0.1440000000000003,0.016443803458805365,0.22885364963666152
57,0.1480000000000003,-0.0004788090537734184,0.26999199036058225
57,0.1520000000000003,-0.022573435215513988,0.21202548814859856
57,0.1560000000000003,-0.03985733209738811,0.2128485271676527
57,0.1600000000000003,-0.04741441227576732,0.29616219498231644
57,0.1640000000000003,-0.01327335419075961,0.44274464670169733
57,0.16800000000000032,0.008536182524564962,0.6354759764059172
57,0.17200000000000032,0.030181056840529276,0.646810391078211
57,0.17600000000000032,0.04271297493631475,0.38608472689590934
57,0.18000000000000033,-8.330495594293202e-05,-0.02331261851280368
57,0.18400000000000033,-0.0046872309381238726,-0.5100529215830891
57,0.18800000000000033,0.028319489592244857,-0.8552467666858746
57,0.19200000000000034,0.04206039777221871,-0.8684067165861749
57,0.19600000000000034,0.041249860013078794,-0.6065279895895301
57,0.20000000000000034,0.06544302696282205,-0.14692142829261734
57,0.20400000000000035,0.06509552921307817,0.252409569017862
57,0.20800000000000035,0.03393911294103996,0.33035789388755116
57,0.21200000000000035,0.006409339160661087,0.18783207889882755
57,0.21600000000000036,0.006107386964479552,-0.11019535838671202
57,0.22000000000000036,0.007821528027510799,-0.48793755313984377
57,0.22400000000000037,0.0036684870639693036,-0.644937206639702
57,0.22800000000000037,-0.0019886437951380045,-0.5313873648189027
57,0.23200000000000037,0.016120862630722984,-0.2843552414786965
57,0.23600000000000038,0.019709765361016946,0.027185837610408502
57,0.24000000000000038,-0.010739153825573573,0.21419077487587976
57,0.24400000000000038,-0.0055497238067147275,0.18713281747430438
57,0.2480000000000004,0.02852378951297497,0.06813369573349995
57,0.2520000000000004,0.037348409138343704,-0.10352933983929151
57,0.2560000000000004,0.031042525926245346,-0.29972267087468424
57,0.2600000000000004,0.042279547035361874,-0.4169776667948977
57,0.2640000000000004,0.04708818817054243,-0.4596191262097159
57,0.2680000000000004,0.04377384228989725,-0.5284327351998352
57,0.2720000000000004,0.03449207621806779,-0.6341108578126888
57,0.2760000000000004,0.013021046212069827,-0.6818720021698603
57,0.2800000000000004,-0.041754616641078816,-0.6040912346418109
57,0.2840000000000004,-0.10037106048613041,-0.35325940386106935
57,0.2880000000000004,-0.12312442203949725,0.0808166547818746
57,0.2920000000000004,-0.12562795104918667,0.5340062024416697
57,0.29600000000000043,-0.10827778555599885,0.7969599585509621
57,0.30000000000000043,-0.03156155548110289,0.7966067379312574
57,0.30400000000000044,0.08287727940950695,0.5425540975425099
57,0.30800000000000044,0.1669398907395981,0.13264239218611398
57,0.31200000000000044,0.16305623619152526,-0.22905788065092683
57,0.31600000000000045,0.13967254246359212,-0.3491181091956186
57,0.32000000000000045,0.10051808419587238,-0.16468017614426766
57,0.32400000000000045,0.04630788834093185,0.2002012638942372
57,0.32800000000000046,-0.024512036475478737,0.525054870833853
57,0.33200000000000046,-0.020466174317016503,0.6535112056900861
57,0.33600000000000046,0.015316234119516188,0.5345340356886813
57,0.34000000000000047,0.01533951307493169,0.21583431199921657
57,0.34400000000000047,0.00881194734115124,-0.13391759681993373
57,0.3480000000000005,0.000552971909209497,-0.30498348469086983
62,-0.18,0.0,0.008195101794560719
62,-0.176,-0.02015454722286022,0.0060870681753896335
62,-0.172,-0.032485481410345816,0.0
62,-0.16799999999999998,-0.01995470556621435,0.009869614509477853
62,-0.16399999999999998,0.0160164930060701,0.02948695572907055
62,-0.15999999999999998,0.030363397320853868,0.04235003801684286
62,-0.15599999999999997,0.02376414002584058,0.05099531739521204
62,-0.15199999999999997,0.020559972799003637,0.0592585429200596
62,-0.14799999999999996,0.02099458278534413,0.04922052209533151
62,-0.14399999999999996,0.014285986572270088,0.01662114601080846
62,-0.13999999999999996,0.0016052669774260103,-0.008210962975558778
62,-0.13599999999999995,0.026895905733140858,-0.012741765366318865
62,-0.13199999999999995,0.029060452509081337,-0.014945722174365666
62,-0.12799999999999995,0.006068421590033221,-0.02069091040872452
62,-0.12399999999999994,-0.01806861362816309,-0.022802427010462038
62,-0.11999999999999994,-0.009526699116942816,-0.0173435604180797
62,-0.11599999999999994,0.02171594490090656,-0.0065626045492137575
62,-0.11199999999999993,0.05101314323516714,0.0013670124537802065
62,-0.10799999999999993,0.06848711142621794,0.00927899789195873
62,-0.10399999999999993,0.08935862055657302,0.024919223690873786
62,-0.09999999999999992,0.0504523954517695,0.038068415427298836
62,-0.09599999999999992,0.009527592734273749,0.040614758475866534
62,-0.09199999999999992,-0.028575245795873234,0.033076182741308205
62,-0.08799999999999991,-0.032136832624351755,0.0034605550790983894
62,-0.08399999999999991,-0.021881125267143847,-0.04650250171513085
62,-0.0799999999999999,-0.010333567521209418,-0.09101738719963388
62,-0.0759999999999999,-0.0080910350581093,-0.11822728610137201
62,-0.0719999999999999,-0.04352748761994541,-0.12354355872863004
62,-0.0679999999999999,-0.04515419605270725,-0.09964200722237307
62,-0.06399999999999989,-0.03105710635234729,-0.06180692012666238
62,-0.05999999999999989,-0.044104322137072036,-0.030773166420098603
62,-0.05599999999999988,-0.0176716352751708,-0.014705947061088215
62,-0.05199999999999988,-0.011604712304460016,-0.026262731425872418
62,-0.047999999999999876,-0.030767491918542215,-0.06462368558654402
62,-0.04399999999999987,-0.020192594521373192,-0.10568800717535984
62,-0.03999999999999987,-0.025051704336272296,-0.13563502817215448
62,-0.035999999999999865,-0.040137061554369365,-0.14798433412693252
62,-0.03199999999999986,-0.04740167630034767,-0.1303620010996224
62,-0.02799999999999986,-0.04012252710026879,-0.09116535004615205
62,-0.023999999999999855,-0.012074195824886192,-0.05593086704425122
62,-0.01999999999999985,0.003277681183907136,-0.03650323720830235
62,-0.015999999999999848,-0.008638283265715556,-0.034568015142682436
62,-0.011999999999999844,-0.015206319413030316,-0.04861702008537388
62,-0.00799999999999984,0.010004073964956577,-0.0711405754259415
62,-0.003999999999999837,0.021687552502281233,-0.091878053574132
62,1.6653345369377348e-16,0.087612787949469,-0.09704268139296873
62,0.00400000000000017,0.22114150599523716,-0.08114715351775002
62,0.008000000000000174,0.426741166181522,-0.05671027959899224
62,0.012000000000000177,0.6924296894333828,-0.040462899056391145
62,0.01600000000000018,0.9040690843396902,-0.038359617382198966
62,0.020000000000000184,1.0,-0.033313332516530667
62,0.024000000000000188,0.9625322477406224,-0.005912683102862399
62,0.02800000000000019,0.8035553437073533,0.029790997560729157
62,0.032000000000000195,0.5012187983888471,0.04509748727380321
62,0.0360000000000002,0.18680053742785555,0.010471338439830509
62,0.0400000000000002,-0.08960543915438467,-0.10948606926153406
62,0.044000000000000206,-0.28065870622460193,-0.3166466386596778
62,0.04800000000000021,-0.322012167454892,-0.5592630835857346
62,0.05200000000000021,-0.292418342144435,-0.7430973718062278
62,0.056000000000000216,-0.2937153122548037,-0.7488417111193385
62,0.06000000000000022,-0.29630169725511646,-0.5085646656536585
62,0.06400000000000022,-0.30040078057875785,-0.0683493462096551
62,0.06800000000000023,-0.3300050623946224,0.4394139101187234
62,0.07200000000000023,-0.28387988905880096,0.8471845808592523
62,0.07600000000000023,-0.20383892807587284,1.0
62,0.08000000000000024,-0.14908081818780378,0.823157164348819
62,0.08400000000000024,-0.1045848032991874,0.38915195056189505
62,0.08800000000000024,-0.046281472780824395,-0.10301384326194758
62,0.09200000000000025,-0.0017860585030563985,-0.4550262320935275
62,0.09600000000000025,-0.023577823372386855,-0.5548457857054255
62,0.10000000000000026,-0.02644665802938913,-0.38537145618144597
62,0.10400000000000026,-0.014979128928278941,-0.04740602571822745
62,0.10800000000000026,-0.007596097967140776,0.2780202929995536
62,0.11200000000000027,-0.030849412245022353,0.4615190982514252
62,0.11600000000000027,-0.058475654226235775,0.48092333083879263
62,0.12000000000000027,-0.10708096001935005,0.37270578897031925
62,0.12400000000000028,-0.131294413402526,0.21165492652367102
62,0.12800000000000028,-0.11474356564269161,0.08535557053627874
62,0.13200000000000028,-0.1279103056559095,0.01804076294347744
62,0.1360000000000003,-0.16254790778473235,-0.022893364630586006
62,0.1400000000000003,-0.17974505017863363,-0.054897025366345234
62,0.1440000000000003,-0.1888543396923987,-0.06731285131044432
62,0.1480000000000003,-0.18531463745933105,-0.017978566182588446
62,0.1520000000000003,-0.16177047368457229,0.14903881926521503
62,0.1560000000000003,-0.12443213516202314,0.4394111250285845
62,0.1600000000000003,-0.09887275935505764,0.7955489617163887
62,0.1640000000000003,-0.07661676073839868,1.1006324364207354
62,0.16800000000000032,-0.0810265474063271,1.207174574430192
62,0.17200000000000032,-0.09562490647842205,1.0407176144067594
62,0.17600000000000032,-0.12176948726529309,0.6327639860289609
62,0.18000000000000033,-0.159652310509557,0.09692992774025867
62,0.18400000000000033,-0.1695694384893951,-0.3781454500685696
62,0.18800000000000033,-0.11807253607982664,-0.6303255262213594
62,0.19200000000000034,-0.042617281899367705,-0.6157670671036592
62,0.19600000000000034,0.06857981001757107,-0.3851807071658758
62,0.20000000000000034,0.18479741482303783,-0.0667925952261365
62,0.20400000000000035,0.2759948236742399,0.1825516290074822
62,0.20800000000000035,0.33474207698151426,0.2754715396136887
62,0.21200000000000035,0.32799425671669125,0.21515474490892855
62,0.21600000000000036,0.27007715439049396,0.06689876388627337
62,0.22000000000000036,0.16184059147658408,-0.08888099756666074
62,0.22400000000000037,0.014908076207941103,-0.22324395184158902
62,0.22800000000000037,-0.1316099006815613,-0.3485455810243586
62,0.23200000000000037,-0.2282676104813539,-0.46145415528699896
62,0.23600000000000038,-0.2709743972446841,-0.5459099523177039
62,0.24000000000000038,-0.296515176621703,-0.5803484005067977
62,0.24400000000000038,-0.30013891335394016,-0.5186035867374993
62,0.2480000000000004,-0.259504479987402,-0.3321987798942544
62,0.2520000000000004,-0.22007383901190852,-0.07368388866557089
62,0.2560000000000004,-0.11691051197342225,0.14231037925150453
62,0.2600000000000004,-0.00023926517190397655,0.19500069103321233
62,0.2640000000000004,0.020431319046429686,0.007215764692079376
62,0.2680000000000004,0.008464011405693693,-0.3943833116340765
62,0.2720000000000004,0.03140291674710212,-0.8661587091132196
62,0.2760000000000004,-0.022340072271737607,-1.213763185767971
62,0.2800000000000004,-0.047571111603411514,-1.2837226620249382
62,0.2840000000000004,-0.05116527303704443,-1.0342339353326528
62,0.2880000000000004,-0.05792952713796386,-0.556438168179737
62,0.2920000000000004,-0.03657268837384984,-0.03258385106249155
62,0.29600000000000043,-0.01236386511940048,0.35864624664269135
62,0.30000000000000043,0.0030235860583351895,0.5281331301854388
62,0.30400000000000044,0.030239893060521644,0.4852954296623714
62,0.30800000000000044,0.05366037067189026,0.31177375333444174
62,0.31200000000000044,0.03422122826283566,0.12475583637577585
62,0.31600000000000045,-0.01780742776865125,-0.00023189508535599162
62,0.32000000000000045,-0.09671597591316403,-0.05883063030615378
62,0.32400000000000045,-0.1859175520856174,-0.0732845783482014
62,0.32800000000000046,-0.20279287557306389,-0.06846662854579223
62,0.33200000000000046,-0.16881145946731016,-0.04663113991998824
62,0.33600000000000046,-0.1704518928073452,0.02675484300627769
62,0.34000000000000047,-0.1242512021328205,0.17115212836969373
62,0.34400000000000047,-0.052321631204162625,0.3683887128034622
62,0.3480000000000005,-0.03238612772855393,0.5730178013078296
65,-0.18,0.002851197783907754,-0.04854504842900649
65,-0.176,0.016978340087336327,-0.045764293979829944
65,-0.172,0.0,-0.0448024672767933
65,-0.16799999999999998,-0.0017738224064991286,-0.03773216643117997
65,-0.16399999999999998,0.013871338194140437,-0.03607483288201593
65,-0.15999999999999998,0.005618360083626875,-0.05821483825042773
65,-0.15599999999999997,-0.013814104068683405,-0.0996020510830513
65,-0.15199999999999997,-0.020046460687812073,-0.14673825619174422
65,-0.14799999999999996,-0.020398142393182772,-0.19243029327572642
65,-0.14399999999999996,-0.0024493182502884274,-0.23310469834454903
65,-0.13999999999999996,0.015574862559608837,-0.2623480224655892
65,-0.13599999999999995,-0.0020103880061725517,-0.26587221856260945
65,-0.13199999999999995,-0.004926343808010138,-0.2332045596058432
65,-0.12799999999999995,0.021607524022923343,-0.16950641365994581
65,-0.12399999999999994,0.018927703524067162,-0.08858586129478697
65,-0.11999999999999994,0.014975274119209472,-0.007974416415895235
65,-0.11599999999999994,0.0424114444396385,0.05280149512051508
65,-0.11199999999999993,0.037612444600328754,0.08352669861704398
65,-0.10799999999999993,-0.001429566425833053,0.08868103821203922
65,-0.10399999999999993,-0.009665030534309739,0.08086013661084744
65,-0.09999999999999992,0.0029264951351996352,0.07570303895234601
65,-0.09599999999999992,0.008942908457708095,0.08217812780673601
65,-0.09199999999999992,0.007423010468105038,0.09252551966044689
65,-0.08799999999999991,0.024039278392255788,0.09336516544212119
65,-0.08399999999999991,0.028277049902748656,0.07661273181084592
65,-0.0799999999999999,0.0003009218365554343,0.04172750990594804
65,-0.0759999999999999,-0.03771480223336787,0.007589297810268177
65,-0.0719999999999999,-0.05510656138599408,0.0
65,-0.0679999999999999,-0.03684510194307277,0.024398081456533223
65,-0.06399999999999989,-0.026416534326347836,0.07391767664899616
65,-0.05999999999999989,-0.02919074385103549,0.1347990077624307
65,-0.05599999999999988,-0.03661112042179388,0.17888181644632598
65,-0.05199999999999988,-0.03509076531892674,0.184726421386795
65,-0.047999999999999876,-0.020333278343597893,0.15621950925296263
65,-0.04399999999999987,-0.013915656495130909,0.11424189664016254
65,-0.03999999999999987,-0.006645420756836118,0.08217357655423918
65,-0.035999999999999865,0.010431375801417226,0.07062153435528401
65,-0.03199999999999986,0.013454643979099623,0.07305096668677896
65,-0.02799999999999986,0.0034897841524087416,0.0755496153307693
65,-0.023999999999999855,-0.0020968937153255053,0.06282440773145567
65,-0.01999999999999985,-0.010893911196551162,0.02580985864064557
65,-0.015999999999999848,-0.027333418198554053,-0.02711250857057547
65,-0.011999999999999844,-0.028852819625463974,-0.07874706134492998
65,-0.00799999999999984,-0.025896460487292296,-0.1154571300896283
65,-0.003999999999999837,-0.04111853644772765,-0.1256572122503409
65,1.6653345369377348e-16,-0.012494298504850156,-0.11214045391549131
65,0.00400000000000017,0.14233739766659523,-0.09236464931852738
65,0.008000000000000174,0.4610805800746897,-0.07746397492376833
65,0.012000000000000177,0.7672138871062623,-0.0795963493637894
65,0.01600000000000018,0.9753898287548689,-0.10602457471882658
65,0.020000000000000184,1.0,-0.14465947621555575
65,0.024000000000000188,0.8270878155861878,-0.18900022069309405
65,0.02800000000000019,0.5513561103968772,-0.22068509391852514
65,0.032000000000000195,0.28214108068282645,-0.21357873470045927
65,0.0360000000000002,0.05750539068434089,-0.22770292809295953
65,0.0400000000000002,-0.0013990108265547817,-0.3601663928678159
65,0.044000000000000206,0.03394487199692792,-0.5906866248797537
65,0.04800000000000021,0.08235190753357638,-0.8180036582628853
65,0.05200000000000021,0.12497066527042743,-0.9441497917588751
65,0.056000000000000216,0.13874291069654499,-0.8437707674663419
65,0.06000000000000022,0.11162136069280049,-0.4470727408536648
65,0.06400000000000022,0.04302105693209938,0.12564243645077333
65,0.06800000000000023,-0.048151451645415476,0.6513269241010783
65,0.07200000000000023,-0.13767813589319722,0.9262730898695136
65,0.07600000000000023,-0.22070375704811995,0.8049138753587253
65,0.08000000000000024,-0.24985469561330162,0.3324100433866124
65,0.08400000000000024,-0.294539974004487,-0.2508217806292049
65,0.08800000000000024,-0.3011041553948409,-0.7101601255497961
65,0.09200000000000025,-0.260974553594833,-0.8573713246588741
65,0.09600000000000025,-0.22417370556352123,-0.5897937030631427
65,0.10000000000000026,-0.17387650944111982,-0.04808346102510934
65,0.10400000000000026,-0.10410458403136734,0.5098345892386342
65,0.10800000000000026,-0.06226727725665439,0.9027171061473553
65,0.11200000000000027,-0.010335950348913223,1.0
65,0.11600000000000027,0.07684876427430345,0.8043893595670087
65,0.12000000000000027,0.10075428506394066,0.4824178037411382
65,0.12400000000000028,0.061490399370704815,0.1628781623740747
65,0.12800000000000028,0.033315506845730015,-0.07341356670868346
65,0.13200000000000028,0.045492753993940996,-0.14696232816478969
65,0.1360000000000003,0.008319956516639393,-0.11397749038670013
65,0.1400000000000003,-0.03275389351827327,-0.07803403125371758
65,0.1440000000000003,-0.04337974031726188,-0.004867380291166865
65,0.1480000000000003,-0.05116701142787836,0.15946163343260628
65,0.1520000000000003,-0.04995237852934445,0.4049704371656623
65,0.1560000000000003,-0.05694213999423024,0.7326263541285146
65,0.1600000000000003,-0.052680172129237104,1.0722487573018291
65,0.1640000000000003,-0.0746213583326115,1.2574020374469304
65,0.16800000000000032,-0.09236141620345706,1.190391363073028
65,0.17200000000000032,-0.0899044883959189,0.8499648042425745
65,0.17600000000000032,-0.07626894563476623,0.27827173688967044
65,0.18000000000000033,-0.09927406524649429,-0.3027606382221348
65,0.18400000000000033,-0.09345883039422892,-0.6294996897954819
65,0.18800000000000033,-0.081550800276518,-0.629834319233528
65,0.19200000000000034,-0.07269123772670004,-0.37371737897861645
65,0.19600000000000034,-0.06165981184091698,0.0047956763323201805
65,0.20000000000000034,-0.040014682593993614,0.3182660914019525
65,0.20400000000000035,-0.03351904851357403,0.4101938428698923
65,0.20800000000000035,-0.03361338876342821,0.24138866387490834
65,0.21200000000000035,-0.00040267272867841196,-0.08015285851043953
65,0.21600000000000036,0.010802739336230539,-0.39159802138219907
65,0.22000000000000036,-0.00806900179321188,-0.5926724929035602
65,0.22400000000000037,-0.003887740370330775,-0.6478711619387335
65,0.22800000000000037,-0.022832258882176694,-0.6054541579772812
65,0.23200000000000037,-0.053445856553879435,-0.5528694109483229
65,0.23600000000000038,-0.09712739053384471,-0.4816927858139527
65,0.24000000000000038,-0.1339932162505609,-0.3533254725763165
65,0.24400000000000038,-0.17980480881369246,-0.2079668815470751
65,0.2480000000000004,-0.20348335364429904,-0.08473789411800095
65,0.2520000000000004,-0.19304357057018032,0.005394989562432186
65,0.2560000000000004,-0.15783957790470193,-0.003670970554158186
65,0.2600000000000004,-0.08964201503330517,-0.20187765891659715
65,0.2640000000000004,-0.025845070147715452,-0.5729586271121404
65,0.2680000000000004,-0.00284556556591425,-0.9751728713819345
65,0.2720000000000004,-0.011349707001164598,-1.2218592308336156
65,0.2760000000000004,0.04397369588290519,-1.1525271115288995
65,0.2800000000000004,0.05037182934628433,-0.7462247372415027
65,0.2840000000000004,0.016355448514516206,-0.16303810466381108
65,0.2880000000000004,-0.0010025445101012158,0.38034534105894763
65,0.2920000000000004,-0.007582961498035362,0.6860245271283403
65,0.29600000000000043,0.017788961526441,0.6261346779248476
65,0.30000000000000043,0.067686279113648,0.26723821319155827
65,0.30400000000000044,0.09631410385476397,-0.16398170599135234
65,0.30800000000000044,0.1300636986947537,-0.4565578236270011
65,0.31200000000000044,0.13718752548295401,-0.4858917079848068
65,0.31600000000000045,0.10415465753757917,-0.2440120830107241
65,0.32000000000000045,0.05083853956800731,0.1267303386635885
65,0.32400000000000045,-0.004977215917298082,0.451830256945861
65,0.32800000000000046,-0.04421481285168306,0.6527340504973461
65,0.33200000000000046,-0.07473672888070836,0.7032526868822968
65,0.33600000000000046,-0.09622119037940463,0.6206361631436045
65,0.34000000000000047,-0.07964396601349881,0.49677102394267586
65,0.34400000000000047,-0.02864923141260015,0.3894271781536779
65,0.3480000000000005,0.014008808919933191,0.2815257536089645
66,-0.18,0.0490574506226657,0.2213112846354288
66,-0.176,0.05393540334061138,0.044491341728675284
66,-0.172,0.09444420459737435,-0.11627491616700811
66,-0.16799999999999998,-0.0036679226572623293,-0.18962921622029247
66,-0.16399999999999998,-0.07137038080644692,-0.15265043098718062
66,-0.15999999999999998,-0.021604516790730922,-0.0295706434355793
66,-0.15599999999999997,-0.034268420378229345,0.12197597850464352
66,-0.15199999999999997,-0.07348132030471395,0.24249943692237802
66,-0.14799999999999996,-0.012262502376749862,0.30863572907979336
66,-0.14399999999999996,-0.02416176090052191,0.3305939800521693
66,-0.13999999999999996,0.0,0.31744391368328423
66,-0.13599999999999995,0.024237763708945252,0.2671012467768633
66,-0.13199999999999995,0.07551499606585192,0.18425330592329994
66,-0.12799999999999995,0.09007277664962988,0.08748002811600242
66,-0.12399999999999994,0.03390035062166388,0.0
66,-0.11999999999999994,-0.0020622348050649514,-0.051222405658780217
66,-0.11599999999999994,0.014123234027124546,-0.04288883423415871
66,-0.11199999999999993,0.052614593919385125,0.0337960580925929
66,-0.10799999999999993,-0.00582323831938775,0.17424740543864514
66,-0.10399999999999993,-0.027091243363707038,0.33093823348989104
66,-0.09999999999999992,0.02829428892826013,0.4087160576705367
66,-0.09599999999999992,0.015068343551724192,0.34669402192288407
66,-0.09199999999999992,0.016076961248279238,0.16636329895266175
66,-0.08799999999999991,0.016769041005651002,-0.06361374304580607
66,-0.08399999999999991,0.024195572214698712,-0.2659038393461056
66,-0.0799999999999999,-0.04818784903943192,-0.3796134873644153
66,-0.0759999999999999,-0.03209073919499485,-0.3841677667883693
66,-0.0719999999999999,0.00889478493140636,-0.3089704069556529
66,-0.0679999999999999,0.031908838502100294,-0.21179313140098432
66,-0.06399999999999989,-0.003443155820228451,-0.14160320993990166
66,-0.05999999999999989,-0.07034142520505388,-0.12170871691118001
66,-0.05599999999999988,-0.06324548600757225,-0.15532914629726527
66,-0.05199999999999988,-0.02410275944380934,-0.23544048052579794
66,-0.047999999999999876,0.013264194529372157,-0.3483413996670942
66,-0.04399999999999987,0.022319917096885078,-0.4801550472613402
66,-0.03999999999999987,-0.04607491871488839,-0.6087819415218056
66,-0.035999999999999865,-0.026920256595303553,-0.6846514350985049
66,-0.03199999999999986,-0.021526866166516057,-0.6688828356251527
66,-0.02799999999999986,-0.05329941457971855,-0.5721453778199883
66,-0.023999999999999855,-0.02737704421655845,-0.42083785912449245
66,-0.01999999999999985,-0.015244917073944797,-0.2429070324789627
66,-0.015999999999999848,-0.024781761744342778,-0.09000753438971383
66,-0.011999999999999844,0.001583697905294641,-0.021219623622824153
66,-0.00799999999999984,0.019388912305687615,-0.051379796508879035
66,-0.003999999999999837,0.02804615317734726,-0.13176543736549662
66,1.6653345369377348e-16,0.031013460723527432,-0.2056371426061567
66,0.00400000000000017,0.19671356386143699,-0.2502074221385453
66,0.008000000000000174,0.41136272992841544,-0.2531224724061545
66,0.012000000000000177,0.6854554853707385,-0.20024226667089032
66,0.01600000000000018,0.9928292716155657,-0.09736101223522912
66,0.020000000000000184,1.0,0.012866853068945295
66,0.024000000000000188,0.860151176974396,0.09055949459303925
66,0.02800000000000019,0.5930269142227952,0.1373690977065133
66,0.032000000000000195,0.2724834306975873,0.14173496072329064
66,0.0360000000000002,0.045705679573253014,0.0656723317853117
66,0.0400000000000002,-0.04812570359208765,-0.0914722343316146
66,0.044000000000000206,-0.05646793229796103,-0.2930059136682517
66,0.04800000000000021,-0.013497604572960816,-0.46495865047727203
66,0.05200000000000021,-0.029653567622020517,-0.49479027866392133
66,0.056000000000000216,-0.06995991429175646,-0.32086292333949756
66,0.06000000000000022,-0.07285345678520387,0.028472549599123324
66,0.06400000000000022,-0.11479542596398286,0.4729003002913484
66,0.06800000000000023,-0.14277843979315763,0.8593728597190283
66,0.07200000000000023,-0.16799843998997,1.0
66,0.07600000000000023,-0.21349087413467935,0.8244801625666297
66,0.08000000000000024,-0.24129255071599487,0.40840545163429753
66,0.08400000000000024,-0.24811880935952083,-0.10952238981267363
66,0.08800000000000024,-0.24856018663338358,-0.541221090372476
66,0.09200000000000025,-0.21622238979416553,-0.7210477994670309
66,0.09600000000000025,-0.21071036525608008,-0.6176941472145839
66,0.10000000000000026,-0.20871889178143985,-0.29536350590804983
66,0.10400000000000026,-0.1488778763331373,0.11196060853825075
66,0.10800000000000026,-0.087355090505971,0.4062485530977522
66,0.11200000000000027,-0.03466827840760403,0.47388352857144234
66,0.11600000000000027,-0.02807254560273628,0.32611611138442553
66,0.12000000000000027,-0.05903842519566341,0.027980647699913947
66,0.12400000000000028,-0.05927940254416212,-0.2779799499231665
66,0.12800000000000028,-0.00227930166694087,-0.4650014756904742
66,0.13200000000000028,0.007228458545754349,-0.5295467387585125
66,0.1360000000000003,-0.046584322823891584,-0.5031650328656481
66,0.1400000000000003,-0.06167681269547472,-0.43902351176202115
66,0.1440000000000003,-0.11073074237947683,-0.3989200791477137
66,0.1480000000000003,-0.11944954170980034,-0.3484971967724115
66,0.1520000000000003,-0.1518263991068872,-0.2344705428736534
66,0.1560000000000003,-0.13628171899618713,-0.06600696120648568
66,0.1600000000000003,-0.06516058125472768,0.12368244234351011
66,0.1640000000000003,-0.0497298986516113,0.25428750469598527
66,0.16800000000000032,-0.07789354861970316,0.23862653487810243
66,0.17200000000000032,-0.10581129355788943,0.05962557814322453
66,0.17600000000000032,-0.14033716607493732,-0.2276375392598954
66,0.18000000000000033,-0.19758882450845436,-0.48867528005423927
66,0.18400000000000033,-0.15134369247242632,-0.591993940695507
66,0.18800000000000033,-0.08374887313410638,-0.5029105176463802
66,0.19200000000000034,-0.05446207085243644,-0.25391194316438714
66,0.19600000000000034,0.023647070901530193,0.04673839707624421
66,0.20000000000000034,0.015463458153918638,0.24162362499053763
66,0.20400000000000035,-0.00040823671468050133,0.2551085168331949
66,0.20800000000000035,0.009586207328528567,0.11059807412329058
66,0.21200000000000035,0.06563710190516552,-0.1146495122883067
66,0.21600000000000036,0.05380320179168029,-0.2990955623934597
66,0.22000000000000036,0.04449366887454547,-0.3655895707832588
66,0.22400000000000037,0.012326688713974675,-0.3375373044218266
66,0.22800000000000037,-0.058165450183990296,-0.26317693601715325
66,0.23200000000000037,-0.08275020065027276,-0.1865354337818417
66,0.23600000000000038,-0.13955969295787132,-0.14102303351736623
66,0.24000000000000038,-0.15301456501679242,-0.09977663311688134
66,0.24400000000000038,-0.14484244638899862,-0.02864312346779558
66,0.2480000000000004,-0.10319526900604897,0.06934390651576074
66,0.2520000000000004,-0.027451868110068146,0.1893294872009485
66,0.2560000000000004,-0.006877828127103068,0.27358915713261633
66,0.2600000000000004,0.025390552648422028,0.23382792571270483
66,0.2640000000000004,0.060556351750661756,0.07090372444934424
66,0.2680000000000004,0.0734789490662007,-0.1527733230023902
66,0.2720000000000004,0.03455627198102734,-0.35014787278336257
66,0.2760000000000004,-0.010154429226620139,-0.41183318717640344
66,0.2800000000000004,-0.009363460847077173,-0.3036646397899383
66,0.2840000000000004,-0.05281575915916894,-0.09041296280269003
66,0.2880000000000004,-0.04082999128926881,0.12254426781469568
66,0.2920000000000004,-0.04705292319643424,0.22191387788032574
66,0.29600000000000043,-0.03067742164571785,0.1602202456198603
66,0.30000000000000043,-0.018036287744967693,-0.011817473065042636
66,0.30400000000000044,-0.054707626589736665,-0.19729810288081612
66,0.30800000000000044,-0.022699463209650054,-0.2966871176102134
66,0.31200000000000044,0.07110043052501468,-0.2690522583331643
66,0.31600000000000045,0.08610566602634988,-0.15903510195403017
66,0.32000000000000045,0.06811158598924455,-0.04043125121644869
66,0.32400000000000045,0.01498109191754651,0.023118289346255826
66,0.32800000000000046,-0.07721894341063935,0.011800946350897077
66,0.33200000000000046,-0.05763056720537344,-0.03568568201682757
66,0.33600000000000046,-0.004682474241178277,-0.08004665757233072
66,0.34000000000000047,-0.06448189451188831,-0.09414458138639384
66,0.34400000000000047,-0.034400997016753726,-0.0670990812202088
66,0.3480000000000005,-0.004856649908986426,-0.05606890089516383
69,-0.18,0.07937861906187099,0.12344377879272177
69,-0.176,0.14537331194784006,0.18624672625973332
69,-0.172,0.1608852904946401,0.22075660261372268
69,-0.16799999999999998,0.0953173718150745,0.21961326189858274
69,-0.16399999999999998,0.03535398102298279,0.18505970447234923
69,-0.15999999999999998,0.007408287890852756,0.12324221590266096
69,-0.15599999999999997,-0.012103516585891864,0.06167286163924665
69,-0.15199999999999997,-0.004190038694454817,0.027943705508769262
69,-0.14799999999999996,0.05065882310375363,0.011152736129052042
69,-0.14399999999999996,0.0021183083740240576,-0.002955523335206626
69,-0.13999999999999996,-0.02073802751352232,-0.0074588025638298834
69,-0.13599999999999995,0.01845639856146595,-0.0060897825004782545
69,-0.13199999999999995,0.08531122065206602,-0.007593522215163563
69,-0.12799999999999995,0.06525743769626463,-0.012601756855525907
69,-0.12399999999999994,0.0,-0.022907281078661423
69,-0.11999999999999994,-0.019584379762248794,-0.03171422268504671
69,-0.11599999999999994,-0.012798668726908134,-0.030002198127497406
69,-0.11199999999999993,-0.03420937370807662,-0.014470157540633296
69,-0.10799999999999993,-0.02863342107018622,0.023072275471758618
69,-0.10399999999999993,0.016582322803776157,0.07163162956237211
69,-0.09999999999999992,-0.002427726424689806,0.09962674678887988
69,-0.09599999999999992,-0.044864620051779894,0.1010587561912119
69,-0.09199999999999992,-0.004090886862079824,0.08549824727740862
69,-0.08799999999999991,0.02676378732480582,0.05172898443123221
69,-0.08399999999999991,-0.011816944803423886,0.015212619282924384
69,-0.0799999999999999,-0.03347331093722082,0.0
69,-0.0759999999999999,-0.02320747298721318,-0.0023433424710521443
69,-0.0719999999999999,-0.02013038488958979,-0.01236780537449555
69,-0.0679999999999999,0.0054925368541883495,-0.03591281199415174
69,-0.06399999999999989,0.017503024177412802,-0.07890846701871533
69,-0.05999999999999989,0.009173280965071997,-0.13591188411455715
69,-0.05599999999999988,-0.03208378362702461,-0.17580037362613904
69,-0.05199999999999988,-0.06263838495295368,-0.17501670875222783
69,-0.047999999999999876,-0.08655573678457537,-0.13739397070386927
69,-0.04399999999999987,-0.04514664198132165,-0.07986545416686928
69,-0.03999999999999987,0.0035653243861118265,-0.02055657824580618
69,-0.035999999999999865,0.019311383367939795,0.027343171455163736
69,-0.03199999999999986,0.018262053594854628,0.05793944933203207
69,-0.02799999999999986,0.02481454228420483,0.07932707045564912
69,-0.023999999999999855,0.036846003333923766,0.11083647902755134
69,-0.01999999999999985,0.02712489238157906,0.16048564207513574
69,-0.015999999999999848,-0.009655082959382402,0.2202570161894423
69,-0.011999999999999844,-0.03819533083664118,0.2712539265842823
69,-0.00799999999999984,-0.01514563824176426,0.2913628980911947
69,-0.003999999999999837,-0.02358408137679213,0.28039971318086854
69,1.6653345369377348e-16,0.0032237532508170115,0.2517168522765616
69,0.00400000000000017,0.182557112316483,0.21378289332812228
69,0.008000000000000174,0.49432251404461874,0.19018250474418835
69,0.012000000000000177,0.7419391391824802,0.20294065102586822
69,0.01600000000000018,0.9510548355588906,0.23998845132930727
69,0.020000000000000184,1.0,0.27884265596552393
69,0.024000000000000188,0.9194164294947343,0.3036080962023596
69,0.02800000000000019,0.6933886443242114,0.3068024796610489
69,0.032000000000000195,0.37507431994495377,0.2955556492977086
69,0.0360000000000002,0.06014900894626276,0.2593051634778908
69,0.0400000000000002,-0.14708426281435133,0.1663216844013352
69,0.044000000000000206,-0.18177190164704457,0.020122333329588137
69,0.04800000000000021,-0.110788385359964,-0.13366960677613393
69,0.05200000000000021,0.047840796795744704,-0.2315300257742326
69,0.056000000000000216,0.14663716683954858,-0.19693656201097576
69,0.06000000000000022,0.1653971102662133,0.0071996671063623814
69,0.06400000000000022,0.18268164943270293,0.33230510677013647
69,0.06800000000000023,0.24404168119495054,0.6743948755785498
69,0.07200000000000023,0.18059941928124026,0.8979468350179973
69,0.07600000000000023,-0.07541656922553573,0.8774494939881048
69,0.08000000000000024,-0.3002234269698447,0.5886535779998545
69,0.08400000000000024,-0.39028078583788217,0.11731703539618105
69,0.08800000000000024,-0.44943821186367144,-0.38441029591787995
69,0.09200000000000025,-0.35419913551715165,-0.7182523362746961
69,0.09600000000000025,-0.14660982438248094,-0.7476832221898133
69,0.10000000000000026,0.041162273051006074,-0.4943292258960572
69,0.10400000000000026,0.2012225518281865,-0.06930278432714128
69,0.10800000000000026,0.2750970133777617,0.38285579384088103
69,0.11200000000000027,0.24271451500336794,0.6976532575618121
69,0.11600000000000027,0.10350210409784984,0.780010236135929
69,0.12000000000000027,-0.005132399022909233,0.6237776580197757
69,0.12400000000000028,-0.19367078055623738,0.2649701953973667
69,0.12800000000000028,-0.2829619835966428,-0.1932914595136746
69,0.13200000000000028,-0.261714846029853,-0.6129520461397493
69,0.1360000000000003,-0.17698085655795376,-0.900986929399655
69,0.1400000000000003,-0.10000693563977167,-1.0
69,0.1440000000000003,-0.041366203498117315,-0.883155727379212
69,0.1480000000000003,0.005197915788640333,-0.5666486227823065
69,0.1520000000000003,-0.0011686291349501583,-0.10075318672933099
69,0.1560000000000003,-0.04903923571754479,0.4047496573462093
69,0.1600000000000003,-0.10834822169226445,0.8072796825113182
69,0.1640000000000003,-0.12733830936032028,0.992672268616822
69,0.16800000000000032,-0.15454588812534004,0.8690696108533946
69,0.17200000000000032,-0.20411187302997422,0.4379346397707041
69,0.17600000000000032,-0.2397870507150623,-0.13099424734992768
69,0.18000000000000033,-0.23593997676998948,-0.6295565804083053
69,0.18400000000000033,-0.19947384908464943,-0.9012389294661183
69,0.18800000000000033,-0.19434554093854028,-0.8127473850594422
69,0.19200000000000034,-0.15866145352279598,-0.3658051295233865
69,0.19600000000000034,-0.11297266864974202,0.241850657573186
69,0.20000000000000034,-0.10530968475888709,0.7797089891829098
69,0.20400000000000035,-0.026810646136752846,1.0891467103875803
69,0.20800000000000035,0.016751075953697993,1.0980443269186917
69,0.21200000000000035,0.0029680326777580435,0.8453461681606429
69,0.21600000000000036,0.08614338250485219,0.43810691262285983
69,0.22000000000000036,0.09029227238952,0.025666750470185986
69,0.22400000000000037,0.009272170944417183,-0.23077883732202473
69,0.22800000000000037,0.017235790972947695,-0.2854962884799615
69,0.23200000000000037,0.0099813905481787,-0.19671734514471337
69,0.23600000000000038,-0.060806885806300864,0.0058795002412628215
69,0.24000000000000038,-0.07535678017500182,0.30015532748315443
69,0.24400000000000038,-0.16018477379157356,0.624879403367963
69,0.2480000000000004,-0.22547806236101983,0.9140002841263508
69,0.2520000000000004,-0.23498000370413827,1.0841920495409296
69,0.2560000000000004,-0.2058425372711202,1.048525259770331
69,0.2600000000000004,-0.19327442371064119,0.781587084736122
69,0.2640000000000004,-0.2260878118892558,0.3214610841992362
69,0.2680000000000004,-0.23940507217267687,-0.22670123790553381
69,0.2720000000000004,-0.18540380172827164,-0.6742488626308321
69,0.2760000000000004,-0.18983850712787204,-0.8341562148092304
69,0.2800000000000004,-0.16279617357659415,-0.6332722152598534
69,0.2840000000000004,-0.07123056319064043,-0.14340970584781568
69,0.2880000000000004,0.01756278577178592,0.44287777215413765
69,0.2920000000000004,0.0605111848031583,0.8915545944827171
69,0.29600000000000043,0.06746291565096904,1.035014110735899
69,0.30000000000000043,0.08341219247523626,0.8304300068421625
69,0.30400000000000044,0.07598640969564613,0.3668477957925494
69,0.30800000000000044,0.032307567447565966,-0.17851023845220715
69,0.31200000000000044,-0.015069731724941101,-0.6303537798136287
69,0.31600000000000045,-0.0355719476476065,-0.8776251663589183
69,0.32000000000000045,-0.06413555775264149,-0.8936644718853061
69,0.32400000000000045,-0.048685891986913477,-0.7234755658804634
69,0.32800000000000046,-0.015505351695680812,-0.4263310705238115
69,0.33200000000000046,0.02352291528509202,-0.06703815172871384
69,0.33600000000000046,0.012955839492817178,0.24854974796008347
69,0.34000000000000047,0.0015513974813054475,0.4283372099673379
69,0.34400000000000047,0.03340621293624473,0.43675584792139815
69,0.3480000000000005,0.053764282354967344,0.2486656166628161
70,-0.18,0.02876896082309804,0.021307485338779096
70,-0.176,0.02813336528921068,0.054272318328737426
70,-0.172,0.024334972989041217,0.07848378118720514
70,-0.16799999999999998,0.027212669186269717,0.08556973493286067
70,-0.16399999999999998,0.010644499265545138,0.07402227564934064
70,-0.15999999999999998,-0.021463655949533193,0.048661239008868915
70,-0.15599999999999997,-0.020284024152577053,0.019555464284736764
70,-0.15199999999999997,0.0,-0.0023671252965194456
70,-0.14799999999999996,0.0017538223376484788,-0.00798253675000442
70,-0.14399999999999996,0.003966876449203846,0.0
70,-0.13999999999999996,0.010992531252482361,0.009136240539454858
70,-0.13599999999999995,0.0016940330111478595,0.01172639213639106
70,-0.13199999999999995,-0.01734176974591453,0.0035136476322516334
70,-0.12799999999999995,-0.021022485420557957,-0.015117241980177979
70,-0.12399999999999994,-0.02005724469841076,-0.03452262454443268
70,-0.11999999999999994,-0.0017185580210682333,-0.04744502392645523
70,-0.11599999999999994,0.03235090733711397,-0.05244165934560588
70,-0.11199999999999993,0.04676769615933832,-0.05030719804775102
70,-0.10799999999999993,0.050603583963437476,-0.04727605455627428
70,-0.10399999999999993,0.05099642051466253,-0.04681467581839041
70,-0.09999999999999992,0.03388843366891731,-0.044265247360817425
70,-0.09599999999999992,0.02382369877383837,-0.03600761410418009
70,-0.09199999999999992,-0.017843579884305422,-0.021136886869901696
70,-0.08799999999999991,-0.07918202415582351,-0.0006642581489357466
70,-0.08399999999999991,-0.07078831939114098,0.01951210885522961
70,-0.0799999999999999,-0.01840790421484024,0.033136205633761226
70,-0.0759999999999999,0.0015982227524987817,0.03903147044883081
70,-0.0719999999999999,-0.028019657647554423,0.03747281301234545
70,-0.0679999999999999,-0.01637156369983435,0.02467549815230594
70,-0.06399999999999989,-0.0048203626271494234,0.0011052398551063274
70,-0.05999999999999989,-0.028818288502654894,-0.02065994527845699
70,-0.05599999999999988,-0.01836297366330559,-0.03199063773520589
70,-0.05199999999999988,-0.008373633044730606,-0.03521446819710802
70,-0.047999999999999876,-0.03409957902626068,-0.031579240306347074
70,-0.04399999999999987,-0.08761624527434285,-0.02665861749576989
70,-0.03999999999999987,-0.10992495579961653,-0.029048574929124472
70,-0.035999999999999865,-0.07408623625860805,-0.035239115893779066
70,-0.03199999999999986,-0.049639331069239116,-0.04093381439612672
70,-0.02799999999999986,-0.05414204337341797,-0.04899197265713462
70,-0.023999999999999855,-0.03173567054328205,-0.05747571303637043
70,-0.01999999999999985,-0.0314352075788703,-0.06364352606851063
70,-0.015999999999999848,-0.07163462563710649,-0.06965674580768494
70,-0.011999999999999844,-0.050872155694571014,-0.07663929975599212
70,-0.00799999999999984,-0.015044078456976358,-0.08112208783752771
70,-0.003999999999999837,-0.050898891473554475,-0.07642296414902976
70,1.6653345369377348e-16,-0.051760148030396594,-0.06395875657550618
70,0.00400000000000017,0.061305393940263554,-0.05408343195999305
70,0.008000000000000174,0.2941362272619482,-0.048997628664364516
70,0.012000000000000177,0.527400490080747,-0.04447119463990153
70,0.01600000000000018,0.6605324752228551,-0.040340997282348946
70,0.020000000000000184,0.6884560286085365,-0.03673437040735103
70,0.024000000000000188,0.5423691676520661,-0.035517401813860074
70,0.02800000000000019,0.2772335061788632,-0.039394464872659775
70,0.032000000000000195,-0.019159438392854233,-0.0484790600052553
70,0.0360000000000002,-0.24405148296618542,-0.0760444166672575
70,0.0400000000000002,-0.35659734468748366,-0.142194309297436
70,0.044000000000000206,-0.37878733263285047,-0.2389602880600329
70,0.04800000000000021,-0.3108575547702332,-0.33176408486958997
70,0.05200000000000021,-0.18516751226459408,-0.37313667502520964
70,0.056000000000000216,-0.07679127858254338,-0.30677669399523616
70,0.06000000000000022,-0.05196615412011955,-0.11514683202218197
70,0.06400000000000022,-0.1022402825163554,0.14708211829556692
70,0.06800000000000023,-0.13521117412911932,0.3871367813167216
70,0.07200000000000023,-0.12064706636128167,0.5066556745884271
70,0.07600000000000023,-0.09797472142287188,0.43880608425920675
70,0.08000000000000024,-0.09883801178706668,0.19784018528298797
70,0.08400000000000024,-0.08974330887412828,-0.12600849860273564
70,0.08800000000000024,-0.07846725091752385,-0.4038160200608497
70,0.09200000000000025,-0.1044535328013148,-0.5145464464267875
70,0.09600000000000025,-0.07196549355435782,-0.41473617505312815
70,0.10000000000000026,-0.019407032209386454,-0.16085698058143785
70,0.10400000000000026,-0.005977420442762684,0.13674097328624255
70,0.10800000000000026,0.039769910230082334,0.3613701240111043
70,0.11200000000000027,0.057457931743376996,0.4380061681313017
70,0.11600000000000027,0.0060251047299946115,0.37713414208611573
70,0.12000000000000027,-0.015871582051718222,0.2429588798779134
70,0.12400000000000028,-0.009598225568123776,0.08949616515155358
70,0.12800000000000028,-0.01815459617571486,-0.034916395772951636
70,0.13200000000000028,-0.03550616246299489,-0.09284826845953208
70,0.1360000000000003,-0.05306617920097984,-0.10137095400562215
70,0.1400000000000003,-0.05876650485112623,-0.09355257848316414
70,0.1440000000000003,-0.045733782308699525,-0.06934854374051284
70,0.1480000000000003,-0.079333782495229,-0.017000957803098824
70,0.1520000000000003,-0.11566427320294405,0.0830919545695844
70,0.1560000000000003,-0.09785634978055086,0.235721887184156
70,0.1600000000000003,-0.0856560611183298,0.3940740230858184
70,0.1640000000000003,-0.09974864093094384,0.49521810644668324
70,0.16800000000000032,-0.1341614004018171,0.47854926244162566
70,0.17200000000000032,-0.13846861289682708,0.30244262209796124
70,0.17600000000000032,-0.1164730513149145,0.012777362858049523
70,0.18000000000000033,-0.09960132345177625,-0.27996083378033315
70,0.18400000000000033,-0.05616714727853194,-0.4728587769484139
70,0.18800000000000033,0.08981152856284375,-0.48966770748538496
70,0.19200000000000034,0.41641291922754065,-0.33197560218510186
70,0.19600000000000034,0.7674573046665478,-0.09520124178366798
70,0.20000000000000034,0.9588961602262751,0.11153222197879263
70,0.20400000000000035,1.0,0.20964266257607408
70,0.20800000000000035,0.8474917999239863,0.1630424908402768
70,0.21200000000000035,0.5718837026450855,0.009347076581198849
70,0.21600000000000036,0.2570825933775127,-0.1677822231584087
70,0.22000000000000036,-0.03553564698613128,-0.3231063206755283
70,0.22400000000000037,-0.20192144106850474,-0.46527936697450883
70,0.22800000000000037,-0.23741543364435574,-0.5913173729342812
70,0.23200000000000037,-0.26171080024647625,-0.6755882116835721
70,0.23600000000000038,-0.31105892436903615,-0.6915281930358486
70,0.24000000000000038,-0.33226006171598443,-0.5792385884585869
70,0.24400000000000038,-0.3318552667000994,-0.2882555190927442
70,0.2480000000000004,-0.2799524461492227,0.12379284509410056
70,0.2520000000000004,-0.19206985546302757,0.5175137318228009
70,0.2560000000000004,-0.1421052708586882,0.736076477264592
70,0.2600000000000004,-0.11077194570260342,0.6466336108987394
70,0.2640000000000004,-0.10329483908060297,0.23843354337097586
70,0.2680000000000004,-0.1199662691539957,-0.3307838138142849
70,0.2720000000000004,-0.13202016207289424,-0.8157543850340716
70,0.2760000000000004,-0.16535753017463203,-1.0
70,0.2800000000000004,-0.20911658843151976,-0.7969788989076233
70,0.2840000000000004,-0.14560451628893056,-0.29793341680881813
70,0.2880000000000004,-0.04875398220079113,0.2790207528266122
70,0.2920000000000004,-0.0053010664283305855,0.7064265911996247
70,0.29600000000000043,0.05097173394646622,0.8454822194178303
70,0.30000000000000043,0.09401345731927857,0.6892850617901584
70,0.30400000000000044,0.09071932274446064,0.3627092568350792
70,0.30800000000000044,0.04275766912413589,0.04459269742677244
70,0.31200000000000044,-0.019762748805987537,-0.14579862490630022
70,0.31600000000000045,-0.06695740313030143,-0.18079069768736664
70,0.32000000000000045,-0.08990985202277865,-0.10547377535404058
70,0.32400000000000045,-0.08796274846079245,-0.00905094169648097
70,0.32800000000000046,-0.07079874360818468,0.05678254793062831
70,0.33200000000000046,-0.0772755028619538,0.12804595315644066
70,0.33600000000000046,-0.09048977641440305,0.26334298012660456
70,0.34000000000000047,-0.10331621679686447,0.46678407490900914
70,0.34400000000000047,-0.11233345561253354,0.6879583987148973
70,0.3480000000000005,-0.06710877193687854,0.8435623192001176
71,-0.18,0.14958962238222337,-0.011555264682755863
71,-0.176,0.41584275883716587,-0.0057624992655492206
71,-0.172,0.5909415780785887,0.0
71,-0.16799999999999998,0.7090950192317679,0.004662507439082677
71,-0.16399999999999998,0.6801517944416462,0.00924617647119121
71,-0.15999999999999998,0.493250707309198,0.008702501469321056
71,-0.15599999999999997,0.21737745349626017,0.002022416565970647
71,-0.15199999999999997,-0.061134333152940375,-0.011443930766854637
71,-0.14799999999999996,-0.2371746144104258,-0.058349752544295884
71,-0.14399999999999996,-0.3180140514906987,-0.1579579033157145
71,-0.13999999999999996,-0.31249525383762006,-0.2838792196860973
71,-0.13599999999999995,-0.22078433016190144,-0.38979260319518855
71,-0.13199999999999995,-0.09404313763807984,-0.4098868155233657
71,-0.12799999999999995,-0.00839997727331456,-0.2745275745003901
71,-0.12399999999999994,-0.01691741973579418,0.0069290314447204
71,-0.11999999999999994,-0.07617865378936896,0.3423811363330299
71,-0.11599999999999994,-0.08446805603543063,0.6123033840910082
71,-0.11199999999999993,-0.06662213673307785,0.6945018862733792
71,-0.10799999999999993,-0.044197790810021474,0.5314471151265407
71,-0.10399999999999993,-0.060586769989911055,0.17844392617527258
71,-0.09999999999999992,-0.028326297488937942,-0.23226648571597494
71,-0.09599999999999992,-0.042383815420215375,-0.5311980539537087
71,-0.09199999999999992,-0.06295355806029962,-0.5845194141330827
71,-0.08799999999999991,0.0,-0.38283139982328485
71,-0.08399999999999991,0.02740871230347925,-0.028055949124724776
71,-0.0799999999999999,0.04119718129374019,0.3340167505607897
71,-0.0759999999999999,0.10418015342267165,0.5627064070185848
71,-0.0719999999999999,0.08214415785080799,0.5937686172174953
71,-0.0679999999999999,0.032964570405485984,0.47756658452506523
71,-0.06399999999999989,0.030486167211385203,0.29613820211486414
71,-0.05999999999999989,0.03358754058941841,0.10588365759745348
71,-0.05599999999999988,0.01933470499895866,-0.025751513700763853
71,-0.05199999999999988,0.003969367221475494,-0.06928689437007347
71,-0.047999999999999876,-0.014340413603584692,-0.07135090240853834
71,-0.04399999999999987,-0.010684558403230779,-0.057817172898544086
71,-0.03999999999999987,0.0033888498009150467,-0.018623409249040577
71,-0.035999999999999865,-0.05977049599557667,0.05925280358400874
71,-0.03199999999999986,-0.06173925856563156,0.20834640419964257
71,-0.02799999999999986,-0.04726123639908435,0.4134702120409978
71,-0.023999999999999855,-0.036251688777753296,0.5979218396960039
71,-0.01999999999999985,-0.06547516767094735,0.6909183049262785
71,-0.015999999999999848,-0.09362446988357323,0.6107030230168486
71,-0.011999999999999844,-0.08419521606495066,0.3281078443429212
71,-0.00799999999999984,-0.06174267075687091,-0.05369712575659567
71,-0.003999999999999837,-0.05037495577910513,-0.3960602504912549
71,1.6653345369377348e-16,0.01314628226400798,-0.5786237136357524
71,0.00400000000000017,0.19265439508723212,-0.5198494592123042
71,0.008000000000000174,0.5740414685842592,-0.27033996608665756
71,0.012000000000000177,0.8486102396423382,0.028969132646018955
71,0.01600000000000018,1.0,0.25605850639826305
71,0.020000000000000184,0.980483633633116,0.3229034064387676
71,0.024000000000000188,0.7786973000656577,0.20847297007973245
71,0.02800000000000019,0.49999107984838964,-0.006969984771433242
71,0.032000000000000195,0.1908942659902795,-0.21918247344638497
71,0.0360000000000002,-0.066424382214223,-0.40345885639422585
71,0.0400000000000002,-0.17174539164969138,-0.5793504428027829
71,0.044000000000000206,-0.18363456285678748,-0.7238871192963205
71,0.04800000000000021,-0.22442455853245055,-0.8081881555563627
71,0.05200000000000021,-0.2678232749869799,-0.7951432829031518
71,0.056000000000000216,-0.2747197076857342,-0.5876773256096198
71,0.06000000000000022,-0.2756908279924589,-0.15588189425730853
71,0.06400000000000022,-0.192241595192436,0.3771043516373073
71,0.06800000000000023,-0.1231975436962127,0.828681972469174
71,0.07200000000000023,-0.08241085778041839,1.0
71,0.07600000000000023,-0.05629297584689353,0.7497158685686078
71,0.08000000000000024,-0.05979085871550912,0.1373761651903114
71,0.08400000000000024,-0.07902394279353368,-0.5848232584549711
71,0.08800000000000024,-0.08401276702356703,-1.1030663907700338
71,0.09200000000000025,-0.1365328919462478,-1.1815232219199026
71,0.09600000000000025,-0.1619888365358352,-0.7813332394421089
71,0.10000000000000026,-0.05225417620896375,-0.08422992941887456
71,0.10400000000000026,0.006827311113229729,0.6112723733449237
71,0.10800000000000026,0.05231597362966807,1.0451771373599774
71,0.11200000000000027,0.10984292529516979,1.0917330966181553
71,0.11600000000000027,0.13863730715235972,0.7976690123922876
71,0.12000000000000027,0.12023250526353396,0.3640077067363263
71,0.12400000000000028,0.06331906936967437,0.006120190873799048
71,0.12800000000000028,0.006636542237335143,-0.16845448762912382
71,0.13200000000000028,-0.03241031900266588,-0.15455767357185668
71,0.1360000000000003,-0.04597930406926715,-0.034959768931802804
71,0.1400000000000003,-0.03785037995758644,0.07322940082376034
71,0.1440000000000003,-0.018862613979020035,0.14318305273247425
71,0.1480000000000003,-0.04272950712454328,0.24944634644204391
71,0.1520000000000003,-0.039934439155091976,0.4501561044834778
71,0.1560000000000003,-0.06914387759179577,0.7224323134148998
71,0.1600000000000003,-0.05653885587812923,0.9903455694556724
71,0.1640000000000003,-0.002898314113309795,1.138284793681717
71,0.16800000000000032,0.060819785615131974,1.0207363830614642
71,0.17200000000000032,0.06063360325608507,0.6014928037938633
71,0.17600000000000032,-0.028971672697255972,0.061424268999534175
71,0.18000000000000033,-0.053013049850460466,-0.36545768149646923
71,0.18400000000000033,0.02919533566368053,-0.5376907914631497
71,0.18800000000000033,0.031103923084213378,-0.37771574478741504
71,0.19200000000000034,0.005901905565756597,0.030360975305779917
71,0.19600000000000034,0.030591563875510753,0.4240873113102476
71,0.20000000000000034,0.03466759050572372,0.6048109779535484
71,0.20400000000000035,0.020021493864618423,0.4999160793322241
71,0.20800000000000035,0.024893660051272352,0.12829728356503922
71,0.21200000000000035,0.10824539239966238,-0.3228456406633105
71,0.21600000000000036,0.1844057388956917,-0.6311205848309877
71,0.22000000000000036,0.18443809671415154,-0.7149084312208992
71,0.22400000000000037,0.20807339811953762,-0.602455504083911
71,0.22800000000000037,0.19263961357822468,-0.41087652990995416
71,0.23200000000000037,0.06008723225204772,-0.2705069577600114
71,0.23600000000000038,-0.06419107531288439,-0.20606804388071712
71,0.24000000000000038,-0.12355891437591592,-0.18143797857195293
71,0.24400000000000038,-0.12355873132392124,-0.15457727119460207
71,0.2480000000000004,-0.128936586086472,-0.08934113857870336
71,0.2520000000000004,-0.11455216360701394,-0.009968863461756731
71,0.2560000000000004,-0.04244071350739134,0.005689507501233289
71,0.2600000000000004,0.012662656902293883,-0.11160324552036913
71,0.2640000000000004,0.008856691715577554,-0.3686863973384072
71,0.2680000000000004,-0.0019544994146725356,-0.6672393923266448
71,0.2720000000000004,0.019486838611701873,-0.8417314823707904
71,0.2760000000000004,0.055242048428872724,-0.7708603378266511
71,0.2800000000000004,0.08648434192653133,-0.4538138793546202
71,0.2840000000000004,0.08419937500235389,-0.011782024692299864
71,0.2880000000000004,0.10487301987573028,0.3640431782934541
71,0.2920000000000004,0.13442597468070586,0.5045805782926618
71,0.29600000000000043,0.15334605910481353,0.35810283148103905
71,0.30000000000000043,0.14116933139165203,0.019274465027327013
71,0.30400000000000044,0.15516370611035185,-0.3306876674368865
71,0.30800000000000044,0.15467684171515325,-0.5241528398893404
71,0.31200000000000044,0.1918302637754011,-0.4825936142552623
71,0.31600000000000045,0.23764977566648457,-0.24431393229823806
71,0.32000000000000045,0.17367899437512865,0.06133354610862962
71,0.32400000000000045,0.1089331869573229,0.302493839740485
71,0.32800000000000046,0.07115205536650195,0.4233166140975622
71,0.33200000000000046,0.05433542183915744,0.444454731442582
71,0.33600000000000046,0.06102787789698908,0.42767219108389504
71,0.34000000000000047,0.08701128977798776,0.4248680997080015
71,0.34400000000000047,0.08787178623346033,0.4315789190947375
71,0.3480000000000005,0.0964673831760857,0.4088042512215244
72,-0.18,0.09391956014969192,0.6321127091834853
72,-0.176,0.09837012834947015,0.6784401311666947
72,-0.172,0.09354608743193438,0.7078074689623538
72,-0.16799999999999998,0.05151545150259931,0.7407780546973244
72,-0.16399999999999998,0.03833907587638819,0.7820242979169522
72,-0.15999999999999998,0.05855579932994507,0.7771422470355608
72,-0.15599999999999997,0.05039399322778354,0.6719971082145827
72,-0.15199999999999997,0.053200055958413664,0.4516042967022114
72,-0.14799999999999996,0.06671011902015346,0.1527007179821986
72,-0.14399999999999996,0.07760109116788386,-0.13830402678191409
72,-0.13999999999999996,0.09271802617875495,-0.33438351708874925
72,-0.13599999999999995,0.04943535515125302,-0.36789693342530816
72,-0.13199999999999995,-0.033207566745377476,-0.22062489920204806
72,-0.12799999999999995,-0.06351657586459286,0.017803306972450868
72,-0.12399999999999994,-0.045770351392454243,0.21798847130432009
72,-0.11999999999999994,-0.03173509042826964,0.3078980738553134
72,-0.11599999999999994,-0.029683321856937103,0.25961637402159826
72,-0.11199999999999993,-0.04516972040248348,0.10862859329486557
72,-0.10799999999999993,-0.10573947741007186,-0.03468959226312499
72,-0.10399999999999993,-0.09001421508516078,-0.09544627999438592
72,-0.09999999999999992,-0.021013085622273758,-0.08321174206058773
72,-0.09599999999999992,-0.017625078860093547,-0.03476771778978728
72,-0.09199999999999992,-0.01931623884329976,0.0
72,-0.08799999999999991,-0.034295900200511355,-0.025623148170707526
72,-0.08399999999999991,-0.062491448813743286,-0.10887113579213817
72,-0.0799999999999999,-0.06221532292367501,-0.22149991954664755
72,-0.0759999999999999,-0.03842895912166211,-0.34177577117061614
72,-0.0719999999999999,0.0,-0.429835603529949
72,-0.0679999999999999,0.036899709520042956,-0.4447847218704942
72,-0.06399999999999989,0.006582445604621119,-0.3695592220564786
72,-0.05999999999999989,-0.016988799126119104,-0.1942504946519118
72,-0.05599999999999988,0.033043587388347305,0.05041783788266481
72,-0.05199999999999988,0.05795091430590355,0.31056277793416454
72,-0.047999999999999876,0.014406156130084918,0.5835122737603273
72,-0.04399999999999987,-0.025721271462857784,0.8362331094048561
72,-0.03999999999999987,-0.04488735151955447,0.9719831687429834
72,-0.035999999999999865,-0.06029225326551866,0.9603566998141955
72,-0.03199999999999986,-0.05870415565423363,0.8152285011161238
72,-0.02799999999999986,-0.039598782404704165,0.5579442127621451
72,-0.023999999999999855,-0.006807912111049461,0.30272957889118834
72,-0.01999999999999985,0.01073942201099684,0.1680924793569124
72,-0.015999999999999848,0.0024964016716344725,0.16086941514893405
72,-0.011999999999999844,0.005723401360797213,0.23632426205103205
72,-0.00799999999999984,0.029448040315483183,0.33819532554894083
72,-0.003999999999999837,0.10306332904401094,0.4118228981472795
72,1.6653345369377348e-16,0.29256296231002615,0.42388563123836837
72,0.00400000000000017,0.5417556337297179,0.37534919041474174
72,0.008000000000000174,0.7611601525648151,0.3332463003525444
72,0.012000000000000177,0.9414316861956564,0.3571726978283313
72,0.01600000000000018,1.0,0.4439305436001235
72,0.020000000000000184,0.9091231539565673,0.6004011242526085
72,0.024000000000000188,0.7267129970263964,0.7973766771208062
72,0.02800000000000019,0.47931850741527415,0.9243250905286741
72,0.032000000000000195,0.22611086339186776,0.8856305123445005
72,0.0360000000000002,0.04990152936367266,0.6247698518285398
72,0.0400000000000002,-0.021797829059571783,0.1707398810131349
72,0.044000000000000206,-0.040910992500414536,-0.3145760429962329
72,0.04800000000000021,-0.03314986933378733,-0.6634325487154227
72,0.05200000000000021,-0.014261818955949811,-0.7554540621956941
72,0.056000000000000216,-0.04675507163236889,-0.5189102020002909
72,0.06000000000000022,-0.09666589140744318,-0.03332570746269696
72,0.06400000000000022,-0.10290220657778316,0.5101753989949419
72,0.06800000000000023,-0.12793549866777848,0.9138582993164034
72,0.07200000000000023,-0.17773357752023425,1.0
72,0.07600000000000023,-0.22897298484984846,0.727486344594976
72,0.08000000000000024,-0.2674505984819663,0.2524626980279057
72,0.08400000000000024,-0.29266128268061886,-0.20079839524811063
72,0.08800000000000024,-0.35272046847672467,-0.4643410936099385
72,0.09200000000000025,-0.37742192997707813,-0.4821576895318812
72,0.09600000000000025,-0.34439794513088423,-0.3082749952956652
72,0.10000000000000026,-0.31556642622727327,-0.05188869286042935
72,0.10400000000000026,-0.21454761054850804,0.17481142350211357
72,0.10800000000000026,-0.09402110225318226,0.3051608035812441
72,0.11200000000000027,-0.009741179616761403,0.3392831661411505
72,0.11600000000000027,0.050082841289737605,0.31185894760848676
72,0.12000000000000027,0.059894730318175236,0.24626604146220327
72,0.12400000000000028,0.03650469037927676,0.14374088613524885
72,0.12800000000000028,0.004155487240674989,0.01722472885487662
72,0.13200000000000028,-0.05259026648897203,-0.11896436852715486
72,0.1360000000000003,-0.11125466148581961,-0.2816255840033787
72,0.1400000000000003,-0.13089572510044928,-0.4309905684253382
72,0.1440000000000003,-0.13035879976140885,-0.41757708265704024
72,0.1480000000000003,-0.1384952399342241,-0.13070636965104276
72,0.1520000000000003,-0.1485173267752003,0.3902838493564872
72,0.1560000000000003,-0.17824838793860281,1.016192878373524
72,0.1600000000000003,-0.22898532934102228,1.5763262055477114
72,0.1640000000000003,-0.2300585380876741,1.8575714786370385
72,0.16800000000000032,-0.21127213741796785,1.6871897369388007
72,0.17200000000000032,-0.20897479335696267,1.074658132539722
72,0.17600000000000032,-0.1675051246071546,0.2282461788586998
72,0.18000000000000033,-0.13041950953337567,-0.5714014701641977
72,0.18400000000000033,-0.10795794042462349,-1.073084748554103
72,0.18800000000000033,-0.08542034305981026,-1.120343700585732
72,0.19200000000000034,-0.09758393805777422,-0.7300015630347347
72,0.19600000000000034,-0.16321523000463098,-0.09165333617485759
72,0.20000000000000034,-0.18682859579265898,0.5435264950746016
72,0.20400000000000035,-0.11368499988815588,0.9853885025682397
72,0.20800000000000035,-0.030828738811610773,1.1379755353924765
72,0.21200000000000035,-0.02907839947962205,0.9894371805364317
72,0.21600000000000036,-0.03463757255465775,0.6460835234571272
72,0.22000000000000036,0.0011487513090444011,0.28187923068809256
72,0.22400000000000037,0.010320310569178077,0.008329715037288028
72,0.22800000000000037,-0.002939161403652591,-0.13569636644431138
72,0.23200000000000037,-0.029073061803946566,-0.15462858876898714
72,0.23600000000000038,-0.08438081327114223,-0.08348857622819345
72,0.24000000000000038,-0.17326572816217053,0.06207345279065215
72,0.24400000000000038,-0.2446308083316058,0.24138982724065156
72,0.2480000000000004,-0.28461270816838813,0.3521713280299149
72,0.2520000000000004,-0.31182687796569775,0.32937870550077586
72,0.2560000000000004,-0.3134744183214796,0.15166568961229007
72,0.2600000000000004,-0.2125887860735726,-0.19671195836555755
72,0.2640000000000004,-0.06680708785175474,-0.6372909928752222
72,0.2680000000000004,-7.082484540959189e-05,-0.9864701391114401
72,0.2720000000000004,0.0198173153575863,-1.0647631193389853
72,0.2760000000000004,0.00559281843530111,-0.7814768816079516
72,0.2800000000000004,-0.05252328449764871,-0.21145200605676417
72,0.2840000000000004,-0.08454843312670433,0.4303820891413085
72,0.2880000000000004,-0.04860584166294732,0.9175671747181695
72,0.2920000000000004,-0.004488530244049776,1.0519467693343405
72,0.29600000000000043,0.019636426453177588,0.7471666106076911
72,0.30000000000000043,0.05424944099008759,0.16522246207013996
72,0.30400000000000044,0.05736757435783496,-0.40586686645693343
72,0.30800000000000044,0.0049145727579661125,-0.7390517345629493
72,0.31200000000000044,-0.04122644498232763,-0.6965860036631706
72,0.31600000000000045,-0.06880820737653594,-0.3156310619159936
72,0.32000000000000045,-0.08119174758119335,0.19932592485009898
72,0.32400000000000045,-0.0944004870964119,0.6740724833326297
72,0.32800000000000046,-0.09635648192411565,0.9986780037378724
72,0.33200000000000046,-0.0777337265041667,1.107239737265449
72,0.33600000000000046,-0.057783159333000086,1.0624781003422663
72,0.34000000000000047,-0.015394197028485953,0.9637517295762117
72,0.34400000000000047,0.05762846857777383,0.8360253650475171
72,0.3480000000000005,0.07303283897994144,0.7055324048545872
73,-0.18,0.015084856407304652,-0.1673955184494742
73,-0.176,0.013884371555053286,-0.13258349701080463
73,-0.172,-0.005390982789416062,-0.06145865674799123
73,-0.16799999999999998,0.0042892536436170865,0.020349459232720375
73,-0.16399999999999998,0.025695463805307343,0.07526081974938272
73,-0.15999999999999998,0.018417102556940228,0.07001058198676277
73,-0.15599999999999997,0.013167862832739406,0.009049011668867003
73,-0.15199999999999997,0.018089145913686242,-0.06436545313980943
73,-0.14799999999999996,0.0,-0.11231359720789154
73,-0.14399999999999996,0.023275494002503953,-0.12197769947710697
73,-0.13999999999999996,0.021062567209974535,-0.08896140991043662
73,-0.13599999999999995,0.013386632476216347,-0.027201657898927267
73,-0.13199999999999995,-0.03347941442198641,0.02847715418250053
73,-0.12799999999999995,-0.00019325405525155896,0.05680768743071562
73,-0.12399999999999994,0.014112423364641328,0.052487604957064095
73,-0.11999999999999994,-0.009313091501062876,0.01679763914309558
73,-0.11599999999999994,0.018835360144426043,-0.02790223438864122
73,-0.11199999999999993,0.018423668750275738,-0.04817671228516764
73,-0.10799999999999993,-0.0208324124512935,-0.033093670579359004
73,-0.10399999999999993,-0.023189998686739606,-0.009064116331197159
73,-0.09999999999999992,0.01592067765666499,0.0
73,-0.09599999999999992,0.02758928427108496,0.007651595943788466
73,-0.09199999999999992,-0.016051241177430765,0.016998507833550412
73,-0.08799999999999991,-0.010706474891531778,0.01321425197990065
73,-0.08399999999999991,0.02435749837793001,0.010921964248443838
73,-0.0799999999999999,-0.031047161609371324,0.019381984453381667
73,-0.0759999999999999,-0.07901402490271449,0.025247898729533737
73,-0.0719999999999999,-0.034651783791052264,0.025296916143666356
73,-0.0679999999999999,-0.022252648091769786,0.006051517683265731
73,-0.06399999999999989,-0.03736891429513195,-0.046448810638918384
73,-0.05999999999999989,-0.016013022557616174,-0.11661651235359712
73,-0.05599999999999988,-0.01857056504109059,-0.18184822479919252
73,-0.05199999999999988,-0.003554799392823974,-0.21901778944060335
73,-0.047999999999999876,-0.0022986817955007247,-0.21611069943906788
73,-0.04399999999999987,0.004498211678825641,-0.1924698011788298
73,-0.03999999999999987,0.0050442464006345495,-0.17038332728523736
73,-0.035999999999999865,0.020558355530336147,-0.16045102357300248
73,-0.03199999999999986,0.03914009233260294,-0.17432555219788307
73,-0.02799999999999986,0.06438644821012202,-0.21456013026191897
73,-0.023999999999999855,0.05684119705694778,-0.2607084858871274
73,-0.01999999999999985,0.0370448275194925,-0.28997858794618236
73,-0.015999999999999848,-0.02683369702362113,-0.3113620913619806
73,-0.011999999999999844,-0.05531439920555104,-0.33303242954480206
73,-0.00799999999999984,0.02231264242572631,-0.32851297606194785
73,-0.003999999999999837,0.051300572711801,-0.2991963774547892
73,1.6653345369377348e-16,0.07475400642576066,-0.27543231626424725
73,0.00400000000000017,0.3200963864974831,-0.24556863310441077
73,0.008000000000000174,0.6665611539840971,-0.20265070954350356
73,0.012000000000000177,0.8909230069840909,-0.17626164119672968
73,0.01600000000000018,1.0,-0.16708128923701782
73,0.020000000000000184,0.9214854500569798,-0.1737769821538387
73,0.024000000000000188,0.6771672634828305,-0.20840248901739072
73,0.02800000000000019,0.3188089312010357,-0.23655632340360977
73,0.032000000000000195,-0.028544633720963313,-0.2575824853560317
73,0.0360000000000002,-0.23189844503256243,-0.3467182444716607
73,0.0400000000000002,-0.2607039707016614,-0.5106448395144036
73,0.044000000000000206,-0.2172723922437586,-0.6819687565896874
73,0.04800000000000021,-0.15719782077992014,-0.8002341449877293
73,0.05200000000000021,-0.09735077109208566,-0.7569570191674024
73,0.056000000000000216,-0.0694622404683102,-0.4582905410861931
73,0.06000000000000022,-0.07373277564706522,0.02868277700579046
73,0.06400000000000022,-0.051862375628791785,0.5509550469262007
73,0.06800000000000023,-0.07474075961463225,0.9427427121413601
73,0.07200000000000023,-0.04882832572380932,1.0
73,0.07600000000000023,-0.046589738446641174,0.6475291270736698
73,0.08000000000000024,-0.09480395605466861,0.05280257006457546
73,0.08400000000000024,-0.09278629060535916,-0.5463883663576163
73,0.08800000000000024,-0.08284802465140402,-0.9163093529092802
73,0.09200000000000025,-0.16892733029098142,-0.8701276884690343
73,0.09600000000000025,-0.21646286191045766,-0.46209742201376264
73,0.10000000000000026,-0.19476932454026055,0.08998606089589532
73,0.10400000000000026,-0.15752673572818396,0.5857652556246759
73,0.10800000000000026,-0.1365992736301356,0.8119757813979709
73,0.11200000000000027,-0.06603330316951092,0.7092335061607804
73,0.11600000000000027,-0.030757181191332215,0.4508096354337532
73,0.12000000000000027,0.004818234949047015,0.15449467011541593
73,0.12400000000000028,0.06567236169666962,-0.08551546825779395
73,0.12800000000000028,0.026582433699577832,-0.1229290963751406
73,0.13200000000000028,-0.0007817242667568289,-0.04415424870680396
73,0.1360000000000003,0.011554965638619342,-0.034540210850004464
73,0.1400000000000003,0.012357640831175222,-0.07734029980594608
73,0.1440000000000003,-0.01968647241025921,-0.12539493738445776
73,0.1480000000000003,-0.02837428907657922,-0.12776160114897653
73,0.1520000000000003,-0.01462250877009137,0.0513504585150515
73,0.1560000000000003,-0.04608098545080349,0.39692858700761363
73,0.1600000000000003,-0.07758492243791688,0.7369097943352259
73,0.1640000000000003,-0.08161801505062638,0.9369235366154081
73,0.16800000000000032,-0.08959129604760159,0.8562305901356161
73,0.17200000000000032,-0.08504504114208204,0.40841965111713563
73,0.17600000000000032,-0.053171292605577444,-0.2650999703347725
73,0.18000000000000033,-0.03097664257711594,-0.8815537526355601
73,0.18400000000000033,-0.025169016246840353,-1.1806774822497768
73,0.18800000000000033,-0.03532005913366339,-1.0458405918260245
73,0.19200000000000034,-0.0569387080563594,-0.5972510110468509
73,0.19600000000000034,-0.03356544494532012,-0.06720818357234737
73,0.20000000000000034,-0.028630569474191413,0.3308320053017948
73,0.20400000000000035,-0.014561850119045459,0.40366358839303607
73,0.20800000000000035,-0.01433296597509094,0.13687375201107305
73,0.21200000000000035,-0.022024420406534646,-0.26266957189603873
73,0.21600000000000036,-0.014350099004758017,-0.5934638227159751
73,0.22000000000000036,-0.004185197340661268,-0.7233617187074358
73,0.22400000000000037,0.017727850221110623,-0.6258917470296452
73,0.22800000000000037,0.02804649938902801,-0.4398324975142912
73,0.23200000000000037,0.04159300049864515,-0.2846213419989286
73,0.23600000000000038,0.05109979644232801,-0.19344681280912582
73,0.24000000000000038,0.024949725217884966,-0.19031055278476097
73,0.24400000000000038,-0.028365638992014854,-0.22624941952611877
73,0.2480000000000004,-0.06332104274949975,-0.2354207008263124
73,0.2520000000000004,-0.14209723468063318,-0.2326197251822787
73,0.2560000000000004,-0.17911796748736294,-0.2687951094931093
73,0.2600000000000004,-0.1732427380798344,-0.42771086677805153
73,0.2640000000000004,-0.11514339551520875,-0.7435246499582766
73,0.2680000000000004,-0.058925634127473515,-1.0842785364834286
73,0.2720000000000004,-0.022524406139483165,-1.253953736168088
73,0.2760000000000004,0.005694136470652038,-1.1128646802706197
73,0.2800000000000004,0.04557885878239811,-0.619900297764283
73,0.2840000000000004,0.05470805415247027,0.08445840131936692
73,0.2880000000000004,0.05441924415077922,0.7090670863115724
73,0.2920000000000004,0.09373937562698072,1.0013032108865465
73,0.29600000000000043,0.12003766996196626,0.8628733754470832
73,0.30000000000000043,0.10197517190933508,0.3658646883496924
73,0.30400000000000044,0.10638492764463549,-0.24392745607395347
73,0.30800000000000044,0.0913381965118934,-0.6649158732862446
73,0.31200000000000044,0.06210467777522586,-0.7366353261340413
73,0.31600000000000045,0.05537361913068753,-0.4871141332995676
73,0.32000000000000045,0.037589932740488774,-0.059769391519012324
73,0.32400000000000045,0.0177462300173104,0.357103406679883
73,0.32800000000000046,-0.0033300749235914864,0.6084355334085423
73,0.33200000000000046,-0.03742779967145129,0.6395757309252447
73,0.33600000000000046,-0.05861222094570559,0.5082032136395426
73,0.34000000000000047,-0.04214127939293863,0.3273026816503667
73,0.34400000000000047,-0.000852554205270285,0.17856359300073896
73,0.3480000000000005,0.0026443188164791435,0.0753589200470849
74,-0.18,0.0,0.005043704728881449
74,-0.176,-0.002347632464044948,-0.016041118090494254
74,-0.172,0.02419490004100625,-0.026997965104901663
74,-0.16799999999999998,0.051757556535566206,-0.03162579754588647
74,-0.16399999999999998,0.034057336072417385,-0.02666125149665664
74,-0.15999999999999998,0.02836078376568928,-0.018822242383542857
74,-0.15599999999999997,0.06789714483786793,-0.01963823569770827
74,-0.15199999999999997,0.06590874099448388,-0.020171863699051253
74,-0.14799999999999996,0.01508966095812667,-0.006958242462938842
74,-0.14399999999999996,-0.0011175462753897254,0.024217623255681917
74,-0.13999999999999996,0.03800253475070912,0.06795803712150784
74,-0.13599999999999995,0.039279521525294035,0.10422252488596999
74,-0.13199999999999995,-0.004397854839416041,0.11677168184744019
74,-0.12799999999999995,-0.01568828031153633,0.10341334149020735
74,-0.12399999999999994,0.005096653129412106,0.06230401356730404
74,-0.11999999999999994,0.016684873297569097,0.0015695872128364719
74,-0.11599999999999994,-0.0034658305995714433,-0.051614026239704285
74,-0.11199999999999993,0.004709487971389652,-0.07445472890343877
74,-0.10799999999999993,0.022376149326135797,-0.06327878141405487
74,-0.10399999999999993,0.00011698094741699026,-0.024659839498694745
74,-0.09999999999999992,-0.003427801004893336,0.0294627137364341
74,-0.09599999999999992,-0.002677917793980376,0.07951577193827594
74,-0.09199999999999992,-0.0021053319769928024,0.10525317658376646
74,-0.08799999999999991,-0.010222657264223297,0.10017546749614768
74,-0.08399999999999991,-0.003063361622520042,0.07181442413781243
74,-0.0799999999999999,0.00912325925053985,0.029560789857035575
74,-0.0759999999999999,-0.01464905464760417,-0.016118001420845657
74,-0.0719999999999999,-0.021573486045350285,-0.04991062620414435
74,-0.0679999999999999,-0.004584263177848453,-0.05820149411601487
74,-0.06399999999999989,0.0017042605112245943,-0.037849336430075944
74,-0.05999999999999989,-0.02668076781367978,0.0
74,-0.05599999999999988,-0.02176761818163197,0.038431487610472374
74,-0.05199999999999988,-0.012804216788262959,0.06440685575666526
74,-0.047999999999999876,0.002693657001821338,0.06599568631072321
74,-0.04399999999999987,0.013150892889932075,0.03978506913328279
74,-0.03999999999999987,0.040532176215200534,-0.004303726339401883
74,-0.035999999999999865,0.0402794757938299,-0.05845011549247062
74,-0.03199999999999986,0.017101237705677706,-0.11171615023551491
74,-0.02799999999999986,0.021429272321120636,-0.1431433625245445
74,-0.023999999999999855,0.03666199422837085,-0.14440065942404592
74,-0.01999999999999985,-0.007588220668591211,-0.11792833082608276
74,-0.015999999999999848,-0.03999103741491604,-0.06428407254210132
74,-0.011999999999999844,-0.02796111261839579,-0.0018195158316205394
74,-0.00799999999999984,0.011931447560579737,0.041168231250850146
74,-0.003999999999999837,0.03252195892399929,0.05617930085110104
74,1.6653345369377348e-16,0.004194819074463849,0.04439531304060228
74,0.00400000000000017,0.20111027970891512,0.016026856609798894
74,0.008000000000000174,0.521533685999415,-0.004985754271217729
74,0.012000000000000177,0.7489356005908168,-0.017317112672022957
74,0.01600000000000018,0.9100249422664928,-0.027727729265134234
74,0.020000000000000184,1.0,-0.016710434780981463
74,0.024000000000000188,0.9758717934585521,0.009580032332160603
74,0.02800000000000019,0.7664332980716099,0.025331519944417954
74,0.032000000000000195,0.3992046456413414,0.042887105048350097
74,0.0360000000000002,0.0584822639719946,0.038857373542686584
74,0.0400000000000002,-0.14990690830626688,-0.06415352131102733
74,0.044000000000000206,-0.28212993399183256,-0.26153491007760377
74,0.04800000000000021,-0.32136084721218533,-0.46878159944787895
74,0.05200000000000021,-0.32829660177155234,-0.6122065809591906
74,0.056000000000000216,-0.3320102605926737,-0.593345908267542
74,0.06000000000000022,-0.3100704659368859,-0.32795311009035805
74,0.06400000000000022,-0.2569379591028656,0.11794688951490107
74,0.06800000000000023,-0.14636175138896756,0.5827900646509011
74,0.07200000000000023,-0.0896217091193801,0.9232471556524307
74,0.07600000000000023,-0.06322848358667006,1.0
74,0.08000000000000024,-0.04890824123302348,0.7517303626554407
74,0.08400000000000024,-0.07056189392210112,0.29878213444348517
74,0.08800000000000024,-0.13111026098337683,-0.1560615257300388
74,0.09200000000000025,-0.19148435245035447,-0.44601703412310817
74,0.09600000000000025,-0.1959020270172545,-0.47666316208248666
74,0.10000000000000026,-0.19186105836562206,-0.27485990780939734
74,0.10400000000000026,-0.13611506701313844,0.03361216649174486
74,0.10800000000000026,-0.06191624791861807,0.30310623078059573
74,0.11200000000000027,-0.012960496585663705,0.43974541734159855
74,0.11600000000000027,0.017625434245446336,0.457877449153952
74,0.12000000000000027,0.028008834481788668,0.40505784367395314
74,0.12400000000000028,0.019179057371184218,0.2963562122670739
74,0.12800000000000028,0.015622743752496017,0.1881653710055326
74,0.13200000000000028,0.028976053581710626,0.12284827672393382
74,0.1360000000000003,0.005843716808354963,0.03889346092051508
74,0.1400000000000003,-0.012318050159748547,-0.1001475072854584
74,0.1440000000000003,-0.010255916564256699,-0.23028640076093612
74,0.1480000000000003,-0.05170323840154815,-0.263672158368157
74,0.1520000000000003,-0.05176401640608026,-0.13462571014547783
74,0.1560000000000003,-0.07019945168859303,0.15659629252246224
74,0.1600000000000003,-0.1118250264540221,0.5317349954818426
74,0.1640000000000003,-0.11377285252814258,0.8658993169937308
74,0.16800000000000032,-0.1074222467655492,0.9925401376540757
74,0.17200000000000032,-0.08663004529655964,0.7919079667934962
74,0.17600000000000032,-0.052116288120374644,0.3144422820879736
74,0.18000000000000033,-0.02433399781511435,-0.2524776502206003
74,0.18400000000000033,-0.03343487767785889,-0.6934784381115052
74,0.18800000000000033,-0.02693946821093405,-0.8497151968713686
74,0.19200000000000034,-0.036766246808104315,-0.7036812238718672
74,0.19600000000000034,-0.04360266719081783,-0.38154633172336655
74,0.20000000000000034,-0.018839705677863257,-0.04903730244251387
74,0.20400000000000035,0.0009569403365534694,0.15425810369694656
74,0.20800000000000035,-0.00974790971176224,0.147515670078186
74,0.21200000000000035,-0.009754478080429264,-0.021484676881269538
74,0.21600000000000036,-0.028652943591569117,-0.2110722577749879
74,0.22000000000000036,-0.03196198977202869,-0.3199932631358292
74,0.22400000000000037,0.0021642503743699677,-0.32541720636478777
74,0.22800000000000037,0.032262282978673985,-0.2669918583897755
74,0.23200000000000037,0.0633569750425267,-0.22593920985708715
74,0.23600000000000038,-0.003638437472585919,-0.2378910883650505
74,0.24000000000000038,-0.06814121720146635,-0.26091438469255884
74,0.24400000000000038,-0.12321096255921936,-0.24331603545494662
74,0.2480000000000004,-0.15084553752335755,-0.1566634411211281
74,0.2520000000000004,-0.1757917777519487,-0.008615002454705525
74,0.2560000000000004,-0.1615808046209725,0.1221977367494324
74,0.2600000000000004,-0.13853930886305102,0.12047509072106943
74,0.2640000000000004,-0.1549672241762353,-0.0675478332649018
74,0.2680000000000004,-0.1594373971467619,-0.38831908705403556
74,0.2720000000000004,-0.10110290187644552,-0.7001155516225209
74,0.2760000000000004,-0.023676416331497918,-0.8263493952531428
74,0.2800000000000004,0.01381952569217175,-0.653236337073506
74,0.2840000000000004,0.020980010931868097,-0.21441112329077158
74,0.2880000000000004,0.025104274878746873,0.3175178457194282
74,0.2920000000000004,0.03352564457659151,0.7273216134286912
74,0.29600000000000043,0.0540296023722945,0.8651138729811579
74,0.30000000000000043,0.07918419586312168,0.7024499032035245
74,0.30400000000000044,0.10027644786704339,0.3453988556215634
74,0.30800000000000044,0.10532957614353124,-0.012280058962927741
74,0.31200000000000044,0.08224959745782519,-0.20007109941276066
74,0.31600000000000045,0.05143147592062503,-0.1558668490722439
74,0.32000000000000045,0.013387813566652813,0.05675268901952538
74,0.32400000000000045,-0.05170728830458128,0.30748043023749577
74,0.32800000000000046,-0.03532390308341169,0.49647676176972094
74,0.33200000000000046,-0.021678791213832923,0.5853435394650309
74,0.33600000000000046,-0.0021939749335111456,0.5902442300375815
74,0.34000000000000047,0.02140091428633025,0.5632755495326877
74,0.34400000000000047,0.04699440270924656,0.5305746389683399
74,0.3480000000000005,0.019006064428886398,0.47914246622819706
75,-0.18,-0.027443487041579354,0.26762623242495
75,-0.176,-0.015058998121207114,0.2276487909093069
75,-0.172,-0.017251901071192975,0.1835159278918124
75,-0.16799999999999998,-0.02470271369521935,0.14167654708733843
75,-0.16399999999999998,-0.010531249759559097,0.10508429998643767
75,-0.15999999999999998,-0.013682842585304375,0.08159599883959606
75,-0.15599999999999997,-0.022816768049997563,0.07009666399986302
75,-0.15199999999999997,0.004026384761764438,0.06153255700767885
75,-0.14799999999999996,0.005747437959241566,0.05217007861922223
75,-0.14399999999999996,0.003719602238312022,0.0398779363731932
75,-0.13999999999999996,-0.0013500314113962725,0.02528199665108274
75,-0.13599999999999995,-0.00038879991047960236,0.01607326222523247
75,-0.13199999999999995,0.009006913341098993,0.010496632218958104
75,-0.12799999999999995,0.02148861683489091,0.0
75,-0.12399999999999994,-0.0004780293092993898,-0.012069878947409839
75,-0.11999999999999994,0.012564175771273832,-0.027822555365614707
75,-0.11599999999999994,0.0,-0.05654932481362423
75,-0.11199999999999993,0.01177783254205583,-0.08360189924094243
75,-0.10799999999999993,0.0028656154856535497,-0.09116905538632232
75,-0.10399999999999993,-0.005593534748319667,-0.08790186679199233
75,-0.09999999999999992,-0.0037334672283321426,-0.08182019170954771
75,-0.09599999999999992,-0.009886061683616169,-0.07272594927259897
75,-0.09199999999999992,-0.02348294810056397,-0.06889779285059111
75,-0.08799999999999991,-0.024447945463663186,-0.07313443368148811
75,-0.08399999999999991,-0.0005619827012589841,-0.07718406516880652
75,-0.0799999999999999,0.017157633280189464,-0.07551046232736906
75,-0.0759999999999999,0.019083819973124718,-0.06796664586470215
75,-0.0719999999999999,0.042659178725237695,-0.055006742785289726
75,-0.0679999999999999,0.05863109102442318,-0.03228123290353763
75,-0.06399999999999989,0.06333800871071261,-0.0014866208799047445
75,-0.05999999999999989,0.0763077209066144,0.022223352755170758
75,-0.05599999999999988,0.08138703052914648,0.034048339858386824
75,-0.05199999999999988,0.07151528469743333,0.04197408940582663
75,-0.047999999999999876,0.0791028652406771,0.046001336044081374
75,-0.04399999999999987,0.06939119432726558,0.04675667548437706
75,-0.03999999999999987,0.03847830375132517,0.05143844591475104
75,-0.035999999999999865,0.025316090317400106,0.058525191444641286
75,-0.03199999999999986,0.02909430292886849,0.061711796775110836
75,-0.02799999999999986,0.04654204049841998,0.06507647960510533
75,-0.023999999999999855,0.05866467963917156,0.07525002274899431
75,-0.01999999999999985,0.017160371227008066,0.09261431714481962
75,-0.015999999999999848,-0.008404532000910096,0.12465689638728371
75,-0.011999999999999844,-0.019273469723459013,0.17361323942474652
75,-0.00799999999999984,-0.022107580640063986,0.21622891012981868
75,-0.003999999999999837,-0.01946872296567551,0.23691683995274726
75,1.6653345369377348e-16,0.04728880876558101,0.2389146202903391
75,0.00400000000000017,0.24560470350388328,0.22317957880868527
75,0.008000000000000174,0.5629592721468816,0.20525023618218796
75,0.012000000000000177,0.8438848527179789,0.20300529148439356
75,0.01600000000000018,0.9866939236276114,0.21458239283797195
75,0.020000000000000184,1.0,0.24204562066243518
75,0.024000000000000188,0.8475452168465951,0.27679323929098754
75,0.02800000000000019,0.5741575434813377,0.2976960205953975
75,0.032000000000000195,0.318506412536922,0.29555572746722003
75,0.0360000000000002,0.1770727356060367,0.2234276380947601
75,0.0400000000000002,0.12948025999730498,0.02779879862718714
75,0.044000000000000206,0.18385000165440896,-0.23431956044790464
75,0.04800000000000021,0.25601557357868393,-0.44651098833157343
75,0.05200000000000021,0.2565812234707883,-0.5206342450236523
75,0.056000000000000216,0.19827280014342286,-0.3748533002504727
75,0.06000000000000022,0.10674586797212884,-0.0008765940462647713
75,0.06400000000000022,0.00026981229194475523,0.4660701973008966
75,0.06800000000000023,-0.06643929559252511,0.8472522847693972
75,0.07200000000000023,-0.14101108235642532,0.9899674631240175
75,0.07600000000000023,-0.22867337573854954,0.7933342715467393
75,0.08000000000000024,-0.28928898703725026,0.32194916538000035
75,0.08400000000000024,-0.3709246370520354,-0.20263853024831988
75,0.08800000000000024,-0.4329111750883019,-0.5655362683410459
75,0.09200000000000025,-0.4703741133201542,-0.6334282920558976
75,0.09600000000000025,-0.4940480642460301,-0.38643279756658017
75,0.10000000000000026,-0.4320838261283646,0.04312810410642697
75,0.10400000000000026,-0.31710795535986147,0.44836612025766587
75,0.10800000000000026,-0.19711757756535614,0.6700718430069948
75,0.11200000000000027,-0.034238818746587865,0.6657504687798578
75,0.11600000000000027,0.12470278713911556,0.5078409055179951
75,0.12000000000000027,0.24231705514553445,0.29225849771894
75,0.12400000000000028,0.2700293186340628,0.09549367728160511
75,0.12800000000000028,0.24759842030184653,-0.010989425931468653
75,0.13200000000000028,0.19236040704502017,-0.03542309284915333
75,0.1360000000000003,0.12063018424475203,-0.0692038162554021
75,0.1400000000000003,0.06550123265923907,-0.1550184224574355
75,0.1440000000000003,0.021188357321738738,-0.25285736201839654
75,0.1480000000000003,-0.019027108512330297,-0.2731929862757515
75,0.1520000000000003,-0.05975036372771265,-0.11942837803783131
75,0.1560000000000003,-0.07933797474667431,0.20070643759420492
75,0.1600000000000003,-0.09044532553384468,0.5764803259493378
75,0.1640000000000003,-0.07444875492476831,0.889874700174433
75,0.16800000000000032,-0.07958933587986378,1.0
75,0.17200000000000032,-0.05331297845663094,0.793650261904475
75,0.17600000000000032,-0.009408186929902976,0.3381630569967741
75,0.18000000000000033,0.011946825275269165,-0.14973936743232857
75,0.18400000000000033,0.010955920494644637,-0.4579474043822129
75,0.18800000000000033,-0.01926929547492175,-0.4730827373498551
75,0.19200000000000034,-0.0688564960446923,-0.23234206972454288
75,0.19600000000000034,-0.11854434847640201,0.11671641865993233
75,0.20000000000000034,-0.10434401590411488,0.4145080911238054
75,0.20400000000000035,-0.12282100364506177,0.5269217608410992
75,0.20800000000000035,-0.10151045919437225,0.40586219433808024
75,0.21200000000000035,-0.020900931252871752,0.15193638105877535
75,0.21600000000000036,0.03892237801783115,-0.07523931098336338
75,0.22000000000000036,0.07530118140875677,-0.18121964657909675
75,0.22400000000000037,0.11918343706100383,-0.16231707912875717
75,0.22800000000000037,0.12334060766807779,-0.0878104963314244
75,0.23200000000000037,0.09536841794288992,-0.0410349291760392
75,0.23600000000000038,0.023895772102958335,-0.04955088493248137
75,0.24000000000000038,-0.06692764702331475,-0.0822935713777936
75,0.24400000000000038,-0.15386641793076894,-0.0913505625300714
75,0.2480000000000004,-0.2384707450604206,-0.05080495070933527
75,0.2520000000000004,-0.29059332871808013,0.02936463149834417
75,0.2560000000000004,-0.28585773510226786,0.09459382981578618
75,0.2600000000000004,-0.23966441279882064,0.052579200864106945
75,0.2640000000000004,-0.1499225920512485,-0.13987186805418048
75,0.2680000000000004,-0.08309605187020164,-0.40329365528107386
75,0.2720000000000004,-0.04303702454336825,-0.585100909293781
75,0.2760000000000004,0.01786702816972487,-0.5509057492793357
75,0.2800000000000004,0.05816837636251247,-0.2619598101961391
75,0.2840000000000004,0.05321430677901161,0.17439032145581593
75,0.2880000000000004,0.03372364087260234,0.5462933746518837
75,0.2920000000000004,0.026970615014263583,0.6653858954327656
75,0.29600000000000043,0.02141342073401704,0.4757055402768414
75,0.30000000000000043,0.008838439569113229,0.062260387493879646
75,0.30400000000000044,0.04596226971228053,-0.3888718229526123
75,0.30800000000000044,0.08694554490188638,-0.6501797855470874
75,0.31200000000000044,0.10311472254921426,-0.586536995362477
75,0.31600000000000045,0.08356467198162318,-0.24374468718333697
75,0.32000000000000045,0.049768914172192376,0.2134548942751068
75,0.32400000000000045,-0.00021969483285583707,0.5967759502830399
75,0.32800000000000046,-0.02972579905741191,0.7808716584269718
75,0.33200000000000046,-0.040465254537500356,0.7630324453869873
75,0.33600000000000046,-0.04408239186542489,0.6185611980303537
75,0.34000000000000047,-0.01781623534307553,0.4368430970497392
75,0.34400000000000047,0.010334088911155852,0.2980029046866108
75,0.3480000000000005,0.016613666637116446,0.23453457342851142
76,-0.18,0.03273553215332644,-0.452347682092918
76,-0.176,0.044398926282687594,-0.43018747369649807
76,-0.172,0.02195948060072914,-0.43205595627043986
76,-0.16799999999999998,0.01986101735186455,-0.44927720809009797
76,-0.16399999999999998,0.017172932168334674,-0.45105937580002964
76,-0.15999999999999998,0.015720715616100403,-0.4312368749516868
76,-0.15599999999999997,0.0067207282062405945,-0.3992943554780772
76,-0.15199999999999997,0.005695386319447506,-0.33298036945998916
76,-0.14799999999999996,-0.01224520255342627,-0.2330891405417537
76,-0.14399999999999996,-0.042779368181169314,-0.14059784816788704
76,-0.13999999999999996,-0.053552971114300026,-0.06718233022740112
76,-0.13599999999999995,-0.03096822763841634,-0.0017987206289203886
76,-0.13199999999999995,0.015529396007178753,0.05270446667056392
76,-0.12799999999999995,0.038567861068812194,0.09563352509650558
76,-0.12399999999999994,-0.004011186169602911,0.1386513354887194
76,-0.11999999999999994,-0.011487442130225404,0.1878191510867504
76,-0.11599999999999994,0.011539417952482308,0.2187501858511292
76,-0.11199999999999993,0.014150825126426514,0.20390127000908775
76,-0.10799999999999993,0.00454607730790736,0.17042750089654118
76,-0.10399999999999993,0.008491251531378361,0.16108660775550046
76,-0.09999999999999992,-0.012513323576829662,0.17479637641870638
76,-0.09599999999999992,-0.08408044259983194,0.2020679609861546
76,-0.09199999999999992,-0.0792000078405279,0.23988278053654788
76,-0.08799999999999991,0.0,0.2722451594510833
76,-0.08399999999999991,-0.028413457760845404,0.2890627031683567
76,-0.0799999999999999,-0.054384420385795336,0.2752739941001324
76,-0.0759999999999999,-0.03718578323738253,0.20700287186833194
76,-0.0719999999999999,-0.03787585815451865,0.10199806283859135
76,-0.0679999999999999,-0.07724055940515595,0.0
76,-0.06399999999999989,-0.003507817773457817,-0.08773486765236653
76,-0.05999999999999989,0.052128833769962156,-0.15390333849739746
76,-0.05599999999999988,0.08580739018463523,-0.19872460989948829
76,-0.05199999999999988,-0.01895441606781042,-0.25629600554062637
76,-0.047999999999999876,-0.12109170397695587,-0.34735878913509965
76,-0.04399999999999987,-0.15453930739925836,-0.4555817549570107
76,-0.03999999999999987,-0.15840599834989108,-0.559931407570177
76,-0.035999999999999865,-0.0816206043753251,-0.647778285112799
76,-0.03199999999999986,-0.03669458482626152,-0.7243429011158533
76,-0.02799999999999986,-0.003665754286148784,-0.7976174217370061
76,-0.023999999999999855,0.06607731510652665,-0.8597884798430092
76,-0.01999999999999985,0.049373875930879906,-0.9137845830115366
76,-0.015999999999999848,0.05461305216207208,-0.9565176366782604
76,-0.011999999999999844,0.08147032007390709,-0.9657842517357658
76,-0.00799999999999984,0.06624655836854625,-0.9458208978663302
76,-0.003999999999999837,0.03534241776817646,-0.9147956449243496
76,1.6653345369377348e-16,0.055590975113131984,-0.8881088024535432
76,0.00400000000000017,0.17708419827711053,-0.8789596658162564
76,0.008000000000000174,0.3792910051368275,-0.8710553427112172
76,0.012000000000000177,0.5801617038733203,-0.8591606087489744
76,0.01600000000000018,0.7474654980399051,-0.8513394535474579
76,0.020000000000000184,0.9042950661809339,-0.8251589127365465
76,0.024000000000000188,1.0,-0.7871151104813633
76,0.02800000000000019,0.9195055376027425,-0.7578891643090052
76,0.032000000000000195,0.7112954879687737,-0.7181216518924325
76,0.0360000000000002,0.514682434810383,-0.678574472452391
76,0.0400000000000002,0.28210099105298003,-0.6858566125560075
76,0.044000000000000206,-0.007979372587869153,-0.7635581597377843
76,0.04800000000000021,-0.18577844126119067,-0.885386325921658
76,0.05200000000000021,-0.338144621077414,-0.9811416084314386
76,0.056000000000000216,-0.4310355096675188,-1.0
76,0.06000000000000022,-0.5260697703727907,-0.882780049959842
76,0.06400000000000022,-0.5273878358600435,-0.5626423114965338
76,0.06800000000000023,-0.42458461491195665,-0.10346283128471181
76,0.07200000000000023,-0.2807673747948293,0.36257132912591483
76,0.07600000000000023,-0.14169443552938746,0.7425029334428412
76,0.08000000000000024,-0.018288031405555908,0.9260332554059947
76,0.08400000000000024,0.0723868522021427,0.8734899551084829
76,0.08800000000000024,0.06113926465059582,0.6664588832834305
76,0.09200000000000025,-0.05688169341526445,0.3839533203298324
76,0.09600000000000025,-0.17187965097064536,0.12539946999256113
76,0.10000000000000026,-0.2855383325791529,-0.003773948701116184
76,0.10400000000000026,-0.29542196046625574,-0.0163530048857592
76,0.10800000000000026,-0.17057047563336017,0.036662721555105644
76,0.11200000000000027,-0.05121410866324719,0.14469338918985997
76,0.11600000000000027,0.027369118933353115,0.2730753541773206
76,0.12000000000000027,0.0638738233060449,0.3995869008209782
76,0.12400000000000028,-0.00956650603783272,0.5407606979555483
76,0.12800000000000028,-0.09421046933494447,0.6744666506464662
76,0.13200000000000028,-0.12364261329765579,0.7521113331503985
76,0.1360000000000003,-0.15617873239460306,0.7171473170111806
76,0.1400000000000003,-0.12001378685203407,0.49115434844597256
76,0.1440000000000003,-0.03803835612062111,0.10083842491226719
76,0.1480000000000003,-0.053911849008124575,-0.28645730191191354
76,0.1520000000000003,0.01871076860437607,-0.5342878283640062
76,0.1560000000000003,0.012244264778481938,-0.5525793648148921
76,0.1600000000000003,-0.023785226662372396,-0.2645454591887697
76,0.1640000000000003,-0.038036647527930345,0.24904109523740822
76,0.16800000000000032,-0.026925619259656666,0.746234283625219
76,0.17200000000000032,-0.02995734700531497,0.9823988060592211
76,0.17600000000000032,-0.07008348408855963,0.815359186757842
76,0.18000000000000033,-0.07445762520305028,0.2885699391982105
76,0.18400000000000033,-0.026196729299782857,-0.40637034036875513
76,0.18800000000000033,0.02560542771043605,-1.0461901645565792
76,0.19200000000000034,-0.04021491783718727,-1.4218672572738011
76,0.19600000000000034,-0.02620451406686104,-1.4451373294032932
76,0.20000000000000034,-0.06857510687086316,-1.2191263948687736
76,0.20400000000000035,-0.1348600721138695,-0.9295123957928173
76,0.20800000000000035,-0.041469056244668796,-0.73492683690603
76,0.21200000000000035,-0.001060202861765842,-0.6914268679103822
76,0.21600000000000036,0.005991821595598886,-0.7323796420318438
76,0.22000000000000036,0.028692216643716285,-0.777297056092251
76,0.22400000000000037,-0.07325293813570878,-0.7930578767915729
76,0.22800000000000037,-0.04549211386543127,-0.7701257471305325
76,0.23200000000000037,0.019621146199666043,-0.75206291250656
76,0.23600000000000038,0.04504347082103064,-0.8211495001117468
76,0.24000000000000038,0.052822446771475226,-0.9876198064072044
76,0.24400000000000038,0.026758132831220638,-1.169494907810694
76,0.2480000000000004,-0.03301792201960773,-1.266635723712767
76,0.2520000000000004,-0.07533334091116681,-1.1932330968165963
76,0.2560000000000004,-0.08731514827711102,-0.9389004643995805
76,0.2600000000000004,-0.1044822593032442,-0.635321303264005
76,0.2640000000000004,-0.0917412239081111,-0.4725236476515313
76,0.2680000000000004,-0.09067472264878858,-0.5659600458753966
76,0.2720000000000004,-0.11167148740778998,-0.895669224512683
76,0.2760000000000004,-0.045882110524188405,-1.3021196495139307
76,0.2800000000000004,0.0026741991131622785,-1.5617954637525704
76,0.2840000000000004,-0.013037831032564298,-1.503112826880968
76,0.2880000000000004,0.0030333931770036367,-1.0904348919854563
76,0.2920000000000004,0.08860770407979256,-0.43900967197336926
76,0.29600000000000043,0.07250104482267393,0.23915559835782438
76,0.30000000000000043,0.09430934563717551,0.7139887466926628
76,0.30400000000000044,0.12979494686902956,0.8609980776959193
76,0.30800000000000044,0.09671171959985134,0.7382419667788305
76,0.31200000000000044,0.08574405455140965,0.4924353579025603
76,0.31600000000000045,0.06329013669277105,0.261337041624434
76,0.32000000000000045,0.04059227189192638,0.1441369245358457
76,0.32400000000000045,0.04093645006551307,0.14950283339522247
76,0.32800000000000046,0.06244428178930322,0.22231646622428688
76,0.33200000000000046,0.05530743874221768,0.32220812408823385
76,0.33600000000000046,-0.0003881730900744743,0.42089334609857026
76,0.34000000000000047,-0.04135014833733879,0.5117391690816555
76,0.34400000000000047,-0.03754669759401528,0.6225962611327507
76,0.3480000000000005,0.0428158437209606,0.7451066128259086
78,-0.18,0.0856125611080414,-0.008723872778165238
78,-0.176,0.026258209915970655,-0.028803905458648367
78,-0.172,-0.03849913922048111,-0.024163743451258806
78,-0.16799999999999998,-0.012232686312720738,0.0022902378174098244
78,-0.16399999999999998,0.030503938947236776,0.019580246607648177
78,-0.15999999999999998,0.04395403513239781,0.02309001762689065
78,-0.15599999999999997,0.08701875464054343,0.007550639074658717
78,-0.15199999999999997,0.05914438240602693,-0.030532341100929665
78,-0.14799999999999996,0.0720920805735561,-0.05425345002314508
78,-0.14399999999999996,0.057238271387803456,-0.03772213938302335
78,-0.13999999999999996,0.050671780594553656,0.0
78,-0.13599999999999995,0.017468903268405295,0.04320889354237704
78,-0.13199999999999995,-0.013937800241332147,0.07899193809304975
78,-0.12799999999999995,-0.004086602171624288,0.07757322664514917
78,-0.12399999999999994,-0.004644543447634078,0.03848430286060888
78,-0.11999999999999994,0.0,-0.004006869459464015
78,-0.11599999999999994,-0.014705816420976812,-0.04219372736243038
78,-0.11199999999999993,-0.03572115095041372,-0.08076625324473385
78,-0.10799999999999993,-0.05449895174302769,-0.09142238566546787
78,-0.10399999999999993,-0.016623846133077602,-0.06103508178866447
78,-0.09999999999999992,-0.007600618232966749,-0.010250085825482647
78,-0.09599999999999992,-0.05525391843575991,0.045959886717476674
78,-0.09199999999999992,-0.04943665718980694,0.07213247824245608
78,-0.08799999999999991,0.005564668815598155,0.04202902499910262
78,-0.08399999999999991,-0.00925800059850951,0.00039515866457818605
78,-0.0799999999999999,-0.053431040257424844,-0.02509938288770008
78,-0.0759999999999999,-0.016164298344928354,-0.047725301216632744
78,-0.0719999999999999,0.0408352311600467,-0.043021846161948055
78,-0.0679999999999999,0.03306275187246255,-0.009287037843390198
78,-0.06399999999999989,0.02036630295104253,0.013156042446859228
78,-0.05999999999999989,0.06217434722439945,0.026332067652743738
78,-0.05599999999999988,0.002429410671359705,0.039956725309487254
78,-0.05199999999999988,-0.009260064013291568,0.04273003793041824
78,-0.047999999999999876,0.07418658396943535,0.03933263858732744
78,-0.04399999999999987,0.0127042905024995,0.03059672319166345
78,-0.03999999999999987,-0.013094237202043401,0.018750099580943744
78,-0.035999999999999865,0.03517582778118348,0.010193615256802947
78,-0.03199999999999986,-0.07015314871122169,-0.021633244390136006
78,-0.02799999999999986,-0.07487650056974125,-0.07766325820244735
78,-0.023999999999999855,0.06581047471984265,-0.10529632254251255
78,-0.01999999999999985,0.0654545033893964,-0.09769098842249999
78,-0.015999999999999848,0.03286984968289603,-0.07491191739605504
78,-0.011999999999999844,0.03743745228647141,-0.014805034369539661
78,-0.00799999999999984,0.06626760040191837,0.05729884895421311
78,-0.003999999999999837,0.06522375834888375,0.08054179316728943
78,1.6653345369377348e-16,0.14389540700192238,0.08084986112500289
78,0.00400000000000017,0.25186685116097224,0.08243111692484326
78,0.008000000000000174,0.35311708765404015,0.0457972453990134
78,0.012000000000000177,0.60161911139574,-0.007571427309973955
78,0.01600000000000018,0.7805071580079234,-0.025986728276217674
78,0.020000000000000184,0.8962161909762417,-0.03141617392755616
78,0.024000000000000188,1.0,-0.04427210501746728
78,0.02800000000000019,0.961704728968159,-0.030774320118291325
78,0.032000000000000195,0.77299514060453,-0.0031047420892942406
78,0.0360000000000002,0.6199780315895296,-0.06154502982737909
78,0.0400000000000002,0.5064969782887482,-0.26053021180064173
78,0.044000000000000206,0.39247621645221026,-0.5356200652626362
78,0.04800000000000021,0.2673048039478694,-0.8076845476583207
78,0.05200000000000021,0.07426648103540538,-1.0
78,0.056000000000000216,-0.09677172593219088,-0.9947705824870839
78,0.06000000000000022,-0.3570881278700316,-0.741213587375802
78,0.06400000000000022,-0.4653549334097439,-0.3130364512457865
78,0.06800000000000023,-0.4924206816803375,0.16828102582297488
78,0.07200000000000023,-0.45133514840784844,0.544898135109006
78,0.07600000000000023,-0.2871363547387689,0.6611975707835552
78,0.08000000000000024,-0.1143847056421743,0.5075007014109163
78,0.08400000000000024,-0.05612376162332761,0.2368303943981538
78,0.08800000000000024,-0.061869252963209456,0.03050037918611595
78,0.09200000000000025,-0.11893241150699235,0.0033848932102251037
78,0.09600000000000025,-0.14497612074829433,0.16113274188342197
78,0.10000000000000026,-0.19210579772849165,0.3891465332660835
78,0.10400000000000026,-0.2378363349201279,0.5118126112908127
78,0.10800000000000026,-0.22199364800103838,0.4037074200267538
78,0.11200000000000027,-0.17355064930230932,0.10260202170110555
78,0.11600000000000027,-0.06609082973756976,-0.21298820337536076
78,0.12000000000000027,0.0006806683895156282,-0.38003596124500255
78,0.12400000000000028,-0.020514058523573568,-0.3074446676562242
78,0.12800000000000028,0.04850990744029452,0.026846246611224787
78,0.13200000000000028,0.10195808841467537,0.5015895967462106
78,0.1360000000000003,0.0003218704955383204,0.8772027987815147
78,0.1400000000000003,-0.011461844493177793,0.9559786759979935
78,0.1440000000000003,-0.018109781533964694,0.7037971630881754
78,0.1480000000000003,-0.11079821997551473,0.2769052433845793
78,0.1520000000000003,-0.16688842229292034,-0.07819842232632578
78,0.1560000000000003,-0.11513461615480367,-0.1796070135071843
78,0.1600000000000003,-0.025905105413187007,0.031542229846031104
78,0.1640000000000003,0.0005456474896020224,0.4772673418774822
78,0.16800000000000032,-0.013975620735808793,0.9447403923694968
78,0.17200000000000032,-0.05227990614204872,1.2054400708709692
78,0.17600000000000032,-0.08334869324450908,1.1553137621236267
78,0.18000000000000033,-0.10593530000983985,0.8406561355377951
78,0.18400000000000033,-0.07030933003468652,0.41608627037540435
78,0.18800000000000033,-0.07845600970705731,0.048656985989476174
78,0.19200000000000034,-0.06426637038142013,-0.18157032634982734
78,0.19600000000000034,-0.09353453778417538,-0.2732888319570958
78,0.20000000000000034,-0.09459492757070016,-0.28067192234409344
78,0.20400000000000035,-0.10379721279249553,-0.31520236795666934
78,0.20800000000000035,-0.11023024304879249,-0.4436401688478641
78,0.21200000000000035,-0.05754241353452823,-0.6010306550935254
78,0.21600000000000036,-0.017270482278169155,-0.6695288919758292
78,0.22000000000000036,-0.04840781324906997,-0.5809446065385467
78,0.22400000000000037,-0.07845527377314329,-0.35368481307579125
78,0.22800000000000037,-0.011483405831714906,-0.0953426766383517
78,0.23200000000000037,0.08517528114952463,0.05688997013496231
78,0.23600000000000038,0.11023462205043713,0.026123161304943986
78,0.24000000000000038,0.12558985840482823,-0.16623637568396035
78,0.24400000000000038,0.11967920801868116,-0.4262679872305007
78,0.2480000000000004,0.08386998890930711,-0.6394202267860621
78,0.2520000000000004,-0.07731149005793016,-0.7177140311133026
78,0.2560000000000004,-0.17393865136546097,-0.6541821494629433
78,0.2600000000000004,-0.1664702612412322,-0.5482137454862399
78,0.2640000000000004,-0.21593771258994723,-0.5217854251438351
78,0.2680000000000004,-0.2566534000366191,-0.6169072996523784
78,0.2720000000000004,-0.29369919396188815,-0.8030818814032933
78,0.2760000000000004,-0.3399467916042254,-1.0017081854122607
78,0.2800000000000004,-0.23269281156141508,-1.086439692157999
78,0.2840000000000004,-0.10352904457446745,-0.9745555557253737
78,0.2880000000000004,-0.1072610740795478,-0.6991161854803962
78,0.2920000000000004,-0.012058575420649156,-0.33735211254667047
78,0.29600000000000043,0.09186756390045982,0.021097293113299317
78,0.30000000000000043,0.17703468328428448,0.2630357620687809
78,0.30400000000000044,0.2186710974153855,0.3605908639486156
78,0.30800000000000044,0.328230156706493,0.4049721889881788
78,0.31200000000000044,0.3615018445699978,0.45784073604417774
78,0.31600000000000045,0.31887022320015407,0.4988882496056746
78,0.32000000000000045,0.3032817607577245,0.5093049023351569
78,0.32400000000000045,0.24982812918345718,0.48635032222841823
78,0.32800000000000046,0.11908317518835879,0.418681059054926
78,0.33200000000000046,0.03882339618850943,0.3150786724002124
78,0.33600000000000046,0.00010545367400187919,0.21983634438607516
78,0.34000000000000047,-0.055495711914929025,0.19061441369665552
78,0.34400000000000047,-0.07553728460562613,0.2629866164880834
78,0.3480000000000005,-0.06226185363850068,0.40404033337150685
81,-0.18,0.042861626460484144,0.10690356161785805
81,-0.176,0.05956476089503937,0.07377153501123768
81,-0.172,0.06736982865933262,0.04824181318739102
81,-0.16799999999999998,0.026794815686829388,0.021481374780269076
81,-0.16399999999999998,-0.006125705910351018,-0.012128457051264864
81,-0.15999999999999998,0.0,-0.03496018128723458
81,-0.15599999999999997,0.02222456004831931,-0.03949340075609702
81,-0.15199999999999997,0.021251682357907656,-0.039564082103363686
81,-0.14799999999999996,0.0010523805039719279,-0.039921345770185086
81,-0.14399999999999996,-0.007326457058350919,-0.05927797948180808
81,-0.13999999999999996,-0.01008051582104514,-0.1245072391281712
81,-0.13599999999999995,-0.08712482590600688,-0.20815254677302977
81,-0.13199999999999995,-0.09009670350339398,-0.2563481081058425
81,-0.12799999999999995,-0.044977209697564836,-0.24057188101482732
81,-0.12399999999999994,-0.044934982245202405,-0.1465421027710934
81,-0.11999999999999994,-0.013781706701797772,0.0
81,-0.11599999999999994,0.024799974882735974,0.130364454075474
81,-0.11199999999999993,0.019502275664927533,0.20910609914433795
81,-0.10799999999999993,-0.007783316350712453,0.2446933412285438
81,-0.10399999999999993,0.05878216372823377,0.2432464472192601
81,-0.09999999999999992,0.092123798003557,0.20880644042470192
81,-0.09599999999999992,0.0936512318224464,0.14689973166339462
81,-0.09199999999999992,0.05379877714228517,0.05893206409063217
81,-0.08799999999999991,0.006151002402601814,-0.038289154067335546
81,-0.08399999999999991,0.01669940519614058,-0.11516621378714234
81,-0.0799999999999999,-0.00458695564313858,-0.1527535219885644
81,-0.0759999999999999,-0.03611893839882798,-0.1361086076003006
81,-0.0719999999999999,-0.03960212654678424,-0.058349506668382935
81,-0.0679999999999999,0.0021974487731998902,0.055906909183642765
81,-0.06399999999999989,-0.01518154411426165,0.165354723897569
81,-0.05999999999999989,-0.05293973340677732,0.23694235606864092
81,-0.05599999999999988,-0.047574181999283,0.25664525826999995
81,-0.05199999999999988,-0.06329534001281922,0.24012948527270225
81,-0.047999999999999876,-0.06984910638897701,0.21512548455122074
81,-0.04399999999999987,-0.06548247025804398,0.20683640714403195
81,-0.03999999999999987,-0.04356455247766125,0.24239045600098902
81,-0.035999999999999865,-0.07007360705765563,0.31578834392112326
81,-0.03199999999999986,-0.030775393767571362,0.38156243615789626
81,-0.02799999999999986,-0.009888047218335052,0.40986723320796065
81,-0.023999999999999855,0.006831781846518729,0.3874931324896284
81,-0.01999999999999985,-0.025216215902503492,0.30946535878107756
81,-0.015999999999999848,-0.06409061051501443,0.2032486354405249
81,-0.011999999999999844,-0.058018458643548605,0.09278665116224193
81,-0.00799999999999984,0.013362359684142795,-0.012289432940806876
81,-0.003999999999999837,0.031082042232978658,-0.08683214741810513
81,1.6653345369377348e-16,0.12104916054913027,-0.12687252252237344
81,0.00400000000000017,0.3310029574554916,-0.13786701638759805
81,0.008000000000000174,0.7040623598227292,-0.10402664000914993
81,0.012000000000000177,0.9420188476705781,-0.037448899292569254
81,0.01600000000000018,1.0,0.043575466622261146
81,0.020000000000000184,0.9128075520968532,0.12977275601820668
81,0.024000000000000188,0.7068749544597505,0.17870472929218756
81,0.02800000000000019,0.3734999224739146,0.1807635101000587
81,0.032000000000000195,-0.004936209706235045,0.14687533486298934
81,0.0360000000000002,-0.2638559944534241,0.01740864519780839
81,0.0400000000000002,-0.19171917449305656,-0.2222784865442086
81,0.044000000000000206,-0.03920947820193118,-0.46591415022598415
81,0.04800000000000021,-0.016806617396269992,-0.6106575923774864
81,0.05200000000000021,-0.036613918473842266,-0.5868315865430326
81,0.056000000000000216,-0.08362555419741975,-0.3433209346223776
81,0.06000000000000022,-0.2051257550308605,0.06470200124380832
81,0.06400000000000022,-0.32203777669991174,0.47747033082999313
81,0.06800000000000023,-0.33452460533228645,0.7290661225420038
81,0.07200000000000023,-0.32184287947968615,0.6939800153427662
81,0.07600000000000023,-0.3095939646935969,0.36054956028552493
81,0.08000000000000024,-0.3004949287528181,-0.11249671673044839
81,0.08400000000000024,-0.27990045728736823,-0.5015918274366148
81,0.08800000000000024,-0.21689559506269487,-0.6319369256969015
81,0.09200000000000025,-0.21602136071587869,-0.43302147432463484
81,0.09600000000000025,-0.1444200524499541,-0.005157065428515231
81,0.10000000000000026,-0.14878364561886467,0.4516779488060288
81,0.10400000000000026,-0.12108577154172405,0.7781957567387255
81,0.10800000000000026,-0.05602043149360459,0.8716654783766931
81,0.11200000000000027,0.04311729700786699,0.723292558285502
81,0.11600000000000027,0.12616696405543126,0.45041320646309824
81,0.12000000000000027,0.19687138820851902,0.17676604594901876
81,0.12400000000000028,0.13053167971801305,-0.019506575733930484
81,0.12800000000000028,0.038449330572158186,-0.06984407023631556
81,0.13200000000000028,0.046511761061620936,0.007393789779550944
81,0.1360000000000003,-0.043752647064801226,0.09351460021200474
81,0.1400000000000003,-0.12564556345243827,0.11745718619385918
81,0.1440000000000003,-0.12488291945224354,0.11928720711382321
81,0.1480000000000003,-0.09017931797407248,0.1745890904433369
81,0.1520000000000003,-0.11262354169382538,0.32681564623112375
81,0.1560000000000003,-0.13793784750312954,0.5761495314033784
81,0.1600000000000003,-0.17213262586474637,0.8496837494121237
81,0.1640000000000003,-0.12774731119252333,1.0
81,0.16800000000000032,-0.07820110105030632,0.933031796366895
81,0.17200000000000032,-0.017407235130717232,0.6515616079241817
81,0.17600000000000032,0.005011169857378945,0.21564540702524987
81,0.18000000000000033,0.013121794493012985,-0.17989644334231172
81,0.18400000000000033,0.03521061421838984,-0.3331695064060791
81,0.18800000000000033,0.011374449221931707,-0.25607268178989184
81,0.19200000000000034,-0.03168006194058391,-0.032780591936890646
81,0.19600000000000034,-0.08603331501177586,0.24827087934810782
81,0.20000000000000034,-0.1731865297789455,0.40722191046373074
81,0.20400000000000035,-0.16116704649825164,0.33691506544710303
81,0.20800000000000035,-0.08348128625898261,0.07390924572193733
81,0.21200000000000035,-0.011560860985915772,-0.2642370689371949
81,0.21600000000000036,0.07448965280143571,-0.47534574501137283
81,0.22000000000000036,0.14433572493606805,-0.4589606559393363
81,0.22400000000000037,0.039835924209722415,-0.29290719344901583
81,0.22800000000000037,0.021031602601228862,-0.06437921733325241
81,0.23200000000000037,0.11505034765140684,0.1196379634659082
81,0.23600000000000038,0.072837816714453,0.17943904396634128
81,0.24000000000000038,0.017678394765066437,0.1575976968580129
81,0.24400000000000038,0.008071410477290156,0.05540929245918869
81,0.2480000000000004,-0.12734158147260297,-0.11803723436364978
81,0.2520000000000004,-0.16196696685377407,-0.2278493170231523
81,0.2560000000000004,-0.30278183193395897,-0.25937692716545874
81,0.2600000000000004,-0.32162070318796904,-0.32230981211592674
81,0.2640000000000004,-0.29827260585556276,-0.43592798822761797
81,0.2680000000000004,-0.18863792736470333,-0.5660325983907645
81,0.2720000000000004,-0.08664280340320231,-0.6124836662301332
81,0.2760000000000004,-0.010500307293227016,-0.47023612625137245
81,0.2800000000000004,0.01871864850254215,-0.19689328118123806
81,0.2840000000000004,0.050830140536035545,0.12934365859852123
81,0.2880000000000004,-0.04225437450695671,0.44875198380954273
81,0.2920000000000004,0.006645335084069424,0.5941125938194483
81,0.29600000000000043,0.041475462758883176,0.4710212480475096
81,0.30000000000000043,0.002482349643726197,0.16523981567391538
81,0.30400000000000044,0.10105764902930818,-0.1796460674288177
81,0.30800000000000044,0.20353085149999203,-0.4005441520829881
81,0.31200000000000044,0.21482459774204965,-0.37726776293811715
81,0.31600000000000045,0.20977942260820923,-0.1177405603228141
81,0.32000000000000045,0.19612014707102673,0.26269055324053375
81,0.32400000000000045,0.03682594501452672,0.6144303615809386
81,0.32800000000000046,-0.08101867612183074,0.8219146627371213
81,0.33200000000000046,-0.13017054181064996,0.8208540777179705
81,0.33600000000000046,-0.15309948446961075,0.620233568908422
81,0.34000000000000047,-0.10689209600842804,0.32527830216394504
81,0.34400000000000047,-0.057416753742303345,0.0725358731114192
81,0.3480000000000005,0.016940288585822423,-0.04952826503177583
83,-0.18,0.007678672007784778,0.03157486092245431
83,-0.176,0.036239252284998885,0.02328140876874021
83,-0.172,0.016905376802453236,0.01607753627611893
83,-0.16799999999999998,0.0,0.009469075899364658
83,-0.16399999999999998,0.000877865656097645,0.0038428300727352846
83,-0.15999999999999998,0.004704806119091515,0.007440702668316335
83,-0.15599999999999997,0.01234698249227355,0.0202602466587727
83,-0.15199999999999997,0.052037442594344806,0.025361633647267942
83,-0.14799999999999996,0.06360118402388634,0.018368057966600886
83,-0.14399999999999996,0.02128350142252917,0.010776884704538808
83,-0.13999999999999996,0.001446259068530805,0.0013852170874761466
83,-0.13599999999999995,-0.010091716584124206,-0.011799108137829984
83,-0.13199999999999995,-0.01580774611259953,-0.01972886764588896
83,-0.12799999999999995,0.004427860101183052,-0.02620498291217106
83,-0.12399999999999994,0.023463746079262392,-0.0365582534068277
83,-0.11999999999999994,0.016015216263379487,-0.040290662081558244
83,-0.11599999999999994,0.00017736809321497183,-0.03797533264700713
83,-0.11199999999999993,-0.0077681865139073375,-0.03908553289041434
83,-0.10799999999999993,0.002904244818517943,-0.03931318621777547
83,-0.10399999999999993,0.008425016407260502,-0.03623537690493175
83,-0.09999999999999992,-0.010164819776236973,-0.033056286346971636
83,-0.09599999999999992,-0.020455892075534218,-0.027958180865346786
83,-0.09199999999999992,-0.017863947146390658,-0.0238936759350025
83,-0.08799999999999991,-0.021777064798099086,-0.023677837150022377
83,-0.08399999999999991,-0.019698275511667217,-0.0243816117916668
83,-0.0799999999999999,-0.021689660823466357,-0.02552717777672102
83,-0.0759999999999999,-0.05587984869610959,-0.019476929855188858
83,-0.0719999999999999,-0.09015719423532285,0.0
83,-0.0679999999999999,-0.09678175058495146,0.01943461842922285
83,-0.06399999999999989,-0.09236437050702531,0.031014050335796677
83,-0.05999999999999989,-0.09645003200003394,0.04191442149367487
83,-0.05599999999999988,-0.09614713820502459,0.050127772558158167
83,-0.05199999999999988,-0.07443913461761228,0.05085396797686904
83,-0.047999999999999876,-0.04976199917145491,0.046745783204988296
83,-0.04399999999999987,-0.05722687294589941,0.03958233599377647
83,-0.03999999999999987,-0.08587249879088747,0.033882368186418994
83,-0.035999999999999865,-0.08020516570055856,0.034147341944595025
83,-0.03199999999999986,-0.05409431619953767,0.03681833412466027
83,-0.02799999999999986,-0.047281736490979026,0.04048821775237871
83,-0.023999999999999855,-0.04901933468007301,0.046150315543519886
83,-0.01999999999999985,-0.05369383308798243,0.04878806619096105
83,-0.015999999999999848,-0.038324633981191965,0.04569447538220679
83,-0.011999999999999844,-0.03249692553686249,0.0379637587290944
83,-0.00799999999999984,-0.04594299947032729,0.026629243637431355
83,-0.003999999999999837,-0.03214669112261108,0.01809719242996867
83,1.6653345369377348e-16,0.07730266178721525,0.016681545607806415
83,0.00400000000000017,0.29818312418400095,0.02097607020182782
83,0.008000000000000174,0.5666968531789257,0.031210687490075183
83,0.012000000000000177,0.8537082479925266,0.041189024886384956
83,0.01600000000000018,1.0,0.04348548954564954
83,0.020000000000000184,0.8862624995827907,0.03969960049207831
83,0.024000000000000188,0.5740562739379889,0.028857317281574767
83,0.02800000000000019,0.07604450996864688,0.015672458744644294
83,0.032000000000000195,-0.486452125243063,0.003183250253221428
83,0.0360000000000002,-0.8193415631691864,-0.04429088605751807
83,0.0400000000000002,-0.8577683512910562,-0.16549635921291672
83,0.044000000000000206,-0.7225239241597279,-0.34025599346285945
83,0.04800000000000021,-0.495849940248778,-0.49917921833451523
83,0.05200000000000021,-0.2183452831489619,-0.5485000964199848
83,0.056000000000000216,-0.01947972268655945,-0.3978385000320266
83,0.06000000000000022,-0.01524417052248097,-0.027883126108677568
83,0.06400000000000022,-0.09623380593147182,0.45912868130408185
83,0.06800000000000023,-0.15866065254640313,0.8670901850848701
83,0.07200000000000023,-0.15611697345162728,1.0
83,0.07600000000000023,-0.08972137481122335,0.7597564608327314
83,0.08000000000000024,-0.03419253858855589,0.19867517603913654
83,0.08400000000000024,-0.04650106837735963,-0.4810026361659966
83,0.08800000000000024,-0.11340011663443093,-0.9976961103620664
83,0.09200000000000025,-0.14828466687229966,-1.1255282478354882
83,0.09600000000000025,-0.12721278973873795,-0.8137065204577383
83,0.10000000000000026,-0.08111657396442078,-0.20858358852455247
83,0.10400000000000026,-0.0341522965934234,0.4232839952148914
83,0.10800000000000026,-0.0034194786367642226,0.8212128662236218
83,0.11200000000000027,-0.0664894058331533,0.8532502220733373
83,0.11600000000000027,-0.13360697082494674,0.5674087250269303
83,0.12000000000000027,-0.08584668215227849,0.13995259208265545
83,0.12400000000000028,-0.02165476977245666,-0.22536507477338272
83,0.12800000000000028,-0.00398829323847328,-0.3958862432759206
83,0.13200000000000028,-0.013711363071113342,-0.36856804361048195
83,0.1360000000000003,-0.03929338046682967,-0.24053980170060726
83,0.1400000000000003,-0.0843121529513722,-0.11186145566963379
83,0.1440000000000003,-0.17002690353912875,-0.008223624988263527
83,0.1480000000000003,-0.23293931605408036,0.10393048786804676
83,0.1520000000000003,-0.1714008659092476,0.24788352152560783
83,0.1560000000000003,-0.055021830620593945,0.4211016953967482
83,0.1600000000000003,0.05259990712914367,0.6025027992154584
83,0.1640000000000003,0.10763401255780651,0.711198629516844
83,0.16800000000000032,0.08971520438463582,0.6214770488319549
83,0.17200000000000032,0.032558842299882346,0.28255019644370627
83,0.17600000000000032,-0.008407342004744613,-0.2070215761824018
83,0.18000000000000033,-0.0292683754845976,-0.6588202932392365
83,0.18400000000000033,-0.046068848363035424,-0.8982371371407285
83,0.18800000000000033,-0.04008280417672332,-0.8193242821411769
83,0.19200000000000034,-0.02370813768476493,-0.4387624376374628
83,0.19600000000000034,-0.02412041998312907,0.06274017724527653
83,0.20000000000000034,-0.05501065242326243,0.45148377387434724
83,0.20400000000000035,-0.11711762905358228,0.5916226261592158
83,0.20800000000000035,-0.18059564270450323,0.4574059999865234
83,0.21200000000000035,-0.20284941494369396,0.13493177931567032
83,0.21600000000000036,-0.17125189308946925,-0.1925238832764761
83,0.22000000000000036,-0.10001175239751156,-0.3840011264871023
83,0.22400000000000037,-0.04272360745254347,-0.4102807722379235
83,0.22800000000000037,-0.056467456531855226,-0.3052502275002754
83,0.23200000000000037,-0.08875434606659091,-0.14967492268060373
83,0.23600000000000038,-0.1022449358186616,-0.024594995970286374
83,0.24000000000000038,-0.12005108816472622,0.057422543233993845
83,0.24400000000000038,-0.09624921377403672,0.1235062962054582
83,0.2480000000000004,-0.06043380909453671,0.17963880523746628
83,0.2520000000000004,-0.08412453944108571,0.1912097694189048
83,0.2560000000000004,-0.134648979426899,0.09854680635095267
83,0.2600000000000004,-0.1375370884954397,-0.13026110699539084
83,0.2640000000000004,-0.0682311244168858,-0.45474326789191677
83,0.2680000000000004,-0.020082526703900545,-0.7632495155651055
83,0.2720000000000004,-0.06352540478916868,-0.9031336449010807
83,0.2760000000000004,-0.09105343524669848,-0.7486293241496791
83,0.2800000000000004,-0.07270305865779318,-0.29336627885304845
83,0.2840000000000004,-0.07357219110962941,0.3173158316380064
83,0.2880000000000004,-0.051252209873578536,0.842225991290432
83,0.2920000000000004,-0.01814908202891821,1.0517634705042969
83,0.29600000000000043,-0.041128035044244594,0.8595641343942081
83,0.30000000000000043,-0.06458933609778562,0.3762402320263349
83,0.30400000000000044,-0.036928549482796565,-0.16936147098149854
83,0.30800000000000044,-0.040320458850163436,-0.5362703172419129
83,0.31200000000000044,-0.10426100655317774,-0.5768875763024088
83,0.31600000000000045,-0.14980143309389318,-0.32484593520941313
83,0.32000000000000045,-0.18058760929369805,0.05051278418228269
83,0.32400000000000045,-0.1533669049354077,0.36926929814514636
83,0.32800000000000046,-0.08853857427187553,0.520288940927475
83,0.33200000000000046,-0.09929866675079199,0.49337405607757207
83,0.33600000000000046,-0.10171092650501891,0.35324774134981374
83,0.34000000000000047,-0.06327165520183452,0.18304060467039207
83,0.34400000000000047,-0.04887604035747047,0.050837757322012254
83,0.3480000000000005,-0.048944860070694686,-0.027433069786725883
91,-0.18,0.06029034433620125,0.004627695186322878
91,-0.176,-0.005635640811386414,0.03754749697109382
91,-0.172,-0.06928962228810386,0.06753824209698048
91,-0.16799999999999998,-0.04226666462520104,0.08987670868775731
91,-0.16399999999999998,-0.08588084317201473,0.08415426191278928
91,-0.15999999999999998,-0.09584856458096373,0.05989447404055842
91,-0.15599999999999997,-0.04739452150473109,0.0359431871682943
91,-0.15199999999999997,0.022799442017040657,0.011412620799129334
91,-0.14799999999999996,0.06220805594121088,0.0
91,-0.14399999999999996,0.006580463019926594,0.009342623390877648
91,-0.13999999999999996,0.007089509631789756,0.01607406062702858
91,-0.13599999999999995,0.008620195578386584,0.02750598957886527
91,-0.13199999999999995,0.006266400453379944,0.06946355322612062
91,-0.12799999999999995,0.01013482226375085,0.11047671781260793
91,-0.12399999999999994,0.010005304189851079,0.11302399406063143
91,-0.11999999999999994,0.0,0.08517150260328556
91,-0.11599999999999994,-0.0471308710487965,0.03309927999936005
91,-0.11199999999999993,-0.07178042890173823,-0.032561834539605615
91,-0.10799999999999993,0.037133662889345,-0.08770672320043009
91,-0.10399999999999993,0.05532169928633953,-0.12959975798307533
91,-0.09999999999999992,-0.025715884018403534,-0.148704396282837
91,-0.09599999999999992,-0.012499284484656243,-0.1303210312408932
91,-0.09199999999999992,-0.037415787247610674,-0.09658495042809222
91,-0.08799999999999991,-0.02553678372328718,-0.06670245469015784
91,-0.08399999999999991,-0.04225144599450726,-0.042505547130281394
91,-0.0799999999999999,-0.013221052615033254,-0.03794931730509126
91,-0.0759999999999999,0.014799267572410934,-0.04925537002539117
91,-0.0719999999999999,0.04109093095294401,-0.05815950221325691
91,-0.0679999999999999,0.07084364383334152,-0.06775079754393981
91,-0.06399999999999989,0.012344028820977392,-0.08155634460031586
91,-0.05999999999999989,-0.05220431461367803,-0.09436944245437164
91,-0.05599999999999988,-0.028450543975235387,-0.09891146181739137
91,-0.05199999999999988,0.03901102662419933,-0.08923155437387906
91,-0.047999999999999876,0.033130060303299506,-0.08451552193837136
91,-0.04399999999999987,0.11216824219170013,-0.09720787813662382
91,-0.03999999999999987,0.1190550821448409,-0.10671105683080218
91,-0.035999999999999865,0.11137837982873815,-0.11164363223006284
91,-0.03199999999999986,0.10762749747050972,-0.11626390114492123
91,-0.02799999999999986,0.09907586946438568,-0.09849416338443875
91,-0.023999999999999855,0.11688131934308593,-0.062501139966534
91,-0.01999999999999985,0.13138330417633431,-0.038027850572222285
91,-0.015999999999999848,0.11778215406348003,-0.030659343338275753
91,-0.011999999999999844,0.11326634150479276,-0.027497103343670982
91,-0.00799999999999984,0.10718448497046373,-0.02320012213856902
91,-0.003999999999999837,0.08325084119363847,-0.02392956624808087
91,1.6653345369377348e-16,0.1371574802982397,-0.02899262616767606
91,0.00400000000000017,0.3636369336390915,-0.029565028211826046
91,0.008000000000000174,0.6325824803810676,-0.01960936013326508
91,0.012000000000000177,0.792644741424577,0.003860365537531942
91,0.01600000000000018,0.9209993682067028,0.02817762101846321
91,0.020000000000000184,1.0,0.038541248633661186
91,0.024000000000000188,0.9053803638899087,0.032986399718476854
91,0.02800000000000019,0.6802079983180633,0.02064225839916095
91,0.032000000000000195,0.3103031229544549,0.026859426586062732
91,0.0360000000000002,-0.10612025930307172,0.015970642879570972
91,0.0400000000000002,-0.2698488717287203,-0.09805291977112676
91,0.044000000000000206,-0.2632828372356604,-0.2895987500137598
91,0.04800000000000021,-0.3116465488555725,-0.47202291053708695
91,0.05200000000000021,-0.3470988839440621,-0.5932293999299144
91,0.056000000000000216,-0.33840340580883777,-0.5528562752802084
91,0.06000000000000022,-0.2564486282077772,-0.28621585389280824
91,0.06400000000000022,-0.1860006530811103,0.1367437374194146
91,0.06800000000000023,-0.2778917644231838,0.6096786906136563
91,0.07200000000000023,-0.3510199519186344,0.9664413749759968
91,0.07600000000000023,-0.3326598519917377,1.0
91,0.08000000000000024,-0.2568571766062625,0.6851099694084583
91,0.08400000000000024,-0.14034805431515754,0.17219986145373403
91,0.08800000000000024,0.01919269976634303,-0.37004911618158837
91,0.09200000000000025,0.13399070837437066,-0.7428167430821776
91,0.09600000000000025,0.19016684291956942,-0.7949446184804209
91,0.10000000000000026,0.223237324763131,-0.554421595456626
91,0.10400000000000026,0.20390366350282021,-0.13000159333097766
91,0.10800000000000026,0.15851514434097919,0.32974092664530763
91,0.11200000000000027,0.16009687364322164,0.6207465812362433
91,0.11600000000000027,0.15955584716625157,0.6622939950336852
91,0.12000000000000027,0.0896640104151357,0.4901682247812289
91,0.12400000000000028,0.04246910738131096,0.14171028745649702
91,0.12800000000000028,0.07013897141679344,-0.2170660284066527
91,0.13200000000000028,0.054417982117579616,-0.4167841837977517
91,0.1360000000000003,-0.03624502867626879,-0.4934042554263809
91,0.1400000000000003,-0.07675736589859278,-0.45880590361473805
91,0.1440000000000003,-0.060589511961352135,-0.28428413312570616
91,0.1480000000000003,-0.07545021164432443,-0.057192668535638855
91,0.1520000000000003,-0.07151985746129422,0.20545683278740487
91,0.1560000000000003,-0.0030495989207944708,0.48604220153335614
91,0.1600000000000003,0.04212304870952639,0.6510989618207594
91,0.1640000000000003,0.014358849031733114,0.7158046187150875
91,0.16800000000000032,-0.0734017635805834,0.7140367959745112
91,0.17200000000000032,-0.020540643105299513,0.5212532476089342
91,0.17600000000000032,-0.008231108098720817,0.15135594715257952
91,0.18000000000000033,-0.13108041904911222,-0.25252424554366665
91,0.18400000000000033,-0.14677199798816348,-0.5801205552717331
91,0.18800000000000033,-0.09286348495299979,-0.7129448519564745
91,0.19200000000000034,-0.13274809829914982,-0.6415653934026655
91,0.19600000000000034,-0.16201838431215382,-0.4381479626928495
91,0.20000000000000034,-0.0903119686757786,-0.12685609110334187
91,0.20400000000000035,-0.00472111261108783,0.17900619584071975
91,0.20800000000000035,0.0071536787296802105,0.30993901961697823
91,0.21200000000000035,0.046641887473594594,0.2421396353007673
91,0.21600000000000036,0.05500287864130965,0.0625335215934789
91,0.22000000000000036,0.05689544488526364,-0.1417469164820877
91,0.22400000000000037,0.04661347338974666,-0.30891803147870406
91,0.22800000000000037,0.0421031139912289,-0.40043395892601297
91,0.23200000000000037,0.05557597053229495,-0.3908527500186235
91,0.23600000000000038,-0.0028476843091615944,-0.26141894635895174
91,0.24000000000000038,-0.08078936932601857,-0.03441073332510936
91,0.24400000000000038,-0.08352264180290375,0.19284241545895894
91,0.2480000000000004,-0.08326902361622124,0.3274303644755968
91,0.2520000000000004,-0.07961197443927126,0.3532330045849065
91,0.2560000000000004,-0.07074024232947536,0.25865312060769763
91,0.2600000000000004,-0.00015288714209293756,0.0018774157079076712
91,0.2640000000000004,-0.049753279083739374,-0.3826078606926625
91,0.2680000000000004,-0.0636716318107518,-0.7440609272385474
91,0.2720000000000004,-0.1101580254647598,-0.9462435687193138
91,0.2760000000000004,-0.09671450399236937,-0.929221519795348
91,0.2800000000000004,0.0270165478302079,-0.6646419831696506
91,0.2840000000000004,0.08800235632403217,-0.22294802226410415
91,0.2880000000000004,0.04857383937296663,0.22283896923846155
91,0.2920000000000004,0.014294563978220905,0.5412145691070117
91,0.29600000000000043,0.05029016890061896,0.6615974919750639
91,0.30000000000000043,0.12360402612060908,0.5568193388082104
91,0.30400000000000044,0.1959111903713271,0.2923862264037237
91,0.30800000000000044,0.21624124218903903,-0.008921851669231292
91,0.31200000000000044,0.20982043565884823,-0.2318102552909325
91,0.31600000000000045,0.14416865392490386,-0.3062557123855175
91,0.32000000000000045,0.04534406805284832,-0.2394575309053662
91,0.32400000000000045,-0.07992693053259545,-0.08081292710853674
91,0.32800000000000046,-0.15214041059045205,0.11708995105773569
91,0.33200000000000046,-0.17788363347456507,0.2876603015401743
91,0.33600000000000046,-0.1674633038355297,0.3835058393336271
91,0.34000000000000047,-0.1823786342871296,0.39888583343133854
91,0.34400000000000047,-0.20986248502269794,0.31271053027570495
91,0.3480000000000005,-0.18126742311115465,0.1252213778062301
95,-0.18,0.05512487800550653,0.02651648876012088
95,-0.176,0.03436184045758139,0.0790369664786587
95,-0.172,0.0,0.10086201456503328
95,-0.16799999999999998,-0.010802411803248209,0.11214309807436233
95,-0.16399999999999998,-0.032813167767914715,0.1005780296512576
95,-0.15999999999999998,-0.02695910394165652,0.062132735648291706
95,-0.15599999999999997,-0.019273966190855755,0.02928896192844029
95,-0.15199999999999997,0.02713830868726039,0.020506019821484693
95,-0.14799999999999996,0.051925236606044825,0.03308952269883526
95,-0.14399999999999996,-0.01872092252424181,0.0683615867398391
95,-0.13999999999999996,-0.05352075357579221,0.11408081429411271
95,-0.13599999999999995,0.01154712350483295,0.1398002177708101
95,-0.13199999999999995,0.006978305072610219,0.1282674851423017
95,-0.12799999999999995,-0.027001327497456405,0.08663651986462208
95,-0.12399999999999994,-0.02581257006233253,0.02819243522236092
95,-0.11999999999999994,0.00040178827034792415,-0.039580684040844916
95,-0.11599999999999994,0.015602788398622287,-0.09943685020018891
95,-0.11199999999999993,0.026711134228249195,-0.12344522137112125
95,-0.10799999999999993,0.07583955844096338,-0.10893289196746786
95,-0.10399999999999993,0.025060134536258032,-0.07715782961313757
95,-0.09999999999999992,-0.003543967224067831,-0.037769737570945955
95,-0.09599999999999992,0.006924239223712131,0.0
95,-0.09199999999999992,-0.02364814441395782,0.013624676562252616
95,-0.08799999999999991,0.003106673035859,-0.0015835980531859755
95,-0.08399999999999991,0.06043989652022977,-0.030422210204635095
95,-0.0799999999999999,-0.005498544117313257,-0.0638561759765375
95,-0.0759999999999999,-0.016020279922623934,-0.0857677949572595
95,-0.0719999999999999,0.008299558707624182,-0.07340095540939749
95,-0.0679999999999999,-0.023231814980923648,-0.0398099421570541
95,-0.06399999999999989,-0.09574623194883744,-0.022158740651248288
95,-0.05999999999999989,-0.03871376850970951,-0.02985843343195704
95,-0.05599999999999988,-0.003213953462158314,-0.04948446551577072
95,-0.05199999999999988,0.06658968789347038,-0.07258180896638211
95,-0.047999999999999876,0.10696463997299217,-0.09136891023583586
95,-0.04399999999999987,0.11236659358631951,-0.09463644558295951
95,-0.03999999999999987,0.08700314716295532,-0.08446711042485058
95,-0.035999999999999865,0.03545823454234612,-0.079190886035735
95,-0.03199999999999986,-0.015565408274027075,-0.08222626661123329
95,-0.02799999999999986,-0.0728568721220731,-0.08032528171151701
95,-0.023999999999999855,-0.08936776744128164,-0.08462319649192572
95,-0.01999999999999985,-0.07712428396185794,-0.10919541276191902
95,-0.015999999999999848,-0.06762157874258651,-0.12939943639663967
95,-0.011999999999999844,-0.0450283170180523,-0.12498526916575844
95,-0.00799999999999984,-0.015769778007140276,-0.09648661934658342
95,-0.003999999999999837,-0.03586611298314159,-0.03254247092080921
95,1.6653345369377348e-16,0.014721946907141565,0.05832599208565266
95,0.00400000000000017,0.3083895380431073,0.13794225684125894
95,0.008000000000000174,0.5924108125078389,0.18320018735797478
95,0.012000000000000177,0.7912744682592969,0.18588332512181047
95,0.01600000000000018,0.9725286877604129,0.14847404542576229
95,0.020000000000000184,1.0,0.08151602999731486
95,0.024000000000000188,0.852523977069819,0.0003444135137594248
95,0.02800000000000019,0.6137601392493414,-0.0462972757575879
95,0.032000000000000195,0.23777514612720552,-0.04489820817182891
95,0.0360000000000002,-0.09352783075600025,-0.07940338836168134
95,0.0400000000000002,-0.21002314346117315,-0.19383069625696292
95,0.044000000000000206,-0.20906461569562992,-0.34669487981054814
95,0.04800000000000021,-0.19978931284398,-0.5072684697637151
95,0.05200000000000021,-0.16501559278147654,-0.5848136226265995
95,0.056000000000000216,-0.22545535555206928,-0.43528255940340166
95,0.06000000000000022,-0.3070660920372421,-0.06770346987836472
95,0.06400000000000022,-0.35817697470345333,0.3836711269893173
95,0.06800000000000023,-0.4056963836842648,0.7967469782343458
95,0.07200000000000023,-0.4059561127631574,1.0
95,0.07600000000000023,-0.3181714046965277,0.8406210357855461
95,0.08000000000000024,-0.2354948891604242,0.3823985162274863
95,0.08400000000000024,-0.14964107275648375,-0.15733838559538038
95,0.08800000000000024,-0.08638425572125218,-0.5536708345408672
95,0.09200000000000025,-0.016135895630202554,-0.6245856980155222
95,0.09600000000000025,0.012437610233852033,-0.3468167456608086
95,0.10000000000000026,0.0023044499036057073,0.11919702339166077
95,0.10400000000000026,-0.04448315051807435,0.5574127096805405
95,0.10800000000000026,-0.04798842943224788,0.7673618743756209
95,0.11200000000000027,0.026448816930307668,0.6611748546969922
95,0.11600000000000027,0.05148836650641315,0.323871647084314
95,0.12000000000000027,0.10622637316615663,-0.0946311329407771
95,0.12400000000000028,0.16632013655299555,-0.40753261208466335
95,0.12800000000000028,0.13184376797735195,-0.456470132234733
95,0.13200000000000028,0.07130987924405811,-0.2994230345289794
95,0.1360000000000003,-0.0004302021454301862,-0.10122814428812249
95,0.1400000000000003,-0.10950406000553109,0.045461043669950095
95,0.1440000000000003,-0.12336667658288723,0.07979158566977745
95,0.1480000000000003,-0.09309208960641775,0.036631460366249396
95,0.1520000000000003,-0.06912698732589513,0.04278619089563532
95,0.1560000000000003,-0.055190408742957775,0.15958284116149601
95,0.1600000000000003,-0.04903166632024183,0.39336441261437716
95,0.1640000000000003,-0.09380278184119505,0.6649849837217855
95,0.16800000000000032,-0.09659316297865791,0.7796934030686581
95,0.17200000000000032,0.005016321903077394,0.6272278348671118
95,0.17600000000000032,0.04931478204275373,0.2516365784075659
95,0.18000000000000033,0.03946003930463138,-0.21522676149419437
95,0.18400000000000033,0.03881644403852953,-0.5685653795801169
95,0.18800000000000033,0.048563142373213845,-0.6632093986404316
95,0.19200000000000034,0.009597453800184078,-0.5079858985261873
95,0.19600000000000034,-0.06686307046917148,-0.20905321984473704
95,0.20000000000000034,-0.03392234067982263,0.05390189805438742
95,0.20400000000000035,0.02724620546167382,0.10661966966513071
95,0.20800000000000035,-0.0018088639694216779,-0.08072134361295084
95,0.21200000000000035,-0.028049081039832315,-0.3805395695985929
95,0.21600000000000036,-0.017139429650530332,-0.5958877257445315
95,0.22000000000000036,-0.02591224123562153,-0.5794799176887983
95,0.22400000000000037,0.012031131822531483,-0.32282455178496927
95,0.22800000000000037,0.019425308155467405,0.04920017696308736
95,0.23200000000000037,-0.013925137532678126,0.3450448111363488
95,0.23600000000000038,-0.02268921569645388,0.4360487260857012
95,0.24000000000000038,-0.0037119934162003184,0.34373443962012806
95,0.24400000000000038,0.00562002605712055,0.14617780358839355
95,0.2480000000000004,-0.007142696216959962,-0.07344620363532625
95,0.2520000000000004,-0.04268431298080678,-0.18842416838106468
95,0.2560000000000004,-0.0964134970646322,-0.16763955512600934
95,0.2600000000000004,-0.12327946087145845,-0.1458238330811169
95,0.2640000000000004,-0.140984365365457,-0.2246707427796632
95,0.2680000000000004,-0.14036276454662996,-0.3962390670020193
95,0.2720000000000004,-0.15565470778302265,-0.5936173835337685
95,0.2760000000000004,-0.12179467117093838,-0.6687529031812498
95,0.2800000000000004,-0.07978713159428595,-0.49816609450928057
95,0.2840000000000004,-0.06551881715745222,-0.1227520494627824
95,0.2880000000000004,-0.05900501269477907,0.31224338626118975
95,0.2920000000000004,-0.029336936835909422,0.6401253250763803
95,0.29600000000000043,0.0410480602500873,0.7209305224457668
95,0.30000000000000043,0.07406322351236867,0.5311896158639577
95,0.30400000000000044,0.07881191922707402,0.18603194530111786
95,0.30800000000000044,0.09609708715479894,-0.11206052326814743
95,0.31200000000000044,0.08465644536034966,-0.17666109557474152
95,0.31600000000000045,0.027890003266435634,0.009297366435844648
95,0.32000000000000045,-0.0231361977974306,0.3058524116725073
95,0.32400000000000045,-0.039115055705846,0.5666550560541109
95,0.32800000000000046,-0.053011712644739195,0.6669444178418746
95,0.33200000000000046,-0.0940469535424131,0.5353925234191496
95,0.33600000000000046,-0.1365566328973614,0.2463083141812343
95,0.34000000000000047,-0.11492215806163757,-0.05114400214160331
95,0.34400000000000047,-0.10740623569830733,-0.24779028528105498
95,0.3480000000000005,-0.09779402100326218,-0.2936100031371399
98,-0.18,0.014671663042219337,0.1294773093036688
98,-0.176,0.014024766215947863,0.15354786465388043
98,-0.172,-0.10258353166882575,0.1319932655057801
98,-0.16799999999999998,-0.04325157201613782,0.07571761279146548
98,-0.16399999999999998,0.07895053304260223,0.011548640646144815
98,-0.15999999999999998,0.051654541940521013,-0.03136278130016272
98,-0.15599999999999997,-0.05081827505739448,-0.03916451684332476
98,-0.15199999999999997,-0.08553948426109301,-0.008995174960506482
98,-0.14799999999999996,0.04756975527519374,0.04673091422355595
98,-0.14399999999999996,0.21992652518257697,0.08866960563385226
98,-0.13999999999999996,0.24244146771056088,0.09074808115616533
98,-0.13599999999999995,0.185290431632111,0.06390819143910147
98,-0.13199999999999995,0.296306059796895,0.0273478652950399
98,-0.12799999999999995,0.25906271438465533,0.0
98,-0.12399999999999994,-0.017218305678755423,-0.01737976764572894
98,-0.11999999999999994,-0.2051904766418319,-0.04679428933498119
98,-0.11599999999999994,-0.1810736554695639,-0.09991305205994144
98,-0.11199999999999993,-0.27067138548577546,-0.1834272242391204
98,-0.10799999999999993,-0.2033675351527201,-0.27191763507108835
98,-0.10399999999999993,-0.019368381892421207,-0.2898120766510221
98,-0.09999999999999992,-0.033048877877717084,-0.20950062108006248
98,-0.09599999999999992,-0.022890317078965217,-0.06350058803753188
98,-0.09199999999999992,-0.08672271010210335,0.11808122911197358
98,-0.08799999999999991,-0.176972667174742,0.2686763221948582
98,-0.08399999999999991,-0.09504371096852193,0.31012930883150697
98,-0.0799999999999999,0.09675846720370146,0.22804126849720888
98,-0.0759999999999999,0.2083602780015185,0.037713986314352285
98,-0.0719999999999999,0.18701377881347014,-0.20728437202195038
98,-0.0679999999999999,0.2163083457110087,-0.38413744617149276
98,-0.06399999999999989,0.2172507916287173,-0.40479593470518055
98,-0.05999999999999989,0.11335938549073246,-0.2802082966035879
98,-0.05599999999999988,0.0,-0.06975150802152175
98,-0.05199999999999988,-0.09717920564549272,0.12886548649113544
98,-0.047999999999999876,-0.09867992985954774,0.2156724554598737
98,-0.04399999999999987,-0.07258246394193864,0.1862685034099842
98,-0.03999999999999987,-0.05004494083996329,0.10528985929870606
98,-0.035999999999999865,0.03394768673645613,0.021148790602702017
98,-0.03199999999999986,0.08656455833041447,-0.023381908405623125
98,-0.02799999999999986,0.08785037804949569,-0.010393869113145661
98,-0.023999999999999855,0.0849382260443528,0.023785782474853925
98,-0.01999999999999985,0.07467505716829727,0.0551000694504004
98,-0.015999999999999848,0.0772034700517432,0.07038977037894141
98,-0.011999999999999844,0.15045344580669295,0.044296501358130944
98,-0.00799999999999984,0.1367449039177487,0.01834662928448105
98,-0.003999999999999837,0.14390844620624052,0.059340721708169786
98,1.6653345369377348e-16,0.290468512405656,0.15949272427755604
98,0.00400000000000017,0.2955721219640722,0.27969941627263667
98,0.008000000000000174,0.40178364863229094,0.36195583350520355
98,0.012000000000000177,0.549709640271181,0.33779436903753174
98,0.01600000000000018,0.6701319332174988,0.20221306133402678
98,0.020000000000000184,0.7482726839654262,-0.00286238683463254
98,0.024000000000000188,0.8814480893240134,-0.20325755935223086
98,0.02800000000000019,0.8828268600728206,-0.3019415230368778
98,0.032000000000000195,0.9639987386621713,-0.26405718344457857
98,0.0360000000000002,1.0,-0.12775241192147935
98,0.0400000000000002,0.795901445031242,0.020655708901294655
98,0.044000000000000206,0.2901296253765676,0.08369118923645681
98,0.04800000000000021,-0.11251553808208171,0.02911846005564323
98,0.05200000000000021,-0.5699317945880202,-0.1198516551858626
98,0.056000000000000216,-0.9226640930590821,-0.2856693584046447
98,0.06000000000000022,-0.9608283629619103,-0.37031115043317286
98,0.06400000000000022,-0.832999165700843,-0.3676343586352507
98,0.06800000000000023,-0.49500352701140815,-0.2772052261547906
98,0.07200000000000023,0.07829578387749855,-0.06300943155964117
98,0.07600000000000023,0.2871241132238981,0.19417251627607202
98,0.08000000000000024,0.17345312263022333,0.39937462192752576
98,0.08400000000000024,0.14215237964177962,0.5646783358368936
98,0.08800000000000024,0.324529363337822,0.6414356192414835
98,0.09200000000000025,0.5824291123833122,0.530879447589108
98,0.09600000000000025,0.6824306673081028,0.25469373716076776
98,0.10000000000000026,0.4843635676076743,-0.12369254495536303
98,0.10400000000000026,0.12927331724783214,-0.5628697676319954
98,0.10800000000000026,-0.1164101598031395,-0.9154912058268866
98,0.11200000000000027,-0.2130194301281289,-1.0
98,0.11600000000000027,-0.2755646829074789,-0.78800976353008
98,0.12000000000000027,-0.26215238409266706,-0.3604184243331771
98,0.12400000000000028,-0.1949095093493004,0.13842886452599587
98,0.12800000000000028,-0.1347668701011542,0.5087748140076861
98,0.13200000000000028,-0.024516673880720576,0.6497822379044473
98,0.1360000000000003,-0.1309054510795259,0.6046363974905021
98,0.1400000000000003,-0.34406113667004773,0.46872657244961
98,0.1440000000000003,-0.34631155403704383,0.32527457770186874
98,0.1480000000000003,-0.25331376609168665,0.18623294354593642
98,0.1520000000000003,-0.1244199971201042,0.06491377141330099
98,0.1560000000000003,-0.0754418053505886,0.01186294233454485
98,0.1600000000000003,-0.0743927361071623,-0.00519197712279625
98,0.1640000000000003,-0.07001414851888922,-0.004481642413868469
98,0.16800000000000032,0.015603172574619116,0.0892455220850933
98,0.17200000000000032,0.14989058638467298,0.2650823581552269
98,0.17600000000000032,0.46126847641203256,0.45420980377638004
98,0.18000000000000033,0.5339048757478287,0.6094856573282136
98,0.18400000000000033,0.4490804858768505,0.6084147330480566
98,0.18800000000000033,0.4789719762554657,0.37953831882463873
98,0.19200000000000034,0.2266338025173285,0.018780677858796294
98,0.19600000000000034,0.07340307379585247,-0.36115718822970777
98,0.20000000000000034,-0.03736964879140547,-0.6518215166074883
98,0.20400000000000035,0.031081784686701964,-0.7246455865218278
98,0.20800000000000035,-0.021805162027966132,-0.5477990602716113
98,0.21200000000000035,0.10856228252571191,-0.19562957803409442
98,0.21600000000000036,0.14125338230379936,0.20631541494392364
98,0.22000000000000036,0.0882046142252931,0.5072779564157558
98,0.22400000000000037,0.12354747628843854,0.6355093829441257
98,0.22800000000000037,0.09428161615280031,0.6261550288012516
98,0.23200000000000037,0.06568654414171668,0.5135632557390765
98,0.23600000000000038,0.10258929124019915,0.33876259330985214
98,0.24000000000000038,0.1377213184405233,0.16903320312310655
98,0.24400000000000038,0.24038407708046575,-0.02093967546829034
98,0.2480000000000004,0.3451088967656037,-0.26556060149171967
98,0.2520000000000004,0.10605612079938012,-0.46570200244340876
98,0.2560000000000004,-0.13128887292109076,-0.575684691638633
98,0.2600000000000004,-0.14578875197182828,-0.6172698380523243
98,0.2640000000000004,-0.2275868654559054,-0.5027625447126406
98,0.2680000000000004,-0.16563089833353759,-0.25164836349279773
98,0.2720000000000004,0.055718344260900964,-0.06816874958239166
98,0.2760000000000004,0.1719423951698111,-0.03777751302860592
98,0.2800000000000004,0.14298443353555895,-0.13902585136299467
98,0.2840000000000004,0.18905768291976577,-0.35314382328053207
98,0.2880000000000004,0.23744016745835528,-0.5441688081674437
98,0.2920000000000004,0.176398902456646,-0.5290483809798859
98,0.29600000000000043,0.12369680933575902,-0.2611242765362822
98,0.30000000000000043,0.3474088338006938,0.16617400757795764
98,0.30400000000000044,0.45266525864880397,0.5718491434942307
98,0.30800000000000044,0.31968061910604995,0.7680802324881294
98,0.31200000000000044,0.22146400580197687,0.6722542801792101
98,0.31600000000000045,0.2518952447697474,0.3453672823482062
98,0.32000000000000045,0.19829168824284985,-0.023116907377193588
98,0.32400000000000045,0.07460065120206598,-0.22927643970732156
98,0.32800000000000046,-0.027492073590504883,-0.24543484755308867
98,0.33200000000000046,-0.05215274648756309,-0.17482169145201215
98,0.33600000000000046,-0.04097478625894589,-0.08201160496802969
98,0.34000000000000047,0.07029577585081202,-0.050873934360040854
98,0.34400000000000047,0.096736387721785,-0.1594821319324114
98,0.3480000000000005,0.08617343126814823,-0.308148908071
109,-0.18,0.10677717834462291,0.031976544913811154
109,-0.176,0.0452509310392648,0.030560655558928815
109,-0.172,-0.0028334421839995337,0.0886710984778089
109,-0.16799999999999998,-0.006678477783937597,0.17906192853418693
109,-0.16399999999999998,0.017215997898799226,0.25096881418635186
109,-0.15999999999999998,-0.025087966891412707,0.2815230020952513
109,-0.15599999999999997,-0.09041205103346574,0.25679937185359764
109,-0.15199999999999997,-0.10284624056772744,0.16935211810006112
109,-0.14799999999999996,-0.03564408084200053,0.04861840974975886
109,-0.14399999999999996,0.005840261599045698,-0.05271303704983031
109,-0.13999999999999996,0.0,-0.08911132700627762
109,-0.13599999999999995,-0.00037897315677071084,-0.046350775397812946
109,-0.13199999999999995,-0.042258000360734016,0.04507794052936765
109,-0.12799999999999995,-0.05915928453578644,0.13540036822198134
109,-0.12399999999999994,0.02005737852021459,0.1790617119272214
109,-0.11999999999999994,0.06020294473140664,0.15766589507766737
109,-0.11599999999999994,0.012508844962662722,0.09576562814424763
109,-0.11199999999999993,0.00745730496892205,0.015268645204531443
109,-0.10799999999999993,0.06718640439017837,-0.07312843523408927
109,-0.10399999999999993,0.11604269856332117,-0.12769487628009002
109,-0.09999999999999992,0.13626129805305043,-0.11458527353911195
109,-0.09599999999999992,0.08356295432617002,-0.05967754858215592
109,-0.09199999999999992,-0.03653145771656968,-0.016065104674239775
109,-0.08799999999999991,-0.0461451186670802,-0.003489878189312623
109,-0.08399999999999991,0.024409874640968172,0.0
109,-0.0799999999999999,0.0035059460312740695,0.0012118541744668859
109,-0.0759999999999999,-0.03696765609841435,-0.011822840271689401
109,-0.0719999999999999,-0.03650609532819088,-0.021238967755034997
109,-0.0679999999999999,7.400358122732192e-06,-0.016227402459431387
109,-0.06399999999999989,0.04367404470794576,-0.025326684362189242
109,-0.05999999999999989,-0.04626985295147351,-0.05995258004233945
109,-0.05599999999999988,-0.16522507418499796,-0.09672210620287428
109,-0.05199999999999988,-0.10142089289502298,-0.11923218156243386
109,-0.047999999999999876,-0.005373273571125614,-0.1272682303352495
109,-0.04399999999999987,0.013326170558646423,-0.10744086941781511
109,-0.03999999999999987,0.010964212316376067,-0.0453099152569231
109,-0.035999999999999865,0.034296707291776314,0.029244123590003935
109,-0.03199999999999986,0.03780260779826363,0.06985800459666883
109,-0.02799999999999986,-0.003903159782883932,0.0582803145862749
109,-0.023999999999999855,-0.0180887254302058,0.0014056983187249916
109,-0.01999999999999985,0.018209162479679207,-0.05677549635206637
109,-0.015999999999999848,0.04517640058626012,-0.06974658425395579
109,-0.011999999999999844,0.05383349245560655,-0.04099558001084121
109,-0.00799999999999984,0.03474214838401413,0.018307267853010168
109,-0.003999999999999837,0.0051144511252625615,0.0981191112209837
109,1.6653345369377348e-16,0.06932062702426187,0.15867737654653602
109,0.00400000000000017,0.19946983964392911,0.17677460184996316
109,0.008000000000000174,0.3912812173406282,0.15990750583175145
109,0.012000000000000177,0.7500712013275678,0.11704756282302524
109,0.01600000000000018,1.0,0.07187704345262988
109,0.020000000000000184,0.9443521913385816,0.05125188139093389
109,0.024000000000000188,0.7210245831854057,0.05198415233077735
109,0.02800000000000019,0.3508793809306822,0.05847742680939951
109,0.032000000000000195,-0.1491571023491671,0.06956500501955772
109,0.0360000000000002,-0.5506367399984112,0.06246759899113579
109,0.0400000000000002,-0.7375618718108903,-0.022501796040042883
109,0.044000000000000206,-0.744799665292576,-0.1837562288125106
109,0.04800000000000021,-0.6468002654607606,-0.3320531758244343
109,0.05200000000000021,-0.5073548990111809,-0.38601659183322595
109,0.056000000000000216,-0.39509987728146345,-0.2821831626542803
109,0.06000000000000022,-0.4347478672575125,0.009399426127348225
109,0.06400000000000022,-0.3895017518270855,0.41439442720460945
109,0.06800000000000023,-0.11748284243722705,0.795441920258066
109,0.07200000000000023,0.11832623335983451,1.0
109,0.07600000000000023,0.22557377829893907,0.9042573040485737
109,0.08000000000000024,0.2526536868345396,0.521358869782552
109,0.08400000000000024,0.22075054850113007,-0.015407056161530847
109,0.08800000000000024,0.13863670363305636,-0.5108933383995513
109,0.09200000000000025,0.06848912385167791,-0.7385949493481293
109,0.09600000000000025,0.05659420748928424,-0.6259280652908151
109,0.10000000000000026,0.049398155719933064,-0.3106340179451542
109,0.10400000000000026,0.059065644706789835,0.05119934294025788
109,0.10800000000000026,0.030045445760909294,0.3166302944327242
109,0.11200000000000027,-0.01301516605671783,0.36736721892213897
109,0.11600000000000027,0.03281869408449131,0.2718686530164359
109,0.12000000000000027,0.09518858254919484,0.17916852437623623
109,0.12400000000000028,0.08532234677902803,0.10678843384629932
109,0.12800000000000028,0.07857784234037757,0.047783086808733485
109,0.13200000000000028,0.09815035679856092,0.03703073254286633
109,0.1360000000000003,0.10279954787439884,0.03919399549882974
109,0.1400000000000003,0.07280743450916173,0.00016733930290086855
109,0.1440000000000003,0.09447003300143994,-0.07583512055944829
109,0.1480000000000003,0.08791144017589973,-0.1413554665822479
109,0.1520000000000003,0.022650774169155584,-0.09687600366062692
109,0.1560000000000003,0.02728741426714715,0.10286590149237858
109,0.1600000000000003,0.09698898364150656,0.3726458709747661
109,0.1640000000000003,0.13523437211870035,0.6134614742031608
109,0.16800000000000032,0.12086331486423711,0.7133429255255569
109,0.17200000000000032,0.10792009045145252,0.5440972542691541
109,0.17600000000000032,0.1528015924936124,0.1466521709650626
109,0.18000000000000033,0.1423119608300629,-0.2906373722680932
109,0.18400000000000033,0.0594580052412263,-0.6193453534129632
109,0.18800000000000033,0.04468580924647536,-0.7287837201144615
109,0.19200000000000034,0.08289960276113444,-0.5638884380793493
109,0.19600000000000034,0.10685687588567212,-0.23119277957552992
109,0.20000000000000034,0.08179391851584118,0.08435477140935553
109,0.20400000000000035,0.03500428267862262,0.26880033667185804
109,0.20800000000000035,-0.03422199033360301,0.2864877828747257
109,0.21200000000000035,-0.07251464365131396,0.1660966516120588
109,0.21600000000000036,-0.07502361237233401,-0.004279270724043682
109,0.22000000000000036,-0.018338277354342722,-0.13041349402486052
109,0.22400000000000037,-0.002563472461515554,-0.14992317966277266
109,0.22800000000000037,0.015271577086314077,-0.06931236198788134
109,0.23200000000000037,0.038626033701420044,0.031532892867749594
109,0.23600000000000038,0.06293408534207931,0.0887353726077391
109,0.24000000000000038,0.09553257881075662,0.09592505606533784
109,0.24400000000000038,0.09987176141533638,0.08734298645670029
109,0.2480000000000004,0.16521756795485973,0.11778297952778127
109,0.2520000000000004,0.22531975041026772,0.17198887467108498
109,0.2560000000000004,0.20623856969981852,0.16222090156033314
109,0.2600000000000004,0.2231345129573564,0.04431567872001759
109,0.2640000000000004,0.26712312272501915,-0.16701377207921372
109,0.2680000000000004,0.27907824619520305,-0.41041175562915355
109,0.2720000000000004,0.2968620873660223,-0.5743443871134974
109,0.2760000000000004,0.23897857938377112,-0.5609619686942239
109,0.2800000000000004,0.16522646987849984,-0.3246181527783597
109,0.2840000000000004,0.20882139005181005,0.08942043137422671
109,0.2880000000000004,0.22574168007356754,0.5185015073628744
109,0.2920000000000004,0.17185646457362921,0.7924420136916012
109,0.29600000000000043,0.18687035728701318,0.8279055294106813
109,0.30000000000000043,0.1721522054423132,0.6281606036364458
109,0.30400000000000044,0.14663454847043786,0.2954792603858624
109,0.30800000000000044,0.14609559872138617,-0.010298988622513192
109,0.31200000000000044,0.11447039840285736,-0.16644521198242626
109,0.31600000000000045,0.1301749292464008,-0.13121575924053674
109,0.32000000000000045,0.1921979695244555,0.033182138793910784
109,0.32400000000000045,0.22999455042839287,0.19207378969373742
109,0.32800000000000046,0.23719799837244696,0.26109874275403067
109,0.33200000000000046,0.22223396205920687,0.2561937720950321
109,0.33600000000000046,0.20618324925983794,0.21982263830716867
109,0.34000000000000047,0.19713341765750017,0.18189584219840685
109,0.34400000000000047,0.19177742712706186,0.1694576955857717
109,0.3480000000000005,0.20977091414213003,0.16905023765007782
148,-0.18,-0.05003960618156658,-0.011121278690307896
148,-0.176,-0.040002658936818265,-0.02386476672606135
148,-0.172,-0.010543216700028576,-0.036848615413201335
148,-0.16799999999999998,0.002838828090447909,-0.042210419240684145
148,-0.16399999999999998,-0.009016228060269678,-0.038364807459508425
148,-0.15999999999999998,0.0,-0.0293019045197899
148,-0.15599999999999997,0.003601654333694361,-0.01711165425054835
148,-0.15199999999999997,-0.004300735479981032,-0.0037233470042021552
148,-0.14799999999999996,0.03070191904543988,0.002080967174144659
148,-0.14399999999999996,0.027964053194933974,-0.005898767154263871
148,-0.13999999999999996,-0.006745050893495554,-0.02247113449604014
148,-0.13599999999999995,0.008954289574038297,-0.036727451383780425
148,-0.13199999999999995,0.012895543892889574,-0.03737793185398694
148,-0.12799999999999995,-0.003259843526862426,-0.020519815140484295
148,-0.12399999999999994,0.02006988283842897,0.0053500678638357035
148,-0.11999999999999994,0.030184792979311204,0.028583166279992384
148,-0.11599999999999994,-0.007333992320748977,0.04004505278962762
148,-0.11199999999999993,-0.021409785862727078,0.034752486898336626
148,-0.10799999999999993,-0.0020676415370009067,0.017894267831922443
148,-0.10399999999999993,0.017622215859808044,0.0
148,-0.09999999999999992,0.026634759502933175,-0.011367480005753685
148,-0.09599999999999992,0.020323615831676006,-0.012105289243594433
148,-0.09199999999999992,0.009305628965260486,-0.0047950103055577325
148,-0.08799999999999991,-0.009163677285437745,0.004168419371490978
148,-0.08399999999999991,-0.04429444568798326,0.01406090741219808
148,-0.0799999999999999,-0.05452839443501544,0.02397412664830307
148,-0.0759999999999999,-0.05311799415609624,0.026173001402637668
148,-0.0719999999999999,-0.0695832503794458,0.019394808229806174
148,-0.0679999999999999,-0.04119965874382959,0.013826935592180224
148,-0.06399999999999989,0.007947847415405147,0.01389211193176545
148,-0.05999999999999989,0.011370339239794336,0.013835707699144073
148,-0.05599999999999988,0.0006284538965700565,0.011120057915990734
148,-0.05199999999999988,0.008275431488352476,0.008009344527739435
148,-0.047999999999999876,-0.010992373661481716,0.006371256828360924
148,-0.04399999999999987,-0.005150161081427571,0.007887624193110865
148,-0.03999999999999987,0.04944615328808266,0.010951340210416065
148,-0.035999999999999865,0.006396070217466066,0.012441593297058118
148,-0.03199999999999986,-0.06919246398794822,0.015942166920569066
148,-0.02799999999999986,-0.029606608076709208,0.02522626588805868
148,-0.023999999999999855,-0.009689410505403699,0.03198336211351356
148,-0.01999999999999985,-0.04703456987539024,0.025420051266041653
148,-0.015999999999999848,0.013622554159582538,0.010307979672918592
148,-0.011999999999999844,0.10127621986990007,0.00031940344564405666
148,-0.00799999999999984,0.07038861381845218,-0.0011324382542699672
148,-0.003999999999999837,0.02259846271550968,0.0008510143363452833
148,1.6653345369377348e-16,0.05507296296391528,0.004399793395998093
148,0.00400000000000017,0.13243365106295255,0.010062745653729343
148,0.008000000000000174,0.2262662647416712,0.016844918375403625
148,0.012000000000000177,0.3039932671195639,0.022042454282349327
148,0.01600000000000018,0.346320068887833,0.020561950073179045
148,0.020000000000000184,0.3955727797775272,0.00976977884322496
148,0.024000000000000188,0.4021125468786942,-0.003929329221193128
148,0.02800000000000019,0.26334970563114857,-0.012764110357338376
148,0.032000000000000195,0.17293575865261412,-0.01828794049002357
148,0.0360000000000002,0.18025816029701314,-0.029946490462042757
148,0.0400000000000002,0.21265671547313061,-0.0604633370763817
148,0.044000000000000206,0.38861177234571465,-0.11153782234357612
148,0.04800000000000021,0.6743115343662164,-0.16317035834587362
148,0.05200000000000021,0.8111112037272249,-0.18887366859589402
148,0.056000000000000216,0.6820222629340343,-0.15869105463002117
148,0.06000000000000022,0.3422001000466275,-0.05684778269989849
148,0.06400000000000022,-0.09927236228248025,0.06724621838437045
148,0.06800000000000023,-0.5481199524886642,0.14264944316290543
148,0.07200000000000023,-0.8740585913539919,0.14574369158968364
148,0.07600000000000023,-1.0,0.04751370144274684
148,0.08000000000000024,-0.99835667844045,-0.16689942146784637
148,0.08400000000000024,-0.8680650921687432,-0.4007979818762551
148,0.08800000000000024,-0.6145931274904554,-0.5223077589609136
148,0.09200000000000025,-0.39612078314685506,-0.45058244302172934
148,0.09600000000000025,-0.3378008644503034,-0.13521366052152184
148,0.10000000000000026,-0.3202353453484933,0.356496271203144
148,0.10400000000000026,-0.2529482748248058,0.8018723745772395
148,0.10800000000000026,-0.14122070744573006,1.0
148,0.11200000000000027,0.06614660819240707,0.8743323887626425
148,0.11600000000000027,0.26672922019628703,0.4532775850089051
148,0.12000000000000027,0.34500107384634054,-0.10577875773755951
148,0.12400000000000028,0.40555220723364666,-0.5631565863752848
148,0.12800000000000028,0.41753107453045263,-0.7374006040573099
148,0.13200000000000028,0.30177571840812856,-0.585956751570785
148,0.1360000000000003,0.13798752585994564,-0.20873387585862177
148,0.1400000000000003,-0.058087732206151724,0.21470189250998892
148,0.1440000000000003,-0.24340793450949447,0.5082997966782816
148,0.1480000000000003,-0.3066604672775971,0.5490279461805305
148,0.1520000000000003,-0.25314678872765045,0.3543678689262537
148,0.1560000000000003,-0.17663007776653436,0.08718257274419318
148,0.1600000000000003,-0.08598440873181264,-0.11623559109595563
148,0.1640000000000003,0.004177850776551516,-0.19378031405402182
148,0.16800000000000032,0.021872188028521075,-0.11017672544359661
148,0.17200000000000032,0.0003858234253630163,0.05825167632595438
148,0.17600000000000032,-0.002311659990433992,0.1830171447943127
148,0.18000000000000033,0.030385743371623634,0.23416562309033906
148,0.18400000000000033,0.09185440312745127,0.21353259431960717
148,0.18800000000000033,0.11225086152692396,0.1475759039167819
148,0.19200000000000034,0.06604802320484177,0.13094223369619254
148,0.19600000000000034,-0.013793284535343547,0.1885785200446238
148,0.20000000000000034,-0.08380490573959745,0.2544625152055048
148,0.20400000000000035,-0.13883678943312408,0.25100999111535255
148,0.20800000000000035,-0.15654835847502832,0.09619100974901654
148,0.21200000000000035,-0.13508659583785204,-0.19516415420895478
148,0.21600000000000036,-0.08889110428432208,-0.49866627359480425
148,0.22000000000000036,-0.046271343290651856,-0.704335999012189
148,0.22400000000000037,0.018940603963629718,-0.7121773712083862
148,0.22800000000000037,0.07915607555560501,-0.47865044584237876
148,0.23200000000000037,0.04145322918610129,-0.1104330345559428
148,0.23600000000000038,-0.049613052096638126,0.23044993290651655
148,0.24000000000000038,-0.11666488462842488,0.4089228542961659
148,0.24400000000000038,-0.14991698222377042,0.3446978189833761
148,0.2480000000000004,-0.17466272628456592,0.09411605211229544
148,0.2520000000000004,-0.15644911770209877,-0.19642387506350184
148,0.2560000000000004,-0.09657603221827889,-0.4111289077187859
148,0.2600000000000004,-0.06936395595635989,-0.47286471504346034
148,0.2640000000000004,-0.03614985535407355,-0.35292662871043284
148,0.2680000000000004,0.047392938718556654,-0.11292606413145319
148,0.2720000000000004,0.12474669970988254,0.13723215949816095
148,0.2760000000000004,0.20580962122454408,0.30890345649466017
148,0.2800000000000004,0.2821492352792676,0.3570346461394475
148,0.2840000000000004,0.29031027783644026,0.28461543330566386
148,0.2880000000000004,0.24094049191467737,0.12405481466240806
148,0.2920000000000004,0.17605819329950648,-0.08836872155268043
148,0.29600000000000043,0.08742157246897951,-0.31320149977318473
148,0.30000000000000043,-0.008452744097397038,-0.5144526818239258
148,0.30400000000000044,-0.0601860520418626,-0.646216756973245
148,0.30800000000000044,-0.08987481475468138,-0.6379213024310325
148,0.31200000000000044,-0.12100257124097155,-0.45227048783657625
148,0.31600000000000045,-0.1398738646644822,-0.10793393113888174
148,0.32000000000000045,-0.11424935915136636,0.348729226142626
148,0.32400000000000045,-0.04286941955974376,0.8008739319880651
148,0.32800000000000046,0.015039242653156827,1.077363620766179
148,0.33200000000000046,0.025204459494308988,1.0774965310166436
148,0.33600000000000046,0.025771935486989344,0.8131908650381277
148,0.34000000000000047,0.014681992041442165,0.38434242603638413
148,0.34400000000000047,-0.009603876069869626,-0.044107735829220104
148,0.3480000000000005,-0.011994865301250018,-0.31714040988954073
149,-0.18,-0.053453738627025356,0.06597040962794527
149,-0.176,0.03519463549591188,0.1594837572133862
149,-0.172,-0.013368935715129216,0.14593450036865652
149,-0.16799999999999998,-0.028038191419605805,0.05568557453978851
149,-0.16399999999999998,-0.014454959172293128,-0.054534568948435475
149,-0.15999999999999998,0.00855033678604526,-0.14651086640666353
149,-0.15599999999999997,0.04058457845115425,-0.1676078613939945
149,-0.15199999999999997,0.01188341900891921,-0.1431412638888402
149,-0.14799999999999996,-0.05824740559732433,-0.12574859161045657
149,-0.14399999999999996,-0.06526411346566124,-0.07570940745813091
149,-0.13999999999999996,-0.018898930233922112,0.0021752181823883514
149,-0.13599999999999995,0.007081600281172211,0.025287192955509206
149,-0.13199999999999995,-0.009776218984612608,0.021312054416418733
149,-0.12799999999999995,-0.024155604935376922,0.06309958116166633
149,-0.12399999999999994,-0.0027334400519130045,0.10213818322322508
149,-0.11999999999999994,0.004128268670775744,0.07593320296171235
149,-0.11599999999999994,0.0008617294641910366,0.00953483495645524
149,-0.11199999999999993,0.03775523737369911,-0.058736237566083
149,-0.10799999999999993,0.042676245685039985,-0.1201774201406181
149,-0.10399999999999993,-0.004574976387873096,-0.17158523231710976
149,-0.09999999999999992,-0.018453649107945027,-0.19489677542259842
149,-0.09599999999999992,0.01760152579200988,-0.17441888941030417
149,-0.09199999999999992,-0.012746720327117112,-0.10800135226849844
149,-0.08799999999999991,-0.020624559118527088,0.005072970896939117
149,-0.08399999999999991,0.0,0.11178435020593959
149,-0.0799999999999999,0.005792807376796638,0.13653582847555035
149,-0.0759999999999999,0.054208237314103326,0.10650831937967065
149,-0.0719999999999999,0.12092091198985744,0.06792930617598408
149,-0.0679999999999999,0.10617368941146396,0.0
149,-0.06399999999999989,0.03509790396037782,-0.07726876554510934
149,-0.05999999999999989,0.01617077539058903,-0.11924946613932748
149,-0.05599999999999988,-0.024038466623243823,-0.11539124547931807
149,-0.05199999999999988,-0.00907921559376367,-0.05680161667224516
149,-0.047999999999999876,0.05692263366540058,0.008521564371543805
149,-0.04399999999999987,0.0437191120956116,0.02188898520772543
149,-0.03999999999999987,0.006414527949878649,0.03666769878196829
149,-0.035999999999999865,-0.06823739474354042,0.07918902471010317
149,-0.03199999999999986,-0.037801411528833234,0.062361855771610006
149,-0.02799999999999986,-0.05776920587540939,-0.01739039207874333
149,-0.023999999999999855,-0.07949476496912898,-0.06953164844450999
149,-0.01999999999999985,-0.06575047714161791,-0.0993749250300207
149,-0.015999999999999848,-0.03397509822304757,-0.14908123333804665
149,-0.011999999999999844,0.051968777000797765,-0.1690414550578728
149,-0.00799999999999984,0.06364842640818742,-0.12637008993416152
149,-0.003999999999999837,0.0067860392953127385,-0.0636009036043056
149,1.6653345369377348e-16,0.10059355005844207,-0.002502211658665436
149,0.00400000000000017,0.2814451077556178,0.041001244193066756
149,0.008000000000000174,0.5076762687998758,0.02143755346784847
149,0.012000000000000177,0.567365805374595,-0.04483233874037105
149,0.01600000000000018,0.5650295487595761,-0.09827148403335795
149,0.020000000000000184,0.3823424755416375,-0.15714764940292325
149,0.024000000000000188,0.007701297435911632,-0.23252169460782188
149,0.02800000000000019,-0.38791028631586627,-0.25325411000948134
149,0.032000000000000195,-0.7327503424451991,-0.26559389654345344
149,0.0360000000000002,-0.9915775646669343,-0.4279452136665558
149,0.0400000000000002,-1.0,-0.7050801936381205
149,0.044000000000000206,-0.712168840957581,-0.9183928382955634
149,0.04800000000000021,-0.36227833696222866,-1.0
149,0.05200000000000021,0.0505055033911437,-0.8461486371483279
149,0.056000000000000216,0.4704163428613657,-0.2655226637385694
149,0.06000000000000022,0.5516771967370819,0.626292297587719
149,0.06400000000000022,0.4190209154716902,1.455190796396668
149,0.06800000000000023,0.4623578100795945,2.0067506973010167
149,0.07200000000000023,0.35041786621597704,2.066393508403116
149,0.07600000000000023,0.17345877691197473,1.377552908146699
149,0.08000000000000024,0.04745354764074193,0.0910849177293611
149,0.08400000000000024,-0.09174559099440924,-1.3736142835627352
149,0.08800000000000024,-0.25690388636755807,-2.5908294988293825
149,0.09200000000000025,-0.33656057421152263,-2.998033172020466
149,0.09600000000000025,-0.33204780347121593,-2.294520520241725
149,0.10000000000000026,-0.22253025220461664,-0.8110876515153416
149,0.10400000000000026,0.026031163219840312,0.8370055200579958
149,0.10800000000000026,0.40099929166019804,2.0362557640042045
149,0.11200000000000027,0.6736984644771719,2.3985353288855746
149,0.11600000000000027,0.7771103812790625,1.963351835762949
149,0.12000000000000027,0.5128282949066616,1.0400707827464695
149,0.12400000000000028,0.18256625520196482,0.07446326917763495
149,0.12800000000000028,-0.1600261006467295,-0.5759676472239239
149,0.13200000000000028,-0.4548498080083106,-0.937054082647023
149,0.1360000000000003,-0.4970569396807877,-1.1554422992314046
149,0.1400000000000003,-0.4010926772923061,-1.2385264298433094
149,0.1440000000000003,-0.2143886591986481,-1.2033220082721292
149,0.1480000000000003,0.016673760032315892,-1.0117333274920355
149,0.1520000000000003,0.19073259479126317,-0.4568653477434423
149,0.1560000000000003,0.2537206049774971,0.5989310098187994
149,0.1600000000000003,0.31985218412364624,1.9365512681255388
149,0.1640000000000003,0.2821959493951503,2.990117044861831
149,0.16800000000000032,0.1532001483070333,3.1492866781762707
149,0.17200000000000032,0.025096889785150407,2.055260588654124
149,0.17600000000000032,-0.06048545847861452,-0.13635836848701485
149,0.18000000000000033,-0.1669568577024521,-2.62231149751523
149,0.18400000000000033,-0.22441298780297034,-4.378323148209474
149,0.18800000000000033,-0.1606097041055006,-4.729621565284457
149,0.19200000000000034,0.015546517357812366,-3.532010746255956
149,0.19600000000000034,0.18396922917036085,-1.2176009686825475
149,0.20000000000000034,0.21856017737419853,1.3461268512989197
149,0.20400000000000035,0.2258021593739245,3.2209108396991613
149,0.20800000000000035,0.29888099756800657,3.761045745912715
149,0.21200000000000035,0.23464684359174115,2.9514575231893043
149,0.21600000000000036,0.3504582184166853,1.345042093767968
149,0.22000000000000036,0.24067909790585343,-0.3713697283700065
149,0.22400000000000037,0.02818155379999956,-1.634881685252048
149,0.22800000000000037,-0.08980600391624075,-2.2050696998325283
149,0.23200000000000037,-0.11490253782109598,-2.2127453848511225
149,0.23600000000000038,-0.150168243779935,-1.8385578271785519
149,0.24000000000000038,-0.1534718372600418,-1.178641037746434
149,0.24400000000000038,-0.04360704325947411,-0.3523766057582658
149,0.2480000000000004,0.03721853041833626,0.5467523591953021
149,0.2520000000000004,0.09591338884400243,1.4253418358648413
149,0.2560000000000004,0.06663574076116222,2.0165659404649268
149,0.2600000000000004,0.04497993716359638,1.956145952261593
149,0.2640000000000004,-0.024290644303088152,1.1024926137530886
149,0.2680000000000004,0.03186832370299019,-0.3311172377891043
149,0.2720000000000004,0.0288750590919132,-1.8879197451364524
149,0.2760000000000004,-0.0013988183490951968,-2.942034803971642
149,0.2800000000000004,-0.020122700575121093,-2.894652586794415
149,0.2840000000000004,-0.06541452790160415,-1.6217717288527167
149,0.2880000000000004,-0.05589679071378662,0.3673376238299297
149,0.2920000000000004,-0.05706561298387805,2.282212347575083
149,0.29600000000000043,-0.006352815784189057,3.4015721609828256
149,0.30000000000000043,0.03424125145651508,3.2765907753560826
149,0.30400000000000044,0.0424180343269989,1.989527223696962
149,0.30800000000000044,0.041240542138863225,0.15682284640328198
149,0.31200000000000044,0.08005221614485293,-1.4695775117667595
149,0.31600000000000045,0.08114482021441013,-2.3435710353338135
149,0.32000000000000045,-0.006593698593892717,-2.290225133942225
149,0.32400000000000045,0.00045393123330756145,-1.549408558370038
149,0.32800000000000046,0.05406455904185824,-0.5529246087430908
149,0.33200000000000046,-0.06893095940015645,0.3397760472925266
149,0.33600000000000046,-0.17520816852457288,0.946930609734922
149,0.34000000000000047,0.02130984463050146,1.288718101531888
149,0.34400000000000047,0.08937875420401407,1.4389332087998146
149,0.3480000000000005,0.047532951919018865,1.36184254089049
151,-0.18,-0.03496386996280705,-0.0939588284781255
151,-0.176,-0.04073010501603412,-0.09509931921741002
151,-0.172,-0.03195129791683476,-0.058793523410074856
151,-0.16799999999999998,0.004068235803212065,0.0
151,-0.16399999999999998,0.0090528901233856,0.026985834405661966
151,-0.15999999999999998,0.004244296541767689,0.02339122919810613
151,-0.15599999999999997,0.01969347914094272,0.04625561079121778
151,-0.15199999999999997,0.04648124500438241,0.057116947309912035
151,-0.14799999999999996,0.007898966724770431,0.017584538131833742
151,-0.14399999999999996,0.009413916724088985,-0.030686679952890126
151,-0.13999999999999996,0.01164917443225728,-0.07689321023772543
151,-0.13599999999999995,-0.00624694740264961,-0.12442429077152203
151,-0.13199999999999995,0.02186115924612889,-0.15885883168741788
151,-0.12799999999999995,0.022904312078446842,-0.17275708080908436
151,-0.12399999999999994,-0.016992538718107186,-0.14741870877275015
151,-0.11999999999999994,-0.027576621370309504,-0.08899419783866495
151,-0.11599999999999994,-0.007520133531773472,-0.032174566954324406
151,-0.11199999999999993,-0.03866490336798489,0.014358028038735642
151,-0.10799999999999993,-0.07362653032278914,0.047505362918923946
151,-0.10399999999999993,-0.03037091427338357,0.04601459218129112
151,-0.09999999999999992,-0.021364101859801206,-0.0014933511551941652
151,-0.09599999999999992,-0.01171059205550555,-0.05896589707390677
151,-0.09199999999999992,0.029958463545329158,-0.07371978140040772
151,-0.08799999999999991,0.030027572568668677,-0.05814899464412729
151,-0.08399999999999991,0.0,-0.038532409707936394
151,-0.0799999999999999,0.011563735611009325,0.006406088115663488
151,-0.0759999999999999,0.015066325621117078,0.06426835880301358
151,-0.0719999999999999,0.0614719918610641,0.09656325059322718
151,-0.0679999999999999,0.03981554195589579,0.10344513533822224
151,-0.06399999999999989,-0.00040887647982008494,0.08881979693064726
151,-0.05999999999999989,-0.018967656391291964,0.06606295515567319
151,-0.05599999999999988,-0.02406587310830504,0.05232460158433019
151,-0.05199999999999988,-0.014446448430721516,0.026010082286508127
151,-0.047999999999999876,0.010351042902574858,0.0008628339437198719
151,-0.04399999999999987,-0.003727380295646124,0.010301899674223645
151,-0.03999999999999987,-0.04035495830067505,0.0011043460870584154
151,-0.035999999999999865,-0.04801560092053682,-0.04304024311731651
151,-0.03199999999999986,-0.047285238551941694,-0.04440306117682087
151,-0.02799999999999986,-0.031211479869315127,-0.012874220172345404
151,-0.023999999999999855,-0.050796738498725756,-0.0035483443048824966
151,-0.01999999999999985,-0.07781111772326293,0.01193234952875089
151,-0.015999999999999848,-0.05014442364866165,0.038404149732742254
151,-0.011999999999999844,-0.007729109297494695,0.0362430120408147
151,-0.00799999999999984,0.00018394959794249406,0.004159692101264018
151,-0.003999999999999837,-0.027485336920686044,-0.04718708638953789
151,1.6653345369377348e-16,-0.005422901940281906,-0.09935155062906563
151,0.00400000000000017,0.1513723133557473,-0.12479168126473723
151,0.008000000000000174,0.3863646896153062,-0.12199733455881114
151,0.012000000000000177,0.509762002907638,-0.09408793867274534
151,0.01600000000000018,0.5802645986959057,-0.0418541479467786
151,0.020000000000000184,0.5240578323847728,0.009176485272391267
151,0.024000000000000188,0.27768478320153905,0.02277676090305768
151,0.02800000000000019,-0.09454217801092336,0.0074637643294039584
151,0.032000000000000195,-0.47919097437106806,-0.001389386693671177
151,0.0360000000000002,-0.8287579512287581,-0.07941834678515403
151,0.0400000000000002,-1.0,-0.34327722329424404
151,0.044000000000000206,-0.910864430332258,-0.6997616031111166
151,0.04800000000000021,-0.6167061540858023,-0.952711208823195
151,0.05200000000000021,-0.2503877818163101,-1.0
151,0.056000000000000216,0.026529013551005398,-0.7034867022995306
151,0.06000000000000022,0.20780124017617488,0.0474360261110516
151,0.06400000000000022,0.30186435523786437,1.0885572621453605
151,0.06800000000000023,0.30471940498576744,2.0892693852446085
151,0.07200000000000023,0.24877572729484912,2.677623013072791
151,0.07600000000000023,0.1723234464267698,2.4490303520103818
151,0.08000000000000024,0.053844677060515385,1.2810591538929215
151,0.08400000000000024,-0.13019642001146245,-0.44554800902522773
151,0.08800000000000024,-0.28941841727115886,-2.093565421740458
151,0.09200000000000025,-0.34029584427453435,-3.04096792389588
151,0.09600000000000025,-0.2851305854665805,-2.8915177966549477
151,0.10000000000000026,-0.12248905796483954,-1.720360937256512
151,0.10400000000000026,0.11940327780234358,-0.05041277686995911
151,0.10800000000000026,0.33339774534597927,1.4557071483879311
151,0.11200000000000027,0.41248350690642166,2.346852717420379
151,0.11600000000000027,0.32947780284437544,2.5174035702888906
151,0.12000000000000027,0.0759809888237408,2.0085914855103666
151,0.12400000000000028,-0.21974001301104634,1.0014361626940995
151,0.12800000000000028,-0.4050402689885516,-0.05286296047163164
151,0.13200000000000028,-0.4772370327262544,-0.8687419895310408
151,0.1360000000000003,-0.4225491686125734,-1.54881633567616
151,0.1400000000000003,-0.28600546134619803,-2.055057927704342
151,0.1440000000000003,-0.1201589574483487,-2.1371741704817167
151,0.1480000000000003,0.07970527138823413,-1.639389169889563
151,0.1520000000000003,0.2649660392756951,-0.4447474583284865
151,0.1560000000000003,0.34511227142315176,1.32366606784922
151,0.1600000000000003,0.3014685611031585,3.069947388248684
151,0.1640000000000003,0.15818730469854433,4.06529418873467
151,0.16800000000000032,-0.01109609367816335,3.7607546604991717
151,0.17200000000000032,-0.15337486708396364,1.995471833678768
151,0.17600000000000032,-0.2604606216635068,-0.7460934300926813
151,0.18000000000000033,-0.29911757616332657,-3.4810234583899313
151,0.18400000000000033,-0.27450178054352214,-5.161619477505223
151,0.18800000000000033,-0.21912336723797599,-5.114363580150557
151,0.19200000000000034,-0.09315616675177048,-3.394735507377285
151,0.19600000000000034,0.07601118490006821,-0.6776651373298579
151,0.20000000000000034,0.2254858085243561,2.130365971892971
151,0.20400000000000035,0.3205817536746456,4.074886431384871
151,0.20800000000000035,0.36430693569791994,4.475769022807463
151,0.21200000000000035,0.3217676513470602,3.396076254762105
151,0.21600000000000036,0.19179279685716152,1.490657463194635
151,0.22000000000000036,0.0022918708635466627,-0.51794333608765
151,0.22400000000000037,-0.22862891507855737,-2.037265143934751
151,0.22800000000000037,-0.35793926528630216,-2.775556933033658
151,0.23200000000000037,-0.36561902041895583,-2.839633741461098
151,0.23600000000000038,-0.35284215054572116,-2.388451623563944
151,0.24000000000000038,-0.26352594087684056,-1.4507365151153666
151,0.24400000000000038,-0.13325061375668212,-0.12672561852381858
151,0.2480000000000004,-0.021424310464109943,1.3596910166894036
151,0.2520000000000004,0.07243832958225421,2.692096942833366
151,0.2560000000000004,0.1201680036926842,3.4272265021873896
151,0.2600000000000004,0.11044390452379557,3.113912504768303
151,0.2640000000000004,0.07373265061534297,1.5970440851356522
151,0.2680000000000004,0.036415691087223825,-0.7326913489097725
151,0.2720000000000004,0.04513044945596373,-3.048927586713029
151,0.2760000000000004,-0.014939805806220605,-4.43981320306684
151,0.2800000000000004,-0.07065344720886682,-4.218135651410206
151,0.2840000000000004,-0.08133432453359854,-2.3003103048467337
151,0.2880000000000004,-0.03488918374142857,0.5892545552958461
151,0.2920000000000004,-0.021673098618487246,3.3121343732144397
151,0.29600000000000043,0.02473288113797636,4.890496038087818
151,0.30000000000000043,0.053732033157369796,4.793122963289915
151,0.30400000000000044,0.07180623468824414,3.1105086304219967
151,0.30800000000000044,0.10606206564417245,0.5983794383646356
151,0.31200000000000044,0.09593479345395274,-1.7125238120930473
151,0.31600000000000045,0.04690244072082935,-3.0911573727651636
151,0.32000000000000045,-0.03269274096560905,-3.3152815781228915
151,0.32400000000000045,-0.10492085438314971,-2.554424253329491
151,0.32800000000000046,-0.10543187793078894,-1.2483949439215014
151,0.33200000000000046,-0.059731888322125504,0.09456131360892728
151,0.33600000000000046,-0.05667109025254547,1.1846050144609988
151,0.34000000000000047,-0.10559598354257455,1.95624685350701
151,0.34400000000000047,-0.11953659713050743,2.3262736056940656
151,0.3480000000000005,-0.0987076789509195,2.1620180037093855
