row_resampling_slope,overlap_group_resampling_slope
0.9970953319234898,0.899638055828662
0.9382275539566293,0.9717988668280753
0.9736510198126281,0.9208602269981765
0.9395841352981139,0.9518620198173985
0.974251258121512,0.9581982528735153
0.9438049930154866,0.8878509852232964
0.9687134865272327,0.9787540516727283
0.9582203055289498,0.9814622348191824
0.9728042874375993,0.9634393686518669
0.9496094038984602,0.9726392632958847
0.9664988639930938,0.9929427822700865
0.9969951940858768,0.9741404027381851
0.8971521479039711,0.9711828634930749
0.9610372870978193,0.9494118857715407
0.9140394881034191,0.9554038614717331
0.9773752492876491,1.0007406969620745
0.9870647429746933,0.9576457546367164
0.9552631028932806,0.9386554352415726
0.9502784863327671,0.9729706694901271
0.9076299819870214,0.9668089332195298
0.9386285416445096,0.9655420333893988
0.9564198553653569,0.9846733726348852
0.96157030691661,0.9463485919567518
0.9742388126108987,1.0063379299599362
0.9426269791070908,0.9632451451253224
0.97823469214133,0.9781800354082026
0.9286876075230337,0.9495028362823426
0.984514253200373,1.0035185829885804
0.9310926579432884,1.0239270468814459
0.9405568941749463,0.9886630281804011
0.9699829201826848,0.9838213943500405
0.9734669839364171,0.9730955828015038
0.9883922516516558,0.9753471303181157
0.9758149658582524,0.9662702375916202
0.9804981276162643,0.9436793905708389
0.9960149262048856,0.9835286640994908
0.9493888659920988,1.0008379424878115
0.9939343823959504,0.9838635842793415
0.988015461479327,0.8574348181922646
0.9574279240062386,0.9399290745624282
0.9346890924649784,0.9743766664462361
0.9821477671869236,0.9099145085916047
0.9202554335786091,0.9796862128089345
0.9351848301365915,0.974115063366248
0.9815127578089682,0.9833371488465433
0.9970807116861851,0.9733334695293343
0.9685693761554901,0.8805784091607175
0.9438733861028795,0.9176998576198725
0.9372625432376874,1.0030589456896146
0.9750384514114528,0.9970837902895249
0.9828180689442643,0.9709957372826752
0.9495899883930946,0.9686580776928702
0.9888042552055727,0.9695668334363302
0.9384386035254462,0.9358003273956272
0.9695408569930314,0.9978081799537543
0.981288382185476,0.9073638495441254
0.947155014843138,0.9622418531248521
0.9757346205317153,0.9509112018564245
1.0201726963018425,0.9149244328589722
0.9588846820138975,0.8752434755284664
0.934209490723062,0.922095059905056
0.9559988613821792,0.9327955346390134
0.9596177991609676,0.9712968165170652
0.9505322037294195,0.9663969818351641
1.0130648217280973,0.9609111157409259
0.9735242707580103,0.9986956749520534
0.9438769144048874,0.9535322414439
0.9788512894366107,0.9134965571457089
0.9270658026287014,0.9489297948955405
0.9881547455989075,0.9877190882307278
0.9426221441508839,0.9694011249743224
0.8892493655097996,0.9888854796186698
0.9460556941681947,0.9782369039751495
0.9433690807231461,0.8970827527620795
0.9828585956359744,0.9864804504459286
0.9734662408576158,0.9636200683265229
0.9799538397290352,0.9712132465473877
0.9458015975579085,0.9221723482808366
0.9719467824324499,0.9685048101677253
0.9381749564535672,0.9993866042253915
0.980786224855182,0.9363059996562343
0.952302953152496,0.9750898901828334
0.9800455035327811,0.9506426833463455
0.9491989530768365,0.8722310677252878
0.9623013433814974,0.9304301198586519
0.9671444296800289,0.9024483553749079
0.9559843933180714,0.9569729987559837
0.9577241198257441,0.9762206154379716
1.0060073950801312,0.9477635544086912
0.9179134268971463,0.949584477655972
0.9152474547080887,0.9422143018326843
1.0430355176265331,0.8884638127791772
0.970747418646094,0.9431772410709304
0.9896062812119725,0.8939069981895412
1.002451933762536,0.9476764631152828
0.8137865646768183,0.9731589087551146
0.9186025076324689,0.9479086524946583
0.9716264209061084,0.9975710815075038
0.9654321593170994,0.9564733601418237
0.9736053550260276,0.9795906403309883
0.9619228000682003,0.9710230892753772
0.9514657014386699,0.9870709366079176
0.9945612659120147,0.9577513711755505
0.9729506841828442,0.9683477915984056
0.9788168656382885,0.9635955105357802
0.9940153717774616,0.945121497289756
0.9663871009064351,0.9780303628934406
0.9898725693276057,0.9755992420740445
0.9528379817104979,0.9624042582959907
0.9061174667926596,0.9643330019872425
0.9477345411552074,0.9695781025971054
0.9596676252602356,0.9168973518070415
0.9465056406581595,0.8892303320556385
0.9500349902039328,0.9574402469707879
1.0057387667678521,0.9224789202039074
0.9435649301778389,0.9718151751441824
0.9696390093209389,0.9833638792346645
0.9437888340148508,0.9411051300781357
0.9462809003854937,0.9039816630706853
0.9341790415858748,0.9784296355272509
0.9291592829017977,0.9607073201493578
0.9386334546883982,0.9821680503836842
0.9486181620202608,0.9609641550122188
0.9497498956842573,0.9388981593171507
0.9291632781775614,0.9607337641968359
0.9835754829126051,0.9478110292715926
1.0076312007602486,0.9411756931440575
0.9169352971970668,0.9544738787495611
0.8443616019073406,0.9794515865122372
0.9415424998250701,0.9750633126348653
0.934127399492587,0.9590333428841396
0.9326919520589638,0.9936290468470298
0.968551163404883,0.9452993308694135
0.9711542677104319,0.9754071930560749
0.9228619520971008,0.9670891707207805
0.9866884058563903,0.9429063876922125
0.9778160329147416,0.9354198895857857
0.9632044113992291,0.9477825454667329
0.9405759437242573,0.9770760309379574
0.9545802728326876,0.9166226903328123
0.9624925943328305,0.9596851092488418
0.9771292431269796,1.0068060013793012
0.9300198541858533,0.9465603189407055
0.9633884444408536,0.8833297407579833
0.9258324051760075,0.944756614717301
0.9121338756183844,0.9629877695062486
0.9755855800463324,0.9789277811934325
0.9724077164500804,0.9364169135201009
0.9477099008256902,0.9213475768486475
0.9460770077408814,0.8727486828659274
0.9668133734499933,0.9166301935419972
0.9957492892894806,0.9186152672969982
0.977929255734559,0.9725678082384736
0.9689436481881469,0.9823347824325647
0.9621022218479123,0.9737160744080657
0.8997927747872803,0.9736100698261106
0.9621673443725438,0.9367028279305065
0.9814615548868224,0.9876024070655787
0.9686289002397545,0.8663509164911001
0.9653423504230378,0.9626774690680223
0.9057022979530065,0.9638991848647382
1.0080746818774196,0.955516042204458
0.9751173912956824,0.9716588926235264
0.9593280883719354,0.9929402343679533
0.9387180802937765,0.9496123957698707
0.9718032837140866,0.9838136945124409
0.9818470447304986,0.9376943104932728
0.9613921043538978,0.940293110995754
0.9662425164681223,0.9877024847557253
0.9720534038385568,0.9532180812836564
0.9288272933225235,0.9711810603050205
0.9801681615347562,0.9808519139965017
0.9775782338041934,0.9749939056891597
0.9602771353910587,1.0068675432142347
0.965846362449795,0.9806220709107255
0.9666519447851927,0.9622091709192364
0.9670486104829564,0.9492305288837334
0.9562520501054367,0.9269540992670194
0.9686122197333294,0.9386848623586881
0.986508851387071,1.016305800432189
0.9606595744692473,0.9512237795463487
0.9737963179445953,0.9785910217852496
0.9885942780297323,0.9671985827964433
0.9679033431272223,0.9739856516952514
0.8489319169868246,0.9585151904247039
0.9789704790520263,0.9347731235142017
0.9505396418035318,0.96843147202451
0.982652906228108,0.9759585236360561
0.9651506988107901,0.9112715974763318
0.9774207469369102,0.9117748522151525
0.9723247199371824,0.9843447635920063
0.9586312058518482,0.9682258884926928
0.9212324367848815,0.9536506734906403
0.9736646549316379,0.9504714773501876
0.9660374695995028,0.9717750108731521
0.9777110224433145,0.9133001786016399
0.9838710913050652,0.9744692272630943
0.9535672774181355,0.9418377786350367
0.9921509553657067,0.9630371893637459
0.9252049531036716,0.9872416525410885
0.9560149652023243,0.9595707345356679
0.9525754613242025,0.9907243417419919
0.9639418000753321,0.965206232013945
0.9587444921078968,0.9046712784503053
0.9558399708282741,0.9004206151962516
0.9939373077256867,0.9491992427481128
0.9604468833942734,0.9937312686374552
0.994281837131843,0.9589810436847768
0.9638497560510269,0.9621321548440457
1.0027970175074972,0.9961794113667728
0.9554134193926724,0.9577740455751969
0.9070453169503745,0.9577244009689926
0.9643151729224073,0.9844788711582241
0.937842377368333,0.9357455175749134
0.9568328824208105,0.9857588145989981
0.951778536119765,0.9532652102835867
0.9730456612265086,0.9800116493982985
0.9568994700348561,1.0177484901266893
0.9787351545678389,0.9416828584129461
0.943336174767928,0.9695718569232219
0.9514834899395267,0.9724261135490592
0.9803678290429587,0.9760814683025089
0.9953860238446436,0.9724378664103608
0.9623660990527376,0.9388338783220823
0.9217363191853821,0.9774086728045657
0.9577226188105257,0.9412629806384006
0.9295145149392904,0.9098527066745381
0.9697947208042023,0.9508857393749097
0.9359714443414492,1.007277009341826
0.9809050364975824,0.9077508684907991
0.9425794430321477,0.9835712896759577
0.9644582679086622,0.9351652980736611
0.9643434083200968,0.8755523559544058
0.9743127364187425,1.006260335338785
1.0028133577890548,0.9874271031763907
1.023784019405245,0.9652374157950584
0.9508605157204089,0.9254946703936894
0.9541256198952025,0.952803027416354
1.027945444800586,0.9040084556854876
0.9621908404448605,0.9595275571976978
0.9807422464544806,0.9343084775001992
0.9777876988691167,0.9967449946782627
0.9283682966763085,0.8509866146812456
0.9713183505940365,0.9579730471434394
0.926163492399558,0.970506278287867
0.9715424311407918,0.950219304861178
0.9354317379526145,0.981750001600549
0.9024608005083304,0.971848507812578
0.8765750789298148,1.0231208708911665
0.9791207342044154,0.9287068360849943
0.9057423783386739,0.9935151595821196
0.9686112381163193,0.9283855606653313
0.9893253098619417,0.9040515118969473
0.935171790818969,0.966573300202796
0.9415971852451294,0.9508286662395435
0.9137225806135844,0.990564590067631
0.8823739815438187,0.9250902987689952
0.941046832822496,0.9152210119975662
1.0012368782647414,0.9348371713945458
0.9570041735571093,0.9468681921093615
0.9344556845482546,0.9511752574752295
0.9034259798268381,0.8808574263967227
0.9579285533166985,0.9724039044814483
0.9425597209065758,0.9463628775527118
0.9239381908050283,0.9730192856244912
0.938846659080189,0.977588069418509
0.9540051839845393,0.9720202044967899
0.9669341413540584,0.9607883928747295
0.9683210311967061,0.9683811119953115
0.9888043282222383,0.930031412593351
0.9769792462201197,0.9750638384502816
0.9676799348101371,0.9828164400048197
0.9984631857382963,0.9750292533181262
0.9699280433803367,0.9763445998097864
0.9144246133340822,0.9830029797348045
1.0117973833932807,0.9410074187697274
0.9202163308209258,0.9194737542688608
0.9635878145087949,0.9128127997117784
0.9690496210638236,0.9104461770692012
0.9787072593295519,0.9104740278687398
0.960184344851831,0.9753314524926952
0.9265978642898164,0.9598422991844293
0.9570830703902727,0.9371880335637502
0.9329880775414445,0.9541338018633541
0.949329467512637,0.9558468160293216
0.9510931951284057,0.986857110363973
0.9726082152284313,0.9620227587575512
0.8881434272728101,0.9504862726819879
0.944690502064819,0.9743532873092133
0.9239909998231448,0.8928655344612381
0.902445691279729,0.8841917404650282
0.944386666456869,0.9766172457996948
0.9409596930773262,0.9637653934984171
0.8972893451642698,0.9805642022170564
1.0007700019605752,0.9799718428739936
0.9793432167659541,0.9485297333954527
0.9653905356911242,0.9516437328097823
0.9660834351227788,0.9922785286238236
1.0135881067322894,0.9596825484625247
0.9892930527568691,1.0005528519493179
0.9530452625710538,0.9771506794071807
0.9536042792737986,0.9729118960870571
0.9862176873779008,0.8684905778181501
0.9599403369678972,0.9201807514384316
0.9744852813041613,0.9629008236933894
0.9815953571183107,0.9520408790002077
0.9132487324323645,0.9479078131510195
0.9411453039543953,0.9385508211188206
0.9455991624975635,0.9813446029860239
0.949835102615023,0.9994991269585747
0.9732251092378568,0.9664761089631385
0.9801877927901533,0.9300318020188505
1.0011134700266766,0.9353086282365334
0.967618032732006,0.839303066049536
0.9282390919186838,0.9991652955286241
0.940901712787325,0.9538504459282872
0.9888858199500942,0.9879067081476178
0.9991903423436801,0.9614029874171984
0.9498069604371772,0.9476414927410441
0.9772028435683159,0.9846942507595475
1.0025498606367256,0.9574996269863736
0.9772092106487306,0.9476933051410622
0.9754411101414429,0.9958753652979424
0.9332723010825945,0.9471084773172495
0.9575935851017418,0.9599599762548068
1.013556111480661,0.9680904761281303
0.9699563771885917,0.9527244659707126
0.943923145018369,0.98022031922994
0.985398593644371,0.9068660526783024
0.971797327632778,0.9765302052082585
0.974076296994514,0.9495829591511565
0.9812461782444697,0.9834171029652293
0.9581731577898164,0.9692687880435593
0.9572865433057662,0.9615311067315623
0.9393008895032589,0.9693864807517639
0.9884611197066796,0.9849230871739745
0.9621718662007908,0.9947899057411399
0.9222768181339479,0.9437274594862144
0.9568384565946437,0.8942774114254395
0.9843556092631344,0.94298155864193
0.9869869922022148,0.9073284130151148
0.9490526066687347,0.9800422156923072
0.9555319785040196,0.9786002819705791
0.9676998177433863,0.9270589790253754
0.95750741473996,0.9222890199583531
0.9370156948963616,0.986973037646946
0.9877663511170012,0.9843000974175761
0.9402444579142938,0.9755509758073817
0.9953658082497969,0.9705354483282062
0.9367223963089357,1.041757221388215
0.9622675753453604,0.9188159467986816
0.926434107942879,0.9583672378423513
0.9344447312580263,0.9795196929732851
0.9513982535955159,0.9884245413196049
0.9356598250868153,0.9721856724996537
0.9364573106940207,0.9710222220428267
0.9212057636882457,0.9602168847825941
0.992542695759897,0.9709439308377915
0.9576417146333962,0.910069345226
0.967452647159264,0.9798139276576964
0.9749557797933741,0.961924230990688
0.9560167269100724,0.9561895254018775
0.9854095844839543,0.9749258034962547
0.9389565319548628,0.958348378989491
0.9909344685494703,0.9402388808486353
0.9849214409039923,0.9409749806718092
0.97885850074104,0.9697383331969482
0.9723409396095104,0.9346111237643197
0.9913406509736588,0.9594173084215487
0.9755389902695945,0.9613285709020533
0.9714827878395463,1.0569525432037155
0.9818197277387206,0.9783423036887171
1.0142561903957064,0.9786974749073097
0.9900970309041114,0.9604784021065668
0.9197576878729923,1.0021575393817812
0.9701033924667242,0.9381891666144291
0.9487850250678093,0.9330433935831481
0.8671733601532378,0.995892501854409
0.9774236596749906,0.894880042511242
0.9937969993004114,0.9665485186789907
0.9779233125440893,0.9864671150527289
0.9485961376477846,0.967586439079336
0.9737162631233909,0.9639587878836722
0.9742840573466018,0.9500321241927866
0.9444490430482965,0.9582063085145525
0.9631954730398511,0.9511803615028884
0.8915441538786043,0.9680732115786427
0.9359864294072794,1.0088473875588162
0.946366206369434,0.9907284295056548
0.9831938522124405,1.0226882749365074
0.9847429050391563,0.97144498051647
0.9953102029980216,0.9904125578665016
0.978249553668646,1.0047235155781256
0.9689216746273696,0.931920121173845
0.9455593374826341,0.8829274082411359
0.9953327183327759,0.9647501114172261
0.9292617929159412,0.9154722361324976
0.951075235688122,0.9724194028634731
0.9676604818988692,0.9714923145936534
0.960169629678601,0.9503840977258169
0.9710600638729432,0.9940251198730085
0.9479026964577358,0.957357756084491
0.9680531373467491,0.9691216200983214
0.9653657720940858,0.9190163149225796
0.9815500151448925,0.98354136918172
0.9561037476745674,0.9152102623915884
0.9132479159680945,0.9372490433302693
0.9205184815915984,0.9931917864387886
0.927786458271363,0.9688091032541303
0.9350130502458159,0.9318692354766136
0.9494133435263996,0.978101181533878
0.970778342654645,0.9590913357906233
0.9725249409648664,0.9612896574632923
0.9634465872289161,0.8688731942225125
0.9323379662693245,0.9633264644679798
0.9458302019433538,0.9741439926285204
0.9495861445986548,0.947810878738955
0.9716525668879591,0.9340842876642398
0.9599770036059644,0.9805227275880478
0.934091973170866,0.9743114776811415
1.0083483560428614,0.9671869246801053
0.9261694204632391,0.9712209464277967
0.9673490238134574,0.9543436774900826
0.9880100169919283,0.9501788961347688
0.9518126769667257,0.9718501312836038
0.9047116711705494,0.9857093561739235
0.9419470094439177,0.983602437020297
0.9094694389592218,0.9279003826812007
0.9358555403882952,1.0162884546947388
0.9721577664187637,0.9097880352825065
0.9753140605375544,0.9593852247638617
0.9746950451123965,0.9925074112745489
0.9697191660792814,0.9565505706461614
0.9990795429839922,0.9781593362949554
1.005252387673184,0.9501222008262397
0.9421382737034857,0.9552058661561426
0.9451070653678203,0.9667849234870843
0.9965158351086105,0.9378132843185049
0.9970048775186687,0.9939287735263127
0.9485542129409213,0.9747521693047718
0.9844814968103028,0.9416219731769456
0.965263025537624,0.9650773435491069
0.9865458211335774,0.9026448627558156
0.9346512246073763,1.0075184387110934
1.0024928077847264,0.9940917628675476
0.9438026122763975,0.8598649005903916
0.9345101488863602,0.9001242059266314
0.9420733374560195,0.9489839107004945
0.8571695949945773,0.9614155447845222
0.902101495580896,0.9761577455753908
0.988988663908745,0.9003577255674275
0.9767975404178396,0.9507901608076309
0.9138277669454139,0.9875104052543946
0.9815338268960891,0.9989553621485474
0.9844529548874197,0.9743144381391778
0.9899956751776143,0.9583204210937263
0.9752445157593128,0.9881592721137381
0.9433069765042552,0.9769063241855775
0.8960524039439683,0.9302773687819776
1.002192058826731,0.982518641714247
0.9835496931814622,0.9493601221388721
1.0039913559977243,0.8957463166531104
0.984266155013585,0.9506662904110219
0.9013258222864441,0.9268181129166614
0.970374463324834,0.9685091147371556
0.974566029233094,0.9627010934937789
0.9552090941578226,0.9512314594963678
0.9649661311861675,0.9666958934780296
0.9767501211739844,0.9676828671914296
0.9929657236989416,0.9787618929209865
0.9457045532450548,0.9090765666715288
0.8953898227038221,0.9683317448041335
0.9507361391451054,0.9672654863509138
0.9452694810956217,0.9748611625141516
0.9891915957530109,0.9717360975353029
0.9710012443969607,0.8675616541692628
0.9785210731652917,0.9507855519782343
0.9750969898106282,0.9627377279691846
0.995509151927143,0.9576910437554406
1.0002340300061114,0.9706313909403594
0.9574369668429321,0.9657452048389327
0.9403748567573907,0.9433937151307783
0.9828501057838631,0.9247430888148602
0.9774498212459701,0.8565007426448679
0.9440329456179378,0.9293025613548093
0.9465230695354775,0.9690318610607928
0.994312039274663,0.9809850490650242
0.9442847945693569,0.9859340885267426
0.9513824348672423,0.9314042349726368
0.9646523922399189,0.9373053912646234
0.9829527958773363,1.0056993022049845
1.000014566691954,0.9764128448065725
0.9829211538206463,0.9656029208759354
0.9355076488547024,0.980111102394128
0.9813358077271932,0.9869022306859276
0.9581433678055227,0.9796549664038424
0.9371845781810719,0.9715245731579035
0.9619607993315846,0.9032949524619717
0.9610542695392638,0.9862468475485884
0.9669440600343758,0.9168906675149519
0.9686181103147449,0.9490575923773741
0.9611949149191815,0.9077527990718439
0.9665361494737021,0.9545171669482017
0.9298713661003534,1.0752766785585142
0.9898434465950288,0.9515021671013835
0.9359899413596088,0.9529922494908503
0.9439148156326089,0.9710298833735728
0.9334622142398317,0.9317215494451915
0.9622674410515378,0.9508543918937048
0.9418062358139422,0.9598866589844458
0.9440349286812224,0.9045782290119352
1.0274570129905714,0.9563900506006773
0.9953307593532706,0.9448081447437612
0.9814506705105063,0.9522522325353303
0.9886468603549777,0.8179241594045538
0.9605045797844989,0.9741331152550167
0.9755834157997165,0.9256986432946518
0.9595007330392223,0.92483374778507
0.9283938565584035,0.934428131824261
0.9175431163368333,0.9723576300880928
0.9127711493919048,0.9669186426913742
0.9125857189571704,0.9694401898446164
0.8870074240270704,0.98978013674591
0.9319188704332868,0.9881181986437573
1.032482890479608,0.9362674243654974
0.9612173928734875,0.9945778363555925
0.9741479429255675,0.9597169845403482
0.9325204974860033,0.9833475766082174
0.9878719426905979,0.9567223302875215
0.9224506849305179,0.9438011255422246
0.9725364950291625,0.9346710573460701
0.9744501894034656,0.9572367827160453
0.9544923688294602,0.9547404075106137
0.9415708285727844,0.8831015182497614
0.9185587583813597,0.8949695860802503
0.8205590780655003,0.9568594100059403
0.9487467045013539,0.9611184562587441
0.9549748694362882,0.9692395262126278
0.9469078015122555,0.9538725308616618
0.9770078302740325,1.0131817062518835
1.00462538920273,0.9938949510604297
0.9603556359400329,0.9892386244252397
0.9701436568862188,0.888409573583481
0.9665403223356668,0.8549977814003389
0.9581574276777006,0.9415063012812955
0.9703870654618786,0.9142599829293993
0.963178154845884,0.952674304053905
0.9802381820138171,0.9602025450983982
0.9729803243587468,0.9730088704202878
0.9276460389706203,0.9843702351923213
0.8481905447826209,0.9682868842193121
0.9507121058653546,0.9573898051998936
0.9720091547254548,0.9378044987853038
0.9781232519870566,0.9689248957297392
0.9842496629550262,0.9466763609249372
0.9626403100018961,0.9998800649073836
0.9348572969217843,0.9781681102320946
0.9045219006482256,0.9398962359591194
1.0204365221682394,0.9277274863532802
1.0032341511289171,0.9944989907999131
0.9646905735349551,0.9517655680381925
0.970116884591934,0.9333891128581493
0.889125107359914,0.9686052766362068
0.9836412611206093,0.97889643357826
0.9943762488271791,0.983896179861225
0.959270076723409,0.9825890775710384
1.020567632452112,0.9317807762256127
0.9731082731358524,0.9794525913473984
0.9692477860844425,0.9627110068515321
0.942838633316078,0.9684968349161872
0.944131229684866,0.9733215644470885
0.9785281066083001,0.9584267899234286
1.0062622920564983,0.9189461832836218
0.9345574603892889,0.9760925786197311
0.9459105072630453,0.9646348341511725
0.9840301816800463,0.9637031587469715
0.9346824582395689,0.946376629456945
0.9534288259880214,0.9546532104176696
0.9477979992468263,0.8920474258260044
0.9609210665855558,0.9640946532924616
0.9444408341901099,0.9796683955404448
0.957404812733701,0.906538480518468
0.9708258127748831,0.8697500012313659
0.9886741195163836,0.9783165668225257
0.9496038874854738,0.9949482914711503
0.888048067335072,0.9675541969561486
0.9555253997039638,0.9470095907143958
0.9425713842076946,0.9668245417516571
0.9356842989009935,0.9927206484646612
0.9705118696227121,0.9300797046312447
0.9245881493074685,0.9471884817646775
0.962856020994528,0.9757826749392587
0.9909801016033816,0.9710006538419806
0.9539688893656113,1.0081002239110533
1.0016049658795991,0.9409889283544078
0.978253352127488,0.957040602620596
0.9625355333654112,0.9630281545823137
0.9487623760014222,0.9006861902342007
0.9940178450028796,1.0445270366419697
0.9672134446380896,0.9516359913497914
0.9720210515313822,0.9853902065031894
0.9523162804576886,0.9247487398355464
0.9721077377698395,0.9519719366812521
0.9890606666050568,0.9467792099796288
0.9559571948556058,0.9838939897145246
0.9868306417968433,0.9872721828852982
0.9417835572472076,1.0069166347534602
0.9598195853193613,0.9572986495646787
0.9389107063440377,0.9546013939914959
0.9529290106090875,0.9030670802940833
0.9503387260797334,0.9643488698685511
0.944939060938265,0.9803526624741894
0.89830761702644,0.974383469523414
0.9519790627771686,0.945350504411867
0.9702418570068683,0.9814736050482595
0.9328320598723611,0.948143391691364
0.9202117442461714,0.9922209400113875
1.0136449474442328,0.904242352358397
0.9759706605541375,0.9449191904100546
0.9320522911274995,0.9633975608860649
0.9755627437284611,0.966476456471676
0.9676665968043058,0.9617287328920612
1.005185312391782,0.9777192109137
0.9292462023565076,0.9906819748167206
0.9800456077768744,0.9568899669116063
0.9931834496079992,0.8759715995794333
0.9849171790534137,0.9106608589054301
0.9045769696685297,0.978941254453002
0.9778313878793854,0.8931764351833558
0.9985457668024914,0.8990213290223243
0.9540048098289815,0.9667509614199581
0.9395931814834255,0.9964002510839576
0.9724185126482374,1.0643050335990136
0.969538548352522,0.9472941086807541
0.94113865238656,0.9652139742555069
0.9538577018409699,0.9904624367926947
0.9540653884274933,0.9645528494576876
0.9453545338420539,0.9755416894163411
0.9299613858422541,0.9405693841794616
0.9863646443896043,0.9769253607827533
0.9298378365396246,0.9616057510471567
0.9798181189057831,0.9294787333513189
0.9347002025691094,0.9743447091745091
1.0030997842808411,0.9549632947627684
0.9112726970085705,0.9614584670229517
0.9566466565918772,0.9589863257398933
0.9614380159625214,0.9125342562119898
0.9259988598723095,0.9025973743202708
0.959261755073141,0.9843224798533967
0.9743146752641569,1.0133620640118435
0.9058488375746354,0.956310329360886
0.9344864347753052,0.9761344286297667
0.9529579190850483,0.9616327238126818
0.9033279568440624,0.9663205666171998
0.9583978612277706,0.9601731233445762
0.9740803898738631,0.979007029807362
0.9973104823753793,0.9556905715434253
0.9094448717858027,0.9323475812001812
0.9815039644129692,0.9916006462370266
0.9776841700989068,0.9150601736123158
0.9399153094345197,0.9486036312591625
0.9364112907002612,0.9826373144559234
0.9591252949555469,0.9983661918301567
1.014444109185722,0.9629263662479558
0.9755800061646543,0.9800776693840912
0.9666130703251019,0.9469794558470357
0.9542985022723828,0.9523647072742422
0.9424030415601802,0.9128979082928155
0.9418578296037353,0.940699208406638
0.9350055979104451,0.9639972000095756
0.9845551033922465,0.9645293650831526
0.9576252537940871,0.9800069993877474
0.9310600544151874,0.9527085247627171
0.9855679263815077,0.9740003547688972
0.9513745926982492,0.9923807402304793
0.9598278674212571,1.0226732300825436
1.0265660290207461,0.8601341066694417
0.9809911476907134,0.9951134116058562
0.9845246348830538,0.8700132711218295
0.9237997225587912,0.9651075224373296
0.9680620283544451,0.955114622976891
0.9870230610928281,0.9637572128995013
0.9400490918656603,0.9279886873952545
0.9539264622384819,0.9645585016810675
0.9527394988614792,0.9251936230569846
0.9623159289499952,0.9406451231540006
0.948808187680992,0.913709256371389
0.9583613820824778,0.9865183016899812
0.9924544740547884,0.9429756793942916
0.9585565690765584,0.977480065225019
0.95178132441687,0.9255431122650307
0.9539737367254358,0.9865799305342019
0.9850709070117095,0.95998627547899
0.9619294509812301,0.9540710481384962
0.9762785713601697,0.9314377786595371
0.9950335052067633,0.9645423553612218
0.9411823647822064,0.9811298729859781
0.9673581976254617,0.9769140371648148
0.9877462580172033,0.915939141869575
0.9647202702118822,0.9652663819895625
0.9524912500391945,1.0031247630832358
1.0242971974358075,0.9624408754424035
0.9695340905846769,0.8824166735712563
0.9240753167209689,0.9549517228630476
0.9524634400222368,0.9334250096984921
0.9618234076406621,0.9791436890488269
0.945645034240733,0.9582416625128729
0.9835452316148325,1.0100309864868615
0.9754006851650533,0.9690773610304603
0.9301477006506225,0.9679444649777565
0.9414515411679035,0.9738244088719118
0.9599834994820421,0.9589794251358835
0.9662294587273954,0.9760086786639329
0.9269057477610081,0.9625484831910839
0.963903499584839,0.9551690682482115
0.9671009036481424,0.9586661896697468
0.9675677730953822,0.9646583944911344
0.8917189908945651,0.9314618862278091
0.9494746640864165,0.9608054425973508
0.9675137955799629,0.9901889247576103
0.9526448006390026,0.9263808069148389
0.9624856169830277,0.9435909241802923
0.9660560609003945,0.9633075732748897
0.9460155927786663,0.9425129252787117
0.9718308359361504,0.9440945569699256
0.9782398835173205,0.8805958026538594
0.9886517193172901,0.923785616512768
0.9548674736218428,0.9520172397569715
0.9688243251145005,0.942506633901003
0.9825994633740197,0.9401074919573404
0.9705748212198716,0.8951693245794
0.9916441703605973,1.0041550376601853
0.9819387782464751,0.9669254947824514
0.9780139045486257,0.9767142409327624
0.9287717325965426,0.9703916515421166
0.9120544443778484,0.9772725331906009
0.9607685280192022,0.9135821883929831
0.8665116055170504,0.9496662333490478
0.945333432728288,0.9516157883520994
1.0124834050667024,0.9764922903754669
0.9343667258089214,1.056996196417385
0.9738055907907129,0.9591855161923437
0.9603183151732451,0.9782907482727177
0.9455409557929184,0.9280868562717433
0.9469510296394121,0.9775948000134366
0.9508708977550964,0.993251410066407
0.9247612511996847,0.9420887501904041
0.9816700018888319,0.9929532900762541
0.9511053930209861,0.9815349081990039
0.9827696566202998,0.9921257729236386
1.015559302805587,0.977769154774246
0.9410105414481538,0.9687538529864854
0.9028228226602432,0.9140365830442114
0.8685642332374824,0.968431744830872
0.9555513621267449,0.9687934776443579
0.9621199493531054,0.9535581154893075
0.9543561147169984,0.9602946195435584
0.8711268996715892,0.9325770702742453
0.9503643699159325,0.9604107143401017
0.9058466579055838,0.9775096898302688
0.9632380723805536,0.9883241045710631
0.8974095343641293,0.946099502315376
0.9443841793674108,0.9857225809659335
0.9461547021242125,0.9654572160264137
0.9702866664527645,0.9946419410372449
0.9510425423817244,0.965303996207053
0.9439996478270426,0.93288770924066
0.9428856914185302,0.9437991445201279
0.9638407000989301,0.9357811752904794
0.9543307576009339,0.9481186562917128
0.9408099158310254,0.9897471759712003
0.9718426355471497,0.906525393192659
0.9726393786003948,0.9885670525432645
1.0105610575392092,0.9518088619689404
0.9672241946331498,0.9891362525051728
0.9544056675195448,0.9067444507745909
0.9090274787344561,0.9502623121224051
0.990031465946759,0.9638538281131446
0.9758444192777552,0.9778991319711442
0.959531297081856,0.9594442381340416
0.9565515075857821,0.9255734076249803
1.0038667137611788,0.9064996917522227
0.9441400458494285,0.9664920149821918
0.9319546696232809,0.962879990079424
0.9595305002478102,0.9558734656947495
0.9497896245178082,0.9533952128399228
0.9069641639416137,0.9659224408722138
0.9890728790178294,1.002897711771878
0.9036594463045309,0.993976758248538
0.9943533920737366,0.962195694014175
0.9344098397604981,0.9944755529886034
0.9296813330752005,1.009648009588749
0.9161329215436033,0.9483028839995651
0.9998339439276027,0.865863278224668
0.942755500914644,0.9313529904070919
0.9169201919601961,0.9255831040737236
0.9376334851845536,0.9664412544291563
1.0046297591200024,0.9358699821724231
0.9961964158589102,0.9538011773973137
0.9259857560807079,0.89373746080138
0.9221244782197182,0.9902143593274488
0.9248524313720466,0.9150531387500771
0.9841475036249947,0.931643334498339
1.0141215520782272,0.969948074264619
0.9607148072908729,0.9342879946371594
0.8933713224946235,0.9553927809220144
0.9813672325248212,0.9487905404289724
0.9880576437797963,0.9705992870787512
0.9751056576070213,0.9828413511419439
0.9406258423163915,0.9531984348321205
1.0005190872905039,0.950384778277139
0.9901734710314646,0.9442700262596193
0.9467948550471873,0.9543462719814978
0.9363237513329193,0.9386046869567289
0.9628711996513833,1.0183683438999058
0.9757166123839351,0.8952906720227384
0.9919003171964589,0.958181268665864
0.9660154211007639,0.9589942199648787
0.8806818319249281,0.8863421363233689
0.9715170316784144,0.852665685966
0.9034278468396607,0.9700892096505477
0.9856812559147353,1.0216862526131458
0.9148338016328317,0.966102548272462
0.9702855630194807,0.988312479180454
0.9953688539034992,0.9030808354544276
0.9860637364458071,0.9255513648516648
0.9413597290143114,0.8868346002487235
0.9443739331155442,0.9420447922468292
0.9447700932794076,0.9176505177054163
0.9098349621611185,0.9815529556417614
0.9794956532554627,0.9636772893968901
0.9658370706814403,0.9424075886015385
0.9813276090480992,0.9491544042274185
0.9686758281403797,0.9251097871437675
0.9783941978606856,0.9754891492292862
0.9315680556399369,0.984995937533145
0.9717525355767676,0.9883158682743832
0.9849930015004618,0.9569886150041801
1.0146538129104317,0.9658644506378435
0.9404470661540983,0.9808751974016021
0.9662888396757333,0.9529725099513289
0.9735752699325868,0.9342608133716025
0.9408396045947136,0.9439983367153607
1.0300761960130795,0.9477317920845699
0.9717683617876219,1.031328617471629
0.9813354209671227,0.9616999198086517
0.9842934731819716,0.9292810888794837
0.9737035032421851,1.0076140299242464
0.9238669639201329,0.9587891008683036
0.9461620544442219,0.9762431921066722
0.9029313044501188,0.9086121985816576
0.9786339196088093,0.9875001055028079
0.9583533043165883,0.9826703661262413
0.9771848266579124,0.9328766388991868
1.0142833039337684,0.972048077080308
0.96069301601998,0.8975268259220067
0.9871269627225208,0.9552358119253729
0.9619756687320152,0.9392830544593459
0.9603607988886256,0.941531285030632
0.9089575430457492,1.006614325983258
0.9596493041057774,0.9324425218892272
0.8776834961563611,0.9723818091939636
0.9662231920936365,0.9481850304327978
0.9662775016414383,0.9720404235896669
0.9894606008015441,0.9925760678488668
0.9361905125491101,0.9810253546181052
0.9774648361866929,0.984858844739009
0.9918063785597513,0.9745960966682583
0.9459570823865839,0.8996564938691155
0.9487685247487035,0.9926151060037784
0.9156993929417141,0.9558967554674017
0.9453162676856807,0.9814940098485307
0.994809182503083,0.9396402732946234
0.9863320094627337,0.9755595314479325
0.9978788362323292,0.9544073006841934
0.9890352818691422,0.9339008942279172
0.9804223645071202,1.0329842017037743
0.9806833150399247,0.9430804718510272
0.9329956802865504,0.974011003176484
0.9718477259071514,0.9495609846160781
0.9413274879321949,0.9694578300855673
0.9790781071645955,0.8764473687766826
0.9270082100437117,0.9189834673001177
0.9853517177822028,1.007664662525369
0.9765505991846711,0.9338337874264752
0.9953274096694887,0.9488806651032003
0.9951610792503979,0.9904920680946592
0.9576797984049799,1.0260586107631475
0.9723319339798225,1.0172947400414019
0.9620457458390506,0.9836625748413801
0.9352335891827369,0.949097210815324
0.9931212208784298,0.9592056056745358
0.9425229330994975,0.8550440898935494
0.9827154234123602,0.9463531511105907
0.8551402943612565,0.9474958953953571
0.9531936872742526,0.9671694216321279
0.9441249212231155,0.9801511202363867
0.9712541612806699,0.9671574427841165
1.004643509953512,0.9531585381828835
0.9541353926330467,0.966568512874862
0.9117306939253987,0.9740483312211025
0.9980834156857087,0.9345338630367044
1.0014166038290242,0.9697755061406116
0.9641118217947598,0.9175681688726752
0.9342335804967139,0.9936729627556262
0.81320836519609,0.9259300994354188
0.9881347839807376,0.9947736377541326
1.0071164201846206,0.9857345497840805
0.9723496329543901,0.9963604881218995
0.9948913787117986,0.9081406515326018
0.9693893425536808,0.9629089231031429
0.9958490478528331,0.9796945857204442
0.9573677448537474,0.9465141551108119
0.9134822933016572,0.9505958424559351
0.9790050145713718,0.9516632425816227
1.0101890382800767,0.9415352207673187
0.968849888480278,0.9632375966704081
0.974961207884841,0.983030222807359
0.8618598291353141,0.8998755732099418
0.9711118689946348,0.9253309170490543
0.940119191555987,0.8781728154349503
0.9592849555120347,1.001050099253365
0.9757249668784467,0.9723417465070893
0.9886734210343058,0.9136888653614645
0.9734637826645843,1.0052213851852778
0.9773256376266962,0.9770886277538934
0.9613667939004498,0.9692013102910304
0.9622403545248058,0.9576281879707329
0.9550119992378294,0.925712026978483
0.9586868256315879,0.9796388615886131
0.9760202605744738,0.9718531849166646
0.9440661858059397,0.9766624999589281
0.9651691138750984,0.9534834364910394
0.9620686900153821,0.9458603147651323
0.9776789315791908,0.9667026630747123
0.9913086336221846,0.9672262947607401
0.957833813104737,0.9310829784751155
1.0111425830024632,0.9434379336124709
0.9704629002108798,0.9530875983917985
0.9080033923445879,0.9992164156835239
0.9654817255916388,0.9759841774157099
0.9678965263369931,0.9991844851840336
0.9058979420819736,0.9405030331015343
0.9655948488345734,0.9647093694222308
0.925587102872853,0.9701886017628254
0.9583428246351728,0.9294715443888666
0.9872647491783373,0.9079214962609385
0.9485713366059778,0.9884500234642454
0.9860765905423579,0.9531063020221798
0.9916887337593755,0.9607240689949794
0.9618748793775965,0.9178055960363505
0.9859363320518297,0.9718913033339024
0.9640184528333753,0.9806535410594831
0.9431958029242715,0.9726518495738128
0.9920516434106347,0.966773626430672
0.9413673390909567,0.9506092682125968
0.9491868060819756,0.9736096318069305
0.9245710638520037,0.8863795475873156
0.9166108799455804,0.9781107525545637
0.9389407352262126,0.9653965886988493
0.9793790569434688,0.9702622961118218
0.9887573096530297,0.9809317926995149
0.9751425274773077,0.9513147525320844
0.9958518159895368,1.006068793302424
0.9753380480545686,1.000750080696258
0.9807579311648384,0.9399332474734915
0.9085342100726367,0.9367750712636967
0.956718322445611,0.8557744431053798
0.964101269815288,0.9961343458070043
1.006740657460602,0.9323685802412129
0.9652855580792913,0.9623774569060928
0.97025407012727,1.0202256038705906
0.9776859475712788,0.9606840457083603
0.9241743603697149,0.9586768162817768
0.9811087678535457,0.9583396280858278
0.9623478538939327,0.9864823619558803
0.9387227435475171,1.0338204384848249
0.9724035084774802,0.8968999486039642
0.9475008567272017,0.9652982412641798
0.9727363852196168,0.9869929592706058
0.9924303470794956,0.9926450673009487
0.9175833539703635,0.9941148042084483
0.9028749223980417,1.0129769715064287
0.9470622293468329,0.9745972179746952
0.9776863549418635,0.9004272280617579
0.9197061726297867,1.003449410192981
0.9702920131559286,0.9349163849883602
0.9740676136890993,0.9506027855106207
0.9897759835144387,0.8402687158084872
0.9674181221397911,0.9818011999003698
0.9502983342085158,0.9573596568593459
0.9284979185480128,0.965371448371623
0.9881559203560919,0.9789472045829718
0.9840839710134262,0.9306739972483076
0.8905128805989586,0.9671235356646823
0.9839208667280206,1.015495371177107
0.9875012927326074,0.968798325694712
0.9761567230483822,0.9286881469888912
1.0203407361138128,0.9719782251799215
0.9945088748456348,0.9544095537133754
0.9598923801029828,0.9519420548287895
0.9358838284610924,0.9644558152158944
0.9327676744739942,0.9482355834637199
0.9003576042609461,0.9711554061606877
0.97974083887496,0.9730735502600308
0.9589675098249304,0.9742286796069731
0.9722095578512295,0.9260955779625033
0.9544941549427,0.9021417686339399
0.9742705435515289,0.9652409833348096
1.0080082687563268,0.9506456662961696
0.9667481946612062,0.929701207964469
1.0395616365108677,0.9341495215782379
0.9759600849247388,0.9717603475690264
0.9767630092142044,0.9561726539473138
0.9378008855447657,0.9503317179332715
0.9478677074798393,0.9192058244553386
0.9688486678358217,0.971143884164402
0.9269424802015765,0.9659187040398419
0.9988208647407046,1.0354079364539044
0.951025326373766,0.935077647579935
0.9715205349443067,0.9783097243237133
0.9779266674223615,0.9450941118834797
1.0236084375314727,1.0077099843798507
0.9530578497141284,0.9645511949912257
0.8668003384351992,0.984300417074975
0.9436634058578234,0.9524108706719855
0.9879174342444007,0.9626082443551278
0.9647704879883852,0.9744775178837509
0.9643422914154127,0.9557270453830415
0.9230492339440927,0.9964552781452374
0.963524490349863,0.9458625228395715
0.9857842094925339,0.9603993211315315
0.9008145853780113,0.9720488463921798
0.8948674784227818,0.9313619843678288
0.9736585216833696,0.9864476363179105
0.9784356795506531,0.9587414508405846
0.8864274191752752,0.9450909234856256
0.9342411410030278,0.9424347031645571
0.9445709538002852,0.8449358705607134
0.9662293970600531,0.9059198490976442
0.902517844799278,0.9457555145699427
0.9705185092153822,0.9499495760252352
0.9239268765379912,0.9576567143900017
0.9678895299093612,0.9630350718597515
0.9847583619596905,0.9632411573598002
0.9120690729960476,0.9715199819485966
0.9240684154131175,0.935889316965881
0.915316232217134,0.9484929083887291
0.9468147619334338,0.8819468049502466
1.0050382666248594,0.9562815308147294
0.9586863196939815,0.9719025911685879
0.9503811244259951,0.9797889131808374
0.9535604762607145,0.9328289216956247
0.9549924806752548,0.9739906825893594
0.9475098288872789,0.9954242376823713
0.9580851181455426,0.9818232730439926
0.9595642742758366,0.945015239164404
0.9546900298063542,0.9447590649418364
0.9822254193903021,0.9746609975224394
0.9721298156325111,0.9123140265737529
0.9377869933747012,0.9464151713376058
0.9816516577413372,0.9837510761501381
0.9413629717942423,0.9884329989834536
0.9839087246336057,0.9589200587757125
0.9749479245402518,0.9428587099637218
0.9566118679713747,0.9948622367115163
0.9717769291046542,0.9373023534649212
0.9458144745583131,0.9950972174535868
0.9511254582538611,0.9628826357561534
0.9665876460663627,0.9803633842194703
0.9611499045029238,0.9313075791142729
1.014601673272945,1.006179324056256
0.9168506783594734,0.9787792378583269
0.9532630557612735,1.006190059503198
0.9260772289783754,0.9513957060441827
0.9593755076088785,0.9749313821447386
0.9167669417586793,0.8822452351632981
0.9675145035472954,0.9360901996390187
0.9537272524122055,0.8912348152364329
0.935260424628461,0.9487554767765936
0.903658581592509,0.9534723864863275
0.8983344674345538,0.9882628340782097
0.9408033122401044,0.9448611171798393
0.9091201484627813,0.8861910415340614
0.898900312976894,0.9090149978452515
0.9480030236495325,0.8914131313158732
0.9293838148149971,0.9767585170296177
0.9076440264072739,0.9084300592582082
1.0386839793366829,0.968376309255475
0.8941574775609648,0.9671502997150807
0.9735151185847489,0.9794549066343001
0.9561729525569234,0.9573331720403593
1.007286913357635,0.9777191081167614
0.9443305342403352,0.958753761848947
0.9810476555817439,0.9606816061075769
0.9519804729715419,0.941232593011195
0.9949099081716086,0.9804859776731194
0.9566077595606904,0.9762238491929965
0.9574183080102898,0.9007818028366905
0.9409160492809312,0.9572795296226442
0.9222238851651146,1.002081579663487
0.9487677575286484,1.0148457871920213
0.9254618427887217,0.9460249893228345
0.9131828091052783,0.945766247306588
0.8582351336084831,0.9992463350945096
0.9731520563532166,1.010485641422957
0.9493855210509983,0.9512094491683973
0.9749199545637757,0.9727665874767915
0.988597402405929,0.9779940302351884
0.978011449321438,0.9250930909922962
0.9722302359268138,0.9259335199790376
0.9926397055160138,0.9690499284458891
0.9570543996733994,0.992083512148901
1.0165695665943248,0.9037294995395537
0.9659168608322594,0.9616363205325736
0.932701625399521,0.9787849595121508
0.9637162226756493,0.936103864886245
0.9819822034674902,0.9409572964155787
0.998298758503848,1.0146028858020184
0.9809935643944016,0.8631857315781587
0.9678825384465959,1.033944841357045
0.8160864300291004,0.9753230187089942
0.9834358618238264,0.9953788680557193
0.9547351694324917,0.957284611362256
0.9891067552782191,0.9434939853987638
0.966313299977614,0.9458399825582903
0.9584430085879806,0.9843273092157958
0.9521679136786865,1.0324909142500363
0.9868895470567333,0.8358187319635763
0.9550517271968885,0.9823854076952482
0.9530348664405653,0.9519186750557104
0.9407813798084814,0.9332493370671463
0.9548494270828535,0.8711993363233946
0.9779921811008446,0.9382579116659194
0.939628324962223,0.965862331499403
0.9125749462154975,0.9178901226680047
0.8940600355133472,0.9686139958034354
0.9628232230483663,0.9774499629014062
0.9804754764680256,0.9437905519738485
0.9722303482161536,0.9655938458316176
0.915224042908645,0.9702214601798577
0.9901091656358967,0.9509155788842528
0.9231956979962525,0.9479436168689624
0.9626290860286911,0.9405857146817254
0.9529664915004017,0.978174126370213
0.9698944685579188,1.0428514474858381
0.9563576847813069,0.8986045005356388
0.9567098061492876,0.9573553647932531
0.8155642402340455,0.9776207665571716
0.9858296741881982,0.987942538761777
0.9271878446851733,0.9572952307291213
0.9139468994282597,0.9628711930517616
0.9687182534845483,0.951752167352891
0.9615042175617858,0.9370594522075125
0.9807296668654568,0.9718534990539855
0.9517525549054964,1.0102702870529159
0.967362518785554,0.9688682311434943
0.9678617680533139,0.9879899370547609
0.9614405749715749,0.9995377100304188
0.9446265447209299,0.9216590872555861
0.9576265013553623,0.8439972650556415
0.9762807772700857,0.9795044735058911
0.9608708281214051,0.9172304353613959
1.0027210467128613,0.9738047983567542
0.9166220223983532,0.9731187538845206
0.9505916663435381,0.9219644946375343
0.9693578222618324,0.7578915375680996
0.938524203422924,0.977580445650657
0.9452572330359645,0.9805607140318394
0.9332724969240239,0.977390381694963
0.9577650155600823,0.9185821250227707
0.9115008944521626,0.9869348456926317
0.9934535640751928,0.9031043718613214
0.9591768312752609,0.9639834748691779
0.9523092496426477,0.9325599753340517
0.9300944488132904,0.9528331297807294
0.982416693965658,0.9093013952434807
0.9727474901825367,0.980656308195653
0.9632521127042356,1.0007672943200352
0.928797746063024,0.958124827860978
0.9473678292068338,0.9646273068762504
1.0120944854727147,0.9763710316545723
0.9575443246157221,0.9596774825765888
0.9807023838340145,1.0354535974769539
0.9959554320000074,0.9585737020884108
0.9508004817061818,0.9275824162302532
0.9548154184847552,0.9755620371250361
0.9497329456636091,0.9699687253857273
0.9755745277210452,0.9835031179706387
0.9348058123909107,0.9118376402036751
0.9431000663400172,0.835755176139893
0.9651647322997087,0.9660398916534221
0.9962554084307255,0.9644695955320847
0.9561525315454108,0.8871252854537381
0.904656291105428,0.9442901050803654
0.9429664970609529,0.9699751080803768
0.9192378927511047,0.9814252546867015
0.9689971372227053,0.9311821624488289
0.9899936125781665,0.9221109563385428
0.9277810626179767,0.9084461689494638
0.9507000409107528,0.9113733105781266
0.9931248363680136,0.9648259030583662
0.8672115739573524,0.9669358737200918
0.9733802011694976,0.9688914312211448
0.94534821302026,0.9504813599389227
0.9742330266058732,0.9613785196182744
0.9648019805252642,0.9791625909852719
0.977469499886684,0.9645778832109279
0.9803850237808396,0.8990216263644262
0.9619412785842677,0.9910080564545013
0.9426226640373995,0.9674236574879828
0.9871973473154521,0.9195819259863589
0.9434815560365801,0.9617806382710573
0.9201735303388107,0.8333546355809989
0.9641570648570079,0.9773753900157991
0.964457860000075,0.9824779008675482
0.9451456518731954,0.9784700922774435
0.9535110052430322,0.9473354808649984
0.9312852292294154,0.9654181440881887
1.017173049060495,0.9367741280855885
1.0157209196450452,0.9553263372569867
0.9972867795772279,1.0018294508273087
0.9486337986799054,0.981444249608854
0.9540294087572225,0.8644019228801099
0.9017484348502408,0.9838130009358856
0.9650782057978554,0.9720737661560401
0.9871182024281169,0.8842823020548061
0.9635476785757997,0.9616464873811695
0.9668326294982279,0.8689299710105675
0.951910260561341,0.9489342825971161
0.9910231349948553,0.8929251332392127
0.9959426136683986,0.9640034753688925
0.9623666618694287,0.9516996679992801
0.9466331890663797,0.9941824456178664
0.9996950430439568,0.9575976624348804
0.9628438122141711,0.964900793347418
0.9929599555377348,0.9462665401671629
0.9780671500930795,0.9038432205596919
0.9911952937035915,0.985531590782121
0.9570764767929177,0.9956396002303167
0.847169306902949,0.9630571462001192
0.9561640562515664,1.0054557841655736
0.9633482655905582,0.989957905518763
0.940836158722655,0.9904945466304619
0.9853379141182874,0.9968957479414193
0.9614419519732584,0.9734231944161694
0.9461360009604574,0.8970116833462577
0.9750777042135114,0.9781208316139804
0.9378673510055648,0.9167062067290813
0.984670656873779,0.9367027120792965
0.9743414099872485,0.9232436993162297
0.9917776330181396,0.9085828978378511
0.9465862909210899,0.947593669377769
0.9706106884272603,0.9489847589462936
0.9636583757447725,0.9959803933117327
0.9341131723622704,0.9394493040684732
0.9306350368894617,0.9437744190064031
0.9602054545045308,0.9420922777467606
0.9523610086983106,0.9698527221414591
0.9993425366490625,0.9861864663578248
0.9151339355930701,0.9708732552467826
0.9840066841650111,0.9854877173873998
0.9365855746671241,0.985125063024615
0.9244097163192012,0.9711494665798853
0.962947088834899,0.9436117847783378
0.9588291425355304,0.9114510344999334
0.9768668205162522,0.9137231974241065
0.9673263955174985,0.9487976538848469
0.962639340448098,0.944246346690113
0.9315787943742145,0.9127916152221742
0.9759932380492107,0.8994765825713616
0.9797770274441896,0.9478040875859524
0.973504631712434,0.9144529833235177
0.9444449094211896,0.9862395993946862
0.8992245594449343,0.9673661785003838
0.9579808378387675,0.9811815015520988
1.0205701197522228,0.9682314138041197
0.931366970612326,0.981090570417018
0.9761085858982802,0.8449516316468871
0.9468113730693825,0.9074011063836742
0.9795361327142939,0.9560533224759851
0.9958654369037896,0.9853835135526064
0.9596159227543681,0.9653979634266553
0.9668416347427777,0.9184159101671996
0.9383418666546441,0.9674142221170274
0.9419329909200403,0.8492201407990345
0.9493560680953047,0.9768375787952005
0.9621052494400414,0.8965273801977431
0.9340924772450847,0.944286615318516
0.979453140085661,0.9037963905936606
0.9734861692613279,0.8587518552502774
0.9528504484655258,0.9394432008976655
0.8839445170831958,0.9669433837280461
0.9744820886689666,0.9221612908693264
0.9265579464457961,0.9788059655518468
0.940823181918245,0.943229595412809
0.9591925209111801,0.9937930759782115
0.9733473001667378,0.9681185020524153
0.9208220741772366,0.8470964817351051
0.9830856504628129,0.8768163022186368
1.0015890015978077,0.9817651415982136
0.9361129367075283,0.9464964599063742
0.9702099552519785,0.9130288161111559
0.9769745544437114,0.9633931515353847
0.9291730378376946,0.9751295756352992
0.9875685206817774,0.9517233638320577
0.9503512194225401,0.8808905229013508
0.948123232005958,1.0112569570202967
0.9690347231514433,0.9197476374057308
0.9785198412675248,0.9530594653750869
0.9523924248844103,0.8590599189865885
0.9037798709274557,0.9564859699110517
0.9667303873264311,0.9472608326636909
0.9983029780296756,0.9309767341045384
0.9498810472766448,0.9862305782489896
0.9687223808056905,0.9462407503888746
0.9575137960241101,0.9646350682108121
0.9624082986224259,0.9415790952867805
0.9138337958737597,0.9511334325035236
0.9250596777773145,0.9904348518067795
0.9385428113575269,0.9867566393266587
0.9371181387179968,0.976400743977538
0.9934837851342253,0.9793248203301975
0.9589874754943029,0.9627297754088155
0.9638719164259005,1.0027914116104926
0.9624686688652598,0.9440573004414815
1.0010042699609714,0.9515858792375277
0.9568259609814267,0.9813556343133174
0.8927226732989625,0.9763084790915827
0.969645745189575,0.9512862592031672
0.974883142820448,0.9269128592411139
0.9415684263342214,0.9012302029783007
0.9969876552902518,0.9255420235159199
0.96099089576012,0.9595027852174618
0.9302342097916763,0.9671590546476155
0.937098956097673,0.9738301851198794
0.9601275882654983,0.9328433605596189
0.9382841956524838,0.961706133377145
0.998140979659584,0.9782434944561574
0.9637381224565937,0.9622117564382524
0.962429568383542,0.9478766228128037
0.966963437138646,0.9216869264472165
0.9508619126811659,0.9831845856785314
0.9473397110001831,0.980409400439507
0.9430959352026806,0.9759016734866617
0.9097565381029598,0.9594400057190499
0.99187886850501,0.9640077164047923
0.9658965028484848,0.8472844271306754
0.9508261169508389,0.9434941542426084
1.00116224615672,0.9826842432266819
0.9607273146295842,0.8715017482890725
1.0096792490701934,0.959800138731871
0.9838215066118812,0.9651765645908192
0.967832959171429,0.9797273653351506
0.9374047127862386,0.930057085629954
0.9328890907413434,0.9609450058447275
0.9587206694746586,1.0058647220519137
0.9589218931314916,0.9615741517061797
0.9816479771347003,0.9721452834399152
0.9463006677707687,0.968150781367945
0.9621920936460738,0.9430575876633597
0.9243422556763325,0.8846889610246055
0.8889531012317886,0.9596478128875627
1.0133940905527061,0.9609705227405625
1.0460569336829189,0.8513714644778227
0.9628913319618219,0.9768959635497279
0.9491405264793638,0.9137997306889458
0.9387929818605937,0.9555956357472143
0.9768220237520746,0.9729326241539376
0.9265696537033219,0.9375550750315331
0.9968752999500636,0.9530493733247727
0.9643527903081002,0.9432807227885982
0.9692264294962892,0.961386785645493
1.010690464059208,0.933655450547785
0.9647770460528771,0.8853178098248019
0.957453686474212,0.9453262436287387
0.9703808614165543,0.9208137161063588
0.9487925217895337,0.8836747289999898
0.9886416022790502,0.9493938349697817
0.9450549811030174,0.9559402453493799
0.9328355765238894,0.9891108224885938
0.9543272597962517,0.9612745387303497
0.8271342635136345,0.9662462710367766
0.9923381748835962,0.9878917958079805
0.9360230905360915,0.9223885885277419
0.9846727451241518,0.9701259902600564
0.9763952742708322,1.0060560662615847
0.9887314582837228,0.97052214786052
0.9535437653609218,0.9898231388438314
0.9741761185294675,1.0078267096251037
0.9928651420780404,0.9595676369082763
0.942761317411756,0.9536449078825457
0.9337915586627801,0.9759570740027435
0.9655997318593844,0.9904789875513729
0.9743727104991692,0.9511390655228547
0.9768208150185246,0.9814610139174571
0.9408296513856635,0.9395774993923558
0.933446990142753,0.9458575051143764
0.958641888906899,0.9768399983976883
0.9510251642091476,0.9504377214094596
0.9791255645940062,0.9970832269435586
0.9639761368268157,0.9629892554238655
0.9341620804985424,0.991399795779395
0.9607621004531711,0.9421316886045519
0.9651278648418938,0.9512623357989594
0.8959044795354091,0.9922664107182629
1.0190523614805518,0.9345621364572967
0.9107626216782171,0.9710180658943474
0.9597437441349436,0.9794196071289989
0.943225692856867,0.9564379496997691
0.9830552522417135,0.9974810048574805
0.9265474145626151,0.9718886701564631
0.9773188112779473,0.9464839355159209
0.955640460226777,0.9291983648249195
1.0088270626444067,0.9762714802441453
0.9789323122691342,0.9890145606512419
0.944709663114195,0.9609543181219423
0.983568774795294,0.9494592498133905
0.9838781941991895,0.9087519940125441
0.9453892539313404,0.9612684136699974
0.977956442951852,0.9496680342272134
0.9259624562249219,0.9724492362306176
0.9389864880579073,0.9606004447733723
0.9374779589208885,0.8997507901847426
0.9076636102254565,1.0299299268668964
0.9554558355690682,0.9582739724104832
0.9482684373100012,0.8262163241333723
0.9872397357177136,1.0173646395767055
0.9756126438960131,0.8314873407100648
0.9445523782321495,0.9204700248928868
0.9515835176726171,0.9473233348515809
1.0045814907868278,0.908684148202122
0.8264313830871544,1.030122324224231
0.9566496907557512,0.9086878172721424
0.9599443064951723,0.9492622811705452
0.9751824510664681,0.9625246325122399
0.9678462234477891,0.903003780961701
0.9402213367935042,0.9308203883332368
0.94267749915934,0.9839199821941159
0.9719960229552815,0.8996074164836381
0.9890228472682235,0.9858316067083892
0.9240926531740827,0.8826751797349589
0.9112830075397188,0.9725487422198555
0.9949188236590618,0.8907696577731872
0.9535626308342093,1.0211034388715192
0.9558436253156875,0.8871019248794813
0.9447080754317342,0.8318432649348705
0.9715592675323744,0.96570943715405
0.9774815224895037,0.9832952186409465
0.9163370963758564,0.9721873178519639
0.9727694667617596,0.9211296558270208
0.9221069779763144,0.9921351982487062
0.9851510207689763,0.7480795641950154
1.021353199566984,1.0301749435312615
0.9316367517210147,0.9346149001862256
0.967389854377815,0.9613477734305518
0.9837414373980158,0.9492637841922701
0.9534243559401023,0.95545582503166
0.9720860364927884,0.9199256370874075
0.9906647432522898,0.9775756190167691
0.9368695708212531,0.9787287657144014
0.9523952025724791,0.9466353987137723
0.9814449399949651,0.9248693639277072
0.9390631983281735,0.9915328438777671
0.982317814110716,0.9440869775288558
0.9616838138387288,0.9292584414162655
0.9929286700270706,0.9026978309844012
0.9005564502476405,0.9564679449771711
0.9029173442571493,0.9434603742020703
0.9369435648781591,0.9368562694473347
0.9629294260882127,0.8570959727433254
0.9602497746856411,0.9589570219428499
0.9714964062668275,0.9594405226661045
0.9268117013356417,0.9518587062347544
0.9659293067066718,0.9529505620997437
0.9885503563586403,0.9747401971047455
0.931984598848548,1.048817087435774
0.9420876421562449,0.9852015275975857
0.9972278144504608,0.9509227196750744
0.9397693138002348,0.947129905879744
0.9853890246563068,0.9630545269691312
0.9877773917420376,0.8876851628812849
0.9372698484379551,0.9744922849202537
0.906212714589035,0.9676148662071681
0.9818891076032789,0.943367720027131
0.9628916968632025,1.0779554110056404
0.9242341661639,0.8274631834729884
0.9225491841268547,0.9293714150793521
0.9836606695675174,0.9858781217883276
0.9693846513750506,0.9661801103838011
0.9004375865759817,0.9501271421632591
0.9508914218571429,0.9822263621081398
1.004196136077998,0.9712619563997289
0.9670305103522473,0.9723823214365142
0.9614985824071249,0.933326723792892
0.9591511544833319,0.9687741171990203
0.9338735160738934,0.9419346941191783
0.9627410818923599,0.9610077229420997
0.9325469605697617,0.9616276259770817
0.9677599402907409,0.9651347714408637
0.9703041265630901,0.8809516669700077
0.9816761414916421,0.9489578815237018
0.9701696582533106,0.9332841537823192
0.9709881728741984,0.9772140207141135
0.968184338231297,1.0188792800163047
0.9319658390480876,0.9540929065234868
0.9470006882649531,0.9776787319568678
0.9718362958921795,0.845461464796205
0.9766138010978959,0.9242227926671304
0.9167942380905861,0.9690809578365114
0.9306725962668235,0.9858220754799301
0.9661332893105006,0.8973498040060106
0.9652857946791413,0.9174637726221936
0.9516738491948058,0.9829541390066225
0.959460846799198,0.9736179979675699
0.9610957525791262,0.9398289032411075
0.9817644468401293,0.975984862748988
0.971725992448114,0.9450736474271514
0.9352050346834123,0.9362809850786343
0.9874534795520528,0.9351850246641125
0.9882851352936044,0.9498001647715327
0.9479755233917114,0.902941251278431
0.8042130433525462,0.9793458318531117
0.9919815949120837,0.9956768831127751
0.9504185170986478,0.9662556653408464
0.8976877579423176,0.9803988605722507
0.9522746257206652,0.9465121509522674
0.9839292114008201,0.9334058564644534
0.9366428733620848,0.9473990626519542
0.9541152173271564,0.9653150570486374
0.964255032775951,0.9662251582400755
0.9190601819288349,1.0252947786236581
0.9845723827572158,0.9482211855265243
0.9212839176425351,0.9545744956393183
0.9513892996283904,0.983794877449577
0.9444629777866552,0.9353612012995188
0.9405961074414426,0.958801321354809
0.984561113023487,0.9844846727296368
0.9426442804790875,0.9797949272704906
0.9583900321545445,0.9633994233545499
1.0015556505980634,0.9657986390691623
0.9553075011513538,0.9740661805610974
0.9679078078409088,0.9815642554312879
0.9645628033584848,0.8819688867470754
0.9753082533688692,0.9383440525983632
0.9655579307646164,0.9924554977626211
0.9228945568966676,0.9601771117237689
0.9514198860353965,0.9870473346475144
0.9070439379036013,0.9497635087185838
0.9796053347742855,0.9988107025910317
0.9771011894698691,0.9551526432272626
1.0130524788399577,0.9625250405988617
0.988058440689715,0.9829035797821801
0.9455462519800641,0.9334259448099921
0.9462761810984162,0.9684703221167672
0.9310906438301036,0.8504795448389529
0.9565564726523864,0.9478113506464584
0.9073207947830966,0.9592290438315106
0.9731184093455896,0.9647458008223873
0.9366546193637427,0.9291497014284671
0.953833946199903,0.9781971789985903
0.9998946798050738,1.0023093811502015
0.970295707395587,0.9725343566642892
0.9400842709728956,0.989156025318762
0.9568254642030721,0.8770063575931395
0.974744763206173,0.9518999890040265
0.9907522036706523,0.9979718719762793
0.9362731259117543,0.9688905596424059
0.962495224156975,0.9555509098062377
0.9533652999789123,0.9811838657406593
0.9430298925450258,0.9420608723734716
0.9612637210326828,0.9457724839685284
0.9221170898434146,0.9328176491887308
0.9466558778674439,0.9736172528646587
1.0026385750561984,0.9235466917179094
0.8591559791247704,0.9471316217099932
0.9767175250058177,0.9989955247354506
0.9665569307996298,0.9248558096292806
0.9964104912594561,0.9828444869874408
0.9735677828992045,0.9826629237581515
0.975835327950265,0.969319335885524
0.9729349160761825,0.9955059346075559
0.9788195982153038,0.9355737309930218
0.9668036668356337,0.9227998154428233
0.9809324168529918,0.9634409395540031
0.9517258082689589,0.9604000322116046
0.9614115098138727,0.9663204723870794
1.0203291975233604,0.9257952990659641
0.9721822627733705,0.959276755275376
0.9625027707270979,0.9594882564946536
0.9177142647362708,0.9371537520345989
0.9512247141499302,0.9713507527357205
0.9772190338303528,0.977186247539791
0.9693856583037882,0.964641528855739
0.9758452777397574,1.0082461493482422
0.9716607074872481,1.0134679782842786
0.9933433543876597,0.9829819598384661
0.9570538336455643,0.8984012873003667
0.9970863645306445,0.9468387035292354
0.9637414572724363,0.9868444918558802
0.9826605631739767,0.9392316017374037
0.9230106814895551,0.9562007690651637
0.953211960747181,0.8648686658027118
1.0039078113626434,0.9793582897252361
0.9527833713927644,1.0148988543533697
0.9710949049620085,0.9382522994016697
0.9637764029465848,0.94532677818314
0.9606277872967873,0.9304523804840844
0.9355519173094579,0.9509985294205096
0.9431424057778084,0.9274511784955982
0.9749496734721965,0.9594978723955232
0.9735880031087646,0.9029805217350347
0.9795445851064695,0.9075142906099142
0.9935354832971707,0.9815048619734399
0.8387859253810502,0.9878827300730769
0.9693033851148346,0.8939178390319061
0.9303130668345632,0.9310771753360912
0.9344886555005165,0.9680666071694672
0.9933890001435195,0.9217278635361932
0.9144575875732687,0.8790437752811475
0.9476877543676797,0.9631798520453789
0.9805358244639887,0.9513238957466825
0.9187864770906798,0.9289965617795576
0.9760311730291653,0.9561510105199325
0.9595477978137741,0.9946442312017459
0.9484070579442282,0.9769975869466057
0.9827520159526332,0.9109824936863816
0.9752297465626498,0.9622469804880854
0.942965317240347,0.9904133315570302
0.9312722485298358,0.9781277129886473
0.9605862400908416,0.9815502929293861
0.8698032746512924,0.9605973395711056
0.9162636252891916,0.9379656136427215
1.0039042414778967,0.9659374633258405
0.9490297120590683,0.936207245094862
0.9726267241694757,0.9717624520286665
0.9658476819406331,0.9857138503363746
0.942548479609303,0.920412451052563
0.9417301088021933,0.9646559017089475
0.9482468816825471,0.983058980790888
0.9434602797979428,0.9617753939655364
0.9649886382664798,0.960582435967656
0.9631481601298444,0.9900039108731982
0.973438032440776,0.9456069346394133
0.9587561701105743,0.9375441385671811
0.9135107218566925,0.9368577420302358
0.9034477586275597,0.8619664989782273
0.9528526573887377,0.945886593951231
0.9290230740911036,0.9786598004664164
0.9722648087599709,0.9547668013432348
0.9547188401225676,0.9346696310164938
0.9517778919859489,0.9702072484148727
0.9250877274782742,0.9426432192914176
0.9646722250903262,0.9724321548579545
0.9680462901210951,0.9668314632080461
0.9532598517606079,0.9553862374185872
0.9514851737400785,0.9558176670229931
0.9939580224560992,0.9271174943544976
0.9721982954793423,0.9722035338234525
0.9266419351115948,0.9660033534434913
0.9572158406392253,0.9535670801487016
0.9012235822068287,0.9666227639304859
0.8987753002794489,0.9516191778974871
0.9435172446710317,0.9853918056988556
0.9587370140472394,0.9897816687433069
0.9441103129881072,0.9987253942777496
0.9670029207322559,1.0659037829806042
0.9558851321650027,0.9309763991974656
0.967850458203157,0.988854312635164
0.9759643712102777,0.9891263048956072
0.9832574578304034,1.046261156235815
0.8959607125472384,0.9093967163648367
0.9713775583481005,0.9736388687909071
0.9982671206579358,0.9808553300795348
0.9722630230470626,0.95868767997578
0.9777710960489583,0.9751115317597975
0.9441842015505185,0.964233272755441
0.9417657169420118,0.9793517762256593
0.9550668010074136,0.9658116600475389
0.9604366414274675,0.9518787898225288
0.9472000700083927,0.9229964310290639
0.9565956157968666,0.9993223122371484
0.9648232776123155,0.7650563521110675
0.9440212529086949,0.9627741023090971
0.9700746623943732,0.9862694955291595
0.9834159700782102,0.9369258915930966
0.9319433186313775,0.9539772815043223
0.9774660463429308,0.9748908478810651
0.9938951255249322,0.9583350665752499
0.9598492819408966,0.9724715090775794
0.9878302880107659,0.9508792903622728
0.8910971468578108,0.9679900317741384
0.9754661453421403,0.9652000210149011
0.9540306873222811,0.8956008285642947
0.9768206165612363,1.0007060185406267
0.9836392815263003,0.8779117315577987
0.938535263084171,0.879437603877341
0.9818253101245941,0.9722182324281392
0.9896019042315264,0.9906840390499928
0.9255894596849994,0.9486067152865488
0.9777251533273087,0.948592570186056
0.962222505566157,0.9505013056626455
0.9505388448916194,0.9774215343327011
0.9683270470632169,0.9477227497938476
0.9773848390362669,0.9472130506154574
0.9643670841331864,0.9880640736216467
0.9490831497384165,0.9619118927306892
0.9440273723662418,0.9815309895427767
0.9522308953595024,0.8113856968412456
0.9643865309525759,0.9830482322683662
0.9267944241596914,0.9009923847420181
0.9879020794647997,0.9779584645818539
0.9590653817142436,0.9866216976056917
0.9548689241643996,0.9370072977272706
0.9542698835975147,0.9857077125123669
0.9686381038374317,0.9015788685635415
0.9713189873514506,0.9844268061354042
0.9600796654692592,0.7931064884087101
0.9499112391801364,0.953325648441325
0.9460966527115576,0.971371541257844
0.9851838351897774,0.9600729669238353
0.9155695404151897,0.999316136821133
0.960779307836992,0.9848033506574715
0.8819027740349568,0.9358475618740237
0.8964049231980616,0.9425904247118102
0.9875959094799,0.951183389248855
0.9577053413152111,0.9006021481016264
0.91697324783209,0.8945054202427085
0.9813619433107275,0.9508518589209805
0.9759343062180533,0.9583379204563098
0.9971810567240035,0.9291168692817627
0.8941433910760062,0.9779687650765254
0.9308783993686216,0.9342045572538774
0.9265766817920886,0.9282794390630945
0.9360511260080487,0.9337537461363509
0.9698089045318512,0.9817870516832259
0.9970459213886688,0.958523569369009
1.002671190176416,0.9731266389001303
0.9768282655238195,0.9671574773253273
0.9569516157066793,0.9565480395937107
0.9393334539326245,0.9759128531305459
0.9533983190399927,0.8875167616593101
0.9631073131577964,1.0106091988674162
0.954719634139294,0.9682628881320919
0.9514853912892276,0.9837868595538862
0.9920414266589731,0.9127428766868809
0.914593191050894,0.909556119876762
0.97114991365829,0.9700399215110984
0.9429756915943399,0.9851765325687791
0.9500760620404965,0.9478139877309962
0.9641131258136497,0.9315476609864073
0.9337918701560833,0.9702517635699903
0.9845928976312945,0.9297782156619125
0.8834559539346729,0.9497093451175266
0.8579944744850364,0.9216649262499754
0.9549159785770039,0.9970306272490956
0.8922211417098308,0.9815186497259188
1.0021962230659622,0.9790723964347706
0.944678236829544,0.9285443877797606
0.919687556142326,0.9650248741554568
0.9607379085331329,0.9991006172389251
0.9448377010576655,0.9660626216722035
0.97363010399315,0.9713689505588131
0.9555464683659641,0.9608777407262458
0.8679637940450317,0.9995925500786225
0.9720123770385807,0.9128086505348691
0.9115509117525569,0.9864575736842007
0.9493100978965533,0.9830814769248819
0.9419744652936324,0.9782838857427968
0.9617541315445471,0.9603181326700169
0.9996200271500966,0.9666068860395972
0.9571237532996902,0.925169245556497
0.9747208208001445,0.940825930548255
0.9483760933455606,0.9512494906140374
0.9708658118229192,0.9680440670320226
0.9207718968312305,0.996775299679796
0.9599643691427029,0.9497479597707792
0.9328629001282281,0.9776173946151036
0.9770822750959404,0.8623904237608668
0.977609426577507,1.027246067289413
0.9625155396781964,0.9713277584725633
0.9689383524317685,0.9740934972071831
0.8718707728935414,0.9261347479803554
0.962972144611723,0.9462366219494432
0.9580932086452656,0.9430144430707684
0.9421609383146211,0.9637321668655571
0.9696398873981472,0.9520715356186084
0.953644628635437,0.9575781884457647
1.0049538219627072,0.947877567459652
0.9870324188575477,1.0403013130778853
0.9585809277787554,0.9718366501530779
0.9872158054698508,0.9591479756345389
0.9258325222090498,0.9712012556825821
0.9684082060446675,0.9568627667642864
0.9577964433001765,0.9304016177143203
0.8752929753538855,0.9961495207699818
0.975807974799461,1.0629140844834144
0.950093580890548,0.9051309584748913
0.9727800284146179,0.9720076676847001
0.9847211410211432,0.9833269903291151
0.9801877066693085,0.9522972127397673
1.003842271127591,0.9201135266144044
0.9560474614191886,0.9466181532807748
0.9581445027431708,0.9884587280775811
0.9932608338729005,0.9132193922520778
0.9818090992081651,0.9367449519206278
0.9819443178871273,0.892378008392766
0.9652078173567228,0.9254624200239178
0.97932828432618,0.9764488332293093
0.9866204516253085,0.9405271111927792
0.9737519722370751,0.9710251324676599
0.9454414578245793,0.9840838384677507
0.969905144729916,1.0017357387098302
0.9600418769568811,0.9372329765291917
0.9552599724444741,1.003173893252555
0.9601169844831414,0.9649816652570544
0.9519491374901767,0.9540186184765344
0.9592135961325972,0.9956197606350109
0.9453218927036687,0.9706433133305337
0.9385209181268572,0.993267017351139
0.9658680072575795,0.9701862204163714
0.9688279816762168,0.984345547112988
0.987488967858299,0.9259277122658232
0.9626119914278726,0.9693472047415623
0.9658962956350281,0.9895093225810024
0.9530419210038591,0.9576208769533725
0.9692215052789631,0.9684938356025631
0.9702377659860082,0.9850081814641741
0.9495958213443385,0.9346772093633917
0.9204442352375783,0.9731516115171611
0.9822254344315487,0.9127873769305725
0.97279806045151,0.9847760442276599
1.0152995744386302,0.9701045896713446
0.9654935374838307,0.958422856279309
0.9736332021300635,0.9548256292032103
0.9483317337289614,0.9856205900692606
0.9822099889327448,0.9582413456628919
0.9406471339872328,0.929040618690096
0.9723110786227656,0.9852712841854568
0.9828420801129779,0.9526515450483329
0.9463230075955468,0.9314961234554479
0.9882676636382628,0.8877862249627969
1.0072260111348266,0.9689476304030762
0.9384870301092706,0.9346705497618937
0.9268498029092692,0.9567364096094361
1.021095643859649,0.9558947675791525
0.956045699934035,0.9393081721109694
1.022126666192309,0.9773426739621149
0.9938427775301268,1.000178855129889
0.9911301619191978,0.9233865281482109
0.9280927294702905,0.9760214700431947
0.9230671234618071,0.9604125235721147
0.9511365668494123,0.8711308701801309
0.9582288450484028,0.9326830918945258
0.96103269530133,0.9718218517984221
0.9283799921682334,0.9640016319217963
0.9454067212500398,1.0067403815175147
0.9333840985437847,1.0035871720301897
0.9820343018600522,0.9869851083634661
1.0083871374944948,0.9600601402453866
0.9677889993303886,0.9601254598687093
0.9514645751626138,0.9881914243578577
0.9250029037448076,0.9533670661777405
0.9577085727296288,0.9496865275696893
0.9423899353406208,0.961710588744949
0.9382283979091675,0.9873968202934889
0.9934097418459219,0.9294107878689342
0.9894860747921725,0.9183656076627238
0.9167951392304254,0.9505082526559255
0.9689459993639512,0.9652688267840199
0.9619975830927883,0.961495403231358
0.8867893904319304,0.8903422528491859
0.9612089395636382,0.9734823842740913
0.9658451659138741,0.9502486779948194
0.9918313281516415,0.9399130720447573
0.9555828468759101,0.9613946759257107
0.9562661118675009,0.9541475840700916
0.97267178774257,1.0447586077085589
0.9413188872085324,0.9688592657980164
0.9700161508610131,0.9514069208287237
0.952815903005079,0.9071492500712256
0.9787554537265405,0.9648543258617706
0.967015504316784,0.8850795526582325
0.9539024739803448,0.971930143822766
0.949887484044007,0.9735865752841406
0.9077149693953004,0.9687394735944692
0.939268041030089,0.9347632554945878
0.9528436389852538,1.006238571298047
0.9500701103743769,0.9023144331867927
0.9648811368237904,0.9746184948414749
0.947952440102886,0.9907169340777096
0.9839064824929482,0.9830643799109579
0.9793502577030654,0.9770035475714558
0.969653989821312,0.9743192822580465
0.8452354693819721,0.9641903023415791
0.9619951541655629,0.9622035102786092
0.914705296286086,0.8598175266190187
0.968103783351301,1.0151192814549725
0.9660971113666876,0.9106875167830893
0.9779569463075658,0.9573111054714823
0.9505197014167008,0.9713586981285424
1.0021002440651507,0.9649337291366266
0.9546559138837593,0.986818398641958
1.0133535917499419,0.9765473527247011
0.9085141041337419,0.9495918049240949
0.9641651362905017,0.99881864309218
0.982829830731613,0.9618561420327868
0.9625155272415014,0.987406009205276
0.9807455180228623,0.9804404150587318
0.9380825218942295,0.9433191670394421
0.9753893307741158,0.916519041265085
0.963459487590095,0.9637224023325818
0.9729782880977359,0.9051596788813344
0.9710802678225657,0.9584914919636003
0.9279839208226525,0.9365040553576772
0.9470384645114726,0.9318792243457636
0.9219407778634039,0.9924132119727591
0.9885977866336194,0.8913673766357031
0.9098649654554262,0.9483180095944483
0.9891925035395301,0.977952177248367
0.9470330068830713,0.9201683584640696
0.9853875682548451,0.8644358614052684
0.91456118644152,0.8791641747228582
0.9555189628995339,0.9618623496510078
0.9278446202961524,0.9411276659915313
0.9698660536312492,0.9484575525842455
0.9721176526009642,0.926822371927676
0.9925792596357939,0.9615666207406036
0.9865103526510804,0.9477729621855541
0.9518015953217785,0.9365218038527106
0.907609695921692,0.9200476193046682
0.9659234053991134,0.9848861509663789
0.9489453465547909,0.9953760445116383
0.9564215756685882,0.9369843526615114
0.9687278705461201,0.9873282129696008
0.979066475957456,0.9494514970521045
0.99437610279504,0.9370062681511153
0.9540407395548501,0.9669503953993318
0.9500519192889645,0.8975610548150263
0.9679454110945519,1.0166257438999677
0.9631464680409603,0.9701249312218115
0.9806535011558167,0.9158951914649156
0.9051414897503178,0.9736296672560613
0.9535771799991433,0.9960711642179108
0.9883320406955682,0.9736179201623566
1.020221171234344,0.9991622361963552
0.8918083965549084,0.9573897763630885
0.9866629728895009,0.9614046791553171
0.9632030435904351,0.9805559903588784
0.9493807496606546,0.9964421635947082
0.9736786185447823,0.9588390315446214
0.9142274298175876,0.8375750976435111
0.9351844773550897,0.8673748133186694
0.9339752982599946,0.9442311709603055
0.9819421149376596,0.960744482174266
0.9718925260841426,0.9406606059703478
0.9702277252854035,1.013122719005578
0.9802102778151771,0.8857375285957602
0.950089345634478,0.8967825499759274
0.9817875127734601,0.8967732124107093
0.9900696480822399,0.9458317975217273
0.9873152373997517,0.9789122058993605
0.9325490982652265,0.9565962910851381
0.9459011700039406,0.9890531026946389
0.967567195283677,0.9861255508832589
1.0001091813075107,0.9302102344870515
0.9745553652518149,0.9758910234369301
0.9270024130968577,0.9388331007761939
0.9806352170268725,0.9283211026470983
0.9686108252080665,0.9651443925812294
0.9796675812686252,0.948996146381605
0.9631926135571841,0.9213670222909738
0.9658512711617399,0.8987607199732506
0.9689271172072081,0.9886458063772404
0.9702949998497618,0.9574866399971069
0.9433288007849564,0.9353580476974573
0.966332548185166,0.9614095224843392
0.9438533200315594,1.0095211177422299
0.9125575535424388,1.0061853114796464
0.9608296946497645,0.9807107659626534
0.9526841058103774,0.9916760448926716
0.9259111393523145,0.9697587875210584
0.992025678180311,0.9874014435908179
0.980257172099911,0.9842477200806347
0.9722451186506111,0.9888780212871291
0.9813095737825025,0.9615068450219246
0.9489978529376959,0.9761228306871041
0.9593509945457089,0.8927759356690007
0.9766523404449201,1.0164068088842588
0.9689010676144278,0.9451377820080785
0.9649792533438994,0.9788843511802506
0.9710429542804879,1.004778379589321
1.022507191788499,0.9220752920520793
0.971230514749276,0.9316771813812682
0.9788567988461425,0.9414727273851641
0.987010470598737,0.9422015242699942
0.9704944264098679,1.0194320821631209
0.9259834700034979,0.9194995190372467
0.9379300810139516,0.956849164783801
0.928258789931409,0.977102406736269
0.980949985012625,0.9852986768904013
0.9662842075408343,0.9806122444961118
0.9693957721704088,0.9920694164613545
0.9410427081002829,0.8250369861078877
0.953698107711535,0.9762258633870005
1.0014817446470372,0.9479024590837265
0.9328634190573524,0.9852734724718699
0.9538739899171853,0.9662625355669837
0.9932475516771129,0.9547170565519754
0.9802578211613521,0.983430122216429
0.8838525235759056,0.9625446879449856
0.9744263276156926,0.9483162999985467
0.9793520083225891,0.9590504236845036
0.9080377915790457,0.9625242907226855
0.9528315683829679,0.9495666434483666
0.9479670896807176,0.9978683061235932
0.9937729573342668,0.9779606119622407
0.9630101270724043,0.9350291837002986
0.9438699770160749,0.9920648018484971
0.9738406819900361,0.9170319335238624
0.9545949042670205,0.9637984317031115
0.9750101872951445,0.9808373208606257
0.9479691152597092,0.9695991876491923
0.9231673104569971,0.9522423753931144
0.9812050348422763,0.9597155033490612
0.9488376967683708,0.9224247004236495
0.946177092439873,0.9116921146309963
0.9767648236220384,0.9658602265180083
0.9457133389728285,0.9510933861338896
0.9060913180229482,0.9692879128193272
0.9887565801217579,0.9870059020886516
0.9898740040704048,0.956862803551361
0.9892986123618721,0.9816067132276448
0.9794787060466864,0.9346099938893725
1.0102473578951958,0.9749101778971091
0.9662446943414492,0.9298066962285052
0.9470203127443472,0.9435168632070061
0.9846113253799259,0.9860557510449255
1.0000597945831082,0.9695630590651059
0.9887052549025126,0.9708402934487776
0.978084567944395,0.973641957381256
1.009351372797762,0.9702401914211322
0.9615621771309684,0.980397644796204
0.9966556340059087,0.9522727850753991
0.9975101364941971,0.9808322929987562
0.9651173450146471,0.968816735569006
0.9550340499122449,0.9385123878469809
0.9781036667233846,0.9334168536002548
0.9620126777109735,0.9182765054474898
0.9571398062246294,0.9488496505475504
0.9421168167271581,0.9569034940878487
0.9208287535009287,0.9473341975379446
0.965863573872615,0.9927652718408766
0.981843634816878,0.9644309429389583
0.9781666162271917,0.8969277586174479
0.9842544548979509,0.9789391813348195
0.9027313354067888,0.893846030931988
0.9246889386188043,0.8755648627039925
0.982922022694717,0.8874426496804665
0.8828739210485652,0.9774338623888282
0.9719523965997438,0.9498623726099017
0.9728097345211332,0.9692214922075539
0.986053075269425,0.9186715936849474
0.9747069879966299,0.9213562229674558
0.9530826658508386,0.9110331411508991
0.9200725651777264,0.9757845760565592
0.9100739432781266,0.9268179113323542
0.9810512729208973,0.9562685267704887
0.9864939988074337,0.9563772143752238
0.9559938529251611,1.002186293742265
0.8426220883605207,0.9674088394735748
0.9135588664274902,1.0229007384833646
0.9496065267459778,0.9864626414431761
0.9833973443335305,0.9858312126105356
0.9588252099260633,0.9671652962807
0.9675911108965182,0.9599835570549221
0.9855557823023167,0.8937786787100733
0.9750154069771462,0.9008385953532378
0.9844037792790079,0.9634201960306159
0.9467471148742673,0.9620762546100053
0.9901611552380896,0.9811174790495563
0.9454372653851099,0.9646651626324717
0.9157575774782549,0.9054490568824818
0.8969457162701817,0.9998680131895511
0.9904883183178768,0.9586201885293947
0.9588785212946478,0.9793412845233984
0.9887897360684821,0.9439553290626015
0.9677312506893554,0.9476855859543426
0.9572961320443009,0.9644152581466124
0.9145810088294366,0.9276721562383703
0.9557586786205959,0.9533775021732891
0.9901394365121182,0.9516410520452508
0.9671145111582479,0.9641777565222823
0.9818661973825992,0.9582537626516358
0.9473870735527541,0.9631589391384059
0.9293969531410414,0.9567619265666283
0.8861403244769359,0.9636000915680714
0.9485293381545101,0.9217371596893835
0.9373336975743013,0.9843410097474788
0.9559828625946643,0.9400187707619582
0.9761215006471601,0.9519290595101493
0.9320338143160509,0.964759008942191
0.9311150238568842,0.9879921115075652
0.9466350487567556,1.0081392290674027
0.9367517457779146,0.8652927055576216
0.991642211012725,0.9746084828956652
0.958431364622258,0.964110344985378
0.9928992756517797,0.9573597910362434
0.9404460431458423,0.9826464521128047
0.9242387776427046,0.9339745243719747
0.9621080817421013,0.9742495369570223
0.9867198641278684,0.9363061054857553
0.9650248470656344,0.944561663236018
0.7585045216387097,0.9453115374609353
0.9511787732013413,0.9289182004105032
0.9498882051842434,0.9681052908897487
0.9869046711463365,0.9258988056684581
0.9827037300702445,0.9459954651069244
1.0010421905848461,0.938843874523737
0.9582953958175947,0.991790554458196
1.0433875766942053,0.973495616216176
0.9486569425466185,0.946877610966802
0.9463240942144341,0.8791599269825725
0.9885369859358573,0.9650612430064629
0.9934789575492468,0.9885019845584961
0.9891429080605143,1.0021545393623998
0.9523594540731695,0.9759114119300333
0.9571101490343318,0.9453446629520372
0.9785760845202386,0.9610946134305863
0.9688342920823259,0.9617658322914391
0.982307292920629,0.9756803224483817
0.9842885581245161,0.961307952576492
0.9514943980577574,0.8823078127376682
0.937619957883397,0.9923718256722504
0.9638447094972805,0.9327812615721506
0.99928675341642,0.8498043771986105
0.9645117900935553,0.975883440116789
0.904909013477804,0.9599770512984018
0.9325927825955606,0.8841700267318723
0.9480416125941293,0.9489966456155137
1.001506277869497,0.9695968778061675
0.9264595880812857,0.9818577056349596
0.9697261875265846,1.0300426921375532
0.9507362536206925,0.961308895695302
0.9774522885354593,0.9534788436648545
0.9675137881643712,0.993600891600454
0.9469170805301864,0.954178103791099
0.9210207744032644,0.9606514444319364
0.9590939386746823,1.0087770850667417
0.9002901757730742,0.9473768672924611
0.9700516825988914,0.954076664771409
0.9853564502496499,0.9732549922445303
0.9541172765663539,0.9424394269952691
0.9746683254316815,0.9635455339691118
0.9025420222608808,0.9507233781305013
0.9924952826348268,0.9618260307755931
0.9713819818039765,0.9780087380894166
0.885400281316281,0.9838234533228947
0.9103512360517144,0.9217524634533054
0.9650241545263739,0.8779924872463593
0.995048058486399,0.9638103207687297
0.9783465974658575,0.9778437595355552
0.9354466565084838,0.9688074487619048
0.9602695308297384,0.9742400917294716
0.9611180291736812,0.9725192709720074
0.9696548475880169,0.9707559561754103
0.9153577178459622,0.9308681614213111
0.9101247488356257,0.9237061052392661
0.9560154804701302,0.9742573831403535
0.9690113496080456,0.9426588949677555
1.0215792606433813,0.9852462859009855
0.9668099305775533,0.9650360552652762
0.9449831487660902,0.9904550514079635
0.9243183750253362,0.8735120277538191
0.9929822423199309,0.9625469879726248
0.9631926572760532,0.9024339774553247
0.9322482212925954,0.9327553298843495
0.9613653279695523,0.963612817397932
0.9509621869682454,0.9120551564302563
0.9531947239144516,0.9285707498650116
0.968340979917659,0.9808902883122482
0.9366847980045976,0.9747301847750215
0.9318826750712922,1.0026526448860626
0.9402029734411901,0.9301556298298758
0.9851416106558548,0.9712831901998044
0.9984558901939763,0.9811978323777006
0.9491907516291506,0.9641588383956686
0.9951552768658548,0.9804329552042255
0.950640216760886,0.963523907903747
0.9766703593369019,0.9639105263299943
0.907072075837309,0.9769153526089155
0.9328659233401355,0.9827121150962977
0.9660767167944703,0.9361437313068831
1.0201940057190684,0.9661022049911495
0.9975557209023698,0.9469114478943154
0.9726857953841287,0.9709652502241123
0.9652984814756089,1.0028234178735134
0.9171598660275819,0.9970590031744523
0.9718674928400433,0.9868736936499649
0.9603054003195526,0.979712503370438
0.9554453835341307,0.9594059967940075
0.9645317067211158,0.9580819217983922
0.9603317574891063,0.9801174614396724
0.9746632637717544,0.9539706966048181
0.9424848513219966,0.958921873158414
0.9848966086128865,0.9375779885856816
0.9218810425456072,0.9373673940681762
0.9201635581262494,0.9433464178066894
0.9340039245602422,0.9871450150153933
0.9543735159196252,0.9552134896037809
0.9515013064534011,0.9718493789406498
0.9440867531825724,0.959530939474244
0.9754021191934087,0.9498347596795633
0.981682826011068,0.9642212059951972
0.9523531717805689,0.9101797370758071
0.9550254019299149,1.0008005989623676
0.947156039384793,0.8946100941389393
0.9428067532038351,0.975629527913616
0.9621930712267969,0.9826798412561003
0.9679750715000461,0.9223876031717624
0.9607563906386477,0.9869981559736686
0.920261845540541,0.9758282191989303
0.9147128073361902,0.9297379421294323
0.9118418448569983,0.9555294622485369
0.9242917271393211,0.8521067326403393
0.967086795064626,0.9706309132622956
0.9747478919761928,0.9813836952159146
0.9352493387545078,0.9684783018332991
0.9584191103343531,0.9662449615817656
0.937885715983094,0.9931898586780972
0.9378545149085015,0.9537346189434479
0.9921414652179348,0.9358054228342362
0.9762888854813034,1.0064952682175103
0.9884284016166884,0.953528726356768
1.009400180084943,0.9968924746339816
0.897072883162315,0.9574722547216101
0.9822839042829511,0.8892610205942135
0.9607816572717057,0.9979257627427347
0.8951378281891939,0.9054480685681825
0.9514541478333919,0.9798584309808333
0.9136808948223446,0.9260337405866517
0.9548271910218766,0.9147459512968447
0.9487881483980846,0.8871721224211813
0.9582772815237824,0.9840528827185846
0.8725604845069914,0.9171392393168903
0.9444515478611761,0.9824549790562676
0.9677610105910521,0.9590379647856382
1.0260295052953396,1.0074697557354348
0.9629356308864189,0.9269584893368582
0.95431943237476,0.9598043898952077
1.0019586969360086,0.9740220629821915
0.9873344611765035,0.9523318869561513
0.9440243704136998,0.9266415068446283
0.9841309881228326,0.9784789018376313
0.9290982611617735,0.9452884415516116
0.9785144770653472,0.8685162429284626
0.9634252728186967,0.9771213986842634
0.990012416291451,0.914851054622182
0.9569565493534624,0.9072229600658074
0.9705900696777087,0.9226066965554802
0.9272923854362524,0.9904596344531488
0.9457997613156855,0.976660001597853
1.012681596931353,0.9390146661001902
0.9449516786108818,0.9479731654324376
0.9712837940915674,0.9876506519279005
0.9888375930839249,0.984164147439755
0.9657329079031318,0.8867102993602456
0.9603856791588021,0.9679504019788712
0.976950051079079,0.982928218310081
0.9800144078416911,0.9694081302010142
0.941925727348111,0.9562213893610901
0.9905037513800656,0.9636237695401693
0.9601298605764125,0.9695648778637779
0.9537901386792715,0.9200853033769351
0.9483303602438412,0.9590658379850309
0.9621872250176098,0.9530955532497762
0.9812963219815606,0.9579850975784215
0.9389097773773262,0.9783122558078304
0.9245335080138923,0.9706320715897332
0.9323752758552573,1.012002917984987
0.9888151765714047,0.9661660862688743
0.966606294329544,0.9793929286249685
0.9581359213873366,0.947947177072211
0.9527388218111202,0.9031276694884576
0.904326015788203,0.9511338795353388
0.9372534009553699,0.9877068659436503
0.9286586900407761,0.9478250571945802
0.9814099047583174,0.9440757363263431
0.9237631201642714,0.9327728576614435
0.9297531424153248,0.9526882504145419
0.895745210025495,0.9645025648355566
0.9504342220632596,0.9054118696858506
0.962781296190608,0.9846355506395411
0.9128173785812237,0.9510982482333306
0.9760659162619635,0.9853102234477781
0.9728024232367941,0.8703865026067116
0.9839603024135847,0.9453288119028955
0.9695321130094077,0.9747774342462653
0.9082598898917394,0.9707375499734149
0.9851401196736003,1.0075139213871611
0.9856833800077935,0.9751728924999081
1.01197202498459,0.955864252574934
0.9915567900832338,0.9696127670922291
0.9435210748728968,1.0260940385839676
0.9807785621845169,0.9555023005171213
0.9950178842340738,0.9783003365618584
0.9390470794993622,0.9050591617008349
0.9424871414116641,0.9593761426219284
0.902416483533382,1.0037989120743165
0.9582931600566181,0.9668992067213205
0.9067369271944398,0.9578312375978066
0.9520089293801143,0.9555254442328633
0.9420083736598912,0.9085776678645248
1.0017120049614656,1.0098007433818705
1.0068506918511124,0.946751525387635
1.002818117130287,0.9493251849798433
0.9241578800659314,0.9842158413965526
0.9278800944173305,0.9661644569809937
0.9267302210038487,0.9845174889593913
0.9297129959480263,0.9416565448108369
0.9690780170877522,0.9470824648936859
0.9904642305202415,0.9634544850067827
0.9868510025058059,0.9632473547535801
0.9443258906419255,0.9470385516980182
0.9068814649817614,0.9768227922492482
0.986580213648259,0.9708737137520397
0.974243800369253,0.9090787885853591
0.9927737115871669,0.9707991953265959
0.9598026535189871,0.9661125051365587
0.956665255696307,0.9469447836691728
0.9938183031207893,0.9573096330357275
0.9779880587630325,0.9580097788782131
0.9477210191851931,0.963406212516464
0.9727529644639622,1.007405159235025
1.003797737161106,0.9482811668562893
0.9713847696032705,0.9322426597316786
0.9852970629421145,0.9628758108943092
0.9951399935885152,0.990212677497592
0.9715124189083663,0.9877853498665232
0.9484551884719621,0.8772167926172165
0.9642747291739127,0.8640020305001214
0.9729666423854655,0.9800612578405
0.9801737511635362,0.9210842568418075
0.9825370476005698,0.9783907748086889
0.9658966321251825,0.9868780460733423
0.9700268956539515,0.9613551971219692
0.9784536768027176,0.9990683274293606
0.9580791004920608,0.9812602329020131
0.9634971099758697,0.985913654352507
0.9830631977211755,0.9498929610974479
0.982093247868434,0.8983639692765152
0.9562768189922818,0.9659406217009917
0.9535331975685715,0.9552232878187582
0.9795638235317716,0.964713697348641
0.9418218822211785,0.9720826263888536
0.95585106649856,0.8720188858358531
0.9838795061306681,1.0020805779242765
0.9332741388884503,0.9854821060090279
0.9560404300493921,0.9549826257694176
0.9996868391302225,0.9631505358192206
0.9368892786124313,0.9641806587004005
0.9029034495711453,0.9714511101602213
0.9453970136726457,0.9410427934304553
0.9651102939597975,0.9888181730721861
0.9459847687620524,0.969346318253966
0.938650175232244,0.9250963545724356
0.9171891416404085,0.9915653191233932
0.9673274320395733,0.9485807330136145
0.9500771794755937,0.9756971807128602
0.9390557108248748,0.9507054787124596
0.9927694770200517,0.964330968977182
0.9837574665927511,0.9545508362540953
0.9633804295867836,0.8639229641414018
0.9962292488869162,0.9453024713275773
0.9614610421018699,0.9375003046442884
0.9288166594128496,0.9680588205064367
0.9591463476682559,0.9650130090175291
0.9683831474662697,0.9654606102406043
0.9232148977653127,0.9859537424237922
0.9481276370507058,0.9662806336539141
0.9409324769739236,0.921670887021161
0.9241014000835709,0.951572617672687
0.9340791424750353,0.9609534487650443
0.9614250411725369,0.9741584538487087
0.9684877345290441,0.9452378473857675
0.9696475253825313,0.9337069137963082
0.9480951248854446,0.9956040384504254
0.9623002096712737,0.9744726528980274
0.9359187734890426,0.979402887127677
0.9299175810681143,0.9424571839926531
0.9923693976782619,0.8081272518796526
0.961607650598661,0.9270532303704051
0.9729192866698336,0.9307552480606461
0.9770076554614289,0.8819111735847043
0.9818991549640026,0.989744079619243
0.9859915292082366,0.9168768225273879
0.9561775595638891,0.8646598749604755
0.9553755933123929,0.8881944814252926
0.9607909482449308,0.9778609733756076
0.9560143980499459,0.9734107246742172
0.964623317011763,0.9972747070159617
0.9372210187553491,0.9420947968494661
0.9676815023388923,1.0025745318591535
0.9336853940853793,0.9762350714829032
0.9974019628410571,0.9884281719614861
0.9562587574141506,0.9950018298293497
0.949378527498738,0.9577682589458738
1.0013507792677898,0.9376602683330723
0.9576430131113622,0.9498457750171478
0.9328813375675836,0.9529042088018724
0.9301539618790459,1.0244035599366506
0.9482942845772881,0.9597141845035109
0.9939383890373551,0.9234229775200465
0.9373966460057526,0.967158125472216
0.9571150856279286,0.9380025729109887
0.9375634904978357,0.9518113075193007
0.9564588285327263,0.9569966525756607
0.915696482496013,0.9707503306129247
0.9095954160964564,0.9389256514123221
1.0113014189796963,0.949178468213968
0.9887833041170284,0.9608268119559805
1.0105077342041926,0.9687534169660226
0.9792048391132637,0.9549306793932036
0.9067070210022876,0.9973598740165281
0.9363832856917285,0.9758749369578882
0.9730054509146018,0.9627480166072245
1.018330053186193,0.981485369325642
0.9705834523933704,0.9375754009724466
0.9830609638137476,0.9661963000190721
0.9240052450270644,0.9365526690195611
0.9390633074984819,0.9768220125028377
0.935612835980022,0.9214141033010216
1.019876992006003,0.8903750266568894
0.9713004214597771,0.9716245955922191
0.9857732405257983,0.9257566828329916
0.9600190050410918,0.9464667983064754
0.9694397844969133,0.9583757435119765
0.9587996550741373,0.9694797710715843
0.9570549229480875,0.9685107676159521
0.9554050264705806,0.9966605295066353
0.9754750788831564,0.9594541870741076
0.9960144819969756,0.9303829514910907
0.962770651774256,0.9411397920289661
0.9691582037181574,0.9623714541156054
0.9672586357044959,0.9744162152132325
0.9702996237765052,0.8831591942465462
0.9471430168113605,0.9042442472874463
0.9043711528369397,0.8978697801637482
0.9539429799384845,0.9830436296994753
0.9640218077293464,0.9834468228168386
0.9950416046574505,0.9722355060215676
1.0008254932409144,0.8904384456012507
0.9760593945660238,0.9359798454051808
0.9595490742125726,0.9661668170112688
0.9223292994884655,0.981024224727826
0.9841122370966051,0.9536966577009915
0.8967017148665983,0.9498510612240396
0.949519196058713,0.9441390376544393
0.9521084849807547,0.9699738197771297
0.9303351726291729,0.9536612724867729
0.9913523528980775,0.9780228468653194
0.9765858366616703,0.9642064794584848
0.9259123503350535,0.9463995499876299
0.9704260300598909,1.003087233502764
0.9954607202990574,0.9412588354704294
0.990709472717741,0.906685326264674
0.9547513485131257,0.9702204126865943
0.9655501079489253,0.9340242108564009
0.9334014508872187,0.9637358213456965
0.9836322018468462,0.9590538195634608
0.9497627297699069,0.9765447665040973
0.9615017221427196,0.9704586355279564
0.8941482040575776,0.94483467388772
0.9568595734474779,0.9371999490398106
0.907640319403264,1.0067715785164022
0.9571475536019749,0.9618937368635885
0.9489482671116162,1.0185251574784953
0.992901138748668,1.0217482986341684
0.9614962042992924,0.9734123921761406
0.9016301661256293,0.9537607374107147
0.9492453209532282,0.9313113503715053
0.9573924446063398,1.0082399881840534
0.9669829564806857,0.9822138662944231
0.9718393301439494,1.0051147312732878
0.9789112785542006,0.9971145316157676
0.9495985000080108,0.9734787384450471
0.9218611173102448,0.9631697042662073
0.9430708822056671,0.9637190822823547
0.9582197847572375,1.013574683244172
0.9766907017727751,0.9870098928319166
0.9346062523460046,0.9783770882800107
0.9917633993420824,1.0328955702219396
0.9743910199918041,0.9620892783207617
0.9463698899297108,0.9990689942857369
0.9607119032782732,0.961320462702274
0.9875277321294941,0.9614453102135287
0.977369478002911,1.0003706824258454
0.9344130924486781,0.9580221076151815
0.9863410664522384,0.944499071609233
0.9679107370300416,0.9508001765633902
0.9428132832211692,0.9901031157134146
1.0050621509505155,0.9827388835678712
0.9791691183156468,0.9773956674183718
0.9464714988734071,0.9742738606112288
0.9829252315229284,0.9751092691554544
0.9674909812730166,0.9675839178874244
1.007002556837939,0.9901285017280201
0.951522048951009,0.9759151433034672
0.96932884783854,0.9251525545370153
0.9784037538394931,0.9264608705060077
0.8934193718023189,0.9481270066805741
0.9905950932331691,0.9451453612807555
0.9084127751128998,0.9709662349198188
0.9937001360265225,0.9624680507712006
0.8797041003486393,0.9095351212051258
0.9353953872020986,0.8974779946118479
0.9501917361283356,0.9782538746272079
0.9677611718568382,0.9613762402014587
0.8440808339381081,0.8650440955711465
0.9400157834535997,0.9138256253606951
0.9858093338522286,0.9198284253215648
1.0057206878329374,0.9520587445787951
0.9711345149816993,0.9120576281699485
0.9673819469231087,0.9667075825393096
0.9602937671623284,0.9425752032555894
0.9554197231545213,0.9609193589862112
0.9709702125096353,0.9443028628231983
0.9362073222153109,0.9156364299933499
0.9646989002381323,0.9107540833703284
0.9491506766590264,0.9295892041512777
0.9559208389517885,0.9638438224658376
1.0036395331432393,0.958128022891031
0.9831166893000418,0.9004438709160549
0.9112608358042522,0.9835010274899815
0.9188071947453201,0.9767894785573698
0.9644126530664203,0.892462802022627
0.974233871709157,1.0114468111625543
0.9429476394453771,0.9745253896124083
0.9471498043377661,0.9433936892684192
0.9778427391515625,0.9382835366247975
0.9162265687015125,0.9190455732364539
0.9556621406777372,0.9771439649290007
0.9588122726774975,0.9429188769413436
0.9742565276387912,0.9662709137210451
0.9847430439210448,0.9522956334150315
0.9739614272835828,0.9847466210458293
0.9655939654430179,0.9532026836048251
0.9558583487753387,0.9892320762313757
0.9604292932922981,0.9677029336285844
0.9618689446409414,0.9446696209440996
0.9282197190512492,0.9560413822327412
0.9459667439569373,0.9301920660682582
0.9931473612904215,0.9796562474272091
0.9788397416131223,0.9393799890046375
0.9726461980126485,0.9659741265857865
0.9661072787619785,0.9552380741678315
0.9706783143664686,0.9731271841153833
0.9616434778257218,0.9394708047259415
0.9449246067261098,0.9538750038053461
0.9259760613944181,1.0379233227116111
0.8916346482908158,0.9788151745294176
1.012793567263309,0.9560067649565053
0.9395353556769854,0.944536953398169
0.9439686600019276,0.9870838877519071
0.950699327902104,0.9950078108572078
0.9612883499850785,0.953709667762042
0.9861770761160551,0.9502249971893584
0.9491040481262553,0.906879569547027
0.9488011882578744,0.9532084189794534
1.0145102853783614,0.9446515344604166
0.9474162881415967,0.9820942725489241
0.9652832049879567,0.9750609557298614
0.9448568101949859,0.9294593246307514
0.9654667880750419,0.9639196718838408
0.9533427935261108,0.9483866909413392
0.9347197652235558,0.9912084316891616
0.9827047923123116,0.9787290609823801
0.9519137628464884,0.8878854234587645
0.9422619884245054,0.9834842452448995
0.9875197851081099,0.9710486446230567
0.9680261128462415,0.9472546253022279
0.9771870147373178,0.9773517346891267
0.9192828556211773,0.967025134263619
1.0008675234670243,0.9857552708995468
1.0082041149023542,0.9806709909040328
0.9708461219164597,0.9307868459342173
0.954426313256031,0.9831780851847639
0.9646871452721939,0.9392740973154794
0.9772550463584816,0.9651492094759895
0.9349624296430513,0.9526385051572545
0.9586289523838007,0.9529432015739845
0.9219335397136357,0.9467060382740353
0.9553235500211392,0.9726986757714203
0.9950310667728275,0.981315268059337
0.9824274721737664,0.9724884413539439
0.9233700225862587,0.9515296063240163
0.9899055020866799,0.9641205303811441
0.9542405322497078,0.905972904399024
0.9675599039867128,0.9341707181588991
0.9637440896195829,1.061216063295505
0.9049603832579166,0.9541380854617639
0.9932578163118738,0.9649617490105268
0.8748117330201631,0.9720103682437543
0.9617816965291109,0.9259269156135539
0.9502259235962992,0.9944344756971608
0.9588845483344512,0.9952243897791214
0.9614647339240938,0.9564950053085506
0.8731889977844193,0.9516846848414643
0.9490196355548802,0.9749187514152544
0.9631498897781834,0.9601542708110667
0.9221099584141861,0.9615593589753937
0.9522799461816838,0.9655033933647849
1.0134423355415185,0.9903346251218753
0.9657090100732414,0.9539718863518578
0.9829309465169962,0.986081233543493
0.9586773055363533,0.97867963627606
0.9290593089706335,0.9832357691420732
0.9513239440063987,0.9728969753819113
0.9576215874749732,1.0285148419123085
0.9335617181652447,0.9685179690584604
1.0055170642167968,0.9791495445633255
0.9798759505774132,0.9857047345703005
0.962989934416039,0.9550381684870463
0.9305212735938467,0.9652321796532382
0.9806267950658316,0.9725013058798332
0.9536912170330079,0.9456957783267197
0.9894921685425593,0.9666732550520876
0.9745080053234929,0.9846443571086196
0.9561573868971995,0.9401703249992094
0.9691174825909689,0.9038662671278473
0.9870950446536291,0.9470211873870615
0.958655621705502,1.0123980144585139
0.9355240217451906,0.9823714069138595
0.9714054040199072,0.945941756332279
0.9590142258041464,0.964583344500502
0.9899793370092486,0.9621097074758238
0.9084109982550274,0.9515771812711034
0.9973149506310918,0.9477692505430361
0.9589357400686861,0.9756381512104931
0.9954626803912238,0.9549159674642812
0.9154845303786352,0.9978368758535204
0.9496910844642894,0.9621499999188315
1.0089752619112862,0.954867434072683
0.9696984269958722,0.8842791808712486
1.000982490194438,0.9692231621334743
0.9651738620605552,0.9524149348492547
1.0057011863936327,0.9207175675733457
0.9658577173137943,0.9765333100594533
0.9688200837092857,0.9061594447993101
0.97280423043891,0.9682572944055842
0.986427569999218,1.0098152864116925
0.9414066288782922,0.8812177936894838
0.9393610166063903,1.0004847703034838
0.9566891440516986,0.992241375534832
0.9764305843382595,0.9179908054425129
1.0178085991285637,0.9308358699164777
0.9709301159804634,0.9249225898497212
0.9761155673661109,0.9480803122900882
0.8928453185639013,0.9460993493574316
0.9541451626400947,0.9572877445260367
0.9803542451633507,0.9685022976571815
0.8916856196903221,0.9623102050446054
0.9741053714684621,0.9739166862782836
0.9491711323540528,0.9546817848464381
0.9790989816150222,0.9641836337415004
0.9560972624336465,0.9045085471751343
0.9552308205543102,0.9570315227142099
0.9721518013024661,0.982015657523485
0.9567077002949892,0.9837552475461384
0.9617229940115729,0.9646227993303885
0.9485790372486741,0.9940015969546135
0.9628949782025874,0.9635203005812624
1.019384624500733,0.9636202543247645
0.9865257681895168,0.93179730854216
0.9563940742866032,0.9464087554618852
0.9255988601664195,0.9215924372581765
0.9274480233913982,0.924471806855799
0.9522089505879976,0.9472609301190241
0.9936298720484481,0.9347056438791653
0.9990779885521867,0.9864117275849728
0.9832227381280555,0.9721342705208111
0.9758029091358186,1.0024844197399652
0.9104771425200262,1.0095425985521558
0.9120104874661359,0.9466342494808664
0.9259680399310043,0.939716877620038
0.9469786836154677,0.9659896728208792
0.9345699664238825,1.0038743231336662
0.9685441643174401,0.9393952778368565
0.9458571807712595,0.973429442523504
0.939777986635245,0.9578975251381631
0.9732168174323282,0.99461143999138
0.9404214280097329,0.9697642243840761
0.9537030678246071,0.9688935487910392
0.9128543285422037,0.9637289870020418
0.9800056690322284,0.9838429092305911
0.9319056088778067,0.9158831078793934
0.9359205761002783,0.9855851968097723
0.9473294099264302,0.9676575951126359
0.9686993070785143,0.9664645557203856
0.9057628412421018,0.9836259721539956
0.990003916521559,0.9854820454493798
0.9673173979290481,0.969292705089044
0.8894565280069373,0.9848259388059266
0.9547187432564331,0.9146706829750485
0.9472623748298843,0.9184771807610452
0.9793927918182113,0.9818984185661088
0.9584351454719038,0.9444927807139067
0.9632155751719111,0.9743261815524195
0.9962140710342805,0.9666296038884068
0.965068954267391,0.9779356346391657
0.9504295796609206,0.9785220932854523
0.9384777407510694,0.9482582050342034
0.9835911574593238,0.9814414790949333
0.8932117766560648,0.9705603491346071
0.9308113168460062,0.9334131549367466
0.9597047441518882,0.9666895103108675
0.9555055771514661,0.9603903202542207
0.9645549556089513,0.9455558089246384
0.968708461926116,0.9676749785321159
0.9647301229984023,0.9264148899738032
0.9774367925919896,0.9211592626378954
0.9915587274494749,0.9847709976555225
0.9625692417545342,0.9834357993596763
0.964705447939306,0.9611887935229186
0.964316761684056,0.9396171210134112
0.9808416656951852,0.8979791420035922
0.9669881573103143,0.9464656895501959
0.957388616770213,0.9620228765635297
0.9836918747810175,0.9422179263607011
0.9559650869599694,0.9860969799694865
0.94259726319922,1.0161374656612692
0.9677266901624371,0.979037023703549
0.9823982433161939,0.9728333120633177
0.9654338522668517,0.961335059610293
0.8964747569140984,0.963074173072767
0.949015410418787,0.9277140520053798
0.9567356335414728,0.9648643612050571
0.8802161171617866,0.9414129810151635
0.95737707181767,0.9785917755745188
0.8696521270412788,0.880186366762245
0.9863147264899287,0.963963963473375
0.9870917353066079,0.9786171085262638
0.9505253531356151,0.9817423577134488
0.9639064973921435,0.9637822331977661
0.9932961808665581,0.9297448484885253
0.9723484954339394,0.9058965491842684
1.0132912417076239,0.986937909215433
0.9722907056485581,0.9675863962994217
0.9644243060447908,0.942814518130556
0.9669383730028507,0.9045044043942201
0.9251775448935781,0.9229332050823382
0.9755473531538519,0.8969656729535481
0.981423653165662,1.0637210196520142
0.9455109995226273,0.9525056811344029
0.9533490468159489,0.9692870258821112
0.9386956636037187,0.9755321606575208
0.9233350064370693,0.9571346878110031
0.9687009671654264,0.9661866547463943
0.9411864572409213,0.9742192270909091
0.9569575625392704,0.9855946579974493
0.9514378293149431,0.9517018758056451
0.9818789591323117,0.9447125765528811
0.9835288013600787,0.9145375451057929
0.9978903437260105,0.9439788833216134
0.9570657608192773,0.9770233268965037
0.8863853014511754,0.9736995861789224
0.962235566304686,0.9929344646821865
0.9369042287964106,0.939597124384272
0.990233815313583,0.9176129038719687
0.9527068254267103,0.9779711701943455
0.9659611640858562,0.9398957486534093
0.9498466582991809,0.9675169415047061
1.0010333739941841,0.9528656648127334
0.8342970734491935,0.91702718960518
0.9601585027630037,0.9699833245732687
0.9718807726760054,0.942255975879111
0.9644355592121737,0.9776307583832672
0.9709566873554069,0.949653169206468
0.9539250364526506,0.9619411771462184
0.9542407920695858,0.9291351565675109
0.9497184185169266,0.9364526395947169
0.9603470511953931,0.9754255425259198
0.9143645036039262,0.9822980108863172
0.9600574602997828,0.9646886705690588
0.9658661486982834,0.8913467506173193
0.9754741979909245,0.8446828503926653
0.9348225859896457,0.9716000161452619
0.9451208337879031,0.9385478514989651
1.0099382828110977,0.9287712254295261
0.9533402095275144,0.9983389485292932
0.9519190262202093,0.962053538751945
0.982231478434999,0.9816138233611312
0.9744171291572346,0.8468887590453923
0.9552942541648402,1.0058382511477826
0.9605231667071239,0.9717695478054454
0.9841135373828781,0.9533449701812063
1.0010289551826854,0.9699209078631231
0.9412853969942848,0.946884564775881
0.9939142457008935,0.9583790797229645
0.9848346208254108,0.9521431243608387
0.9758825574445906,0.9039766513853957
0.9674090224842319,0.9474648444788935
0.9967418875772409,0.9587306868242197
0.9771055724011769,0.9783438824223437
0.9807444549099401,1.012973446479882
0.946429464317443,0.9072734786655859
0.9680285190413084,0.9960194198435105
0.9824904583931465,0.8757992466242956
0.9381263182484013,0.9585543216419815
1.023946618438229,0.9652448082752129
0.9663322554589331,0.9585321568424853
0.9692491056808747,0.8662744733749334
0.8969609658425913,0.9643926087597164
0.978057294765566,0.9574169018532899
0.9636729736143512,0.945475351167119
0.9736899913976491,0.9739933547458386
0.9632208218798648,0.9389446095026027
0.9786847047838049,0.8618198337845276
0.9613970441800643,0.9627491778767063
0.9603976253644267,0.9912146808755269
1.0181432600092712,0.9576884528568844
0.9757179828340118,0.9409850063299242
0.9746993795087612,0.9082710091022206
0.8915729816656817,0.9270323684049739
0.9763968286154551,0.9889945088581926
0.965193782194206,0.9693673096317157
0.9852165787751264,0.935186817039604
1.0205882809969486,0.9232606512486388
0.8904456261216364,0.9516228466724224
0.9386419480381752,0.9436715263610089
0.9720256420390482,0.976437840425655
1.0046745877574144,0.9910839470096774
0.9748430697846255,0.8771346089131954
0.9453022896100258,0.9945020597297531
0.950475006026661,0.909243437255382
0.9174412174070783,0.9896400437167491
0.9236582651948311,0.9533240479211365
0.9891157577297578,0.9533031901397948
0.9694207692464617,0.9582920128215784
0.9255236672054924,0.9496716988833201
0.9543198272940974,0.946292021092713
0.9787435807417076,0.9744542760188919
0.9516233841500608,1.002440993635605
1.0228157530703563,0.9884918387027886
0.9685668630167678,0.9488958816991875
0.9729023217745757,0.9792919530685098
0.9893891438005779,0.9315133118071701
0.9309669096929843,0.974021846019952
0.941201997255198,0.9764155061763634
0.9514717128528793,0.9900292196712825
0.9627021309861243,0.9279737827741718
0.9990112585401061,0.8859979918455607
0.9480689044464551,0.9467903374962594
0.9747950366560663,0.8358686903426567
0.9368596415443353,0.9742590701193277
0.9493284368437889,0.9494675169328853
0.9712897437139175,0.9500687144295071
0.9339035384646239,0.9208242102140659
0.9901883750809471,0.9135860264936023
0.9583554878566831,0.9364465388240432
0.9790679785140968,0.9514772038979338
0.896439425108625,0.9600631701029808
0.9711874710386642,0.9618051823721205
0.9727353483351273,0.9792091359078153
0.9564759292260192,0.9527432569101155
0.9781649712512581,0.9697121119016203
0.9860361837443643,0.976410803256669
0.9657323086530292,0.9092622712628502
0.9428777548090516,0.9848179902198557
0.9667448296884467,0.8704164852893438
0.9478280526387153,0.9632828671903307
0.9460450565572329,0.9786101408142198
0.9478919896739566,0.9772078081463506
0.997242286739355,0.963546611603771
0.9556025601203064,0.9620537105537715
0.9634966250283198,0.950082373101742
0.9061889804430052,0.9969263433046462
0.9410725038008968,0.9649349362845506
0.9413917294178326,0.9971076440680127
0.9866190500146221,0.952257416707058
0.9636486437705045,0.9397261382780964
0.9134199862266057,0.9791048149721867
0.9557210783588497,0.9698147878961187
1.002612871650764,0.9954773946321461
0.9540357519104234,0.9780222851312479
0.9880960575632465,0.9707473313992516
0.9696923308505483,0.9665765493979871
0.9529316086474262,0.9484796716899955
0.9496201214083617,0.9936400731559557
0.9275973308147575,1.0167397801631655
0.98077499935564,0.9989335221165964
0.9477691858477176,0.9081816572478265
0.9630307483293582,0.954362504307089
0.936544274519091,0.9515176319352543
0.973054191549929,0.9679581576766365
0.9232877981494144,0.9784342479762601
0.9163595341120362,0.8694674902176742
1.0022110413049254,0.9838562971688821
0.990148371613368,0.9351535730982447
0.9617703385527988,0.9765204248805177
0.9644640435918469,0.9609006011354737
0.9474822430216296,0.9296424571785732
0.9833344810899791,0.9392732430975704
0.9481666515077233,0.9459837709912876
1.0020407874445239,0.9675292735816271
0.9386462126244249,0.9085958679337707
0.9823566417699493,0.9750549980394154
0.9595480598759745,0.9369173497203587
0.9445449013967299,0.9652363032518387
0.9501581780007949,0.9426583915573029
0.9834804489804558,0.9117586860262351
0.9696292378645375,0.9630242917121806
0.9601394707244947,1.039914153787013
0.9709758113829048,0.9557553589126909
0.9793044359649542,0.969743347676587
0.9755406630238947,0.996172582480318
0.974619532020912,0.9152242784628687
0.9772174195922207,0.9418875638977836
1.0106468081500797,0.9719564387264805
0.918774620466407,0.9148203519917522
0.9383141761659172,0.9863387484383871
0.9870051213491542,0.9772310786165294
1.0034884560337554,0.9694086506774885
0.9606793889770195,0.9500232649991057
0.9435888418580644,0.967084868580149
0.9430313840412987,0.8675610018430274
0.951068780650127,0.9639704342395066
0.9593642715707876,0.9658692308056199
0.9613342306269149,0.9856254042647565
0.9759269177889676,0.9190189247336251
0.933237433548715,0.9323348794730283
0.9706346505328115,0.9345804539469448
0.9990693102760844,0.9699469611846672
0.9382542251108645,1.0453156490405489
0.9527849199001378,0.9923472885123127
0.9285840295126837,0.9571122498197475
0.9617033647818589,0.9690425787507695
0.9016684022246954,0.8877985082400889
0.9818652075210206,0.9302103654279346
0.9453594278216626,0.9876422500254323
0.9808219566663436,0.9130418877741121
0.9477976982577833,1.0239025195443514
0.9488619852873893,0.9700152283515322
0.9913848952954785,0.933165237012141
0.9512550641137425,0.9949873511987962
0.9844973670889896,0.9727617986161695
0.9679975376424816,0.8294419093028637
0.9535131851828933,0.96802326386071
0.9970386133176621,0.9901461903629674
0.9417878143206667,0.957174474211054
0.9462259244017333,0.9292694997493599
0.9718393672207377,0.9413506163545206
0.9321964406567036,0.930127785316932
0.9643859315100578,0.9222313066007349
0.955007349650061,0.9628376647864676
0.9831549461508182,0.843164044884274
0.9495130595428621,0.9790888412404541
0.8815695946394663,0.9861598307214154
0.9638573165764471,0.9780005817444496
0.9761852834260378,1.0022988409124887
1.0050880769133288,0.942399311572993
0.9306743270968891,0.9621568080809532
0.9804703677095633,0.962954788237475
0.9326211249631957,0.9621299707291084
0.9755858401023062,0.9799197699911387
0.9620885353512957,0.9909878796972849
0.9786067936625998,0.9512081560618678
0.9675278277830969,0.9112701030817263
0.9909408645807712,0.9703588654727665
0.9547852080412343,0.9609231498389023
0.98513629434804,0.9596960291547612
0.9562003909387696,0.8778762382810528
0.9269688305040673,0.9352475951293455
0.9694839678967442,1.0102916759454157
0.9605347944171715,0.9805696406121877
0.9539953289206847,0.9527517667864863
0.9762240217673547,0.9758675145518296
0.9967786416935362,0.9900172967994262
0.980646236760301,0.9275456962277809
0.9873738007675995,0.9915595182608515
0.9737984720880349,0.9829772831585902
0.9754524852668985,0.8580938935740569
0.9526950160200067,0.9475378483570231
0.9526330415542708,0.9508256486114545
0.9681708932958584,0.9460068001130535
0.9498883263080264,0.9546824403131694
0.9137450354751474,0.9511688539500756
0.9633159480555331,0.9436982405293978
0.9570098386302442,1.0442025486905158
0.9646005023388307,0.9500645988191655
0.9544730583339628,0.9734766828304017
0.9611968938152979,0.9610629744443561
0.961048902857051,1.013461105454334
0.9556134316215292,0.9207816219916574
0.9792959167267428,0.9868327940963146
0.9731679272204282,0.9464946590542841
0.9710778300924401,0.9540280930250205
0.9021637094258674,0.9518722411931506
0.924019982477813,0.9408880332055445
0.9634678888548691,1.00898148997624
0.979293715327548,0.9405158870553433
0.9909045635426652,1.0031521976895699
0.940019460953743,0.9259567566030993
0.9283194931937778,0.9752958781205647
0.9766067250794813,0.9935324420409795
0.9330493812483459,0.9686925669505132
1.0133008082057133,0.9611710196898858
0.954254608001593,0.9328931172380502
0.9294970524460708,0.9889827156350489
0.9958235126471321,0.9633716160210395
0.9706849263247783,0.9929570528390131
0.9988036538583313,0.9513851549204996
0.9584404794732946,0.9661018489297019
0.9424969465328719,0.9469152345357255
0.9544517718647304,1.0043081179680624
0.9559571337523406,0.9909999734098551
0.9296735452234268,0.9494241706721185
0.958689704798238,0.9660321566370901
0.9914547594579226,0.980858789589134
0.9782572180957593,0.9205742738900237
0.9843371738772713,0.9775332477370956
0.9588603187800812,1.0202820298850408
0.9250230352647107,0.9506216451773939
0.9348349351481147,0.990707449175427
0.976642289006112,0.9423969562995873
0.9686586359626913,0.9461039690512809
0.9357108730809536,0.9203910894891454
0.9353915752639456,0.9847003673240712
0.9814004251709293,0.9315288766110894
0.959368101622049,0.9290804611481558
0.9670422917421672,0.9507426373993033
0.9605891940868129,0.971906166989382
0.9624028680417049,0.8577975770498774
0.9764641538937355,0.907772762286544
0.9355050949003588,0.971984766134768
0.9633475614037321,0.9631450514310288
0.9816034729948233,0.9017098072973851
1.0097403205818647,0.9518834662698066
0.9716429756751734,0.9616082903447758
0.9408626038044189,0.9208313036036009
0.9458777212026683,0.9602497441200114
0.9756271594429006,0.9462761628001936
0.9654317923373877,0.9663000733076441
1.002277576461793,0.9183936780650013
1.0076670693401408,0.962703767497918
0.9631102749177309,0.9649895355399504
0.8900654411931905,0.9520851127377867
0.8902163613042497,0.9668343914476402
0.9354709379508869,0.9805289693186059
0.9591550119019764,0.9780555971379343
0.9529631753664801,1.0124803044026542
0.9811347840704788,0.9478054601189135
0.9636571694849162,0.9840237543838577
0.9324095176237556,0.9678276303568377
0.954685535440826,0.9751705830421874
0.976904292432263,0.9785463904672819
0.879839192435469,0.978943592099183
0.9748148577723976,0.8329473324982355
0.9540227049202288,0.9877337440244986
0.9737912865539483,0.9336009213681927
0.9872514960170923,0.9587611462622846
0.9480627584730793,0.9842955601289346
0.9298570308990166,0.9428395923516252
0.9875805851083002,0.9760306724324873
0.9150135931487766,0.9833583499558259
0.9756838712870317,0.9215260883461521
0.9602348514200009,0.9781885433437465
0.9694215479507788,0.955975948901643
0.993660777275433,0.9245391344575306
0.9382560385590856,0.9579581134002295
0.9301142286265046,0.9538440434279319
1.0079842728001938,0.9128582090348867
0.9943693138152145,0.99709657995477
0.9485055783863525,0.978580943385455
0.9874580277071922,0.9708789202384414
0.9720364475989689,0.9828943334194372
0.9784166930185034,0.9710320032324377
0.9166224273801699,0.9899104498403096
0.9784034647950891,0.9284340743857178
0.9284465691135092,0.958637809034094
0.9850011218210434,0.9729170276477527
1.001328265903929,0.9568935246242302
0.9662162646381524,0.9701837178381056
0.9465915580671872,0.9460878189353094
0.9638589531454033,0.9743986288986445
0.9707801797468252,1.0013441847736926
0.896392308720988,0.9524468344957354
0.9791326345592745,0.9513157022132284
0.954988244178114,0.9740632795517352
0.9290590648875031,0.9642960652536419
0.9867959248465028,0.9862567830690163
0.9271524212153391,0.9793850230466516
0.9504263850121449,0.9479091534029064
0.9946891210892698,0.9428661340241379
0.9742231901842191,0.9575780592928955
0.9462658319267467,1.0102380493586893
0.9548974098631765,0.8749433506536272
0.9827203149920534,0.9715159047377886
0.9418798429121481,0.9730839418790415
0.8556425665026091,0.9563632025390418
0.9055578366499739,0.9523886197556086
0.9513641223632345,0.9566894302544686
0.974194739525551,0.9722764292388772
0.9619257061952023,0.9683583836383608
0.9685186806110302,0.9772278879830202
0.9595174706086186,0.9742936719356339
0.9848739821894366,0.9754055334802708
0.9804671903742794,0.9547306943907586
0.9748492869840673,0.9674949194440671
0.9441335637312706,0.9235666853027599
0.9760587722279906,0.9499761596572396
0.8321055824676395,0.9622604676756721
0.980720309030591,0.9214134408246417
0.9867203088514199,0.9826577475069659
0.9867767018827565,0.9580433756984152
0.9725589793804025,0.9871024961017547
1.0035896325287677,0.9514253678879988
0.9827442473765512,0.9784030259895912
0.9649215280205428,0.9020579245420636
0.9583012479907017,0.9817772207566697
0.9635135275846556,0.9072453699103032
0.9892963532424722,0.9509688974589939
0.9098564413467476,0.9433276464624537
0.945434151966864,0.9235694710037932
0.9812603519234132,0.9841390215807193
1.0010950906167082,0.849532393049927
0.9711566250886082,0.9632849113594483
0.9854150371317137,0.9683605539314248
0.9548900337024435,0.9668783416843135
0.9482722804875694,0.973816384579727
0.921593423483693,0.9667113397409097
0.9579036687026308,0.9797095022893769
0.9385012631297798,0.928669033776987
0.9846673109736465,0.9375645794617168
0.9739987532037709,0.9967972716778282
0.93731568887786,0.977616382357162
0.9580610891905107,0.961420451179738
0.9248747638432183,0.9417953200923062
0.873590598856384,0.9145206625292314
0.9424553118371296,0.9717041721170736
0.9505015390977222,0.9910692886991362
0.9504977626249097,0.9706540449682348
0.9441466308900555,0.9766349161198211
0.9847882434847943,0.9843350595279527
0.9916015273391082,0.9939044419243064
0.9998421314105103,0.961444307057236
1.0015560066612088,0.9593607737518738
0.9568780027268542,1.0063147609316478
0.9335131156394529,0.9189182557830183
0.9672149757764071,0.9767475012206225
0.9474650296589648,0.9661147760461217
0.9643303068242046,0.9321997049496841
0.9781059727678607,0.964508637139953
0.9762630224356615,0.9566163770650044
0.9495017778029424,0.9483964750141076
0.9632505591509605,0.9936583609665969
0.8809326964414211,0.9422365942896658
0.9841575885894259,0.9910414254874372
0.9406159460650273,1.0101199606737903
0.9631192834171737,0.9933090160372977
0.985132199032562,0.9574409076452528
0.9576222586355708,0.9813752282455463
0.9911940175655388,0.9561954290117577
0.9939361989553985,0.9597931824738422
0.9797336902001088,0.8970221280962004
0.991768829738096,0.9591661138293665
0.9934478796077068,0.9834388138529457
0.9612920377774721,0.9613787640864209
0.9822064887655588,0.9752323326510071
0.953367610426878,0.9980084461462428
0.9405081472133643,0.96314294403828
0.9734651967535598,0.8788538373749809
0.956422225864301,0.9517262148525216
0.9411518545891653,0.9370182167691896
0.9561034416979454,0.871308947558959
0.9282442025776454,0.920766877205796
0.921441133451178,0.9319475840174346
0.9578130267359014,0.9607511427198354
0.8566808935538821,0.9423798798207045
0.9715970221646515,0.9622344228530098
0.984170875055274,0.993810830900052
0.966488132576053,0.9724431277617708
0.9373393751400768,0.797260256678044
0.9484405688198327,0.9749372663928371
0.9098449413697385,0.9073297613871777
0.9267534313212812,0.962538374822608
0.9301918830992412,0.9642702435633362
0.9475805470236253,0.9851174997234168
0.9721608112778998,0.9444510579863985
0.8969395883086496,0.958237447234858
0.9856828321265638,0.969884692156516
0.9531238861013833,0.9680867494269165
0.9607411551210915,0.9592086303596528
0.9437070970332169,0.9600408602392837
0.9600741534693904,0.926364744372099
0.9136672447586178,0.9581576433873782
0.9826570425322714,0.9737444570511357
1.0190594276912506,0.8247334943681623
0.9440470560370946,0.945355677733247
0.9908583914781587,0.9617958572463184
1.001609373468824,0.9101056810124921
0.9871254416699522,0.973616675835131
0.9698374070179747,0.9554067459718679
0.939945845627907,0.9399315131622111
0.9466727158751341,0.9845906209989211
0.8874617903066393,0.8957238096645129
0.8383815043042552,0.9681037370027309
0.9473080942737565,0.9779773685644596
1.0172351799575337,0.9535330836939966
0.9732515494334091,0.9771585234097614
0.9725622027255756,0.9858909166079077
0.9578029165071477,0.992895654092919
0.9626244552812927,1.0056610997926176
0.9275471187288488,0.9812547054026141
0.9371637556112234,0.9739331241711149
0.9500084358075396,0.9302145084090212
0.953406020459058,0.9810960186176709
0.9549589601925701,0.9235162765040618
0.9296619208283414,0.9510509461170275
0.9210775741797816,0.9060202900254164
0.9609915397607972,0.9430836236515011
0.9418799297072705,0.9666154589312214
0.9853883745427952,0.9455348537961831
0.922275645479685,0.9618289044110233
0.948841617705668,0.9794974164908578
0.965524907138552,0.9618518095275476
0.9563748679083238,0.9654104388713024
0.8865718314231316,0.8614205166329022
0.9828784953871538,0.9602870930663918
0.9526861397250693,0.9821581712142041
0.9649345833788168,0.8992367791772047
0.9616627849129387,0.9778919020473895
0.9676652067256714,0.8907567054291718
1.0139596804232538,0.9766499339893244
0.9303974844131656,0.9158462981271323
0.9439025740747531,0.9397303077723628
0.9686683629391493,0.9892394178040743
0.9241789578386093,0.9642644338631955
0.9811961763342786,0.9455159925071683
0.9634362366037164,0.9979548750833446
0.9486450748913359,0.9967905696781542
0.9374203499965078,0.8959624858853891
0.9504221403829629,0.943535924166656
0.9842442342867888,0.977777602556363
0.9612122412415618,0.9264889905627874
0.7973950285875738,0.9414914772688131
0.9532202858141433,1.0040573296360213
0.8252021414463682,0.9825280769722603
0.953270829728696,0.9855214012736134
0.925476748255004,0.9287648193528613
0.9366091343259482,0.9044589246115599
1.019380478734529,0.9501040790643879
0.9160390408948882,0.933600538846404
0.920400984712802,0.9881144624088196
0.9304694952359459,0.9648736709667438
1.0028546253105588,0.9775148768891541
0.9422974990438823,0.9429507832858287
0.9621485694644697,0.9653127477880422
1.00084248421656,0.9595997932724516
0.9761292301831184,0.904930261549047
0.9721841482959211,1.0018480983487967
0.9639283135336265,0.9033737378672776
0.947562962758958,0.9967899285150207
0.9552256998106478,0.9704115392554544
0.9369424179357337,0.9565482814477184
0.9795561740657376,0.9673599629381404
0.9665962235636284,0.9065078633894877
0.9596376543422462,0.974195466017097
0.9328839938028027,0.8731052734538668
0.9165032395760231,0.9527036579855901
0.9545477557526746,0.973722484263484
0.8370105334255658,0.9390463425858061
0.9626934609294563,1.0111793037640366
0.9889780481320556,0.9488655741875136
0.9839970502728881,0.9132357616999991
0.9497671852338102,0.9420162515059454
0.9585546760511494,0.9681622267050572
0.9751717607446702,0.9683816020183499
0.9679291508067158,0.9728467124471303
0.9721840866562836,0.9391086529059903
0.9675503865425635,0.9619133402186497
0.9736891265725117,0.8807218981639524
0.9460295368479574,0.9744233098174003
0.9260736795296706,0.8946876119692424
0.9690116045945839,0.9545946626580866
0.9658021631331746,0.96068788058171
0.9484361021595842,0.9457290252785812
0.9440447036399335,0.8945798727757012
0.9653030022384833,0.9863631353134599
0.984916941256874,0.9735670771803097
0.9548471698918298,0.9753650092035214
0.9100807162359288,0.9695949948325415
0.976142424090979,0.949149644319923
0.8988394927653941,0.9109661625466166
0.9568550806939886,0.9566940856458628
0.9732861616895918,0.9105069809700395
0.9602887891434055,0.9729505242386988
1.0231830796450059,0.9286577415073797
0.9989137560178913,0.9702220736005892
0.9471670215716794,1.006123151623516
0.9719101639654465,0.9578790922599577
0.9854022592065431,0.9201459075457422
0.9875768129180832,0.9220468026462987
0.940915284030311,0.9330421199700483
0.9472592873390384,0.9369957089062463
0.9066427541282913,0.9632147649370759
0.9252949663959344,0.9985648463835947
0.8735025289743376,0.976672455531497
0.976283940046347,0.9957878101001169
1.0265284595803783,0.8817268512760583
0.9708154655302271,0.9301787043622124
0.9585124795824569,0.95694572643941
0.9494753542163482,0.9761947697751495
0.9703651275967712,0.9789947751345073
0.9337858972188823,1.045270415239834
0.9445173261080522,0.9488735834658888
0.9281526942535343,0.9552245529845722
0.9256227135869933,0.969031730257348
1.0001841709684485,0.9387406477529742
0.9121005855544009,0.9694174882312733
0.9089837861215335,1.0075742092037283
0.9476163728327115,0.9656772694665624
0.9530355413681644,0.9589574730221057
0.9664938507449145,0.9225766052403586
0.8733321411017295,0.9817449875015598
0.9485595208636648,0.9642341129629115
0.9626926888123569,0.9653407416653776
1.0031309330636708,0.9920357103415577
0.9574137629419153,0.9896629506667457
0.9822219461934105,0.9844813642141952
0.9447432791156217,0.9865719094417894
0.9496283315057564,0.9425710069948722
0.9549695450738761,0.995183691562746
0.9572988982107108,0.9069733336138985
0.978057978690665,0.9169923476383118
0.9960570036175509,0.9762076134110924
0.97701553826721,0.9885483285357277
0.9701292714166478,0.9602671590500321
0.9846668845651823,0.9610258728677405
1.0013711169992743,0.9261594364783443
0.9903840188932602,0.9701547748464807
0.9772707771735546,0.9732069516850471
0.9709825749970176,0.9727323991646704
0.948900479163527,0.9898275229214334
0.9044602707476992,1.000531713536322
0.9309925673673716,1.0058287543157447
0.9854075492954648,0.9220004947506174
1.0096874716204187,0.9376808131206065
0.9409143369196485,0.9533094240537258
0.9242865108509999,0.900516640127875
0.9252691806781874,0.9117256879718159
0.9726129355451385,0.9530426992716775
0.9094378713787281,0.9979687221167497
0.9044386971960873,1.0023082237226273
0.9463576880115308,0.9531711340031409
0.9402547246806849,0.9479989609947168
0.9373793221940686,0.8711079023048338
1.0065358107614741,0.9897941543770944
0.9658028675420727,0.913699803090088
0.9250471842873096,0.9754097715726654
0.9697165417590948,0.9516676679046567
0.9753407254913851,1.0108646894561744
0.988187807726831,1.002071909636344
0.9660442774188693,0.9685415838753657
0.9382678387095931,0.9094101957457815
0.95663788803525,0.9173609683095099
0.9412014755406117,0.933180545837137
0.9582414606263934,0.9600456883301457
0.9767810104466842,0.9055253982329574
0.9803015671740362,0.9473293431660057
0.9874118369418459,0.9631145288381423
0.9762060108292577,0.9723865707673344
0.9349721101880819,0.9101235099781778
0.9281026631527122,0.9898298380809976
0.9899436345807151,0.9395219399048449
0.9507755406468178,0.9377063423071135
0.9892135113050496,0.9860391325493176
0.9573414133688597,0.9543535898738595
0.9824744700550953,0.9857444080951012
0.9405495663142017,0.9856313657326983
0.9414241391186239,0.9282312165122603
0.9688994800379895,0.9631603050491402
0.9705860301752776,0.9491332205592503
0.9585389435671045,0.9861602957392445
0.9738556038154288,1.00524550986425
0.9300995494754465,0.9236928678276642
0.9311160869745259,0.9794608342211412
0.9644559458444238,0.9431049701597324
0.9473302747501928,0.9892878135141563
0.9811866922092448,0.9517209586784516
0.9705882069739772,0.9414946163406918
0.9682636184649657,0.96670026401543
0.9681930524433644,0.940754725769216
1.0054780411539344,0.9776244889070472
0.8950519163577244,0.9177059801947125
0.9567781285584745,0.9638950752962838
0.9146975561059749,0.9834020629298864
0.9714719444438902,1.006741093022666
0.9824540669304807,0.9723482478386761
0.9538487906346351,0.9462003483343264
0.9888208523075989,0.9618537165435138
0.9644016856494004,0.9626221148463975
0.9259499960049475,0.9748549467056562
1.0093540718468068,0.9712058498763944
0.931201932883322,0.9072791523377368
1.013419447692852,0.9318558922998064
0.9577073527514663,0.9749155025658561
0.9615124536162193,0.9753266777530553
0.9673551918930907,0.9613851234612928
0.9641632802443814,0.9747249911100216
1.0151738193552466,0.9183400210116452
0.9443773911856005,1.0583410628568721
0.9570224332495048,0.9720985067494993
0.930640807794406,0.9799089609365566
0.9284984820598444,0.9288329720494545
0.9891223052141995,0.9087885569103553
0.9748304726657472,0.9512603543097676
0.8351859330881274,0.9366194111612998
0.9794427851010414,0.9558711510849104
0.9790070676687506,0.9498145726130044
0.9893698423875527,0.9509575746413813
0.9061857042965646,1.0271692657060592
0.9686140964771734,0.9798567812669987
0.9372539846708633,0.967808129834702
0.9066094498092712,0.9676095851882996
0.9580408240210472,0.9489210110894344
0.9688288468205144,0.959913076942506
0.971437419576593,0.9898789586655475
0.9485991722105027,0.9421206458748642
0.9709130825574591,0.973156371644052
0.9991631044325542,0.9645175828624023
0.9606511972774324,0.9012144527124605
1.0325357785418268,0.8697450100013288
0.980127593508975,0.8983364144857798
0.9676465353134414,0.9371454129160669
0.9259903415397783,0.981513704408978
0.9765940981929501,0.9219769398945824
0.9371008642462468,0.9344964974285214
0.9507624540212062,0.9599487865790276
1.026887781918999,0.9019397210208788
0.9295352429504719,0.9961764126200499
0.9075785547085302,0.9817383770334686
0.9441993578526297,0.9805665892091685
0.9482885815854295,0.9542213108457216
0.9395748533140078,0.9572431049081347
0.9857638050463751,0.9336778292441258
0.9357448020618733,0.936419632750408
1.013465027084849,0.9616230282053045
0.9392163341569716,0.9160296587386318
0.9731932154349474,0.9158340186371856
1.021864195817526,0.903813703646017
0.9378070024421815,0.9514040904883474
0.9909275996932654,0.911848133130091
0.961790181569959,0.9654747149071611
0.9009468251057268,0.8398760922352061
0.9663393594375838,0.9870290803026368
0.9326172045958967,0.9851718286634984
0.9745750527712065,0.892737608197663
0.9786753693782508,0.9397947079334933
0.9670364211025552,0.9796326025294245
0.9746877027507891,0.9650821716213663
0.9793821688069287,1.0076063126606218
0.9784187931434785,0.9369901254573462
0.9627529709445413,0.9988190991196284
0.9512157494211808,0.9828193510889125
0.9866556225849985,0.9834413297157641
0.9376614567249325,0.9704499741287883
0.9790271030964491,0.9741157292353994
1.0001889806721211,0.948353465516446
0.9554563567623974,0.9380861614177953
0.9043498878135564,0.9698222075930099
0.9636495165937806,0.9944125382071178
0.9511156967700789,1.0005127842214876
0.9892444288550859,0.9112047688489493
0.9230799169595072,0.8971551986077887
0.9397292272945085,0.9649864272650178
1.0200293266040354,0.9576499420169788
0.9914631200396482,0.9899642831431068
0.9468849124216446,0.9459997045555318
0.9789719096178362,0.8893396033914749
0.948883307332775,0.9550615078487452
0.9840840497802202,0.9702688511509279
0.9664894426644506,0.9746539410908959
1.0058032350706931,0.8834681536237993
0.9903771040691556,0.9220105547414141
0.9671803779979617,0.9565409567269676
0.9099229851987325,0.8521723388410612
0.9457441292751616,0.9782147558510677
0.980430350715697,0.9602154899738975
0.942410749642715,1.0027603546049495
0.9791947722000558,0.9444672110636394
1.0095140825018705,0.968289576210387
0.9572875615353468,0.9622932460091238
0.955250441230015,0.962604811481528
0.9853652543669866,0.9698220381425953
0.9587368674626221,0.8285151193379834
0.9796249947629518,0.8722216642558189
0.9316534944840626,0.9151763225283903
0.9425597512634709,0.9911200133858806
0.9656982065184084,0.9800145246243502
0.9662140674035445,1.031805553075302
0.9684139836689971,0.8746081307357383
0.9810199336078225,0.934415262997499
0.9766656651580368,0.9690184410950318
0.953970050072728,0.9517099427004215
0.9468193220910298,0.9063914886612736
0.9586200018458818,0.9619339554861651
0.971731482178059,0.9562733463450688
0.9534996312668239,0.9562785079636249
0.9793609225102362,0.9657136473169035
0.9815548731505243,0.9027014336673514
0.947869708289989,0.9375499980131494
0.9844836932179627,0.8348667782519263
0.9569341741484869,0.9017146917832245
0.9548090857751508,0.9388092177438239
0.9781971415490944,0.9691503536230729
0.9733912623066503,0.9753649622714242
0.9513590488319864,0.9563521191451969
0.9543726476719306,0.9386471201378356
0.9856164837259684,0.9980506861236457
0.9731384872776235,0.9564684626132727
0.9922701490362336,0.997154423708966
0.9598547256330067,0.9668338320951007
0.9393042339534686,0.9480748205032293
0.9971435605903053,0.9598189965052537
0.9644892185298249,0.947617942087371
0.9430955373302176,0.9335051386899098
0.9496163474483542,0.9414903229928381
0.9928186661679466,0.9736012484159672
0.9388973242304263,0.9773609810744457
0.9620622769460025,1.028659380484015
0.934343179987379,0.9588955325132424
0.918214729043766,0.9978262403559786
0.9754270571867709,0.9989407826211036
1.0057239991739517,0.9403832527112749
0.9521106189065448,0.961692185005241
0.9738074178439889,0.9207884522863354
0.8862167706668045,0.8699449423251812
0.9058576866061852,0.958573210380366
0.9854387588833751,0.9559645219998184
0.9539023586971556,0.9093897161637184
0.8953294456376898,0.9449028988558423
0.9863228648051479,0.970599555918869
0.9666298002031671,0.9246892665007036
0.948631834356317,0.9884914370693476
0.9898947576939566,0.9767187762396676
1.0124095911750912,0.985294531871369
0.924548738754445,0.926597751235815
0.895829461649109,0.9784359986096972
0.9412013661394856,0.9507823024868022
0.9276092477803602,0.9465242068743872
0.9843379943130958,0.994688161889113
1.0095913024184329,0.8901422779645584
0.9605866728232754,0.9556688984070136
0.9579028878643072,0.9529373274563534
0.9832380836881573,0.9649215828136967
1.0150052608764548,0.9663963192746011
0.9525638221275177,0.934815260547367
0.9891762644541894,0.9054878288527107
0.9574468032610518,0.9586147990346432
0.9066721420093363,0.9580714740324311
0.9594805283140377,0.9718571807780623
0.966182743140429,0.9552081510230911
0.9619001365897702,0.853745822949773
0.9464093611713557,0.9881057381938486
0.9690766696768409,0.963364510780143
0.9298045833004652,0.8884538567229218
0.8797046944730398,0.950447580879657
0.9722021107917936,0.9839532912367503
0.9413763135498402,1.0049457053648103
0.9606109489013299,0.9766117803634099
0.9494643865782848,0.9450331836127467
0.9346140177455767,0.9968143781771647
0.9345784510762752,0.9804296659239243
0.9641373147804183,0.950186543033529
0.9634012137281138,0.9582971633128824
0.9522727027595529,0.923112285085351
0.9348539994795803,0.996287047065641
0.9497229355504978,0.9672002913613897
0.9605081505424523,0.9965531827841532
0.9661869767975572,0.9543181636387817
0.9924047991497861,0.9790924143723847
0.9778796032404902,0.885870725548865
1.020549721527716,0.9755087403635814
0.9903109220019766,1.0031876799641133
0.9759586057599907,0.9521035047667623
1.0064015140893623,0.9521730499873731
0.9649141908661718,0.9702236860405672
0.9412479830615507,0.967251244417126
0.978273084915013,0.9948131818334178
0.9706491399445368,0.9521748731366411
0.9535983278140486,0.8399091375205587
0.9907044590381994,0.9751871314466943
0.9638981579399963,0.8848382964535084
0.9673762623430573,0.9793348994855191
0.9518519560338943,0.9399274313698374
0.9759251188286812,1.0021481821344866
0.9771895286680671,0.962463450528283
0.9691325713226498,0.9851459217515126
0.9297938700131342,0.9533699103618817
0.9337746442253295,0.9915559923271883
0.9040521205017199,0.9834506186252809
0.9599473093976068,0.9261166323541153
0.991089843127757,0.9865154688911866
0.9913756310911984,0.9921210555418716
0.9604279416186784,1.011026155652795
0.9260168453938014,1.0353710171206256
0.9892579285534976,0.8963480263240272
0.9682245892101681,0.9743918272701177
0.9959789065516998,0.9482441327226313
0.9219182322768418,0.9167449626035189
0.939115504483391,0.9927544295452546
0.9650393484679726,0.9191677078538923
0.9290963047728065,0.9313497808254267
0.936381911264089,0.986663601690241
0.956275997856641,0.9808588055110763
0.9683500780377338,0.972242763446505
0.9427882620372962,1.0068923605500453
0.9587095140668788,0.9775459349412812
0.9160403247257147,0.9763006485235127
0.9188988708023613,0.9644498568556142
0.9315340869372797,0.959620277795763
0.9616230529920433,0.9544388867238632
0.9823441310142866,0.962395711143027
1.0282135214442847,0.9704453569384753
0.9879502826484772,0.9344519841251268
0.9417656486680664,0.9904617665138603
0.9378379315606221,0.9084819268079397
0.9777047357300966,0.979783800505477
0.945111628943651,0.9636250656203761
0.9690522443785958,0.9741403700392487
0.9308011735886343,0.9090090897995562
0.9695093312488126,0.9844231492274585
0.9633088113534254,0.9827879867590479
0.9321444079163884,1.0072813919393364
0.955651827616318,0.9571024909579712
0.9632189868586272,0.963023864362978
0.9653961325846029,1.040619610379819
0.9365445644510587,1.0112543610549125
0.9325535234727833,0.9633931690902966
0.9516620509431822,0.9559261635634496
0.9662006144513478,0.9542717248323329
0.996190815156273,0.8938466275694633
0.9435199257556768,0.9126861125411924
0.9532463265425231,0.94278250013182
0.9429755807095037,0.9787844727548405
0.972446793915363,0.9896061954471609
0.9509539840322091,0.9110555447423375
0.93337330609636,0.963930031739385
0.9631055481753215,0.9743822253565521
0.9474128329006568,0.9473131500770932
0.9645683818876136,0.9314161018707225
1.0037533615583578,0.923714543292049
0.9451111888860717,1.0133710546075003
0.9802715862544742,0.9471841473137648
0.9629086352816254,0.9336298408568141
0.9068981688138198,0.971374828946288
0.9542508017306973,0.9745227116313847
0.9560872170578372,0.8432136983800147
0.9783822292534241,0.9768488713886782
0.9873616617923029,0.9834506760651502
0.8815153072674186,0.952151389515898
0.9330292174460876,0.9558901836486677
0.9450892127682965,0.9658139773492576
0.9827689252250926,0.9834952933569597
0.9666388380684546,0.9666438774614828
0.957573736634277,0.9534961370097176
0.9641071246440395,0.9491540226543764
0.9346305643665284,0.946363525656708
0.9647318543039382,0.9641370269663355
0.9913799342329243,0.9799848223615857
0.9499524051585237,0.9628636753927933
0.9232053923740899,0.9894316783922851
0.9655124432736073,0.9528666275574527
0.9432178810625964,0.9289165689581772
0.9801672332587256,0.9706724110578526
0.9192598340084759,0.9887457868324007
0.9556072666864166,0.9555840193358531
0.9450159833006859,0.9698951876986086
0.8959837765017268,0.9753599086087775
0.9820935795566643,0.9873761977439597
0.9652731481054253,0.9438527528898172
0.9409840592394019,0.8856486667922862
0.9576876241261016,0.9612353573882236
0.9145952574926052,0.962669916414643
0.9549516754238769,0.9646431709094097
0.9596069347585521,0.9620839318295256
0.9701336396193733,0.9106209826751221
0.9406189479007229,0.9411726437664053
1.0012429819286686,0.9590709726941571
0.9872918499242905,0.9885743465465394
0.9834273547396701,0.944407052565271
0.9634205196219717,0.9409174111505744
0.9444732099377562,0.9790768424813879
0.95233756827835,0.9993661476854021
1.0160836068907158,0.991989414749584
0.9661848641227194,0.9954928446915715
0.9607892290316551,0.9410754687429652
0.9575216591524772,0.966055085692562
0.9528227237611036,0.9986763114318348
0.9234007466123714,0.9327320357691938
0.9343461486312681,0.9350943464708885
0.9697079368039266,0.9716329491199582
0.9761880937706351,0.926974757321652
0.9850828719482824,0.9641907562571292
0.9561480080830334,0.9635558392175705
0.9907041650401492,0.846146463480356
0.8887764643162517,0.9011875616290629
0.8835720244515131,0.9448075892835875
1.0090659678655367,0.9682566365839098
0.974064269220871,0.9664737661162136
0.9334674875423308,0.9226292637600377
0.9317530995554568,0.9630422555526437
0.9647884374885545,0.9544293379167361
0.9090369337404505,0.9792098128796194
0.992345936330312,0.928164264896369
0.9550471907571242,0.9926648282210542
0.9537123010900838,0.991982551655991
0.9650652261007318,0.9700095528233357
0.9886580252041607,0.9815715203165677
0.9692167771743804,0.9195775873026408
0.9858482797644813,0.933736485561806
0.9693445402668467,0.9677417583831412
0.9613936058405406,0.8613581278455499
0.9437080463058553,0.9203414881346262
0.9778939486053955,0.9927090264734213
0.9684002671044021,0.9610237711477936
0.9873153325766229,0.9974355205019096
0.9822167650406413,1.0001548021817075
0.9806649802162697,0.9489120496126873
0.9534326406253464,0.9246703362427984
0.9611952486453751,0.8162854399946351
0.9871004174916135,1.0110426411558737
0.9704517445232458,0.9048178288183171
0.9281690344255547,0.978120120798975
0.989038323892434,0.9735538370321659
0.962185724360965,0.9808105925011896
0.968558705209485,0.9630027573184755
0.9447987630416846,0.9908414078075389
0.9596899080468224,0.9574705325881907
0.9499065794958905,0.9711649161344157
0.9418901970842559,0.9492829928096809
0.932727535717613,0.9444964919169059
0.9582885997082041,0.9557432334701826
0.9595765099709028,0.9270753673417583
1.0047544492909493,0.9427488823884734
0.9087411025746438,0.9749446074606624
0.9315337892357919,0.9836873475905584
0.9640337065213238,0.9674107670370541
0.9598739636762138,0.9686945737136162
0.9628738472692467,0.9271036788956099
0.9688243780258722,0.9741891099494281
0.9778133377031653,0.954304128753518
0.9503820114344864,0.9877654491884724
0.9360261627762018,0.9924112651476698
0.9630548764112821,0.9801350363724627
0.9666507075485042,0.9707160536279803
1.0011068185435366,0.9471358915212408
0.9691396034623888,0.9666154685292994
0.936486750938516,0.963931744640458
0.9896731913375204,0.9905368819082127
0.9665995062359598,0.9660173334498198
0.9876800172805638,0.9892215780657723
0.987358495640103,0.9866437834611658
0.9478266127263686,0.9792253888395724
0.948168278422663,0.9155601868105905
0.8966772130876355,0.942976015651767
0.9495515397559529,0.9514231074837789
0.9782415845864709,1.0172799543706443
0.9534604037922082,0.9792016492599542
0.9793867427238887,0.9744451488123793
0.8671353118439656,0.9793865933990251
0.9288230641672682,0.9569071564730252
0.9727373667786557,0.9647277384886285
0.9297513267719638,0.9400838911258105
0.9287171982318883,1.009487890580845
0.957074388001062,0.9898922654340909
0.9496668740841363,1.0263756407364104
0.985727432573522,0.971492148727641
0.9750131729791204,0.959422544956947
0.9431417753583742,0.9896454249209848
0.9916791607227475,0.9603795013924933
0.9455672536166033,0.9484964502688007
0.9786181716419089,0.9842958598256494
0.9872199675303076,0.958244176498477
0.9837545528550333,0.9699504214018014
0.9520016340853272,1.0005117370857164
0.9616877537919899,0.9657687942746933
0.9923541491368898,0.9623170978357088
0.9884267167527728,0.9505386472251052
0.9474254948932362,1.0514655657291585
0.9811497635094415,0.7671046427466505
0.9753449101433772,0.954481884797892
0.9650038200777687,0.9675071780592667
0.9388158537092756,0.9591762723062898
0.9553263868348904,0.9419278450442469
0.9756828211392735,0.9571032691101685
0.9556071937276603,0.9532774603877693
0.9327653446232941,0.9384943923905352
0.971714482788849,0.928793658843093
0.9585875045858535,0.878867881351336
0.9603456857285388,0.9169159812620907
0.9377719381801752,1.0274390308830004
1.0083013821969016,0.9498643335906252
0.9927516249467789,0.9472952409105013
0.9566727109332833,0.9950478311146971
0.9414239603566978,0.9693492353839427
0.9949530534406916,1.0218765105577006
0.9728449717852066,1.0040324650813381
0.9726458153268545,0.9519220022276218
0.9658281266373191,0.9832808850111077
0.9399416350163261,0.9774624263106366
0.9820031985418076,0.999912915844834
0.9747624842583036,0.9136867741341499
0.924564704653806,0.9659039947032587
0.9459534915643921,0.9355365417247928
0.9973141412997463,0.9644672666724595
0.9957412133150746,0.8813519638084052
0.9836502180555594,0.9835312358394466
0.9612048149845959,0.9828654998154598
0.9571508389275744,0.9767910809552429
0.952340539361355,1.000631142428168
0.9644740717321351,0.9931087469474111
0.9409312783610815,0.9907439693096163
0.973681425462089,0.9577433024572327
0.9800730386770597,0.944231591121835
0.9831924468020729,0.9605737519856112
0.9996867001100261,0.9487740822603977
0.9163825610573859,0.9272441930307561
0.9131328930031615,0.9552050368392432
0.9821566199498086,0.9832210408519282
0.9785350880736864,1.0084583820811281
0.9535440045572031,0.9438773497986206
0.9959555447969137,0.9242159706659121
0.9656107416494473,0.9678965806853416
0.9699792234236206,0.932103125191499
0.9274793611075406,0.9248372538136624
1.0184706193187938,0.9184999178903767
0.9840061547191279,0.9748151880610468
0.9463735568928744,1.0097851892634158
0.9740674061806611,0.9667605147462164
0.9493178700780891,0.9566490991831123
0.985485606667003,0.959217165354068
0.9798455327199992,0.9081626283359506
0.9243020539674369,0.8172825187896161
1.0268459103839123,1.0288102335250928
0.8939002146088396,0.9140582238590541
0.9769257901766291,0.9837394193923015
0.97368587818676,0.9834084791428737
0.9816080212474603,0.9587353944083099
0.9682980946468822,0.9137878016122232
0.9498738111336293,0.966183913000437
0.9501823636594169,0.9815761619782651
0.9513935662268673,0.9673742266959551
0.9445637248866766,0.9521934620720826
0.9278733043825242,0.9286811815440885
0.9509319621425463,0.9647787503669344
1.0080542054650474,0.8767834254634532
1.0154632285176113,0.9394604077608516
0.927765909165238,0.9811738870340835
0.9636643840380803,0.9405093992908378
0.9554414819192469,0.9896819418693181
0.946959039866792,0.9248975174122913
0.9890399623800188,0.9612134585944622
0.9732156147330037,0.9455385076413607
0.965162789960192,0.9236360669001291
0.9627914691854015,0.9412907893750395
0.9460549367305616,1.0143227239608235
0.9648435382705538,0.9688292879592898
0.984971061902094,0.9090849165924041
0.9898154663578229,1.0438749251354686
0.934528452949395,0.9391889035586577
0.9793261768042683,1.003391282311057
0.9443445668206845,0.9120894058432678
0.9685305011021381,0.9851636455595595
0.951754450617509,0.9862078907864759
0.9938453447343372,0.9197338156791842
0.9880129091486349,0.8985623515930614
0.9840256396530541,1.0193070493757805
0.9743109052230325,0.9839070059453758
0.9046248117282805,0.9460999257100017
0.9302003259474225,0.9436237651865178
1.0098113817735277,0.9861388941813521
0.9919518987362697,0.9829792930709841
0.9652816679147077,0.9505340271962596
0.9988548192951278,1.0068188217764282
0.9735425291049506,0.9558691057201587
0.9481238036433786,0.947350350103866
0.9704359998204778,0.9909393608515165
0.967749108619711,0.9818977565954775
0.9189102458545089,0.9673186398337723
0.9892680294014746,0.9702979128831898
0.9598023567122991,1.0141102594500317
0.9932797086390197,0.9179706554995356
0.9699220014610319,0.9717668569117089
0.932905462422218,0.9619163045586929
0.9524635190454871,0.9642218774907199
0.986746949401038,0.9804618913430848
0.9731884410216264,0.949823127995768
0.933837444196689,0.9568454605051832
0.9701998954614028,0.9376079832203535
0.9504673259887965,0.8784337082535241
0.9702747001166215,0.8817249676726293
0.9795190192669506,0.8603471639647469
0.9416189208882333,0.9027504561528177
0.9761272492867453,0.9604878800783222
0.9641470487043066,0.9963938971388283
0.9323055499687237,0.9715737070942196
0.9340944364751191,1.0126854351127628
0.9802710738207314,0.8267816475785686
0.9703608996306028,0.8315611359672864
0.9922640069993475,0.9632746953112699
0.9598649483377589,1.0105774275382582
0.9642445594971362,0.9045205977715863
0.9060493439180299,0.9459374237285268
0.9368292191358177,0.9510953385249202
0.963953127201935,0.9587869920756635
0.968818894169189,0.929512723816176
0.9662165708954766,0.9965629756212124
0.9982014318702401,0.9717151320899293
0.9720417418618783,0.8457855740142669
0.9588990046317679,0.9880778015054713
0.9887370299523431,0.9626127525057153
0.9594685727679924,0.977087302069774
0.9502804375875922,0.9315088908107654
0.9237379993911621,0.9728652086154407
0.9765376807182289,0.9991971073844926
0.9641100818587559,0.9536715122377358
0.9840465980344786,0.940116872928832
1.0016567069074371,0.9480396251135338
0.9073316820221373,0.904439782920535
0.9589054287479116,0.9400820682583453
0.9442758556565046,0.9548222754480791
0.9216193808948441,0.9796671877547348
0.9302978802858671,0.9404116611103466
0.9633546131616698,0.9550316951969182
0.9781627469999684,0.9749696893325874
0.9475085866478484,0.9661628273046484
0.9856750192016684,0.9745117667842123
0.9664290318917774,0.942311017040488
0.9654443625514142,0.9059240187997102
0.9675310145218367,0.9474980530348456
0.9610310607448475,0.9596589309112217
0.9665043409338464,0.8840544744956834
0.8740098917649025,0.9428519234025717
0.9211244823003834,0.920915085187144
0.984920986333319,0.8851732081206155
0.9788386244379126,0.9506240953614677
0.9303955093372824,0.9905689349360235
0.9173411129807109,0.9909025011171085
0.9304157957787803,0.9644379711623939
0.9646993561090043,0.9319164969041661
0.923005317555648,0.994893375126528
0.9714379873136659,1.0241341124890448
0.9752767099859536,0.9491357945691348
0.9600323450541608,0.94068158850543
0.9578099774647094,0.9867998045736598
0.9385398683736725,0.9521809989467283
0.9300535510692897,0.9597261092264112
0.9962345406138224,0.926354149078109
0.9828730212420866,1.0217237216575712
0.9732400955667119,0.9432638648585865
1.042097155930058,0.9676124347799407
0.9268487930213427,0.9406470573575441
0.9965956378394485,0.951391287246707
0.977329566397844,0.9668774470271077
0.908228215412993,0.958126483573696
0.9830442938012657,0.9781633347798209
0.9511540959653259,0.9564027326825643
0.9065477945939708,0.9762917193551236
0.9702993338296176,0.9342539060822548
0.9629819911571333,0.9396126656480996
0.9809315322329294,0.9451583325457605
0.9332100161063789,0.9553374813960835
0.9515842021252594,0.9815815565526437
0.9613555615435998,0.9806883351076457
0.9695831734719716,0.9613009582326056
0.9589818781357092,0.9201104108669377
0.9327510702467702,0.9671700681733262
0.9506014162886768,0.9133751936402621
0.962475741051663,0.9682404748348602
1.0006869737634398,1.0077789245551705
0.9487993864253838,0.9882023220309847
0.9275955518578173,0.9352066090382928
0.9864865683066888,0.9123595231634004
0.8780596046424736,0.9316454311449481
0.971848325448381,0.9731321639825181
0.9938662974192746,0.9806492466807654
0.9331567076654135,0.9705314978030701
0.992759363157565,0.9455244507565019
0.9988104759118663,0.9809642048378414
0.9981255583986672,0.920498670132396
0.8582328616996717,0.9807013799261239
0.9720713868705229,0.9858825100204797
0.9258007195807253,0.8914556488196513
1.0086072503734258,0.9797855167627068
0.9675523216609546,0.9547705259931499
0.9665749096857139,0.9469116131442716
0.9421429811744818,0.94869329570031
0.9526035672915507,0.9791854706727597
1.0053066647696765,0.9705509864412719
0.9370085629296261,0.9282394492803561
0.9432954535089773,0.965074580703954
0.9856047289796296,0.9433192821170912
0.9030828035998049,0.9632953045504457
0.9821870781844617,0.9506855697869522
1.0195073973430533,0.9507580119102128
0.9885951862028314,0.9109883566175858
0.9457207531528318,0.9377144279720209
0.9513940801549161,0.9477692097281362
0.9422594056499516,0.9764014354562216
0.9642250466634135,0.978619036255431
0.9056590473924593,0.9189192239561743
0.9671163108368158,0.9819564902840693
0.9500726335174148,0.9342179954665145
0.9806331334278852,0.9756190209518447
0.9458375582236951,0.9463290294737884
0.9318860391918791,0.9815442019327547
0.9763200446516598,0.9700491799074825
0.9423457112812643,0.8382845336939961
0.9796163981460242,0.9416948786929876
0.9738034039296187,0.9608714557125039
0.9591964995155711,0.9026563364157192
0.9802646305338958,0.9763477838085972
1.0154566276360761,0.9750862108472437
0.9668148818656062,0.9701718288142518
0.9791051172617414,0.9676926972066482
0.9730172151321796,0.9473759974766999
0.9568975766727981,0.9683657731245275
0.9481107081818992,0.9669859224302325
0.9690773759618981,0.9714099375509365
0.9863452428397473,0.9772391873600762
0.9784725753211565,0.9820587749751336
0.9285024305844807,0.9817546222762472
0.932711688661124,0.9651565641117605
0.9683901647448894,0.9230515178004436
0.8715513519114357,0.9709478451291312
0.9218631398178784,0.9957438700781112
0.9703918918761922,0.9087148428143065
0.9497217087730512,0.9260706434284062
0.9319711191555708,0.939741035604729
0.9493460875971236,0.9465553977527738
0.9772761108675077,0.9802098522905819
0.9645135436043825,0.9761749990568294
0.9343727333532635,0.8845151140195374
0.9635907159576113,0.963552845038283
1.013620775484357,0.9746833733756638
0.9817261075223086,0.9622183623717838
0.9664662032130797,0.9938217402308546
0.9385658650494418,0.9949829567549565
0.9854896616946842,0.9725073142124121
0.9593960942251964,0.9462984335703843
0.9082947767217188,0.9871207595563929
0.9511072251554137,0.9711999865317401
0.957427200732147,0.937069699938287
0.9515369673642136,0.9591602020124684
0.974516189038265,0.9508315083090513
0.9252307487278824,0.8359468091632268
0.9995089011165846,0.9564978311506448
0.9778425019241642,0.965947566605931
0.9638423830547416,0.9315477114609786
0.9093650597874331,0.9817213373082618
0.9503185189592356,0.9747960761149012
0.9591494666757583,0.9815117050246546
0.9907251894404038,0.9671708342148548
0.9626336450021306,0.9640837376814633
0.9611950142847945,0.9592068833021793
0.9707512156221344,0.9724825829386422
0.9614578329592495,0.9626124329590448
0.9544036525262489,0.9579094602373623
0.9790167677596273,0.9575631305950957
0.9997060194720478,0.9267658950539228
0.993051333801301,0.9534362854493991
0.9050850574255158,0.9963893751663461
0.9710294711059262,0.9214039523438561
1.0142230535692598,0.9981481350246129
0.9756921615874649,1.0053326042358246
0.9765568559720306,0.9444399126246724
0.9533086604896587,0.9515044676982124
0.9222688970423408,0.9663191866934971
0.9411932308671664,0.9546904671420653
0.9799057086357905,0.9537938529718167
0.985900902816303,0.9759121475361769
0.9611901627899492,0.9609884683663049
0.9925814149967385,0.9536656557817038
0.94766786024495,0.9215893201844347
0.9169959007317483,0.9653729546001936
0.9765663324501368,0.9982491390513312
0.9487902425363379,0.9484505279777223
0.9544019929524146,0.9647892705964684
0.9515065142187208,1.004174095249089
0.9714223572625142,0.9984069772364024
1.0064564235951448,0.8886013531676846
0.9730380936792637,0.9496039887864163
0.9973294130755013,0.9245946031585708
0.947442227805795,0.9482707423435183
1.0045268936887994,0.9454821785600117
0.9804221375676359,0.8936245006008988
0.9192294806885123,0.9580651438410493
0.9579662802460802,1.030261261435729
0.9624222837197439,1.0077609902317464
0.9800013979287135,0.9725723770416353
0.946657067302574,0.951460396179103
0.9852276769601599,0.9976874790765521
0.9304908297160402,0.9702828326566835
0.9785051538546355,0.9119686499605654
0.9183103172490573,0.9831187014345552
0.9333501708570825,0.9074145908368735
0.9722830225240905,0.933875056293594
0.9584431390024412,0.9699558269782091
0.9893400771804657,0.9609549503378091
0.9805965327198496,0.9674033308345562
0.9800377057101924,0.9488399425811695
0.962477933508761,0.9493280412401404
0.9845373589550288,0.928301359014627
0.9504756852550466,0.9297465368464306
0.9666375669369569,0.9519475033910886
0.9684633916402214,0.976966276148045
1.0009530377728286,0.9674847230411501
0.9810441738179221,1.0051399003971193
0.8974857343525247,0.9721267845139837
0.9518869082432418,0.9641986859639563
0.9604919706249556,0.9839012146940144
0.9835211993445844,0.934069375415524
0.9475260595061492,0.9426162997790508
0.9660668512150196,0.9802732615868607
0.9269957696543758,0.95511028269701
0.8869345605648632,0.9650898683512682
0.9976837856435035,0.9605961855172137
0.9559129565847221,0.9327075577719856
0.899330878364202,0.9204700297734406
0.9432587176551183,0.9794503840715297
0.9574670563649998,0.9524881218073354
0.959772362841956,0.9506660836686607
0.9379690869589526,0.9568530991217762
0.956589739213428,0.9333890277400817
0.9656082913577975,0.9691505952944129
0.9324132158495705,0.8492332414645002
0.8568195323528738,0.9712363205625575
0.9264012196958585,0.8033494445335322
0.9479841423472233,0.9527265544027961
0.9802981304986567,0.970385936538042
0.9756004646717705,0.946399520723197
0.9694933900350121,0.9760529978523864
0.9690665412073578,0.9642776721630705
0.8113128711543166,0.9800974948560444
0.9538319971441855,0.8989025514876168
0.9994277548510864,0.9624634770094685
0.9451690913036238,0.971422097943347
0.9563761696897125,0.9696140156345614
0.9449702294961009,0.9235107621401635
0.9573563613658014,0.970112214324837
0.9985235070830757,0.9988871213254722
0.9679445630023857,0.9767406804646744
0.9184513283623199,0.9742712734247412
0.9840308206790067,0.9330382780757452
0.9748260049911909,0.9734019047369645
0.9793906441251411,0.9921820058567751
0.977113707821438,1.0279115296754342
0.9440727829935123,1.0003238184906804
0.9979178469230108,0.8977049036423462
0.965037371084511,0.9592457460724971
0.9616047074041422,1.0009638339024316
0.9572093619639999,0.978728841455365
0.91846071000762,0.9368247543122379
0.9601040163245007,0.9646425665512758
0.9790005720124029,0.9284250657680829
0.9747294247260431,0.9750520822227452
0.9761221878081969,0.9055542195270139
0.986416599375449,0.9412093461556443
0.961947587934595,0.9719652980158263
0.9824364009571724,0.8937194884012605
0.9663638124816727,0.994101649374081
0.9399441497630278,1.0057186822828772
0.9544228341670249,0.9470296954380927
0.958299554640393,0.95484796775213
0.9220622741133123,0.9037329054712827
0.9562550685764509,0.925760931071956
0.9513934452091926,0.8977042868812712
0.9882267705539705,0.9339867077269535
0.9606890816235225,0.9335509039470684
0.9806742784684938,0.8890486036238477
0.9597800355615268,0.9619293155577788
0.9709031573164504,0.9696542903868041
0.9317517602601195,0.9459622892219386
0.9856411450143563,0.9531369878251601
0.9833443459349644,0.9352266860013172
0.921855143679674,0.9945389259136913
0.9323633436124545,0.9438734004629996
0.9499952157152189,0.9623749145261103
0.9730145536976933,0.9674581180351878
0.957784421359983,0.8981745144382418
0.9590361715318859,0.9644888391397731
1.0249322628598823,0.9835355153753573
0.9402483275543811,0.9948906392776956
0.9540207403010448,0.9613133028371211
0.9314293506935805,0.9102574944812024
0.9805601588153294,0.9497979841435655
0.9172391678384914,0.9237026303516837
0.8869209789239582,0.9134701039096275
0.9703104035293572,0.9708078274190208
0.928802779755394,0.9127862702539756
0.9634217609317048,0.9396029421270725
0.9367985529090415,0.9587896201892863
0.9496142066790856,0.9747593085485013
0.967325223695877,0.9851539544958652
0.981050788062595,0.9280599744642559
0.9539843845069743,1.005753584141805
1.0035930257246801,0.9545805763864628
0.9729668969179349,0.9879359469872101
0.9804279270662524,0.9705315164948811
0.9855807167158722,0.9521721245519347
0.9336269325455787,0.9842916510270543
0.9804814111580915,0.9568350823849102
0.9485297672517565,0.9771278501608389
0.9151168675219495,0.9756175125655594
0.9414181182322651,0.9803796953839025
0.9699104584803503,0.9387062630783382
0.9654755214105881,0.9823440082100854
0.9698757251349328,0.9514439666421515
0.9799546594463531,0.9064666516708051
0.9660603181315153,0.9541358239808773
0.9678820711966218,0.9825206435022605
0.9697432757068452,0.9457896027183851
0.9807453608687063,0.9834200712484683
0.977462217635496,0.8994165104924432
0.9407875183410898,0.8858008395761926
0.9828136030171474,0.9784653159209891
0.911926179973834,0.9598891505960397
0.9308571941875026,0.997889726015886
0.9539116349561099,0.9684551698355176
0.9866835854430467,0.9102730234059636
0.9772063140557941,0.9077300694158954
0.9449022628624318,0.9256400616420486
0.9332946931996299,0.9774476744798277
1.0281720667357879,1.0039205497587282
0.9726652648949022,0.9937519303259023
0.9825189796120013,0.969215226281853
0.9689839188885885,0.9989433499968432
0.9641983892544269,1.0018683905286634
0.9404667745805421,0.9933454197841801
0.9277786562600763,0.9390419246060424
0.933899514533811,0.9870579446862635
0.9548362409891142,0.9984581753009827
0.9450240946259907,0.9309073967044339
0.9608136211175545,0.9076934672371745
0.9783334268685137,0.9222543401614994
0.9503156519912908,0.9703464993320523
0.9696501409641772,0.9518860206527288
0.910794497658747,0.9666780340709905
0.985110122842135,0.925431051250913
0.9433041026487603,0.964185350500076
0.9708741129500194,0.9640723812836131
0.9406435458069188,0.8775729975533689
0.9253894428892037,0.9811315659433811
0.973909762927526,0.9710993768459674
0.972993139534979,0.9560973701327622
0.9832309715858009,0.950195688496026
0.9058509507732558,0.9826542228612145
0.9750668915344786,0.9808236796529837
0.9630185310217463,0.9359025049710828
0.9584808189323224,0.9508000374512766
0.9631678618858099,0.9704880470261472
0.9966845507732655,0.8581307239670961
0.9619533711458446,0.9464814707183766
0.9458719113131826,0.9627656659778225
0.9889134514003963,0.9657416657145744
0.9388938445372845,0.9717387397178188
0.9820480583345583,0.9890413901949028
0.9052877719300859,0.9892717292545052
0.9894788731199907,0.9507349794147093
0.9754695961868873,0.9773066076435912
0.9940844387329163,0.9478433785833104
1.0212313633074748,0.9249439381757171
0.9674238147043113,0.9708356412481984
0.9750124702697918,0.9590029926250726
0.9806648216456814,0.8807181362483814
0.9346378924209349,0.9758184532188898
1.0033238116929575,0.9826947808406811
0.9287033875133633,0.9384024456775432
0.9808485095105199,0.9656256079974047
0.9894532799525179,0.9797986549855352
0.9441583157918726,0.9873490681765379
0.9852760424000171,0.9441975299347726
0.8793786290205369,0.9718596688451593
0.9707057810551439,0.960992474726701
0.9917807998986732,0.9690400502781553
0.9755031163793452,0.9582465171787112
0.9857963981092548,0.9556430643863204
0.9572210361545369,0.9809122796957763
0.9307925487897755,0.9645800030672109
0.9431901933041599,0.9580974543967365
0.998966072151348,0.9730475196078204
1.005145415548753,0.9676565299725611
0.9857054568469634,0.9863497048422958
0.9933668010833148,0.9144446212831266
1.0055278203712124,0.9452154836526948
0.9364880717568385,0.9723120835807911
0.8918315143383564,0.8939729830198131
0.9811387188404549,0.9302745006530821
0.9564823447945214,0.9667512815226263
0.9717966838808014,0.9545215856481214
0.9657078048164596,0.9513839444337907
0.9036075069797607,0.9495428097377523
0.9898849257218925,0.9384385193199192
0.9826784011947691,0.9670292616404123
0.9701852075303512,0.9524475224510247
0.9283388336806401,0.9499559963045724
0.921371687558484,0.968536405196246
0.9844327681798263,0.9617215992149769
0.9095495864366434,0.9819869604513792
0.9742196489810032,0.972325349861361
0.9602027365685825,0.9959601974252346
0.9569388599901738,1.0414396868176168
0.9131761728813932,0.9507077165037124
0.9588745562597345,0.9871236337651117
0.9882625190749968,0.9599244965796601
0.9588386827290366,0.958150421612979
0.968509642613062,0.9820177839809119
0.9708778669640998,0.854298220682493
0.9656985750367675,0.9742595233977581
0.932618163560238,0.9777258658247949
0.9541403264626391,0.9648205367102867
0.9862315603958705,0.850154455454107
0.9727064123519428,0.9666478363354795
0.9930846280133242,0.9746076368035987
0.935851301763786,0.9140286027147702
0.9330252504723353,1.014539862815368
0.9805074984879986,0.9637053583362871
1.026602889836035,0.9668403323699901
1.0074297416409688,0.9608047654550698
0.968711944424449,0.9526808528226067
0.935990119598375,0.8804293230051793
0.9619275403272857,0.9484523884007207
0.9458154254553371,0.9042473019604619
0.8956389834792018,0.9422680032379711
0.9844900300262723,0.9948338011544127
0.967722225946074,0.9115933031666968
0.9656130333256283,1.0070510553006424
0.9316732689492623,0.9398764095896229
0.9684199454682759,0.936334342147542
0.9503763469734348,0.9489433797913146
0.952362903950378,1.0401904037155691
0.9212276603180782,0.9577956650466688
0.9485737871237396,0.980374160637935
0.9718162701390642,0.9780441866630225
0.9487702985837416,0.9151811434330333
0.9547961643600894,0.9709979258366055
0.9932173300982632,0.9703963766200593
0.8972690398259695,1.0501091923842905
1.006227273158136,0.9403182567546163
0.922140047970233,0.9501471568056099
0.9461274495885632,0.9565904095068758
0.9236349714590335,0.9879001595464907
0.9826179644935102,0.9280835989932996
0.9681983052285116,0.9429577981492052
0.9202710031753417,0.9842030400703894
1.0031092595700664,0.8808827838407632
0.9862700196005791,0.9661820138424438
0.9707251821839981,0.9112944212532649
0.9874908418254603,1.0053838112144111
0.9892394365732983,0.9887597629940854
1.0043602376543879,0.996776019498081
0.9992281316096904,0.9749766642489708
0.9720512728710079,0.961592475534615
0.9960913803638733,0.9013656132884894
0.9327981114160437,0.9835830056034947
0.960543696396497,0.9861379175506401
0.9826731235842365,0.9479832400918177
0.9396604162998099,0.9822005640308658
0.9723945909140668,0.967178972965745
0.9959719664327492,0.9736119590924903
0.9701456737833272,0.9628304619818112
1.0095042801539604,0.9649108517818341
0.9603969194361602,0.9900728859754685
0.9804921194837305,0.9966517967686906
0.9502780851774489,0.92748840053778
0.9346406760086058,0.988697264672038
0.9783656262456818,0.9857113249220983
0.8640091799503924,0.9010172060839603
0.9773116107070301,0.9735019319702604
0.9815538066443505,0.9851053288354379
0.9670494672956675,0.9693313928541795
0.87507324121943,0.9920613918058958
0.9789040693398063,0.9943973315434637
0.9528260900979559,0.9983968653050657
0.9297932061932738,0.9818989823472536
0.9581170303422986,0.9216718447163726
0.9300968910625117,0.9444664481132404
1.0179227956522847,0.9660216288222533
1.0006235733793136,0.9140427834174172
0.9647776867186125,0.9699844284412446
0.979440993497132,1.0071810207684537
0.9527632564740468,0.9679466686556709
0.9666863595526259,0.972910001740638
0.9336656110425771,0.9650491238139841
0.9449868490921021,0.9525029803568533
0.9252750954440014,0.9571860923411672
0.9055481541681851,0.9906089383183876
0.953958724389059,0.9243176812156059
0.9587169973408134,0.8826530365929875
0.9365997566849015,0.9814796211835436
0.9501803678372724,0.9675732685837577
0.9857295030271523,1.0250981934368704
0.9429946458962875,0.9260964212349952
0.9858558170421817,0.9621140307375867
0.9433055106464759,0.9592774964291148
0.9870075170214365,0.9782701914953046
0.932962672950074,0.9618947207220596
0.8547941301907321,0.9809335192305385
0.9460425712247998,0.988291420806867
0.9573217906401554,0.9942653570285063
0.9376292696232212,0.9654090476511147
0.9575197184980332,0.9621409811345168
0.9666157448052535,0.9910876651109928
0.9348258163333691,0.9692201175272545
0.9320946749052016,0.9250369286028012
0.9343479356542724,0.9528808501852917
0.9315491426494003,0.9489906725811131
0.9772802512092336,1.0054777303697164
0.9643784479327052,0.930315720605096
0.9685631363026928,0.9324928991945937
0.9440422566113819,0.9679133766298011
0.9349718103409083,0.9147415082465217
0.8283715485406695,0.93112104149016
0.9488446562235516,0.9779699112604342
0.9714565977580908,0.9584066438399858
0.9348796852598333,0.9733502357107562
0.9614860481381553,0.9799895960280961
0.9474267973402444,0.9733336241460386
0.9310498582182518,0.9662396205953276
0.9636076413807323,0.9408990720278868
0.8905385274644418,0.9770859044851053
0.942891392642088,0.9607519191251827
0.9424665781357842,0.9712782825830704
0.9454539681906409,0.9407687811884168
0.9105672218341431,0.9731741336155031
0.9397249691439511,0.9819440314875352
0.9463278833411384,0.950677650697092
0.9638243469769415,0.9801007871725911
0.9665947916270113,1.0024229881254225
0.9565217800593164,0.9439545882077169
0.8814176741806172,0.9471122986232718
0.9628342662389388,0.9976039119017379
0.9242777712575888,0.9858094439726245
0.9663511626195588,0.9629807580944136
0.9749251664525133,0.8897830980300803
0.9239190193636665,0.9831722735041527
0.9739835594828719,0.9855484626731326
0.9957969234206538,0.9699136713675509
0.9337419722991622,0.9529302097584356
0.9496346189789849,0.9865242876458931
0.991132926197528,0.9511329077927694
0.9840333793938434,0.9791795405730095
0.9772643874358253,0.96928302227318
0.980321521079101,0.9780444454779936
0.9983050564262418,0.954541519848454
0.9845274294440943,0.9208195929746946
0.9399116579745347,0.9229144717302787
0.9726470762583233,0.992952736935111
0.9022911351044685,0.9318990207398041
0.9650883640228554,0.9804461775873109
1.0266543890143365,0.9372071532426864
0.9792768051060349,0.988740870273749
0.9418560359344437,0.9952972309793642
0.9871462513750545,0.9092069382502315
0.9754082502043213,0.9382556923561968
0.9235556115287166,0.9191938283043932
0.9650369833331652,0.8557569214689912
0.9478270040949248,1.0173243021364893
0.9576568739143685,0.9943584817928752
0.9549847734930156,0.9384765047148058
0.945116517321411,0.9499552573120081
0.9409465260892151,0.9605574277541883
0.9882517029589901,0.9766311020767476
0.9622681318053364,0.9465905622244817
0.9436545892472858,1.0076919909329716
0.9921949942556121,0.8481360194153923
0.9374221944047588,0.9692277760953638
0.9606510294250394,0.8831912833625359
0.9801177046567656,1.0007645475083533
0.9445178146239324,0.923293526043428
0.9522039684506528,0.9912296316308292
0.9536499304644825,0.9767889662372352
0.9262436971047714,0.7878319734607712
0.9528433137815738,1.012655275473087
0.9887531111440447,0.9320529384957651
1.0016521594339374,0.9829338341729238
0.9124331199938609,0.9783619250103179
0.9681095081848248,0.9725369395756837
0.9800262446545835,0.9555793523486994
0.9597537668483109,0.9524316930078905
0.9150571587502728,0.9365884237375958
0.9501273550288472,0.9649735055621418
0.9325441225977429,0.9504474226711583
0.9453522633561342,0.9247835742014415
0.9392090255232973,0.9276177220740527
0.9708181002876342,0.9348471661486455
0.9480710147654955,0.9074613137789351
0.8883902152589683,0.979875857945182
0.9684886419965737,0.902159370882352
0.803334959240186,0.9079832832208443
0.9726188092352596,0.946870218306152
0.9808022327872737,0.9687574316884131
0.9710356122599922,1.0032490616441019
0.8630307638035218,0.9587536148671897
0.9948174502958974,0.9614497945120105
0.9648902052649834,0.9787703839863158
0.962572030254072,0.9878500352207374
0.9197940075827521,0.9948572159507029
0.9613026253458034,0.996763645836733
0.9171468477644319,0.9435974098903267
0.9597466036148898,0.9987959122945531
0.9358907818858454,0.9339975815039673
0.9377974948810331,1.0120528075493405
0.9683354562984732,0.9638888987375643
0.96136784355763,0.9585784721706649
0.9598460858479057,0.9925968327194497
0.9667122213233873,0.9901519378887195
1.025545790401645,0.9322398091195543
0.8697746505420961,0.9254524188345379
0.9615400297244394,0.9410755885555924
0.9565503797927198,0.9222462110577253
0.9287644203156264,0.9650124525326622
0.9561160579962652,0.9796774770108898
0.952340910404609,0.9603552252704983
0.9413343097904412,0.9708041199609704
0.9267163535161399,0.9693054906759495
0.9920756560611698,0.9302040125886976
0.9529265072417122,0.9836123645826482
0.9425855273414938,0.9983396729695474
0.9346951400251823,0.9659599088318349
0.901659544044725,0.8852362749467607
0.9584937001981818,0.9999214832694108
0.9406773318359265,0.9224838594558122
0.9816389799292584,0.9611469237151085
0.9540166133442778,0.8570149655624284
0.9299848711284013,0.985705354225761
0.9456438229750813,0.9612910555354761
0.9868227161716957,0.9732258596291598
0.9607842743644078,0.9355977945200821
0.9426576058883167,0.9489489185168575
0.9768857823447323,0.8735703128462976
0.9905404292584993,0.9747694714060906
0.9218892005840589,0.9531523497226269
0.9904846547229244,0.8813303396269011
0.9681596627126986,0.9536771220570996
0.9722989841823858,0.9450497420389786
0.9723898914618038,0.951951138705621
0.9612580837559089,1.0045405858918053
0.9461576798924525,0.9429997532340019
0.9482729502619897,0.9665721162119657
0.949899867335168,0.9526021633147198
0.8970684874518098,0.9628047682760039
0.9571620377443776,0.9524613342001889
0.9798872759774483,0.9062761394858407
0.9407908206515309,0.9273341451904046
0.9671167339070471,0.9652251293403797
0.9837350244276564,0.9743339220693478
0.9837441727332505,0.9641816374211684
0.9722461376067421,0.9164642158686457
0.9509103492717946,0.9608948461780212
0.9252150597124212,0.9502057998642551
0.9848215427645642,0.9830220095970645
0.9336218043523912,0.9603531712404402
0.9691072789555654,0.9516811427397395
0.9898115220619546,0.9810806983632814
1.0159002864112585,0.9732672106565476
1.0218669027014324,0.9646716145068345
0.9802797700417966,0.9509934251638107
1.0013898313548415,0.9576239415934497
0.8966312431461883,0.9287475732004086
0.9818285102504607,0.9641546529019389
0.9351713635242932,0.9669462055048484
0.9608350166289963,0.9392552327692028
0.9729704937261583,0.9391079267115725
0.9965195767136734,0.9206682905741439
0.9903115823875399,0.9621246474018439
0.9445629699311343,0.9751571436389228
0.9664499177535449,0.9130534201568478
0.9590984881199219,0.9640355651083635
0.9605623506507499,0.9396495698113787
0.9897918486833583,0.9418482380459354
0.9270008149466485,0.944268854285518
0.9270427938373578,0.9251347290063332
0.9366896547613918,0.9745556102206826
0.9666842938058612,0.9827061718160298
0.9433127873898824,0.976241662482358
0.9293481212932904,0.9639349689914817
0.9731389557095705,1.0022153000891227
0.9863912277061277,0.9779327101621761
0.9940679515668723,0.9283722954364753
0.9564868283371849,0.8961617804815564
0.9049407832083526,0.9363723154402819
0.9930401775340408,0.9175915649740262
0.8729133872612886,0.8972140405408083
0.966041163637579,0.9942414704581951
0.9500029664651629,0.9713577302200739
0.9536479415720704,0.9637826345227568
0.955597222603788,0.9433909063604581
0.966286700853444,0.9728050514334637
1.0051119447295531,0.9389599845218055
0.975001064680944,0.995015246977577
0.9838993660392997,0.9420082883410718
0.9307147577552529,0.9867635534263544
0.9748947738838039,1.0368341861352781
0.9576503944712855,0.9718716184321374
0.947014644762337,0.9244275067942638
0.923760189567664,0.9739739525881881
0.9300114698869596,0.9349217053483058
0.9298090403136609,0.9822180955596255
0.9475908090992723,0.9411206231800426
0.9712997010376366,0.9031052204278494
0.9614032402521377,0.9661578348275183
0.9317505867993725,0.9732549000070542
0.9867998140171229,0.9389041503056265
0.9596951292849004,0.9580878080533111
0.9264166098570362,0.9719369659722475
0.9551032037789604,0.9734585912223549
0.9749065764547313,0.9907429117146963
0.9962238498958395,0.9462625125163546
0.9503077043544793,0.9252423181876216
0.9609472432200284,0.9768972029684893
0.967931767255545,0.9819062182784377
0.9672104287598748,0.9697941009912188
0.9669292258277856,0.959403717771999
0.9725787265403353,1.0142449681549455
1.0018077780003976,0.9579161418234589
0.9611923379487751,0.998376012236215
0.972648027431491,0.992674365689739
0.9433659345664,0.9474076967321728
0.9839910318316876,0.9511663693817181
0.9433303035755453,0.9696699030238459
0.9425386603742403,0.9299263261303679
0.9434909055521045,1.027419443761221
0.971597109826945,0.9900543472326222
0.9658202076064267,0.9876046726220074
0.9398620406391843,0.9775736832882199
0.9668289686617092,0.9791665943174668
0.9385804108314068,0.959494431200651
0.9544269467638923,0.9628249438906378
0.9999089808331536,0.9906390232287091
0.9930666443928727,0.9805251518305627
0.9714701262594005,0.9648137887296789
0.9398507694002539,0.9437018819412569
0.9869730611631446,1.0070177725929044
0.9582301695651296,0.9194492519797249
0.9411876678686889,0.9641321231717253
0.9617231359611582,0.9934738772323141
0.9622133240606413,0.9388774050338963
0.9635201239887049,0.8836543460071664
0.9781720570277426,0.968266693253028
0.9548393212917917,0.945059190344929
0.9827882877551506,0.8677644131900946
1.0056978079120822,0.9363783383785951
0.9606177705931301,0.9705872426984158
0.9856529505876083,0.9590342679225441
0.9299239490316557,0.9639498357175237
0.9188014034448342,0.9729514158469043
0.9179345359274584,0.8716120499523671
0.916080056206496,0.9712719445952729
0.9548760015862994,0.9501510994055334
0.9783550347194637,0.8671803435572747
0.9510271090327949,0.955296304531687
0.9741910493343094,0.9607815122170758
0.9667178878281114,0.959507996617825
1.005150821012993,0.9668336001858658
0.984501281684151,0.9649828029887372
0.9397730945576837,0.8538414831939543
0.9411378231339762,0.9790733842143219
0.9339585432348854,0.9920480087677345
0.9594029981226392,0.9092711962352179
0.9446970739095629,0.9780536513939807
0.9903074540681068,0.9447778453874484
0.9561784869378822,0.9689035306333416
0.9333161150562418,0.9502788463295595
0.9719812286498477,0.9044486803055302
0.958905341393794,0.9916821768821615
0.838357281096233,0.9690578009926746
0.9729274541106071,0.9774627091084966
0.9392337183877216,0.9087324060306337
0.9681752743189496,0.9534119075677225
1.004469645041897,0.9486000733711495
0.9815489185661737,1.0138887516795436
0.9514563506765117,0.9666924461600983
0.9378312321681186,0.9967569744009108
1.0130101073568192,0.9720114474114139
0.9655111491961421,0.9485557493263811
0.9930339776929916,0.972178277415474
0.9327884561434279,0.9918697572032066
0.9951368170040282,0.9470626589784947
0.9528172616523212,0.9702020318079579
0.9160632555749836,0.9512227026610409
0.9542246622237428,1.0069541336683254
0.936792214465531,0.9685836792774605
0.9448664864883211,0.9211203918034812
0.9608178733418393,0.9592018233810155
0.9722509259776938,0.973815992812148
0.9547833131964679,0.9387623243519019
0.9063076264103159,0.9323324608414714
0.9479884491819617,0.9538242143675169
0.9384310235621058,0.9779774928150087
0.9941810839627987,0.9750523945271067
0.9301258663465873,0.9272392173386284
0.9872656024165409,0.9355227385645436
0.9071520547417504,0.9468771014908068
0.9720716212028114,0.929030205083373
0.9852963100086477,0.9778280661206392
0.9745534854290486,0.9508849149029001
0.9428865672240364,0.9649983470967377
0.9441610842937175,0.8509069198907325
0.9884373873377791,0.79248099908714
0.9506397753738995,0.9442077562302439
0.9722785457780169,0.9499299859340701
0.9871574351305797,0.94615372447592
0.9704699979651537,0.9596619798585493
0.9581326809600897,1.0119370508002592
0.9660644754477078,0.9590450407092543
0.9804390885113646,0.9951420785967479
0.9334199513619784,0.9997780565361021
0.9711236331914632,0.9522868712998984
0.9425543468810351,0.9708860825085595
0.9665224627600797,0.913060602735055
0.9418102175156639,0.9234450568743512
0.9312688257623787,0.9953422240920249
0.9975499379920142,0.9334097208860459
0.9550956872817862,0.985895825159532
0.9835742230552286,0.9948942202772174
0.9635004914844977,0.9997360428962256
0.9555421553562903,0.9866784910159926
0.9152769987706649,0.9890390754853512
0.940704722610737,1.014085366542536
0.9488684836798918,0.9752639390217004
0.996536173591594,0.9645624100545425
0.9907298375648468,0.9767783644373783
0.969435268376041,0.9525653810604903
0.9764228884680278,0.9589956468388113
0.9712676372472114,0.9297279779236448
0.9511976511010513,0.9580508127476347
0.9306409682973574,0.9547192116752796
0.9671807999550566,0.9266287735594095
0.9661071493809467,0.9678894115098504
0.9979286937400408,0.9969934398947635
0.8746386569995528,0.9332269990997399
0.9497500484913386,0.9524327424217596
0.9627575091464241,0.9696169634647585
0.9534792751161126,0.9574549620705318
0.9210026284410563,0.9892870877711314
0.9749270679408756,0.9810031822462828
0.915499304129259,0.9912722143753462
0.905696793807687,0.9698279430690988
0.9585948573724177,0.9652196944654116
0.9615323060468669,0.9306186335063245
0.95032682208496,0.9648899730220345
0.9679505285537731,0.9415750717415713
0.9720153533963594,0.7996813287479826
0.9326813066040774,0.9590006778957623
0.9368961122624407,0.938546100605343
0.9446759175639116,0.9591334130413256
0.932277048143474,0.9520432812797796
0.9815694028297274,0.9554062804146918
1.0045310418055784,0.9648199689958452
0.9654087308558921,0.9721705602376525
0.8947808682049988,0.9866247898782323
0.9587443405381468,1.0031813918965335
0.9426626144270533,0.9703151549294387
0.9758567560150692,0.9747896685861797
0.9779314697760105,0.8585953635112752
0.9797109285249419,0.9803248846077567
0.9263845683357733,0.9884975314844319
0.9099710913849542,0.9683390301650899
0.9458620438566647,0.8976273801650877
1.013455315509403,1.0008268391742472
0.9464843620696902,0.9380258545490588
0.9604304673510001,0.86393705404161
0.9636185832467994,0.9763670015996503
0.9472776098150363,0.9365204565088412
0.9836339327174078,1.0088546309073902
0.9407213037155331,0.9447727993436202
1.0050041319020078,0.9325618783955643
0.9941186387785061,0.9231989496924307
0.9903189992655411,0.951600606733573
0.9572884800059035,0.9863642658911314
0.9502079164993661,0.9764229530119257
0.9825118690069162,0.9587373353918199
0.9822014757367982,0.9358158128508531
0.9050249923370646,0.8806527957805855
0.953063320732298,0.9718917883342453
0.9747998437386836,0.9716147581821116
0.9623627506001553,0.9549222320277063
0.9303454094518218,0.8783817865586243
0.9602330360440052,0.9668942260770074
0.928906752802743,0.9845850611358976
0.9638053539025304,0.96036317934227
0.9610900329159056,0.8927786772333349
0.8971615307239932,0.9351810862531966
0.9778649004012936,0.9661318815577717
0.9381831174714659,0.9927933630686596
0.9763996396374864,0.9299316719455544
0.951753142273607,0.9643863005670745
0.9406039255644553,0.9929314405298647
0.9378857131776618,0.8208923718436714
0.9290911919955165,0.9703299668908936
0.9741092239678432,0.9476893577562138
0.9617832451370544,0.9928475198007223
0.9014766568939825,0.9086114201748405
0.9377853263662915,0.9815729076019837
0.9600894327779838,1.0212160298058162
0.9737661869750165,0.9507558619884193
0.9235051107566905,1.000294567251746
0.95676969006544,1.0151657826472662
0.9561743000084558,0.9678267874203129
0.9649476197698894,0.9176218465641681
0.9538814961330655,0.9682944428415844
0.9620839287039784,0.9730625471862053
0.9847663236418767,0.9851264668572592
0.9451558939225753,0.9890837499241205
0.9849391733748063,0.9385753779314968
0.9637999995635532,0.9308343341701552
0.9417651831127276,0.9386125981739383
0.9670192498982381,0.9618013447378919
0.9466478585754261,0.9980865455130982
0.9787931817196164,0.9711347275412352
0.9902318286270398,0.9393548606717673
0.9607708398184701,0.9826261380797787
0.9840173511973246,0.8902353654232352
0.971126317030246,0.9627305485380039
0.9621963803709654,0.952564118645189
0.9640220642566341,0.9958285111114286
0.9650276256153673,0.9474322822671325
0.9550079581815091,0.9430239144414614
0.9806922420671627,0.9116025490310466
0.9720645941535381,0.9538241428597208
0.9684391759232,0.954487044668919
0.9658270958674356,0.9678725147850747
0.9674790010543652,0.9351922111002025
0.976511719357117,0.9409637455737545
0.9526318115157394,0.9137079901241434
0.9677824911671598,0.9422467349843523
0.9050279181121653,0.9077587174653736
1.0068188048289088,0.9521784121076294
0.9809459273181146,0.9604053131335338
0.9620509973984059,0.9511948704095328
0.9488423450061533,0.9636989779544962
0.9327856578249889,0.8813959055412289
0.984102339211448,0.965438820785299
0.9528074076562852,0.9375218766815724
0.9274580405783993,0.9796550927078322
0.9733840155762522,0.9522978446667754
0.9491892983312593,0.9287046553502588
0.9936755245375357,0.9469989750952101
0.9347078588870065,1.0082020840027965
0.9695213445428834,0.9637945498102328
0.9567789490827979,0.9395620757549675
0.9881229355541509,0.9648896137929058
0.9511329158913385,0.9489853852912493
0.9687532479703902,0.9724349436984756
0.9950018384203888,0.9497807470753787
0.9847167203669116,0.9794309281088597
0.9376694942694862,0.9449027630307488
0.9400750745953531,0.8570510353756027
0.9576332777462012,0.9861322510710755
0.945052568729164,0.9742807366070568
0.926008238405839,0.9227546756202749
0.9503400260708983,0.9679168321350337
0.9326677061333242,0.9891861139442663
0.9730195660069468,0.9156594377222779
0.9742728305437,0.93589005737315
0.9575994168801022,1.0118409535049055
0.9661509024698364,0.9487436962987017
0.9518901008035658,0.9752991657566523
0.9824958869608256,0.9539539189543251
0.9432614662253808,0.9652185037721501
0.9769235537303661,0.9765834007938784
0.9510347765780784,0.9668339433585104
0.9673714333236934,1.0589900447188967
0.9096785686138592,0.8674734825061639
0.9340001562219141,0.9877954491894047
0.9741585978130655,0.944677946064956
0.9567054739597209,0.9738230578199852
0.9004703239880029,0.9597748712683165
0.9678765599236195,0.9782128965239842
0.9346168066042959,0.953595149113218
0.9661201592241239,0.9377674265490346
0.9679611235784162,0.9583602961665448
0.9839750159542516,0.9550751583732072
0.9651171277348736,0.9889717216976005
0.9523679271546215,0.9912944941627369
0.95450518478772,0.9009842475065363
0.9584422681470385,0.9531979965530724
0.9482192875658875,0.9818783848803414
0.9832816457232486,0.951765435307374
0.9148902816998548,0.9555853165750859
0.9405519436759059,0.9470377961619052
0.9394615788548741,0.9710817241557754
0.9608061353687559,0.9931103517210238
0.9408408863036852,0.9755444197130732
0.9335938452894686,0.9347661262796584
0.9466189711674534,0.9613467036809826
0.9711599729107891,0.8668816131731134
0.9569180955892548,0.8932426403165354
0.954882011600399,0.9775994933897726
0.9298712293660389,0.9019990067998933
0.9719636940440013,0.9551395554408925
0.9682334813264065,0.9543523563320442
0.9702282494466806,0.7964490965810038
0.9271447538434342,0.9620842710151434
1.002102524707124,0.9372174978160825
0.9927609548766897,1.0120245687466578
0.9598903452809088,0.9959127556150978
0.9757935470752729,0.9958454311517464
0.962824131889581,0.9586130310162722
0.9650755543568937,0.9944374803429621
0.9448221631852297,0.979837944018313
0.9556502923395251,0.9593585615110223
0.966016297341733,0.9948538594998556
0.9779962813023939,0.9658404723105803
0.9722371693038835,0.9923631347701579
0.9500766723456989,0.9530638472871606
0.9759380644252494,0.9821825586982939
0.9834328819524026,0.9736917173740713
0.9414569115966792,0.9567255997518719
0.9702128724143706,0.9612534749268795
0.9345830112655631,0.9795463843692735
0.9926361028606961,0.9359118274511987
0.9675388297291361,0.96290151456162
0.9610066619808466,0.9087849161568171
0.9714471893389488,0.968038644239719
0.9800445005798069,0.896079371454389
1.0141416060717994,0.9847572980030042
0.9349783032014355,0.9632268894465361
0.9911253012740181,0.9467436500446493
0.9757432562842138,0.9684639910651488
0.9363203135363865,0.9147510413638751
0.9796344727463917,0.9696180117720967
0.9154661364783555,0.972085154354392
1.0169923605959523,0.9916400203289727
0.9236601300749251,0.9835094238831144
0.9676781816888765,0.9496928926558755
0.8803113970724656,0.9157700986173243
1.0054141066197129,1.0058078878257077
0.955569049964072,0.9737170338997672
0.9886450765760356,0.9464213683210974
1.0057762237666303,0.8094081086259525
0.9627110896114434,0.8668576849851223
0.941538311584278,0.8845653507770459
0.8720990022096591,0.9521677505650379
0.9771636209382928,0.9468436100888497
0.8950831710021209,1.0610069324525717
0.9784948404549891,0.9768677730947836
0.9458117340915497,1.007047036490954
0.9816493637044578,0.9569402014401376
0.946817754097147,0.9882466147802221
0.9344969896609485,0.983546325184851
0.8769048695684375,0.9343949245600448
0.9159735668096235,0.9584410489577007
0.9332405728556523,0.887315153182561
0.9474448509615803,0.9807209783372427
0.9806814787003421,0.9282233135156934
0.9513613342719244,0.9463498678134407
0.9427058960788984,0.9444233566211594
1.0021302774909815,0.9502464146331551
0.9406728389608522,1.0299221973694046
0.9461692244173793,0.9337836801876754
0.9525793955438039,1.016787295275289
0.9205375027907216,0.9847235582143705
0.9847654207143545,0.9723808506382271
0.9513713503677519,0.9718551656684955
0.979670470841558,0.9812673335497138
0.9801884257672645,1.0021042391786443
0.9676918562451027,0.9780027461353238
0.9483677480950211,0.9645930300201523
0.9623562721502509,0.9724039308817618
0.9456741085390648,0.8816247447472626
0.9692141312007864,0.9718117518930851
0.9956552016245283,0.9290737865062914
0.9647092391724265,0.9555415832996754
0.9695154198311646,0.9584500898911456
0.9624466716406812,0.9561867321217769
0.931882684298593,0.93002377418222
0.9796764533564184,0.9626138873017474
0.9705160406405094,0.9986735742583975
0.9217358442575222,0.9503148723195154
0.9729364260817807,0.9715182499405473
0.9435418504769115,0.9470145323834968
0.9562179612325161,0.9733191406146495
0.9514242800188594,0.9716097496782871
0.9521432015037153,0.9542898491060844
1.012475779812507,0.9493780654758505
0.9844390196467363,0.9766147187149092
0.9653664560121217,0.9410069035340931
0.9482976399083618,0.9791842091287453
0.9101693354922837,0.9955698521010728
0.979986946453426,0.9369255281878153
0.8610585790088993,0.9134975766694602
0.9540944745779801,0.9538940706030532
0.9786904723471436,0.9982024994064986
0.9692519799004046,0.9690709106488072
0.9581541618751703,0.9405776877249533
0.9949584047446165,0.9689454752001941
