band,window_start_s,window_end_s,window_length_s,amplitude_snr_sigma,rectilinearity,degree_of_polarization,radiality,major_incidence_from_vertical_deg,vertical_energy_fraction,radial_energy_fraction,transverse_energy_fraction,zr_coherence,zr_phase_deg,amplitude_gate,radial_rectilinear_confirmation,zr_quadrature_misfit_deg,rayleigh_like,love_like
low_0p8_3,-5.001,-4.005000000000001,1.0,1.7154704255351723,0.7235712155473867,0.47324447605987546,0.9968163912108423,77.20685790070964,0.21762132372547874,0.5949051126823721,0.1874735635921491,0.3426774806268988,44.02847876310936,False,False,45.97152123689064,False,False
low_0p8_3,-4.901000000000001,-3.9050000000000002,1.0,0.3830865795269267,0.726659724737602,0.47873619844923443,0.99402450407286,67.95865925350421,0.24184100152303184,0.5563651457409259,0.20179385273604228,0.47251103326581056,32.94844893953904,False,False,57.05155106046096,False,False
low_0p8_3,-4.801,-3.8050000000000006,1.0,0.2280862638847819,0.791258753837154,0.5593170095931307,0.9943486792761459,66.08182851246222,0.2263975933122862,0.5723480291848119,0.20125437750290195,0.5643172069823692,17.93328226782992,False,False,72.06671773217008,False,False
low_0p8_3,-4.7010000000000005,-3.705,1.0,-0.8109172006881213,0.7551550219480037,0.513633468013664,0.9919320433163447,67.4855307903864,0.20932214692530499,0.5601863778585764,0.2304914752161186,0.5375573048027348,11.079710446919483,False,False,78.92028955308052,False,False
low_0p8_3,-4.601,-3.6050000000000004,1.0,-0.10491935285666068,0.7034033112661655,0.4687880059964995,0.9103777219575848,62.88361080547631,0.2185577719296371,0.45823683830287454,0.32320538976748836,0.6638975107246818,1.8727903010169764,False,False,88.12720969898302,False,False
low_0p8_3,-4.501,-3.5050000000000003,1.0,0.626270112229326,0.7244369733657449,0.4811427800156144,0.9012133406280043,66.79511033912512,0.2346126936804895,0.47291035474718973,0.2924769515723208,0.5658623836916374,5.913852993318901,False,False,84.0861470066811,False,False
low_0p8_3,-4.401000000000001,-3.4050000000000002,1.0,0.0551878750548042,0.6718552182778583,0.4218409614506534,0.9490591298168951,62.56041018447331,0.25513094481818055,0.46640910017135356,0.278459955010466,0.5356155369706782,-15.60360551274359,False,False,74.39639448725642,False,False
low_0p8_3,-4.301,-3.3050000000000006,1.0,0.019529127108248074,0.5710312142084367,0.3582750984297457,0.873718896137549,65.40099256482387,0.2803709722643431,0.40462397812655204,0.3150050496091049,0.45676905609192736,-13.500228186383415,False,False,76.49977181361659,False,False
low_0p8_3,-4.2010000000000005,-3.205,1.0,1.7620087439861705,0.6633302199502328,0.42333375373536436,0.8544393673453587,74.91363827786346,0.2306126269133438,0.4469304702285963,0.3224569028580599,0.4047897174956215,10.580239655605219,False,False,79.41976034439477,False,False
low_0p8_3,-4.101,-3.1050000000000004,1.0,1.7870869965904277,0.7292008858902583,0.4743952269337645,0.777688991535788,88.35112478734796,0.16810295645875065,0.48274257653305885,0.3491544670081905,0.2878481293875026,-74.28471902642626,False,False,15.71528097357374,False,False
low_0p8_3,-4.001,-3.0050000000000003,1.0,-1.0353636894626785,0.7749608024935928,0.5388556391135406,0.7941316642139625,89.46755356654235,0.16432280582339556,0.5102165045140656,0.32546068966253877,0.34011733321961746,-81.43275325933378,False,False,8.56724674066622,False,False
low_0p8_3,-3.9010000000000002,-2.9050000000000002,1.0,-2.7627357288234555,0.7928557524657615,0.5662784617305292,0.7927678159348158,82.15055679221275,0.15793155867829714,0.4973712520934445,0.3446971892282583,0.40598432966050063,-107.83365250246759,False,False,17.833652502467586,False,False
low_0p8_3,-3.801,-2.805,1.0,-1.4246110790404174,0.8197359747993342,0.6050422829306963,0.7591560828450085,77.74424715717214,0.15524096238791402,0.45580356528012933,0.3889554723319566,0.5785224477180391,-118.29993333530632,False,False,28.29993333530632,False,False
low_0p8_3,-3.7010000000000005,-2.7050000000000005,1.0,-0.7618548848253351,0.8294365262079564,0.6213710125352662,0.787628101431166,75.29006891030296,0.15894586362759644,0.4888403417331026,0.352213794639301,0.6860859911450536,-121.01890145703754,False,False,31.018901457037543,False,False
low_0p8_3,-3.6010000000000004,-2.6050000000000004,1.0,-0.3651332406360409,0.7979219227437575,0.5803439190118622,0.8670091800418583,75.17290059904715,0.16728654264019577,0.5660885309117887,0.2666249264480156,0.6627592903817435,-116.7377716075184,False,False,26.737771607518397,False,False
low_0p8_3,-3.5010000000000003,-2.5050000000000003,1.0,-0.21438491237732749,0.7656159075104408,0.5348363462776226,0.9194185477098825,81.3489830104997,0.15653946570129526,0.5975684732788931,0.24589206101981165,0.7171806401822719,-101.00437833925066,False,False,11.004378339250664,False,False
low_0p8_3,-3.4010000000000002,-2.4050000000000002,1.0,-0.5951165967276074,0.7254754209532591,0.4789422771731484,0.912617840294781,80.33778585239918,0.16351204555227755,0.5622769491425373,0.2742110053051851,0.7058990110188175,-104.72951885633779,False,False,14.72951885633779,False,False
low_0p8_3,-3.301,-2.305,1.0,-0.07423089135919134,0.6820814408994733,0.42727538781380114,0.9630134214550837,86.50616681296181,0.18697976662898014,0.5781306125635802,0.23488962080743966,0.2929152706358669,-96.62121568003295,False,False,6.621215680032947,False,False
low_0p8_3,-3.2010000000000005,-2.2050000000000005,1.0,0.26339073716602124,0.5738824506994699,0.3439019338264792,0.9995174610415198,86.00701678859748,0.269770167448826,0.5280285634992323,0.2022012690519416,0.33105810186682877,-84.01674526574992,False,False,5.983254734250082,False,False
low_0p8_3,-3.1010000000000004,-2.1050000000000004,1.0,-0.2371313418049359,0.3749042176799262,0.2520855121277453,0.6965460091312535,46.61052866489798,0.31347181630050847,0.41501001751204064,0.27151816618745084,0.2656665551066968,-73.17054518104143,False,False,16.829454818958567,False,False
low_0p8_3,-3.0010000000000003,-2.0050000000000003,1.0,-0.3375862132719006,0.31377899486761784,0.18262145140261757,0.11700623310253241,52.56050209452282,0.2873519012157617,0.3725154763105855,0.3401326224736528,0.2699685696579704,-73.5653431656214,False,False,16.4346568343786,False,False
low_0p8_3,-2.9010000000000002,-1.9050000000000002,1.0,-0.8794062606631782,0.25391541637961534,0.1736289519986281,0.519418770357919,69.01069068504472,0.2744166853923398,0.37347050728633396,0.3521128073213262,0.2473187714653287,-65.82838263532777,False,False,24.17161736467223,False,False
low_0p8_3,-2.801,-1.8050000000000002,1.0,-1.3181791663579119,0.2783913800855492,0.12074111381973086,0.8399720788704936,72.07011847056938,0.28410332841377217,0.36921636594738705,0.3466803056388408,0.1551196245883244,-56.48095309484605,False,False,33.51904690515395,False,False
low_0p8_3,-2.7010000000000005,-1.7050000000000005,1.0,0.2947511811794962,0.5030739674715233,0.27389195449467935,0.28999330353930824,82.27426877229274,0.23718815146265404,0.28617546954349415,0.47663637899385175,0.24017508201014257,-3.244353368705127,False,False,86.75564663129487,False,False
low_0p8_3,-2.6010000000000004,-1.6050000000000004,1.0,0.8766339980782587,0.6251898171316761,0.37785178229603195,0.15475313512804334,82.66470095970682,0.23015695056724156,0.23172441748232586,0.5381186319504325,0.2990820381342366,17.184789873150624,False,False,72.81521012684938,False,False
low_0p8_3,-2.5010000000000003,-1.5050000000000003,1.0,-0.7613575906590886,0.7015187208891058,0.4623351628630968,0.0725356235518413,84.57303810632285,0.2292303377587044,0.20310490603540907,0.5676647562058865,0.28922483043240177,35.88622468234218,False,False,54.11377531765782,False,False
low_0p8_3,-2.4010000000000002,-1.4050000000000002,1.0,-1.7987650394720478,0.7110693418270992,0.4554306172190086,0.1914307958074123,80.60594786916822,0.20118196438628233,0.23038148840404027,0.5684365472096774,0.35150679774448035,53.188754966652866,False,False,36.811245033347134,False,False
low_0p8_3,-2.301,-1.3050000000000002,1.0,-0.7712447115292734,0.6541380146540723,0.3908020884019301,0.17492492800217038,85.35730304299109,0.1818064516333398,0.25201007126794833,0.5661834770987118,0.5588454279367939,99.24814186742636,False,False,9.248141867426355,False,False
low_0p8_3,-2.2010000000000005,-1.2050000000000005,1.0,-0.27633544696591467,0.6526604919216776,0.4034284583105706,0.2099804832651387,89.19339495661237,0.18726849083895483,0.2407122854554741,0.572019223705571,0.3408547941631068,151.99801639950783,False,False,61.99801639950783,False,False
low_0p8_3,-2.1010000000000004,-1.1050000000000004,1.0,0.3000181588364527,0.7428221027532845,0.495302608235426,0.38999592630729163,87.4711860674877,0.14808598343238843,0.27416994049586435,0.5777440760717473,0.24318310727711545,142.79291232371762,False,False,52.792912323717616,False,False
low_0p8_3,-2.0010000000000003,-1.0050000000000003,1.0,0.28398752007905204,0.771722110348872,0.5335232680407884,0.4893705458079998,88.40501945752874,0.14378266601037054,0.3124218266068268,0.5437955073828026,0.22015484134492735,158.38853993844668,False,False,68.38853993844668,False,False
low_0p8_3,-1.9010000000000002,-0.9050000000000002,1.0,-1.3515214621844815,0.79873821008002,0.5745564843494889,0.5450864152959031,88.28784125252245,0.1488925296130625,0.326146414516048,0.5249610558708896,0.2325938838209758,-178.48213410114784,False,False,88.48213410114784,False,False
low_0p8_3,-1.8010000000000002,-0.8050000000000006,1.0,-1.0037780750095104,0.7738119586224562,0.5440422855693305,0.6399131860925961,87.30015099234983,0.13950928547842523,0.3884970412182605,0.47199367330331415,0.2877184478124602,-179.73582654170593,False,False,89.73582654170593,False,False
low_0p8_3,-1.7010000000000005,-0.7050000000000001,1.0,0.658886728994772,0.8278188715545192,0.62811384666873,0.8413159857524996,82.28062959477823,0.14744926224619317,0.5409234668928832,0.31162727086092357,0.3869203351219816,-165.70657226664022,False,False,75.70657226664022,False,False
low_0p8_3,-1.6010000000000004,-0.6050000000000004,1.0,-0.061958614687083295,0.8004593482979316,0.5938482976053969,0.8881300164087343,79.66105210579927,0.20049653045788562,0.5464949110758219,0.2530085584662926,0.4047520514088859,-155.9099675665967,False,False,65.90996756659669,False,False
low_0p8_3,-1.5010000000000003,-0.5049999999999999,1.0,-1.7040120430441072,0.750837123805634,0.5149471866598319,0.886859696733589,78.16156246453946,0.2202768975263379,0.5287907673568277,0.2509323351168344,0.3416286025827671,-160.7184448952477,False,False,70.7184448952477,False,False
low_0p8_3,-1.4010000000000002,-0.40500000000000025,1.0,-1.9071488658608688,0.7213500416247784,0.4731781763784976,0.8918523814516964,74.60779822958665,0.24801200744531587,0.5101709903892644,0.24181700216541976,0.33827624964561864,-160.62403139533998,False,False,70.62403139533998,False,False
low_0p8_3,-1.3010000000000002,-0.3050000000000006,1.0,-1.3057518671871278,0.7026484045187357,0.4541815145597805,0.8997781689892211,75.18763711482747,0.21392131586811036,0.5096769330212036,0.27640175111068616,0.42013915801130647,-154.51240291011044,False,False,64.51240291011044,False,False
low_0p8_3,-1.2010000000000005,-0.20500000000000007,1.0,-0.750029237556419,0.6521476789544356,0.41194258510748544,0.8794338159473776,80.73251114361214,0.17223347198260427,0.48796329884810186,0.3398032291692939,0.370159068676838,-149.74486657209857,False,False,59.74486657209857,False,False
low_0p8_3,-1.1010000000000004,-0.10500000000000043,1.0,-1.1188041578707815,0.6051068067337471,0.3492489128195259,0.9913167327134976,69.46032599935018,0.2545641589043964,0.4763285137333206,0.2691073273622831,0.31443076825240635,-163.91934496672786,False,False,73.91934496672786,False,False
low_0p8_3,-1.0010000000000003,-0.004999999999999893,1.0,-1.8457961697398377,0.6227103750400826,0.3597180292751357,0.9915331800562284,64.55222063017095,0.27635299334515023,0.469486551638588,0.2541604550162617,0.3045097005644197,176.7891611397214,False,False,86.78916113972139,False,False
low_0p8_3,-0.9010000000000007,0.09499999999999975,1.0,0.07629619501986108,0.6713862014987627,0.4064897503889524,0.8646481149754296,63.6824449962749,0.2502136089752435,0.44886052342628596,0.30092586759847056,0.4068139135467727,177.26561440114077,False,False,87.26561440114077,False,False
low_0p8_3,-0.8010000000000002,0.1949999999999994,1.0,0.8256836476434106,0.7305636296178462,0.4752421837447673,0.7211046335716371,61.93326618240256,0.2776861690432763,0.3795937137777491,0.34272011717897466,0.4145015158829211,171.57635508311753,False,False,81.57635508311753,False,False
low_0p8_3,-0.7010000000000005,0.29499999999999993,1.0,-1.188494231297862,0.7984737366767534,0.5927023368221651,0.5927315457069894,61.98884767149425,0.341602999521492,0.2560748449537756,0.40232215552473255,0.4588030452013758,138.77387017494982,False,False,48.77387017494982,False,False
low_0p8_3,-0.601,0.3949999999999996,1.0,-0.707954336399818,0.7095786007505254,0.5117075687179381,0.6104390201058554,68.95181543798972,0.38366524691267007,0.24333966727821216,0.3729950858091177,0.4995093100090192,110.6002740004838,False,False,20.600274000483793,False,False
low_0p8_3,-0.5010000000000003,0.4950000000000001,1.0,-0.2650958981583676,0.6889282144316904,0.496200823779255,0.6173025903757592,65.86535292789588,0.4112845596604647,0.23020032871179144,0.35851511162774385,0.43647008289775163,121.19985786141245,False,False,31.199857861412454,False,False
low_0p8_3,-0.4010000000000007,0.5949999999999998,1.0,-1.4608666410658886,0.7036148728769223,0.5045535814588497,0.6303250930325076,69.09826688307757,0.3738606874691737,0.25593952726037933,0.37019978527044695,0.2715367733196037,157.30207893082255,False,False,67.30207893082255,False,False
low_0p8_3,-0.30100000000000016,0.6949999999999994,1.0,-1.4873001050412886,0.620182769276959,0.4561743004456333,0.6053005663537043,83.64248344463356,0.3788890914099927,0.2527636460651654,0.3683472625248419,0.12687626612179737,-144.01599681509663,False,False,54.01599681509663,False,False
low_0p8_3,-0.2010000000000005,0.7949999999999999,1.0,-0.938756494821454,0.4897398438250853,0.3876271362260353,0.769775901333613,83.89320645625922,0.39326775506191664,0.30754825927038126,0.29918398566770216,0.1643156338608369,-155.22866971297103,False,False,65.22866971297103,False,False
low_0p8_3,-0.10099999999999998,0.8949999999999996,1.0,0.49114383622068325,0.7360958961961351,0.5313597563072495,0.8441346443500155,89.65319937974606,0.2889703685278707,0.4402947517929946,0.2707348796791346,0.28715346819972737,-116.85929330019832,False,False,26.859293300198317,False,False
low_0p8_3,-0.001000000000000334,0.9950000000000001,1.0,-0.34346125019055307,0.7265337916952469,0.51935928929079,0.8494707192542974,88.112195673527,0.3025715909771767,0.4485036458998424,0.24892476312298084,0.24423203602913443,-120.77454243390505,False,False,30.774542433905054,False,False
low_0p8_3,0.09899999999999931,1.0949999999999998,1.0,-1.7535208761599033,0.5879810525876837,0.4374079504809657,0.8276755406927646,74.84303304055692,0.3399770448788521,0.4279995391187041,0.23202341600244383,0.30115010569769174,-99.37070465131474,False,False,9.370704651314739,False,False
low_0p8_3,0.19899999999999984,1.1949999999999994,1.0,0.6220480104677332,0.7395630828426676,0.5424553797671969,0.7003522036076862,55.23848590165876,0.33267974834136893,0.3920828534715128,0.2752373981871184,0.25738552687569394,-45.104723872682364,False,False,44.895276127317636,False,False
low_0p8_3,0.2989999999999995,1.295,1.0,1.5104459907342906,0.6796711685928287,0.4952329180795308,0.8044953654822141,70.20824808941445,0.29514432642193583,0.42608496289629955,0.2787707106817647,0.1590943340148066,79.98698707807458,False,False,10.013012921925423,False,False
low_0p8_3,0.399,1.3949999999999996,1.0,0.4752785540050252,0.6455737759488035,0.43312827560120176,0.8944771658016336,88.86434193912385,0.21383467751417262,0.47157050829501673,0.3145948141908106,0.23409400806200234,122.44401855509734,False,False,32.444018555097344,False,False
low_0p8_3,0.49899999999999967,1.495,1.0,1.2730538642068376,0.5757189330084098,0.39317310204044326,0.5379241502624034,81.99983578446398,0.14263537367148563,0.3981373618183349,0.4592272645101795,0.23940369654720012,130.8741930123616,False,False,40.87419301236159,False,False
low_0p8_3,0.5989999999999993,1.5949999999999998,1.0,3.8940776443394136,0.7424958833842901,0.51985888654803,0.43362376463245866,82.10643012955585,0.10754868414128181,0.3270866830422839,0.5653646328164343,0.2603813585042684,112.68277900273036,False,False,22.682779002730356,False,False
low_0p8_3,0.6989999999999998,1.6949999999999994,1.0,4.51435138869407,0.7517499067248536,0.5246435636074865,0.48644120703466004,87.38289705659066,0.11453674192604084,0.32530645125898466,0.5601568068149745,0.495403652024446,121.13403368489872,True,False,31.134033684898725,False,False
low_0p8_3,0.7989999999999995,1.795,1.0,2.6266697285663803,0.7329868531000364,0.5007275720541372,0.4496301114034545,86.5724951791291,0.13359609166234931,0.3083746524137076,0.5580292559239431,0.46571565886977273,122.6074684768127,False,False,32.6074684768127,False,False
low_0p8_3,0.899,1.8949999999999996,1.0,5.527786214993347,0.5764796716200156,0.43396126496522575,0.24521863602212507,76.45085896006081,0.1337786220790886,0.3794852713939839,0.48673610652692745,0.6623761718095542,147.20415958752025,True,False,57.20415958752025,False,False
low_0p8_3,0.9989999999999997,1.995,1.0,11.59444541561869,0.7296095901160684,0.5326780549519415,0.9998782573223126,74.58041841861922,0.09594723124887125,0.5982366496914636,0.30581611905966516,0.6659747557506152,170.82002364261933,True,False,80.82002364261933,False,False
low_0p8_3,1.0989999999999993,2.0949999999999998,1.0,15.984165954006178,0.8299972698845504,0.6406546743193291,0.9857726311789717,80.82726846811926,0.06612841697007506,0.7190551854963819,0.21481639753354295,0.5017400393380136,-167.45677727639142,True,True,77.45677727639142,False,False
low_0p8_3,1.1989999999999998,2.1949999999999994,1.0,13.65021721853089,0.8329393393435235,0.6318088039007959,0.9863027022645788,86.03760367722984,0.08256840183028583,0.7310735406188758,0.1863580575508383,0.24523450719056805,-145.2506987617998,True,True,55.25069876179981,False,False
low_0p8_3,1.2989999999999995,2.295,1.0,10.678973884700726,0.7761843356480138,0.546049832034399,0.9933996372955063,84.59689422441129,0.1634818462881964,0.6706088915979872,0.16590926211381632,0.2964173920663593,-126.78590315078797,True,False,36.78590315078797,False,False
low_0p8_3,1.399,2.3949999999999996,1.0,11.500761685672694,0.8105528976944507,0.5955041656277106,0.9970647329929228,83.08049628167285,0.1510331089002082,0.7032703497644476,0.14569654133534427,0.289537500455441,-141.35616853745245,True,True,51.35616853745245,False,False
low_0p8_3,1.4989999999999997,2.495,1.0,24.101163555420317,0.900703165233427,0.7533508835080787,0.9999784763294309,86.0857627622338,0.09142763554138658,0.8351170728347714,0.07345529162384189,0.18135485823034422,-156.25443167852544,True,True,66.25443167852544,False,False
low_0p8_3,1.5989999999999993,2.5949999999999998,1.0,25.139215107388278,0.9117317919926166,0.7762130466998219,0.9990607353441544,88.41409959222605,0.09281802182637613,0.8502679468687389,0.05691403130488495,0.11067999033624426,-127.20626369166185,True,True,37.206263691661846,False,False
low_0p8_3,1.6989999999999998,2.6949999999999994,1.0,13.820368335383916,0.8875862123545352,0.7281931894921769,0.9975262122239912,88.71671600944336,0.13363050870522217,0.8118627616023362,0.05450672969244161,0.11178727986771722,-66.798097781688,True,True,23.201902218312,False,False
low_0p8_3,1.7989999999999995,2.795,1.0,26.514155197339512,0.9144286335388009,0.7824889605245607,0.9999870228611684,86.33031208018843,0.10438105957725072,0.8497816585926755,0.04583728183007386,0.1784120901863555,18.2496012628044,True,True,71.7503987371956,False,False
low_0p8_3,1.899,2.8949999999999996,1.0,38.57776609759104,0.9260210857129358,0.8074129102700696,0.9993130383946529,86.19529355726242,0.07776320690562083,0.8732993756104637,0.04893741748391543,0.35836678741741856,55.50672459065767,True,True,34.49327540934233,False,False
low_0p8_3,1.9989999999999997,2.995,1.0,55.57905804471205,0.943168347082221,0.8475762582553065,0.9984611764695238,75.7344929427912,0.12305388330395677,0.841230653944084,0.03571546275195924,0.6223378330961543,7.620778761896527,True,True,82.37922123810347,False,False
low_0p8_3,2.0989999999999993,3.0949999999999998,1.0,62.239749138200665,0.9437385195281278,0.8492477714604739,0.9927955549523727,71.01542672938942,0.1692216063025723,0.7936981913333625,0.03708020236406518,0.7182070077656817,9.058238593882855,True,True,80.94176140611714,False,False
low_0p8_3,2.199,3.1949999999999994,1.0,50.18463472357608,0.9164851921068282,0.7893450667754661,0.9948272325157703,66.20809687022825,0.23454341153897432,0.7325090972372229,0.03294749122380284,0.691986468341869,19.173628910696777,True,True,70.82637108930322,False,False
low_0p8_3,2.2989999999999995,3.294999999999999,1.0,72.96481482024126,0.9499907877802573,0.864751079830485,0.9991802254405756,64.18679717964119,0.23591417704705214,0.7426029434323796,0.02148287952056811,0.83054952386216,18.06283650856476,True,True,71.93716349143524,False,False
low_0p8_3,2.399,3.3950000000000005,1.0,79.49635402261343,0.955847356849078,0.8791079224379128,0.9998476509236133,62.74964949484893,0.24264496437735705,0.7374283261580574,0.01992670946458556,0.8699540649904365,18.48285634446292,True,True,71.51714365553708,False,False
mid_3_8,-5.001,-4.605,0.4,-0.31266769500845043,0.5227894289388868,0.33427263581244004,0.9717160191297679,85.60270567450381,0.3415251307444902,0.4920105573627557,0.16646431189275415,0.6442476099556956,89.25887287700824,False,False,0.741127122991756,False,False
mid_3_8,-4.961,-4.565,0.4,0.04498410804338282,0.6678177345467058,0.41733329407605513,0.8973790770806127,62.2766060498714,0.3276459837262652,0.4665006715238761,0.2058533447498587,0.4209031424098549,133.7742605499431,False,False,43.77426054994311,False,False
mid_3_8,-4.921,-4.525,0.4,0.39762551212305514,0.7075327261129256,0.45982307091208713,0.8441125363462045,55.01715443036699,0.3656576559395279,0.4116078687672393,0.22273447529323273,0.413665825292688,152.82088628550807,False,False,62.82088628550807,False,False
mid_3_8,-4.881,-4.485,0.4,-0.04178873546247271,0.7974170616018497,0.5789798461335021,0.8426081189352064,55.96742359592637,0.3620561528906436,0.4026236713111884,0.23532017579816802,0.5502250091625444,179.14268469981093,False,False,89.14268469981093,False,False
mid_3_8,-4.841,-4.445,0.4,0.04934522062000324,0.7487819006192128,0.5189223299728599,0.8712455030353597,60.16499513269909,0.35571233636309635,0.4300298419588107,0.21425782167809299,0.4422586825700238,171.40738221382523,False,False,81.40738221382523,False,False
mid_3_8,-4.801,-4.405,0.4,-0.31768699813056384,0.6695432234114336,0.43402014661423594,0.9137917208709785,57.71041112426336,0.36559707809870945,0.41990315211711965,0.21449976978417093,0.4393396729377719,151.062842360895,False,False,61.06284236089499,False,False
mid_3_8,-4.761,-4.365,0.4,0.6642224685207103,0.4351811711963953,0.29154224827541847,0.9493207969828917,69.86419388171302,0.39751338077086484,0.42889368420906837,0.17359293502006679,0.3532483192026328,98.42309711685462,False,False,8.42309711685462,False,False
mid_3_8,-4.721,-4.325,0.4,1.2086782472265292,0.5085491959001422,0.31833782876600797,0.9973450588880848,40.807280488524256,0.44088826297840744,0.4149487208588229,0.14416301616276958,0.5873646587696083,107.19332783608215,False,False,17.193327836082148,False,False
mid_3_8,-4.681,-4.285,0.4,0.7752913881793009,0.506180356718203,0.32629189548194204,0.9974981378654612,36.3921569291133,0.45582066215540396,0.41120954646897717,0.1329697913756189,0.5999858595495594,104.618663854965,False,False,14.618663854965007,False,False
mid_3_8,-4.641,-4.245,0.4,0.939783314816638,0.6559377900970887,0.41592429489111765,0.9994110485338271,31.897442308895364,0.5107592182331977,0.37034009759697145,0.11890068416983085,0.5587196974432664,124.17177833068855,False,False,34.171778330688554,False,False
mid_3_8,-4.601,-4.205,0.4,1.265371700722166,0.6546691012298567,0.4150575400113313,0.9875295800448807,21.785806895359876,0.5559282747165728,0.32582457247096863,0.11824715281245864,0.5597838118144692,114.70295121116008,False,False,24.702951211160084,False,False
mid_3_8,-4.561,-4.165,0.4,2.1713776766769834,0.6993835179507091,0.45143441060311207,0.7287267509380554,18.926819407348766,0.5739748041304202,0.2783185436079647,0.14770665226161506,0.6517691058699532,107.43648664156926,False,False,17.43648664156926,False,False
mid_3_8,-4.521000000000001,-4.125,0.4,3.097074827029686,0.7566968298770518,0.5293599805633016,0.20311696412127767,5.533110760119458,0.6699415395327782,0.2077945344762073,0.1222639259910145,0.5493100481087019,85.87186239184865,False,False,4.128137608151349,False,False
mid_3_8,-4.481,-4.085,0.4,2.8178802784053607,0.778125444463635,0.5648625254238594,0.27387261178124694,5.578939223371452,0.6860151511294768,0.1864202410173379,0.12756460785318546,0.7332204736742309,84.73027065309628,False,False,5.269729346903716,False,False
mid_3_8,-4.441000000000001,-4.045,0.4,1.0878921183190944,0.800069179609298,0.5972457667483551,0.5779736200669429,4.7470512007409065,0.7099876175515937,0.17439112874463616,0.1156212537037702,0.7139942260063297,82.62247720621451,False,False,7.377522793785488,False,False
mid_3_8,-4.401000000000001,-4.005000000000001,0.4,-0.4484998623988123,0.8164489665511336,0.6177910444529204,0.7387550235882617,4.327524596395234,0.7260474707443383,0.16911846790898047,0.10483406134668116,0.7081828282387188,81.66874400079392,False,False,8.331255999206078,False,False
mid_3_8,-4.361000000000001,-3.9650000000000003,0.4,-1.174636679468146,0.8405317160532013,0.654467755855148,0.16009196224223404,3.708403201110003,0.7537685990487597,0.13035561293911677,0.11587578801212346,0.7134505799365255,90.1641357312925,False,False,0.1641357312925038,False,False
mid_3_8,-4.321000000000001,-3.9250000000000003,0.4,-1.4350366498814624,0.8450054300324917,0.6594834854996388,0.8734714674404115,3.2326099410333593,0.7562995753031743,0.1045572590960882,0.13914316560073747,0.6766292897741051,80.02141800350594,False,False,9.978581996494057,False,False
mid_3_8,-4.281000000000001,-3.8850000000000002,0.4,-1.0361754756952586,0.8303260537976526,0.6382153068032713,0.6548817358047483,3.0507163800873736,0.7426514829989214,0.10084188249495923,0.15650663450611935,0.6402412022072138,82.16426689227713,False,False,7.835733107722874,False,False
mid_3_8,-4.2410000000000005,-3.8450000000000006,0.4,-0.41610363681205675,0.8212794111115033,0.6349701938015918,0.9119663027556689,7.3611345458955695,0.72487129486545,0.07357653208632321,0.20155217304822684,0.7239231170823168,60.66734039738612,False,False,29.33265960261388,False,False
mid_3_8,-4.2010000000000005,-3.8050000000000006,0.4,0.40625345834936544,0.7650840067970538,0.5624988679905251,0.6516800939975791,13.039538456111497,0.6566282682931971,0.0784156884510923,0.26495604325571054,0.7056543234004614,52.003503756833275,False,False,37.996496243166725,False,False
mid_3_8,-4.1610000000000005,-3.7650000000000006,0.4,0.6970528353844954,0.7881123612444998,0.5838577259302923,0.9761011237556165,10.792809783921866,0.6744289885477374,0.07060723054444822,0.25496378090781446,0.5595823988058968,14.811867919602138,False,False,75.18813208039786,False,False
mid_3_8,-4.121,-3.7250000000000005,0.4,1.3917450014282806,0.7324674794946013,0.5170579662228034,0.1784022680692564,19.342620355441344,0.6101004286553953,0.0685431148356627,0.3213564565089421,0.25314012513988293,25.252401648524632,False,False,64.74759835147538,False,False
mid_3_8,-4.081,-3.6850000000000005,0.4,0.39525528968408236,0.7419292948347228,0.5315041760483313,0.18637026579574573,20.019822331487646,0.6126563601712878,0.058499843588805715,0.32884379623990645,0.2615164667641907,-17.823136014391448,False,False,72.17686398560855,False,False
mid_3_8,-4.041,-3.6450000000000005,0.4,-0.22215935379092108,0.7020414238521855,0.4961949032104026,0.017368897129979667,26.05807724119281,0.5672488649715999,0.05430888750837044,0.3784422475200296,0.0737200022293989,-80.96214167094979,False,False,9.03785832905021,False,False
mid_3_8,-4.001,-3.6050000000000004,0.4,-1.4185040200621981,0.69862131698795,0.4924576951828102,0.0316123703836451,26.747081643753013,0.5620308895684919,0.05670590280829578,0.3812632076232123,0.08078746286360095,-66.42874303569161,False,False,23.57125696430839,False,False
mid_3_8,-3.9610000000000003,-3.5650000000000004,0.4,-1.3778816912005212,0.7258230085121053,0.5162078105907094,0.016295721552622232,28.335361712255494,0.5715740076211776,0.052795848250963485,0.37563014412785883,0.07414094501651228,-137.1616088864175,False,False,47.1616088864175,False,False
mid_3_8,-3.9210000000000003,-3.5250000000000004,0.4,-0.8715781097775451,0.7735615344512736,0.5637123154515612,0.03478749223768982,25.547781453929627,0.6084748457409997,0.05138852004138029,0.34013663421761997,0.07394739740162352,-81.98772959923619,False,False,8.01227040076381,False,False
mid_3_8,-3.8810000000000002,-3.4850000000000003,0.4,-0.2456156767334803,0.7887758599407341,0.5844909695824186,0.03206250351336163,19.420009877960087,0.65437102344171,0.04720607727228238,0.29842289928600757,0.09710881801837447,-86.02636250126595,False,False,3.9736374987340497,False,False
mid_3_8,-3.841,-3.4450000000000003,0.4,0.01309021527958558,0.7751051962755031,0.5559990873140815,0.31368110478948374,12.018095397530207,0.6710647642814901,0.07003558385776526,0.2588996518607446,0.18823904689936383,-27.485354991587094,False,False,62.514645008412906,False,False
mid_3_8,-3.801,-3.4050000000000002,0.4,-0.7390442958543996,0.7987564884335389,0.5800032870027998,0.9721817915831571,3.300608464730178,0.7060055431652719,0.09838800137046902,0.19560645546425914,0.13677738817327778,14.082117726042275,False,False,75.91788227395773,False,False
mid_3_8,-3.761,-3.365,0.4,-0.3861710685709256,0.7304927727066892,0.4987199295867168,0.2847750630294442,4.722567128721312,0.6499345925030255,0.13068974581379006,0.21937566168318443,0.07199948726245212,18.541316000407225,False,False,71.45868399959278,False,False
mid_3_8,-3.721,-3.325,0.4,-0.7450253785558396,0.5945569419755754,0.3751823146771353,0.129011108433613,14.826351614333015,0.5220132855791418,0.19235101634112853,0.2856356980797296,0.18022079465953572,-50.03249055724179,False,False,39.96750944275821,False,False
mid_3_8,-3.681,-3.285,0.4,-0.39912487660245693,0.5431234422080131,0.36005076660221746,0.13463360552739953,30.95907652569518,0.4652336541130233,0.186408414140746,0.3483579317462307,0.16390437386642576,-37.603321499336886,False,False,52.396678500663114,False,False
mid_3_8,-3.641,-3.245,0.4,0.27482439299507816,0.7010135731764773,0.48264628314625163,0.20839714795335906,29.697947454090468,0.5335593501914065,0.16707504539309037,0.29936560441550314,0.08466368364234649,66.07546725321332,False,False,23.92453274678668,False,False
mid_3_8,-3.6010000000000004,-3.205,0.4,0.44743555282300695,0.6357364529806766,0.41091404817171256,0.24738382441136622,29.11465754023762,0.5013965734057169,0.22516229685817124,0.2734411297361118,0.22735781942305594,80.8929900252399,False,False,9.107009974760103,False,False
mid_3_8,-3.5610000000000004,-3.165,0.4,-0.1142250705374339,0.6268537544656756,0.4008405118313316,0.3311386362843196,30.502210066410754,0.49170732467258493,0.2414956601781667,0.2667970151492483,0.24132922231124504,89.92069927392451,False,False,0.07930072607548766,False,False
mid_3_8,-3.5210000000000004,-3.1250000000000004,0.4,-0.6311240683542761,0.5965452402257747,0.3790881367792881,0.37034789847115374,31.064608364408603,0.4777366197552057,0.25991331176613225,0.26235006847866205,0.4315364215261365,89.73859003476618,False,False,0.261409965233824,False,False
mid_3_8,-3.4810000000000003,-3.0850000000000004,0.4,-0.9403823626593126,0.5652448094829459,0.3585655763772352,0.5032302325688249,49.06579398192604,0.4006589763733352,0.2980858880539983,0.3012551355726665,0.5986890138785855,88.72994633754027,False,False,1.2700536624597305,False,False
mid_3_8,-3.4410000000000003,-3.0450000000000004,0.4,-0.6686052396996716,0.6430583456909871,0.4083476706288626,0.49292930690821035,50.372273214768455,0.384517960412111,0.28219620479385055,0.3332858347940384,0.49706181623153034,98.82748594846656,False,False,8.82748594846656,False,False
mid_3_8,-3.4010000000000002,-3.0050000000000003,0.4,-0.15337631510281527,0.6843084041171151,0.4428247765883265,0.4963511058720766,57.17886648799476,0.3514907397715145,0.2623913743565057,0.38611788587197976,0.46896767986365834,104.68444871951526,False,False,14.68444871951526,False,False
mid_3_8,-3.3610000000000007,-2.9650000000000003,0.4,-0.06393891131986681,0.6517701387806364,0.4127580879236198,0.5026253758157221,56.227905866998384,0.3607712660746505,0.26641881044171245,0.37280992348363706,0.46101828205427436,101.28754593551938,False,False,11.287545935519375,False,False
mid_3_8,-3.3210000000000006,-2.9250000000000003,0.4,-0.6863334699400138,0.6463483263093227,0.4176841369431276,0.513623165253946,51.307731140229336,0.40426937298369053,0.2459743904605031,0.34975623655580634,0.32803743483268183,107.48041568201026,False,False,17.48041568201026,False,False
mid_3_8,-3.2810000000000006,-2.8850000000000002,0.4,-0.861196434582894,0.681057273474209,0.452139517913212,0.5277079956156263,41.7623817088092,0.458428927229402,0.2569991615013615,0.28457191126923653,0.2840443439873006,118.0923792745456,False,False,28.092379274545607,False,False
mid_3_8,-3.2410000000000005,-2.845,0.4,-0.7226200999381759,0.6273325680978025,0.40062742795695455,0.5866581285729914,58.08344309043486,0.35967672674074835,0.3110890243240409,0.32923424893521075,0.1081081742271991,-148.0152008111907,False,False,58.01520081119071,False,False
mid_3_8,-3.2010000000000005,-2.805,0.4,-0.8002879216114557,0.6637703156108002,0.4242490664699492,0.5605867628762621,59.482243752643335,0.35998094448544743,0.26658538833167,0.3734336671828827,0.34644393692857245,-114.02298221015653,False,False,24.022982210156528,False,False
mid_3_8,-3.1610000000000005,-2.765,0.4,-1.1346420905886132,0.6163969603675377,0.3815872642529074,0.49276116546021054,66.13798723166796,0.3417243575691651,0.24846995853372747,0.40980568389710736,0.4363699217348548,-95.5256203420341,False,False,5.525620342034102,False,False
mid_3_8,-3.1210000000000004,-2.7250000000000005,0.4,-1.1158262279316118,0.6130166372786499,0.3855151925374865,0.5071255147077364,69.31483855033552,0.3420024636571331,0.2424201961843391,0.4155773401585277,0.5576324844291077,-93.92917787282622,False,False,3.929177872826216,False,False
mid_3_8,-3.0810000000000004,-2.6850000000000005,0.4,-0.9316299886621363,0.6133795908231203,0.4030229850129791,0.550377981492266,75.42111934336629,0.3535947692558456,0.2450083488124885,0.40139688193166584,0.5327053544953645,-90.32065789000269,False,False,0.3206578900026926,False,False
mid_3_8,-3.0410000000000004,-2.6450000000000005,0.4,-0.5250491039584794,0.49412330412518113,0.2846037837663446,0.6781283628446089,84.95654413524962,0.3172550334960543,0.33414432283389534,0.3486006436700503,0.4392190435343434,-79.05805880849258,False,False,10.941941191507425,False,False
mid_3_8,-3.0010000000000003,-2.6050000000000004,0.4,-0.6473647720065141,0.3137092743287352,0.19273543017605757,0.9664626866467961,54.611989731500984,0.37773097989429677,0.37567828655707086,0.24659073354863245,0.488179075181163,-79.2304995940343,False,False,10.769500405965701,False,False
mid_3_8,-2.9610000000000003,-2.5650000000000004,0.4,-0.2894393337509804,0.38072207760925614,0.21404044774358735,0.9999761048329561,87.04957961294103,0.34373243043356677,0.4509581053455259,0.20530946422090732,0.47747110273485127,-88.54882374569968,False,False,1.4511762543003215,False,False
mid_3_8,-2.9210000000000003,-2.5250000000000004,0.4,0.044698413322836195,0.4841528884632741,0.24465337001229737,0.9898693532811186,68.56745005295109,0.31077166669378187,0.4560398571045222,0.23318847620169583,0.3707631915098159,-120.9051482728641,False,False,30.905148272864096,False,False
mid_3_8,-2.8810000000000002,-2.4850000000000003,0.4,0.6065223229648583,0.4694066888053432,0.2436989477885734,0.9971315643520786,48.551820402571636,0.3682887772442465,0.38904358202727146,0.24266764072848201,0.3003973104943967,-159.13207565632325,False,False,69.13207565632325,False,False
mid_3_8,-2.841,-2.4450000000000003,0.4,1.3750840294087894,0.5193189941661658,0.270423521799699,0.9969073071544426,17.746330134619487,0.48641517610420243,0.30064987195014614,0.21293495194565135,0.18177367533737757,-164.54109103433802,False,False,74.54109103433802,False,False
mid_3_8,-2.801,-2.4050000000000002,0.4,0.7181328952533367,0.5600572264314605,0.30223930525765574,0.9314665046965398,13.67367532752828,0.5127520843424461,0.2654133410648542,0.22183457459269956,0.1722242661575415,-160.5480762718198,False,False,70.54807627181981,False,False
mid_3_8,-2.761,-2.365,0.4,0.24253374183290327,0.5322430516542811,0.28804996743172573,0.8948839663178111,11.263991669110373,0.5050291930230054,0.2672404484337575,0.22773035854323706,0.13423801468335309,-167.31747791045692,False,False,77.31747791045692,False,False
mid_3_8,-2.7210000000000005,-2.325,0.4,-0.3979203095191149,0.5314686962498392,0.2864356062724167,0.997808063596664,17.577227113974867,0.49443035502706195,0.2670264917389649,0.23854315323397313,0.22783999082412545,-163.26309893803742,False,False,73.26309893803742,False,False
mid_3_8,-2.6810000000000005,-2.285,0.4,1.418632380638129,0.7251738446952576,0.46908329510479607,0.8982473988541485,22.5293957660653,0.5752178615550748,0.22289711801707676,0.20188502042784834,0.4660709110087802,-154.5531586288,False,False,64.55315862879999,False,False
mid_3_8,-2.6410000000000005,-2.2450000000000006,0.4,2.0484134279730783,0.7952812861898079,0.5689851648864186,0.9657705719325634,22.458556419850606,0.628492471534863,0.1865537333267983,0.18495379513833876,0.5999912493037641,-172.10385926672546,False,False,82.10385926672546,False,False
mid_3_8,-2.6010000000000004,-2.2050000000000005,0.4,2.331235529239944,0.8327066313958766,0.6283246464772478,0.9476514736204195,24.138689881542874,0.6425685272338514,0.1866006158945978,0.17083085687155086,0.6651411546537013,176.8002557765947,False,False,86.8002557765947,False,False
mid_3_8,-2.5610000000000004,-2.1650000000000005,0.4,1.8119997388806184,0.8665826947511654,0.6907973644331047,0.9769614125556901,19.129943679640114,0.7135637878078793,0.1366064272360252,0.14982978495609547,0.7171322199536075,165.9092912361672,False,False,75.9092912361672,False,False
mid_3_8,-2.5210000000000004,-2.1250000000000004,0.4,1.8736419009853895,0.8488086100216279,0.656917043514132,0.9884178984156871,18.702803831268632,0.7008641440190772,0.1636614574636562,0.1354743985172667,0.6505063199127747,153.24143900559105,False,False,63.24143900559105,False,False
mid_3_8,-2.4810000000000003,-2.0850000000000004,0.4,1.0522663573514786,0.8361930706660142,0.6367664528219898,0.9645050388145815,18.0831230504109,0.6973214663477446,0.18021937581215183,0.12245915784010357,0.596420954956557,145.07375061083127,False,False,55.07375061083127,False,False
mid_3_8,-2.4410000000000003,-2.0450000000000004,0.4,1.2259186607454966,0.7595289769073816,0.5415210405980712,0.9809636727675276,20.39891069982029,0.6149543314681205,0.22112946559287514,0.1639162029390043,0.5597711884609096,139.4924363592836,False,False,49.4924363592836,False,False
mid_3_8,-2.4010000000000002,-2.0050000000000003,0.4,1.161058258484858,0.7228587616770856,0.5070969440817868,0.9382228768153754,24.92458647507055,0.5737807437283227,0.23744910322925467,0.18877015304242276,0.5544005799134288,138.9547924515449,False,False,48.954792451544904,False,False
mid_3_8,-2.361,-1.9650000000000003,0.4,0.45456676552706965,0.7254885334752472,0.5100164864280392,0.9180078508952041,27.455357494254226,0.5623201340913753,0.24335284644295954,0.19432701946566527,0.5652774577244383,141.50086158525062,False,False,51.50086158525062,False,False
mid_3_8,-2.321,-1.9250000000000003,0.4,0.1644502477091074,0.7173960368089316,0.5100003765101877,0.9229644805141295,27.89250948334076,0.5594842372689651,0.24928068291732278,0.1912350798137121,0.5748972288950216,138.2308543122039,False,False,48.23085431220389,False,False
mid_3_8,-2.281,-1.8850000000000002,0.4,-1.2276281337985475,0.6222265495402111,0.44709356669252914,0.9550121023070713,30.037701155003017,0.5010258994000928,0.2772064826418371,0.22176761795807015,0.637787814063362,124.2132145593655,False,False,34.2132145593655,False,False
mid_3_8,-2.2410000000000005,-1.8450000000000002,0.4,-1.3535297469050505,0.5337337009312777,0.3957271429737663,0.8125511079318634,51.30970355902419,0.450826639049948,0.2927463744019567,0.2564269865480952,0.6352501831249723,111.60337847562775,False,False,21.60337847562775,False,False
mid_3_8,-2.2010000000000005,-1.8050000000000002,0.4,-1.3311000001794573,0.46317865951394954,0.3538265897386469,0.7293108251080581,83.120707046646,0.4147301223537165,0.29721677709545957,0.28805310055082406,0.5600471578558355,101.22920613212682,False,False,11.22920613212682,False,False
mid_3_8,-2.1610000000000005,-1.7650000000000001,0.4,-0.6547375297879671,0.7048862619503866,0.4447127576353598,0.7663222778608806,87.07541140447557,0.20649026351776992,0.4347168510634806,0.3587928854187494,0.4600468288888964,79.35867364266024,False,False,10.641326357339764,False,False
mid_3_8,-2.1210000000000004,-1.7250000000000005,0.4,0.33123604587917777,0.6314588018611151,0.37372909172641083,0.8415387697543929,88.03201566716122,0.1710790969675032,0.47898867918736,0.3499322238451367,0.3628508199586743,82.18906259500966,False,False,7.810937404990341,False,False
mid_3_8,-2.0810000000000004,-1.6850000000000005,0.4,0.05840925709512826,0.6597229247906742,0.43741212923970485,0.8563913394361619,88.8491579324399,0.09209282408514598,0.5201838393832567,0.3877233365315973,0.12321052889362187,65.45639061585653,False,False,24.543609384143465,False,False
mid_3_8,-2.0410000000000004,-1.6450000000000005,0.4,-0.3727296987468678,0.6257771196396913,0.4282021664112705,0.9716871112059168,84.7907626931692,0.08706819251447695,0.5574830579137254,0.3554487495717977,0.1696820673653956,153.36058739272426,False,False,63.360587392724256,False,False
mid_3_8,-2.0010000000000003,-1.6050000000000004,0.4,-1.2351726944870718,0.6766282469306286,0.4591008569327125,0.9926027033953451,85.80109873009242,0.09853261151176274,0.5984314221237833,0.3030359663644539,0.1847317549084328,-173.42410709285625,False,False,83.42410709285625,False,False
mid_3_8,-1.9610000000000003,-1.5650000000000004,0.4,-1.0785368489638676,0.7715381045015632,0.5417159599102497,0.9391619741165081,87.29611155166624,0.09643155072006732,0.6297506328041866,0.273817816475746,0.19100698222443344,-134.04392619215895,False,False,44.04392619215895,False,False
mid_3_8,-1.9210000000000003,-1.5250000000000004,0.4,-0.81425858116738,0.7863579563363738,0.5579907162812133,0.9502339136657568,88.42234746705105,0.10410085081980007,0.656912840918277,0.23898630826192288,0.2464466046136354,-68.92406220893237,False,False,21.07593779106763,False,False
mid_3_8,-1.8810000000000002,-1.4850000000000003,0.4,-0.2220484264552451,0.7995573986108211,0.5801993855866198,0.9921850312189695,84.1848621655996,0.10556847444984013,0.6963060813590609,0.19812544419109895,0.3225946556756939,-40.43247488402859,False,False,49.56752511597141,False,False
mid_3_8,-1.8410000000000002,-1.4450000000000003,0.4,-0.0122834780836692,0.7826991219067664,0.5540416199973134,0.9987395736135378,88.40275090978294,0.1150777639161095,0.6960452484934371,0.18887698759045335,0.10692732049498606,-55.294561697619265,False,False,34.705438302380735,False,False
mid_3_8,-1.8010000000000002,-1.4050000000000002,0.4,0.049750482366092814,0.7956213667744962,0.5748567098851893,0.9988801546425304,89.18681070119705,0.10393015561200143,0.7060515210614943,0.1900183233265043,0.04593200212792579,126.12355219798489,False,False,36.12355219798489,False,False
mid_3_8,-1.7610000000000001,-1.3650000000000002,0.4,0.10629928696446982,0.7758918856485594,0.5413771975594515,0.9969629392493354,81.28112639337918,0.15019301084479858,0.6748498979764649,0.17495709117873653,0.43920248109664145,124.7049208021966,False,False,34.7049208021966,False,False
mid_3_8,-1.7210000000000005,-1.3250000000000002,0.4,1.0022104990810188,0.671173635611149,0.4075115841951468,0.9979528574226008,85.58107424392023,0.24104149063463123,0.5882780253947515,0.17068048397061733,0.4809578089846301,81.43744308494948,False,False,8.562556915050521,False,False
mid_3_8,-1.6810000000000005,-1.2850000000000001,0.4,2.0301481280064015,0.5788911078112464,0.36530838727218196,0.9697639060044476,50.55246758223912,0.4057790536016409,0.453214047580408,0.14100689881795114,0.5467600594688744,65.80183351204211,False,False,24.19816648795789,False,False
mid_3_8,-1.6410000000000005,-1.2450000000000006,0.4,2.6694181061806717,0.6560725468240772,0.4080413812507649,0.9883402178921538,43.52606795200358,0.43703346175375757,0.4243805025650002,0.1385860356812422,0.6025666068352448,51.95158321032261,False,False,38.04841678967739,False,False
mid_3_8,-1.6010000000000004,-1.2050000000000005,0.4,2.882095271730295,0.7258520116844501,0.47991528208734663,0.9815753264210297,42.89061934373549,0.45077265334623623,0.41869096762191893,0.13053637903184476,0.5870311192280764,37.90035769673159,False,False,52.09964230326841,False,False
mid_3_8,-1.5610000000000004,-1.1650000000000005,0.4,0.9402237515568826,0.7403097246603456,0.4957224534985742,0.9817065752773257,41.97207132679173,0.45735845230027283,0.4102286404174094,0.13241290728231778,0.6222774458006929,37.36027683777744,False,False,52.63972316222256,False,False
mid_3_8,-1.5210000000000004,-1.1250000000000004,0.4,0.08147436716849166,0.74256851279184,0.4972473504466553,0.9731474358953638,40.080477393471355,0.4705147008984659,0.39275920290652766,0.13672609619500647,0.6240434042605292,37.51883627075571,False,False,52.48116372924429,False,False
mid_3_8,-1.4810000000000003,-1.0850000000000004,0.4,-0.2756063360877259,0.7370142599415215,0.4883841879078574,0.965891618823565,34.7269269919954,0.5127833777479769,0.3436483791962693,0.14356824305575383,0.6264590621665399,40.9993532577822,False,False,49.0006467422178,False,False
mid_3_8,-1.4410000000000003,-1.0450000000000004,0.4,-0.27535798543396367,0.7584071479185053,0.5134107284759621,0.9640033663386294,33.747202211406396,0.5253494679946656,0.3235512438484992,0.15109928815683513,0.6534731242268954,37.262669060056034,False,False,52.737330939943966,False,False
mid_3_8,-1.4010000000000002,-1.0050000000000003,0.4,0.36882800291970796,0.7352155056147267,0.48614154705281704,0.9780918983933153,29.425349483107613,0.5457070605090194,0.2970477910508099,0.15724514844017076,0.6537442417919832,43.8048041400233,False,False,46.1951958599767,False,False
mid_3_8,-1.3610000000000002,-0.9650000000000007,0.4,0.21167856585593808,0.7725097671945993,0.5319450612176679,0.98594547906685,29.919663053132272,0.5564732964237711,0.2793442568890889,0.16418244668714,0.7347617587960732,39.04077512241125,False,False,50.95922487758875,False,False
mid_3_8,-1.3210000000000002,-0.9250000000000007,0.4,0.4137987547698832,0.7610526311257222,0.515721766517636,0.998402378598201,23.60689354097937,0.5941458680941486,0.23913560326730268,0.16671852863854872,0.6559611122408463,39.355366867499065,False,False,50.644633132500935,False,False
mid_3_8,-1.2810000000000001,-0.8850000000000007,0.4,-0.004705592540485048,0.7186019152863315,0.46202607556872927,0.9033236753564917,26.379502446842412,0.5467235912079601,0.2651644353127596,0.18811197347928035,0.5952810691107002,43.320934541950095,False,False,46.679065458049905,False,False
mid_3_8,-1.2410000000000005,-0.8450000000000006,0.4,-0.5089457036135587,0.6688170436212151,0.41072865730889785,0.7349982199373004,21.241712501480457,0.5465522197764737,0.26598530478554044,0.18746247543798594,0.49975858163863734,59.004206372575894,False,False,30.995793627424106,False,False
mid_3_8,-1.2010000000000005,-0.8050000000000006,0.4,-0.1710955593373207,0.6137369899272367,0.396319659939931,0.1679492631325266,23.89557449937472,0.48660999547598716,0.3334650387646098,0.17992496575940295,0.40412354214529517,86.35419827520941,False,False,3.645801724790587,False,False
mid_3_8,-1.1610000000000005,-0.7650000000000006,0.4,-0.09636799081678224,0.5990631206982506,0.4080014347975905,0.3785821827366246,25.898444458373486,0.46871509135427547,0.3652797443209561,0.16600516432476844,0.3419944047190089,103.7506753334256,False,False,13.750675333425605,False,False
mid_3_8,-1.1210000000000004,-0.7250000000000005,0.4,0.6617739450388741,0.5548726998531281,0.4167895030317193,0.923205919482382,50.391086479077714,0.38788957399717006,0.46654933514168845,0.14556109086114136,0.34583542847250764,114.76567832402966,False,False,24.765678324029665,False,False
mid_3_8,-1.0810000000000004,-0.6850000000000005,0.4,0.6824910800537952,0.5841235581734103,0.40707296911554475,0.9882198380712699,72.48029669854553,0.3246478627022543,0.5281525320556083,0.14719960524213732,0.2352748500428467,120.70391580023036,False,False,30.703915800230362,False,False
mid_3_8,-1.0410000000000004,-0.6450000000000005,0.4,0.819646145909551,0.6450479912794993,0.43462899734198795,0.9997044384460895,87.44583855677118,0.2919717386421537,0.5828487343620172,0.12517952699582915,0.3261115671324056,94.55469978040469,False,False,4.55469978040469,False,False
mid_3_8,-1.0010000000000003,-0.6050000000000004,0.4,1.860739979290712,0.5088513204528415,0.3482950896038585,0.9979670441820472,88.77879438186731,0.38179442629562194,0.5006808149785724,0.11752475872580566,0.3739725421425651,90.34465147994597,False,False,0.34465147994596634,False,False
mid_3_8,-0.9610000000000003,-0.5650000000000004,0.4,1.8115522505992714,0.47299592769386845,0.3201781794862676,0.9886541846262451,89.2707241320851,0.3775588269097086,0.4782470161043309,0.14419415698596053,0.38372866148654966,88.01764294796376,False,False,1.9823570520362352,False,False
mid_3_8,-0.9210000000000003,-0.5250000000000004,0.4,1.151288205263975,0.4849859759943268,0.3480502064515392,0.9897142804725573,88.12164356732109,0.3711570340433381,0.4840855655177492,0.1447574004389127,0.38733518709943415,86.98815937318624,False,False,3.0118406268137647,False,False
mid_3_8,-0.8810000000000002,-0.4850000000000003,0.4,0.1391254228646065,0.48791882033297607,0.3361579897637825,0.9952909399967277,84.34284767603418,0.3610925245378194,0.48698730716301325,0.15192016829916735,0.3163064698416481,80.81414600640346,False,False,9.185853993596538,False,False
mid_3_8,-0.8410000000000002,-0.4450000000000003,0.4,-0.4567218575578107,0.4421114951083468,0.31827447775828105,0.9999558516570995,81.91985787525356,0.35818483115670613,0.4687350963641694,0.17308007247912444,0.3038076546222754,82.9397470902727,False,False,7.060252909727296,False,False
mid_3_8,-0.8010000000000002,-0.40500000000000025,0.4,-0.813616999213065,0.40576009398768487,0.3062152687779656,0.020178520322492094,24.795627158520055,0.39912710498896214,0.410748666693113,0.19012422831792486,0.3639271426960368,86.15816035939199,False,False,3.841839640608015,False,False
mid_3_8,-0.7610000000000001,-0.3650000000000002,0.4,-0.9424810377112574,0.48466319652737444,0.3438127088771501,0.06296586758331174,25.27176295291055,0.42258697892354824,0.3887545343207615,0.18865848675569027,0.4471339381889478,82.40021176725826,False,False,7.599788232741744,False,False
mid_3_8,-0.7210000000000001,-0.3250000000000002,0.4,-0.3167597683844592,0.6757268227960633,0.45407825053069234,0.03492663536022992,26.029853805477476,0.5117779599858396,0.2753497274450479,0.21287231256911257,0.5368713139647032,78.85230881578738,False,False,11.147691184212619,False,False
mid_3_8,-0.681,-0.28500000000000014,0.4,-0.49529946873306174,0.7064519662474599,0.48076533071692956,0.07496830280314432,25.705306862587893,0.5289403670022422,0.2605531142171764,0.21050651878058135,0.43995837020038314,83.82941763520292,False,False,6.1705823647970846,False,False
mid_3_8,-0.641,-0.2450000000000001,0.4,-0.09208512290352555,0.7580977626938108,0.5143889529665102,0.10104981375616928,31.12026627026114,0.5480361224979714,0.14289010813251077,0.30907376936951786,0.4354319074733309,94.67072068135677,False,False,4.670720681356769,False,False
mid_3_8,-0.601,-0.20500000000000007,0.4,0.04423034623052804,0.6070529460591914,0.3474448098329176,0.029984612494409802,36.97200812951255,0.45913695659353343,0.17369758926442408,0.36716545414204244,0.10372704304374922,-108.28287701411571,False,False,18.282877014115712,False,False
mid_3_8,-0.5609999999999999,-0.16500000000000004,0.4,0.49380469655276854,0.5791850227906952,0.3742204907124109,0.12373531444406971,28.61844664860576,0.5054819047685222,0.1674731021905261,0.32704499304095175,0.3188572302950003,-138.50849702439052,False,False,48.50849702439052,False,False
mid_3_8,-0.5209999999999999,-0.125,0.4,0.6868951058757675,0.6798521900804314,0.46352894907382225,0.3493526933824275,25.81289753627202,0.5243655436231913,0.13775766976348935,0.3378767866133194,0.6500400553493234,-127.14526343779067,False,False,37.145263437790675,False,False
mid_3_8,-0.48100000000000076,-0.08499999999999996,0.4,1.1144373255905504,0.6963838862134266,0.49014919393742495,0.7798476680138876,16.48793117190344,0.5878595386564733,0.10221328878561245,0.30992717255791424,0.5713871501051239,-153.11595788052153,False,False,63.115957880521535,False,False
mid_3_8,-0.4410000000000007,-0.04499999999999993,0.4,1.6950836708009498,0.7557851606318904,0.5325728835781273,0.7033713471085901,17.006689648445843,0.620596901734621,0.09885952384697097,0.28054357441840794,0.4994990997415476,-168.5360116848705,False,False,78.53601168487049,False,False
mid_3_8,-0.4010000000000007,-0.004999999999999893,0.4,1.1909791098483504,0.6560210208088118,0.4142644041980873,0.7857928132794857,13.955622064211248,0.5681748817162332,0.15159451364718646,0.2802306046365803,0.2758524282469406,169.80274418428627,False,False,79.80274418428627,False,False
mid_3_8,-0.36100000000000065,0.034999999999999254,0.4,0.7805061297686388,0.6365386333638915,0.39410572774619307,0.8844456887678577,11.445776376710793,0.5623757993397799,0.16483455162333216,0.27278964903688796,0.3199118819092653,139.5163391638903,False,False,49.51633916389031,False,False
mid_3_8,-0.3210000000000006,0.07499999999999929,0.4,0.04012283337651717,0.5732036587384411,0.326910761608487,0.9917868945579175,10.641058434960518,0.5261594498601909,0.2086341057597525,0.2652064443800565,0.34713031720145865,123.21722411140401,False,False,33.21722411140401,False,False
mid_3_8,-0.2810000000000006,0.11499999999999932,0.4,-0.40315801110278326,0.597626187337357,0.3424367688267495,0.8796500671485906,11.905264582681014,0.537031805135839,0.20354958035553208,0.25941861450862896,0.4265294303354033,119.32588813334932,False,False,29.325888133349324,False,False
mid_3_8,-0.24100000000000055,0.15499999999999936,0.4,-0.7682218239167862,0.6653221967617096,0.41561224927028884,0.9629318780377404,12.134035253677283,0.5770337233412861,0.23472480612267352,0.18824147053604043,0.44943230937107115,120.15441161186905,False,False,30.15441161186905,False,False
mid_3_8,-0.2010000000000005,0.1949999999999994,0.4,-0.7326940249463626,0.606766267603191,0.35635047319929414,0.9667960937233977,11.605261299071191,0.546015844431899,0.2647088144690334,0.1892753410990676,0.4437796316105479,111.29933387937326,False,False,21.299333879373265,False,False
mid_3_8,-0.16100000000000048,0.23499999999999943,0.4,-0.5727156663541968,0.5654794508097454,0.3248882006105132,0.6780749529866091,6.9957122125636175,0.5353424887581811,0.24422965540603012,0.2204278558357888,0.5711175973693803,95.55008969154899,False,False,5.55008969154899,False,False
mid_3_8,-0.12100000000000044,0.27499999999999947,0.4,-0.10769685426335203,0.5669557494309965,0.3275992387949372,0.2633076291050334,4.0635851629278195,0.539887623335995,0.2554521590898736,0.2046602175741313,0.555544672476855,90.09016967602436,False,False,0.09016967602435955,False,False
mid_3_8,-0.0810000000000004,0.3149999999999995,0.4,-0.023082266530137115,0.49219212385328925,0.300449430923783,0.8941497918719482,7.174511814875077,0.49214005408385736,0.3115574759085869,0.19630247000755577,0.718985263054913,84.928643845301,False,False,5.071356154699004,False,False
mid_3_8,-0.04100000000000037,0.35499999999999954,0.4,-0.30240816894719813,0.4792246720488289,0.2668976798628566,0.9875231359297253,25.49548813468018,0.45727419729994495,0.35475819086102706,0.18796761183902796,0.6657002174074514,76.73248133446005,False,False,13.267518665539953,False,False
mid_3_8,-0.001000000000000334,0.3949999999999996,0.4,-0.6993900719992792,0.5228798024685763,0.31405696381518533,0.704884798127117,11.085709814176047,0.502344669840488,0.324121520443355,0.17353380971615687,0.6255871407215954,85.60905680287843,False,False,4.390943197121572,False,False
mid_3_8,0.0389999999999997,0.4349999999999996,0.4,-1.0969971488816306,0.48812698410012323,0.2877749619107243,0.7288747187256441,15.984946036619766,0.4805322046520844,0.31157966775364815,0.2078881275942675,0.47852655040152653,83.88385604580263,False,False,6.116143954197369,False,False
mid_3_8,0.07899999999999974,0.47499999999999964,0.4,-1.3619974934023429,0.5079123807517756,0.30460699289064275,0.3691103670294998,9.151106760826565,0.4989890151662046,0.26952412769727563,0.23148685713651973,0.46250125190729247,98.62340685803476,False,False,8.623406858034755,False,False
mid_3_8,0.11899999999999977,0.5149999999999997,0.4,-1.4912851994482388,0.521135619751042,0.2895411088300115,0.28719135342937036,19.155430782293337,0.47941044458055654,0.27372468560219265,0.24686486981725092,0.528878148759198,89.04570284987042,False,False,0.9542971501295767,False,False
mid_3_8,0.1589999999999998,0.5549999999999997,0.4,-1.0596803089317905,0.6234957837495154,0.36234853174599685,0.24579279661926184,25.786947379097796,0.5075850167509101,0.21647019620178448,0.2759447870473055,0.31680621649913815,82.34123540206298,False,False,7.658764597937022,False,False
mid_3_8,0.19899999999999984,0.5949999999999998,0.4,-0.49681818127452754,0.6839561621566059,0.42195449135869206,0.33250128846921306,19.27586475950903,0.5823866403298986,0.17356718368342208,0.24404617598667935,0.3732479049782569,118.59281344597954,False,False,28.592813445979544,False,False
mid_3_8,0.23899999999999988,0.6349999999999998,0.4,0.6983562094031028,0.8021927652894436,0.574998091535364,0.7388040259211603,17.012404874411228,0.6640995279702135,0.17301090517050668,0.16288956685927974,0.4687061056224162,138.32108766664098,False,False,48.32108766664098,False,False
mid_3_8,0.2789999999999999,0.6749999999999998,0.4,0.8712063808307804,0.7924429737660053,0.5624657097960581,0.8239980651319142,18.808297004342876,0.6607171117214438,0.1832877165516603,0.1559951717268959,0.45229197972988794,157.8591037789444,False,False,67.85910377894439,False,False
mid_3_8,0.31899999999999995,0.7149999999999999,0.4,0.9193539332586109,0.8172629341211936,0.6017393362861464,0.815568589092035,16.9843323608981,0.6797684495444136,0.1688103125071658,0.15142123794842066,0.4257951150288908,-171.2378064837337,False,False,81.23780648373369,False,False
mid_3_8,0.359,0.7549999999999999,0.4,-0.03242190521724286,0.8775817991619462,0.7059446885781284,0.932941580945153,19.032540418798906,0.7262051655760454,0.14665377456155732,0.12714105986239735,0.6674721619675956,-161.93379699311674,False,False,71.93379699311674,False,False
mid_3_8,0.399,0.7949999999999999,0.4,-0.13746157452166227,0.8764358969599482,0.7042916409231434,0.9498141997396325,18.5830474238729,0.7220978647090577,0.14146913729280156,0.13643299799814074,0.6702960516124652,-164.73395220201306,False,False,74.73395220201306,False,False
mid_3_8,0.43900000000000006,0.835,0.4,-0.7844123415609734,0.8925555135851541,0.7353376737849123,0.9050973069663694,18.621652190734007,0.7442228043498369,0.14286519473966416,0.11291200091049884,0.6452271085526124,-167.3703826590147,False,False,77.3703826590147,False,False
mid_3_8,0.4790000000000001,0.875,0.4,-0.4214001262580253,0.8290820410237887,0.6243923953178161,0.9182462950614342,19.42959487977609,0.6763969242290314,0.22166003259027664,0.10194304318069199,0.44798662273110623,-170.31846617746754,False,False,80.31846617746754,False,False
mid_3_8,0.5189999999999992,0.915,0.4,-0.12657542207718797,0.7900447726880173,0.5761704046948409,0.905446510189833,18.313368715982353,0.6398502274492136,0.250585845455791,0.1095639270949955,0.3641331010319777,-172.3652988287151,False,False,82.36529882871511,False,False
mid_3_8,0.5589999999999993,0.9550000000000001,0.4,0.11416993077193696,0.7150822949314131,0.5071586138475813,0.9719448419065575,19.729639181458463,0.5912049565916455,0.32249607055428425,0.0862989728540703,0.3103378645495388,-146.99043470991288,False,False,56.990434709912876,False,False
mid_3_8,0.5989999999999993,0.9950000000000001,0.4,0.49881216171022497,0.5628068012206786,0.4358323934116629,0.6096509517352319,11.949548995176784,0.5129534233505333,0.4064115805008595,0.08063499614860724,0.0161525259331523,-102.7869162896442,False,False,12.786916289644196,False,False
mid_3_8,0.6389999999999993,1.0349999999999993,0.4,0.3930799179925568,0.5776900493947454,0.43245870510784307,0.9623958296861408,55.98191210018222,0.44134381445663573,0.47417783572786903,0.08447834981549529,0.22392418255841096,-54.417312936997824,False,False,35.582687063002176,False,False
mid_3_8,0.6789999999999994,1.0749999999999993,0.4,-0.01609599470701024,0.7281036015018112,0.5062675131397925,0.9853394858455552,71.01821773081788,0.32493576583794076,0.5912264187001259,0.08383781546193332,0.2413517464794367,2.7815244990712067,False,False,87.21847550092879,False,False
mid_3_8,0.7189999999999994,1.1149999999999993,0.4,0.013168742482535621,0.7858313681708584,0.5671286010885068,0.9859904623737691,72.16839164064662,0.2671449420207186,0.6475383498059111,0.08531670817337027,0.32111636456860915,3.818566498099512,False,False,86.18143350190049,False,False
mid_3_8,0.7589999999999995,1.1549999999999994,0.4,-0.16161785786861027,0.8696488553057156,0.6901318339028419,0.9904115089021842,72.73803255922739,0.18255262951956575,0.7129580402005735,0.10448933027986078,0.5358892577604164,1.0492297515511178,False,False,88.95077024844888,False,False
mid_3_8,0.7989999999999995,1.1949999999999994,0.4,-0.5273284812370905,0.836847904212052,0.6352916502602003,0.9823529670379034,68.65642304460816,0.21272467333531017,0.6581817735682255,0.1290935530964644,0.5362285464517084,-0.9695387213214035,False,False,89.0304612786786,False,False
mid_3_8,0.8389999999999995,1.2349999999999994,0.4,0.04816354822966758,0.8084098194740634,0.5904850231385511,0.9824121167842436,65.68939463561429,0.2647976420887247,0.608411990484637,0.12679036742663835,0.5197203199391516,-20.547778106067472,False,False,69.45222189393253,False,False
mid_3_8,0.8789999999999996,1.2749999999999995,0.4,1.644020326283323,0.5244920219148361,0.3964910685610501,0.9965606673615102,70.70396369451208,0.3472450289323447,0.5036542562428942,0.14910071482476117,0.18530615233382036,54.838254863682224,False,False,35.161745136317776,False,False
mid_3_8,0.9189999999999996,1.3149999999999995,0.4,1.9694414722681381,0.5157900770193768,0.38385503677857685,0.9940854001063671,63.25055269481838,0.3864818735797744,0.4660368072973952,0.1474813191228304,0.26393739273180095,52.389085437811815,False,False,37.610914562188185,False,False
mid_3_8,0.9589999999999996,1.3549999999999995,0.4,2.3679447235843742,0.4270746438234184,0.3360657855535945,0.8077551173979101,74.54957858355452,0.3659235342987853,0.3850394286676281,0.2490370370335866,0.4731873691079438,74.15586200382316,False,False,15.84413799617684,False,False
mid_3_8,0.9989999999999997,1.3949999999999996,0.4,2.441756000248225,0.49726040438331454,0.3452995344339334,0.4353664474421004,23.20579151230267,0.4684187862176402,0.2774281200167061,0.25415309376565376,0.4640442596552425,86.61203283837571,False,False,3.387967161624289,False,False
mid_3_8,1.0389999999999997,1.4349999999999996,0.4,2.2680843639109116,0.5359106287869262,0.3612670749604745,0.5554157921549189,42.01623204525011,0.4427152790017077,0.27472563464071303,0.28255908635757926,0.5658043531801464,91.46816956837161,False,False,1.4681695683716072,False,False
mid_3_8,1.0789999999999997,1.4749999999999996,0.4,1.615213198140016,0.5224542952250122,0.37323861555930143,0.39809050492401044,31.405219947393363,0.46924531663970076,0.23899255095266556,0.2917621324076337,0.6255090557522635,84.15488469294996,False,False,5.845115307050037,False,False
mid_3_8,1.1189999999999998,1.5149999999999997,0.4,1.6310412507316523,0.4311356668113895,0.31010376022036834,0.3190043899582909,28.636142373102235,0.4297288938785796,0.28911199031021445,0.2811591158112059,0.4120697208436842,75.52349643638897,False,False,14.476503563611033,False,False
mid_3_8,1.1589999999999998,1.5549999999999997,0.4,1.72469506729299,0.4091862591595352,0.28793843143193937,0.3216484152712468,12.84807195113218,0.4427179213602489,0.2934276932334631,0.26385438540628803,0.28867869850404454,67.07778206146767,False,False,22.922217938532327,False,False
mid_3_8,1.1989999999999998,1.5949999999999998,0.4,1.6852862846264534,0.4309388719454126,0.2944604363775132,0.9898422974349982,21.881787582237752,0.4479036722175998,0.3131216589936139,0.23897466878878626,0.24485308933192898,53.511023253990466,False,False,36.488976746009534,False,False
mid_3_8,1.2389999999999999,1.6349999999999998,0.4,0.4915985638998684,0.4355437002243031,0.2917415557101479,0.9565070751417329,32.85641479875382,0.4448708104389933,0.3180886563967023,0.23704053316430448,0.2082968336384858,31.650963726140887,False,False,58.34903627385911,False,False
mid_3_8,1.279,1.6749999999999998,0.4,-0.2592163633234512,0.5726362196975481,0.32968890943416,0.946058049352188,36.82429959839128,0.43786102606748417,0.3165051714990396,0.24563380243347624,0.3794282575525171,9.828503272847868,False,False,80.17149672715213,False,False
mid_3_8,1.319,1.7149999999999999,0.4,-0.5328418708037622,0.5082879563903961,0.26391800276685845,0.9460945780336287,32.04287127820441,0.44042256458214674,0.31340345986604184,0.24617397555181128,0.27705137169679245,-13.17107497717665,False,False,76.82892502282336,False,False
mid_3_8,1.359,1.755,0.4,0.5393130838254581,0.6015812531687226,0.3651204764579816,0.9829684656068219,37.005286047686695,0.46101368532971204,0.3842460075429007,0.15474030712738718,0.2883791164080733,-15.0396195609924,False,False,74.9603804390076,False,False
mid_3_8,1.399,1.795,0.4,3.2472107937846912,0.6659594448058525,0.44108469025228925,0.9974364530980082,84.79813959591316,0.29001818231273513,0.6021793452398256,0.10780247244743928,0.16649082436958362,69.68329004903234,False,False,20.316709950967663,False,False
mid_3_8,1.439,1.835,0.4,3.6422891754682554,0.7099073251384808,0.519717875527875,0.9960454631135025,84.94603390304192,0.31353146693665807,0.6258908778111592,0.0605776552521828,0.243154798937264,74.30069725465906,False,False,15.699302745340944,False,False
mid_3_8,1.479,1.875,0.4,4.518048986849781,0.8039497783269264,0.5994367787546442,0.9998258063293517,84.26545393602214,0.23069806221216074,0.7125899013765785,0.056712036411260824,0.3753733939884793,109.01276604471957,True,True,19.01276604471957,False,False
mid_3_8,1.5189999999999992,1.915,0.4,5.868350502938529,0.8422339389853761,0.6539053274853912,0.9944871876308721,72.00006852163983,0.23982348861959565,0.707281548556964,0.05289496282344026,0.6501131301948776,129.2776518837868,True,True,39.2776518837868,False,False
mid_3_8,1.5589999999999993,1.955,0.4,5.655267959642292,0.8543204131077806,0.6671271037984569,0.9972106056198359,68.48980583291944,0.22636718602033956,0.7092189337164889,0.0644138802631716,0.6544650598739289,141.40868069415816,True,True,51.408680694158164,False,False
mid_3_8,1.5989999999999993,1.995,0.4,5.764237786852344,0.887648791872256,0.7264134444323816,0.9866657282394214,64.24281614069344,0.24635877688530225,0.6720589233760295,0.08158229973866826,0.71630371278934,155.0272667819395,True,True,65.02726678193949,False,False
mid_3_8,1.6389999999999993,2.0349999999999993,0.4,8.968647132674006,0.9291381764763669,0.814561428406355,0.9915528478764224,69.1760625441313,0.17765726333446166,0.7628748669554902,0.05946786971004806,0.7079086761210647,178.3976605209324,True,True,88.39766052093239,False,False
mid_3_8,1.6789999999999994,2.0749999999999993,0.4,9.256208988528572,0.9133716707040422,0.7796164057860364,0.9930284958267616,69.83839079115562,0.1684493952160829,0.7571050509767449,0.07444555380717213,0.6860770765082381,-174.7836636776505,True,True,84.78366367765051,False,False
mid_3_8,1.7189999999999994,2.1149999999999993,0.4,6.410156608422675,0.90726918656581,0.7682544219549463,0.9843212240980915,67.75325078979374,0.1900001706406415,0.7198153596948883,0.09018446966447032,0.6858478387326176,-175.4564060769763,True,True,85.4564060769763,False,False
mid_3_8,1.7589999999999995,2.1549999999999994,0.4,4.3054235252250646,0.9008077158154003,0.7551409283992153,0.9828705851085505,65.5494962580608,0.2212096251753085,0.6872023973397181,0.0915879774849733,0.681524415000735,-174.48109150796856,True,True,84.48109150796856,False,False
mid_3_8,1.7989999999999995,2.1949999999999994,0.4,5.877121189853533,0.8661375572379935,0.6914568787156863,0.9904754576189959,68.29007437767595,0.20824681239882467,0.6907730050545924,0.10098018254658299,0.6812208925349135,-150.72388735913867,True,True,60.72388735913867,False,False
mid_3_8,1.8389999999999995,2.2349999999999994,0.4,9.26642793935946,0.8063763131789541,0.6065775282467247,0.9982094639319945,78.96391622935481,0.19787533102999835,0.7160259629335619,0.08609870603643971,0.409845743108315,-128.7065553682122,True,True,38.70655536821221,False,False
mid_3_8,1.8789999999999996,2.2749999999999995,0.4,11.189732281274626,0.7909952662386642,0.5843674225912179,0.9999343763264145,77.09296240864732,0.23943961234721609,0.6833933120729699,0.07716707557981399,0.604906679833553,-114.65496882268219,True,True,24.654968822682193,False,False
mid_3_8,1.9189999999999996,2.3149999999999995,0.4,15.394534497190486,0.8649083429667566,0.6916506394844281,0.9992710190264184,88.14526792188089,0.16143457786004176,0.7860345207315172,0.05253090140844095,0.7227267419100998,-96.0563146464462,True,True,6.0563146464461965,True,False
mid_3_8,1.9589999999999996,2.3549999999999995,0.4,15.696547922790606,0.8675948138455756,0.6959623242353088,0.9999495434726654,88.74986879946891,0.15041440284202795,0.8021935331742609,0.04739206398371117,0.6601362525744705,-88.48040922589308,True,True,1.5195907741069163,True,False
mid_3_8,1.9989999999999997,2.3949999999999996,0.4,12.145386666091227,0.8788404257205777,0.7157019836226874,0.9999980523209698,89.95165035018111,0.14601882167697994,0.8088705077556572,0.04511067056736293,0.7084375671152565,-89.38977278887732,True,True,0.6102272111226767,True,False
mid_3_8,2.0389999999999997,2.4349999999999996,0.4,5.675252195296549,0.8802382790873039,0.717192550304308,0.9994439788606019,87.12758652884553,0.15349323846388005,0.7979952469397997,0.04851151459632019,0.792184671788018,-83.35847885160672,True,True,6.641521148393281,True,False
mid_3_8,2.0789999999999997,2.4749999999999996,0.4,8.00521744397214,0.8941292855739896,0.7444556925017013,0.999414704465034,86.03612592399867,0.14133956003260165,0.8210244639828327,0.037635975984565584,0.7206766307186083,-80.21480390794747,True,True,9.78519609205253,True,False
mid_3_8,2.1189999999999998,2.5149999999999997,0.4,10.245361691432937,0.9057478638890191,0.7660734089702853,0.9999069329375038,83.35665299914928,0.12959063172732266,0.8371153211362071,0.033294047136470245,0.7929325311481636,-71.62300067275517,True,True,18.37699932724483,True,False
mid_3_8,2.159,2.5549999999999997,0.4,9.542027294204322,0.9095535622072825,0.7727423307056115,0.9999492267826195,83.59846570034249,0.12265709014618442,0.8348125142367999,0.042530395617015715,0.9243327319872419,-72.28941901466528,True,True,17.710580985334715,True,False
mid_3_8,2.199,2.5949999999999998,0.4,13.853940466561799,0.9351832288003785,0.829074967996597,0.9987186331515515,84.21708042238845,0.0984250947155124,0.8671764839327625,0.03439842135172512,0.7599095775046194,-69.0398959229124,True,True,20.960104077087607,False,False
mid_3_8,2.239,2.635,0.4,18.513014036077656,0.9418479407462136,0.8449155754827328,0.9912004881641311,85.16113920675087,0.073169919614581,0.8826367159583183,0.04419336442710075,0.7200029423216237,-70.98810473963867,True,True,19.011895260361328,False,False
mid_3_8,2.279,2.675,0.4,19.667329424759362,0.9464991231596418,0.8563853625482928,0.9941016249005861,87.27748354057071,0.060028501036357415,0.8903473320929663,0.049624166870676265,0.7820174371317585,-76.64159168391316,True,True,13.358408316086837,False,False
mid_3_8,2.319,2.715,0.4,22.85830751093457,0.9593383048770591,0.887991665031776,0.990508319773003,87.38115557312535,0.048093353512643884,0.9057892285123951,0.046117417974961064,0.7095457000273535,-77.15557985434957,True,True,12.844420145650432,False,False
mid_3_8,2.359,2.755,0.4,22.677904757311904,0.9535845864699274,0.8737339595066469,0.9887895578621584,87.94421362325667,0.0439235901024195,0.9016589270305644,0.05441748286701611,0.7644210253139829,-81.3011900534033,True,True,8.698809946596697,False,False
mid_3_8,2.399,2.795,0.4,16.402210918161494,0.9462878838346062,0.8571081971903021,0.9928608783319314,88.5474996978548,0.03958404289676068,0.8925298262212701,0.06788613088196914,0.8206743186380506,-82.65919730530676,True,True,7.340802694693238,False,False
mid_3_8,2.439,2.835,0.4,15.67841719517522,0.9536098705191368,0.8743676091557137,0.9959847087001662,87.7429483476379,0.033546974719396536,0.9027159824198602,0.06373704286074339,0.7847641218395703,-76.2952102660097,True,True,13.704789733990296,False,False
mid_3_8,2.479,2.875,0.4,26.018204638770996,0.9552286643803404,0.8784862230637359,0.9859338346747878,85.83408948016162,0.03137447998586306,0.8935555807806773,0.07506993923345967,0.6678690596426792,-59.30623955379546,True,True,30.693760446204543,False,False
mid_3_8,2.5189999999999992,2.915,0.4,25.796516353818753,0.9442751420534815,0.8525755949420014,0.9858074628289606,87.00292740917499,0.02598205103847105,0.880077941509845,0.093940007451684,0.7414407543590888,-67.81890659980795,True,True,22.181093400192054,False,False
mid_3_8,2.5589999999999993,2.955,0.4,22.340715248734067,0.9543791549498173,0.8765404138124866,0.991347163868123,89.83571075688093,0.025368084377482444,0.8943944787867669,0.08023743683575052,0.6234268525503627,-87.01380472022957,True,True,2.9861952797704276,False,False
mid_3_8,2.5989999999999993,2.995,0.4,20.67731545629497,0.9547322424118405,0.8773816697709526,0.9898614006623514,89.03549261492054,0.026798545295809037,0.8929478145261409,0.08025364017805003,0.7059276069399443,-84.72924287992248,True,True,5.270757120077519,False,False
mid_3_8,2.6389999999999993,3.0349999999999993,0.4,21.871340820376744,0.9252209808343632,0.8087398145087666,0.9889786396196283,87.31836776455604,0.056280250073041556,0.8563678930704356,0.08735185685652283,0.5058189773860141,-74.90245766495791,True,True,15.097542335042093,False,False
mid_3_8,2.6789999999999994,3.075,0.4,18.796143315499453,0.8953363094293467,0.7478424683255473,0.9902420930539624,88.58536379350367,0.10276534958008195,0.8050694274344133,0.09216522298550474,0.35654206290743895,-81.24622516528878,True,True,8.753774834711223,False,False
mid_3_8,2.7189999999999994,3.1149999999999993,0.4,20.09220770971227,0.8791689564288723,0.7180621451454736,0.9854945577732529,87.44422621687077,0.12112029941755323,0.7742299565529511,0.10464974402949555,0.6767024370305538,-86.18117157065352,True,True,3.818828429346482,True,False
mid_3_8,2.7589999999999995,3.1550000000000002,0.4,19.84601166978935,0.8309446948604078,0.6448228419606564,0.9861850938028826,86.98307669478413,0.14153015232655702,0.7334521330495674,0.12501771462387554,0.6748410339761854,-87.13441227906927,True,True,2.8655877209307334,True,False
mid_3_8,2.7989999999999995,3.1949999999999994,0.4,25.20002140111052,0.8602501420298924,0.6907371633373184,0.9948286180981115,88.29262806820716,0.1273808762366648,0.7693803472677202,0.10323877649561501,0.5838857062797708,-98.90751973664302,True,True,8.907519736643025,False,False
mid_3_8,2.8389999999999995,3.2350000000000003,0.4,24.264637522984717,0.8422083710039494,0.6595507931377969,0.9880365665685844,87.41585147498002,0.14005408913625397,0.7453470014481421,0.11459890941560386,0.5258381119494181,-104.257066244076,True,True,14.257066244076,False,False
mid_3_8,2.8789999999999996,3.2749999999999995,0.4,30.92239245190589,0.848622554263571,0.6614976404700966,0.9999652860669467,89.11098994007332,0.1382492382313916,0.7701895830594044,0.091561178709204,0.4312236107808254,-95.00732504510967,True,True,5.007325045109667,False,False
mid_3_8,2.9189999999999996,3.3150000000000004,0.4,41.99930257222311,0.9109298113049858,0.7777449990957296,0.9999524331310097,88.74841743285461,0.1006774241823037,0.8458354897294106,0.05348708608828562,0.3001911306794653,-78.27735179492977,True,True,11.722648205070229,False,False
mid_3_8,2.9589999999999996,3.3549999999999995,0.4,41.31592729676255,0.9074731296992037,0.7705201760143862,0.999998691076298,86.75396439592643,0.10201495187292824,0.842481867735992,0.055503180391079716,0.22829645834254653,-50.054777534916404,True,True,39.945222465083596,False,False
mid_3_8,2.9989999999999997,3.3950000000000005,0.4,38.48713117239575,0.9275445051991256,0.8130271798810715,0.9998259308280062,83.91244118704893,0.09201475455678364,0.8637853496146112,0.044199895828605104,0.35093305072906544,-32.40208280925449,True,True,57.59791719074551,False,False
mid_3_8,3.038999999999999,3.4349999999999996,0.4,43.48143929923132,0.9423313582785167,0.8462089094153044,0.9990897728413418,82.0276958849848,0.08773432563280087,0.8785771701412521,0.03368850422594688,0.4747105296971594,-29.77309575015702,True,True,60.22690424984298,False,False
high_8_20,-5.001,-4.805000000000001,0.2,-0.24587270225562682,0.819639400094132,0.6026475814288202,0.9960216605472602,80.04641367384781,0.14484778305060506,0.7095902489207502,0.14556196802864474,0.3354387867741254,168.83344518890533,False,False,78.83344518890533,False,False
high_8_20,-4.981000000000001,-4.785,0.2,0.22883472433702104,0.7970602004572054,0.5682843609761301,0.9990706667647535,75.43433449233044,0.186817455494638,0.6741030312404004,0.13907951326496168,0.4116558210910248,-160.60996298709213,False,False,70.60996298709213,False,False
high_8_20,-4.961,-4.765000000000001,0.2,-0.7328637837936982,0.8271724867320002,0.6184224250109092,0.9992664954195376,73.05021471967409,0.18008085481755862,0.6804552911650019,0.13946385401743944,0.530769341489388,-163.2257022135707,False,False,73.22570221357071,False,False
high_8_20,-4.941000000000001,-4.745,0.2,-0.25284288418415046,0.7752284653454847,0.5541740863992342,0.9995448019613651,71.22432880069667,0.208360725069658,0.6278073421825684,0.16383193274777363,0.470131012028074,-164.12105567161043,False,False,74.12105567161043,False,False
high_8_20,-4.921,-4.7250000000000005,0.2,-0.3024739923653961,0.7611486582382079,0.5564936856497845,0.9993759717941233,72.9320115053459,0.23798684272380288,0.6315244609021968,0.1304886963740002,0.38761459890540945,-154.0636900318171,False,False,64.06369003181709,False,False
high_8_20,-4.901000000000001,-4.705,0.2,0.2997623032251523,0.6573500152370215,0.48714681569213575,0.997611164281212,70.19096445631276,0.2633233292513766,0.5532445260565975,0.183432144692026,0.279883981450899,-176.55477325209986,False,False,86.55477325209986,False,False
high_8_20,-4.881,-4.6850000000000005,0.2,-0.5903221936996007,0.6335325238625524,0.4609162039997627,0.9339190046456118,56.5333792680022,0.30377762200034747,0.49112092709790134,0.20510145090175114,0.311171437046766,-171.3689983690973,False,False,81.36899836909731,False,False
high_8_20,-4.861000000000001,-4.665,0.2,-0.11665387880584908,0.5776999007804644,0.41420094262950546,0.8433502562592664,46.56972767695145,0.31317743790183805,0.4036351145018507,0.2831874475963112,0.4056216117437136,-172.10266385579968,False,False,82.10266385579968,False,False
high_8_20,-4.841,-4.6450000000000005,0.2,-0.307430555693309,0.5542444028558895,0.4236085260045653,0.6874570094600446,41.664000585291795,0.32070779380310394,0.3659909563850508,0.31330124981184526,0.42594019226632,-178.5565744159047,False,False,88.55657441590469,False,False
high_8_20,-4.821000000000001,-4.625,0.2,-0.30459808672913463,0.5377194766603991,0.4157128502767729,0.34244088340816253,57.88107938146245,0.29799310312803334,0.34990771589648395,0.35209918097548276,0.28083166597958864,-173.11849727189536,False,False,83.11849727189536,False,False
high_8_20,-4.801,-4.605,0.2,0.7124204387626746,0.6799858945327849,0.48186452538905267,0.6201779337150165,72.93979619413014,0.23820142346148912,0.3839486418833044,0.3778499346552065,0.23732154678077458,122.9139995168505,False,False,32.913999516850495,False,False
high_8_20,-4.781000000000001,-4.585,0.2,0.44333758186625766,0.7751507507469679,0.5621902778641862,0.6711462066231801,80.5044740573406,0.1865413394226489,0.3952200026920665,0.41823865788528464,0.1405005725201953,112.55929415372432,False,False,22.559294153724323,False,False
high_8_20,-4.761,-4.565,0.2,1.1696803880644018,0.8315560800857151,0.6336822426667751,0.6505814075108861,85.38631662209858,0.16004984992262375,0.3778183070347556,0.4621318430426206,0.16136792133025893,124.11500198072171,False,False,34.115001980721715,False,False
high_8_20,-4.7410000000000005,-4.545,0.2,1.0540483987226106,0.8661902731406372,0.6864659353674075,0.6709932916773558,87.74023609964617,0.1391477438998035,0.3923270604468656,0.46852519565333084,0.15188557014142975,-150.80939605012577,False,False,60.80939605012577,False,False
high_8_20,-4.721,-4.525,0.2,-0.5994237276023335,0.898701003714746,0.7474574230607055,0.6569506947820141,84.69302052946801,0.10388692854228816,0.3969521509361736,0.4991609205215382,0.2592749630443784,-161.01778715456302,False,False,71.01778715456302,False,False
high_8_20,-4.7010000000000005,-4.505000000000001,0.2,-1.108840460852314,0.9218434111507209,0.7988438860561523,0.6960554534773365,81.55681304989352,0.08204618262661564,0.4494894872275987,0.46846433014578565,0.34240290989423355,-156.8748922359938,False,False,66.8748922359938,False,False
high_8_20,-4.681,-4.485,0.2,-1.9958745344411475,0.9127871591990535,0.7798689045341314,0.7041874602078512,81.02750412992,0.09549171522830815,0.45631780729070204,0.44819047748098984,0.3016550770404908,-152.40678830677473,False,False,62.40678830677473,False,False
high_8_20,-4.6610000000000005,-4.465,0.2,-0.7249259316792407,0.9085695851149805,0.7705125337470222,0.7138992538315437,82.16830338886349,0.1033777826564581,0.458969769601149,0.43765244774239287,0.40771903457261927,-125.25060729612919,False,False,35.25060729612919,False,False
high_8_20,-4.641,-4.445,0.2,0.007347728944410846,0.8709527402141541,0.6935642273033595,0.6839828751422907,83.24426312398555,0.1345290460908296,0.40616393611328966,0.4593070177958806,0.3798775380538527,-124.25626607164843,False,False,34.256266071648426,False,False
high_8_20,-4.621,-4.425000000000001,0.2,0.8907110199438539,0.851278371360524,0.6571816332513011,0.5837437446062234,79.20364666852937,0.1548935633970394,0.322716630187292,0.5223898064156686,0.5835941201965505,-116.91609630212075,False,False,26.91609630212075,False,False
high_8_20,-4.601,-4.405,0.2,0.3954268455291319,0.8136996430495576,0.594426372015596,0.4956470854384364,74.10134950189946,0.17650922323103085,0.2753981686336201,0.5480926081353491,0.5412691683136818,-143.88980186238925,False,False,53.88980186238925,False,False
high_8_20,-4.581,-4.385000000000001,0.2,0.24636952664197528,0.7597086068697646,0.5133613541447514,0.4171620200538045,69.82772137284827,0.2288886110248734,0.23928170596585382,0.5318296830092727,0.38783142041464314,-134.90068091654794,False,False,44.90068091654794,False,False
high_8_20,-4.561,-4.365,0.2,-0.5249440863908855,0.6497276182314573,0.3838576348814224,0.25336687055898194,63.85723137752365,0.2758799676613389,0.23492571992048672,0.4891943124181744,0.10689999188016228,135.65100089354752,False,False,45.65100089354752,False,False
high_8_20,-4.541,-4.345000000000001,0.2,-1.375366742256373,0.6098011371405676,0.3467088801343297,0.2235078856342777,67.51434209765311,0.2642849829198169,0.24792876945365488,0.48778624762652817,0.04711710202008267,89.15421948430608,False,False,0.8457805156939173,False,False
high_8_20,-4.521000000000001,-4.325,0.2,-1.5569079124555376,0.5287365416544023,0.2762342768719908,0.28277345668085396,58.295355451084525,0.33240993738171926,0.24526558889386058,0.4223244737244201,0.07740871395588421,146.74809537437793,False,False,56.748095374377925,False,False
high_8_20,-4.501,-4.305000000000001,0.2,-0.7522840303411181,0.4973755251104798,0.2517703000250078,0.38449115024280733,60.41214512145236,0.3217016134896273,0.2736366696637519,0.4046617168466209,0.2851859856499635,105.12688223245287,False,False,15.126882232452871,False,False
high_8_20,-4.481,-4.285,0.2,-0.7075749242380072,0.5424634429721906,0.28345977193186456,0.4333186644399039,63.24967653990425,0.2971027452726336,0.28379525772899034,0.41910199699837614,0.3948446223668066,116.31407878442332,False,False,26.314078784423316,False,False
high_8_20,-4.461,-4.265000000000001,0.2,-0.5271626326598511,0.44110212425808293,0.21862546804281577,0.3779791135040811,58.25053521131209,0.30017881652658845,0.3107021441534817,0.3891190393199299,0.5098356852370733,109.78048899667108,False,False,19.78048899667108,False,False
high_8_20,-4.441000000000001,-4.245,0.2,-0.12245894357186007,0.5800859237759439,0.3537655103414074,0.5383973880002175,53.83594841338266,0.2807398898679899,0.35695677905511697,0.3623033310768931,0.44769418323600285,124.9832058520258,False,False,34.983205852025804,False,False
high_8_20,-4.421,-4.2250000000000005,0.2,-0.3195740207023767,0.4407865585337414,0.2979848716315468,0.8072113328738713,56.57029583148106,0.27437481949750786,0.42253050301830575,0.3030946774841864,0.4117092701466098,115.31144332140835,False,False,25.311443321408348,False,False
high_8_20,-4.401000000000001,-4.205,0.2,-0.2814965918723041,0.5082406100468575,0.294122042827011,0.6813479416738719,62.28456167878832,0.2743515579905172,0.3918692111906869,0.3337792308187959,0.2035363026732577,120.16257731830139,False,False,30.162577318301388,False,False
high_8_20,-4.381,-4.1850000000000005,0.2,0.14097308095616887,0.5313021180570558,0.30707837733766996,0.564054734390182,59.71988333763904,0.27784008437364455,0.365726205631216,0.35643370999513946,0.16698347341835285,126.86263258639937,False,False,36.86263258639937,False,False
high_8_20,-4.361000000000001,-4.165,0.2,0.2807281579611514,0.5099323517973444,0.2779856721343621,0.4294103360605228,60.454524435822435,0.2634050451692304,0.3298773982982872,0.4067175565324825,0.25268634233050913,142.86789816979447,False,False,52.86789816979447,False,False
high_8_20,-4.341,-4.1450000000000005,0.2,0.6021571468253306,0.43495529455652393,0.2096374816442914,0.3538333558732251,50.509736508283765,0.33532075391010224,0.30219962843001674,0.36247961765988107,0.23228820051309446,119.71089693670065,False,False,29.71089693670065,False,False
high_8_20,-4.321000000000001,-4.125,0.2,0.4662824623142223,0.44118248363270984,0.23103146085684734,0.23500861189607164,61.628316046509916,0.2679979667940852,0.3310252741567179,0.40097675904919683,0.2719271017116941,81.93403368199974,False,False,8.065966318000264,False,False
high_8_20,-4.301,-4.105,0.2,0.19409708828942124,0.48554193159180814,0.24868649416161207,0.2304372892274323,64.64565800604056,0.26276315662782623,0.2986750592851769,0.43856178408699686,0.18676616664874898,63.37701827614342,False,False,26.622981723856583,False,False
high_8_20,-4.281000000000001,-4.085,0.2,0.14159052855944837,0.59189858978479,0.32963075901682815,0.1753083387801697,60.75867951146264,0.2832790184350319,0.2578903734730904,0.45883060809187765,0.19186551208534008,51.98887969142523,False,False,38.01112030857477,False,False
high_8_20,-4.261,-4.065,0.2,-0.34364096495161156,0.6365911159071718,0.37350610884185487,0.1748969590278967,59.52543738008108,0.2993711415718568,0.22523012436730502,0.47539873406083816,0.2379920326359695,26.979705952801407,False,False,63.02029404719859,False,False
high_8_20,-4.2410000000000005,-4.045,0.2,-0.4980660336017465,0.6130363012088516,0.35181746825146537,0.3429199996740837,59.441405579328645,0.2929477552794046,0.2544513365512159,0.45260090816937953,0.3154230830455291,17.778696324313735,False,False,72.22130367568627,False,False
high_8_20,-4.221,-4.025,0.2,-1.0511003627091569,0.5943608203713662,0.33531563767611944,0.38491479311779586,56.97864868047699,0.30488817005024516,0.26698806070532904,0.42812376924442574,0.3368546264413744,22.205728359960165,False,False,67.79427164003984,False,False
high_8_20,-4.2010000000000005,-4.005000000000001,0.2,0.24341064169032328,0.6968949501487443,0.43523590165439396,0.6243320394060389,61.82938650885078,0.28012378535855614,0.3330538764743158,0.38682233816712813,0.43494297715229446,40.00631720849583,False,False,49.99368279150417,False,False
high_8_20,-4.181,-3.9850000000000003,0.2,0.47186843506730325,0.7342344048603575,0.48023341117204116,0.7088033462704598,69.343411192496,0.22562599261197544,0.3907360289464663,0.3836379784415583,0.4409500298438242,31.53298174786369,False,False,58.46701825213631,False,False
high_8_20,-4.1610000000000005,-3.9650000000000003,0.2,0.08948645142220679,0.7616899039593064,0.5174523356002314,0.7776356862102932,70.48613420049787,0.2072179150309317,0.44613158549266285,0.34665049947640536,0.4648431067432918,29.49602079385604,False,False,60.50397920614396,False,False
high_8_20,-4.141,-3.9450000000000003,0.2,-0.1650064419583388,0.8046942625805552,0.5948952506982661,0.7976499931787773,74.14601578090016,0.1184324808888226,0.5137130147739098,0.3678545043372675,0.4657384701104241,6.1001435411098415,False,False,83.89985645889016,False,False
high_8_20,-4.121,-3.9250000000000003,0.2,-1.323638779556552,0.7315793576307053,0.5145305461447516,0.8522976526666354,76.16452212241073,0.10915851653176056,0.5319716689172186,0.3588698145510208,0.4134551941161437,4.96653880653914,False,False,85.03346119346087,False,False
high_8_20,-4.101,-3.9050000000000002,0.2,-0.3165757974723882,0.7764136061975464,0.5672221208969782,0.8052500142177369,75.22565683309034,0.10146011986143902,0.5198191397997848,0.3787207403387762,0.4602545032223395,21.03231884882494,False,False,68.96768115117506,False,False
high_8_20,-4.081,-3.8850000000000002,0.2,0.2840506805524489,0.7973356536936953,0.5996092865275452,0.8507303111244449,78.3073144338159,0.061093016889740274,0.5670755256023823,0.3718314575078775,0.6603174392286563,25.117177656778964,False,False,64.88282234322104,False,False
high_8_20,-4.061,-3.865,0.2,0.1785844064192779,0.84369319741243,0.6628487081743496,0.8349250579976971,78.50055505317515,0.05458857769148908,0.5775446893445348,0.36786673296397604,0.8397019517729203,36.93638344391965,False,False,53.06361655608035,False,False
high_8_20,-4.041,-3.8450000000000006,0.2,-0.09701803909771985,0.8202345437050079,0.6271185847093271,0.8341919274901555,77.03699843266469,0.0731699036737992,0.5504348961422485,0.3763952001839523,0.8593515213793356,34.11459582793027,False,False,55.88540417206973,False,False
high_8_20,-4.021000000000001,-3.825,0.2,-0.9717933256085735,0.7899945067444025,0.5889274175727487,0.8495786097847461,76.79719753006177,0.0757182539960857,0.5495033096517479,0.3747784363521664,0.8288515770092675,33.810067485371924,False,False,56.189932514628076,False,False
high_8_20,-4.001,-3.8050000000000006,0.2,-0.03858967305126852,0.5834694233221892,0.4551603326104555,0.9309749639720949,75.98668321323444,0.06892823192395338,0.5069380740715573,0.4241336940044892,0.646106615701126,22.57389423184697,False,False,67.42610576815304,False,False
high_8_20,-3.9810000000000003,-3.785,0.2,0.8603473814985315,0.44464358147140914,0.3313096683685983,0.8935668925038406,86.63141137219714,0.12072122121757459,0.45135523465762206,0.4279235441248034,0.2841635717888721,57.59639383680288,False,False,32.40360616319712,False,False
high_8_20,-3.9610000000000003,-3.7650000000000006,0.2,2.300735099881811,0.5680994259536287,0.33558626175638334,0.2639840641756941,78.41828271296082,0.17756470545415326,0.3278905352195965,0.4945447593262502,0.03471039393549427,147.98118331926685,False,False,57.98118331926685,False,False
high_8_20,-3.9410000000000003,-3.745,0.2,2.983572043285598,0.5377280908245005,0.3005736238420611,0.059614136381130944,83.62475324572985,0.2030095781504369,0.2804481870571073,0.516542234792456,0.23179251141165605,154.67974328633642,False,False,64.67974328633642,False,False
high_8_20,-3.9210000000000003,-3.7250000000000005,0.2,3.6006977226773484,0.5825711572244039,0.3356460063848024,0.07047000450408902,64.38734320263646,0.28828209114731496,0.2286001207720874,0.48311778808059763,0.375640672552039,132.34892912677753,False,False,42.348929126777534,False,False
high_8_20,-3.9010000000000002,-3.705,0.2,2.6082825565034735,0.5461328353566426,0.3156328626258325,0.09754130931982957,60.322074035769305,0.3127529558901756,0.2272818325091239,0.4599652116007004,0.4343594330318125,132.12318639422946,False,False,42.123186394229464,False,False
high_8_20,-3.8810000000000002,-3.6850000000000005,0.2,1.4157047038616217,0.5013252284107649,0.27440879323103934,0.09571627486303166,51.15942468848708,0.3656720446735896,0.21717754864759334,0.417150406678817,0.4597914614639663,114.4768413939472,False,False,24.476841393947197,False,False
high_8_20,-3.8610000000000007,-3.665,0.2,0.2564779224665047,0.5057211324631985,0.2750818504815383,0.23385878439946672,51.71752660032109,0.3725927398871429,0.20541829439779208,0.4219889657150651,0.3817110710080084,121.90023386224716,False,False,31.900233862247163,False,False
high_8_20,-3.841,-3.6450000000000005,0.2,-0.00953080637532492,0.5006575664552435,0.28367451119204684,0.2343293969585672,57.09827112046054,0.3647746285476444,0.19313835562073745,0.4420870158316182,0.38302031453632623,127.25867484091563,False,False,37.25867484091563,False,False
high_8_20,-3.8210000000000006,-3.6250000000000004,0.2,0.31926545657442296,0.4958058889824736,0.28192535511399236,0.24344320045135018,60.91075065138853,0.35571553658310934,0.19505725093856785,0.44922721247832276,0.3615568317715961,130.0558764080226,False,False,40.05587640802261,False,False
high_8_20,-3.801,-3.6050000000000004,0.2,-0.3652410506996814,0.47002214280645715,0.28614640495589894,0.1275615893848728,61.63889581528365,0.37154140882504033,0.17550061804739392,0.4529579731275657,0.3902876994221116,128.24721092274964,False,False,38.247210922749645,False,False
high_8_20,-3.7810000000000006,-3.5850000000000004,0.2,-0.5878832877953978,0.5217390964991817,0.2998897900718879,0.15952236256104513,59.440428055055904,0.36510956200185546,0.17319582327031785,0.46169461472782675,0.3638838762716903,116.01231009060818,False,False,26.01231009060818,False,False
high_8_20,-3.761,-3.5650000000000004,0.2,-0.8856522941062085,0.3626919580674661,0.22079560839654144,0.04526886693446292,83.81310475850479,0.3746807490242022,0.19351737852256343,0.43180187245323437,0.30253729483807534,105.45649981612253,False,False,15.45649981612253,False,False
high_8_20,-3.7410000000000005,-3.5450000000000004,0.2,-0.9490862617885905,0.2938436090737294,0.20699230493868767,0.0598191098467928,57.37243316512952,0.39573943968571323,0.20065560503381608,0.40360495528047063,0.21356051743101837,65.76848721940861,False,False,24.231512780591387,False,False
high_8_20,-3.721,-3.5250000000000004,0.2,-1.3251720897233128,0.6056384690860943,0.35340267733584463,0.22926953397969535,57.60800425596954,0.2923242154309337,0.2584348724345233,0.44924091213454304,0.29426117738986085,24.190709418681287,False,False,65.80929058131872,False,False
high_8_20,-3.7010000000000005,-3.5050000000000003,0.2,-0.7634296145791167,0.6901912245159809,0.4382527694515556,0.4412942278832708,56.2069723032648,0.29662240936592815,0.2660549442624539,0.43732264637161794,0.4917251697337986,-23.778111680277046,False,False,66.22188831972295,False,False
high_8_20,-3.681,-3.4850000000000003,0.2,-0.5581226748141697,0.7062040905663151,0.4618682307778594,0.2957731560410053,66.9858146180466,0.20039949742975943,0.26348458926028984,0.5361159133099507,0.4972644459532688,-40.95362444504701,False,False,49.04637555495299,False,False
high_8_20,-3.6610000000000005,-3.4650000000000003,0.2,-0.605844085278075,0.67960209804263,0.43748900770925186,0.2802817788278739,64.5927281004944,0.22371168202502772,0.2605420410112536,0.5157462769637186,0.5268722047948375,-37.80624827828932,False,False,52.19375172171068,False,False
high_8_20,-3.641,-3.4450000000000003,0.2,-0.42703799822018973,0.5060194288716123,0.2584572178452932,0.08986431861128946,59.58007460402368,0.3029751530594726,0.26665803017027206,0.43036681677025546,0.43880438723511483,-78.19034424636722,False,False,11.809655753632782,False,False
high_8_20,-3.6210000000000004,-3.4250000000000003,0.2,0.3479389445027322,0.5739687264314528,0.310122068007535,0.29545281797132883,55.79313996346977,0.3310100749197919,0.24475673946217397,0.4242331856180341,0.27563209721097126,-118.76618325826489,False,False,28.76618325826489,False,False
high_8_20,-3.6010000000000004,-3.4050000000000002,0.2,1.1441979837705054,0.6192886832609862,0.3516687023142106,0.6532410076235532,45.17311867613086,0.3911157373603939,0.2918498659210529,0.31703439671855327,0.38063728764885874,-155.25153167227688,False,False,65.25153167227688,False,False
high_8_20,-3.5810000000000004,-3.3850000000000002,0.2,1.2757766557293624,0.6593415463215402,0.3958136028768704,0.7450455741064862,50.652418281966646,0.377084210068444,0.3342450052652332,0.28867078466632284,0.36744037172680843,166.07350881215348,False,False,76.07350881215348,False,False
high_8_20,-3.5610000000000004,-3.365,0.2,-0.18479575959846242,0.6261004720468741,0.3703985879394844,0.7658602542669891,44.13979066859176,0.4193463058947675,0.3335646980065979,0.24708899609863466,0.31081628490351343,155.5002257611363,False,False,65.5002257611363,False,False
high_8_20,-3.5410000000000004,-3.3450000000000006,0.2,-0.5682556246498722,0.6061884775354347,0.3535891455467415,0.737393500099195,41.553731229652875,0.4213326114865223,0.33644523598913245,0.2422221525243452,0.24062700215321153,173.19491760146275,False,False,83.19491760146275,False,False
high_8_20,-3.5210000000000004,-3.325,0.2,-0.8208954483502827,0.6080180026023174,0.3652524949911054,0.771902266835722,35.53627625308364,0.45346435235827354,0.3461691731977491,0.20036647444397748,0.22399953267664188,-174.09031476913054,False,False,84.09031476913054,False,False
high_8_20,-3.5010000000000003,-3.3050000000000006,0.2,0.1172769557963842,0.5755711976319642,0.35259751191917477,0.768823111739483,36.018384279290466,0.4231939853932101,0.3686178766272583,0.20818813797953145,0.23950513724935374,-147.48457076861825,False,False,57.484570768618255,False,False
high_8_20,-3.4810000000000003,-3.285,0.2,0.8374875817324027,0.556376492465281,0.3763614466724005,0.9791743212400678,47.273114642430095,0.38009034540627373,0.4210132790457603,0.19889637554796602,0.32036741000341556,-161.20968692546333,False,False,71.20968692546333,False,False
high_8_20,-3.4610000000000003,-3.2650000000000006,0.2,0.6218604948797708,0.6075168833923615,0.3984082028121694,0.9979809648414129,50.83041954047425,0.3579276497679136,0.4326465268512994,0.20942582338078705,0.4220082128498522,-162.9167027090537,False,False,72.91670270905371,False,False
high_8_20,-3.4410000000000003,-3.245,0.2,1.9668618542789065,0.6889582713659853,0.45482484826764175,0.9839828889745341,58.22472059343781,0.3274177247200333,0.47575784613939015,0.19682442914057657,0.49700331133567355,175.219975147142,False,False,85.21997514714201,False,False
high_8_20,-3.4210000000000003,-3.2250000000000005,0.2,1.4565446019632702,0.7182025359097381,0.47804225409714074,0.981437114402046,61.663019494958185,0.32006712040300095,0.514663574552943,0.16526930504405618,0.45449552883034655,168.19004300812352,False,False,78.19004300812352,False,False
high_8_20,-3.4010000000000002,-3.205,0.2,0.22758178329300943,0.7059346436838235,0.46149949619685343,0.9461250854607572,65.62549485413459,0.31834096276784324,0.5096947663069297,0.171964270925227,0.36760178926721304,163.74564506915593,False,False,73.74564506915593,False,False
high_8_20,-3.3810000000000002,-3.1850000000000005,0.2,-0.38607196785968434,0.7055162393203604,0.4706498656576146,0.9075566143924959,67.1773330404553,0.3241843265309735,0.47988587313698783,0.19592980033203863,0.3360917243144682,168.40817522890185,False,False,78.40817522890185,False,False
high_8_20,-3.3610000000000007,-3.165,0.2,-0.7264389310878109,0.7403213691564849,0.4964304054045101,0.87520518360498,69.32646640354044,0.278234628299567,0.48452736487521436,0.2372380068252186,0.36437856074945824,178.32734213860334,False,False,88.32734213860334,False,False
high_8_20,-3.341,-3.1450000000000005,0.2,-0.9578359363467773,0.7500401127455716,0.5056977991294562,0.8638138257124066,68.94355633703323,0.2621469373810882,0.4800525870200541,0.2578004755988576,0.41435604740117443,172.19865765118436,False,False,82.19865765118436,False,False
high_8_20,-3.3210000000000006,-3.1250000000000004,0.2,-0.5918349233988299,0.7628772177229991,0.52158608664513,0.8445529325277816,72.32342275058693,0.23019453296697806,0.481997494641271,0.287807972391751,0.45515466660852977,153.3322531807538,False,False,63.33225318075381,False,False
high_8_20,-3.301,-3.1050000000000004,0.2,-0.364225524091476,0.7540734074351406,0.5073332958982447,0.858850722471029,70.97193152127487,0.23625792859007852,0.48861302011477886,0.2751290512951426,0.47327653051737895,147.2215887268283,False,False,57.22158872682829,False,False
high_8_20,-3.2810000000000006,-3.0850000000000004,0.2,-0.5386079197283357,0.6661732123596409,0.40252312583471755,0.884398812904423,74.43744394666716,0.2528622129019947,0.49059485578274276,0.25654293131526246,0.4894299344851893,119.65283040714635,False,False,29.652830407146354,False,False
high_8_20,-3.261,-3.0650000000000004,0.2,1.0518160795354434,0.5924606405293604,0.3374364654841667,0.9821462711765591,89.08374766203177,0.24149611766727666,0.5331435703368339,0.22536031199588946,0.12860607615870112,71.65562069543975,False,False,18.34437930456025,False,False
high_8_20,-3.2410000000000005,-3.0450000000000004,0.2,0.6077810840722904,0.6516993776199254,0.4102356112731065,0.9994963882697578,65.42584895718961,0.20083706985572305,0.5170292387415236,0.2821336914027534,0.5703220332796373,21.634023338824665,False,False,68.36597666117534,False,False
high_8_20,-3.221,-3.0250000000000004,0.2,0.7519822411086474,0.665697722567651,0.44888550878508404,0.9521845031499199,65.1593807615101,0.17616536521197076,0.4826794544489941,0.34115518033903514,0.667566688688489,-8.141186979969392,False,False,81.85881302003061,False,False
high_8_20,-3.2010000000000005,-3.0050000000000003,0.2,0.1668347946668501,0.6909927861341285,0.5048066876345586,0.9440728286002235,66.86091897424616,0.1328767888900502,0.49353613670428365,0.3735870744056662,0.8089532731761263,0.21358486964846132,False,False,89.78641513035154,False,False
high_8_20,-3.181,-2.9850000000000003,0.2,-0.04554847181037017,0.6899225186050728,0.4797888845350433,0.8952644150798209,72.54640131970828,0.13903081614344534,0.49492678410341634,0.3660423997531383,0.6407727066750439,2.4623417088403037,False,False,87.5376582911597,False,False
high_8_20,-3.1610000000000005,-2.9650000000000003,0.2,0.067644867456498,0.6994030611725415,0.4783484281382277,0.8626513698618397,79.65572998506997,0.1703023467528975,0.4917517634883006,0.3379458897588019,0.44386989893876094,15.29264838454628,False,False,74.70735161545372,False,False
high_8_20,-3.141,-2.9450000000000003,0.2,-0.06791453994776285,0.721192304990149,0.4989937337242599,0.8532732756076516,81.20144552619233,0.179721707218025,0.49593649369877746,0.3243417990831976,0.4047290410890187,17.194939397592695,False,False,72.80506060240731,False,False
high_8_20,-3.1210000000000004,-2.9250000000000003,0.2,-0.7895258596631198,0.7168363451255152,0.5068477257737029,0.8065383492127687,87.01666237733582,0.22261876439432818,0.4580381492767692,0.3193430863289027,0.27960295454100753,11.494849257828564,False,False,78.50515074217144,False,False
high_8_20,-3.1010000000000004,-2.9050000000000002,0.2,-0.7978125509194913,0.757081525116909,0.5435415416894183,0.7625047397643294,88.93852684596781,0.23108496057400266,0.4322204111412127,0.3366946282847847,0.18449470210693872,21.383053002614258,False,False,68.61694699738574,False,False
high_8_20,-3.0810000000000004,-2.8850000000000002,0.2,-0.8414943583918615,0.718693097584862,0.515054390755892,0.7526063189705132,89.71857944325055,0.269347040845757,0.4020018548891341,0.32865110426510896,0.21154822799490508,-20.27714649415351,False,False,69.72285350584649,False,False
high_8_20,-3.0610000000000004,-2.865,0.2,0.016706436394741175,0.7261712687433152,0.508298184140896,0.6383130560127219,61.62922927362298,0.3655617530076023,0.2976968066956799,0.3367414402967177,0.23528783103427423,-141.07291817084766,False,False,51.07291817084766,False,False
high_8_20,-3.0410000000000004,-2.845,0.2,0.6334605471607178,0.6796539637922858,0.47869663789578193,0.6339205935983886,55.34955963788258,0.4039989285731755,0.29993173443649057,0.29606933699033394,0.3600836641219679,-107.34035451998405,False,False,17.340354519984047,False,False
high_8_20,-3.0210000000000004,-2.825,0.2,0.06328259095760702,0.7699697880641417,0.5507616728391346,0.5894821525232146,37.51802315962913,0.5091157778782088,0.25917881400372245,0.23170540811806875,0.5223845400157003,-120.3577848563897,False,False,30.3577848563897,False,False
high_8_20,-3.0010000000000003,-2.805,0.2,-0.4040090313333884,0.7172656140209095,0.49674697078025815,0.5570961064271182,33.11305261235438,0.4994926378991218,0.2974963035048806,0.20301105859599766,0.5246748730166332,-107.94309280447474,False,False,17.943092804474745,False,False
high_8_20,-2.9810000000000003,-2.785,0.2,-1.1227730131868823,0.6706164646905511,0.45027170010556355,0.45258637577992444,25.152801841968248,0.5242458412232631,0.3117165769693278,0.16403758180740907,0.6207522227378969,-97.209907114592,False,False,7.209907114591999,False,False
high_8_20,-2.9610000000000003,-2.765,0.2,-0.5213349640595554,0.5835155831419876,0.4032489372975017,0.5239881585324446,17.11287940064344,0.5097322665066268,0.3718782287268317,0.11838950476654156,0.6476712608026577,-94.76948098276345,False,False,4.769480982763454,False,False
high_8_20,-2.9410000000000003,-2.7450000000000006,0.2,-1.021737439937361,0.5718827295069726,0.40197398837749554,0.5921953026970972,16.904698501749415,0.5079922982141011,0.382278801097489,0.10972890068840987,0.6990700148597838,-94.2308937387108,False,False,4.2308937387108045,False,False
high_8_20,-2.9210000000000003,-2.7250000000000005,0.2,-0.992267473060801,0.5135468360175409,0.4182792398742075,0.9911724553839896,50.783330002255454,0.4582926701561383,0.478247637994613,0.06345969184924861,0.697176604517682,-95.57126156032633,False,False,5.5712615603263345,False,False
high_8_20,-2.9010000000000002,-2.7050000000000005,0.2,-0.9816207072118964,0.5331736274654358,0.41116733711797865,0.9964769221666075,72.97816516874873,0.4248550188956273,0.5044732034417386,0.07067177766263405,0.6338623890648455,-95.00547748625938,False,False,5.00547748625938,False,False
high_8_20,-2.8810000000000002,-2.6850000000000005,0.2,-1.1054448101801184,0.6372237122430306,0.44120281723949506,0.9981095865157651,67.65654665885687,0.37330407789348763,0.553550260659549,0.0731456614469633,0.4781114413777436,-111.52765617736861,False,False,21.527656177368613,False,False
high_8_20,-2.861,-2.6650000000000005,0.2,-1.2878511913950481,0.690103533717163,0.46534234118943324,0.9999991857738836,84.51580094782719,0.3074373522274646,0.6100227164381173,0.08253993133441798,0.33934899336345975,-101.06263741865409,False,False,11.062637418654091,False,False
high_8_20,-2.841,-2.6450000000000005,0.2,-1.9841242683844817,0.7447730042381482,0.50763379946888,0.999860936768182,77.31417356280984,0.2579742406203475,0.6427895215546788,0.09923623782497373,0.2573585479728073,-151.8046101552039,False,False,61.8046101552039,False,False
high_8_20,-2.821,-2.6250000000000004,0.2,-1.3425295050486428,0.8119842293908753,0.5964512663718435,0.9996160397633929,87.04959889662432,0.16943692442856273,0.7227290946488107,0.10783398092262651,0.18827328063740578,-110.05524684216611,False,False,20.055246842166113,False,False
high_8_20,-2.801,-2.6050000000000004,0.2,-1.257822304128266,0.8027864986385904,0.5936485649134889,0.9962383869787058,87.43082408160242,0.19072619921608494,0.7097210510361506,0.09955274974776447,0.08184712394237681,-167.12425388597228,False,False,77.12425388597228,False,False
high_8_20,-2.781,-2.5850000000000004,0.2,-1.2787976066467976,0.8425043350812359,0.6501962847792752,0.9990053116261245,84.63810367370283,0.16544188140178973,0.7570496520310238,0.07750846656718635,0.2677694514016028,126.02124655992162,False,False,36.02124655992162,False,False
high_8_20,-2.761,-2.5650000000000004,0.2,-1.1922921578058374,0.8019365233529983,0.5762078337158342,0.997058779219172,89.46467856190057,0.1596159874158851,0.7071389870182219,0.1332450255658931,0.2970223040027765,87.65038485764701,False,False,2.349615142352988,False,False
high_8_20,-2.7410000000000005,-2.5450000000000004,0.2,-1.6354470891463861,0.752245913870129,0.5091548610633887,0.9985059666331042,87.52856801961453,0.16646117759143114,0.6636094403364987,0.1699293820720702,0.4788850927285888,83.1410533111066,False,False,6.858946688893397,False,False
high_8_20,-2.7210000000000005,-2.5250000000000004,0.2,-0.6378853724321119,0.6529232757208832,0.430802749615565,0.9496399069848981,72.18764427669763,0.20210356583439573,0.532159042884037,0.26573739128156726,0.5135371822890034,58.13951454760396,False,False,31.86048545239604,False,False
high_8_20,-2.7010000000000005,-2.5050000000000003,0.2,0.5074402033990248,0.37256380054611515,0.27683085390686346,0.9677256186358839,81.77536527520742,0.3584549070128321,0.433410721410201,0.20813437157696696,0.6097347908049127,93.12322855154335,False,False,3.123228551543349,False,False
high_8_20,-2.6810000000000005,-2.4850000000000003,0.2,1.018253293745369,0.6075281939263872,0.3707793806543646,0.7040508227084684,34.355617425022146,0.4703233002468833,0.3297757783542274,0.19990092139888924,0.5662302803198176,73.75101881622268,False,False,16.248981183777317,False,False
high_8_20,-2.6610000000000005,-2.4650000000000003,0.2,1.5992553460454035,0.45467851542056037,0.32321393347396854,0.294054390837981,6.931896738146321,0.47300569767666606,0.3126684587406129,0.21432584358272105,0.6555003801564914,94.44860149801856,False,False,4.4486014980185615,False,False
high_8_20,-2.6410000000000005,-2.4450000000000003,0.2,1.154743498836409,0.5352158074203255,0.35703724716609775,0.7372581374834296,12.004829638726024,0.5130241837024219,0.28888830616021843,0.19808751013735976,0.8076125742481403,86.94172192646322,False,False,3.0582780735367834,False,False
high_8_20,-2.6210000000000004,-2.4250000000000003,0.2,0.7643711449619791,0.48837908297032306,0.3442490175515967,0.1802138201310921,1.6372600178884091,0.49360630649039766,0.26993475453770954,0.23645893897189282,0.8639176401791363,91.07218963938428,False,False,1.072189639384277,False,False
high_8_20,-2.6010000000000004,-2.4050000000000002,0.2,-0.48034304238527153,0.48828535231176207,0.3270579797198903,0.6320679026663223,9.818690009147861,0.488398376609078,0.2536995108268717,0.2579021125640503,0.8752252787558981,91.75897540587836,False,False,1.7589754058783598,False,False
high_8_20,-2.5810000000000004,-2.3850000000000002,0.2,-0.9004087874916916,0.5459512378211759,0.36183910982805345,0.9998827673201383,3.6094331261802597,0.5208454520882362,0.20491542436852384,0.27423912354324,0.8764920064082602,94.33727350390178,False,False,4.337273503901784,False,False
high_8_20,-2.5610000000000004,-2.365,0.2,-0.8536714413750885,0.5378455666524251,0.35862029458616895,0.24166441878537467,7.1088627490670495,0.5191399666297332,0.23340958480250193,0.247450448567765,0.8752517781197986,91.46952588276311,False,False,1.469525882763108,False,False
high_8_20,-2.5410000000000004,-2.345,0.2,-0.13799813555805485,0.5275211220484591,0.329001907052609,0.947136966235704,2.9764614312388407,0.5144199469375721,0.2538468481003316,0.23173320496209635,0.8461982517472565,87.40359082028692,False,False,2.5964091797130777,False,False
high_8_20,-2.5210000000000004,-2.325,0.2,1.242030479979034,0.6424968327270126,0.3942276438285327,0.7579243881675343,10.771648398281657,0.5630579478189796,0.2604871849534163,0.1764548672276041,0.642444865363255,77.80330868073449,False,False,12.196691319265511,False,False
high_8_20,-2.5010000000000003,-2.305,0.2,2.7690136419254614,0.48668084014334656,0.2565272287294274,0.8918288948282053,30.82556263146615,0.44549977955593983,0.33122962439612896,0.22327059604793126,0.17812739074941833,18.73888697132351,False,False,71.26111302867649,False,False
high_8_20,-2.4810000000000003,-2.285,0.2,2.9702823043032933,0.4718996685583554,0.29195000128896453,0.1116062793640076,14.044635653681599,0.4700476420894569,0.32645344520713027,0.2034989127034128,0.1094402391919489,-123.9186134572279,False,False,33.918613457227906,False,False
high_8_20,-2.4610000000000003,-2.265,0.2,2.2079868902897477,0.4270659569567289,0.3419420805770109,0.9910752551627382,14.266976749142179,0.4553502974779285,0.361253976108691,0.18339572641338056,0.4080604724338633,-98.18994023120075,False,False,8.189940231200751,False,False
high_8_20,-2.4410000000000003,-2.2450000000000006,0.2,0.8448932388092785,0.41665616125279215,0.34099982165971754,0.8871320884625467,68.03912342227402,0.42843881555013463,0.3701966091888237,0.2013645752610417,0.47260919327906026,-100.8176717251083,False,False,10.817671725108298,False,False
high_8_20,-2.4210000000000003,-2.2250000000000005,0.2,-1.0070481467175358,0.4984387468346888,0.40506089885429875,0.8886786851525073,74.5551666653141,0.43288328449532565,0.39265442951171353,0.1744622859929609,0.5547947602114803,-100.07508444103439,False,False,10.075084441034392,False,False
high_8_20,-2.4010000000000002,-2.2050000000000005,0.2,-0.5517220220112656,0.5631238946778638,0.43155536261517097,0.894011818353218,78.70259483586075,0.41010662332954056,0.4291887324013885,0.16070464426907086,0.5214504846270107,-100.24474325622661,False,False,10.244743256226613,False,False
high_8_20,-2.3810000000000002,-2.1850000000000005,0.2,0.1756504607094753,0.6234584716350604,0.45568537690268,0.9033952875622009,89.67358255494148,0.3730817356767528,0.47500968017886813,0.15190858414437908,0.48724074821478014,-95.08669184907319,False,False,5.0866918490731905,False,False
high_8_20,-2.361,-2.1650000000000005,0.2,-0.2472042373391679,0.6570148500489865,0.4830898720068654,0.8884860071520954,86.79167942640234,0.3651630443429797,0.47142853631534387,0.16340841934167646,0.6000457384728685,-98.02859567168326,False,False,8.028595671683263,False,False
high_8_20,-2.341,-2.1450000000000005,0.2,0.23943767712775282,0.6760445164816588,0.4772244823851599,0.9037807596297963,82.49304144150229,0.3372676403864078,0.49990508201430184,0.1628272775992904,0.6450005992743107,-99.95744275453166,False,False,9.957442754531655,False,False
high_8_20,-2.321,-2.1250000000000004,0.2,0.8188780937625904,0.7860930189655715,0.5687310747563212,0.9005553301884855,78.1959954814692,0.250598879127042,0.5573957600349909,0.1920053608379671,0.7380152135774651,-110.72878871589303,False,False,20.72878871589303,False,False
high_8_20,-2.301,-2.1050000000000004,0.2,0.5158213229714879,0.6770956199831312,0.4254273781104816,0.9396759155104052,80.04785917288783,0.2657505328265558,0.5453214715351458,0.18892799563829846,0.4440013517929039,-114.624098006749,False,False,24.624098006748994,False,False
high_8_20,-2.281,-2.0850000000000004,0.2,0.29846864374508797,0.7526664023435761,0.5089446627714229,0.9162414642381466,89.63678304291079,0.12530156677139845,0.5976575757344581,0.2770408574941434,0.5082164511015641,-94.17403588740007,False,False,4.174035887400066,False,False
high_8_20,-2.261,-2.0650000000000004,0.2,0.7990616469223625,0.706967742793668,0.48731168978451195,0.9839829927960662,85.65971916897134,0.07778935119195246,0.6202278786483655,0.30198277015968206,0.23516050665416463,-47.78909526555228,False,False,42.21090473444772,False,False
high_8_20,-2.2410000000000005,-2.0450000000000004,0.2,0.7682038068554783,0.6955731561774723,0.4926777149196926,0.9970643240586108,87.78757737578083,0.05278699328954447,0.6271432770995978,0.32006972961085767,0.25190666181442917,-62.98069998729488,False,False,27.019300012705123,False,False
high_8_20,-2.2210000000000005,-2.0250000000000004,0.2,1.2100134555464044,0.7226640799033641,0.5110697700395959,0.9881180579475486,84.84564533543,0.0612999819253658,0.6273049724259294,0.3113950456487048,0.36564917103666256,-45.09338116296938,False,False,44.90661883703062,False,False
high_8_20,-2.2010000000000005,-2.0050000000000003,0.2,0.899548782054588,0.6072655584988396,0.437602857849624,0.9706962983730637,85.48867098980021,0.06732459567752642,0.5461933889958686,0.386482015326605,0.340734986906196,-49.57434356829792,False,False,40.42565643170208,False,False
high_8_20,-2.1810000000000005,-1.9850000000000003,0.2,0.9938570174161857,0.45871451761427795,0.37983601831189984,0.9732630936325436,85.77234846423818,0.08408854576760061,0.47163039704494264,0.44428105718745686,0.28610102525456654,-66.3376144390773,False,False,23.6623855609227,False,False
high_8_20,-2.1610000000000005,-1.9650000000000003,0.2,0.8429106980997524,0.4453884548377324,0.38347724088851126,0.44878849155121486,88.60414753493068,0.08388165008321052,0.4505577135060285,0.46556063641076106,0.14146450977567712,-29.811352143240008,False,False,60.18864785675999,False,False
high_8_20,-2.1410000000000005,-1.9450000000000003,0.2,-0.06470273955856305,0.5206679671653149,0.38686108738178054,0.5697216322192203,85.6270193134337,0.08707317003551447,0.44032309356179794,0.47260373640268755,0.051371881486399595,77.60624385720197,False,False,12.393756142798026,False,False
high_8_20,-2.1210000000000004,-1.9250000000000003,0.2,-0.45031557792414656,0.6096204490680602,0.41455452428376616,0.5285186472680391,83.92035679347369,0.09402304870343595,0.41120431391912454,0.49477263737743954,0.19681144379612148,85.52211345124502,False,False,4.477886548754981,False,False
high_8_20,-2.1010000000000004,-1.9050000000000002,0.2,-0.9084025863316316,0.5888073547729475,0.3986841265853073,0.5229601553518852,84.41318975347748,0.09876529558500513,0.41164351544570427,0.4895911889692906,0.1425910594251321,83.65872335003122,False,False,6.341276649968776,False,False
high_8_20,-2.0810000000000004,-1.8850000000000002,0.2,-0.7711385765864655,0.5679189954478656,0.3842667228729314,0.5277845754244852,84.58450384582673,0.10444924747053988,0.4138931389668982,0.4816576135625619,0.1256749352988893,76.59806332139341,False,False,13.401936678606589,False,False
high_8_20,-2.0610000000000004,-1.8650000000000002,0.2,-0.8501955138121685,0.5719419754101246,0.3581311396342746,0.030625724724989218,79.34821542364251,0.14113721018264394,0.33478769316970636,0.5240750966476497,0.08738059211922754,27.798487878039133,False,False,62.20151212196087,False,False
high_8_20,-2.0410000000000004,-1.8450000000000002,0.2,0.015296415920333322,0.6624982034856464,0.4178746912303631,0.032967119553443426,75.31010377513742,0.15409024162815338,0.2817212529609763,0.5641885054108704,0.1611192953644858,70.07861352051856,False,False,19.92138647948144,False,False
high_8_20,-2.0210000000000004,-1.8250000000000002,0.2,-0.339173471529105,0.7384518557750468,0.4926794684023338,0.11302403751525711,76.47544886896478,0.15589154881538295,0.22046184527101068,0.6236466059136063,0.3066654002643108,128.62301654963196,False,False,38.623016549631956,False,False
high_8_20,-2.0010000000000003,-1.8050000000000002,0.2,-0.8335891384682861,0.7419912843045997,0.5004273043431546,0.2997058329456469,72.39797301429715,0.16258817319753996,0.26915496299656994,0.5682568638058901,0.43413256924081745,114.60719591796342,False,False,24.607195917963423,False,False
high_8_20,-1.9810000000000003,-1.7850000000000001,0.2,-0.9349966567793602,0.6127925523313178,0.37458373258135075,0.39649073256233097,75.62996772116985,0.1618070153039873,0.33468039878058714,0.5035125859154256,0.26614308674330667,138.05824886933996,False,False,48.05824886933996,False,False
high_8_20,-1.9610000000000003,-1.7650000000000001,0.2,1.4322931111852524,0.5337090094707215,0.37624062421360605,0.9987829566657017,82.55986866159527,0.14562270218745135,0.5250484442084186,0.32932885360413006,0.18797291088884197,-18.54154641350593,False,False,71.45845358649407,False,False
high_8_20,-1.9410000000000003,-1.7450000000000006,0.2,2.684982724018032,0.6399675357916081,0.39853181141991506,0.9259615651468254,77.853125831677,0.15461020242146858,0.52666334921835,0.3187264483601814,0.5850026476382898,-63.84029878143336,False,False,26.15970121856664,False,False
high_8_20,-1.9210000000000003,-1.7250000000000005,0.2,3.596061266884477,0.771203087766275,0.535954801163036,0.9381350711533917,73.69665984067305,0.15317385494431734,0.5945805135096746,0.2522456315460081,0.6822388208162953,-46.524128834375276,False,False,43.475871165624724,False,False
high_8_20,-1.9010000000000002,-1.7050000000000005,0.2,3.004493217694438,0.7844003261574877,0.5532712815303515,0.9245508236735477,73.81937366195648,0.15425856434310897,0.5883308638581903,0.2574105717987008,0.7147448661857757,-48.89744742347048,False,False,41.10255257652952,False,False
high_8_20,-1.8810000000000002,-1.6850000000000005,0.2,0.18021817951321298,0.8126824518368985,0.5942329415696769,0.9444681513972959,74.1766005214657,0.14818597142034645,0.6250096678716112,0.2268043607080423,0.7414699675668075,-46.24413265749753,False,False,43.75586734250247,False,False
high_8_20,-1.8610000000000002,-1.6650000000000005,0.2,-0.6130656229984619,0.8198212991607012,0.6075087970538724,0.9402930198922773,75.18116553444064,0.13443136714736592,0.6297043984577899,0.2358642343948442,0.7660234612404987,-45.87509545838559,False,False,44.12490454161441,False,False
high_8_20,-1.8410000000000002,-1.6450000000000005,0.2,-0.9781144973008633,0.8507725389246419,0.661471136016098,0.9408278100026217,75.77953500512925,0.12940145404070869,0.6536855336095347,0.21691301234975655,0.8451120566039783,-47.07278210732182,False,False,42.92721789267818,False,False
high_8_20,-1.8210000000000002,-1.6250000000000004,0.2,-0.5091663652932183,0.8527828164012319,0.6662579989974399,0.9310302051929722,75.38980008131254,0.12668876956051123,0.642474938713651,0.23083629172583767,0.8614472164442146,-44.96581597655474,False,False,45.03418402344526,False,False
high_8_20,-1.8010000000000002,-1.6050000000000004,0.2,-0.5459769632014075,0.8680190423270298,0.6927905858457064,0.9238209383330065,75.08211295616844,0.13245591460129844,0.6444570586423293,0.22308702675637238,0.8422035133772685,-42.95251765582838,False,False,47.04748234417162,False,False
high_8_20,-1.7810000000000001,-1.5850000000000004,0.2,-0.9785004577231784,0.8689869899043078,0.6948555569586731,0.913706626458059,72.73453255763206,0.13682900167989792,0.6198543402573031,0.24331665806279895,0.8414229469609124,-33.385841064468245,False,False,56.614158935531755,False,False
high_8_20,-1.7610000000000001,-1.5650000000000004,0.2,-0.28720159956765784,0.817408315601794,0.6136683991000832,0.868970825801654,69.45814149019536,0.18291686332936477,0.5232235256081278,0.29385961106250746,0.7486831646252268,-23.358915722226392,False,False,66.64108427777361,False,False
high_8_20,-1.7410000000000005,-1.5450000000000004,0.2,0.020667621995035537,0.7684021878567948,0.5515238028763926,0.8876730557937564,64.37626844985456,0.2028184290637293,0.47549639314693715,0.32168517778933353,0.7915532215761707,-15.52629678583806,False,False,74.47370321416194,False,False
high_8_20,-1.7210000000000005,-1.5250000000000004,0.2,0.7307431942086069,0.5412485223279393,0.4030493986213329,0.9385678091194034,43.94779628420509,0.33080846253398966,0.2792450712424475,0.38994646622356277,0.730942866041387,-6.684751215535842,False,False,83.31524878446416,False,False
high_8_20,-1.7010000000000005,-1.5050000000000003,0.2,0.3505267840769031,0.5557412011393363,0.40567729630650917,0.9791346994558711,39.61959851381675,0.3536258607558172,0.26185284527914054,0.3845212939650423,0.7301678195825857,-6.31655230230923,False,False,83.68344769769077,False,False
high_8_20,-1.6810000000000005,-1.4850000000000003,0.2,0.17943343343781445,0.6539960439381104,0.4693050474389641,0.8974521925928431,40.25910033604427,0.3941499642724142,0.23342140216222643,0.3724286335653594,0.813007643125941,-5.6542042731286335,False,False,84.34579572687137,False,False
high_8_20,-1.6610000000000005,-1.4650000000000003,0.2,0.9743324263978878,0.6049580236494346,0.4574464409503287,0.7821575226258985,43.55041582072217,0.3663087598090727,0.21110795968033946,0.42258328051058786,0.8347384606943056,-1.6598261368438965,False,False,88.34017386315611,False,False
high_8_20,-1.6410000000000005,-1.4450000000000003,0.2,1.4338643622475233,0.6549534053928847,0.4817978527320476,0.907229772045559,37.83322380484176,0.4037001101625869,0.21187926631191573,0.3844206235254974,0.8566581525767626,-6.262842513310716,False,False,83.73715748668928,False,False
high_8_20,-1.6210000000000004,-1.4250000000000003,0.2,2.1716227844950002,0.5074142417273132,0.45740918556930155,0.7380193683146349,44.0787238669959,0.36638678607232084,0.16570480211787467,0.4679084118098044,0.8523275563687246,-7.840290502306138,False,False,82.15970949769387,False,False
high_8_20,-1.6010000000000004,-1.4050000000000002,0.2,1.3770619667235409,0.5069153437593605,0.4614121299112636,0.910278255943462,33.00190686682891,0.36946878580516235,0.16484880660476944,0.46568240759006807,0.8766575377025678,-12.644330844915746,False,False,77.35566915508426,False,False
high_8_20,-1.5810000000000004,-1.3850000000000002,0.2,0.12293640978137345,0.49285129147385087,0.4364919772241655,0.5663823348845548,42.002283930094144,0.3560301891311328,0.18605257649800727,0.45791723437086,0.7920290587025488,-14.893487007069558,False,False,75.10651299293045,False,False
high_8_20,-1.5610000000000004,-1.3650000000000002,0.2,0.22017185450637208,0.5147307492597963,0.436771310910161,0.6174202683717717,60.12827977831218,0.3304058924828063,0.21835084975652597,0.4512432577606677,0.7913183557724771,-16.442653415236972,False,False,73.55734658476302,False,False
high_8_20,-1.5410000000000004,-1.3450000000000002,0.2,0.04758613877008867,0.5933439855169205,0.4688896228958793,0.6389670718411299,61.274953779860965,0.3234704712204314,0.22362194160497,0.4529075871745986,0.8034324953383062,-11.990632926857883,False,False,78.00936707314212,False,False
high_8_20,-1.5210000000000004,-1.3250000000000002,0.2,1.0101040209103647,0.7390218061537395,0.5458251496301267,0.6504414521074333,63.22518089857882,0.27954283861729384,0.27066234635815917,0.44979481502454705,0.8427532978445365,-11.350147315884799,False,False,78.6498526841152,False,False
high_8_20,-1.5010000000000003,-1.3050000000000002,0.2,1.2876789782813318,0.7366125921978631,0.5426579430401344,0.681142960749007,61.763628568659726,0.27588123836451095,0.29182236619593016,0.4322963954395589,0.8572903801042056,-11.00558789412809,False,False,78.99441210587192,False,False
high_8_20,-1.4810000000000003,-1.2850000000000001,0.2,1.295751035376376,0.7643868223517896,0.5678252806381695,0.6705689647197772,61.798953838501774,0.2684087096578605,0.28242523737496017,0.44916605296717926,0.861961434555324,-11.143832343093427,False,False,78.85616765690658,False,False
high_8_20,-1.4610000000000003,-1.2650000000000001,0.2,2.090830642975665,0.8276752715510869,0.6396826927905247,0.725024945396823,56.444091913713294,0.32460615795934206,0.2952938661014277,0.3800999759392302,0.8723968939972293,-9.751343129470735,False,False,80.24865687052926,False,False
high_8_20,-1.4410000000000003,-1.2450000000000006,0.2,2.7563450178326576,0.8209317149914651,0.6186366390465825,0.6571538366336367,57.095192066904154,0.29306770548294636,0.288411759768577,0.41852053474847656,0.8053759620562378,-0.2742076060931932,False,False,89.7257923939068,False,False
high_8_20,-1.4210000000000003,-1.2250000000000005,0.2,2.1355315924690856,0.8854937014606721,0.7270462223512434,0.6762973415696282,52.34889841155646,0.332753715701356,0.3029441884435225,0.3643020958551214,0.8428300439291936,7.685986060581711,False,False,82.31401393941829,False,False
high_8_20,-1.4010000000000002,-1.2050000000000005,0.2,2.601629397919126,0.8325793428743593,0.6461116020115515,0.6902059313743115,52.62959024280042,0.2940457109279868,0.34742525736539503,0.3585290317066182,0.7737659063070964,14.27943375337303,False,False,75.72056624662697,False,False
high_8_20,-1.3810000000000002,-1.1850000000000005,0.2,0.7188631177677418,0.829440468496576,0.6501958301379147,0.6883361718177493,51.29970788125483,0.2979918253888522,0.34908367623056036,0.35292449838058737,0.7968291744312209,17.541373326243296,False,False,72.4586266737567,False,False
high_8_20,-1.3610000000000002,-1.1650000000000005,0.2,-0.010101517793448863,0.8096759899417547,0.6250085917292731,0.7021877483969899,51.75045059786676,0.2869899486736057,0.3643006092533573,0.34870944207303695,0.773806478630449,19.557594343622362,False,False,70.44240565637764,False,False
high_8_20,-1.3410000000000002,-1.1450000000000005,0.2,-0.7848875574221705,0.8034316492930553,0.6164392302077071,0.7235159725190072,50.955895393374554,0.29487417077670397,0.3684419151930787,0.3366839140302174,0.7511715608124799,16.072150073991143,False,False,73.92784992600886,False,False
high_8_20,-1.3210000000000002,-1.1250000000000004,0.2,-1.4564850334664143,0.7374110848646243,0.5364348748951886,0.668924933931733,51.05926244267739,0.28839875501853374,0.35638117286101934,0.3552200721204469,0.6422649141589326,16.34040034966427,False,False,73.65959965033574,False,False
high_8_20,-1.3010000000000002,-1.1050000000000004,0.2,-0.8370191505249737,0.7532148216089067,0.5431496646039975,0.6000798562958412,53.51474347587922,0.27785396737256635,0.34268632741934096,0.3794597052080928,0.599716757173394,17.489397869664526,False,False,72.51060213033547,False,False
high_8_20,-1.2810000000000001,-1.0850000000000004,0.2,0.38516028837132654,0.6191439327792999,0.3754861496180772,0.5626859430551242,51.82066756648763,0.30302449081905464,0.3314901835739921,0.36548532560695324,0.3492970509134382,-7.718065462599953,False,False,82.28193453740005,False,False
high_8_20,-1.2610000000000001,-1.0650000000000004,0.2,1.1583849219897389,0.5045575734367801,0.27913798060472683,0.3137361969070802,70.93512054280268,0.23243827312684323,0.32379355926219067,0.443768167610966,0.11577457405098504,-12.137561722577802,False,False,77.8624382774222,False,False
high_8_20,-1.2410000000000005,-1.0450000000000004,0.2,1.2748488219796614,0.405022478404944,0.18521162410133798,0.587359352438151,82.28652919461379,0.2765056320216787,0.3367809857958402,0.38671338218248114,0.3008972133788537,-82.7990309387004,False,False,7.2009690612996025,False,False
high_8_20,-1.2210000000000005,-1.0250000000000004,0.2,-0.06533712580002111,0.4531188162482199,0.23187050492077318,0.6709719687974919,67.3601723513641,0.26012661676853066,0.3706899229078431,0.36918346032362626,0.41789252343529465,-107.75658712572323,False,False,17.75658712572323,False,False
high_8_20,-1.2010000000000005,-1.0050000000000003,0.2,-0.6172834829995733,0.6637689984084022,0.4100547083933642,0.6246221642428343,66.32266084936018,0.3129425796249011,0.30659353365796876,0.3804638867171301,0.5554687273671144,-113.06510769531893,False,False,23.06510769531893,False,False
high_8_20,-1.1810000000000005,-0.9850000000000003,0.2,-0.42675799818666593,0.7290536511739366,0.4896113363465089,0.5902043109003444,64.1642951125292,0.32678788352282645,0.26990418958462414,0.4033079268925494,0.3877534213336408,-134.10202173360372,False,False,44.10202173360372,False,False
high_8_20,-1.1610000000000005,-0.9650000000000007,0.2,0.5820580034618915,0.7927917977080521,0.578136140489871,0.5840191808200749,66.6822785027454,0.3056447968311285,0.25673589612133063,0.4376193070475409,0.4447781001663618,-145.12210363261485,False,False,55.12210363261485,False,False
high_8_20,-1.1410000000000005,-0.9450000000000003,0.2,0.27009358350185836,0.7931282437046393,0.5794635634661354,0.6032218030172362,65.46082821285452,0.31125310517229726,0.2601842760508853,0.4285626187768174,0.43868835034521453,178.55201440189907,False,False,88.55201440189907,False,False
high_8_20,-1.1210000000000004,-0.9250000000000007,0.2,0.19212709105185083,0.7467605523385121,0.5163214296445787,0.6110153895390144,69.45983218773159,0.31263074490408976,0.27868257307820615,0.40868668201770414,0.3105667323016702,150.67711974675322,False,False,60.67711974675322,False,False
high_8_20,-1.1010000000000004,-0.9050000000000002,0.2,-0.6979592757426505,0.710057678572783,0.46532102815502274,0.6295165892252903,63.744325810502396,0.32920880281321446,0.28388223864280854,0.386908958543977,0.41232882143641225,141.2699441035509,False,False,51.2699441035509,False,False
high_8_20,-1.0810000000000004,-0.8850000000000007,0.2,-0.9054624304143406,0.7052544680397266,0.45968726755528805,0.6102438168516653,66.63624325765451,0.3172078510402486,0.2897940078796767,0.39299814108007475,0.6180803993424125,113.40675723364957,False,False,23.40675723364957,False,False
high_8_20,-1.0610000000000004,-0.8650000000000002,0.2,-0.7439543454602542,0.6051190079757243,0.3516886396177832,0.774239617977537,60.37155347142005,0.3501258735034959,0.36201094683625545,0.2878631796602487,0.6284973306256512,112.7197567283307,False,False,22.719756728330694,False,False
high_8_20,-1.0410000000000004,-0.8450000000000006,0.2,0.6484760026456743,0.632069456226718,0.36536258560402696,0.9474754043979854,62.557200919724686,0.2957370290481385,0.472203706929383,0.2320592640224785,0.8001357469862886,118.12304067042723,False,False,28.12304067042723,False,False
high_8_20,-1.0210000000000004,-0.8250000000000002,0.2,1.197671356192818,0.6350594320051435,0.3673339518274479,0.992060484632206,65.3013764802147,0.2687369746616456,0.5081948838489259,0.22306814148942863,0.7762869755571792,119.5209534062267,False,False,29.520953406226695,False,False
high_8_20,-1.0010000000000003,-0.8050000000000006,0.2,1.295266450905756,0.7333121503259714,0.47865552491848257,0.992940427196339,67.85563096857098,0.2357873455625388,0.5772116638862355,0.1870009905512257,0.7697695463845391,126.69325024906871,False,False,36.69325024906871,False,False
high_8_20,-0.9810000000000008,-0.7850000000000001,0.2,1.027583330158647,0.7521001917261684,0.5057842196490347,0.9988575970371053,69.73421188439848,0.21937529024643027,0.6051575322331402,0.17546717752042956,0.7087008417206672,130.2550376724553,False,False,40.2550376724553,False,False
high_8_20,-0.9610000000000003,-0.7650000000000006,0.2,-0.2881555587037208,0.765537724170635,0.5215886464070791,0.9997578190140834,67.10105851176043,0.23361824780335702,0.6010433391130731,0.16533841308357,0.7110348103084033,134.7498193053531,False,False,44.7498193053531,False,False
high_8_20,-0.9410000000000007,-0.7450000000000001,0.2,-0.9940065690050907,0.7746578738378909,0.5346488080886234,0.9998371086299028,68.45234856691725,0.21367135700125056,0.615762438850035,0.17056620414871435,0.7008005269439281,137.4208503146085,False,False,47.42085031460849,False,False
high_8_20,-0.9210000000000003,-0.7250000000000005,0.2,-1.504406454857509,0.8212132015553772,0.6102668256145851,0.9995849711230227,65.4558727368866,0.20337206502747718,0.6223799067228147,0.17424802824970803,0.7903172558908724,150.26290582801954,False,False,60.26290582801954,False,False
high_8_20,-0.9010000000000007,-0.7050000000000001,0.2,-1.438169943519897,0.8066571866014934,0.5862321851018004,0.9997910238797899,63.85957792503708,0.23400332497169188,0.5991960465823274,0.1668006284459808,0.7369040294100756,150.13234096667225,False,False,60.132340966672245,False,False
high_8_20,-0.8810000000000002,-0.6850000000000005,0.2,-0.3564821806082545,0.8111036053154914,0.5947073627336645,0.9999694493438029,70.16818696491111,0.1766645852908499,0.6601515096787416,0.16318390503040847,0.7433444835483891,139.48330891886076,False,False,49.48330891886076,False,False
high_8_20,-0.8610000000000007,-0.665,0.2,1.1578359078379517,0.7080474434844031,0.4540611979223847,0.9990874459014883,82.14085644311837,0.24040075114694404,0.6192060537993206,0.14039319505373546,0.2340938357357166,126.30213103948753,False,False,36.302131039487534,False,False
high_8_20,-0.8410000000000002,-0.6450000000000005,0.2,1.2239874169941494,0.6564584709037402,0.40719109236728834,0.9918235983155049,78.7685487911915,0.27590314802201277,0.5805819314381554,0.1435149205398318,0.3855322175673058,62.86481096764927,False,False,27.13518903235073,False,False
high_8_20,-0.8210000000000006,-0.625,0.2,1.3680660437539391,0.7002567068392113,0.4537453819550384,0.9559643065342588,70.37969637898058,0.29636549914019145,0.5416385083176453,0.16199599254216332,0.30697559961249604,18.923446784694466,False,False,71.07655321530554,False,False
high_8_20,-0.8010000000000002,-0.6050000000000004,0.2,0.4904464578423671,0.6763607083829178,0.42307139293078394,0.9193433674711331,46.880097587745276,0.4170844764756384,0.3962571351904485,0.18665838833391313,0.41168394376371453,15.207237732278829,False,False,74.79276226772117,False,False
high_8_20,-0.7810000000000006,-0.585,0.2,0.6054396455600539,0.6450311839200007,0.397945988368898,0.9344925272198762,42.44820383629702,0.44538787224196424,0.3772899716288543,0.17732215612918145,0.3880260259159559,23.837137306435704,False,False,66.16286269356429,False,False
high_8_20,-0.7610000000000001,-0.5650000000000004,0.2,0.7827549686186126,0.6787106897332565,0.4337235008454067,0.8456062187172518,28.494805454939275,0.5233788709190961,0.3244067001242237,0.1522144289566802,0.3053914458219319,24.37494533163958,False,False,65.62505466836042,False,False
high_8_20,-0.7410000000000005,-0.5449999999999999,0.2,0.2734081792437907,0.7177934505214212,0.4750025787082886,0.8338384770482106,28.49955339506956,0.5398354632366084,0.3110142394931512,0.1491502972702404,0.3699009240051948,28.598415139856325,False,False,61.40158486014367,False,False
high_8_20,-0.7210000000000001,-0.5250000000000004,0.2,0.03150291901302878,0.7153546930377415,0.46566123350965005,0.7852032106361517,31.394129481347345,0.5178869668923913,0.3025180206945856,0.17959501241302303,0.358821440236309,16.373399992418843,False,False,73.62660000758116,False,False
high_8_20,-0.7010000000000005,-0.5049999999999999,0.2,0.638058990125229,0.6323074218331843,0.4000268700534381,0.8065472306646506,40.005768393911026,0.44880144145014583,0.36813265012757024,0.18306590842228387,0.23036829336022338,6.566984658156197,False,False,83.4330153418438,False,False
high_8_20,-0.681,-0.4850000000000003,0.2,0.5489861880777217,0.6134954776284187,0.3985640695983524,0.7071440740947177,38.01571092461729,0.45626198019967945,0.3470477940077839,0.19669022579253656,0.16150774424666056,-25.728853250599002,False,False,64.271146749401,False,False
high_8_20,-0.6610000000000005,-0.46500000000000075,0.2,-0.09258986963681579,0.4885960337619013,0.37091649496957435,0.13018629335907628,26.023457170588912,0.4372708838168684,0.33856456152897757,0.22416455465415397,0.1601196933308317,-148.20054694904135,False,False,58.20054694904135,False,False
high_8_20,-0.641,-0.4450000000000003,0.2,-0.86824017842797,0.5343122216467671,0.4095332822380455,0.8057660094447244,27.12577462096081,0.4302881906773839,0.3197521631701032,0.24995964615251293,0.3291437303924899,-159.2043717000063,False,False,69.2043717000063,False,False
high_8_20,-0.6210000000000004,-0.4250000000000007,0.2,-0.9968472059196011,0.6197746726813016,0.42547184559500145,0.9259681524597578,32.215459185460865,0.45083442113044037,0.3199311427989983,0.22923443607056135,0.42735240960632104,-173.76808138794266,False,False,83.76808138794266,False,False
high_8_20,-0.601,-0.40500000000000025,0.2,0.09166458652928237,0.5085577366367984,0.3893797628059203,0.9667846027434833,38.14034741531707,0.36836915117711894,0.34547793549471173,0.2861529133281694,0.41663186019930065,-158.3390347207239,False,False,68.3390347207239,False,False
high_8_20,-0.5810000000000004,-0.3850000000000007,0.2,0.3277320308025406,0.5502727763964195,0.4345141447842582,0.9893149693523772,41.24673361185577,0.38269681163400115,0.3479786369858154,0.2693245513801835,0.5104896366802895,-150.46267672657936,False,False,60.46267672657936,False,False
high_8_20,-0.5609999999999999,-0.3650000000000002,0.2,-0.20841486666885958,0.5914495752573486,0.4299522894872697,0.8881337789784595,67.6916855979592,0.3027089933546113,0.3903215245658243,0.30696948207956437,0.6136037571325155,-138.25255619552996,False,False,48.25255619552996,False,False
high_8_20,-0.5410000000000004,-0.34500000000000064,0.2,-0.4280010411451073,0.6088727395402469,0.39773427319711585,0.8814260358425337,59.47460513149906,0.3321002848989119,0.36522759698522383,0.3026721181158642,0.5974383932352668,-144.01338115111957,False,False,54.013381151119574,False,False
high_8_20,-0.5209999999999999,-0.3250000000000002,0.2,-0.7733603065287801,0.6372273112633173,0.40702662903304027,0.898908435479258,54.62923052932844,0.3504426191541144,0.36466743669161766,0.28488994415426794,0.5918547640373809,-149.48051268889787,False,False,59.480512688897875,False,False
high_8_20,-0.5010000000000003,-0.3050000000000006,0.2,-1.2331138879468149,0.5351781283767263,0.3417281326391054,0.9423309727060802,31.099938590136677,0.4375855197636312,0.24582786534225903,0.31658661489410966,0.5158517123665912,-146.5128446639479,False,False,56.5128446639479,False,False
high_8_20,-0.48100000000000076,-0.28500000000000014,0.2,-1.8008173757883736,0.5226442944011553,0.33220091134496815,0.9891635765387414,19.342724956624888,0.4773055544553552,0.20542340740448697,0.31727103814015795,0.47704170289571163,-132.82207647871067,False,False,42.82207647871067,False,False
high_8_20,-0.4610000000000003,-0.26500000000000057,0.2,-1.7631052602962227,0.5182648955006843,0.344416865747715,0.43431089937219314,12.025046753263696,0.4937299519278632,0.1604864433395662,0.34578360473257064,0.35610420895922007,-119.00405525867248,False,False,29.00405525867248,False,False
high_8_20,-0.4410000000000007,-0.2450000000000001,0.2,-0.6892150524944041,0.4693360704970597,0.31259679459099327,0.3558926975460769,24.316244680231208,0.46797877931438453,0.15675225640701046,0.37526896427860507,0.35065848327042604,-103.23289768489121,False,False,13.232897684891213,False,False
high_8_20,-0.42100000000000026,-0.22500000000000053,0.2,0.606106569483961,0.5500383062568772,0.39239599015155663,0.3708159412250587,66.09845954422701,0.39352392827749827,0.15866818877966277,0.44780788294283896,0.3100022445179619,-72.74987541887108,False,False,17.250124581128915,False,False
high_8_20,-0.4010000000000007,-0.20500000000000007,0.2,1.3259480190204311,0.6681473664166175,0.4622371512480834,0.3108923623083462,70.99171640080627,0.3492640402440604,0.1362016025414522,0.5145343572144875,0.147742798146869,-53.034677004674634,False,False,36.965322995325366,False,False
high_8_20,-0.3810000000000002,-0.1850000000000005,0.2,0.3112157808701031,0.7334535932621327,0.5479384844864815,0.30031756538030413,80.65504841348783,0.2982400956354822,0.12123684752443002,0.5805230568400878,0.456206991126399,-23.301083127103883,False,False,66.69891687289612,False,False
high_8_20,-0.36100000000000065,-0.16500000000000004,0.2,0.6194276391147497,0.6402090098979408,0.4138279583891611,0.2391295527645255,86.81463480997016,0.3063319870367706,0.13915823149637466,0.5545097814668547,0.40467315002523174,-59.88559666676102,False,False,30.114403333238982,False,False
high_8_20,-0.3410000000000002,-0.14500000000000046,0.2,-0.005862934591986701,0.6875577778620503,0.4313242417647641,0.22594423844466868,83.42863396461881,0.23674640100459327,0.1771333173997324,0.5861202815956743,0.4153983297806782,-62.798604273302836,False,False,27.201395726697164,False,False
high_8_20,-0.3210000000000006,-0.125,0.2,0.7571979005251297,0.6527332566760682,0.38731439744328106,0.05602262474472246,86.60949677417464,0.1899027015741634,0.229248102343634,0.5808491960822026,0.5101696008230987,-81.59581215057219,False,False,8.404187849427814,False,False
high_8_20,-0.30100000000000016,-0.10500000000000043,0.2,1.2591734743785528,0.6678753833588968,0.4086327505481225,0.16795022305204244,84.65249686141235,0.16968992992381857,0.24028115236199196,0.5900289177141894,0.4768770009670552,-67.97519755123368,False,False,22.024802448766323,False,False
high_8_20,-0.2810000000000006,-0.08499999999999996,0.2,2.0122282499158612,0.6778362513151648,0.4139351075218096,0.2702505185105721,85.97023982155528,0.1869227143962145,0.24321690951613886,0.5698603760876467,0.5413422564665246,-94.52585654022457,False,False,4.5258565402245665,False,False
high_8_20,-0.2610000000000001,-0.06500000000000039,0.2,1.7162856617766156,0.6097485631952395,0.3556459128031049,0.34572291748827255,83.35612731916838,0.19052571654351272,0.28466491168700053,0.5248093717694867,0.6446762315417522,-111.50823522127807,False,False,21.50823522127807,False,False
high_8_20,-0.24100000000000055,-0.04499999999999993,0.2,2.2741648211106646,0.5229406246002812,0.34229102901136743,0.6345071195651018,76.12149225561545,0.19638499565573062,0.36327742538977226,0.44033757895449716,0.5293288837347917,-155.12264731876658,False,False,65.12264731876658,False,False
high_8_20,-0.22100000000000009,-0.025000000000000355,0.2,2.510360501678397,0.4895641176608829,0.32549078559465344,0.9911936641970505,66.65472171077893,0.18959022094948735,0.43052863449757406,0.37988114455293864,0.48717646726873476,-166.00854803026405,False,False,76.00854803026405,False,False
high_8_20,-0.2010000000000005,-0.004999999999999893,0.2,0.9520853565734386,0.525765085969032,0.32732982511926334,0.9939917029064399,65.26270338096076,0.2031766020828689,0.44624969562695993,0.35057370229017115,0.4687864027050727,-175.20606013241206,False,False,85.20606013241206,False,False
high_8_20,-0.18100000000000005,0.01499999999999968,0.2,0.11927737250711214,0.5528694906394256,0.34068660082116725,0.9981105576457766,65.44998846536534,0.20286025760321322,0.46035550560921973,0.33678423678756714,0.4864703644321791,-172.7622755797953,False,False,82.7622755797953,False,False
high_8_20,-0.16100000000000048,0.034999999999999254,0.2,-0.654967558606832,0.5340555504115044,0.34365677420729457,0.9881441884835764,68.98604384773492,0.17594988216520527,0.4635179347895588,0.3605321830452359,0.4662553159546171,-179.87813541773292,False,False,89.87813541773292,False,False
high_8_20,-0.14100000000000001,0.054999999999999716,0.2,-0.5141000065839434,0.5486671074003384,0.3462315653538754,0.991807755314408,70.68794805823849,0.17201179383424606,0.4779208219252694,0.35006738424048456,0.43549721176890144,179.36322668471811,False,False,89.36322668471811,False,False
high_8_20,-0.12100000000000044,0.07499999999999929,0.2,-1.1080160584445329,0.5758389048656701,0.35512704900805453,0.9529424503468626,69.98638593987297,0.18911737113576532,0.4709672321845774,0.33991539667965726,0.4475720361052348,177.7605370308297,False,False,87.76053703082971,False,False
high_8_20,-0.10099999999999998,0.09499999999999975,0.2,-1.9669824879952928,0.6432861393514044,0.4051989582617334,0.9925061775871745,66.33651155842337,0.19439222410109866,0.5023045408402403,0.3033032350586611,0.563498184610149,163.88865805743345,False,False,73.88865805743345,False,False
high_8_20,-0.0810000000000004,0.11499999999999932,0.2,-1.1667957543666523,0.7334851733890363,0.5048620708375416,0.9913116425790578,73.05868167312998,0.15088115213872494,0.5965216068667428,0.25259724099453224,0.5352091214150742,156.01281877506,False,False,66.01281877506,False,False
high_8_20,-0.06099999999999994,0.1349999999999998,0.2,0.3696214134654237,0.748427023215879,0.5136607217433945,0.9837272906995093,82.71931898539046,0.11754130004198343,0.6432637324738149,0.23919496748420171,0.6358270720861562,110.62650249215008,False,False,20.62650249215008,False,False
high_8_20,-0.04100000000000037,0.15499999999999936,0.2,1.0194448395781586,0.7968084202536558,0.6036698714415483,0.984646844390038,85.68938319055339,0.04311145895407262,0.6870693696147993,0.2698191714311282,0.516431198420695,47.9341962938464,False,False,42.0658037061536,False,False
high_8_20,-0.020999999999999908,0.17499999999999982,0.2,2.0021470299122277,0.8140962421011773,0.6255209661112535,0.995488336946374,85.22299498855548,0.03656656138830335,0.7155695813342242,0.24786385727747248,0.4930980969429834,38.69336205110982,False,False,51.30663794889018,False,False
high_8_20,-0.001000000000000334,0.1949999999999994,0.2,0.521135378982711,0.863768746056127,0.695574449804294,0.9967013159546124,85.66268565006413,0.02443308502264262,0.7659675247142276,0.20959939026312976,0.4360091626602622,15.148381750393863,False,False,74.85161824960613,False,False
high_8_20,0.01899999999999924,0.21499999999999986,0.2,-0.1731246891751193,0.8566910363145511,0.6820006372967554,0.9946858718835536,86.65754377753801,0.03111587544448318,0.7597065981866306,0.20917752636888629,0.2960580345297239,15.528755609125076,False,False,74.47124439087493,False,False
high_8_20,0.0389999999999997,0.23499999999999943,0.2,-0.29474476876570227,0.8347418831428556,0.6491839342038194,0.9983862061507719,86.3409788539664,0.032625875237815245,0.7395830909813385,0.22779103378084625,0.29154051904641276,7.257857685853501,False,False,82.7421423141465,False,False
high_8_20,0.058999999999999275,0.2549999999999999,0.2,-0.24259775745487652,0.8068348680361519,0.6017469308362584,0.9999009490244699,87.57844788415419,0.05275014864684601,0.7153492817439567,0.23190056960919725,0.15317379310845639,-17.81777891448771,False,False,72.18222108551228,False,False
high_8_20,0.07899999999999974,0.27499999999999947,0.2,-0.02773866197830888,0.821379269823991,0.6229464404944709,0.9950183305303152,88.67053324743172,0.04848339482815936,0.7332345190826651,0.21828208608917554,0.18934842542205818,-59.93805554480618,False,False,30.061944455193817,False,False
high_8_20,0.09899999999999931,0.29499999999999993,0.2,0.4320199481908573,0.8412849409581614,0.6517388124807431,0.9960686686645883,86.93346798343896,0.05088845344063519,0.7496980977950043,0.19941344876436062,0.2192863190792918,-20.980311335098712,False,False,69.01968866490128,False,False
high_8_20,0.11899999999999977,0.3149999999999995,0.2,-0.3969095188300871,0.8125838905648649,0.6060363367335309,0.9945183690834178,86.86708494132503,0.06600750185909314,0.7226483559628695,0.21134414217803738,0.18675517634766536,-5.891875045722013,False,False,84.10812495427798,False,False
high_8_20,0.13899999999999935,0.33499999999999996,0.2,0.2656587866455401,0.708110708853148,0.4748089530389364,0.9888386061510649,86.14477294135114,0.1375545830994153,0.613444288518484,0.24900112838210076,0.20715594628911732,-42.52976959972308,False,False,47.47023040027692,False,False
high_8_20,0.1589999999999998,0.35499999999999954,0.2,0.21187229657425716,0.6044039779027547,0.39309898586458975,0.9169080680428134,84.89551321597921,0.18284015253885713,0.5212322644159718,0.2959275830451711,0.1207542194838003,-65.74938852833657,False,False,24.250611471663433,False,False
high_8_20,0.17899999999999938,0.375,0.2,0.20804924416916934,0.6354995315229494,0.40513805689434984,0.6538751885004462,65.89733089575438,0.2616102255826494,0.3865983327135014,0.3517914417038492,0.08163739598933124,-169.68929952614184,False,False,79.68929952614184,False,False
high_8_20,0.19899999999999984,0.3949999999999996,0.2,0.36976881271999346,0.6617858568533314,0.44323516032492527,0.7153746772751709,66.03405736150381,0.25925680022700304,0.42273400772814057,0.31800919204485645,0.16225629917414278,125.8224023654493,False,False,35.82240236544931,False,False
high_8_20,0.21899999999999942,0.41500000000000004,0.2,-1.3199166026669615,0.6544004864821127,0.44676288272546194,0.7126528872187473,67.86218014237407,0.26010278570957224,0.4213122988541284,0.31858491543629924,0.12468875399434645,106.93425431844283,False,False,16.934254318442825,False,False
high_8_20,0.23899999999999988,0.4349999999999996,0.2,-0.08260244043871684,0.6763638093907601,0.488206027924477,0.5953917512050815,57.350991184446265,0.29021688858342265,0.39573776029208635,0.31404535112449106,0.1393178403965676,116.10591085312122,False,False,26.105910853121216,False,False
high_8_20,0.25899999999999945,0.45500000000000007,0.2,0.7261382889470163,0.731616044864676,0.5322664917223098,0.5920830721451454,56.46015787775105,0.2920805887971552,0.38174815041624993,0.32617126078659486,0.21197977308304833,137.79930777832678,False,False,47.79930777832678,False,False
high_8_20,0.2789999999999999,0.47499999999999964,0.2,1.6281598153145511,0.7978743044363197,0.599735972795686,0.5883686896165925,52.07497045793885,0.33165581205429695,0.34847370238039865,0.31987048556530434,0.40607697863760495,143.54155870975413,False,False,53.54155870975413,False,False
high_8_20,0.2989999999999995,0.4950000000000001,0.2,2.165015922118281,0.8586369569124628,0.6788993271471356,0.6652257051569499,50.69630040251022,0.35628211755826383,0.3342585603477703,0.30945932209396587,0.5979849928861853,166.67101347575334,False,False,76.67101347575334,False,False
high_8_20,0.31899999999999995,0.5149999999999997,0.2,0.28666064946078873,0.864504461049683,0.6856460900586807,0.6829499969654869,50.63361273170914,0.35658570188983246,0.32700168425267057,0.3164126138574969,0.6778272331268582,167.37330951234313,False,False,77.37330951234313,False,False
high_8_20,0.3389999999999995,0.5349999999999993,0.2,-0.43179772697979246,0.8904857340031673,0.7345503125071862,0.7473414760990763,53.60416560148147,0.31861322737003744,0.360055992282964,0.32133078034699863,0.8383041130036952,168.7749413708522,False,False,78.77494137085219,False,False
high_8_20,0.359,0.5549999999999997,0.2,-2.012042509419082,0.8820576984279006,0.718180730297123,0.7618274015431783,54.438554578433354,0.3063211780716618,0.3760022102056761,0.3176766117226622,0.8298180215341002,170.12041237332153,False,False,80.12041237332153,False,False
high_8_20,0.37899999999999956,0.5749999999999993,0.2,-2.6212468840844925,0.865351497472311,0.6885973464032591,0.7791159329987163,55.78158679116959,0.28378298856990253,0.3955411347448483,0.32067587668524916,0.8193220388722933,171.63809513225684,False,False,81.63809513225684,False,False
high_8_20,0.399,0.5949999999999998,0.2,-2.1055966779761466,0.8858729757269292,0.7291489614026491,0.7658245476852201,53.56935871553971,0.3087014018483968,0.36751733788455426,0.3237812602670489,0.8824579473702593,176.4651388603342,False,False,86.4651388603342,False,False
high_8_20,0.4189999999999996,0.6149999999999993,0.2,-1.1958580266681471,0.8790338341586098,0.7122290632975511,0.7647898728236381,53.176393516632594,0.3254575034877079,0.37172232858257587,0.3028201679297163,0.8148429414730418,168.35971147540295,False,False,78.35971147540295,False,False
high_8_20,0.43900000000000006,0.6349999999999998,0.2,0.43259775818194013,0.8978563711094205,0.7456106792218359,0.9000731324975263,54.03626263617598,0.3418314504008059,0.47692730382258486,0.18124124577660913,0.8441695148742798,158.11829334479037,False,False,68.11829334479037,False,False
high_8_20,0.45899999999999963,0.6549999999999994,0.2,2.128331273243737,0.7184745570871074,0.5027385647279229,0.9390934559488996,58.01543997936614,0.3946235124081495,0.48949346671859767,0.11588302087325282,0.7244805926615501,115.5791388055029,False,False,25.579138805502893,False,False
high_8_20,0.4790000000000001,0.6749999999999998,0.2,2.092941461485224,0.6100760493823429,0.4453177946170093,0.9819865420612381,73.42689015279106,0.40154102624158944,0.520591445624873,0.07786752813353755,0.7084380509896072,99.71141862874222,False,False,9.711418628742223,False,False
high_8_20,0.49899999999999967,0.6949999999999994,0.2,1.9011458325317498,0.7004642387650912,0.4997340255057443,0.9676714892363097,64.61481214572171,0.37674960061471,0.543829093761882,0.07942130562340796,0.7889157294953423,72.75380691855818,False,False,17.246193081441817,False,False
high_8_20,0.5189999999999992,0.7149999999999999,0.2,1.264690103141477,0.7676256067715701,0.5672446477964983,0.9621818060952099,63.968782607848105,0.3579230302335287,0.568411555851719,0.0736654139147522,0.7953371653642359,66.07961800044248,False,False,23.92038199955752,False,False
high_8_20,0.5389999999999997,0.7349999999999994,0.2,-0.3992819790894228,0.7824676825057657,0.5852484710171799,0.964142645879725,64.531296239457,0.35087503313495877,0.5817017160002281,0.06742325086481303,0.7796823808482314,64.162697353985,False,False,25.837302646015004,False,False
high_8_20,0.5589999999999993,0.7549999999999999,0.2,-0.6055079860732484,0.7849939359338952,0.5904821557011041,0.9699561066746729,66.38799141803969,0.34132664156403875,0.5977907740578372,0.060882584378124,0.736616399217372,64.13857492999607,False,False,25.861425070003932,False,False
high_8_20,0.5789999999999997,0.7749999999999995,0.2,-0.45584756298603213,0.779459086336393,0.5762517203648818,0.9752734517066443,69.53376373754887,0.31653129346350845,0.6164379470462941,0.06703075949019745,0.6827294467595403,64.2632878767942,False,False,25.736712123205805,False,False
high_8_20,0.5989999999999993,0.7949999999999999,0.2,0.33835077044689316,0.7995057917480709,0.5955180510524687,0.9668517174463368,71.96621103891675,0.284366334042222,0.6309079802804715,0.08472568567730651,0.642595956172672,61.57090973832786,False,False,28.429090261672137,False,False
high_8_20,0.6189999999999998,0.8149999999999995,0.2,-0.245973866101233,0.815023262340472,0.6136555632293154,0.9580801962347771,73.68571001820902,0.264357359554154,0.6362853833925863,0.09935725705325962,0.6200174566326263,60.480223425522986,False,False,29.519776574477014,False,False
high_8_20,0.6389999999999993,0.835,0.2,-1.030939293197821,0.8498241599433725,0.6622873023272674,0.9537449749090435,70.65620797376326,0.24116253987507716,0.6478809599731609,0.11095650015176195,0.654485772216658,48.08254733673364,False,False,41.91745266326636,False,False
high_8_20,0.6589999999999998,0.8549999999999995,0.2,-1.0769497622932156,0.8693815381849475,0.6915352634356793,0.9506001183181223,80.94692673821832,0.14359519172197674,0.7096995070622099,0.14670530121581346,0.44316236697516054,48.37285809654356,False,False,41.62714190345644,False,False
high_8_20,0.6789999999999994,0.875,0.2,-0.02137607039203264,0.8178694788532732,0.6080963358834887,0.9577278447169834,84.9149239664159,0.12902095054455912,0.67869064655178,0.1922884029036609,0.34824621302820324,68.79152361167208,False,False,21.208476388327924,False,False
high_8_20,0.6989999999999998,0.8949999999999996,0.2,0.0007078609134332357,0.7536939779752502,0.5392662783499248,0.9578706259363132,85.69281386472353,0.11214604360196483,0.627659084152379,0.26019487224565613,0.3308982049782351,139.5769544500984,False,False,49.57695445009841,False,False
high_8_20,0.7189999999999994,0.915,0.2,0.5040463803717458,0.7028881236207286,0.5090181360761252,0.9026149764504323,87.49898236981709,0.11379107503165906,0.5533030209385262,0.3329059040298147,0.3845786873563274,140.65269179430385,False,False,50.65269179430385,False,False
high_8_20,0.7389999999999999,0.9349999999999996,0.2,0.6697224987004986,0.744680064687866,0.548399911646259,0.8730057470872089,86.8555105475736,0.10791254791593878,0.5520327794902663,0.34005467259379496,0.4222625548203546,147.32483423560709,False,False,57.324834235607085,False,False
high_8_20,0.7589999999999995,0.9550000000000001,0.2,0.12822922183634808,0.7503205624427753,0.5618831277352075,0.8641336829161049,86.85691073853775,0.1077731055541318,0.5469648869307203,0.34526200751514785,0.5535564099371185,134.65177070815542,False,False,44.651770708155425,False,False
high_8_20,0.7789999999999999,0.9749999999999996,0.2,0.7424295433762885,0.6998179735226457,0.5338385495084735,0.866724877038047,86.05752522312206,0.12460156862964174,0.5199428881688293,0.35545554320152906,0.694557023701635,129.10023834531364,False,False,39.10023834531364,False,False
high_8_20,0.7989999999999995,0.9950000000000001,0.2,0.7923361705288333,0.6402860796284835,0.48097940451709703,0.8769169147767237,88.84500514837258,0.13463544477790226,0.5148443973938054,0.35052015782829243,0.6143199011996208,114.9355750748278,False,False,24.935575074827796,False,False
high_8_20,0.819,1.0149999999999997,0.2,0.6109032659871725,0.5836822165875792,0.44122005964672295,0.8195993272923126,86.46059540141361,0.1274981323683264,0.4810594719472667,0.39144239568440686,0.5763857114412291,114.61000940338889,False,False,24.610009403388887,False,False
high_8_20,0.8389999999999995,1.0349999999999993,0.2,0.979136966688872,0.45702347139993815,0.2686912019660189,0.7731128728770774,78.09327334006069,0.21124255839986883,0.4232477770013739,0.3655096645987573,0.28401367881163275,86.6411759939883,False,False,3.3588240060117016,False,False
high_8_20,0.859,1.0549999999999997,0.2,0.9031384551012132,0.46051775232959835,0.2403972405406338,0.7819843354814604,72.37852940592903,0.24102221733969995,0.40567012585698925,0.3533076568033109,0.17055521717052954,42.15903201920321,False,False,47.84096798079679,False,False
high_8_20,0.8789999999999996,1.0749999999999993,0.2,1.4238544202266517,0.4979447356115885,0.25265513077140495,0.8517472567551018,56.370487634060424,0.33981179959660845,0.3664203755269281,0.29376782487646347,0.28406924727421673,4.853249842283611,False,False,85.14675015771638,False,False
high_8_20,0.899,1.0949999999999998,0.2,1.8573571872299857,0.591500614452481,0.33094661573234097,0.9224887001332199,50.47969499870862,0.371178262059047,0.3847778974863136,0.2440438404546394,0.4123474331234055,-23.861399781780815,False,False,66.13860021821918,False,False
high_8_20,0.9189999999999996,1.1149999999999993,0.2,1.143898058201444,0.598225501306769,0.3434402092576186,0.9690372990295659,39.216961460104095,0.4425875695958843,0.3663802491395145,0.19103218126460114,0.44729322959340995,-41.715703580357236,False,False,48.284296419642764,False,False
high_8_20,0.9390000000000001,1.1349999999999998,0.2,1.386741692839384,0.6847535053408234,0.4234304452652431,0.9765967139562204,29.067009872830216,0.5220420649466537,0.3096224704921811,0.1683354645611651,0.4781027279091991,-33.18364408289584,False,False,56.81635591710416,False,False
high_8_20,0.9589999999999996,1.1549999999999994,0.2,1.030720198840657,0.6820231729864176,0.41914593927710014,0.9978154480595951,27.39259905605427,0.5230625028215846,0.2793092005971011,0.19762829658131423,0.5259091440788894,-30.80990498110625,False,False,59.19009501889375,False,False
high_8_20,0.9790000000000001,1.1749999999999998,0.2,2.137913770837559,0.7745030656282786,0.5364680364594286,0.9882576182675971,29.454407438592508,0.5544071217566279,0.2606446794628034,0.18494819878056878,0.6686535457318421,-22.76206388215607,False,False,67.23793611784393,False,False
high_8_20,0.9989999999999997,1.1949999999999994,0.2,1.9933473997898759,0.7796341677047978,0.5495795434928162,0.9364206942760663,29.925643932953193,0.5586545304725765,0.23161862054482346,0.20972684898260013,0.7095508902892329,-21.84394375131894,False,False,68.15605624868107,False,False
high_8_20,1.0189999999999992,1.2149999999999999,0.2,2.9933380117688864,0.8526433511168068,0.6610086024402121,0.9510079045946644,30.953349558061873,0.5968363452090591,0.2555436771660936,0.14761997762484724,0.7701466319480446,-21.491381831469266,False,False,68.50861816853073,False,False
high_8_20,1.0389999999999997,1.2349999999999994,0.2,2.5934992475155654,0.7896352105704201,0.5587981760221195,0.9627514147388272,34.62080177024885,0.5384883828573148,0.3273796618133786,0.13413195532930655,0.6514763336624916,-31.305129425871158,False,False,58.69487057412884,False,False
high_8_20,1.0589999999999993,1.255,0.2,1.8170455560251346,0.7796457558860779,0.5490033142163567,0.9644916787207266,37.47305462729737,0.511993353816796,0.3643594911753763,0.12364715500782765,0.6216072897328756,-32.75519814457698,False,False,57.24480185542302,False,False
high_8_20,1.0789999999999997,1.2749999999999995,0.2,2.9494007207519055,0.6687896822901638,0.44403622878350124,0.9647285406955348,55.90152516326326,0.4017067869839334,0.48100437415188,0.11728883886418656,0.31158944527841775,-20.91066548353428,False,False,69.08933451646573,False,False
high_8_20,1.0989999999999993,1.295,0.2,2.1805236914348383,0.6363857690663923,0.42333663130510113,0.9518221248822384,60.07349817942347,0.3877909867897783,0.48705779710257263,0.125151216107649,0.22759481228119186,-18.364685052816384,False,False,71.63531494718362,False,False
high_8_20,1.1189999999999998,1.3149999999999995,0.2,1.3555942674029806,0.6517741936748421,0.4380405321128578,0.9582170639643276,74.65864071217547,0.3430143785193376,0.5338022404559684,0.12318338102469405,0.13963026456636157,19.33442985123202,False,False,70.66557014876798,False,False
high_8_20,1.1389999999999993,1.335,0.2,0.8971328261691013,0.7053314960880523,0.4855419359656463,0.9559799658406508,83.85676916392617,0.29209873586856916,0.5830943425468043,0.12480692158462656,0.06291263688966862,-34.49278247207077,False,False,55.50721752792923,False,False
high_8_20,1.1589999999999998,1.3549999999999995,0.2,2.4289011938838696,0.7334082959923871,0.5226150554976708,0.9862331040533698,82.11914894227412,0.29572642311493114,0.6207753696998024,0.08349820718526645,0.1473073510313065,-154.22901659390297,False,False,64.22901659390297,False,False
high_8_20,1.1789999999999994,1.375,0.2,2.0459290030833484,0.7708988452021255,0.55156108639779,0.9926225460447832,74.19471692684169,0.2693675729492939,0.6384031048047372,0.09222932224596894,0.37696884282994936,-140.51813559537575,False,False,50.51813559537575,False,False
high_8_20,1.1989999999999998,1.3949999999999996,0.2,4.261150572428686,0.8023295070027204,0.5922916059540878,0.9997465557375231,60.62499963674989,0.34091750241770735,0.5823292160700351,0.07675328151225748,0.4916942695948744,-175.50756379359078,True,True,85.50756379359078,False,False
high_8_20,1.2189999999999994,1.415,0.2,4.7589653611353615,0.883559750725814,0.7201806784146487,0.9995791932981538,57.327244085617885,0.3060718163748711,0.6032605759166567,0.09066760770847228,0.7491214437875056,-179.27831110693288,True,True,89.27831110693288,False,False
high_8_20,1.2389999999999999,1.4349999999999996,0.2,5.320136317464955,0.9027024503594602,0.7587026390616658,0.9958478737917886,52.28694295098286,0.3608567931575348,0.5539995075257479,0.0851436993167173,0.835453707012897,168.56898698463942,True,True,78.56898698463942,False,False
high_8_20,1.2589999999999995,1.455,0.2,5.992453493532766,0.9258389373804317,0.8078168140331403,0.9931930966405843,52.645758959970124,0.3547022851278871,0.5667202988720008,0.07857741600011223,0.8927376505907589,166.05616927646707,True,True,76.05616927646707,False,False
high_8_20,1.279,1.4749999999999996,0.2,2.9931853544235594,0.933884738782564,0.8258188766971274,0.9837995739508792,49.68999043059973,0.38973713646454317,0.5237463370447755,0.08651652649068133,0.9145848282187682,169.1860720451766,False,False,79.18607204517659,False,False
high_8_20,1.2989999999999995,1.495,0.2,1.779460003718701,0.9248791042646365,0.8059833338017843,0.9794894750805763,49.23574367832653,0.3931047348797432,0.5148365902214108,0.09205867489884595,0.8849635633984928,168.1346183506848,False,False,78.1346183506848,False,False
high_8_20,1.319,1.5149999999999997,0.2,0.9490943479752029,0.9025868037898663,0.7579699576318611,0.9785869783175077,51.4172080914792,0.37718186634128703,0.5322361539371516,0.09058197972156129,0.7934684686938063,171.8742975465095,False,False,81.8742975465095,False,False
high_8_20,1.3389999999999995,1.5349999999999993,0.2,3.0465905855939615,0.8601300452434603,0.6812896936090194,0.9810031741739477,53.88716179656121,0.34349862611307896,0.5592631983160129,0.09723817557090816,0.6915966942280932,167.05307127591493,False,False,77.05307127591493,False,False
high_8_20,1.359,1.5549999999999997,0.2,4.346102707223788,0.8497961620549009,0.6641568805320596,0.982425551454226,57.23396278933294,0.31990165959651357,0.5743240929933183,0.1057742474101681,0.6490252222998585,171.6056354166388,True,True,81.60563541663879,False,False
high_8_20,1.3789999999999996,1.5749999999999993,0.2,2.9850096285944345,0.837332396364462,0.6499894480678509,0.9907790610929526,59.30703074980303,0.3010052196877628,0.5967232868647754,0.10227149344746173,0.6190094661017855,169.59116874267977,False,False,79.59116874267977,False,False
high_8_20,1.399,1.5949999999999998,0.2,2.2214720954926817,0.8467259124870978,0.6628325376065455,0.9986264415509023,65.32151901506309,0.25127405017997023,0.6542381587081738,0.09448779111185603,0.5796991910245681,-179.5283892914802,False,False,89.52838929148021,False,False
high_8_20,1.4189999999999996,1.6149999999999993,0.2,0.0899297391056342,0.8507669063472492,0.6697035326152436,0.9987566615706415,68.0567330520628,0.23397399985444275,0.6806001214902044,0.08542587865535278,0.5362369123548464,-176.73593626216243,False,False,86.73593626216243,False,False
high_8_20,1.439,1.6349999999999998,0.2,-0.3519249003757281,0.8593431637627303,0.6825200171596842,0.9999316599730725,76.91326225566203,0.15531158735757736,0.7452022178868748,0.09948619475554785,0.5273619004039555,-145.40838849540364,False,False,55.40838849540364,False,False
high_8_20,1.4589999999999996,1.6549999999999994,0.2,0.20056241358111887,0.8388766298553009,0.6488109433227608,0.9995573084696249,81.5092971269516,0.12953256364031016,0.740850795324515,0.1296166410351748,0.5440358904415977,-124.70789442645808,False,False,34.70789442645808,False,False
high_8_20,1.479,1.6749999999999998,0.2,0.819295334133383,0.8357711292859732,0.6448844228666905,0.9999957386820018,82.31964761777476,0.1126267829513177,0.7415233976909285,0.1458498193577538,0.5441662804377165,-123.25056318236655,False,False,33.25056318236655,False,False
high_8_20,1.4989999999999997,1.6949999999999994,0.2,1.2943809970645996,0.8443056200145487,0.6599125363432375,0.9959119396402,78.50969858441472,0.1020094005157037,0.7375447098403013,0.160445889643995,0.6716448512991573,-133.0108076558536,False,False,43.0108076558536,False,False
high_8_20,1.5189999999999992,1.7149999999999999,0.2,1.7600201428076272,0.827152103818575,0.6386210416655627,0.9854594181217121,74.28187648498609,0.1154088490415594,0.6835375750229996,0.20105357593544107,0.6637696538075517,-149.76340684963836,False,False,59.76340684963836,False,False
high_8_20,1.5389999999999997,1.7349999999999994,0.2,1.172016222364557,0.8693020485802925,0.7041814412790347,0.9596808169791728,68.85109864323314,0.12329799873795248,0.6770174661850168,0.19968453507703063,0.8468743940760625,-159.4323085631678,False,False,69.4323085631678,False,False
high_8_20,1.5589999999999993,1.755,0.2,0.816895022261022,0.8501121795067221,0.6721362365460155,0.960777994906642,69.78260415096484,0.12529193476907247,0.6537528085511791,0.22095525667974847,0.7998965128285459,-157.76176440693973,False,False,67.76176440693973,False,False
high_8_20,1.5789999999999997,1.7749999999999995,0.2,-0.06283195525336406,0.8572464484612913,0.6764465597619275,0.9305176118662549,70.84163876180357,0.14969543153789105,0.6419477340078152,0.2083568344542938,0.5961853567282257,-172.71292939194583,False,False,82.71292939194583,False,False
high_8_20,1.5989999999999993,1.795,0.2,-0.34779136879787986,0.8704070189657038,0.7051401886206884,0.9213217728136317,72.7153609829377,0.12695528210132068,0.6567550019427307,0.21628971595594862,0.5679977585708451,-176.84084264335058,False,False,86.84084264335058,False,False
high_8_20,1.6189999999999998,1.8149999999999995,0.2,-0.6321081764903064,0.8580220023983597,0.6855236631446002,0.8955046230439734,70.47898227777684,0.1520611990803115,0.6119459561823801,0.23599284473730833,0.5448105834032799,173.61151532043093,False,False,83.61151532043093,False,False
high_8_20,1.6389999999999993,1.835,0.2,-0.42759216351567714,0.8482320808098818,0.6667023819283148,0.8897025576994857,71.87418432757893,0.15231338687603035,0.6055657111343543,0.24212090198961536,0.5189894017667193,156.74317810365497,False,False,66.74317810365497,False,False
high_8_20,1.6589999999999998,1.8549999999999995,0.2,0.035689942793011284,0.8091688985177687,0.6124489501079458,0.8507303415860296,72.17380845272397,0.1480734004723838,0.5567157110075887,0.2952108885200276,0.46472644323935164,147.67645200784435,False,False,57.67645200784435,False,False
high_8_20,1.6789999999999994,1.875,0.2,0.4749589037408401,0.7963095739695256,0.5970965024278522,0.8676939181117497,72.69351794455086,0.14811193913549123,0.5673951595561356,0.2844929013083731,0.4678170243940403,141.8355957752321,False,False,51.83559577523209,False,False
high_8_20,1.6989999999999998,1.8949999999999996,0.2,-0.2270397818242561,0.7091886916575987,0.5037605359761627,0.8938363056462975,76.47327761086784,0.12912028804822379,0.5546219704708281,0.31625774148094815,0.40478282154364054,125.92710330240699,False,False,35.92710330240699,False,False
high_8_20,1.7189999999999994,1.915,0.2,-0.718958662387891,0.6671336881385742,0.4578305355953752,0.9615707071073638,82.85649788934664,0.12250883693447985,0.5705967758751666,0.3068943871903536,0.4601046977647611,104.73982444271408,False,False,14.739824442714081,False,False
high_8_20,1.7389999999999999,1.9349999999999996,0.2,-0.24129927772861975,0.7209958982127861,0.4989222749989948,0.6358434556736356,72.03791611187069,0.14958287232564013,0.4272016881851259,0.4232154394892339,0.5689784332063195,107.99614740057024,False,False,17.996147400570237,False,False
high_8_20,1.7589999999999995,1.955,0.2,0.39985269683542823,0.7679337948913567,0.536016684762505,0.6023995085689736,70.36737926860347,0.18503327795948393,0.3726724965941916,0.4422942254463246,0.7711675300990556,108.76569947159169,False,False,18.765699471591688,False,False
high_8_20,1.779,1.9749999999999996,0.2,1.4489928801522947,0.7839550735613444,0.5539641532096186,0.5079039835607759,70.94243668727516,0.1802381052271503,0.3083579358276473,0.5114039589452024,0.5702839373052255,116.40285760947737,False,False,26.402857609477365,False,False
high_8_20,1.7989999999999995,1.995,0.2,2.875046306161474,0.7319955278261591,0.5065595758188568,0.6707928293754042,87.52864439291281,0.1752261083891339,0.4142055331278356,0.4105683584830305,0.270797499525246,26.60393838978467,False,False,63.39606161021533,False,False
high_8_20,1.819,2.0149999999999997,0.2,4.262304747895037,0.7687483984405845,0.5479751621590239,0.8597647696569868,84.59868708015848,0.12426473816084198,0.5488408830627428,0.3268943787764153,0.33988560959836106,13.077594480729868,True,False,76.92240551927013,False,False
high_8_20,1.8389999999999995,2.0349999999999993,0.2,3.971267517847306,0.7820962732431389,0.5674369192957214,0.9142809888473423,82.92664761658942,0.11241004862353203,0.600870473626651,0.28671947774981693,0.42012084738705285,-25.31253562557261,False,False,64.68746437442739,False,False
high_8_20,1.859,2.0549999999999997,0.2,3.7727458908217275,0.8132605930927281,0.607316106605476,0.9239655216220723,82.20592069144652,0.1036592589106368,0.6316620477580804,0.26467869333128274,0.4683581389764643,-30.346676597284823,False,False,59.65332340271517,False,False
high_8_20,1.8789999999999996,2.0749999999999993,0.2,0.9179065401801024,0.8009946956322698,0.5937427728336232,0.9063430951253713,82.4813671100501,0.1031084402081139,0.6043444234699007,0.2925471363219854,0.498337480774931,-33.021060252055904,False,False,56.978939747944096,False,False
high_8_20,1.899,2.0949999999999998,0.2,1.1234622644579162,0.8295428353285179,0.6329912043411541,0.9140168065369574,80.24299930299668,0.11276420958806234,0.6260879995048684,0.2611477909070693,0.5062288620281326,-17.81176474234611,False,False,72.18823525765389,False,False
high_8_20,1.9189999999999996,2.1149999999999993,0.2,1.6726111990173886,0.8392537729011522,0.6486425111748971,0.9134461040756918,79.98528334617889,0.11489240524005997,0.6287861680602986,0.2563214266996414,0.4943963067433921,-8.559924031431867,False,False,81.44007596856814,False,False
high_8_20,1.939,2.135,0.2,2.432172527299281,0.8658023453557177,0.6880659802763558,0.9097028441855342,76.41926587364317,0.12161725707130062,0.6339909889083166,0.24439175402038274,0.5981821236269426,-8.43328411776454,False,False,81.56671588223546,False,False
high_8_20,1.9589999999999996,2.1549999999999994,0.2,0.6286774068478564,0.8826993606369076,0.7194877511761456,0.9192985834256997,75.62784393094161,0.1104288150381172,0.655775539115353,0.23379564584652987,0.6638281396810463,-4.925383805514624,False,False,85.07461619448537,False,False
high_8_20,1.979,2.175,0.2,1.3486608750022988,0.8997412040368111,0.7514114790300123,0.9465619101097072,76.83891019637026,0.09408703356155076,0.7232464304896596,0.1826665359487895,0.6235864256651706,-2.206715449510186,False,False,87.79328455048982,False,False
high_8_20,1.9989999999999997,2.1949999999999994,0.2,1.8854025689395513,0.8698682185301978,0.6935059709315393,0.9551489584893728,81.1812508906389,0.07826868146549562,0.7382605740731517,0.1834707444613527,0.4646487525654411,-13.487399840270331,False,False,76.51260015972967,False,False
high_8_20,2.0189999999999992,2.215,0.2,3.846273292292533,0.8606513592035077,0.6768962525107658,0.982995616969844,84.7946932316611,0.0764553375314923,0.7529790967171,0.17056556575140783,0.27019494992945364,-15.023269739120073,False,False,74.97673026087993,False,False
high_8_20,2.0389999999999997,2.2349999999999994,0.2,2.849719153837186,0.8420510148291922,0.6452394393061023,0.9801450937280332,86.1122779523534,0.07753021691349157,0.7352771235439876,0.18719265954252087,0.21260826637891564,-35.351527438942576,False,False,54.648472561057424,False,False
high_8_20,2.0589999999999993,2.255,0.2,1.3158893837249244,0.8444206501421943,0.6501565502117846,0.984979793589579,85.07504674109288,0.07855501764760484,0.7412970682616732,0.18014791409072206,0.23716383503663707,-21.04752525827719,False,False,68.95247474172281,False,False
high_8_20,2.0789999999999997,2.2749999999999995,0.2,2.4661303787258726,0.8763802684276862,0.7056515524536909,0.9953807456115716,82.16821754583144,0.08511132860094574,0.7902891329059375,0.12459953849311674,0.3998782455026904,-24.71430866069712,False,False,65.28569133930287,False,False
high_8_20,2.0989999999999993,2.295,0.2,4.895566009502754,0.8922748635914719,0.7348859110887523,0.9900526175583758,86.809546708453,0.07216244049932426,0.8051969787480545,0.12264058075262127,0.4974926365881295,-70.25809902166695,True,True,19.74190097833305,False,False
high_8_20,2.1189999999999998,2.3149999999999995,0.2,4.898353094804781,0.8763306649127791,0.7030518145425253,0.9949712213806128,83.71669607657229,0.12404457514814884,0.7807685713803945,0.09518685347145672,0.608898718365909,-65.86120622533534,True,True,24.138793774664663,False,False
high_8_20,2.1389999999999993,2.335,0.2,4.42715939671586,0.8658084325950804,0.6835764772038868,0.9957629872969745,85.07890595223323,0.13171082694710473,0.7765297063402036,0.09175946671269172,0.7097217877585588,-75.55171554908124,True,True,14.448284450918763,True,False
high_8_20,2.159,2.3549999999999995,0.2,3.374815756511492,0.784200366564752,0.5563422464179694,0.9968680318526085,85.95560435154727,0.1658225190079283,0.6847611490920369,0.14941633190003484,0.6449348155242618,-81.38445973317613,False,False,8.61554026682387,False,False
high_8_20,2.1789999999999994,2.375,0.2,4.491575930606405,0.6604395307047367,0.4240604872810727,0.9996985458053396,88.60742492189759,0.16975915092741375,0.6002413701115334,0.22999947896105277,0.5264345413629357,-86.85114482321569,True,False,3.148855176784309,False,False
high_8_20,2.199,2.3949999999999996,0.2,4.082963861022245,0.6108588193596686,0.3995130446720314,0.9945290085214842,86.32951381495201,0.16847418946447573,0.5695361976605192,0.2619896128750051,0.5218353453569747,-94.55743551994127,True,False,4.557435519941265,False,False
high_8_20,2.2189999999999994,2.415,0.2,4.552619077766955,0.5822225639913774,0.38248425198599545,0.9398403872681209,84.17180209395282,0.1760389732045117,0.5177493338028074,0.3062116929926809,0.4412504393607681,-89.1976175430253,True,False,0.8023824569746978,False,False
high_8_20,2.239,2.4349999999999996,0.2,2.5380975491973063,0.6140418155308194,0.4030378456595061,0.9193253069379088,82.68581848833453,0.16921813919618453,0.5246760001965215,0.306105860607294,0.3949886533621745,-93.22685570253886,False,False,3.226855702538856,False,False
high_8_20,2.2589999999999995,2.455,0.2,1.9143643093281608,0.6270474907764485,0.40739699326709444,0.871661538143137,80.10456084761279,0.17448980373238218,0.5096200587167943,0.31589013755082346,0.42440588335753676,-96.06341908638639,False,False,6.063419086386389,False,False
high_8_20,2.279,2.4749999999999996,0.2,-1.0296242297956917,0.645104781842336,0.4107611090845415,0.7627722551432145,71.56888074341288,0.1823782011372351,0.4671927056791532,0.3504290931836116,0.39355398959200405,-118.63992480728248,False,False,28.639924807282483,False,False
high_8_20,2.2989999999999995,2.495,0.2,-0.3722436739635059,0.7345308641955903,0.49416027437742993,0.6498360494513203,70.31733788772965,0.21808555377059946,0.3800264347671704,0.4018880114622302,0.21783921959871375,-144.85016269184894,False,False,54.850162691848936,False,False
high_8_20,2.319,2.5149999999999997,0.2,-0.20290022982289088,0.8308725076093214,0.6216233115200643,0.6193953815305492,70.4357615371567,0.1805832070403373,0.34832489695270674,0.4710918960069559,0.4750572266223542,-168.81244391533596,False,False,78.81244391533596,False,False
high_8_20,2.3389999999999995,2.5349999999999993,0.2,0.7327504677289168,0.8102480262304761,0.5916266824085659,0.639950977262962,71.64412691990938,0.18643848515411623,0.34996860545529007,0.46359290939059367,0.5677118768240889,178.1851199077306,False,False,88.18511990773061,False,False
high_8_20,2.359,2.5549999999999997,0.2,2.911463721374526,0.8014762670893695,0.593307845564654,0.8299562725188947,76.90949393887843,0.11830612043086035,0.510737380935516,0.37095649863362357,0.6205429866568246,171.09003781333047,False,False,81.09003781333047,False,False
high_8_20,2.3789999999999996,2.5749999999999993,0.2,5.833723706083737,0.8359317440980775,0.6448540566328684,0.9753395386028129,76.37955429555961,0.1011101489147667,0.6928642964132187,0.20602555467201472,0.6644110841735575,162.014920891555,True,True,72.014920891555,False,False
high_8_20,2.399,2.5949999999999998,0.2,8.053933675092786,0.8949314113056859,0.7470640087904973,0.9972017769344762,81.08316897870483,0.07469186040913448,0.7989949609449534,0.12631317864591207,0.5388100256734716,156.4572329722926,True,True,66.45723297229259,False,False
high_8_20,2.4189999999999996,2.6149999999999993,0.2,6.230127649509565,0.9074326777450263,0.7707149689791247,0.9996198817774078,79.90698059995658,0.08833460346128903,0.8197989679431187,0.09186642859559224,0.5580899333311664,152.7435125237004,True,True,62.74351252370039,False,False
high_8_20,2.439,2.635,0.2,5.606201230199439,0.8978664823095981,0.7493902680561396,0.9963830738778336,81.98249879353433,0.11591291402912762,0.8096979454518296,0.07438914051904275,0.49246246021920675,128.9423611063151,True,True,38.942361106315104,False,False
high_8_20,2.4589999999999996,2.6549999999999994,0.2,4.860885437639001,0.8917953936864306,0.7379429853835044,0.9957655545920303,89.63225504713122,0.1275675274687029,0.8155479763826883,0.05688449614860884,0.18634010056396808,91.6796385428823,True,True,1.6796385428823015,False,False
high_8_20,2.479,2.675,0.2,6.379572866207516,0.88456088832978,0.7251296644384054,0.995756118214292,86.1591212558119,0.14309852316705537,0.8043802201101663,0.052521256722778284,0.1614559170429965,24.176501928227445,True,True,65.82349807177255,False,False
high_8_20,2.4989999999999997,2.6949999999999994,0.2,9.158338174115732,0.9023662028163735,0.7575806893012658,0.9869315159775028,82.22041653432532,0.13118642687414328,0.8022707480176076,0.06654282510824926,0.2964812855758509,-0.1379889229663576,True,True,89.86201107703364,False,False
high_8_20,2.5189999999999992,2.715,0.2,7.326049946673244,0.8909990186868969,0.7331334305825856,0.9901057949140174,80.36253790848654,0.13753118480198848,0.7846312223236903,0.07783759287432127,0.35830585754912203,-3.889270420586902,True,True,86.1107295794131,False,False
high_8_20,2.5389999999999997,2.7349999999999994,0.2,5.775683970678575,0.8831578596172232,0.7168215451466593,0.9912526577829462,78.99112987684762,0.13567604063716474,0.7740997441995,0.09022421516333523,0.39248375352752246,3.3831097923263194,True,True,86.61689020767368,False,False
high_8_20,2.5589999999999993,2.755,0.2,3.3944284455045244,0.8685503422721204,0.6881137418879667,0.9946518649626787,77.70300327460471,0.13740781443641337,0.753353591331467,0.10923859423211968,0.4392518013984334,3.76903495977,False,False,86.23096504023,False,False
high_8_20,2.5789999999999997,2.7749999999999995,0.2,5.639720737922458,0.8574570766098897,0.6693767340791968,0.9984423991005524,74.28076005276571,0.1320242431203479,0.7409564819498524,0.1270192749297997,0.5432101753753708,5.812160015201174,True,True,84.18783998479883,False,False
high_8_20,2.5989999999999993,2.795,0.2,9.54547664166855,0.8805848139616407,0.7132178849467017,0.9999471991913431,75.253163696708,0.1239338028345394,0.7581952937543164,0.11787090341114417,0.5912451204934543,-7.625468356780414,True,True,82.37453164321958,False,False
high_8_20,2.6189999999999998,2.8149999999999995,0.2,13.586424337265525,0.9085822200552676,0.7720469256124357,0.9910894240461577,75.53554220162466,0.09555261482341688,0.7885798061797324,0.11586757899685066,0.7104755348516182,-8.444234281146738,True,True,81.55576571885327,False,False
high_8_20,2.6389999999999993,2.835,0.2,14.604894749149429,0.9133937168562843,0.7822167895560057,0.9949381276399933,76.58445178597529,0.08106618571385338,0.7993145173319216,0.11961929695422496,0.7269048829677777,-6.793205823138143,True,True,83.20679417686186,False,False
high_8_20,2.659,2.8549999999999995,0.2,7.795221406210028,0.9104858063493507,0.7762499823306394,0.9891202810646874,77.98553226119162,0.07096745986199465,0.798304672443791,0.1307278676942143,0.7008212938624131,-6.478128587480271,True,True,83.52187141251973,False,False
high_8_20,2.6789999999999994,2.875,0.2,5.324110992445622,0.9129374894116001,0.7821220318627219,0.9859150044381397,79.27244359880156,0.05922914580073555,0.8044740001584014,0.13629685404086303,0.6971476650652683,0.07996846735765784,True,True,89.92003153264234,False,False
high_8_20,2.699,2.8949999999999996,0.2,2.447877342931113,0.93524340703756,0.8298108861158897,0.9675435425659205,81.15297108831851,0.052184216138012864,0.8135303287971446,0.13428545506484252,0.660895490298028,17.310090256073206,False,False,72.68990974392679,False,False
high_8_20,2.7189999999999994,2.915,0.2,4.562898791334784,0.9363214914783218,0.8317334001403924,0.9690257074686721,80.64014611016047,0.061469481597550654,0.8147101198382003,0.12382039856424903,0.6387619158543024,17.57785974996111,True,True,72.4221402500389,False,False
high_8_20,2.739,2.9349999999999996,0.2,3.7463518429883336,0.945058722303506,0.8522041856199714,0.9722999767663795,79.93934336659706,0.059976374546729945,0.827275745243571,0.11274788020969902,0.6613128001586214,6.576752521922483,False,False,83.42324747807751,False,False
high_8_20,2.7589999999999995,2.955,0.2,4.522292732149107,0.9169522779030769,0.7865356534919186,0.9785383820763627,80.35287329853206,0.1019704491242384,0.8015486004685838,0.09648095040717782,0.44304415275957054,2.4125320060987185,True,True,87.58746799390129,False,False
high_8_20,2.779,2.9749999999999996,0.2,4.951980813727001,0.8943469120813429,0.7388387159282432,0.9877859730545638,80.036442310495,0.11839019908725176,0.7894724678809947,0.09213733303175357,0.4288195131685311,-26.234491754833968,True,True,63.76550824516603,False,False
high_8_20,2.7989999999999995,2.995,0.2,6.816759739539518,0.8755942316353718,0.7019249740569987,0.9823399550149051,82.91855365848282,0.12830023684384403,0.7663798251126553,0.10531993804350066,0.27454933110354834,-19.198244657009855,True,True,70.80175534299015,False,False
high_8_20,2.819,3.0149999999999997,0.2,5.318377782799527,0.7667127176166736,0.5286990977225657,0.9965804554646337,88.21816093808755,0.19077585557480745,0.7002132822142765,0.10901086221091606,0.19806076559581937,-66.65558013619595,True,False,23.34441986380405,False,False
high_8_20,2.8389999999999995,3.0349999999999993,0.2,5.133830979136839,0.7981594239472417,0.5793819347430529,0.9766416505507539,89.06581235976849,0.20981189805399011,0.6799674077716965,0.11022069417431343,0.2527749199765573,-90.92086612035415,True,True,0.9208661203541482,False,False
high_8_20,2.859,3.054999999999999,0.2,3.9590692902996234,0.7734628394831626,0.5434810317344547,0.9888270004982952,89.83131590948851,0.2166465003103407,0.6719042195699414,0.1114492801197179,0.345679289099486,-89.65868184892513,False,False,0.34131815107487284,False,False
high_8_20,2.8789999999999996,3.075,0.2,3.747831653946219,0.7420515912657315,0.5017914625381661,0.99172164682832,89.09902779988874,0.22534473853571124,0.6536268418407497,0.12102841962353902,0.48003508186355526,-86.60498920182968,False,False,3.3950107981703184,False,False
high_8_20,2.899,3.0949999999999998,0.2,6.56109000740122,0.7245792532395801,0.46867086646178024,0.9870311467027483,87.83990625314536,0.19171212305748017,0.6290830408134345,0.17920483612908525,0.4914330753753139,-85.10506976289544,True,False,4.89493023710456,False,False
high_8_20,2.9189999999999996,3.1149999999999993,0.2,6.776939655910955,0.7601566810095921,0.5162862894707886,0.9798772165022567,88.02012834341895,0.15639067599407788,0.6491408215032223,0.19446850250269984,0.6745697723543886,-95.56330116051201,True,False,5.563301160512012,True,False
high_8_20,2.939,3.134999999999999,0.2,6.202351407345974,0.715962681582141,0.47440189637033886,0.972012981672809,88.77100734741829,0.15149376709323906,0.6119607050947757,0.23654552781198518,0.6263931519632673,-97.5282900438286,True,False,7.528290043828605,False,False
high_8_20,2.9589999999999996,3.1550000000000002,0.2,6.2848774368356075,0.7895007287733596,0.5697718391684953,0.9735954688082429,84.554367486745,0.09709998079325252,0.6832186094851656,0.2196814097215819,0.789861418901538,-77.41189180546884,True,True,12.58810819453116,False,False
high_8_20,2.979,3.175,0.2,7.664012856627938,0.7792883158227111,0.5501840618103574,0.9698307384550783,81.2515492892802,0.12156653503873398,0.6686732240174491,0.2097602409438169,0.7642591120423435,-69.26555349113434,True,True,20.73444650886566,True,False
high_8_20,2.9989999999999997,3.1949999999999994,0.2,13.773846017211246,0.8793659165871421,0.709455761609922,0.9682894001616839,74.00079174237166,0.12996794134975034,0.7132275961139098,0.15680446253633987,0.8718318313236216,-45.52375028118624,True,True,44.47624971881376,False,False
high_8_20,3.0189999999999992,3.214999999999999,0.2,13.894214032396327,0.8634039398931879,0.6807866656901641,0.9731670512897028,72.73832268937585,0.14614689984730464,0.6903316472559058,0.16352145289678957,0.8807042196114427,-43.115812112793755,True,True,46.884187887206245,False,False
high_8_20,3.038999999999999,3.2350000000000003,0.2,10.199732781760828,0.88492650910739,0.7228242181982263,0.9681260757132397,71.65115075084783,0.15040849962039154,0.691177131801294,0.15841436857831445,0.9532954562857919,-43.18068354701396,True,True,46.81931645298604,False,False
high_8_20,3.059,3.255,0.2,6.406995778393097,0.8807041338319662,0.7133617935209057,0.9709346737211125,73.8835890562723,0.1444799572306398,0.7098653847268886,0.14565465804247163,0.8970592419872272,-47.37475742217066,True,True,42.62524257782934,False,False
high_8_20,3.0789999999999997,3.2749999999999995,0.2,7.241801084326276,0.8829864246621527,0.7181852002483443,0.9693568335655376,76.2480242927224,0.13065306794526788,0.7272590196604634,0.14208791239426877,0.7501765252293561,-43.25785818179546,True,True,46.74214181820454,False,False
high_8_20,3.0989999999999993,3.294999999999999,0.2,9.863564779179223,0.8875160800939216,0.7268210369181368,0.9817903712448762,78.90778124727002,0.13561261814037998,0.7612618110465275,0.10312557081309254,0.6406620232747352,-48.695781245590055,True,True,41.304218754409945,False,False
high_8_20,3.118999999999999,3.3150000000000004,0.2,11.197663919835879,0.8792023598582033,0.7128312416162318,0.9803504787527113,85.24388990854294,0.14205154828008507,0.7671545741885332,0.0907938775313819,0.41107363029988264,-63.627853089616536,True,True,26.372146910383464,False,False
high_8_20,3.1390000000000002,3.335,0.2,11.478312357002347,0.8700857740600216,0.7043894120041417,0.9828528883849257,85.62198043655016,0.16698937045241305,0.7633373851439389,0.06967324440364796,0.44023156291739984,-68.77615208315717,True,True,21.22384791684283,False,False
high_8_20,3.159,3.3549999999999995,0.2,7.333971766324437,0.8402200355889308,0.6594816590532354,0.978374942306517,89.66318730954568,0.19724201041846665,0.7295000386150885,0.07325795096644488,0.445177159421138,-87.41408093511062,True,True,2.5859190648893815,False,False
high_8_20,3.1789999999999994,3.374999999999999,0.2,6.836960574824986,0.8371758559031065,0.6557500511471999,0.9765055713376993,86.15363979302963,0.2040559486667968,0.7196572231359177,0.0762868281972855,0.23183658344612426,-102.81860733184845,True,True,12.818607331848455,False,False
high_8_20,3.198999999999999,3.3950000000000005,0.2,4.833673800070073,0.8364265038295559,0.6541459352326693,0.9649906121252823,71.44273674748904,0.24088293217303927,0.6687756965569043,0.09034137127005643,0.48491758953505104,-137.38160371895276,True,True,47.38160371895276,False,False
high_8_20,3.2190000000000003,3.415,0.2,8.532904082487017,0.9111748243083952,0.7794244156789223,0.97010589260747,67.41133889749796,0.23620738600427713,0.6979901106493243,0.0658025033463986,0.6678774687615637,-151.7016845190898,True,True,61.70168451908981,False,False
high_8_20,3.239,3.4349999999999996,0.2,9.015369668651863,0.886132191162827,0.7330310094519188,0.9768357122499164,68.37728193753316,0.2409696234250626,0.6994115838296969,0.05961879274524051,0.6479198518571824,-143.5885706107669,True,True,53.58857061076691,False,False
very_high_20_45,-5.001,-4.905,0.1,0.16437520700587402,0.7442641420329349,0.49300052443660325,0.4840427245770466,63.48844171083578,0.2640839288708646,0.2554893381638194,0.480426732965316,0.4843092536077339,-31.64133673059587,False,False,58.35866326940413,False,False
very_high_20_45,-4.993,-4.897,0.1,0.020620709014727734,0.7865023964338718,0.555241659895169,0.7075479180407779,70.12821459554966,0.24740389002111243,0.3805732437506352,0.3720228662282524,0.4076711516006375,-30.10982685904064,False,False,59.89017314095936,False,False
very_high_20_45,-4.985,-4.889,0.1,-0.039356707839408187,0.7978961704194711,0.5732599115839756,0.8095702679636162,70.49408124577472,0.24116973853257073,0.4657829657113924,0.29304729575603694,0.5020266755690942,-41.183668494009716,False,False,48.816331505990284,False,False
very_high_20_45,-4.977,-4.881,0.1,-0.20314989990128923,0.8048096186114567,0.5833370605204372,0.8188706230290577,70.64440674378292,0.2368341149060564,0.47679172454881136,0.28637416054513226,0.5277725503338865,-39.32128020230914,False,False,50.67871979769086,False,False
very_high_20_45,-4.969,-4.873,0.1,-0.7936395736466717,0.8221822200150455,0.6107615469919992,0.8220521514699681,72.76193657862292,0.2215453464653409,0.4927414791734933,0.28571317436116583,0.6012304243519558,-47.4051223686923,False,False,42.5948776313077,False,False
very_high_20_45,-4.961,-4.865,0.1,-0.5140928668981375,0.8626503152932066,0.6794980087672783,0.8324128371073772,71.64612289074591,0.20063928802487524,0.517240407297271,0.28212030467785365,0.710719287580215,-41.20002572046423,False,False,48.79997427953577,False,False
very_high_20_45,-4.953,-4.857,0.1,-0.5380883854815649,0.8839422874032022,0.7185687719794058,0.8422100160864823,70.22663996318039,0.19549390539642297,0.5385107847805886,0.2659953098229884,0.7077868552590805,-34.173647382606966,False,False,55.826352617393034,False,False
very_high_20_45,-4.945,-4.849,0.1,-0.3776888041191332,0.8519757703931441,0.6609108769670137,0.8444104846090882,68.05062056659744,0.23236240562615243,0.5217451524493082,0.24589244192453935,0.556944363218172,-29.16900608798602,False,False,60.83099391201398,False,False
very_high_20_45,-4.937,-4.841,0.1,-0.46278401131324015,0.8135832243739436,0.605468764336631,0.8301259569157426,65.29256339795815,0.2896324017068989,0.47938351791165457,0.23098408038144647,0.4548428965751761,-32.12348828571305,False,False,57.87651171428695,False,False
very_high_20_45,-4.929,-4.833,0.1,-0.5212246912992754,0.809196745178125,0.598722346751061,0.834874407736533,65.87653626665539,0.2858589821236982,0.4833009429662088,0.23084007491009306,0.4115946264744331,-22.283503366928958,False,False,67.71649663307105,False,False
very_high_20_45,-4.921,-4.825,0.1,-0.5843750583120191,0.7399104427704848,0.5197844576401665,0.8188710577653864,63.03992199735319,0.33709243557233254,0.4419883948714748,0.2209191695561927,0.2609378480562497,4.157540566661653,False,False,85.84245943333835,False,False
very_high_20_45,-4.913,-4.817,0.1,-0.07925912383331701,0.6915696572765984,0.48169426484716515,0.7164475839229664,38.75781528618516,0.4794473893395814,0.3468759678284761,0.17367664283194253,0.18501309313628986,-7.602230754123605,False,False,82.39776924587639,False,False
very_high_20_45,-4.905,-4.809,0.1,0.11322890504400816,0.7054676417616667,0.4928728816933105,0.6874774757324627,35.636793416635726,0.4975046597993497,0.3310978740826317,0.17139746611801857,0.21847265411436714,-34.54428625592094,False,False,55.45571374407906,False,False
very_high_20_45,-4.897,-4.801,0.1,0.48703000551612974,0.7892771208678724,0.5793486779346644,0.6306164082396919,25.312899888510195,0.6038255534639602,0.2656561603735553,0.1305182861624846,0.24705949517520162,-0.04400396734442705,False,False,89.95599603265558,False,False
very_high_20_45,-4.889,-4.793,0.1,-0.1555216869198457,0.8368756099100195,0.6355650035533381,0.5814858065343215,20.314964579700984,0.6798768246808308,0.16475369687887093,0.1553694784402983,0.3173774894921668,-14.115314523567793,False,False,75.88468547643221,False,False
very_high_20_45,-4.881,-4.785,0.1,-0.08153034369168324,0.8476752903458402,0.6520346256705225,0.5870128582011679,17.03563249466762,0.7028500954961668,0.1370632871851557,0.16008661731867743,0.33377042942668383,-10.932151685118084,False,False,79.06784831488191,False,False
very_high_20_45,-4.873,-4.777,0.1,-0.1874159113759795,0.8259979488414372,0.6143486666467285,0.7689284127880481,15.0417308729566,0.6930391732436866,0.14162591652472667,0.16533491023158678,0.4173316618426839,9.09445202431059,False,False,80.90554797568942,False,False
very_high_20_45,-4.865,-4.769,0.1,-0.24436389789066196,0.8557248916993639,0.6670886742263017,0.7017353540772153,10.543450315762609,0.7451312790188647,0.10293039777402554,0.1519383232071098,0.34729487667280223,17.299178144398734,False,False,72.70082185560126,False,False
very_high_20_45,-4.857,-4.761,0.1,0.35345213066262754,0.8463687205934812,0.6506356252068541,0.9099480343185532,11.320262526040434,0.7375791024438638,0.13003672611181596,0.13238417144432016,0.444938136104399,32.24419780901562,False,False,57.75580219098438,False,False
very_high_20_45,-4.849,-4.753,0.1,0.18256507067562747,0.8190670589286921,0.6050884854236803,0.9456628506200139,12.79205481719056,0.7000151951006076,0.1913880065724284,0.10859679832696406,0.4030359334538979,32.964327637343665,False,False,57.035672362656335,False,False
very_high_20_45,-4.841,-4.745,0.1,0.15434802290079241,0.8186810779603225,0.6026379357298597,0.9785755628870569,17.667159196000444,0.6757427679268345,0.21535690968302768,0.10890032239013786,0.5469774474843201,38.82742607787413,False,False,51.17257392212587,False,False
very_high_20_45,-4.833,-4.737,0.1,-0.20477510249163675,0.7804991394190708,0.5444951142603309,0.9481570271942328,23.03665516525949,0.6183233041788658,0.24144648028210033,0.1402302155390338,0.5086934691375645,28.080814597070155,False,False,61.91918540292984,False,False
very_high_20_45,-4.825,-4.729,0.1,-0.5935627866075287,0.7893605059799678,0.5566314530156545,0.941174802451468,23.813302349179512,0.6178247259803769,0.23496453670011685,0.14721073731950624,0.5254490625597151,22.57531644204139,False,False,67.42468355795862,False,False
very_high_20_45,-4.817,-4.721,0.1,-0.9785487501726647,0.7806141003960377,0.5453436977955392,0.9757036171867338,26.876210319177908,0.5883794752745697,0.2642871158403479,0.1473334088850823,0.5678560470934303,22.42364326871014,False,False,67.57635673128986,False,False
very_high_20_45,-4.809,-4.713,0.1,-1.0645108369543606,0.740633867308736,0.48800694326063143,0.9631905668173835,29.19463107157359,0.5516128206878442,0.27684658909478976,0.17154059021736598,0.5872185481088019,32.52287782497205,False,False,57.47712217502795,False,False
very_high_20_45,-4.801,-4.705,0.1,-0.9919957425325816,0.7265138148227062,0.47029132116675965,0.9789124404454199,27.329245083279623,0.5555485973383563,0.2807822108819939,0.1636691917796498,0.571549057681994,38.57051911327739,False,False,51.42948088672261,False,False
very_high_20_45,-4.793,-4.697,0.1,-0.7720168766908856,0.681930223829076,0.42223972325044473,0.9512230166144088,29.87226998528793,0.5138979070147576,0.31851227244303265,0.16758982054220972,0.6011644779227354,50.51523347726626,False,False,39.48476652273374,False,False
very_high_20_45,-4.785,-4.689,0.1,-0.7071285659384887,0.6519039578726213,0.40356016061530947,0.9434461596041649,23.54729794683015,0.5366042532274816,0.3136640828794307,0.14973166389308767,0.5980519441868648,64.86087830651132,False,False,25.139121693488676,False,False
very_high_20_45,-4.777,-4.681,0.1,-0.8522407399336565,0.6142182075388486,0.3933445669659993,0.7949610358218047,25.028874981284726,0.5059443915874917,0.34762851535869593,0.1464270930538123,0.4279385582635983,69.22263805451928,False,False,20.77736194548072,False,False
very_high_20_45,-4.769,-4.673,0.1,-0.4107834108950881,0.5584931964938231,0.36390765690845484,0.6852454889274655,18.820682642603863,0.5045831848134901,0.3096197501642138,0.18579706502229623,0.3142040764790592,76.21907883277603,False,False,13.780921167223966,False,False
very_high_20_45,-4.761,-4.665,0.1,-0.23698938717895746,0.488416703072891,0.3361190105118461,0.7944643323108527,74.61156028275946,0.38834039473269105,0.35138815644843774,0.2602714488188712,0.14441656917680926,77.20767816678631,False,False,12.792321833213691,False,False
very_high_20_45,-4.753,-4.657,0.1,0.2712933056313171,0.4245450653338705,0.2660235193040339,0.814386946604708,67.42372253055919,0.36616655319216007,0.34746103438832876,0.2863724124195111,0.2128513567549689,-130.75348106084394,False,False,40.75348106084394,False,False
very_high_20_45,-4.745,-4.649,0.1,0.0033536326538621142,0.391504560916049,0.22945568585771475,0.7222001688159376,70.35133710468166,0.34679627298404897,0.3343588420092068,0.3188448850067442,0.2634223187746197,-120.51343400540473,False,False,30.513434005404733,False,False
very_high_20_45,-4.737,-4.641,0.1,0.08457383949353191,0.5116942879122987,0.26260409295551834,0.904109066391541,67.18884474451481,0.30361445791744673,0.420554755795655,0.2758307862868983,0.3007154711337367,-140.3987388027294,False,False,50.39873880272941,False,False
very_high_20_45,-4.729,-4.633,0.1,0.8233203904692045,0.6127923098506172,0.35114943662819603,0.9813646863010624,80.24345913608396,0.2451461896617378,0.5492665835352294,0.20558722680303285,0.2336651836489233,-121.59971112198862,False,False,31.59971112198862,False,False
very_high_20_45,-4.721,-4.625,0.1,0.8016042606541982,0.6336954241036071,0.37123446124155646,0.9810083108675162,81.82722106420064,0.2285318660882425,0.5585639106610883,0.21290422325066907,0.3217915170261009,-107.98928107148195,False,False,17.989281071481955,False,False
very_high_20_45,-4.713,-4.617,0.1,0.7555928899864564,0.7049876558729381,0.4516738717559288,0.9896580521849512,88.56417309894327,0.19706410260034382,0.6161086651726941,0.18682723222696207,0.1704874323439452,-93.1762672705385,False,False,3.176267270538503,False,False
very_high_20_45,-4.705,-4.609,0.1,0.5368298738171653,0.8089142934860412,0.5975208081353873,0.9848692244546047,87.82887624961973,0.1358425067615682,0.7010392493732516,0.16311824386518028,0.30150733376527905,-67.88217180381812,False,False,22.117828196181875,False,False
very_high_20_45,-4.697,-4.601,0.1,0.9406485186297067,0.7668826823807975,0.549393130050387,0.9760899839018481,89.38302912074934,0.12945100416054614,0.6571504685074391,0.21339852733201492,0.27412882841062935,-70.04017369203105,False,False,19.959826307968953,False,False
very_high_20_45,-4.689,-4.593,0.1,0.9874344266598006,0.7551255885323147,0.5523707052757484,0.9930309426841529,83.57466346131933,0.10585037986052274,0.6444118955891066,0.24973772455037063,0.2993045240409584,-19.946971542600306,False,False,70.05302845739969,False,False
very_high_20_45,-4.681,-4.585,0.1,0.1934708965878249,0.7731918500829318,0.580574919930842,0.9926199341124448,81.82695257837513,0.08787960327923286,0.6511992916797649,0.2609211050410023,0.42145555022841175,-17.080499527355446,False,False,72.91950047264456,False,False
very_high_20_45,-4.673,-4.577,0.1,0.451745436076257,0.702210248133467,0.5213718127345096,0.9745263906046149,86.29477099159251,0.10807403085373656,0.602453244006461,0.28947272513980243,0.25496059756452033,11.214443076873614,False,False,78.78555692312639,False,False
very_high_20_45,-4.665,-4.569,0.1,0.011558713394462438,0.722267194984175,0.5293449225492393,0.9917497116984223,83.48821159054452,0.12456049380789867,0.6199283144140789,0.25551119177802245,0.32534442449850676,33.43688949859155,False,False,56.56311050140845,False,False
very_high_20_45,-4.657,-4.561,0.1,-0.10783442416588354,0.6965781027824514,0.5041343471978031,0.9968033502341045,84.19820579038958,0.13640668562184274,0.606170802073253,0.25742251230490415,0.24127789342548958,32.353004008327815,False,False,57.646995991672185,False,False
very_high_20_45,-4.649,-4.553,0.1,-1.0967632808570422,0.6845341629217676,0.49476145749287315,0.9800608035064212,88.50143824134982,0.1540361311257423,0.5969049138967646,0.249058954977493,0.24592771685554898,56.70061343990939,False,False,33.29938656009061,False,False
very_high_20_45,-4.641,-4.545,0.1,-1.4624854999492003,0.6715773956830621,0.4839508313740877,0.9812879215408241,87.45005556722154,0.15536749045079304,0.5865648529308573,0.25806765661834974,0.32152822192727487,60.17049712107695,False,False,29.82950287892305,False,False
very_high_20_45,-4.633,-4.537,0.1,-1.625565164437939,0.5497606851848786,0.42852677302131653,0.9299053638810935,86.71923216558389,0.18369919476053312,0.5009975782302876,0.3153032270091793,0.39618612961096084,68.36396923195672,False,False,21.636030768043284,False,False
very_high_20_45,-4.625,-4.529,0.1,-1.7437917730110495,0.5311078411621353,0.420848287024835,0.6108313464362677,63.861918832843365,0.1995997750139404,0.4561254441581491,0.34427478082791046,0.4756196032665789,86.17053171472388,False,False,3.8294682852761213,False,False
very_high_20_45,-4.617,-4.521000000000001,0.1,-1.628489538372786,0.5932307290110362,0.4455151323956217,0.5601890534197038,61.974124688947214,0.21097679528957575,0.43193218558805224,0.357091019122372,0.5967779419469066,90.0325731730313,False,False,0.032573173031295255,False,False
very_high_20_45,-4.609,-4.513,0.1,-1.5018219148229084,0.7490598407503366,0.5316951547687476,0.29181835156087416,56.83028293037561,0.24704357222847054,0.29785603479803396,0.4551003929734954,0.6769296273427661,105.15567924149732,False,False,15.155679241497324,False,False
very_high_20_45,-4.601,-4.505000000000001,0.1,-1.4101529653673963,0.8229497076779921,0.6164039041495036,0.08769884758777598,51.71021564533732,0.32212239370107404,0.20516104516544792,0.47271656113347804,0.6550394705813859,105.55048292355497,False,False,15.550482923554966,False,False
very_high_20_45,-4.593,-4.497,0.1,-0.9210640780622222,0.8263928399661209,0.6215382540844061,0.28298072864121215,45.68013889707187,0.38916642034176585,0.2159044684579559,0.39492911120027824,0.6318732237511642,118.6031898515572,False,False,28.603189851557204,False,False
very_high_20_45,-4.585,-4.489000000000001,0.1,-0.5097472288365973,0.7801320362901563,0.5493025682420009,0.4101853998191857,47.876178108252454,0.3915131258699067,0.2286578508530398,0.3798290232770536,0.25145955845349444,-175.73250695759157,False,False,85.73250695759157,False,False
very_high_20_45,-4.577,-4.481,0.1,-0.25281229624165397,0.6940682311147344,0.4500260151936515,0.25970288566311617,36.435034958960784,0.4662488452198434,0.23733824677497056,0.29641290800518605,0.21500062429438224,-95.0004990560816,False,False,5.000499056081594,False,False
very_high_20_45,-4.569,-4.473000000000001,0.1,-0.6272314707270136,0.5109069013280898,0.29696174026515204,0.4289946157558117,26.61105999677443,0.42772908614333,0.3212371922988252,0.2510337215578448,0.2640521735477047,-57.14643383537281,False,False,32.85356616462719,False,False
very_high_20_45,-4.561,-4.465,0.1,-0.4544684480817036,0.5036130820175659,0.29799274443825785,0.8943483895873366,45.46283963100149,0.36613662931023155,0.39023623904006505,0.24362713164970345,0.4598194521074888,-62.39965741091113,False,False,27.600342589088868,False,False
very_high_20_45,-4.553,-4.457000000000001,0.1,-0.4217489693848267,0.5427186836846856,0.3283546522298793,0.6372197426730096,46.0518469238927,0.31998800399701666,0.34738532993636345,0.3326266660666198,0.4601381927968239,-42.332760731232106,False,False,47.667239268767894,False,False
very_high_20_45,-4.545,-4.449,0.1,0.26076052237040376,0.630629701929988,0.37759664940365606,0.5211814927759206,58.65702974176791,0.27155771746267865,0.3066298778363508,0.4218124047009705,0.48085730948814626,-34.00178968413492,False,False,55.99821031586508,False,False
very_high_20_45,-4.537,-4.441000000000001,0.1,-0.03993139395089717,0.5834790836001327,0.32769301069853896,0.6081939845615202,60.65003113796951,0.2656594133022286,0.33527848222987966,0.3990621044678918,0.3634888973060835,-34.14112093843155,False,False,55.85887906156845,False,False
very_high_20_45,-4.529,-4.433000000000001,0.1,-0.05876113208863746,0.5699495564759607,0.32627211984560406,0.3671699210159402,61.994700232922526,0.25034284174546517,0.3061965111991554,0.44346064705537946,0.35749038364458535,-40.164742844194286,False,False,49.835257155805714,False,False
very_high_20_45,-4.521000000000001,-4.425000000000001,0.1,-0.486932812519761,0.6336496593637052,0.38234709599900885,0.2946510089672475,66.84852642559254,0.2301824918765124,0.2717694153815399,0.49804809274194767,0.4340752597726752,-37.557129394823924,False,False,52.442870605176076,False,False
very_high_20_45,-4.513,-4.417000000000001,0.1,-0.8107876793899427,0.6027715723344167,0.35413313603731905,0.30632896997936193,67.08652417856715,0.2324275266870589,0.27889735479229305,0.488675118520648,0.42873062986687205,-40.887585816267176,False,False,49.112414183732824,False,False
very_high_20_45,-4.505000000000001,-4.409000000000001,0.1,-1.1210624669464715,0.570302565643062,0.33689576889345096,0.23619912642872662,68.40220408553957,0.22711707568618847,0.28375878902104806,0.48912413529276355,0.48056511514602873,-46.36387506109885,False,False,43.63612493890115,False,False
very_high_20_45,-4.497,-4.401000000000001,0.1,-1.2881787361922121,0.5251298562613851,0.3292027997727282,0.23450149990887237,73.46884908737388,0.205846493106233,0.30656174084712634,0.4875917660466407,0.5138794475548857,-36.72588671664378,False,False,53.27411328335622,False,False
very_high_20_45,-4.489000000000001,-4.393000000000001,0.1,-1.2301673619913465,0.5604435654115881,0.35603026861654063,0.35679423952279754,73.70068931163816,0.20531766130343468,0.3009833637111452,0.49369897498542015,0.48432418066417604,2.1513640283544735,False,False,87.84863597164552,False,False
very_high_20_45,-4.481,-4.385000000000001,0.1,-1.0779647745547967,0.6568548763900486,0.41521427215514023,0.36899508293682615,73.13025687293697,0.18050976734736163,0.29405534779960624,0.5254348848530322,0.4277398351462538,10.527975470089011,False,False,79.47202452991098,False,False
very_high_20_45,-4.473000000000001,-4.377000000000001,0.1,-1.4265796371321442,0.6729973498563339,0.4385423132719799,0.39842328814385014,73.02892699734196,0.16108296334661573,0.3086455226361648,0.5302715140172194,0.5152760722076434,28.211465542483847,False,False,61.78853445751615,False,False
very_high_20_45,-4.465,-4.369000000000001,0.1,-1.375360522468334,0.6819921127779348,0.4396355500310053,0.196925328093965,72.77304648254857,0.18868342028261093,0.24522716784595816,0.5660894118714308,0.5685268314142159,44.74392307034317,False,False,45.25607692965683,False,False
very_high_20_45,-4.457000000000001,-4.361000000000001,0.1,-1.5558647281782325,0.7114619176125749,0.4739842645186333,0.18885081745183602,69.91620343463633,0.23012628943641503,0.20125411143432378,0.5686195991292612,0.5587889937073476,32.88329254584163,False,False,57.11670745415837,False,False
very_high_20_45,-4.449,-4.353000000000001,0.1,-1.0067281835895352,0.5390150514436709,0.3170186560553887,0.0067532427106055054,68.20407156885456,0.26497365101742293,0.2611410726538465,0.4738852763287306,0.48112333282414554,53.269862210178246,False,False,36.730137789821754,False,False
very_high_20_45,-4.441000000000001,-4.345000000000001,0.1,-0.08600189323941446,0.6021336768172747,0.37983798897076415,0.17121824158755541,42.694973499538364,0.4197977409474718,0.2110675958747038,0.36913466317782434,0.5444157526778994,76.9238166803118,False,False,13.076183319688198,False,False
very_high_20_45,-4.433000000000001,-4.337000000000001,0.1,0.2020601053317664,0.5629918115866348,0.39527624699775143,0.1572150170581108,45.79528272834203,0.42092967043483825,0.18359487230629057,0.3954754572588712,0.6223132396572824,67.83670567767473,False,False,22.16329432232527,False,False
very_high_20_45,-4.425000000000001,-4.329000000000001,0.1,0.8994042446778098,0.6829640299401769,0.4589166155016364,0.435248610462339,35.47003898643868,0.49532567816902084,0.2150495103903792,0.2896248114405999,0.5505123967000511,99.55285117259359,False,False,9.552851172593591,False,False
very_high_20_45,-4.417000000000001,-4.321000000000001,0.1,0.8423546692536609,0.6816128820327905,0.4338406955496826,0.590905765775155,30.10597454577179,0.5256807659864583,0.2251292331839975,0.24919000082954415,0.5814203535626957,113.96233640794502,False,False,23.962336407945017,False,False
very_high_20_45,-4.409000000000001,-4.313000000000001,0.1,1.0011381730076063,0.6987419741579066,0.44770853970340374,0.5353896621631696,34.733351321660884,0.5005180968780882,0.20941634390496203,0.29006555921694965,0.5237016055157043,121.61284772221639,False,False,31.612847722216387,False,False
very_high_20_45,-4.401000000000001,-4.305000000000001,0.1,0.8102551157501744,0.7617847690390855,0.5170743049051949,0.692642654057706,37.958547283811555,0.49035346075896663,0.24845660821401036,0.261189931027023,0.5634798529384498,147.9874536525444,False,False,57.98745365254439,False,False
very_high_20_45,-4.393000000000001,-4.297000000000001,0.1,0.5719967165220884,0.7496249689519294,0.4995430621124459,0.7659194507043862,40.44673338849029,0.4607955056164058,0.2903489364034761,0.248855557980118,0.6011575507065774,148.9114838203875,False,False,58.9114838203875,False,False
very_high_20_45,-4.385000000000001,-4.289000000000001,0.1,0.14133178091513876,0.7447167396458123,0.49342911151535207,0.7460607054891072,41.54869343335642,0.4396487356224411,0.29376077531469247,0.2665904890628663,0.5651575719993861,158.6582377787274,False,False,68.6582377787274,False,False
very_high_20_45,-4.377000000000001,-4.281000000000001,0.1,0.1079320305662143,0.7664146198008173,0.5227268342951529,0.8033978480673448,49.00965307747586,0.3887079558710257,0.34781887093833397,0.26347317319064034,0.5831040120854231,162.52915955683588,False,False,72.52915955683588,False,False
very_high_20_45,-4.369000000000001,-4.273000000000001,0.1,0.6911834805745884,0.7931845066055426,0.5612175076656646,0.8522270585531883,50.15457876019977,0.3785992435159259,0.38460957450345074,0.23679118198062343,0.6589996813051434,157.63880837598984,False,False,67.63880837598984,False,False
very_high_20_45,-4.361000000000001,-4.265000000000001,0.1,0.6844851301733829,0.7941874430268662,0.5635731058099528,0.8594143740335295,51.30929022128686,0.3725789156277794,0.39161415161435975,0.23580693275786077,0.6651517198470589,158.75983594720236,False,False,68.75983594720236,False,False
very_high_20_45,-4.353000000000001,-4.257000000000001,0.1,0.5254394379099108,0.8241344751717663,0.6104288381221182,0.8423079093101742,51.05817530722062,0.3746185555783351,0.38108937502003115,0.24429206940163373,0.7122481769478166,161.9659701842749,False,False,71.96597018427491,False,False
very_high_20_45,-4.345000000000001,-4.2490000000000006,0.1,0.0037503565688538224,0.8097452430541179,0.5868556438219968,0.844074492846633,50.12218937377731,0.38206194071301586,0.3783498484767969,0.23958821081018722,0.6785700453312346,161.37275315500497,False,False,71.37275315500497,False,False
very_high_20_45,-4.337000000000001,-4.2410000000000005,0.1,-0.1772323435121721,0.831320787829364,0.6221149949127631,0.8378947939319855,51.82906483437299,0.35433189814718224,0.39909702296813865,0.2465710788846791,0.7003337247339497,167.68295489529865,False,False,77.68295489529865,False,False
very_high_20_45,-4.329000000000001,-4.2330000000000005,0.1,-0.4528370660505018,0.8101507735632706,0.590620449345398,0.848141882817753,47.933228568222695,0.3970840997895491,0.3894328162720322,0.21348308393841872,0.6003552626128963,177.13594655403918,False,False,87.13594655403918,False,False
very_high_20_45,-4.321000000000001,-4.2250000000000005,0.1,-1.0014854469420948,0.7645568884782332,0.5250597013518259,0.8465029036777098,50.88378278786146,0.3561610819565466,0.40740634709999246,0.23643257094346087,0.5327454457997995,168.4703490018749,False,False,78.4703490018749,False,False
very_high_20_45,-4.313000000000001,-4.2170000000000005,0.1,-0.9390882341907106,0.7860645221718662,0.5621276639032645,0.8425301048666622,51.6781088232246,0.3701670396443525,0.42751984332598564,0.2023131170296618,0.49107362045024533,170.07283844933158,False,False,80.07283844933158,False,False
very_high_20_45,-4.305000000000001,-4.2090000000000005,0.1,-1.230165793095897,0.7349894124143848,0.49182504820935874,0.8515327638582981,55.3522251460569,0.3463240076567854,0.43343158063351095,0.2202444117097037,0.43114993424088144,159.29381406053133,False,False,69.29381406053133,False,False
very_high_20_45,-4.297000000000001,-4.2010000000000005,0.1,-1.0885218135773802,0.6904194745465768,0.44908565242392195,0.7591360652207798,53.864618842608444,0.3633026390015798,0.3827361893598049,0.2539611716386153,0.4208705741642947,133.04558738113388,False,False,43.045587381133885,False,False
very_high_20_45,-4.289000000000001,-4.1930000000000005,0.1,-1.0658286001589166,0.7255241280366691,0.4922769334765575,0.7353042243263076,53.4922284211361,0.380359686890478,0.3681540910637644,0.25148622204575755,0.44901510228033154,132.65698781301757,False,False,42.656987813017565,False,False
very_high_20_45,-4.281000000000001,-4.1850000000000005,0.1,-0.9929689222756923,0.7716247906112506,0.5470446126045222,0.7560329903132462,48.93727210530424,0.41252318741649724,0.3626271038805599,0.22484970870294288,0.5705031922904017,132.78767700704083,False,False,42.78767700704083,False,False
very_high_20_45,-4.273000000000001,-4.1770000000000005,0.1,-0.8869679375377015,0.8121089547087395,0.5974144741109008,0.5225469132639233,35.11732830981034,0.5293592047153624,0.21572799637103962,0.25491279891359797,0.6112409178240388,124.90770581495714,False,False,34.90770581495714,False,False
very_high_20_45,-4.265000000000001,-4.1690000000000005,0.1,-0.6104516695130734,0.7564062243805638,0.5413570263530558,0.4400807008574924,39.05323390018017,0.48758410061806035,0.23942091019663989,0.27299498918529985,0.45754806019483224,109.38718684904909,False,False,19.387186849049087,False,False
very_high_20_45,-4.257000000000001,-4.1610000000000005,0.1,-0.6671768594540944,0.7473603385730465,0.5167177405474919,0.49355125976212316,34.961835327042294,0.5092627855223145,0.2523411447714454,0.23839606970624005,0.46367640907230934,114.93166913577626,False,False,24.93166913577626,False,False
very_high_20_45,-4.2490000000000006,-4.1530000000000005,0.1,-0.9181674021309554,0.6299576389660304,0.40229558187495856,0.47711381147234616,28.984282727282793,0.49865922302020543,0.2820347432703275,0.21930603370946714,0.6341192151968551,96.65361841731043,False,False,6.653618417310426,False,False
very_high_20_45,-4.2410000000000005,-4.1450000000000005,0.1,-1.1450991230923948,0.6260036820002487,0.399700036106122,0.5660504522412566,33.102041424845886,0.4844981144092902,0.29038094681322674,0.2251209387774831,0.6419198060733281,99.60106793158147,False,False,9.601067931581468,False,False
very_high_20_45,-4.2330000000000005,-4.1370000000000005,0.1,-1.7354638736736372,0.6158967444547143,0.3928331274010181,0.683503571108677,38.631229458784134,0.4614276050391313,0.31199036189349916,0.22658203306736951,0.7029292260792228,102.85670762847975,False,False,12.856707628479754,False,False
very_high_20_45,-4.2250000000000005,-4.1290000000000004,0.1,-1.6806469189904836,0.6127433295410315,0.38235787705098895,0.8023468138361347,56.411830824456,0.38003249363634084,0.38634366265943776,0.2336238437042214,0.7794224133546984,104.06143769619425,False,False,14.061437696194247,False,False
very_high_20_45,-4.2170000000000005,-4.121,0.1,-1.615660934823194,0.6424033617039733,0.4125299021438056,0.8554444095024558,59.63878658303997,0.36602555227544187,0.4326333698720202,0.20134107785253788,0.8381381999808827,105.01380839727041,False,False,15.01380839727041,False,False
very_high_20_45,-4.2090000000000005,-4.113,0.1,-1.2068156977237308,0.6929165903657455,0.4556276012713131,0.8518470397824971,60.13145536986354,0.34696325906851166,0.4445839096707456,0.2084528312607426,0.8241133267318661,109.59951841257057,False,False,19.599518412570575,False,False
very_high_20_45,-4.2010000000000005,-4.105,0.1,-0.15439475302160421,0.7944591332063816,0.5789837082614928,0.8579153145809628,61.079258071346864,0.32666861521395346,0.474374366274535,0.1989570185115115,0.8240719879596189,119.80524152648374,False,False,29.80524152648374,False,False
very_high_20_45,-4.1930000000000005,-4.097,0.1,-0.10657698838451254,0.8245621686348117,0.6182467812287327,0.8607751849646305,60.15463677118167,0.3161573562281996,0.48016760335620584,0.20367504041559453,0.7339536177461515,132.92350834417886,False,False,42.923508344178856,False,False
very_high_20_45,-4.1850000000000005,-4.089,0.1,0.5981699884468619,0.8311896271125829,0.6269573698476262,0.7433671371457906,55.234693712505354,0.34317655057058566,0.37836946891534345,0.278453980514071,0.6167034597820706,144.63592141495297,False,False,54.635921414952975,False,False
very_high_20_45,-4.1770000000000005,-4.081,0.1,0.7886458437622547,0.8507732278466593,0.6597860117327778,0.644342600004218,55.42816128927741,0.32747076720170826,0.3217100821013443,0.35081915069694747,0.6082827400498044,145.2403087101701,False,False,55.2403087101701,False,False
very_high_20_45,-4.1690000000000005,-4.073,0.1,0.9120180260024936,0.8427489548156115,0.649523373298756,0.5834003874784166,54.01397275385457,0.31929093946609777,0.307042900364394,0.3736661601695082,0.4893809231219966,170.85989963254286,False,False,80.85989963254286,False,False
very_high_20_45,-4.1610000000000005,-4.065,0.1,1.7261736003242352,0.8459652899991552,0.6591459079982067,0.23851715961843492,46.72396238053509,0.3908759234627132,0.21051118003914795,0.39861289649813875,0.21833359083359657,-150.8946743059158,False,False,60.8946743059158,False,False
very_high_20_45,-4.1530000000000005,-4.057,0.1,1.0701178227907193,0.8604931570225269,0.6879345031823213,0.17915212712101133,46.90773664100502,0.3819277637177278,0.20881691587647364,0.4092553204057985,0.10321929865217572,-179.568504098116,False,False,89.568504098116,False,False
very_high_20_45,-4.1450000000000005,-4.049,0.1,1.4727462827455085,0.8263191481566028,0.6384176752470782,0.021762622782110715,43.321686273781246,0.4105240133304115,0.2195556049949893,0.36992038167459923,0.10252863197256445,-22.141664690657638,False,False,67.85833530934237,False,False
very_high_20_45,-4.1370000000000005,-4.041,0.1,0.6403659781325967,0.7883052491728149,0.5916536006380434,0.16776593280288132,43.02337811017866,0.38929475475283487,0.2653888261811492,0.345316419066016,0.2197510156115586,12.931061896415276,False,False,77.06893810358473,False,False
very_high_20_45,-4.1290000000000004,-4.033,0.1,0.7293879431236895,0.7731445938589141,0.5593655048690739,0.15995303944426792,44.87656604980781,0.3732311195447988,0.25581242262367326,0.3709564578315279,0.21760845018800296,19.812241617164577,False,False,70.18775838283543,False,False
very_high_20_45,-4.121,-4.025,0.1,0.1850222993212852,0.773671890331725,0.5534188532831111,0.1532118708434488,44.78630944283335,0.3818028407868066,0.23335453536811793,0.3848426238450755,0.2593821194793444,18.851219983952813,False,False,71.14878001604718,False,False
very_high_20_45,-4.113,-4.017,0.1,-0.18074077166204067,0.7888922235993394,0.5704004536949632,0.18166220253797363,47.250876409581814,0.3658193564338407,0.21950722386970456,0.4146734196964547,0.28020351766021,4.406137524736787,False,False,85.59386247526321,False,False
very_high_20_45,-4.105,-4.009,0.1,0.23029199115893773,0.7941563859460223,0.5660670210702788,0.24700927012683527,50.61558216942628,0.3554494431294561,0.18457574185656675,0.45997481501397713,0.3490738485692862,6.094832773476798,False,False,83.9051672265232,False,False
very_high_20_45,-4.097,-4.001,0.1,0.12453178399438027,0.8117236099715818,0.5947642273312091,0.33266456808899064,51.9501778225272,0.3474512500513069,0.1831509172109459,0.46939783273774716,0.5120681513106441,10.141584174763963,False,False,79.85841582523604,False,False
very_high_20_45,-4.089,-3.9930000000000003,0.1,-0.1954414429326304,0.7954994780756393,0.5733144530864311,0.3206547778598328,52.51303622645141,0.3344591448752924,0.19450453355155478,0.4710363215731529,0.5323938065350499,17.14898430154148,False,False,72.85101569845853,False,False
very_high_20_45,-4.081,-3.9850000000000003,0.1,-0.7317655139809265,0.7963362026003578,0.5798562951997805,0.499772988805869,53.45671386727183,0.3257448635001779,0.22245998472301098,0.4517951517768111,0.7201585548526434,12.347431310662031,False,False,77.65256868933797,False,False
very_high_20_45,-4.073,-3.9770000000000003,0.1,0.0,0.7816128976177515,0.5541526255660318,0.6308190187271094,55.178774493935606,0.3004066364696522,0.2928980425639965,0.40669532096635136,0.7906256251889218,31.367585499796995,False,False,58.632414500203005,False,False
very_high_20_45,-4.065,-3.9690000000000003,0.1,0.4505594861949266,0.6666237760339415,0.40933688977218596,0.6866643412492914,57.517385757560035,0.27498292634179117,0.3606403550891655,0.3643767185690433,0.7132179092293208,49.92160901857029,False,False,40.07839098142971,False,False
very_high_20_45,-4.057,-3.9610000000000003,0.1,0.7591680821427368,0.6250746285347932,0.37249292173496434,0.7563108411634105,65.5329827795373,0.22252921587418084,0.412045054613323,0.3654257295124961,0.7148275562473292,55.28060710075462,False,False,34.71939289924538,False,False
very_high_20_45,-4.049,-3.9530000000000003,0.1,1.3464295896745628,0.6445315289293083,0.39968737175759234,0.9069403351254616,76.5579808357421,0.16781744864765352,0.5168846043895208,0.31529794696282576,0.7848926020435746,71.66402275016777,False,False,18.335977249832226,False,False
very_high_20_45,-4.041,-3.9450000000000003,0.1,1.2565286580784374,0.5615710829269579,0.37590758023854354,0.934859883076979,87.58334767670688,0.12794605727974784,0.5171185283757294,0.3549354143445227,0.7755567519628156,93.13999323609907,False,False,3.139993236099073,False,False
very_high_20_45,-4.033,-3.9370000000000003,0.1,1.299447964058945,0.581854830865292,0.38886050962310925,0.9357245340964041,88.71585797562622,0.12227208452726368,0.521855045454967,0.3558728700177693,0.7862447440058796,99.5996835897587,False,False,9.599683589758698,False,False
very_high_20_45,-4.025,-3.9290000000000003,0.1,0.7919335279402752,0.6824112915550322,0.46623244543323583,0.9714622283893477,85.43454398363505,0.11525795426320629,0.5854787302918049,0.2992633154449888,0.7890272333813895,106.70232226534998,False,False,16.702322265349977,False,False
very_high_20_45,-4.017,-3.9210000000000003,0.1,0.4113127634774531,0.696414747525921,0.476076003950275,0.9776853395920777,84.920207686129,0.11090762249917967,0.6010783542090856,0.2880140232917347,0.6437952298637657,111.29888784349295,False,False,21.29888784349295,False,False
very_high_20_45,-4.009,-3.9130000000000003,0.1,0.12274221982557174,0.7492792518828926,0.5158734300166237,0.9849576199615226,83.176485933285,0.12481247562762342,0.641506184754037,0.23368133961833973,0.5663020416262923,116.68604200869716,False,False,26.686042008697157,False,False
very_high_20_45,-4.001,-3.9050000000000002,0.1,0.25449768837687387,0.7365551827925683,0.508648681545443,0.9663993367349687,88.21560091601384,0.13034467409526174,0.6242368433098532,0.245418482594885,0.493078126110589,105.24381034078746,False,False,15.243810340787462,False,False
very_high_20_45,-3.9930000000000003,-3.8970000000000002,0.1,0.5598305902924247,0.7432526290722257,0.5111372285150634,0.9615674394603598,89.29156629514802,0.14129135821655187,0.6258538917351075,0.2328547500483406,0.43324324766917577,96.65381632542007,False,False,6.653816325420067,False,False
very_high_20_45,-3.9850000000000003,-3.8890000000000002,0.1,0.7752647881772091,0.7088170174257384,0.47111404994848877,0.9632345675308053,89.56128066940711,0.12833350755074321,0.6026689088613033,0.2689975835879535,0.38619138248589485,96.74684330203918,False,False,6.746843302039181,False,False
very_high_20_45,-3.9770000000000003,-3.8810000000000002,0.1,0.37544790643972803,0.685425740507188,0.4557048319377503,0.9498282874308358,89.67587136106415,0.12307938300769015,0.5772101674000819,0.29971044959222787,0.37981222313567314,103.65032000643822,False,False,13.650320006438221,False,False
very_high_20_45,-3.9690000000000003,-3.873,0.1,1.2940778885276591,0.5939721904618928,0.3659303071694363,0.986095723818992,82.64722098046684,0.1385393670119145,0.5393909310061741,0.3220697019819114,0.33233714360400773,56.8223466484193,False,False,33.1776533515807,False,False
very_high_20_45,-3.9610000000000003,-3.865,0.1,1.5259372499788575,0.5751585912697588,0.3821285193570341,0.9999258565889388,82.41322270460833,0.11193951309432422,0.5300557106207415,0.3580047762849343,0.29357227327470364,36.840224631511205,False,False,53.159775368488795,False,False
very_high_20_45,-3.9530000000000003,-3.857,0.1,1.2786957805178492,0.5210299881291847,0.34953211108123794,0.9447588018553622,81.1408030724236,0.12639341328506107,0.48596923889412746,0.38763734782081144,0.32034508481172347,34.7588362650236,False,False,55.2411637349764,False,False
very_high_20_45,-3.9450000000000003,-3.849,0.1,0.32466087123986226,0.5295241192478469,0.37690560298824405,0.7830792369291315,76.75964281429319,0.12495058689420044,0.44128871763803296,0.43376069546776663,0.4715968943318045,13.613213758665667,False,False,76.38678624133433,False,False
very_high_20_45,-3.9370000000000003,-3.841,0.1,-0.5563480356754036,0.5893754155238853,0.3999230211259776,0.8509565142773499,75.5331014942219,0.12315171131814738,0.4677340586976992,0.4091142299841535,0.46675848294654193,2.11281548798539,False,False,87.88718451201461,False,False
very_high_20_45,-3.9290000000000003,-3.833,0.1,-0.8398801014678173,0.6600237876824491,0.46280161748334825,0.7584383602035453,74.46053068485594,0.12791440915203428,0.4326946402578129,0.4393909505901528,0.6574701288333524,9.063246715103359,False,False,80.93675328489664,False,False
very_high_20_45,-3.9210000000000003,-3.825,0.1,-1.4451200945032114,0.6822146093769121,0.4941090783219537,0.7012005528625624,73.72150815510525,0.13485273964048575,0.40312728351784727,0.4620199768416669,0.7644825816435618,12.508417528930277,False,False,77.49158247106972,False,False
very_high_20_45,-3.9130000000000003,-3.817,0.1,-0.9416361006561851,0.6610615730500085,0.4909162059851068,0.8026602217340337,72.48783965613063,0.12074681239788311,0.44078751788234294,0.4384656697197739,0.8267021461703892,17.312133777770168,False,False,72.68786622222983,False,False
very_high_20_45,-3.9050000000000002,-3.809,0.1,-0.5667459166041683,0.7230425664452993,0.5130036562951195,0.8215611676357831,71.3339001007514,0.14275151895910332,0.4524042207144838,0.40484426032641296,0.8644975459881218,33.82454491993557,False,False,56.17545508006443,False,False
very_high_20_45,-3.8970000000000002,-3.801,0.1,-0.12977241528062794,0.7582940082335057,0.5259560333662902,0.7666921580044203,71.2508522119643,0.18730038074707986,0.41302280230438165,0.39967681694853846,0.7420699763936752,38.94317457749918,False,False,51.05682542250082,False,False
very_high_20_45,-3.8890000000000002,-3.793,0.1,-0.08834754058405783,0.6654440634681451,0.4370464153012509,0.7158823647594182,71.78731693417015,0.1908175037516573,0.3850202971184608,0.4241621991298819,0.6976285753013997,36.169549666885636,False,False,53.830450333114364,False,False
very_high_20_45,-3.8810000000000002,-3.785,0.1,0.2690603609365201,0.6394070478463745,0.39920501169797995,0.7494730980710517,67.21412620892812,0.198559195335314,0.3913020346982672,0.4101387699664188,0.7047272794346215,44.09285096423869,False,False,45.90714903576131,False,False
very_high_20_45,-3.873,-3.777,0.1,-0.14405946676059395,0.6429224640496016,0.392080644156881,0.6305233621707588,71.08431447211561,0.19016368895012178,0.3571526640088122,0.452683647041066,0.6903464537426892,56.03935483954791,False,False,33.96064516045209,False,False
very_high_20_45,-3.865,-3.769,0.1,-0.5182180410342949,0.3610222590862123,0.2240785576863964,0.14012996187169371,80.77835602390172,0.2336724673226622,0.3357181177122558,0.4306094149650821,0.5820764535068127,60.73593157027083,False,False,29.26406842972917,False,False
very_high_20_45,-3.857,-3.761,0.1,-0.7771502911846337,0.37549878615328347,0.22874188252911218,0.49062938163837594,74.70450265617008,0.21019058300279342,0.373880235453196,0.41592918154401054,0.3729563943307551,49.47321331232218,False,False,40.52678668767782,False,False
very_high_20_45,-3.849,-3.753,0.1,-0.4024730328404453,0.31395914982258166,0.17945154684438133,0.007188188938136563,89.04380216060521,0.23350901946906255,0.34764831052282474,0.4188426700081127,0.35872658322936823,65.47209628907544,False,False,24.527903710924562,False,False
very_high_20_45,-3.841,-3.745,0.1,-0.21740044441333267,0.3320246966912601,0.1817399658323751,0.6356678285958939,77.13977929441336,0.24133214634388575,0.3645783980056417,0.3940894556504725,0.5143460797454696,71.0835710646755,False,False,18.916428935324504,False,False
very_high_20_45,-3.833,-3.737,0.1,0.1092061922034147,0.23078054520849367,0.14329931002622065,0.9332048514126176,88.62567671223827,0.24158377385310714,0.4042468584927638,0.35416936765412904,0.5547245209715304,91.9220582124716,False,False,1.9220582124715975,False,False
very_high_20_45,-3.825,-3.729,0.1,0.09420207067807079,0.24456992452508974,0.15018243561182584,0.24357129587695048,68.37872316538798,0.2550248653879637,0.38391351262508716,0.3610616219869492,0.544073337298216,94.2912542247312,False,False,4.291254224731205,False,False
very_high_20_45,-3.817,-3.721,0.1,0.2727291992498475,0.33363172006336206,0.19580732022987304,0.6272946598797218,79.72375771394726,0.24407566428233093,0.3769484303774239,0.37897590534024517,0.6078993053382875,97.28808709483862,False,False,7.288087094838616,False,False
very_high_20_45,-3.809,-3.713,0.1,-0.05700883744436865,0.2799234288440966,0.1837805264346505,0.8683104721256002,74.25152767352454,0.2386217411874935,0.3991451334414157,0.3622331253710908,0.4681437169072807,97.27244923082847,False,False,7.272449230828471,False,False
very_high_20_45,-3.801,-3.705,0.1,-0.18271981132498363,0.4117076883944214,0.28994610747683935,0.5623038336232321,70.55112990659468,0.18197054117677447,0.4230426290952636,0.39498682972796195,0.606324931552818,96.09096880118938,False,False,6.090968801189376,False,False
very_high_20_45,-3.793,-3.697,0.1,-0.10880286437189404,0.38291354175099457,0.3147355580574873,0.6662349159442339,72.42648326061246,0.17450870042251349,0.4338708855978716,0.3916204139796149,0.5916191909340672,86.97201406000339,False,False,3.0279859399966114,False,False
very_high_20_45,-3.785,-3.689,0.1,-0.09854516843870982,0.5269649441200476,0.3486640962317574,0.9597902650688916,89.27947151551213,0.1992924817854159,0.48395675945955396,0.3167507587550301,0.5555229971666824,77.63167919956842,False,False,12.368320800431576,False,False
very_high_20_45,-3.777,-3.681,0.1,0.38888019192518847,0.6174132193286592,0.4379243464668188,0.8294555658397141,77.3106901672717,0.19385001684668637,0.4867302031161974,0.3194197800371162,0.5581681596472823,85.88083911846599,False,False,4.119160881534015,False,False
very_high_20_45,-3.769,-3.673,0.1,0.18481269383318122,0.6503405493162847,0.45854476722278437,0.763171255603424,72.40170176436854,0.19315648689976722,0.47081105363280534,0.3360324594674275,0.6842936171758706,93.34659424960091,False,False,3.346594249600912,False,False
very_high_20_45,-3.761,-3.665,0.1,0.3607289857125996,0.6823750853246915,0.4776698235507568,0.8480220871199767,74.28523327446554,0.18790797646833693,0.5123535629097417,0.2997384606219214,0.6838529955181881,99.69250005889245,False,False,9.692500058892449,False,False
very_high_20_45,-3.753,-3.657,0.1,0.9263094343115651,0.7353204218992938,0.5235509454490704,0.8591066976513655,74.03860097027139,0.17757345284955336,0.5358591978330617,0.28656734931738503,0.6524187023566546,107.53882188877664,False,False,17.53882188877664,False,False
very_high_20_45,-3.745,-3.649,0.1,0.8226381528466272,0.742465309138074,0.5189458848088185,0.8598254673563785,74.73230554998814,0.165142372592275,0.5358756618742427,0.2989819655334823,0.507677302474187,118.67334235774463,False,False,28.67334235774463,False,False
very_high_20_45,-3.737,-3.641,0.1,0.956206960555377,0.7521320474865687,0.5202490099492122,0.8411963706329598,69.85261849671649,0.1996651748090194,0.5043926389661896,0.29594218622479107,0.486593634121572,135.9172875892653,False,False,45.9172875892653,False,False
very_high_20_45,-3.729,-3.633,0.1,0.052649137946151045,0.7454301925375926,0.5134484096517348,0.8475424073342427,71.83985785059608,0.18670863505274488,0.5154177935964152,0.2978735713508401,0.4120634870421081,138.5598811893384,False,False,48.5598811893384,False,False
very_high_20_45,-3.721,-3.6250000000000004,0.1,0.16646259934787058,0.7563337724273445,0.5162890183041908,0.8539071917919198,69.91568826957634,0.22820793372726114,0.5039136684934942,0.26787839777924477,0.3347275714488995,-177.46553749648413,False,False,87.46553749648413,False,False
very_high_20_45,-3.713,-3.6170000000000004,0.1,-0.31107120858817316,0.7835332301102841,0.5484633601152786,0.8435506014901757,66.3444912083783,0.2509504030035501,0.4795098106146269,0.26953978638182313,0.4462783829542325,-174.81885768538942,False,False,84.81885768538942,False,False
very_high_20_45,-3.705,-3.6090000000000004,0.1,-0.3821851328986954,0.7642428765619188,0.5239937437211173,0.8278269448958119,61.00444926134106,0.29139477230349026,0.4492774596937826,0.2593277680027272,0.449671052469585,-166.27781117798602,False,False,76.27781117798602,False,False
very_high_20_45,-3.697,-3.6010000000000004,0.1,-0.5295104844583544,0.7925305699196926,0.5654294453084264,0.8491798478486577,60.56715891921605,0.30422252000176697,0.4612661806067269,0.23451129939150606,0.5212111136727592,-155.22892920004148,False,False,65.22892920004148,False,False
very_high_20_45,-3.689,-3.5930000000000004,0.1,-0.3316120956414259,0.8233474955713602,0.6127831102548028,0.8472035287378245,56.81684616609432,0.33934251709615965,0.43163567033947026,0.22902181256437007,0.603408444647242,-159.70875526585328,False,False,69.70875526585328,False,False
very_high_20_45,-3.681,-3.5850000000000004,0.1,-0.32342102479018303,0.8338327430912628,0.6296477961231549,0.8707236661537322,53.18747082494265,0.37240264820965835,0.4374365104119035,0.19016084137843822,0.7127808993226021,-147.1149790072029,False,False,57.11497900720289,False,False
very_high_20_45,-3.673,-3.5770000000000004,0.1,-0.25877012472537536,0.797096000563255,0.5784357566727788,0.9170076612522948,49.54847323687794,0.41281062477382396,0.44104201469732823,0.14614736052884775,0.6934741162958918,-139.65475346247277,False,False,49.65475346247277,False,False
very_high_20_45,-3.665,-3.5690000000000004,0.1,-0.5793121915134293,0.7951402057570864,0.5771577936797782,0.9341784488005223,49.9225652302754,0.41566100019341445,0.4478321860463688,0.13650681376021673,0.739231768322978,-134.9825522490058,False,False,44.982552249005806,False,False
very_high_20_45,-3.657,-3.5610000000000004,0.1,-0.6900495521322433,0.7388928796065205,0.5062511523786126,0.937657993626415,36.663824085439884,0.50830753045329,0.3685283738823352,0.1231640956643747,0.7836702799034636,-121.637586531633,False,False,31.637586531633005,False,False
very_high_20_45,-3.649,-3.5530000000000004,0.1,-1.195524068551865,0.7874045452479158,0.5744051618951292,0.9680267435976871,27.83367178722162,0.581874663036885,0.35160814959554054,0.06651718736757449,0.7704033992435847,-121.6156964924842,False,False,31.615696492484204,False,False
very_high_20_45,-3.641,-3.5450000000000004,0.1,-1.4480738383451965,0.7636378870288926,0.555744786798314,0.937368548478549,23.837138342126206,0.6063270476315629,0.33161272448853224,0.06206022787990486,0.7898967846708134,-112.5933167139644,False,False,22.5933167139644,False,False
very_high_20_45,-3.633,-3.5370000000000004,0.1,-1.6310539730632174,0.7357578994611187,0.5269827242061004,0.9261270551263409,14.161368640787186,0.6322300646899437,0.3120767233942426,0.055693211915813744,0.6338013283839006,-106.37148883352633,False,False,16.371488833526328,False,False
very_high_20_45,-3.6250000000000004,-3.5290000000000004,0.1,-1.5366065305279981,0.7570673183069963,0.5453219876772405,0.9422883871460225,15.722530271759425,0.631304133363949,0.31221637612160874,0.0564794905144424,0.589215743976814,-112.60935853507837,False,False,22.60935853507837,False,False
very_high_20_45,-3.6170000000000004,-3.5210000000000004,0.1,-1.4766476453773358,0.7265043735771202,0.5138188534309325,0.8663178372634854,14.96327064913324,0.620456641129433,0.31017343441583195,0.06936992445473504,0.5688104351072626,-106.1129618483514,False,False,16.112961848351404,False,False
very_high_20_45,-3.6090000000000004,-3.5130000000000003,0.1,-1.3877065292304904,0.7390530983518463,0.5209558849131004,0.8509830404134117,19.266224904003124,0.6159878470003086,0.29130322449281804,0.0927089285068734,0.559879829859878,-113.60838240473612,False,False,23.60838240473612,False,False
very_high_20_45,-3.6010000000000004,-3.5050000000000003,0.1,-1.3596966445444099,0.6873784157934733,0.4723532950255582,0.9607984377089104,17.76435852583366,0.586741387723666,0.32355960729230443,0.08969900498402954,0.545668284154948,-110.58520420991618,False,False,20.585204209916185,False,False
very_high_20_45,-3.5930000000000004,-3.4970000000000003,0.1,-1.0395044347175788,0.7133098236709765,0.48489754266158114,0.8915208414531771,16.73966275430427,0.6056646688371831,0.2968435936077155,0.09749173755510143,0.4915652275023304,-113.92511723947175,False,False,23.925117239471746,False,False
very_high_20_45,-3.5850000000000004,-3.4890000000000003,0.1,-1.0605547167372877,0.5656030430873422,0.3384724917518635,0.5513214101663227,13.046942486945309,0.5154756874145925,0.32052761829500365,0.16399669429040395,0.2707140091614889,-102.2011867505267,False,False,12.201186750526702,False,False
very_high_20_45,-3.5770000000000004,-3.4810000000000003,0.1,-0.9383705768113806,0.6279446179593566,0.3722691369776767,0.6405225719183435,14.048172647914143,0.5420962507870585,0.28417338798382535,0.17373036122911623,0.15113049992052152,-145.25403831336723,False,False,55.25403831336723,False,False
very_high_20_45,-3.5690000000000004,-3.4730000000000003,0.1,-0.9599931822506481,0.5309241372119634,0.28641130607642346,0.04000515359536106,25.996053477797105,0.45381365311955296,0.28444214849402755,0.2617441983864195,0.11918283780827611,100.12057014692279,False,False,10.120570146922788,False,False
very_high_20_45,-3.5610000000000004,-3.4650000000000003,0.1,-0.08035751306780493,0.5655385745006352,0.3434747030345338,0.9946727109608052,35.548255218322794,0.41191514294406817,0.3385106571378361,0.24957419991809562,0.5324921211433047,139.53489076756367,False,False,49.53489076756367,False,False
very_high_20_45,-3.5530000000000004,-3.4570000000000003,0.1,0.2956921414534627,0.6261225289879142,0.40625032696348334,0.9320037461013684,35.14298137480737,0.4088226920508565,0.3277208834073218,0.26345642454182183,0.5828683825634215,153.85894572157892,False,False,63.85894572157892,False,False
very_high_20_45,-3.5450000000000004,-3.4490000000000003,0.1,0.8225502656816498,0.6759443771960971,0.4648207327231525,0.9792663930282915,46.995992163261214,0.3693395676006049,0.3640676834089521,0.26659274899044305,0.7352589377611168,150.3535912908844,False,False,60.353591290884395,False,False
very_high_20_45,-3.5370000000000004,-3.4410000000000003,0.1,1.3022629399865235,0.7993081682557974,0.6001987641742961,0.9792501870626805,44.38932528930848,0.42031276846574855,0.3697711259503196,0.20991610558393195,0.8316206174557392,160.2140883546488,False,False,70.2140883546488,False,False
very_high_20_45,-3.5290000000000004,-3.4330000000000003,0.1,1.1573034691652557,0.7985262140264964,0.600681341558344,0.9781211929164058,43.179226186848034,0.43186266947573354,0.36336621420523973,0.2047711163190267,0.827619068582702,162.19499669876768,False,False,72.19499669876768,False,False
very_high_20_45,-3.5210000000000004,-3.4250000000000003,0.1,0.9121728463367351,0.8172522544765537,0.6200129874214328,0.9519447641603949,42.33062887171678,0.4459681919534008,0.34380379211891615,0.210228015927683,0.8168066186684266,167.12145030741345,False,False,77.12145030741345,False,False
very_high_20_45,-3.5130000000000003,-3.4170000000000003,0.1,1.4490222099624026,0.8619032185678973,0.685294035683445,0.9170940705595186,50.00563285680763,0.39486227860794626,0.4095909068130375,0.19554681457901613,0.799440771273645,176.32151074247778,False,False,86.32151074247778,False,False
very_high_20_45,-3.5050000000000003,-3.4090000000000003,0.1,1.934495649400954,0.8343885699525349,0.6298048397795633,0.9207278395856424,52.89397102705515,0.36592695920115553,0.46048645426022317,0.17358658653862136,0.6735061807099705,-178.39120250663507,False,False,88.39120250663507,False,False
very_high_20_45,-3.4970000000000003,-3.4010000000000002,0.1,2.1015923991423473,0.8475673930284525,0.6514632888883166,0.9105139138524658,55.38174890640598,0.33875263441300346,0.47506436322410506,0.1861830023628915,0.7075591493769166,-164.33456716406045,False,False,74.33456716406045,False,False
very_high_20_45,-3.4890000000000003,-3.3930000000000002,0.1,1.4202948136244955,0.8247064093421704,0.6146577705588214,0.9258789975277557,60.11198387414345,0.3064909913121102,0.5334663170777258,0.16004269161016396,0.5842238642411608,-160.99585614295606,False,False,70.99585614295606,False,False
very_high_20_45,-3.4810000000000003,-3.3850000000000002,0.1,0.8364151758185993,0.8121184374623978,0.5960009866090522,0.932930977078805,60.88487263633777,0.3031339319714526,0.541996812478874,0.15486925554967335,0.5581709873591139,-157.72486641872084,False,False,67.72486641872084,False,False
very_high_20_45,-3.4730000000000003,-3.3770000000000002,0.1,0.2566119235609131,0.8113961934389682,0.5963187783486908,0.9329402970851788,62.36813506185619,0.2953353756388453,0.5519502165821865,0.1527144077789682,0.5402478046819551,-155.83310792564168,False,False,65.83310792564168,False,False
very_high_20_45,-3.4650000000000003,-3.3690000000000007,0.1,-0.1423273952736387,0.7877473636854153,0.5691950116154514,0.9588248169084072,65.20336418705,0.28920758186375345,0.5848802480436831,0.12591217009256345,0.44562715213322845,-156.15849058352399,False,False,66.15849058352399,False,False
very_high_20_45,-3.4570000000000003,-3.3610000000000007,0.1,0.11807766439218849,0.771775013597036,0.5532945684939875,0.9641198576359974,70.12787191723622,0.2622459114393036,0.6031837509799638,0.1345703375807326,0.447739556541068,-136.03641056269657,False,False,46.036410562696574,False,False
very_high_20_45,-3.4490000000000003,-3.3530000000000006,0.1,0.17100729067949297,0.7887594388855381,0.5822822580628023,0.9681028891342958,70.1555726599616,0.2633006340089264,0.6190677205731345,0.11763164541793901,0.48818736025668497,-133.02921880705898,False,False,43.02921880705898,False,False
very_high_20_45,-3.4410000000000003,-3.3450000000000006,0.1,0.3982597239534539,0.774785017592145,0.5602363008681931,0.9918903867071829,78.1016029858386,0.2139428340202919,0.6623009944324202,0.12375617154728803,0.44747299749776337,-121.67172202263168,False,False,31.671722022631684,False,False
very_high_20_45,-3.4330000000000003,-3.3370000000000006,0.1,0.9264543693599332,0.7458753627430206,0.5367738938995494,0.9995353309907272,88.11687030375104,0.19256599702544716,0.6537138283790366,0.15372017459551618,0.5971596570993644,-93.1570903866015,False,False,3.157090386601496,False,False
very_high_20_45,-3.4250000000000003,-3.3290000000000006,0.1,1.1740594673896272,0.7243357743113181,0.512371997702479,0.9995422768317207,87.34350238865053,0.22221045041492726,0.6297939748941118,0.1479955746909609,0.6498737358597284,-94.23266021024244,False,False,4.232660210242443,False,False
very_high_20_45,-3.4170000000000003,-3.3210000000000006,0.1,0.759470974114623,0.7802675063620459,0.5637845205129921,0.9948903992672286,84.1902431957293,0.17986575062813215,0.6840449208059473,0.13608932856592065,0.614221620554088,-78.50858107169918,False,False,11.491418928300817,False,False
very_high_20_45,-3.4090000000000003,-3.3130000000000006,0.1,0.7386444397911038,0.7784545941220268,0.5572849925297003,0.9626953910572844,69.75897360237242,0.2510620802621675,0.6055411157814138,0.14339680395641877,0.7043720748500666,-59.92829113571106,False,False,30.071708864288937,False,False
very_high_20_45,-3.4010000000000002,-3.3050000000000006,0.1,0.6244441027717231,0.7808358390809361,0.5557412009113175,0.9587838106039136,69.41034312942419,0.2509297589366658,0.6003603851758179,0.14870985588751634,0.6574240826885647,-55.76621540014423,False,False,34.23378459985577,False,False
very_high_20_45,-3.3930000000000002,-3.2970000000000006,0.1,0.8598245143697234,0.7401528796173522,0.5067850582252585,0.9264423719018648,61.815385385543934,0.3393930442358948,0.5066632672639788,0.15394368850012644,0.47169008148660724,-40.43626560493015,False,False,49.56373439506985,False,False
very_high_20_45,-3.3850000000000002,-3.2890000000000006,0.1,0.49227242313126335,0.7185442074393089,0.4835181866289568,0.8802849091681372,59.15959828291977,0.3587211303041547,0.4578108996580608,0.18346797003778453,0.4842100364053598,-47.8401843428026,False,False,42.1598156571974,False,False
very_high_20_45,-3.3770000000000002,-3.2810000000000006,0.1,1.137082824334741,0.6614665880262101,0.44546359835139193,0.8744307087936921,69.45230420492932,0.3535049080883424,0.45559794419835864,0.19089714771329894,0.2547386889738236,-46.23131435822291,False,False,43.76868564177709,False,False
very_high_20_45,-3.3690000000000007,-3.2730000000000006,0.1,1.429462235911733,0.5747793988858149,0.42131611045826944,0.8660775324552651,81.31513152454441,0.3905381056416735,0.4290453556975719,0.18041653866075463,0.1032917763313943,-93.56784946195772,False,False,3.567849461957721,False,False
very_high_20_45,-3.3610000000000007,-3.2650000000000006,0.1,1.0759897181084266,0.4980274491776313,0.4075505578258773,0.8209477999835816,79.04773272733216,0.42114766526588904,0.38380646016832404,0.1950458745657869,0.19534935129562145,-107.05956584317356,False,False,17.05956584317356,False,False
very_high_20_45,-3.3530000000000006,-3.2570000000000006,0.1,1.2460800728956676,0.6067399770364725,0.44459933303769184,0.8758198440426544,78.37466276271614,0.3830002940268954,0.43319919303761434,0.1838005129354902,0.16606704748781684,-145.01446859846715,False,False,55.01446859846715,False,False
very_high_20_45,-3.3450000000000006,-3.2490000000000006,0.1,1.2079940525931625,0.6171724463382752,0.44809063962301626,0.8892513359441887,74.0956438222061,0.38385060134104015,0.4379399577279344,0.17820944093102548,0.199585814853337,152.8652175210489,False,False,62.86521752104889,False,False
very_high_20_45,-3.3370000000000006,-3.2410000000000005,0.1,1.3368066763080508,0.5662399950257533,0.41249399530258746,0.9026538022690208,60.44648386373223,0.41018146979629344,0.403490916177196,0.18632761402651052,0.2707514555925437,146.38080089967593,False,False,56.38080089967593,False,False
very_high_20_45,-3.3290000000000006,-3.2330000000000005,0.1,0.8874232010054164,0.672888054961339,0.45334217375473207,0.9211781588493391,65.71443491800444,0.35222410011261035,0.4729808678344427,0.1747950320529469,0.3588958170265123,144.75533512392786,False,False,54.755335123927864,False,False
very_high_20_45,-3.3210000000000006,-3.2250000000000005,0.1,0.52069869135828,0.6470390612248254,0.411121703168667,0.9390213752869404,70.37795893315982,0.32681962738845177,0.4947857472187964,0.1783946253927518,0.4293338173800085,124.24776933057629,False,False,34.24776933057629,False,False
very_high_20_45,-3.3130000000000006,-3.2170000000000005,0.1,0.44837744441248406,0.6626691389226897,0.41390657173101447,0.9369661839955208,65.07330096588355,0.317009947560347,0.4817422656186942,0.20124778682095887,0.5286256568555414,129.75383478427608,False,False,39.75383478427608,False,False
very_high_20_45,-3.3050000000000006,-3.2090000000000005,0.1,0.6544358190776538,0.7053370314245977,0.45113613899440363,0.947233574243624,71.02887363353237,0.27239130256995026,0.5390375075331023,0.18857118989694746,0.5432603662474126,124.7588810023212,False,False,34.7588810023212,False,False
very_high_20_45,-3.2970000000000006,-3.2010000000000005,0.1,0.4590991709588607,0.726302829757831,0.4763460907952734,0.9666793099951445,74.76750958961452,0.25027762773961454,0.582266809118978,0.16745556314140742,0.550807991068342,120.9892281374914,False,False,30.989228137491395,False,False
very_high_20_45,-3.2890000000000006,-3.1930000000000005,0.1,0.642326024546133,0.7648308731409668,0.5241036432978665,0.9632822585177392,76.83373368055308,0.20094154686672933,0.6084902969010472,0.1905681562322235,0.5632411846568,126.54655426938545,False,False,36.54655426938545,False,False
very_high_20_45,-3.2810000000000006,-3.1850000000000005,0.1,0.7208285757744544,0.7836645006729832,0.5518995024213103,0.966647507796338,80.17270518720689,0.18981690182939503,0.6408561898896822,0.16932690828092287,0.5844696546634293,117.74632479495915,False,False,27.74632479495915,False,False
very_high_20_45,-3.2730000000000006,-3.1770000000000005,0.1,0.5719934324108559,0.8106420527295575,0.5950500835374408,0.970731868409297,86.69957466402579,0.13809644514633995,0.6875683989723873,0.1743351558812727,0.555157090352398,105.40877127987389,False,False,15.40877127987389,False,False
very_high_20_45,-3.2650000000000006,-3.1690000000000005,0.1,0.6592416668119092,0.8328603367420276,0.6284849920113847,0.9533779846679328,88.87582209745665,0.10611754550980387,0.690505629972331,0.20337682451786504,0.4498125905944666,102.20248641133628,False,False,12.202486411336281,False,False
very_high_20_45,-3.2570000000000006,-3.1610000000000005,0.1,0.902917346930665,0.8135310413487966,0.6012809938371078,0.9248612554888511,87.86002154104894,0.10345667663110446,0.646556442141329,0.2499868812275666,0.4596359853080574,89.3222078260073,False,False,0.6777921739926995,False,False
very_high_20_45,-3.2490000000000006,-3.1530000000000005,0.1,0.927722561348282,0.7941358226518829,0.574944966880945,0.8970200255860714,80.50495671636567,0.11548055134825201,0.5984893948135069,0.28603005383824104,0.3841045835669134,48.40739652084024,False,False,41.59260347915976,False,False
very_high_20_45,-3.2410000000000005,-3.1450000000000005,0.1,0.7910646894035173,0.8237833705464234,0.6189793966682473,0.8611314812832823,78.97342611038823,0.09664837519389617,0.5809781688969967,0.32237345590910715,0.4412489829808904,19.591144856645034,False,False,70.40885514335497,False,False
very_high_20_45,-3.2330000000000005,-3.1370000000000005,0.1,0.40615052514284666,0.7980334805635183,0.5851234366356951,0.8051814746177871,76.19532346016634,0.1057032541160982,0.5213614624026264,0.3729352834812755,0.489801564719803,25.20129617931323,False,False,64.79870382068677,False,False
very_high_20_45,-3.2250000000000005,-3.1290000000000004,0.1,0.3421670088397278,0.8225405185712541,0.6145473070644673,0.7443306523104947,73.45333058579921,0.12970781535508644,0.46343788330327224,0.40685430134164136,0.5575268562170217,17.665444125173835,False,False,72.33455587482617,False,False
very_high_20_45,-3.2170000000000005,-3.1210000000000004,0.1,0.6256168985711078,0.7934344351666864,0.5746305621428591,0.7374132340238879,73.45315142201227,0.12793986940103483,0.45258980124444614,0.41947032935451906,0.5730355295579571,15.18220679778851,False,False,74.81779320221149,False,False
very_high_20_45,-3.2090000000000005,-3.1130000000000004,0.1,0.013173999757607965,0.7556777227495454,0.5276430543316372,0.6889371843357674,74.13130679091213,0.1257887490809304,0.4289201854189783,0.4452910655000913,0.5228623110971926,26.81351196644535,False,False,63.18648803355465,False,False
very_high_20_45,-3.2010000000000005,-3.1050000000000004,0.1,0.309610753725821,0.7486191143579508,0.5143218429025646,0.6339853554088702,74.03299596053677,0.13682033834653018,0.39584600296100575,0.46733365869246407,0.4996561409345194,27.31627912451359,False,False,62.683720875486415,False,False
very_high_20_45,-3.1930000000000005,-3.0970000000000004,0.1,0.6114475788493373,0.6898220456517792,0.4659471210947548,0.7367003280610699,74.70963453736749,0.11927961770117357,0.4516046737841093,0.4291157085147171,0.5129106987694629,31.05364759751429,False,False,58.946352402485715,False,False
very_high_20_45,-3.1850000000000005,-3.0890000000000004,0.1,0.5069993567866768,0.6091530415305701,0.40973314047646026,0.7082267091002014,76.32733123268733,0.11492288855101478,0.44779995019630375,0.43727716125268157,0.3833244078388718,32.78952496534465,False,False,57.21047503465535,False,False
very_high_20_45,-3.1770000000000005,-3.0810000000000004,0.1,0.1100992284209834,0.5777238334487244,0.3945235403853801,0.554290414475277,73.76141430914865,0.12483657331268012,0.4144682885374807,0.4606951381498392,0.4116595538579062,27.883577897668395,False,False,62.116422102331605,False,False
very_high_20_45,-3.1690000000000005,-3.0730000000000004,0.1,-0.5973163026998195,0.561228666909265,0.38878963044936216,0.6898277936950958,74.97955339212898,0.12123051182791926,0.44150425612097444,0.43726523205110623,0.3686624666657592,35.76813938432565,False,False,54.23186061567435,False,False
very_high_20_45,-3.1610000000000005,-3.0650000000000004,0.1,-0.579109958623238,0.4479337120525131,0.37594465434177043,0.9998981185219429,72.58508970703814,0.14564551247986318,0.4438038561529974,0.4105506313671393,0.4648570506871797,31.220657706728456,False,False,58.77934229327154,False,False
very_high_20_45,-3.1530000000000005,-3.0570000000000004,0.1,-0.6586377426965264,0.5711849574201959,0.3732070929549261,0.8078470447375121,85.00489301912006,0.14028462503835515,0.4568506785111705,0.40286469645047424,0.4179938328398751,43.70451291810498,False,False,46.29548708189502,False,False
very_high_20_45,-3.1450000000000005,-3.0490000000000004,0.1,-0.8237285317446982,0.5327217798096608,0.37212464131177936,0.8631880054150008,84.29870849052675,0.12613042489311924,0.46788019760264565,0.4059893775042351,0.4540234353587439,47.770587136581014,False,False,42.229412863418986,False,False
very_high_20_45,-3.1370000000000005,-3.0410000000000004,0.1,-1.1324591901701224,0.6618186672862785,0.42337344399083243,0.9247963810898338,81.71047722931415,0.1354927873018891,0.5347040247373411,0.3298031879607697,0.4264978109157854,46.80953649552504,False,False,43.19046350447496,False,False
very_high_20_45,-3.1290000000000004,-3.0330000000000004,0.1,-0.9530182411175243,0.7174252294649698,0.47621854245719836,0.9220319234273049,82.61326412297566,0.12454420325299616,0.5700379837668973,0.3054178129801067,0.27095448016952095,49.22842029047081,False,False,40.77157970952919,False,False
very_high_20_45,-3.1210000000000004,-3.0250000000000004,0.1,-1.4011584200538154,0.6983410446352911,0.45825286913001706,0.9421466542683911,86.47800400914196,0.12939721869099075,0.574253397121345,0.29634938418766427,0.23768372532013443,74.42971708450106,False,False,15.570282915498936,False,False
very_high_20_45,-3.1130000000000004,-3.0170000000000003,0.1,-1.5700675121140533,0.7093958190208781,0.46392353158884486,0.9905340559064678,87.71494012986427,0.14864397805022625,0.6186149605167806,0.23274106143299317,0.21613854700664684,73.65707815514597,False,False,16.342921844854033,False,False
very_high_20_45,-3.1050000000000004,-3.0090000000000003,0.1,-1.9087612453376197,0.712510355992495,0.4698628086798094,0.9890875247546407,89.39773893118377,0.13471554163696914,0.6254354919495657,0.23984896641346506,0.13168413857194272,-109.14456785971572,False,False,19.14456785971572,False,False
very_high_20_45,-3.0970000000000004,-3.0010000000000003,0.1,-0.9243166833952203,0.6351326019764212,0.38732405268028475,0.9827014680021726,71.7410662581757,0.19033681345965262,0.516308159248618,0.2933550272917295,0.5114450751381442,-144.49386040851596,False,False,54.49386040851596,False,False
very_high_20_45,-3.0890000000000004,-2.9930000000000003,0.1,-0.7457502990380994,0.5675065141580262,0.3328873511733871,0.9932669811483186,61.99558634352302,0.249302826053762,0.44479800084537696,0.30589917310086095,0.4994363894105729,-157.01979883759762,False,False,67.01979883759762,False,False
very_high_20_45,-3.0810000000000004,-2.9850000000000003,0.1,-0.6530071335363683,0.5523554411858247,0.31873229640628387,0.9999844443851058,57.13859757068534,0.2729856372997161,0.423769966845114,0.30324439585517,0.5971525157659571,-142.39416151275066,False,False,52.39416151275066,False,False
very_high_20_45,-3.0730000000000004,-2.9770000000000003,0.1,-0.6623614301391904,0.6241728247505964,0.3719352034004768,0.9502707336141453,49.64825782129923,0.32402685165384876,0.3808351468529965,0.2951380014931546,0.6919925599593103,-143.44955822825844,False,False,53.44955822825844,False,False
very_high_20_45,-3.0650000000000004,-2.9690000000000003,0.1,-0.651834559970578,0.6209288997255474,0.3888597400809847,0.9382706724196448,45.64755861422111,0.3396257313522467,0.3411998297843182,0.31917443886343505,0.7083893792298348,-151.1042531484862,False,False,61.10425314848621,False,False
very_high_20_45,-3.0570000000000004,-2.9610000000000003,0.1,-0.6204673023090912,0.7113442411803603,0.49916435013944443,0.9542067770432209,48.51398534553755,0.31314560865150476,0.39446826112971073,0.2923861302187845,0.7915166604888123,-158.94242695175294,False,False,68.94242695175294,False,False
very_high_20_45,-3.0490000000000004,-2.9530000000000003,0.1,-1.2946442251224348,0.7416536160603544,0.5255907211740602,0.9489594355750424,48.71666874673489,0.3218495898497555,0.4053665262137415,0.27278388393650305,0.7975759011015253,-159.11294738125483,False,False,69.11294738125483,False,False
very_high_20_45,-3.0410000000000004,-2.9450000000000003,0.1,-1.15272325049489,0.7737302102442338,0.5630254684599532,0.8686556531804088,48.02069303886326,0.33855445556299285,0.3556956187718131,0.30574992566519404,0.851553739401013,-162.89009407325656,False,False,72.89009407325656,False,False
very_high_20_45,-3.0330000000000004,-2.9370000000000003,0.1,-1.0475956295978064,0.7636544062611818,0.550176149890227,0.8644521051089733,47.67513473815605,0.3431750534719811,0.3423237442581195,0.3145012022698994,0.8528924978382992,-162.9476096615844,False,False,72.94760966158441,False,False
very_high_20_45,-3.0250000000000004,-2.9290000000000003,0.1,-0.631431465966343,0.7544919998916229,0.5375150883523281,0.7308917577879814,53.04077342636832,0.30064525345570164,0.31043794601018815,0.38891680053411026,0.8233108108745139,-165.09961383751002,False,False,75.09961383751002,False,False
very_high_20_45,-3.0170000000000003,-2.9210000000000003,0.1,-0.7025186250499286,0.7210165086072817,0.4980985199799036,0.754011748680282,52.42185961252702,0.3156649838448852,0.30300230317174265,0.3813327129833721,0.7796231738978182,-169.2666322765665,False,False,79.2666322765665,False,False
very_high_20_45,-3.0090000000000003,-2.9130000000000003,0.1,-0.2821617459228286,0.7359620890669614,0.5061729001402037,0.7169498804079739,60.647378562036394,0.27148974795044134,0.32662190652476103,0.4018883455247976,0.7088429121430222,-169.3897253819161,False,False,79.3897253819161,False,False
very_high_20_45,-3.0010000000000003,-2.9050000000000002,0.1,-0.2809956926489849,0.7133456075134688,0.47848905237182926,0.7660093909886703,64.95222132063796,0.23047455006770529,0.38306745058281894,0.3864579993494759,0.6448375522148202,-171.88571659860278,False,False,81.88571659860278,False,False
very_high_20_45,-2.9930000000000003,-2.8970000000000002,0.1,0.2110240401416561,0.7465151847308346,0.5143405304898255,0.7323082624735513,67.5164740035556,0.2088041267405212,0.3868989350288703,0.4042969382306084,0.6522436049432002,-170.71678012174755,False,False,80.71678012174755,False,False
very_high_20_45,-2.9850000000000003,-2.8890000000000002,0.1,0.4379003147886199,0.799830163379298,0.5826253814176262,0.7994916849288599,67.7125080943254,0.1923337352891377,0.4460655231178001,0.36160074159306216,0.732255212170533,-159.62349509196923,False,False,69.62349509196923,False,False
very_high_20_45,-2.9770000000000003,-2.8810000000000002,0.1,0.14189386349620803,0.7764394432234578,0.551527986583784,0.7901619015663561,71.54950974332873,0.15890198155954996,0.45989613802513113,0.38120188041531883,0.6952573251545704,-154.5596613213589,False,False,64.5596613213589,False,False
very_high_20_45,-2.9690000000000003,-2.873,0.1,-0.11879018727148737,0.7748132603954865,0.5395331744501948,0.7319117490462167,68.68916674130459,0.20799653524512765,0.40342385155632227,0.38857961319855006,0.6078221082448185,-156.7742520095957,False,False,66.7742520095957,False,False
very_high_20_45,-2.9610000000000003,-2.865,0.1,-0.988910582000349,0.7634301177206331,0.5261223330372244,0.7513116369784547,67.19503506914648,0.23059341290575835,0.39331375750425307,0.3760928295899885,0.6070991590587252,-159.26182167389234,False,False,69.26182167389234,False,False
very_high_20_45,-2.9530000000000003,-2.857,0.1,-0.9902714829490833,0.7606056340895906,0.5190920768394561,0.7402552570204378,68.07304031860741,0.23234192451646496,0.39082882866586977,0.3768292468176652,0.6151276486717354,-149.69444198237858,False,False,59.69444198237858,False,False
very_high_20_45,-2.9450000000000003,-2.849,0.1,-1.5309806665834906,0.7675355046535395,0.5278433619086461,0.7693809780053096,68.29804753247433,0.24141628924516464,0.4119462326107224,0.346637478144113,0.5928849072176722,-147.1516596059136,False,False,57.15165960591361,False,False
very_high_20_45,-2.9370000000000003,-2.841,0.1,-1.1895599305675657,0.7753063086427809,0.5399527113735897,0.808788320199754,66.90150215666954,0.24371716764792353,0.432158157636012,0.32412467471606443,0.6645631557885185,-145.0625906295281,False,False,55.0625906295281,False,False
very_high_20_45,-2.9290000000000003,-2.833,0.1,-0.47846602151519524,0.8519484955914173,0.6583420561038342,0.828897841398084,65.03678538372208,0.25536545611528816,0.4758869201804924,0.26874762370421945,0.687896196013276,-150.1064149706631,False,False,60.10641497066311,False,False
very_high_20_45,-2.9210000000000003,-2.825,0.1,-0.23478509736151654,0.8486871508284068,0.6523149523250276,0.8536289701129742,64.07617136718751,0.25433522456732954,0.49280919030611203,0.2528555851265584,0.7550067372355093,-144.92883548564072,False,False,54.92883548564072,False,False
very_high_20_45,-2.9130000000000003,-2.817,0.1,0.7210166503451506,0.906630961730737,0.764258390313609,0.8740708591537257,63.64644241354978,0.23334610592290891,0.553588620247067,0.2130652738300241,0.8447493933757068,-148.77115948166906,False,False,58.77115948166906,False,False
very_high_20_45,-2.9050000000000002,-2.809,0.1,0.5402030836807447,0.8894538626024057,0.7284549630384184,0.8798186043632081,62.73486951262541,0.24563590259994184,0.5379803207209398,0.21638377667911832,0.8544535194375555,-146.26025780517293,False,False,56.26025780517293,False,False
very_high_20_45,-2.8970000000000002,-2.801,0.1,1.5407909714005963,0.9011733429135812,0.75253937335446,0.9223797981834871,65.8312685009891,0.2055164555276391,0.6205911843772487,0.17389236009511222,0.7966369815544164,-154.20777953104712,False,False,64.20777953104712,False,False
very_high_20_45,-2.8890000000000002,-2.793,0.1,1.174551372444917,0.9014788577143669,0.7532018133609283,0.943567678953118,68.64962524560255,0.18671797314239058,0.6669126600237368,0.14636936683387244,0.770272515997482,-149.5983386408436,False,False,59.59833864084359,False,False
very_high_20_45,-2.8810000000000002,-2.785,0.1,0.9684140175798357,0.8921857605509982,0.7342327667440312,0.9466661059319759,69.4043721896,0.18739788996096976,0.6656390293375005,0.14696308070152975,0.6894132707937665,-156.749026089676,False,False,66.749026089676,False,False
very_high_20_45,-2.873,-2.777,0.1,-0.16549916578129864,0.8990374665863231,0.7480533175513642,0.9594755679795475,71.17817961882731,0.15726076146468027,0.7017391172831784,0.14100012125214118,0.6878232998876952,-163.3158630467285,False,False,73.31586304672851,False,False
very_high_20_45,-2.865,-2.769,0.1,-1.2062579240530404,0.9138826091820071,0.7804221370473342,0.9627552172614965,72.72793946294308,0.12461532637260797,0.7291832446942258,0.1462014289331663,0.7587726470345455,-162.09603822686037,False,False,72.09603822686037,False,False
very_high_20_45,-2.857,-2.761,0.1,-0.9708460042058752,0.8831390202735094,0.7186293470924952,0.9547868689015012,72.42216994103221,0.13226004004980518,0.6910780009988124,0.17666195895138231,0.6843197350881645,-164.63311736575085,False,False,74.63311736575085,False,False
very_high_20_45,-2.849,-2.753,0.1,-1.0456931203894806,0.8634742037038586,0.6814697372133107,0.9481882154799868,71.93515158455133,0.13898529686560057,0.6576452173572483,0.2033694857771511,0.6667448238697247,-169.02697385866344,False,False,79.02697385866344,False,False
very_high_20_45,-2.841,-2.7450000000000006,0.1,-0.7442396509241049,0.83951970632543,0.639823457747166,0.9483679802185614,72.69181304344369,0.14935538285094688,0.6465432531349925,0.20410136401406062,0.5733693919580927,-164.18138727435104,False,False,74.18138727435104,False,False
very_high_20_45,-2.833,-2.7370000000000005,0.1,-0.5995730305437743,0.7945577745521704,0.5725075984817161,0.9393483377665346,75.73485658389586,0.1261239900429899,0.6215286759363233,0.2523473340206867,0.478562234414593,-169.59786790675847,False,False,79.59786790675847,False,False
very_high_20_45,-2.825,-2.7290000000000005,0.1,0.19798384124622415,0.7794052727222076,0.5427297482429009,0.9357995184408746,82.1737171914357,0.13944840540380662,0.6194837103944248,0.24106788420176847,0.3375915495867009,-135.71571525759802,False,False,45.71571525759802,False,False
very_high_20_45,-2.817,-2.7210000000000005,0.1,0.46688576349258465,0.7051732171751375,0.455634380382909,0.9181712078977613,86.81439466581011,0.13090378437442107,0.5694525200412351,0.2996436955843438,0.16282201003890345,-110.83111567310185,False,False,20.83111567310185,False,False
very_high_20_45,-2.809,-2.7130000000000005,0.1,0.7570209798866099,0.5811225356159866,0.346990640931837,0.8642356877894367,84.99173225303205,0.1458719960182777,0.4937711019790147,0.36035690200270754,0.1177405823385196,-42.230868152513835,False,False,47.769131847486165,False,False
very_high_20_45,-2.801,-2.7050000000000005,0.1,-0.06008614831637383,0.5645459799660506,0.33874555482143365,0.8216314799277449,82.18787678125898,0.15132034442882833,0.4626570728016577,0.38602258276951396,0.1896542421768922,-9.445294285261406,False,False,80.55470571473859,False,False
very_high_20_45,-2.793,-2.6970000000000005,0.1,-0.04829927969954636,0.618445141331869,0.4039167368187205,0.11413084190373833,82.4625006077592,0.17622824195325948,0.2667128390614749,0.5570589189852656,0.5115593507513672,6.607680207883237,False,False,83.39231979211677,False,False
very_high_20_45,-2.785,-2.6890000000000005,0.1,-0.8133274251335055,0.6402180801706736,0.42765302696814084,0.06244915238150132,83.43605341490436,0.17737044788640746,0.2538954421436372,0.5687341099699553,0.5650204588584876,8.905475665386195,False,False,81.09452433461381,False,False
very_high_20_45,-2.777,-2.6810000000000005,0.1,-0.641355237358623,0.7047861508616402,0.4880055520946382,0.06469461503043261,85.21596474063828,0.1870717974985886,0.18964953028804185,0.6232786722133695,0.6341916105080978,-0.18929273679403996,False,False,89.81070726320596,False,False
very_high_20_45,-2.769,-2.6730000000000005,0.1,-0.7840195454492328,0.6622233265158434,0.47453096363184927,0.13363734660638152,82.7937778286911,0.23521251474106383,0.17839098154609487,0.5863965037128412,0.7515301239118072,-1.3726959307635684,False,False,88.62730406923643,False,False
very_high_20_45,-2.761,-2.6650000000000005,0.1,-0.43700083368333126,0.666803013397351,0.482009539328458,0.24801537519244587,77.05032287492237,0.22027922021656496,0.21275967454655442,0.5669611052368807,0.7987806359944944,8.600988569931449,False,False,81.39901143006855,False,False
very_high_20_45,-2.753,-2.6570000000000005,0.1,0.16563052512025248,0.6611670123690603,0.48239616506670635,0.556016397927989,60.3644549433877,0.2647638832630174,0.2500554578548778,0.4851806588821048,0.8463798140815672,8.945876770123032,False,False,81.05412322987696,False,False
very_high_20_45,-2.7450000000000006,-2.6490000000000005,0.1,1.4969048148189834,0.7607092312456692,0.5619616668866186,0.734529152320475,56.599470232790146,0.27004515909655286,0.31762976030861534,0.41232508059483175,0.8991586611449501,7.1858894945741225,False,False,82.81411050542587,False,False
very_high_20_45,-2.7370000000000005,-2.6410000000000005,0.1,1.4692665187700664,0.7998195196866682,0.6029692641919289,0.7425299625492429,56.66842579464631,0.2717021297339481,0.3303585013882739,0.39793936887777803,0.9012465208835899,7.2540174942350575,False,False,82.74598250576494,False,False
very_high_20_45,-2.7290000000000005,-2.6330000000000005,0.1,2.590725765099511,0.8541935780818084,0.6782564345394362,0.7719061349796171,51.552269303628364,0.3345029879752811,0.32429151950936796,0.341205492515351,0.926042148838735,6.7256097068147485,False,False,83.27439029318525,False,False
very_high_20_45,-2.7210000000000005,-2.6250000000000004,0.1,1.6878162632367637,0.8568803778419939,0.6793911433039508,0.7494292490509381,50.128289504713976,0.3619042713144135,0.29898767071419174,0.3391080579713948,0.891718517864931,1.4492272498388203,False,False,88.55077275016117,False,False
very_high_20_45,-2.7130000000000005,-2.6170000000000004,0.1,2.158349078852982,0.8849917808975075,0.7249131634877758,0.7455959408064331,48.194280675189304,0.39476716115735266,0.296692092952794,0.3085407458898533,0.8706963738688082,1.2845474222262883,False,False,88.71545257777372,False,False
very_high_20_45,-2.7050000000000005,-2.6090000000000004,0.1,1.0540067038645513,0.8787351224021803,0.7097112882760759,0.7424955321198295,45.51747907519742,0.4357848971301762,0.2790751619103155,0.28513994095950823,0.8128505003171961,1.5585735172901976,False,False,88.4414264827098,False,False
very_high_20_45,-2.6970000000000005,-2.6010000000000004,0.1,0.6449867382516817,0.8920990775801766,0.7349300786219856,0.7528576746023674,45.347525176593194,0.44911779389305,0.2834056189380252,0.26747658716892475,0.8102531581600149,-0.7063802079386343,False,False,89.29361979206136,False,False
very_high_20_45,-2.6890000000000005,-2.5930000000000004,0.1,0.04883183868074341,0.9126010621723876,0.7771756728692948,0.7438045995344257,44.1213033994864,0.4804230928440422,0.2765729617608342,0.24300394539512354,0.7881246982252507,-3.0878083869191357,False,False,86.91219161308086,False,False
very_high_20_45,-2.6810000000000005,-2.5850000000000004,0.1,-0.835272347033574,0.9051072088374283,0.7611071479575118,0.7423962247925198,43.38598458853413,0.488727661897464,0.27962247123299705,0.231649866869539,0.7427804641193112,-2.8906605263501244,False,False,87.10933947364988,False,False
very_high_20_45,-2.6730000000000005,-2.5770000000000004,0.1,-0.9559459012604036,0.914092928189586,0.7810917407812457,0.739377063767506,43.59506340774936,0.48734002528491543,0.2859199073878585,0.22674006732722604,0.7381796929706113,-7.344805204389426,False,False,82.65519479561057,False,False
very_high_20_45,-2.6650000000000005,-2.5690000000000004,0.1,-0.921577848566415,0.8856694945594538,0.7247771543326903,0.70732298016583,42.878851184589884,0.49298879722184485,0.2804211807351908,0.22659002204296438,0.6252384649028702,-11.373490435370629,False,False,78.62650956462937,False,False
very_high_20_45,-2.6570000000000005,-2.5610000000000004,0.1,-0.27847507274779776,0.8440827416355398,0.6439424628503693,0.6842793303174668,42.96639970884451,0.46426301335515247,0.26824645931585983,0.2674905273289877,0.6239236404856727,-15.773805857130133,False,False,74.22619414286987,False,False
very_high_20_45,-2.6490000000000005,-2.5530000000000004,0.1,0.15588688375064896,0.7988210249514506,0.5708149651032663,0.5608332686094664,42.459006726649115,0.46002859154421033,0.21617544639617636,0.32379596205961336,0.580427163963816,-32.763382135832686,False,False,57.236617864167314,False,False
very_high_20_45,-2.6410000000000005,-2.5450000000000004,0.1,0.2629629147078763,0.7460727412946317,0.49935754564908086,0.5197615813382555,39.96481998497404,0.46450292313431457,0.19433893989141224,0.3411581369742732,0.5831404654902752,-36.359618991121366,False,False,53.640381008878634,False,False
very_high_20_45,-2.6330000000000005,-2.5370000000000004,0.1,0.223260128382527,0.6740461050543486,0.4282009707936083,0.2698450063215632,38.55031248993198,0.4636370621644312,0.14636084369610228,0.3900020941394665,0.3835236281821216,-31.290430528797295,False,False,58.709569471202705,False,False
very_high_20_45,-2.6250000000000004,-2.5290000000000004,0.1,0.7216867927701234,0.6201782991014271,0.406120165221798,0.05783253711076479,32.882822813353506,0.495370885617973,0.109307502606503,0.395321611775524,0.2553811999550974,-84.13654512901134,False,False,5.863454870988662,False,False
very_high_20_45,-2.6170000000000004,-2.5210000000000004,0.1,0.637488338354711,0.5793648201865951,0.3881852485758384,0.057934985237684734,24.384005201934563,0.5091839675915256,0.11171017636420628,0.379105856044268,0.0764001428635322,-41.8827700836892,False,False,48.1172299163108,False,False
very_high_20_45,-2.6090000000000004,-2.5130000000000003,0.1,0.3649537586157632,0.4367985598045463,0.33646266236581074,0.6786463843301432,14.389126350717357,0.46695411532253656,0.1525733588485415,0.38047252582892194,0.1742610202249274,139.17698356590418,False,False,49.17698356590418,False,False
very_high_20_45,-2.6010000000000004,-2.5050000000000003,0.1,-0.6517440718075174,0.4041848266930379,0.3252652969735423,0.48130681221163335,45.94266130103584,0.4412780293653327,0.16465565244522715,0.39406631818944016,0.18170358369220155,154.82742371040115,False,False,64.82742371040115,False,False
very_high_20_45,-2.5930000000000004,-2.4970000000000003,0.1,-0.9952682289273539,0.4359859037957132,0.34282451841105566,0.3845898412699051,71.81814892974202,0.4205191365588593,0.17969328929438597,0.39978757414675464,0.2564448135613513,126.9108101756474,False,False,36.9108101756474,False,False
very_high_20_45,-2.5850000000000004,-2.4890000000000003,0.1,-1.428357728894621,0.5166812677486838,0.3527860569959097,0.3537070853739365,64.86157583300373,0.3941011588220806,0.18459497981155207,0.42130386136636727,0.25276562390321117,116.92184900718138,False,False,26.92184900718138,False,False
very_high_20_45,-2.5770000000000004,-2.4810000000000003,0.1,-1.2637104350573596,0.5049609301311717,0.35540278101980244,0.33959515192270956,63.98242739080111,0.4044415826614585,0.18127793683908489,0.4142804804994566,0.28369158608715483,121.03074471777298,False,False,31.030744717772976,False,False
very_high_20_45,-2.5690000000000004,-2.4730000000000003,0.1,-1.6220321079684172,0.5186242382221321,0.3578679857928166,0.37921700273930625,71.92455365070893,0.38834931280977947,0.1800983614606898,0.43155232572953073,0.30503581421575293,109.7004035352014,False,False,19.700403535201403,False,False
very_high_20_45,-2.5610000000000004,-2.4650000000000003,0.1,-1.3855096954631172,0.5143219984726971,0.3320204437839349,0.29217240167042985,57.24276144516055,0.39824981171664875,0.18351011552985383,0.41824007275349745,0.3997049750197999,100.51635149705862,False,False,10.516351497058622,False,False
very_high_20_45,-2.5530000000000004,-2.4570000000000003,0.1,-1.2548109118053798,0.4554320572620586,0.29399069835669694,0.056303715041897254,21.157559580633855,0.4466591900875596,0.2321562828258823,0.32118452708655804,0.3830645461132264,111.92708483336948,False,False,21.927084833369477,False,False
very_high_20_45,-2.5450000000000004,-2.4490000000000003,0.1,-1.2584030427869042,0.4784694055505775,0.3373841239290658,0.5656844830971167,17.989346340512967,0.45617008342709153,0.2213770470566221,0.3224528695162864,0.5404706137627422,118.28382486954307,False,False,28.283824869543068,False,False
very_high_20_45,-2.5370000000000004,-2.4410000000000003,0.1,-0.9862313479792697,0.6332138610480467,0.3807389531447167,0.9992488955754896,28.641141409222023,0.485668380585416,0.27292070369206856,0.24141091572251544,0.49816129554153726,155.10564189498362,False,False,65.10564189498362,False,False
very_high_20_45,-2.5290000000000004,-2.4330000000000003,0.1,-1.2204617188860232,0.6538403680745584,0.4160031683653497,0.9117668876581311,35.17332118747622,0.43715737419218675,0.34742943018965133,0.215413195618162,0.4396144205793206,167.88520538346438,False,False,77.88520538346438,False,False
very_high_20_45,-2.5210000000000004,-2.4250000000000003,0.1,-1.123390128279688,0.6937480623460144,0.4788837656470743,0.9775333983532091,53.75756893150374,0.2814072808403703,0.4440891617367314,0.2745035574228983,0.6764409664682143,174.33712874033046,False,False,84.33712874033046,False,False
very_high_20_45,-2.5130000000000003,-2.4170000000000003,0.1,-1.6191169164885602,0.7341625168596083,0.5018370605404617,0.9653736981187797,56.35813554684402,0.29427854754637894,0.47708040638478116,0.22864104606883986,0.6315905491390681,-162.52646032507172,False,False,72.52646032507172,False,False
very_high_20_45,-2.5050000000000003,-2.4090000000000003,0.1,-1.3793508037426194,0.6599877773798478,0.4432531331864121,0.9668588205136277,59.5785491372012,0.24595571381038353,0.4880748566672433,0.26596942952237324,0.5259800740932079,-158.89534655251742,False,False,68.89534655251742,False,False
very_high_20_45,-2.4970000000000003,-2.4010000000000002,0.1,-1.0595504109270943,0.6287755964174488,0.37220964136547435,0.9856118585508173,54.997250680212005,0.30236372345483653,0.453131738360431,0.24450453818473242,0.48804499875604057,-167.98485527988305,False,False,77.98485527988305,False,False
very_high_20_45,-2.4890000000000003,-2.3930000000000002,0.1,-1.0172775953505118,0.6543344448212847,0.3896097914013673,0.9911474054599239,55.48539783560123,0.3329139356862163,0.4640565832958689,0.20302948101791482,0.47724419254350847,160.87723903311743,False,False,70.87723903311743,False,False
very_high_20_45,-2.4810000000000003,-2.3850000000000002,0.1,-0.181751243491143,0.7344973999394461,0.48293439463339394,0.9817281435638014,66.23443311551476,0.24980963728474267,0.545868244640488,0.20432211807476938,0.5407738070345117,152.019746239466,False,False,62.019746239466,False,False
very_high_20_45,-2.4730000000000003,-2.3770000000000002,0.1,0.04763778671522085,0.77398583966346,0.5364562986953795,0.9769721488565781,66.56012633015231,0.23553498426387204,0.5723267559169826,0.19213825981914529,0.5788002548639175,154.57289976748322,False,False,64.57289976748322,False,False
very_high_20_45,-2.4650000000000003,-2.369,0.1,0.5981824525781725,0.7803164977315407,0.5494322162441031,0.9382601895731995,75.49404375254261,0.19977029787444006,0.5908716380795231,0.20935806404603688,0.5866808323518553,132.5829361903092,False,False,42.5829361903092,False,False
very_high_20_45,-2.4570000000000003,-2.361,0.1,0.9738149883474692,0.8561039138788007,0.6672289915062088,0.9177359600221919,80.98134970760718,0.14700778247411705,0.650520115111428,0.20247210241445487,0.5291448767813348,128.20579903884789,False,False,38.205799038847886,False,False
very_high_20_45,-2.4490000000000003,-2.353,0.1,0.9146668866814924,0.8756232333914545,0.7030166553636512,0.9158151404445907,82.7355064724985,0.13444522108098308,0.6663822829874921,0.1991724959315247,0.35405289908162746,139.34295696700016,False,False,49.34295696700016,False,False
very_high_20_45,-2.4410000000000003,-2.345,0.1,0.7865743544037569,0.891684943727222,0.7347006643522992,0.9021936371551756,81.8678809585495,0.13331232836214663,0.6653278559259203,0.20135981571193318,0.34319636918691315,149.18587915471525,False,False,59.18587915471525,False,False
very_high_20_45,-2.4330000000000003,-2.337,0.1,1.735320998390163,0.9378043478784791,0.8355620128008805,0.8893384425044526,82.83591255325976,0.09896125127976788,0.6970384844704045,0.20400026424982753,0.3394577033886076,-178.89177183694125,False,False,88.89177183694125,False,False
very_high_20_45,-2.4250000000000003,-2.329,0.1,2.2597977536738725,0.9495119977869352,0.8637309987181344,0.8890986880704689,84.62712160138365,0.08230036444569286,0.7152870332198533,0.20241260233445382,0.28920676183516764,-175.13315018887891,False,False,85.13315018887891,False,False
very_high_20_45,-2.4170000000000003,-2.321,0.1,2.21426617059676,0.9487655880700924,0.8628728519403482,0.8879468805271794,82.81417317029084,0.09512677887371818,0.7090413124793085,0.19583190864697328,0.38690777713674324,-154.16028990454143,False,False,64.16028990454143,False,False
very_high_20_45,-2.4090000000000003,-2.313,0.1,2.0852892737829127,0.9594016846031023,0.888828550977344,0.8876751370649698,79.59338318613021,0.09642855839457457,0.7071382997252594,0.196433141880166,0.5460474505651657,-161.4638731841002,False,False,71.46387318410021,False,False
very_high_20_45,-2.4010000000000002,-2.305,0.1,2.0159353933411293,0.9642132259586754,0.9010633142388488,0.897310479194805,79.31919576486732,0.09218164293885338,0.7271005558335198,0.18071780122762676,0.5861018835865895,-162.76117463796086,False,False,72.76117463796086,False,False
very_high_20_45,-2.3930000000000002,-2.297,0.1,1.835609527986548,0.9728400275336166,0.9234582798436246,0.8981762759048778,79.1185095218916,0.07842544129068095,0.7393039338098457,0.18227062489947332,0.7230943968192909,-151.3041023058783,False,False,61.3041023058783,False,False
very_high_20_45,-2.3850000000000002,-2.289,0.1,0.8024684701443137,0.9724459373647837,0.9224182321254365,0.9024384574875841,77.69646266106663,0.08926570160577764,0.7368766605417284,0.17385763785249397,0.7551631443032869,-153.27843549434974,False,False,63.278435494349736,False,False
very_high_20_45,-2.3770000000000002,-2.281,0.1,0.0018709191837072015,0.9694264976482678,0.9144723143753563,0.9014580831159186,77.50411504225156,0.09479413162600693,0.7307955519071786,0.17441031646681437,0.7408800422189739,-151.9307758360986,False,False,61.930775836098604,False,False
very_high_20_45,-2.369,-2.273,0.1,-0.12845172752568645,0.9719521637467461,0.921043166080795,0.9011968253668893,77.37341683737958,0.09036294063324583,0.7347089400567272,0.17492811931002705,0.791354762264426,-148.62816893351123,False,False,58.62816893351123,False,False
very_high_20_45,-2.361,-2.265,0.1,-0.49190214156006323,0.9681484252634773,0.9109134937649325,0.8979982896376429,75.07842265577521,0.11013943507728728,0.7124869031772593,0.1773736617454534,0.8293057731221108,-148.61519766383654,False,False,58.61519766383654,False,False
very_high_20_45,-2.353,-2.257,0.1,-0.6974096873032376,0.9674945113677234,0.9092317944049109,0.8932771529915616,73.41551729950667,0.12491629513134085,0.6932295742368138,0.18185413063184538,0.8045429974400856,-155.80439695916894,False,False,65.80439695916894,False,False
very_high_20_45,-2.345,-2.2490000000000006,0.1,-0.6078818801599546,0.9732591817896756,0.9242953902659466,0.8948078589621821,73.12496300577247,0.11855530505294937,0.7011270706864523,0.1803176242605983,0.8121548598948904,-161.6327940352292,False,False,71.63279403522921,False,False
very_high_20_45,-2.337,-2.2410000000000005,0.1,-1.154885592902195,0.9680063381654718,0.9101974919030065,0.8912829828206649,73.39138270542149,0.12257332640876471,0.6882893175207405,0.18913735607049473,0.7802826274167346,-163.8643221106621,False,False,73.8643221106621,False,False
very_high_20_45,-2.329,-2.2330000000000005,0.1,-0.9535133873490078,0.9658723606164846,0.9043317950050395,0.8830419363664843,69.70884920623412,0.15440131743716673,0.6466152615263662,0.19898342103646716,0.8449660351959399,-168.8661685258259,False,False,78.86616852582591,False,False
very_high_20_45,-2.321,-2.2250000000000005,0.1,-1.1316478973673598,0.968124763766173,0.9101138385845824,0.8835319567246762,68.79662156066844,0.14966098339489722,0.645448270585905,0.20489074601919777,0.8831194577147233,-176.2743151765171,False,False,86.27431517651709,False,False
very_high_20_45,-2.313,-2.2170000000000005,0.1,-0.4409993559043842,0.9451295311734471,0.8520253561685591,0.8844677930679846,72.77510790380474,0.13635440777713936,0.6555934258293427,0.20805216639351795,0.7162343221302797,166.37979768450052,False,False,76.37979768450052,False,False
very_high_20_45,-2.305,-2.2090000000000005,0.1,0.4719530945798113,0.92559563603684,0.8068605423077547,0.8814681125779157,77.5556994670075,0.1283313769532188,0.6557913100279257,0.21587731301885557,0.5061530497746323,163.9084664852364,False,False,73.9084664852364,False,False
very_high_20_45,-2.297,-2.2010000000000005,0.1,0.5224560832811513,0.9220230890066005,0.7996511396117317,0.8751031459342326,78.21117748186056,0.1329920786206079,0.6461710306255244,0.22083689075386775,0.5366660615215942,146.25292456608832,False,False,56.252924566088325,False,False
very_high_20_45,-2.289,-2.1930000000000005,0.1,0.5982936605502199,0.9289036245561251,0.8150679488693641,0.8667739936635709,81.71233185936507,0.10730682464433412,0.6556190335998984,0.23707414175576758,0.5471081285756795,128.8466006865316,False,False,38.84660068653159,False,False
very_high_20_45,-2.281,-2.1850000000000005,0.1,0.5178383146020016,0.9358333554796601,0.8312684860410124,0.8442456315193794,81.79348570409275,0.09595660050043947,0.6324469492764855,0.271596450223075,0.5425434377162924,129.00308564497197,False,False,39.003085644971975,False,False
very_high_20_45,-2.273,-2.1770000000000005,0.1,0.5390615987155499,0.9399239971996797,0.8406290514696659,0.8428249158293988,81.76493455990433,0.09010161463581978,0.6348250440607646,0.2750733413034157,0.4627157056057289,140.81540283948812,False,False,50.815402839488115,False,False
very_high_20_45,-2.265,-2.1690000000000005,0.1,0.077537351914721,0.9321210343721621,0.822550903940838,0.8303344184048673,81.48668746498585,0.09277071242223989,0.6142880421070889,0.2929412454706712,0.41141247719829777,145.9798793677927,False,False,55.979879367792705,False,False
very_high_20_45,-2.257,-2.1610000000000005,0.1,0.2923975269243722,0.9293464905399981,0.8172626970850008,0.780877152290146,80.89823879830628,0.07930285880930234,0.5552436974286263,0.3654534437620714,0.4148547835513054,148.28708624902856,False,False,58.28708624902856,False,False
very_high_20_45,-2.2490000000000006,-2.1530000000000005,0.1,0.3893909676302235,0.9270505708569967,0.8125436480840872,0.7767956760518154,81.158686857486,0.0790286588757876,0.5460933548129825,0.37487798631123,0.34001778739910227,165.67052309447277,False,False,75.67052309447277,False,False
very_high_20_45,-2.2410000000000005,-2.1450000000000005,0.1,0.5710176973071825,0.8694802962380211,0.7039460477398624,0.7596340514384038,80.76371005100539,0.09176377339921771,0.5177864286162955,0.39044979798448676,0.16930087619759185,176.33187176935093,False,False,86.33187176935093,False,False
very_high_20_45,-2.2330000000000005,-2.1370000000000005,0.1,-0.02752298087498871,0.8346795510862609,0.6531822543882715,0.7288563645878013,77.99061483371429,0.10681172076060265,0.4902286808137572,0.4029595984256402,0.15030592344050697,-169.16191937968264,False,False,79.16191937968264,False,False
very_high_20_45,-2.2250000000000005,-2.1290000000000004,0.1,0.45725921189727403,0.8348922869371593,0.6522674468123286,0.7744374990430333,78.09790652039398,0.10439898555508785,0.5213784422034776,0.37422257224143446,0.2297356483887325,-159.01174531724328,False,False,69.01174531724328,False,False
very_high_20_45,-2.2170000000000005,-2.1210000000000004,0.1,0.353188337279391,0.79201504896851,0.5949112916130956,0.7915395629397531,78.03101266277994,0.1302516910593229,0.5184468576285822,0.3513014513120949,0.3366846497147244,-111.27051244053773,False,False,21.27051244053773,False,False
very_high_20_45,-2.2090000000000005,-2.1130000000000004,0.1,0.5724608391737394,0.7714164491291364,0.5527731882375423,0.7595471428822511,67.17392391297592,0.19258106129796787,0.46041175938504264,0.3470071793169895,0.5592579245843714,-132.3158973270331,False,False,42.3158973270331,False,False
very_high_20_45,-2.2010000000000005,-2.1050000000000004,0.1,0.1923928690755569,0.7449704785003759,0.5223119923873849,0.768716095415291,65.70030148967216,0.1993281280432654,0.4564965164399302,0.34417535551680434,0.5953880261428075,-129.39840273225826,False,False,39.39840273225826,False,False
very_high_20_45,-2.1930000000000005,-2.0970000000000004,0.1,0.25712516314397177,0.6927083377943875,0.44221256575350637,0.7567860370114885,60.90227655575717,0.2545262760801747,0.4093303501573679,0.3361433737624574,0.7869628460998148,-121.0576148119672,False,False,31.0576148119672,False,False
very_high_20_45,-2.1850000000000005,-2.0890000000000004,0.1,0.3814705510080375,0.5828090555800223,0.352448124240743,0.866524260105967,54.70572628469389,0.2800875816877293,0.40189166790208375,0.31802075041018696,0.8202262284955464,-122.70888240397724,False,False,32.70888240397724,False,False
very_high_20_45,-2.1770000000000005,-2.0810000000000004,0.1,0.6757368764115453,0.48088558260882,0.28917853986652736,0.963383451131727,57.13869080529636,0.29001250118370653,0.41943408200731225,0.29055341680898117,0.8474676562516873,-110.24169268211871,False,False,20.24169268211871,False,False
very_high_20_45,-2.1690000000000005,-2.0730000000000004,0.1,0.47657744544571057,0.46556426884432367,0.2714437186838345,0.9826240901368243,56.041668994999704,0.30901535212176257,0.4130865243148949,0.27789812356334254,0.8905292032546619,-108.67963241815809,False,False,18.679632418158093,False,False
very_high_20_45,-2.1610000000000005,-2.0650000000000004,0.1,0.20425581474484428,0.5374421295784718,0.3261257609288873,0.9623084208452387,77.14784038559232,0.3048023107036332,0.4752711341268318,0.219926555169535,0.809122137633416,-102.83379490183088,False,False,12.833794901830885,False,False
very_high_20_45,-2.1530000000000005,-2.0570000000000004,0.1,-0.2660727751794764,0.6349049144990204,0.4184913040658637,0.9515839647688235,79.8628051278596,0.3168185827489913,0.5160981881169893,0.16708322913401952,0.8226521112632527,-100.45253279610306,False,False,10.452532796103057,False,False
very_high_20_45,-2.1450000000000005,-2.0490000000000004,0.1,-0.30975548206346387,0.6011383802639465,0.3646770165042583,0.9550201266873469,76.04936250915205,0.3098346005725237,0.5008814728291547,0.18928392659832144,0.8233529001503631,-102.49181451055932,False,False,12.491814510559323,False,False
very_high_20_45,-2.1370000000000005,-2.0410000000000004,0.1,-0.6460938109854134,0.6452698269605665,0.4061995645130483,0.9724336092276104,64.91482199713326,0.34348411711536125,0.5090874250711372,0.14742845781350142,0.8573508964950081,-107.23465607578132,False,False,17.234656075781317,False,False
very_high_20_45,-2.1290000000000004,-2.0330000000000004,0.1,0.17488026669541046,0.6235279183307338,0.37980499256592615,0.9878909563413648,68.196464292822,0.31638075899691986,0.5257211934320581,0.15789804757102205,0.8465342295592937,-105.53962117899387,False,False,15.539621178993869,False,False
very_high_20_45,-2.1210000000000004,-2.0250000000000004,0.1,1.0953987681363109,0.4570023744558761,0.2899957801005862,0.9971103692513977,67.08864122816881,0.3186570310227196,0.45605005441496665,0.2252929145623138,0.8442465724169768,-100.62872276469763,False,False,10.628722764697628,False,False
very_high_20_45,-2.1130000000000004,-2.0170000000000003,0.1,1.0437731899668703,0.48017841863485167,0.3267821583078463,0.9958370996937491,73.94952827907618,0.2782247374700209,0.4760930775771107,0.24568218495286837,0.8005103411154363,-99.63425196825953,False,False,9.634251968259534,False,False
very_high_20_45,-2.1050000000000004,-2.0090000000000003,0.1,1.0508510088807745,0.5394974400244368,0.34747098860722164,0.9482016244859294,83.42718107992361,0.23957606710917187,0.4962915543688037,0.26413237852202437,0.8338726320773979,-91.34012202125048,False,False,1.3401220212504796,False,False
very_high_20_45,-2.0970000000000004,-2.0010000000000003,0.1,0.3556196518561424,0.5900887060278921,0.3761876603127034,0.9169112476729467,84.86454060721599,0.20808225782259793,0.504883611079191,0.287034131098211,0.7861749041393766,-93.34671646607885,False,False,3.3467164660788455,False,False
very_high_20_45,-2.0890000000000004,-1.9930000000000003,0.1,0.22528525583396306,0.6557319997449733,0.4176326043110472,0.8840467206407322,80.7290238850806,0.17671837947414837,0.5179750696656317,0.30530655086021996,0.8086995099653159,-84.80699272562968,False,False,5.193007274370316,False,False
very_high_20_45,-2.0810000000000004,-1.9850000000000003,0.1,-0.38374258831684893,0.6882790168098906,0.44401949171494237,0.8428063266505267,79.03361753798791,0.1825225279853577,0.5038424034893318,0.3136350685253104,0.8006977113736302,-82.58083146857767,False,False,7.419168531422329,False,False
very_high_20_45,-2.0730000000000004,-1.9770000000000003,0.1,-0.2066668148050232,0.7519768751092608,0.5262437597339014,0.8348222296598575,78.69963540263147,0.15035046874160898,0.5279707685919423,0.32167876266644874,0.7818039875733624,-79.1353913288996,False,False,10.864608671100399,False,False
very_high_20_45,-2.0650000000000004,-1.9690000000000003,0.1,-0.08883556483710414,0.7723072663707047,0.5424148290698279,0.7933375405742633,77.94195475512979,0.1588845327819373,0.494894763638218,0.34622070357984475,0.5874219191867817,-71.32028044124701,False,False,18.679719558752993,False,False
very_high_20_45,-2.0570000000000004,-1.9610000000000003,0.1,0.17379694998933137,0.7749563248069112,0.538461417304933,0.7804576365610691,74.94465621535457,0.19472805901539944,0.4666248005153369,0.3386471404692637,0.5411278713682504,-60.49188386799071,False,False,29.50811613200929,False,False
very_high_20_45,-2.0490000000000004,-1.9530000000000003,0.1,0.015558399932256162,0.7429496120721832,0.49136576751028466,0.7631329310611192,76.75967795930059,0.20358691369388213,0.4409358609575634,0.35547722534855447,0.4774994451308748,-59.10012176322064,False,False,30.899878236779358,False,False
very_high_20_45,-2.0410000000000004,-1.9450000000000003,0.1,0.2743395875330466,0.7181771771501793,0.46249099032474833,0.7593791732788642,81.84039266126058,0.19902364322205482,0.4323598488362157,0.3686165079417295,0.3718334676408892,-51.00174630760721,False,False,38.99825369239279,False,False
very_high_20_45,-2.0330000000000004,-1.9370000000000003,0.1,-0.1952378022666363,0.7212852579100417,0.47397582738923283,0.7470499455508035,79.57935260309998,0.18712336187745415,0.4215456626988149,0.391330975423731,0.4354019249588248,-35.161565804055684,False,False,54.838434195944316,False,False
very_high_20_45,-2.0250000000000004,-1.9290000000000003,0.1,0.5977776806571096,0.5894722503962673,0.3717431822350661,0.49766161668534187,85.76839110362054,0.19758018605319563,0.33932524632377425,0.4630945676230301,0.3311611150734436,-29.36415868057225,False,False,60.635841319427755,False,False
very_high_20_45,-2.0170000000000003,-1.9210000000000003,0.1,0.4038366976555055,0.6108436610647843,0.4069825320905552,0.4601581211490477,75.4419035899746,0.18295752262552473,0.3618536770297946,0.4551888003446806,0.20550826849955658,-17.110535134629476,False,False,72.88946486537053,False,False
very_high_20_45,-2.0090000000000003,-1.9130000000000003,0.1,1.0598565973576772,0.6361657348709686,0.4341570499051184,0.1014510254389077,66.3397580173718,0.1998351772847224,0.302144027054722,0.49802079566055557,0.39958278533473834,-38.22402057919889,False,False,51.77597942080111,False,False
very_high_20_45,-2.0010000000000003,-1.9050000000000002,0.1,0.2882093527987177,0.7008367757416991,0.4654568220086007,0.10085064379979371,60.43952322973793,0.24865391632856532,0.24522669594574337,0.5061193877256913,0.4302410189137093,-38.12231582410416,False,False,51.87768417589584,False,False
very_high_20_45,-1.9930000000000003,-1.8970000000000002,0.1,0.6455300459277029,0.7054836253688932,0.46478940787658274,0.2839137439627257,61.225608521263595,0.22922608254002835,0.2770470851053643,0.49372683235460735,0.45411406590873,-44.610976672384226,False,False,45.389023327615774,False,False
very_high_20_45,-1.9850000000000003,-1.8890000000000002,0.1,0.2652326014687221,0.7544893816094527,0.530966351924857,0.27260240265495683,61.43284985200909,0.2133485456807573,0.25593547379879805,0.5307159805204446,0.4960018887722368,-31.491009402059568,False,False,58.50899059794043,False,False
very_high_20_45,-1.9770000000000003,-1.8810000000000002,0.1,0.34223859454415806,0.7732586281852816,0.5412436103683337,0.28389496024596267,64.56251108883815,0.2060232295370909,0.24160964674254995,0.5523671237203592,0.41230054281193185,-45.203736450439365,False,False,44.796263549560635,False,False
very_high_20_45,-1.9690000000000003,-1.8730000000000002,0.1,0.8930245528199728,0.784599797035203,0.5531084168655884,0.3386509960641199,72.22891418425559,0.19925774808933422,0.2188114185602536,0.5819308333504122,0.13484362205197212,-50.7160506756217,False,False,39.2839493243783,False,False
very_high_20_45,-1.9610000000000003,-1.8650000000000002,0.1,0.7046650885638515,0.7790593524984128,0.5481093706770928,0.3152104117166518,75.97236551039735,0.17310767735289254,0.21573192068019678,0.6111604019669107,0.2769763843786021,-97.88502050181437,False,False,7.885020501814367,False,False
very_high_20_45,-1.9530000000000003,-1.8570000000000002,0.1,1.2105120465919232,0.7718567138655805,0.5530378347547626,0.3978719370028084,83.85178968924122,0.18146716157448506,0.23053063353259712,0.5880022048929178,0.35632331629295727,-145.42215515893972,False,False,55.42215515893972,False,False
very_high_20_45,-1.9450000000000003,-1.8490000000000002,0.1,0.7344389035475498,0.7815263586384691,0.5603136641558082,0.457663775390604,87.44765882885962,0.17477828541019044,0.24515598239948666,0.580065732190323,0.4401582828474012,-147.71009305083928,False,False,57.710093050839276,False,False
very_high_20_45,-1.9370000000000003,-1.8410000000000002,0.1,0.5903495609271076,0.7794094162639233,0.5590434142704198,0.4897193328781698,85.63495324203744,0.1785654270456819,0.2548586917663329,0.5665758811879851,0.43713409191637287,-156.94270171009177,False,False,66.94270171009177,False,False
very_high_20_45,-1.9290000000000003,-1.8330000000000002,0.1,-0.3872278070317486,0.7842495886570965,0.5635688430055085,0.5482906444505304,80.5653065962365,0.18540630583036938,0.28686090407161,0.5277327900980207,0.4846119787469922,-163.1327906286518,False,False,73.1327906286518,False,False
very_high_20_45,-1.9210000000000003,-1.8250000000000002,0.1,-1.3611840073538197,0.818875620474923,0.6054494970442106,0.6124317049777255,75.7704692367523,0.19494160093252322,0.3184418320599191,0.48661656700755757,0.43792690360605896,-166.5457402422918,False,False,76.5457402422918,False,False
very_high_20_45,-1.9130000000000003,-1.8170000000000002,0.1,-1.1132027821482708,0.8050153978390755,0.5814499431852549,0.6164624693901644,73.62247395393527,0.19718045488072633,0.3312947891733081,0.4715247559459656,0.47466769662028835,159.90824030813368,False,False,69.90824030813368,False,False
very_high_20_45,-1.9050000000000002,-1.8090000000000002,0.1,-1.251052330438332,0.8460501176739093,0.6482800093502721,0.6365624600908057,68.2000546797176,0.18357385344281352,0.3646769737200758,0.4517491728371107,0.6071497319638502,157.99496175661932,False,False,67.99496175661932,False,False
very_high_20_45,-1.8970000000000002,-1.8010000000000002,0.1,-0.6121982356215054,0.8106115196048019,0.5960274667714037,0.6627826319548665,68.62347241221507,0.1706555661601518,0.39356231773882305,0.4357821161010251,0.6909099432216628,137.70710372652547,False,False,47.707103726525474,False,False
very_high_20_45,-1.8890000000000002,-1.7930000000000001,0.1,-0.16614433955224367,0.763083361737416,0.5460998586697821,0.723549505523345,61.89697964775103,0.19838623715264803,0.41881873267576003,0.38279503017159183,0.8257533321089259,141.97166330696047,False,False,51.971663306960465,False,False
very_high_20_45,-1.8810000000000002,-1.7850000000000001,0.1,-0.15287129351587087,0.756127862740881,0.529945649664609,0.7303747640569058,60.75200050268105,0.21692209256325692,0.40986632924793764,0.3732115781888055,0.7868441615213689,141.76253697635698,False,False,51.762536976356984,False,False
very_high_20_45,-1.8730000000000002,-1.7770000000000001,0.1,0.3045211794102981,0.6293100930213089,0.36856049477751046,0.8673812438133697,50.20549364588091,0.3421329838605027,0.36358387709109274,0.2942831390484045,0.5308516606523765,156.81723602024078,False,False,66.81723602024078,False,False
very_high_20_45,-1.8650000000000002,-1.7690000000000001,0.1,0.38274621638160494,0.645386347414352,0.3778729716481868,0.9974060353378643,53.91537057412551,0.36027073368030416,0.4401017292483449,0.19962753707135097,0.4463067244681392,-172.96330681298474,False,False,82.96330681298474,False,False
very_high_20_45,-1.8570000000000002,-1.7610000000000001,0.1,2.2287743706879515,0.4279122738418314,0.29861996745338404,0.9892228449382806,52.16763012468104,0.4146329391244781,0.4416065126364715,0.1437605482390505,0.08832364621383396,-33.76224164401694,False,False,56.23775835598306,False,False
very_high_20_45,-1.8490000000000002,-1.7530000000000001,0.1,2.3354130147828847,0.6554879532439225,0.45915095253983107,0.9841875182074162,42.94234371397239,0.4801495493361025,0.4315953649421073,0.08825508572179024,0.45611148440988586,-51.43244510315644,False,False,38.56755489684356,False,False
very_high_20_45,-1.8410000000000002,-1.7450000000000006,0.1,2.2581374822636846,0.7150815742000076,0.5183464111514682,0.9808379546849465,46.49942027140905,0.47201894279658696,0.45335030143189387,0.0746307557715192,0.4802559307472489,-44.133100152832775,False,False,45.866899847167225,False,False
very_high_20_45,-1.8330000000000002,-1.7370000000000005,0.1,1.864081508212143,0.7714455956813987,0.5637535955128302,0.933203888732825,52.81786962911734,0.4178576731108037,0.4575144948665596,0.12462783202263672,0.5333877376319874,-31.801897115153658,False,False,58.19810288484634,False,False
very_high_20_45,-1.8250000000000002,-1.7290000000000005,0.1,1.4203310943554543,0.784930321555181,0.5815154579346598,0.9229562930804066,54.624700349837994,0.4010709538330733,0.459913042639872,0.13901600352705473,0.5734722087951023,-33.972442441160865,False,False,56.027557558839135,False,False
very_high_20_45,-1.8170000000000002,-1.7210000000000005,0.1,1.3842556172648506,0.7668040236257461,0.5608264614013744,0.9087036666498385,58.124500775024444,0.3832796606707797,0.4579143064300951,0.15880603289912526,0.5667878032872803,-38.801176765759394,False,False,51.198823234240606,False,False
very_high_20_45,-1.8090000000000002,-1.7130000000000005,0.1,0.9571319436622029,0.7550371832292598,0.5438338535660381,0.8610040881029483,63.60007571876338,0.3419940911357383,0.43027151535509206,0.22773439350916966,0.5731963229842412,-39.882857121103406,False,False,50.117142878896594,False,False
very_high_20_45,-1.8010000000000002,-1.7050000000000005,0.1,0.6827095602355168,0.7400481247319266,0.5286316482135207,0.8518334888574628,64.02083278669242,0.34480227352149206,0.41694249247386084,0.238255234004647,0.6213465937066935,-47.6867577016254,False,False,42.3132422983746,False,False
very_high_20_45,-1.7930000000000001,-1.6970000000000005,0.1,1.288880542849525,0.7033824337738315,0.5023954614668413,0.8091385421816626,66.33644641662227,0.3400144776241344,0.36829432344592167,0.29169119892994394,0.6456135327894669,-47.52245902608848,False,False,42.47754097391152,False,False
very_high_20_45,-1.7850000000000001,-1.6890000000000005,0.1,0.763646056284496,0.6839180592690446,0.48102333236358613,0.776553845536217,67.29223541726044,0.32477579983954546,0.3439047096507115,0.331319490509743,0.6391132404767167,-43.16348691160543,False,False,46.83651308839457,False,False
very_high_20_45,-1.7770000000000001,-1.6810000000000005,0.1,1.1255933820643904,0.6771644660368628,0.4743981482284413,0.7647142140536983,69.05427186982595,0.3248236572182276,0.3425380573666308,0.3326382854151416,0.5933015377439804,-43.67451734532874,False,False,46.32548265467126,False,False
very_high_20_45,-1.7690000000000001,-1.6730000000000005,0.1,0.7129521239474177,0.6826544420348388,0.483041704152329,0.7428625222561042,70.77010089770666,0.2973666990817743,0.3351592918854425,0.3674740090327832,0.6059450688592941,-33.05600073743959,False,False,56.94399926256041,False,False
very_high_20_45,-1.7610000000000001,-1.6650000000000005,0.1,0.9536189156491499,0.6565538767633003,0.4419102305389804,0.6273199876286265,72.24470107646823,0.32004305885479195,0.2678836588924912,0.4120732822527169,0.40123425076726177,-10.144914706990347,False,False,79.85508529300965,False,False
very_high_20_45,-1.7530000000000001,-1.6570000000000005,0.1,0.8421302898169051,0.7181423864969719,0.4838690226887439,0.5039778701578563,85.24484840417884,0.26565337956215024,0.24048154308730585,0.49386507735054397,0.16539797864735037,-48.754560071184656,False,False,41.245439928815344,False,False
very_high_20_45,-1.7450000000000006,-1.6490000000000005,0.1,0.832908994749743,0.6906679353597955,0.4426171028494267,0.451514459040873,84.06044090150901,0.26237126884459966,0.22939879790601406,0.5082299332493861,0.10023152582152867,78.7869031819587,False,False,11.213096818041294,False,False
very_high_20_45,-1.7370000000000005,-1.6410000000000005,0.1,0.6353233322108139,0.681700088249943,0.44100332782456836,0.30610757343652994,87.3563751932232,0.2576970436193038,0.17853059802670743,0.5637723583539888,0.23434525467177844,166.24259706988673,False,False,76.24259706988673,False,False
very_high_20_45,-1.7290000000000005,-1.6330000000000005,0.1,0.28036250716446937,0.6771918448178911,0.473426292670274,0.1787945834487224,88.3711345164791,0.2881301075362894,0.12526504832257515,0.5866048441411355,0.5097218267233029,-179.19823743018858,False,False,89.19823743018858,False,False
very_high_20_45,-1.7210000000000005,-1.6250000000000004,0.1,0.047623938219412805,0.6700495201530434,0.4581699158965517,0.09823425058032738,89.77171066071168,0.2764726160720702,0.12623254440836068,0.5972948395195692,0.5096604130669755,179.93334378779397,False,False,89.93334378779397,False,False
very_high_20_45,-1.7130000000000005,-1.6170000000000004,0.1,-0.27795783286608644,0.6444832352648836,0.44597134645339165,0.07103206920737272,87.93718193719363,0.3217678454283992,0.09707303416286794,0.5811591204087329,0.44189695321767347,-171.95971804720753,False,False,81.95971804720753,False,False
very_high_20_45,-1.7050000000000005,-1.6090000000000004,0.1,-0.09106880019710986,0.6263048624971433,0.45140613699817544,0.1634518609550576,83.0101435118007,0.3530678602798736,0.09019353210138427,0.556738607618742,0.4403201981697089,-179.40957068579215,False,False,89.40957068579215,False,False
very_high_20_45,-1.6970000000000005,-1.6010000000000004,0.1,0.3025497129084156,0.6809062591628967,0.4808615944272475,0.24923205919967478,84.84162989888354,0.3308890682390351,0.09136732641590203,0.577743605345063,0.29701450228972553,-141.1880111650987,False,False,51.188011165098686,False,False
very_high_20_45,-1.6890000000000005,-1.5930000000000004,0.1,0.5393214225025726,0.6330977569282852,0.4653630223735719,0.3501655587027568,74.90929793989233,0.3868483245236386,0.12162291979799489,0.4915287556783665,0.10418776649449722,-62.7491549130714,False,False,27.2508450869286,False,False
very_high_20_45,-1.6810000000000005,-1.5850000000000004,0.1,0.7298694349927686,0.6287447420537584,0.458876883694663,0.3219998850278689,71.41424618601538,0.3867551526409631,0.12270797637438464,0.4905368709846523,0.21415012309585127,-54.861713608312705,False,False,35.138286391687295,False,False
very_high_20_45,-1.6730000000000005,-1.5770000000000004,0.1,0.5034569314500992,0.7208475170715951,0.5293489369800003,0.3669700277607843,74.43996174557694,0.3262596419252849,0.1522110988778754,0.5215292591968397,0.3713685288357616,-51.66735979451218,False,False,38.33264020548782,False,False
very_high_20_45,-1.6650000000000005,-1.5690000000000004,0.1,0.3021996780714508,0.6559133804838483,0.4746462157089785,0.4006031890319761,75.45544546221258,0.3196397588789456,0.20683722828040843,0.47352301284064596,0.3542893832680564,-25.984078688364335,False,False,64.01592131163567,False,False
very_high_20_45,-1.6570000000000005,-1.5610000000000004,0.1,-0.004086269038315192,0.6659148055705195,0.4740974262423069,0.4914205849758918,89.17651920070657,0.2744452754939833,0.23765482917546651,0.4878998953305501,0.6402018713569894,-45.78638840068274,False,False,44.21361159931726,False,False
very_high_20_45,-1.6490000000000005,-1.5530000000000004,0.1,-0.2161433029941147,0.6205738299956229,0.41452439337274943,0.5065401397967177,89.32306407200052,0.30512113896838056,0.2408376280433545,0.4540412329882649,0.6013034431464204,-58.573142585463096,False,False,31.426857414536904,False,False
very_high_20_45,-1.6410000000000005,-1.5450000000000004,0.1,-0.7755540366679841,0.594994840823552,0.380268258512644,0.6304769364582307,70.6213735916537,0.3142501501489257,0.27589520652434846,0.40985464332672583,0.7025982326127856,-53.54683718431789,False,False,36.45316281568211,False,False
very_high_20_45,-1.6330000000000005,-1.5370000000000004,0.1,-0.32070862302737524,0.5403928262237678,0.33248463276815776,0.6856559272791911,56.0934027917919,0.37546006272697574,0.26323926760743377,0.3613006696655904,0.6660478607534768,-58.79968846863114,False,False,31.20031153136886,False,False
very_high_20_45,-1.6250000000000004,-1.5290000000000004,0.1,0.022389992551227218,0.5269993166500823,0.28101456912897754,0.5855612548225925,46.316886756325346,0.391654306160867,0.2626163314931036,0.3457293623460294,0.6282120987145089,-67.53846501079546,False,False,22.461534989204537,False,False
very_high_20_45,-1.6170000000000004,-1.5210000000000004,0.1,0.08282786696035432,0.4930329508372545,0.24746995234762348,0.5702071445790459,36.062163196083795,0.41588403628520854,0.26166685363546344,0.32244911007932814,0.5477779213727061,-68.85760844381056,False,False,21.142391556189438,False,False
very_high_20_45,-1.6090000000000004,-1.5130000000000003,0.1,0.8826854841818544,0.4906235680138469,0.24643297076225038,0.17196878246891897,47.33770999668215,0.35932552774543963,0.271083227319699,0.3695912449348613,0.4740057320176541,-91.50812654435907,False,False,1.5081265443590723,False,False
very_high_20_45,-1.6010000000000004,-1.5050000000000003,0.1,0.5571500638942949,0.5362507772811849,0.2960766364642456,0.3533407708818835,46.19227008291211,0.3674305048181383,0.28488891169992697,0.34768058348193465,0.4866528605007954,-92.74286072144781,False,False,2.742860721447812,False,False
very_high_20_45,-1.5930000000000004,-1.4970000000000003,0.1,0.9505861482817854,0.6412996241245497,0.3911701426172618,0.5417044944257077,50.41220058635623,0.3859942104386633,0.26247205624042075,0.3515337333209159,0.4757144595411588,-111.92273634582959,False,False,21.92273634582959,False,False
very_high_20_45,-1.5850000000000004,-1.4890000000000003,0.1,1.0709274257643309,0.7289029546720224,0.47702693942507973,0.45745824196456236,63.39343556767566,0.29828084526322407,0.22817483220745974,0.47354432252931616,0.6457149926510211,-120.81033038759466,False,False,30.81033038759466,False,False
very_high_20_45,-1.5770000000000004,-1.4810000000000003,0.1,1.5745887333275501,0.6924386153952331,0.4480938579874683,0.494126081870628,65.65959738082705,0.3194246246244416,0.22154815622389645,0.45902721915166195,0.5553080737110621,-116.57436993648994,False,False,26.574369936489944,False,False
very_high_20_45,-1.5690000000000004,-1.4730000000000003,0.1,1.508506539323865,0.7548411648738523,0.5423405923034091,0.49639147046210136,64.60778237459687,0.3455663818345538,0.17626732476685433,0.4781662933985918,0.6787312875361026,-122.51596088436337,False,False,32.515960884363366,False,False
very_high_20_45,-1.5610000000000004,-1.4650000000000003,0.1,1.2526521869300735,0.7597751076433347,0.5534344834659887,0.4013724620677118,72.03736082766757,0.3100591579148772,0.13691508408022124,0.5530257580049015,0.759765941954786,-126.29701552215285,False,False,36.29701552215285,False,False
very_high_20_45,-1.5530000000000004,-1.4570000000000003,0.1,1.1652980772710233,0.7823243135644354,0.5765616291693079,0.3539535454661425,78.1560163834643,0.2660451598200698,0.1253511146358039,0.6086037255441262,0.68422737125593,-127.04285028906179,False,False,37.04285028906179,False,False
very_high_20_45,-1.5450000000000004,-1.4490000000000003,0.1,0.9476807746204158,0.7959312078588705,0.5850521690467579,0.3460499030222868,79.20031228965081,0.2474531666335595,0.13308567321805181,0.6194611601483887,0.6367398319985799,-117.79960627887459,False,False,27.79960627887459,False,False
very_high_20_45,-1.5370000000000004,-1.4410000000000003,0.1,0.2983609616569106,0.8088666809162007,0.5993450375427546,0.31478384424456224,81.24849970461807,0.2188563206369607,0.13174659775732858,0.6493970816057106,0.5718472169529126,-123.72838516106893,False,False,33.72838516106893,False,False
very_high_20_45,-1.5290000000000004,-1.4330000000000003,0.1,0.14953444329794063,0.8546237066516571,0.6675490304196868,0.30509127983502077,85.62048209473035,0.16076999868777342,0.1333444656033535,0.7058855357088731,0.4950544289520085,-118.536268848494,False,False,28.536268848494004,False,False
very_high_20_45,-1.5210000000000004,-1.4250000000000003,0.1,0.06519000391468457,0.8622781982009172,0.6817547653606728,0.2880125579111249,86.08394560428661,0.15993647484615386,0.12111516271736832,0.7189483624364779,0.4124289838566005,-115.30151153993462,False,False,25.301511539934623,False,False
very_high_20_45,-1.5130000000000003,-1.4170000000000003,0.1,-0.1906403829238122,0.8650394318466325,0.6863892814148701,0.26697426569982696,87.80004827397727,0.1553234065582756,0.11096058324182473,0.7337160101998996,0.40590990928988596,-101.88088565147886,False,False,11.880885651478863,False,False
very_high_20_45,-1.5050000000000003,-1.4090000000000003,0.1,-0.2967844158796452,0.8574937189093971,0.6736358269162088,0.17018969643198112,88.52541663773438,0.15958012107375075,0.08410687133895141,0.7563130075872978,0.28293884854777895,-55.70873132040685,False,False,34.29126867959315,False,False
very_high_20_45,-1.4970000000000003,-1.4010000000000002,0.1,-0.09361576803336158,0.8550420584243431,0.6650688988958932,0.166259998295582,88.29365852718888,0.14022023878836146,0.11013585747266791,0.7496439037389707,0.10328245791998374,-16.570259070003555,False,False,73.42974092999644,False,False
very_high_20_45,-1.4890000000000003,-1.3930000000000002,0.1,0.2579286213386567,0.8628612141326508,0.6782849369767135,0.14383846357192553,88.10742675463034,0.1267338795846831,0.1106931273728998,0.7625729930424171,0.19507526180455886,0.709315508483478,False,False,89.29068449151652,False,False
very_high_20_45,-1.4810000000000003,-1.3850000000000002,0.1,-0.180393080838757,0.8252738861932062,0.6119213415124879,0.07695360180562784,89.98771273801081,0.1470479798113966,0.12001968740551211,0.7329323327830912,0.21068201400419256,90.8576185938753,False,False,0.8576185938753014,False,False
very_high_20_45,-1.4730000000000003,-1.3770000000000002,0.1,-0.3910753518904197,0.8619719368696466,0.6766931478449294,0.06997385577785731,88.48416271923028,0.09286262342987903,0.12540732720110798,0.7817300493690131,0.3129458792863145,124.16900253473888,False,False,34.16900253473888,False,False
very_high_20_45,-1.4650000000000003,-1.3690000000000002,0.1,-0.4672007341263467,0.8233703318657184,0.6094317906099938,0.052611574421639516,87.24401790708775,0.13816211772066198,0.12772680957937882,0.7341110726999593,0.3306546680491086,113.98886425893487,False,False,23.988864258934868,False,False
very_high_20_45,-1.4570000000000003,-1.3610000000000002,0.1,-0.6830928828765334,0.7529289087012686,0.5052553665032353,0.07222709089058639,89.9828100160324,0.1811693460462236,0.15568941609426912,0.6631412378595073,0.32272170093883207,108.26199269280602,False,False,18.261992692806018,False,False
very_high_20_45,-1.4490000000000003,-1.3530000000000002,0.1,-0.8620993783338671,0.7308706148881833,0.47997236795127524,0.038690802142132386,86.76232016409203,0.20005422794378186,0.14901013940176644,0.6509356326544518,0.2906801079792024,127.93312721048922,False,False,37.93312721048922,False,False
very_high_20_45,-1.4410000000000003,-1.3450000000000002,0.1,-1.6905925557805153,0.7396887361155472,0.4954144251243795,0.0791104711930555,85.84221578688309,0.21916307404963778,0.12840641924912607,0.6524305067012363,0.2962601357663655,129.08705567211908,False,False,39.08705567211908,False,False
very_high_20_45,-1.4330000000000003,-1.3370000000000002,0.1,-1.764752617414175,0.670700171382741,0.41727336480294996,0.0034685938835487327,81.23224351478805,0.2626283709763387,0.14542318239191473,0.5919484466317467,0.23040307469097468,126.49887017443015,False,False,36.49887017443015,False,False
very_high_20_45,-1.4250000000000003,-1.3290000000000002,0.1,-1.8431841473421036,0.616263158052521,0.37282164764070147,0.12250166416644984,86.9721021857772,0.2877402138634838,0.15230700590789084,0.5599527802286253,0.3086253354308276,107.2185856294341,False,False,17.218585629434102,False,False
very_high_20_45,-1.4170000000000003,-1.3210000000000002,0.1,-1.8363579972595918,0.6078960850896992,0.35893103796213066,0.16488323336381072,88.01717832440221,0.28056329934817664,0.16597231905841486,0.5534643815934086,0.22280565833911398,106.66963004204398,False,False,16.669630042043977,False,False
very_high_20_45,-1.4090000000000003,-1.3130000000000002,0.1,-1.9139061140126215,0.563657154083224,0.3075748823836923,0.23387181042033195,75.58316766172928,0.28354001952666674,0.21990331448852318,0.4965566659848101,0.13048405236215632,95.42442098308665,False,False,5.424420983086648,False,False
very_high_20_45,-1.4010000000000002,-1.3050000000000002,0.1,-1.8932019768271127,0.5900099772483582,0.3314089767814794,0.04599256557296994,60.66152115288979,0.327669597419238,0.18474630113758475,0.4875841014431772,0.0862047612612497,140.10475146902064,False,False,50.10475146902064,False,False
very_high_20_45,-1.3930000000000002,-1.2970000000000002,0.1,-1.9703649011652262,0.6855333206426678,0.4358045820823637,0.14912306378267193,50.088738616688694,0.3927058872670875,0.16154117286097644,0.44575293987193615,0.07680094423207624,-81.74304002653834,False,False,8.256959973461662,False,False
very_high_20_45,-1.3850000000000002,-1.2890000000000001,0.1,-1.5427632298265992,0.7250689542656176,0.47675219904854454,0.09869872846626097,36.05404856970313,0.49156130887578553,0.16671325164421075,0.34172543948000367,0.13020566686296497,-83.41243907141443,False,False,6.5875609285855745,False,False
very_high_20_45,-1.3770000000000002,-1.2810000000000001,0.1,-1.514309040056127,0.7578769434059252,0.5271238791113894,0.022812184493314975,36.406194679982725,0.4999531962876618,0.14772551619194604,0.3523212875203921,0.14746274105938711,17.791572474207822,False,False,72.20842752579217,False,False
very_high_20_45,-1.3690000000000002,-1.2730000000000001,0.1,-0.7122526160759667,0.8049021987564625,0.5957440773581797,0.17672755923271954,33.39395501399414,0.5504403089601668,0.1503890177959858,0.2991706732438474,0.11766536225065675,94.93228194219168,False,False,4.932281942191679,False,False
very_high_20_45,-1.3610000000000002,-1.2650000000000001,0.1,-0.28526423677076373,0.7828697971859999,0.566956974103471,0.3871631516442607,54.2998635195341,0.38082255115512814,0.1761702648399965,0.44300718400487527,0.22736257833022422,-141.12829126322438,False,False,51.128291263224384,False,False
very_high_20_45,-1.3530000000000002,-1.2570000000000001,0.1,-0.18021946597311117,0.7768443155978375,0.5525022989373399,0.3672592478517912,56.5802456519504,0.3522310646030113,0.18059696951958618,0.4671719658774025,0.20861397395131756,-142.7204345050026,False,False,52.7204345050026,False,False
very_high_20_45,-1.3450000000000002,-1.2490000000000006,0.1,-0.5705582134407479,0.755864585870125,0.5257681716386242,0.4362873836481706,61.057199044696155,0.3118803728386896,0.2340855354537895,0.45403409170752096,0.1598784565463552,-139.40298367007878,False,False,49.40298367007878,False,False
very_high_20_45,-1.3370000000000002,-1.2410000000000005,0.1,-0.5525351081214712,0.838560127137579,0.6375807215221359,0.3554164178658198,63.552104780930165,0.24908644610558828,0.1985442346201606,0.552369319274251,0.25390420255108237,178.61623469765664,False,False,88.61623469765664,False,False
very_high_20_45,-1.3290000000000002,-1.2330000000000005,0.1,-0.33894484821666326,0.8457441311860893,0.6490583305675829,0.2820723606811941,62.97760585393248,0.24378580501589692,0.17995055367457216,0.5762636413095309,0.22143532982007744,171.46113618760882,False,False,81.46113618760882,False,False
very_high_20_45,-1.3210000000000002,-1.2250000000000005,0.1,-0.5705148265901387,0.8348388843675512,0.6324511172718694,0.2617008448661554,62.34304849554069,0.23850411581940115,0.1896007121973362,0.5718951719832628,0.18878543724376512,-165.35060427845093,False,False,75.35060427845093,False,False
very_high_20_45,-1.3130000000000002,-1.2170000000000005,0.1,-0.9496130418828468,0.8301710385958052,0.6244006204802458,0.1216338128923438,62.05380087048152,0.22797586680678358,0.18405781481355063,0.5879663183796657,0.11556990101977496,176.86187122614254,False,False,86.86187122614254,False,False
very_high_20_45,-1.3050000000000002,-1.2090000000000005,0.1,-0.7856079179404418,0.83527188936585,0.6333758969294883,0.22701951320575384,63.16673505958837,0.21476134074337652,0.19769752578877506,0.5875411334678483,0.26611661654739166,-156.51751997090741,False,False,66.51751997090741,False,False
very_high_20_45,-1.2970000000000002,-1.2010000000000005,0.1,0.150414044980622,0.7221652233650646,0.5039382670805538,0.36690220941474405,63.57806997987119,0.1823744290088287,0.3264415961146819,0.4911839748764894,0.375621743861416,-139.52458908799352,False,False,49.52458908799352,False,False
very_high_20_45,-1.2890000000000001,-1.1930000000000005,0.1,0.08646565485620478,0.7073947167560484,0.49973717728468536,0.3241588091873776,65.08295629684476,0.1614047624601533,0.3405664616455243,0.4980287758943224,0.3567028529967892,-136.30798397422305,False,False,46.30798397422305,False,False
very_high_20_45,-1.2810000000000001,-1.1850000000000005,0.1,0.3788601278670409,0.7160682085914103,0.5117270273133356,0.5299450108756537,64.87685424472694,0.15861973607824573,0.3814870706148843,0.45989319330687006,0.5486874144845311,-137.92706357477013,False,False,47.92706357477013,False,False
very_high_20_45,-1.2730000000000001,-1.1770000000000005,0.1,-0.3121349374504849,0.710881049627796,0.5170073821082772,0.585430793258253,67.62393114473133,0.12681336625563056,0.41584627202786667,0.4573403617165028,0.6289236696845453,-131.0127945217798,False,False,41.012794521779796,False,False
very_high_20_45,-1.2650000000000001,-1.1690000000000005,0.1,-0.32304062146985363,0.6779707828073975,0.49005658741012287,0.6798778022432042,68.30397803947352,0.12645283798613835,0.4479653785974698,0.4255817834163918,0.6338097098829544,-130.00433532465044,False,False,40.00433532465044,False,False
very_high_20_45,-1.2570000000000001,-1.1610000000000005,0.1,-0.8348371892499928,0.6692858227242,0.4693730897141629,0.7776762433371931,70.562629691269,0.13751214994049227,0.47609842000880503,0.3863894300507027,0.6492462401168697,-120.59678737638322,False,False,30.59678737638322,False,False
very_high_20_45,-1.2490000000000006,-1.1530000000000005,0.1,-0.7983917339963083,0.6806914345975312,0.4624674024114799,0.7529438753177708,68.14440323806558,0.1688817555980627,0.4486819373179679,0.38243630708396936,0.7288725937281272,-118.92628441170376,False,False,28.92628441170376,False,False
very_high_20_45,-1.2410000000000005,-1.1450000000000005,0.1,-1.038442419517226,0.6584984370845339,0.44001221261658335,0.7889286747501171,67.41512519952046,0.18267907467856115,0.45937258736303366,0.35794833795840525,0.7328527393453402,-116.79295763013427,False,False,26.792957630134268,False,False
very_high_20_45,-1.2330000000000005,-1.1370000000000005,0.1,-1.430969857381178,0.6981882120046151,0.4598063394269858,0.8850875059704915,69.20645186844625,0.20410585751669347,0.5118824865966348,0.2840116558866717,0.7731051436860051,-115.83952895292542,False,False,25.83952895292542,False,False
very_high_20_45,-1.2250000000000005,-1.1290000000000004,0.1,-1.2104944049716189,0.662871892705835,0.4088470487698222,0.9105644151483712,68.5798280032582,0.21093203650796727,0.49047320814839507,0.2985947553436377,0.777812157899398,-118.89778395243485,False,False,28.89778395243485,False,False
very_high_20_45,-1.2170000000000005,-1.1210000000000004,0.1,-1.2920149601880146,0.6872464499774504,0.43006820162019804,0.8963927697108488,66.13438284621459,0.22263261043260055,0.47605165663704513,0.30131573293035435,0.7812706773728074,-125.04016244954073,False,False,35.04016244954073,False,False
very_high_20_45,-1.2090000000000005,-1.1130000000000004,0.1,-0.5444741036899368,0.7169030923636921,0.4597213980906293,0.9451149767588759,59.52642828575401,0.29399163204212,0.4796655191735166,0.22634284878436342,0.8226661583398336,-129.80048431369352,False,False,39.80048431369352,False,False
very_high_20_45,-1.2010000000000005,-1.1050000000000004,0.1,-0.44807018840123847,0.630475677859129,0.3727762879333981,0.9851135090403681,51.52459145997972,0.32964247399719204,0.40684143994795124,0.2635160860548567,0.8040940175977543,-131.7846339270818,False,False,41.78463392708181,False,False
very_high_20_45,-1.1930000000000005,-1.0970000000000004,0.1,-0.2535376825666267,0.6348203503976806,0.3894673321502722,0.9385687145237112,43.88104134247262,0.37703951658227847,0.32175795946066615,0.3012025239570554,0.8344510693853796,-135.0503852938945,False,False,45.05038529389449,False,False
very_high_20_45,-1.1850000000000005,-1.0890000000000004,0.1,-0.6901531995348067,0.6251258524859622,0.3796336346737095,0.9758244454816004,42.0637711823941,0.3871309661478655,0.3257854385359934,0.2870835953161411,0.8245042807838433,-134.25966985697588,False,False,44.259669856975876,False,False
very_high_20_45,-1.1770000000000005,-1.0810000000000004,0.1,-1.2997761414481293,0.584550099297872,0.3569459135256961,0.9985404697284361,33.88275793922584,0.42059801907675476,0.26470006299473786,0.3147019179285074,0.8281395861862436,-132.9337403325337,False,False,42.93374033253369,False,False
very_high_20_45,-1.1690000000000005,-1.0730000000000004,0.1,-1.2068476907323098,0.5268634677484114,0.3575311079498174,0.9132512407124537,35.554410210237464,0.37941624653348377,0.2449005223500666,0.3756832311164496,0.758366523617521,-141.43924157037134,False,False,51.43924157037134,False,False
very_high_20_45,-1.1610000000000005,-1.0650000000000004,0.1,-0.8465586727303901,0.5694942318486664,0.38305024422597356,0.48357381450442605,52.680395990680594,0.35938069984974674,0.19301109603967745,0.4476082041105759,0.7640291319037147,-141.60232763159638,False,False,51.60232763159638,False,False
very_high_20_45,-1.1530000000000005,-1.0570000000000004,0.1,-0.7879590546958176,0.6063220387147991,0.43034709609651484,0.4735807314928191,56.997069675828094,0.3362021140319542,0.18975750876863684,0.47404037719940884,0.8287853963837355,-147.95465746633272,False,False,57.95465746633272,False,False
very_high_20_45,-1.1450000000000005,-1.0490000000000004,0.1,-0.5944490300077149,0.7336129430122961,0.5193001076169842,0.44770646278965004,61.00558474540708,0.31890168679498554,0.17508390037649574,0.5060144128285188,0.7981614079694658,-154.13696806435217,False,False,64.13696806435217,False,False
very_high_20_45,-1.1370000000000005,-1.0410000000000004,0.1,-0.16639158843675847,0.8084732407583805,0.6114335543228869,0.4718229344426629,62.72613403397289,0.2887434035786862,0.18431641494795475,0.526940181473359,0.8805475123073312,-157.48491723955317,False,False,67.48491723955317,False,False
very_high_20_45,-1.1290000000000004,-1.0330000000000004,0.1,0.015308595483137642,0.7863546837320257,0.5855884236288876,0.4843733102551735,62.70577593111716,0.28926100442498587,0.18626213901806013,0.5244768565569541,0.9033226768638274,-153.30205379768447,False,False,63.302053797684465,False,False
very_high_20_45,-1.1210000000000004,-1.0250000000000004,0.1,0.665951584413241,0.8108991982462184,0.6136297669816291,0.6143164649406497,59.309867228325245,0.2918734328041924,0.24499249729323502,0.4631340699025725,0.9162341832039954,-155.1070277957705,False,False,65.1070277957705,False,False
very_high_20_45,-1.1130000000000004,-1.0170000000000003,0.1,1.5684648357687838,0.8656805387948167,0.6927221279370227,0.5563775532546316,70.41648164296255,0.19714435522402715,0.2667660483923299,0.5360895963836428,0.8773681662545896,-147.88683381695117,False,False,57.88683381695117,False,False
very_high_20_45,-1.1050000000000004,-1.0090000000000003,0.1,1.9242788644024138,0.8414513134861054,0.6452156601859838,0.4867372445733042,75.93128544295342,0.14714592741181276,0.26770384091576077,0.5851502316724264,0.6813120616185101,-153.9383811513325,False,False,63.93838115133249,False,False
very_high_20_45,-1.0970000000000004,-1.0010000000000003,0.1,2.2775876747411403,0.8521931948036731,0.6608155440514788,0.5821922718195203,78.26066258401515,0.12143905705549268,0.33718663644504765,0.5413743064994597,0.5497727312393867,-152.71614553414577,False,False,62.71614553414577,False,False
very_high_20_45,-1.0890000000000004,-0.9930000000000003,0.1,2.020575539443584,0.8765238932479285,0.7055425773956906,0.5146221701729781,75.8816028526238,0.10833844361715933,0.30041406597410264,0.591247490408738,0.47950933102650517,172.5229092425301,False,False,82.52290924253009,False,False
very_high_20_45,-1.0810000000000004,-0.9850000000000003,0.1,1.7775506233189988,0.8727321333462401,0.6993800851042609,0.4870723784980616,75.55542468133866,0.10805503665105973,0.2887281938679633,0.603216769480977,0.4306874934831653,167.39456375635075,False,False,77.39456375635075,False,False
very_high_20_45,-1.0730000000000004,-0.9770000000000003,0.1,0.8717969910338574,0.873487891760579,0.7010203110839557,0.4670297120276739,75.32181162268748,0.1079793954510387,0.27775348823115464,0.6142671163178067,0.4268352837710385,167.4787382419336,False,False,77.4787382419336,False,False
very_high_20_45,-1.0650000000000004,-0.9690000000000003,0.1,0.16350871964249405,0.8697140185952907,0.6924221832682429,0.46691106146051636,77.34862158104818,0.10593498797402501,0.2733040797391002,0.6207609322868748,0.3954281988250861,166.7615336844775,False,False,76.76153368447751,False,False
very_high_20_45,-1.0570000000000004,-0.9610000000000003,0.1,-0.005167520372012378,0.8641793426637306,0.6816797036176774,0.46941810530268635,77.53249387353985,0.11141863961990478,0.273820628183124,0.6147607321969711,0.37687920639092576,168.02163480677078,False,False,78.02163480677078,False,False
very_high_20_45,-1.0490000000000004,-0.9530000000000003,0.1,-0.43783989292151,0.8586929149026905,0.6717410912181333,0.46526216515175106,78.11182973684981,0.10853364260932967,0.27390635336607344,0.617560004024597,0.3828420720676379,164.23648562765408,False,False,74.23648562765408,False,False
very_high_20_45,-1.0410000000000004,-0.9450000000000003,0.1,-0.7325022981357325,0.8373706215561915,0.6372210505423082,0.41559801731344487,80.31096364545989,0.09447653255675169,0.2690806365400319,0.6364428309032165,0.33066468903016577,157.41083612057565,False,False,67.41083612057565,False,False
very_high_20_45,-1.0330000000000004,-0.9370000000000003,0.1,-0.852000872476799,0.8289646833595459,0.624258607192601,0.40422488806756274,81.04689893666684,0.09184454302526339,0.27195931715189287,0.6361961398228437,0.32060749532185717,148.0932599980832,False,False,58.0932599980832,False,False
very_high_20_45,-1.0250000000000004,-0.9290000000000003,0.1,-0.838638989314158,0.8382533272478807,0.6435828702112307,0.3860230360533474,81.70112759393493,0.07263697203134775,0.2701273316196423,0.6572356963490099,0.24260431268981456,134.24829849417918,False,False,44.24829849417918,False,False
very_high_20_45,-1.0170000000000003,-0.9210000000000003,0.1,-1.2330954038324817,0.8382257705494358,0.6436687259260339,0.25581029615232803,82.57988308348723,0.07881002045597815,0.21973175919637739,0.7014582203476445,0.3310197820955591,72.00492888592974,False,False,17.995071114070257,False,False
very_high_20_45,-1.0090000000000003,-0.9130000000000003,0.1,-1.3284225676812766,0.800536130069617,0.5867279519105446,0.22999348465550354,80.69556511873871,0.09554884334663367,0.23774223016604742,0.6667089264873189,0.32827457245369507,71.34730302739068,False,False,18.65269697260932,False,False
very_high_20_45,-1.0010000000000003,-0.9050000000000002,0.1,-1.4558825218011522,0.8637103018172266,0.6800961829319222,0.1871206839403073,79.83949475720442,0.10858898988158305,0.14996632207837626,0.7414446880400407,0.1260623078170843,131.2487552728544,False,False,41.248755272854396,False,False
very_high_20_45,-0.9930000000000003,-0.8970000000000002,0.1,-1.3478157055576108,0.8667872664733474,0.686943647212179,0.033339770346372,83.11070454340904,0.14675988754283778,0.08141138582260746,0.7718287266345547,0.46204739930449623,-86.37964568820034,False,False,3.620354311799659,False,False
very_high_20_45,-0.9850000000000003,-0.8890000000000002,0.1,-1.2369289225633475,0.8408622205450167,0.6391443784035,0.025672468321284253,87.75516122814814,0.1443762021820504,0.11164662467464079,0.7439771731433089,0.6582475103012573,-97.56606475114833,False,False,7.566064751148332,False,False
very_high_20_45,-0.9770000000000003,-0.8810000000000002,0.1,-0.12942745430065225,0.740986908922106,0.5051752348048275,0.1551613973278726,79.8249697179367,0.1748779594417203,0.18346060128624653,0.6416614392720332,0.724645273368105,-130.3439103530629,False,False,40.34391035306291,False,False
very_high_20_45,-0.9690000000000003,-0.8730000000000002,0.1,0.40666812104565403,0.6543878850343468,0.41756592000888276,0.5569692651711512,70.58888179040233,0.17509410857496008,0.35858273870980667,0.4663231527152332,0.6108267611334669,-138.37988347640015,False,False,48.37988347640015,False,False
very_high_20_45,-0.9610000000000003,-0.8650000000000002,0.1,0.37915015142655734,0.707423411794847,0.4684197542223067,0.7280705944085376,71.57504133014136,0.17025145793657126,0.4138253975576144,0.4159231445058143,0.8009660181155096,-133.20717828650814,False,False,43.20717828650814,False,False
very_high_20_45,-0.9530000000000003,-0.8570000000000002,0.1,-0.04226685412938892,0.7463037479619709,0.5120120361716244,0.7733757948207469,71.8553659088402,0.15980627248167126,0.4402599390051897,0.399933788513139,0.7400688587823866,-140.89860061212832,False,False,50.89860061212832,False,False
very_high_20_45,-0.9450000000000003,-0.8490000000000002,0.1,-0.08446417688909527,0.7721866211057611,0.542710717120291,0.7369144087617262,69.51271571061285,0.1696639098139897,0.4160507400369702,0.4142853501490401,0.7307688422009468,-145.21747155968598,False,False,55.217471559685976,False,False
very_high_20_45,-0.9370000000000003,-0.8410000000000002,0.1,0.07365266200818461,0.7719168536397583,0.5429868849138505,0.7767588090429882,67.91625750636992,0.17539661612863877,0.45075976676971385,0.3738436171016473,0.71878757603288,-143.4470568512976,False,False,53.44705685129759,False,False
very_high_20_45,-0.9290000000000003,-0.8330000000000002,0.1,0.4790625669730952,0.7477846387457657,0.5209365819392862,0.6227387855767036,68.48211492951205,0.15685880586246767,0.3789936684855775,0.46414752565195483,0.6951490663043951,-142.00253644806415,False,False,52.00253644806415,False,False
very_high_20_45,-0.9210000000000003,-0.8250000000000002,0.1,-0.0007495464251827548,0.76357842275063,0.5418303007577072,0.6119382680337255,69.61553851923362,0.14278246695323984,0.378632519938373,0.47858501310838714,0.7039215227583666,-140.6807998088063,False,False,50.68079980880631,False,False
very_high_20_45,-0.9130000000000003,-0.8170000000000002,0.1,-0.12006247802253266,0.7720442068307662,0.5521560443656216,0.5926106543384155,70.37109583970695,0.13792296347152191,0.3743827966877272,0.4876942398407509,0.6552320291470541,-143.11718778326866,False,False,53.11718778326866,False,False
very_high_20_45,-0.9050000000000002,-0.8090000000000002,0.1,-0.8830480742381888,0.744884294783223,0.512533194406699,0.5839853210939543,71.56230896030081,0.15020222329420527,0.3600129485227298,0.48978482818306496,0.6366452487862567,-143.19532326646365,False,False,53.195323266463646,False,False
very_high_20_45,-0.8970000000000002,-0.8010000000000002,0.1,-1.144919704183056,0.7259896730003625,0.48010955465717947,0.6169776769808306,73.33426498213582,0.16436774110928162,0.367949274656951,0.4676829842337674,0.5897625944895389,-136.0970551220476,False,False,46.09705512204761,False,False
very_high_20_45,-0.8890000000000002,-0.7930000000000001,0.1,-1.2046343776557396,0.693426657803125,0.44052431823152116,0.6183201421502619,74.63183034900926,0.17298444881728775,0.3651911119757719,0.46182443920694033,0.5267033151587517,-135.86290582778946,False,False,45.86290582778946,False,False
very_high_20_45,-0.8810000000000002,-0.7850000000000001,0.1,-1.0453678354386609,0.7051107903164942,0.4552814909699493,0.5999896419378522,81.09205329746503,0.1508321044691681,0.3648571079203284,0.48431078761050356,0.5037963040875081,-128.86177615192506,False,False,38.861776151925056,False,False
very_high_20_45,-0.8730000000000002,-0.7770000000000001,0.1,-0.9953705061800816,0.7268495139995075,0.47132487605229934,0.34530357421682584,89.28403657398448,0.15768693726823513,0.2504834862219556,0.5918295765098093,0.37582070460346173,-98.39507860692218,False,False,8.395078606922183,False,False
very_high_20_45,-0.8650000000000002,-0.7690000000000001,0.1,-0.663098717922826,0.7779471490112877,0.5396778613319457,0.2609463604902592,88.19991117614596,0.16365966594039238,0.19321011971031934,0.6431302143492883,0.22997515051896364,-113.56088900396851,False,False,23.560889003968512,False,False
very_high_20_45,-0.8570000000000002,-0.7610000000000001,0.1,-0.4058507414056152,0.8250072414488359,0.6151243887063442,0.21348568911628985,88.13579822161086,0.1698276310889308,0.1224666727660033,0.7077056961450658,0.5507287184732171,-91.5194250457606,False,False,1.519425045760599,False,False
very_high_20_45,-0.8490000000000002,-0.7530000000000001,0.1,-0.30593494632374485,0.7911404744586628,0.5658382956196049,0.1470075790690261,83.26196152142435,0.1930252997704801,0.11881304332115598,0.6881616569083638,0.6432346564460742,-62.37248027347369,False,False,27.62751972652631,False,False
very_high_20_45,-0.8410000000000002,-0.7450000000000001,0.1,0.026079265657543142,0.819827057434579,0.6169253128864916,0.12169778527503813,74.37717870747169,0.2130227853709868,0.0989067613823018,0.6880704532467113,0.5985379166540712,-25.25087057291619,False,False,64.7491294270838,False,False
very_high_20_45,-0.8330000000000002,-0.7370000000000001,0.1,-0.15468066971734423,0.8138038965503824,0.6011800190817821,0.2334142972975174,68.34504869628267,0.233481926896953,0.137885871977885,0.6286322011251619,0.5383735494396561,-11.474017426007372,False,False,78.52598257399262,False,False
very_high_20_45,-0.8250000000000002,-0.7290000000000001,0.1,0.15404308749777137,0.7861937267407832,0.5521216640686637,0.16656202230255127,56.82395547311617,0.31352964573849634,0.15560073174848077,0.5308696225130229,0.34042376034897165,37.04369451830119,False,False,52.95630548169881,False,False
very_high_20_45,-0.8170000000000002,-0.7210000000000001,0.1,0.06359448904970819,0.7849477332715267,0.5500545336143917,0.23051382084684857,55.80985167427472,0.31624263295810645,0.17815824235522026,0.5055991246866732,0.4531412689181427,47.458602800083895,False,False,42.541397199916105,False,False
very_high_20_45,-0.8090000000000002,-0.7130000000000001,0.1,0.9620263985832094,0.5689469924099417,0.3605804906214664,0.2171889428051596,56.1494893851899,0.25306936294863236,0.35568680576670414,0.39124383128466345,0.4133155887584191,81.56804035856489,False,False,8.431959641435114,False,False
very_high_20_45,-0.8010000000000002,-0.7050000000000001,0.1,1.0118263182848073,0.5494408978064498,0.3600750145106145,0.06541692518317964,53.88351482512237,0.2514352916583052,0.37366201466924454,0.3749026936724503,0.4459292997984772,96.56665382787702,False,False,6.566653827877019,False,False
very_high_20_45,-0.7930000000000001,-0.6970000000000001,0.1,1.2112062962093717,0.42599932590722844,0.3513390364645944,0.8091450508397772,68.09201346237847,0.209061081713664,0.45129336871104225,0.33964554957529375,0.6135850467201409,93.3537892260811,False,False,3.353789226081105,False,False
very_high_20_45,-0.7850000000000001,-0.6890000000000001,0.1,1.6049040328098763,0.629102839711305,0.4296848362738594,0.9798066514856365,84.5465780812944,0.16766494937407903,0.5643498053059213,0.26798524531999973,0.47004342829526263,94.73784831645688,False,False,4.737848316456876,False,False
very_high_20_45,-0.7770000000000001,-0.681,0.1,1.4634822368844493,0.6782198351194562,0.45291778590040593,0.9803424063060425,86.26777588639945,0.16792128978577986,0.5930749067115331,0.23900380350268707,0.43971780973951696,92.36119145989767,False,False,2.361191459897668,False,False
very_high_20_45,-0.7690000000000001,-0.673,0.1,1.357893075602615,0.7122472819592566,0.48244365556184465,0.979829157036924,84.0335834140119,0.16749189455912994,0.6121953389784143,0.2203127664624558,0.3483850742078647,104.38833063138125,False,False,14.388330631381251,False,False
very_high_20_45,-0.7610000000000001,-0.665,0.1,0.7790712221228049,0.7838784797848128,0.5680823520277057,0.9840145231758117,88.65189011476677,0.1683824351652548,0.6810304197461121,0.15058714508863308,0.14933583919559365,86.88956160842328,False,False,3.1104383915767215,False,False
very_high_20_45,-0.7530000000000001,-0.657,0.1,0.900726980163393,0.7857319395185688,0.56826503683549,0.9855017994674214,89.09565982911786,0.18523890042968005,0.682630006775065,0.13213109279525495,0.11817919172369096,60.70472510292348,False,False,29.295274897076517,False,False
very_high_20_45,-0.7450000000000001,-0.649,0.1,0.5584519318649974,0.8036225816674217,0.5965824840732082,0.9903094724437979,89.57951157440819,0.1902070944652136,0.7056364153499605,0.10415649018482599,0.038385540670518595,5.031374827303859,False,False,84.96862517269614,False,False
very_high_20_45,-0.7370000000000001,-0.641,0.1,0.4840998259391974,0.8141728143254712,0.6126779883555035,0.9940546575516851,86.72776482829846,0.19228537041664104,0.7188202263076054,0.08889440327575351,0.10252051080702054,-6.653424906106986,False,False,83.34657509389301,False,False
very_high_20_45,-0.7290000000000001,-0.633,0.1,0.05944167601894745,0.8163680611157299,0.6147979130232278,0.99560421838913,84.6041663663971,0.19390087997458338,0.7192619703743421,0.08683714965107453,0.179801231701814,-32.57800443266773,False,False,57.42199556733227,False,False
very_high_20_45,-0.7210000000000001,-0.625,0.1,0.4218505231026072,0.8264922947631717,0.6304850811399177,0.9971778906623229,81.79945410928764,0.2052552242023619,0.7257696044145905,0.06897517138304757,0.2274209818932632,-23.33723276683003,False,False,66.66276723316997,False,False
very_high_20_45,-0.7130000000000001,-0.617,0.1,-0.5739694683093219,0.8027626470258331,0.6003976895788236,0.9950371869511832,80.48476043814816,0.2318717489150617,0.6950037433802414,0.07312450770469694,0.29496946836726906,-42.99539367149604,False,False,47.00460632850396,False,False
very_high_20_45,-0.7050000000000001,-0.609,0.1,-0.6342791139985138,0.8021010308667822,0.5913808191804055,0.9990545788353917,71.64823164197603,0.25575987550131163,0.6702820239236085,0.07395810057507994,0.5139729975774091,-45.44602568428321,False,False,44.55397431571679,False,False
very_high_20_45,-0.6970000000000001,-0.601,0.1,-1.4341599858672196,0.8081527907108509,0.5992977285633633,0.9985298793276036,72.56160680276898,0.25178164170088485,0.6753495711985188,0.07286878710059637,0.5471997060881507,-49.652731411140266,False,False,40.347268588859734,False,False
very_high_20_45,-0.6890000000000001,-0.593,0.1,-1.0562801623026898,0.734268036321185,0.5080779080957158,0.9985031077316029,66.02006899132746,0.31353217509356057,0.5837947067662188,0.10267311814022065,0.5215581414698149,-46.82577360592068,False,False,43.17422639407932,False,False
very_high_20_45,-0.681,-0.585,0.1,-0.6875154774552584,0.712239196286385,0.4797067597022746,0.9964742589674446,48.72898848874484,0.40665439069638604,0.486120803132698,0.10722480617091588,0.5791400296617165,-46.68104909084857,False,False,43.31895090915143,False,False
very_high_20_45,-0.673,-0.577,0.1,-0.07259485231058023,0.6794131429437137,0.46232489764762436,0.9999465365905521,55.628919678394716,0.3691734300379895,0.5010161129998882,0.12981045696212226,0.4251405098186696,-27.309575479476408,False,False,62.69042452052359,False,False
very_high_20_45,-0.665,-0.569,0.1,0.07697394806484657,0.6579106940581954,0.4436775229536409,0.9872308762133168,40.89941061042566,0.44303946682954976,0.41241579462889444,0.14454473854155575,0.3996106650187209,22.7027019821823,False,False,67.2972980178177,False,False
very_high_20_45,-0.657,-0.5609999999999999,0.1,0.3885418546516738,0.5851938268002961,0.3829072109762108,0.9889235258386372,34.3720422334518,0.44619804181805967,0.36768655505776,0.1861154031241804,0.3708591877979995,31.72155319866214,False,False,58.278446801337864,False,False
very_high_20_45,-0.649,-0.5529999999999999,0.1,1.2245806377421353,0.5823591801425133,0.40551222633051937,0.9133457227086837,75.94238553649599,0.3324115305743401,0.4434127130089481,0.2241757564167118,0.4956557980155007,61.07043545001884,False,False,28.92956454998116,False,False
very_high_20_45,-0.641,-0.5449999999999999,0.1,1.2170497332287773,0.5910115109248726,0.4296241510147691,0.8404869977458768,86.8904146960786,0.36378497779813135,0.4157700987804764,0.22044492342139235,0.6710073323868887,79.4345352194152,False,False,10.565464780584804,False,False
very_high_20_45,-0.633,-0.5369999999999999,0.1,2.0889621321876164,0.7608078021787654,0.5586072369611764,0.8456390884508849,87.75191857438246,0.28318562022859467,0.4936001064837679,0.22321427328763743,0.700289749316304,83.69474574323262,False,False,6.305254256767384,False,False
very_high_20_45,-0.625,-0.5289999999999999,0.1,2.4903612777836392,0.8244193024581542,0.6311609089693612,0.8826285877446627,85.42605740913325,0.2238546591662609,0.5836664051396483,0.19247893569409075,0.7881926004816875,97.51367677644778,False,False,7.513676776447781,False,False
very_high_20_45,-0.617,-0.5209999999999999,0.1,2.3897899929250657,0.8456133043507593,0.6615614430126048,0.8840529712194737,83.76864811490046,0.20245774352238882,0.6015621523688514,0.1959801041087598,0.7979134787979124,102.19424164125621,False,False,12.194241641256212,False,False
very_high_20_45,-0.609,-0.5129999999999999,0.1,2.253249877237794,0.8620069903170468,0.6835911278580821,0.9189889207596081,82.99611808831635,0.17670127486490397,0.6597678259499998,0.16353089918509608,0.8716975741621799,104.30619463489298,False,False,14.306194634892975,False,False
very_high_20_45,-0.601,-0.5049999999999999,0.1,2.2084930841802466,0.8803625395825406,0.7156908873931045,0.9112205438515378,79.60947402420263,0.1681419844392084,0.6604305085599717,0.17142750700081996,0.8477099991144172,112.88667243169606,False,False,22.886672431696056,False,False
very_high_20_45,-0.593,-0.4970000000000008,0.1,2.2875569539191796,0.8673862947992192,0.6890515191905003,0.9101446312931182,79.27787415901604,0.1681663170967888,0.6451236812173342,0.18671000168587684,0.8502636084721545,112.74893449966729,False,False,22.748934499667286,False,False
very_high_20_45,-0.585,-0.48900000000000077,0.1,2.293164351405742,0.8940691160955311,0.7394177219822097,0.9156958529798815,79.42094108306074,0.1393138685593222,0.681160556203962,0.17952557523671586,0.8032678761919791,118.98575780348966,False,False,28.985757803489662,False,False
very_high_20_45,-0.577,-0.48100000000000076,0.1,1.5760413495947618,0.9023518529822003,0.7554548362139498,0.9072378351587066,78.78890184862234,0.12763057705474815,0.6754088272587951,0.19696059568645674,0.8618626932121298,121.1895301588342,False,False,31.189530158834202,False,False
very_high_20_45,-0.569,-0.47300000000000075,0.1,1.5737775515529617,0.9013367810135149,0.7531116981895591,0.9171762996948012,79.79979667221758,0.117064670452909,0.6934886091026248,0.18944672044446623,0.7764634478050608,123.05455952582048,False,False,33.05455952582048,False,False
very_high_20_45,-0.5609999999999999,-0.46500000000000075,0.1,0.6903890351498034,0.9105694624628675,0.7725210010612813,0.9153098556543556,80.97689908205253,0.0986238265533279,0.7068339433871441,0.19454223005952792,0.7777065677157745,122.74270976564495,False,False,32.742709765644946,False,False
very_high_20_45,-0.5529999999999999,-0.45700000000000074,0.1,-0.08443792911167128,0.9022225052721209,0.7547534852666371,0.9263998276813817,78.93888404958169,0.10380833112421228,0.7056337709176287,0.1905578979581591,0.7653790351539036,130.38124251990234,False,False,40.381242519902344,False,False
very_high_20_45,-0.5449999999999999,-0.44900000000000073,0.1,-0.34693221327796137,0.883578677347354,0.7173118236027062,0.9290579406032433,79.47118727652143,0.10115045560238212,0.6964503790735974,0.20239916532402052,0.6697754390749964,133.37048583397015,False,False,43.37048583397015,False,False
very_high_20_45,-0.5369999999999999,-0.4410000000000007,0.1,-0.6225843649073143,0.8954675979041453,0.7433829775065327,0.925837832564583,78.29019056245947,0.08380579237537586,0.7004221585042947,0.2157720491203294,0.7311222250324445,143.22798788203335,False,False,53.22798788203335,False,False
very_high_20_45,-0.5289999999999999,-0.4330000000000007,0.1,0.27256530166209936,0.8394906737144379,0.6451681728764841,0.8905702580862863,77.23362021105957,0.09476194560056989,0.6068993649271821,0.29833868947224806,0.6988350639732852,148.12307150238348,False,False,58.12307150238348,False,False
very_high_20_45,-0.5209999999999999,-0.4250000000000007,0.1,0.35579309622434707,0.8151612303172524,0.6117136252729888,0.8730059694326306,79.54014673783396,0.0805066865872238,0.5882234821202061,0.33126983129257004,0.5621184236861385,167.08118106543648,False,False,77.08118106543648,False,False
very_high_20_45,-0.5129999999999999,-0.4170000000000007,0.1,0.60968028211717,0.8331754354561183,0.641341794686517,0.8346928083462802,79.99888083893966,0.0770013527722891,0.5618634952396417,0.3611351519880691,0.6082071392566075,174.28198898545256,False,False,84.28198898545256,False,False
very_high_20_45,-0.5049999999999999,-0.4090000000000007,0.1,0.1285311487095294,0.8245806404896584,0.6271845841058022,0.7217346115324773,84.27956040235806,0.06654456844713036,0.47219857604098864,0.46125685551188106,0.4559495965527077,-169.3196236520349,False,False,79.31962365203489,False,False
very_high_20_45,-0.4970000000000008,-0.4010000000000007,0.1,0.07564397652213241,0.7909940607418898,0.5854278391909683,0.713198587217399,88.13399128190662,0.05338315678074768,0.4796683882152684,0.46694845500398385,0.2981078122350326,-156.09655944782753,False,False,66.09655944782753,False,False
very_high_20_45,-0.48900000000000077,-0.3930000000000007,0.1,-0.18513299514832388,0.8011147149024409,0.5970138246276921,0.6973836520549144,88.71068149694385,0.05329455320020871,0.4691087939465212,0.4775966528532701,0.2754333756607867,-148.88567726244548,False,False,58.88567726244548,False,False
very_high_20_45,-0.48100000000000076,-0.3850000000000007,0.1,-0.3080354720954508,0.7701775435441959,0.5618468194472931,0.5108661705159628,86.14111632896036,0.04993661484260463,0.3771122140377363,0.572951171119659,0.2968874017706334,-76.42457274422621,False,False,13.57542725577379,False,False
very_high_20_45,-0.47300000000000075,-0.37700000000000067,0.1,0.26895590800570823,0.7257321193844597,0.520322965953601,0.3833117519320001,86.63471572930706,0.048794221971251286,0.358300828034963,0.5929049499937857,0.254204074985381,-48.94525597662017,False,False,41.05474402337983,False,False
very_high_20_45,-0.46500000000000075,-0.36900000000000066,0.1,0.012607551834014156,0.756822881153762,0.5435933473192246,0.2427087789917129,86.35209196084911,0.058330332359460016,0.2939197719416254,0.6477498956989146,0.2798201594792368,-38.644453093686444,False,False,51.355546906313556,False,False
very_high_20_45,-0.45700000000000074,-0.36100000000000065,0.1,-0.1541482716370253,0.7621705899535944,0.5536460491833511,0.15650663535494974,87.41168770146416,0.04752150815553023,0.28717725696341856,0.6653012348810512,0.21183189558259316,-59.270681197038336,False,False,30.729318802961664,False,False
very_high_20_45,-0.44900000000000073,-0.35300000000000065,0.1,-0.8986249158923384,0.7661149586311125,0.553916257389914,0.20472291516076663,88.34253218211266,0.053100130003442964,0.2833869217959467,0.6635129482006102,0.13365158807072164,-43.19011162270982,False,False,46.80988837729018,False,False
very_high_20_45,-0.4410000000000007,-0.34500000000000064,0.1,-0.781488408472158,0.7534676524883059,0.5299993890149578,0.2255003131605944,89.5876987258743,0.07351318242230087,0.2794012671522876,0.6470855504254116,0.049947904960072266,-151.6061386812999,False,False,61.60613868129991,False,False
very_high_20_45,-0.4330000000000007,-0.33700000000000063,0.1,-0.9612615818126655,0.720168196373555,0.49145163198364067,0.07580430337795574,89.68078205319745,0.0853123598570688,0.2837721167846888,0.6309155233582424,0.11497820006505542,-172.30178612097876,False,False,82.30178612097876,False,False
very_high_20_45,-0.4250000000000007,-0.3290000000000006,0.1,-0.8680156506740252,0.648702390727889,0.44048479942702967,0.1767111860589234,84.76570497482481,0.08514555018967501,0.3380329339908394,0.5768215158194856,0.251662380347135,144.58467108093748,False,False,54.58467108093748,False,False
very_high_20_45,-0.4170000000000007,-0.3210000000000006,0.1,-1.0396715837061188,0.6577373821031229,0.4324413760838306,0.1379753585791847,84.05334172850988,0.10696707976444615,0.3085396486423654,0.5844932715931884,0.4191203999893726,120.73364593656255,False,False,30.733645936562553,False,False
very_high_20_45,-0.4090000000000007,-0.3130000000000006,0.1,-1.2062907493759814,0.6373496098864533,0.4160577328867808,0.10396985238806446,82.37782583267911,0.13361581574238476,0.3022428836950489,0.5641413005625664,0.46363554891574227,134.06815764953407,False,False,44.06815764953407,False,False
very_high_20_45,-0.4010000000000007,-0.3050000000000006,0.1,-1.673166773822055,0.5801285420133871,0.3700899142398998,0.22196463209643677,84.66896817352851,0.15535242030013716,0.3203947745873408,0.524252805112522,0.4795810348419704,132.55041846825694,False,False,42.550418468256936,False,False
very_high_20_45,-0.3930000000000007,-0.2970000000000006,0.1,-1.7513942172814332,0.6233662820765407,0.3927847160673387,0.10435561535470826,86.69110841448452,0.17107925996510467,0.2636126682672539,0.5653080717676414,0.4193327465131509,156.90120434634883,False,False,66.90120434634883,False,False
very_high_20_45,-0.3850000000000007,-0.2890000000000006,0.1,-1.9929345419981113,0.6872444028845887,0.43881030796123677,0.20463070183567478,89.91518908819853,0.18684383873763685,0.2186027021190268,0.5945534591433362,0.3695775963665924,151.08136768216374,False,False,61.081367682163744,False,False
very_high_20_45,-0.37700000000000067,-0.2810000000000006,0.1,-2.0479376123678046,0.5308712180925059,0.31045977552940635,0.25855996967793976,83.75005424114612,0.23710050943889058,0.25823516921216816,0.5046643213489413,0.3880775411838158,155.3300132285915,False,False,65.3300132285915,False,False
very_high_20_45,-0.36900000000000066,-0.2730000000000006,0.1,-1.6828416556651198,0.3841119673715636,0.2312841605913885,0.0696539726012453,80.7106613930696,0.3039110707666827,0.2354819948002437,0.4606069344330736,0.3299093354159142,154.47821118345536,False,False,64.47821118345536,False,False
very_high_20_45,-0.36100000000000065,-0.26500000000000057,0.1,-1.5721787147797233,0.32309166289941216,0.19387965220396988,0.41345719250554874,61.57627899976032,0.33624501018178427,0.25858921158231585,0.40516577823589983,0.2921100524800031,155.72838092610826,False,False,65.72838092610826,False,False
very_high_20_45,-0.35300000000000065,-0.25700000000000056,0.1,-0.5319257399625571,0.5224723513088085,0.3011523580071943,0.5881888363445429,78.54940834549153,0.3244501328477834,0.2849227248831263,0.39062714226909034,0.03511960498353199,-78.98011111849709,False,False,11.019888881502908,False,False
very_high_20_45,-0.34500000000000064,-0.24900000000000055,0.1,-0.2034022972778703,0.6776800727112009,0.4251380323573695,0.676455494828159,61.38088916199675,0.3004629871320912,0.3316065982108607,0.36793041465704807,0.23841972680728124,-8.737468586719254,False,False,81.26253141328074,False,False
very_high_20_45,-0.33700000000000063,-0.24100000000000055,0.1,0.01350657634213712,0.726556395527054,0.4762239848841171,0.619773370443296,66.90285226306406,0.2746116936711269,0.30981906221720384,0.41556924411166923,0.35140280371381005,6.834340654499742,False,False,83.16565934550026,False,False
very_high_20_45,-0.3290000000000006,-0.23300000000000054,0.1,0.550932169760435,0.8184703981802188,0.605918595239184,0.6130675061086636,75.82016904075454,0.2105230769127355,0.31366172197265973,0.47581520111460485,0.402722401998726,-29.454059098470832,False,False,60.545940901529164,False,False
very_high_20_45,-0.3210000000000006,-0.22500000000000053,0.1,0.9659247024056398,0.869517553323635,0.6943250683693686,0.5858881353293672,68.8236418406434,0.21648251344866662,0.27547954412240383,0.5080379424289295,0.681142745614801,-26.595861849036773,False,False,63.40413815096323,False,False
very_high_20_45,-0.3130000000000006,-0.21700000000000053,0.1,1.0124302217388883,0.8518600782572906,0.6667727751043456,0.5667513588484545,70.53962463034416,0.2272141719655003,0.25843976908411725,0.5143460589503824,0.7176437104088599,-33.315799914965886,False,False,56.684200085034114,False,False
very_high_20_45,-0.3050000000000006,-0.20900000000000052,0.1,1.0350372930128782,0.9070438750213741,0.7696124994153313,0.5595018098085311,71.40392355687399,0.18109291550365225,0.26392531809836905,0.5549817663979786,0.8689329188144836,-33.229960368724676,False,False,56.770039631275324,False,False
very_high_20_45,-0.2970000000000006,-0.2010000000000005,0.1,0.8970645606366225,0.9106273845566804,0.7775741826227702,0.5963913667049017,69.32746739087068,0.18860663557822407,0.2895033914696367,0.5218899729521392,0.8755045170102264,-27.819625913797342,False,False,62.18037408620266,False,False
very_high_20_45,-0.2890000000000006,-0.1930000000000005,0.1,1.0586008346618268,0.8753245347173286,0.7112029676758451,0.6064903241532076,71.94735750641054,0.21253590932100952,0.28755004086921815,0.49991404980977233,0.8550525327924526,-42.14546671324555,False,False,47.85453328675445,False,False
very_high_20_45,-0.2810000000000006,-0.1850000000000005,0.1,0.8855702852840648,0.8627348740429158,0.6818341394435942,0.6726431313226355,73.24131634367485,0.1901182824220744,0.3635617126740008,0.4463200049039248,0.8640235945654056,-49.60659185355327,False,False,40.39340814644673,False,False
very_high_20_45,-0.2730000000000006,-0.1770000000000005,0.1,0.8384445734287289,0.8478141204352664,0.6571263205881601,0.708007419522291,71.15912400369629,0.20240501924339993,0.38620411165569984,0.4113908691009003,0.913237153112497,-48.46215481397604,False,False,41.53784518602396,False,False
very_high_20_45,-0.26500000000000057,-0.16900000000000048,0.1,0.837880099379095,0.8307663688264555,0.6246996898885366,0.7172373050714319,73.95007656485765,0.19724853225644823,0.4008412577330131,0.4019102100105386,0.8856609950248958,-57.300808780030195,False,False,32.699191219969805,False,False
very_high_20_45,-0.25700000000000056,-0.16100000000000048,0.1,1.2062542449237337,0.798420346179118,0.5693120759957107,0.7977717058723075,76.28430164302526,0.17241775241863522,0.4858389673484011,0.34174328023296363,0.8806487812802921,-64.19941492990905,False,False,25.800585070090946,False,False
very_high_20_45,-0.24900000000000055,-0.15300000000000047,0.1,1.0156943191699421,0.7822266194263703,0.5461288295413883,0.8379517362193498,76.8371882613135,0.17864395550917928,0.5106531452441467,0.31070289924667394,0.8807931107651145,-65.07343768416456,False,False,24.92656231583544,False,False
very_high_20_45,-0.24100000000000055,-0.14500000000000046,0.1,1.2046896535549878,0.7667817459128943,0.5249926176782783,0.8306646311418404,80.70376410756487,0.18717418082487328,0.4984745468719858,0.31435127230314086,0.889407814383627,-73.17773378986222,False,False,16.822266210137784,False,False
very_high_20_45,-0.23300000000000054,-0.13700000000000045,0.1,1.0571190113711868,0.7868575368411094,0.5539499144055863,0.8349442207052751,81.38375799310187,0.17964941185607872,0.5131268736980398,0.3072237144458815,0.9007561710219331,-73.80150958812455,False,False,16.198490411875454,False,False
very_high_20_45,-0.22500000000000053,-0.12900000000000045,0.1,1.3203817948260388,0.7737910795149094,0.5392986604523128,0.894314337216797,80.46933692720413,0.19264462457050668,0.5615231515724773,0.24583222385701606,0.9022049807349661,-71.83745996064019,False,False,18.16254003935981,False,False
very_high_20_45,-0.21700000000000053,-0.12100000000000044,0.1,1.6039027766357303,0.7445770566895993,0.5133213997823263,0.876749350286779,85.90657989239251,0.18638140696567518,0.5349377207504841,0.2786808722838408,0.9085504963128638,-76.22150219631008,False,False,13.778497803689916,False,False
very_high_20_45,-0.20900000000000052,-0.11300000000000043,0.1,1.850169312561317,0.7748489760985315,0.5551263337729863,0.8713912089033591,89.98153914329077,0.17819462242425416,0.5520582016169976,0.26974717595874825,0.9595692018333007,-82.27297115090347,False,False,7.727028849096527,False,False
very_high_20_45,-0.2010000000000005,-0.10500000000000043,0.1,2.014466021409199,0.7867589329985195,0.5800850612370215,0.9064204834418514,88.48318837770599,0.16974241508650223,0.6003960384508493,0.2298615464626484,0.9687411954110862,-84.55344124787801,False,False,5.446558752121987,False,False
very_high_20_45,-0.1930000000000005,-0.09700000000000042,0.1,1.8938562591930046,0.7610551506846858,0.5549023695374895,0.9039577007796168,87.32234842072016,0.15013385314170485,0.5878922903850847,0.2619738564732104,0.9628131257431419,-84.62338911445055,False,False,5.376610885549454,False,False
very_high_20_45,-0.1850000000000005,-0.08900000000000041,0.1,2.2756905017631834,0.7796259326243373,0.5745305682831231,0.8905940005420095,83.66302355824972,0.14597340291815591,0.5878198302557824,0.26620676682606165,0.9549471388855372,-90.95001791723439,False,False,0.9500179172343906,False,False
very_high_20_45,-0.1770000000000005,-0.0810000000000004,0.1,3.3569833029502556,0.7864142705191639,0.5794618469231136,0.9386228647761494,83.40769222710077,0.1214557479718117,0.6396452346332369,0.2388990173949514,0.946334910204458,-96.4097680046423,False,False,6.409768004642302,False,False
very_high_20_45,-0.16900000000000048,-0.0730000000000004,0.1,3.1686450538229036,0.7855666435073789,0.5822520951359866,0.9466692564602222,84.25270580580754,0.10730946865688211,0.6492941656124647,0.24339636573065326,0.9116075565682172,-95.94529867704492,False,False,5.945298677044917,False,False
very_high_20_45,-0.16100000000000048,-0.06500000000000039,0.1,2.4867193842102604,0.7913337658641586,0.5913616836503521,0.9360859920229502,85.41119806777998,0.10304411553941534,0.6449202605807359,0.25203562387984874,0.8745973841788821,-92.69197181180569,False,False,2.6919718118056863,False,False
very_high_20_45,-0.15300000000000047,-0.057000000000000384,0.1,2.051458902431862,0.8115469833107166,0.616982276771324,0.941048598041719,86.31382290349913,0.09511990933751922,0.6649978057452782,0.23988228491720248,0.8502912997416252,-91.74550850461013,False,False,1.7455085046101289,False,False
very_high_20_45,-0.14500000000000046,-0.04900000000000038,0.1,2.3102460575802826,0.819962005106095,0.6287326383122002,0.9557660612434338,86.95719631764874,0.07795447598180975,0.6890045840637902,0.2330409399544001,0.6880975838909671,-93.02113302921825,False,False,3.021133029218248,False,False
very_high_20_45,-0.13700000000000045,-0.04100000000000037,0.1,2.2985629777039054,0.8255146750937798,0.6317321558098932,0.9623825648832676,89.18913404078047,0.07614285715183056,0.6989483690265638,0.2249087738216057,0.5498248207666213,-85.87275638567537,False,False,4.127243614324627,False,False
very_high_20_45,-0.12900000000000045,-0.03300000000000036,0.1,2.7381325035237656,0.8531030523322922,0.6748695895146528,0.9643082593594722,87.00157066479738,0.06716962621881853,0.729381393002,0.2034489807791815,0.5367685227410023,-98.66573459807378,False,False,8.665734598073783,False,False
very_high_20_45,-0.12100000000000044,-0.025000000000000355,0.1,2.485052466533131,0.8722806521365296,0.7058724551655406,0.9647389005095929,86.25175778812218,0.054751757075824734,0.7505014130945059,0.19474682982966932,0.4382196732727056,-112.19973641327987,False,False,22.199736413279865,False,False
very_high_20_45,-0.11300000000000043,-0.017000000000000348,0.1,2.4544915526811715,0.8909868637902808,0.7393470337977065,0.9694291105458459,87.6737552374131,0.04129468417942612,0.777947108561807,0.18075820725876685,0.3745970316854811,-109.69747378317743,False,False,19.69747378317743,False,False
very_high_20_45,-0.10500000000000043,-0.009000000000000341,0.1,1.4863243046459587,0.8978100769746354,0.7522376837277577,0.9774192320405847,87.56999450002444,0.04069909773914373,0.7959116586290412,0.16338924363181506,0.387465528599239,-111.63528674460602,False,False,21.63528674460602,False,False
very_high_20_45,-0.09700000000000042,-0.001000000000000334,0.1,1.3206632770269533,0.9006905738307478,0.7576269761412485,0.9754615052468513,87.13471829479074,0.040283402257568414,0.7969096308386283,0.16280696690380317,0.3652712802566955,-119.60976736190304,False,False,29.60976736190304,False,False
very_high_20_45,-0.08900000000000041,0.006999999999999673,0.1,0.7437483776653719,0.931958475475579,0.8226193413671821,0.9810376975677638,88.13528799173537,0.026928145017105363,0.8499343289013878,0.12313752608150684,0.23638453091915315,-134.992382637391,False,False,44.99238263739099,False,False
very_high_20_45,-0.0810000000000004,0.01499999999999968,0.1,-0.24732914289913538,0.9258072170160738,0.8097777774010281,0.9828022677175547,89.40347669077177,0.022511039021628848,0.8424040251680571,0.13508493581031394,0.08458333830391342,-27.181634004283232,False,False,62.81836599571677,False,False
very_high_20_45,-0.0730000000000004,0.022999999999999687,0.1,-0.18888415168561304,0.9230720558643497,0.8039306466752294,0.9738355728138656,89.68885059503837,0.02119195782958687,0.8263286473293503,0.15247939484106274,0.07057466541547733,114.08590388056055,False,False,24.08590388056055,False,False
very_high_20_45,-0.06500000000000039,0.030999999999999694,0.1,-0.37879565565681583,0.9208179309247064,0.7994317755370881,0.9764583886822025,89.81249311229554,0.019447281477382092,0.8296057528953308,0.1509469656272872,0.2359191901520764,93.5651561056524,False,False,3.565156105652406,False,False
very_high_20_45,-0.057000000000000384,0.0389999999999997,0.1,-0.4474216701170209,0.8928867010319044,0.7439267603273189,0.9842594661239027,88.27755035770416,0.024438988273969408,0.7980088611690301,0.17755215055700044,0.24238622523304157,136.37059295607745,False,False,46.370592956077445,False,False
very_high_20_45,-0.04900000000000038,0.04699999999999971,0.1,-0.9105198653039817,0.8729930802111066,0.7091472917358451,0.9791221905428769,86.426986942486,0.02779502630947024,0.764573045072513,0.2076319286180167,0.3767043423274358,149.65711645261672,False,False,59.65711645261672,False,False
very_high_20_45,-0.04100000000000037,0.054999999999999716,0.1,-1.0606238368605307,0.8824320241313657,0.7261839841671948,0.974654199542283,86.85011019252516,0.022220662126397398,0.7778323970076363,0.19994694086596632,0.34287521650341657,-158.93530957434933,False,False,68.93530957434933,False,False
very_high_20_45,-0.03300000000000036,0.06299999999999972,0.1,-1.6747874855212102,0.8690462268656012,0.7027568439285495,0.9957247449913195,85.50692213541495,0.028364357451722878,0.77949522843153,0.19214041411674715,0.49819811470152014,-142.8108459891766,False,False,52.81084598917661,False,False
very_high_20_45,-0.025000000000000355,0.07099999999999973,0.1,-1.6011846138746806,0.8220825680394344,0.6316531129391088,0.9999381629440193,87.06407329720165,0.03084134275457025,0.7296948268958952,0.23946383034953456,0.453148039630177,-121.45700129347111,False,False,31.45700129347111,False,False
very_high_20_45,-0.017000000000000348,0.07899999999999974,0.1,-1.5249922802984965,0.8464584983019935,0.6649627627319004,0.9998564825286009,87.16886782143084,0.031918127315445265,0.7635981898583218,0.20448368282623286,0.4370210583001314,-121.76714130322516,False,False,31.76714130322516,False,False
very_high_20_45,-0.009000000000000341,0.08699999999999974,0.1,-0.9626569526817502,0.8979972543131618,0.749402886646066,0.9690472722014827,86.47279889742319,0.045678236802717466,0.7846568838740658,0.16966487932321664,0.4467394058174575,-122.79617821380182,False,False,32.796178213801824,False,False
very_high_20_45,-0.001000000000000334,0.09499999999999975,0.1,-0.7794870138986209,0.8833700911306771,0.7191566288219683,0.9454838872239234,85.39840370938457,0.062199671770384456,0.7323507929765314,0.20544953525308418,0.42580618244321766,-128.85103154302703,False,False,38.851031543027034,False,False
very_high_20_45,0.006999999999999673,0.10299999999999976,0.1,-0.7713172418623256,0.8849460908703477,0.7212023906454009,0.9441671780534234,84.7855419830182,0.07033854600807962,0.7319290711145272,0.1977323828773931,0.48025572613511,-125.73965346015588,False,False,35.73965346015588,False,False
very_high_20_45,0.01499999999999968,0.11099999999999977,0.1,-0.2117742109322763,0.8996718674593132,0.7495883638248004,0.9386458946101685,89.01618845180967,0.07717319374581148,0.7448377305770632,0.17798907567712538,0.32032262358216795,-96.29962590881964,False,False,6.299625908819635,False,False
very_high_20_45,0.022999999999999687,0.11899999999999977,0.1,0.682898232337974,0.9042059580097963,0.7595324603318883,0.9567561020775323,86.79072002637753,0.09217072741859342,0.7715082405588772,0.13632103202252938,0.3599678637702635,-60.63875070878281,False,False,29.36124929121719,False,False
very_high_20_45,0.030999999999999694,0.12699999999999978,0.1,0.7015296524966732,0.8996013550405644,0.7506053934179149,0.959863018023495,86.22743036576074,0.10229314727446452,0.7695161364598238,0.1281907162657116,0.28690051299726577,-48.454020992395556,False,False,41.545979007604444,False,False
very_high_20_45,0.0389999999999997,0.1349999999999998,0.1,0.7859012646290692,0.9111803922683189,0.7755557961186506,0.9646895094691864,79.66036271837595,0.13089669533836198,0.7701004165110225,0.09900288815061549,0.399162431265033,-0.8784609329384542,False,False,89.12153906706155,False,False
very_high_20_45,0.04699999999999971,0.1429999999999998,0.1,0.9857388897517219,0.9294621347689848,0.8156410372396125,0.9569560635089996,81.49001787185479,0.10558614047626778,0.7877694482115721,0.10664441131216007,0.3895239721247679,5.480173624159576,False,False,84.51982637584042,False,False
very_high_20_45,0.054999999999999716,0.1509999999999998,0.1,1.2959392183269123,0.9148833554920771,0.7847910491991514,0.9598297345559602,83.76617754002547,0.11627774076021674,0.7835954471063047,0.10012681213347863,0.3017521295935781,37.80040555052245,False,False,52.19959444947755,False,False
very_high_20_45,0.06299999999999972,0.1589999999999998,0.1,1.0063869926400693,0.8979180026323934,0.7466829474383815,0.9416698411383059,83.3339247777174,0.10734446580233255,0.7378332086319601,0.1548223255657073,0.3725828463725103,46.45909830066491,False,False,43.54090169933509,False,False
very_high_20_45,0.07099999999999973,0.16699999999999982,0.1,0.8378645433263245,0.9055163418974643,0.7625419394243619,0.9361926639874097,86.12899697914514,0.10036821008883841,0.7400357867296643,0.1595960031814972,0.30279746456468976,59.28271650804312,False,False,30.717283491956877,False,False
very_high_20_45,0.07899999999999974,0.17499999999999982,0.1,0.7754617884704116,0.898507352136537,0.7476343848354969,0.9460726270994894,86.72436849399236,0.09614538052015449,0.750033526657364,0.15382109282248144,0.2606131476050423,60.45942016331831,False,False,29.540579836681687,False,False
very_high_20_45,0.08699999999999974,0.18299999999999983,0.1,0.37954941041886414,0.8999628868128725,0.7504210674907472,0.9393478891590487,85.30759444734186,0.09524053585942019,0.741155050026389,0.1636044141141908,0.33976459083897514,55.15801183942616,False,False,34.84198816057384,False,False
very_high_20_45,0.09499999999999975,0.19099999999999984,0.1,-0.5273013554338527,0.8990646451217981,0.7482902338202149,0.9425251886789139,83.60991689348117,0.09681030381115625,0.7401310938328598,0.16305860235598396,0.38383045063130916,44.76599280101546,False,False,45.23400719898454,False,False
very_high_20_45,0.10299999999999976,0.19899999999999984,0.1,-1.1609022788852887,0.9000217026012801,0.7501618165286544,0.9435722400920205,84.18349725190714,0.09079707617923662,0.7449991362431723,0.16420378757759121,0.4687035361708201,55.887337399972935,False,False,34.112662600027065,False,False
very_high_20_45,0.11099999999999977,0.20699999999999985,0.1,-1.231857897555145,0.8794702858257888,0.7087743173141823,0.935282511713652,84.31756215994201,0.097356771335761,0.7111187968078002,0.19152443185643872,0.551564271816968,62.39230253782477,False,False,27.60769746217523,False,False
very_high_20_45,0.11899999999999977,0.21499999999999986,0.1,-1.157948027120544,0.8354068995417298,0.6310694197884527,0.9272662403999429,88.53524407665749,0.09652864582808436,0.6637143427818138,0.23975701139010172,0.5164826844560172,85.36077400294938,False,False,4.639225997050616,False,False
very_high_20_45,0.12699999999999978,0.22299999999999986,0.1,-0.6683746205558808,0.8252417944717317,0.6161114741989556,0.9206381652156828,89.74981819027562,0.09367988568825678,0.6496126594713393,0.2567074548404039,0.5622091404632822,93.58719067879699,False,False,3.5871906787969863,False,False
very_high_20_45,0.1349999999999998,0.23099999999999987,0.1,-0.04412877011630752,0.7718747705221999,0.5575408903176112,0.8931130225087726,88.5241257645542,0.0712919626006765,0.5959842838920963,0.33272375350722727,0.35614917594758877,120.65600273804343,False,False,30.656002738043426,False,False
very_high_20_45,0.1429999999999998,0.23899999999999988,0.1,0.13615350035011148,0.7181215191767838,0.5166018940831968,0.9434206723071787,80.97168146892749,0.07506492557991606,0.5753333010192403,0.3496017734008437,0.5303849466046168,162.0493707823032,False,False,72.04937078230321,False,False
very_high_20_45,0.1509999999999998,0.2469999999999999,0.1,0.817187444776445,0.6990076672853333,0.4950461490291381,0.9051218125302831,88.90090690617768,0.07326062752518046,0.5610960610174877,0.365643311457332,0.1988473932218812,-170.3837834354664,False,False,80.3837834354664,False,False
very_high_20_45,0.1589999999999998,0.2549999999999999,0.1,0.5122982538687616,0.6989604049165816,0.4805476453020474,0.9094019151031174,89.99940482857293,0.09975387939438624,0.5617390799892549,0.3385070406163589,0.5585347056336866,-102.96578807720122,False,False,12.965788077201225,False,False
very_high_20_45,0.16699999999999982,0.2629999999999999,0.1,0.9325051942811133,0.7156210172362518,0.49054312831144714,0.9786000095683443,86.62437855611317,0.10672058200508815,0.6187203746978989,0.27455904329701303,0.4617687894901973,-82.41262998505364,False,False,7.587370014946359,False,False
very_high_20_45,0.17499999999999982,0.2709999999999999,0.1,1.1246260187877573,0.7281122909700155,0.49610683517339293,0.9776297112308183,75.49635094096836,0.14240072263177514,0.6011861478254634,0.25641312954276146,0.6655739082197816,-53.17736638816953,False,False,36.82263361183047,False,False
very_high_20_45,0.18299999999999983,0.2789999999999999,0.1,0.9571678833409552,0.7280065323768572,0.49190436857209163,0.9767879910968669,74.26487964371975,0.16178769717245634,0.5946280928650038,0.2435842099625397,0.7833865305218106,-59.01560052663817,False,False,30.984399473361833,False,False
very_high_20_45,0.19099999999999984,0.2869999999999999,0.1,0.7477190504281194,0.7371314813913862,0.4992490738380104,0.9863281765362217,71.88186051293678,0.1744960015653149,0.597051502766838,0.22845249566784717,0.7607574549088969,-52.75132547787394,False,False,37.24867452212606,False,False
very_high_20_45,0.19899999999999984,0.29499999999999993,0.1,0.25306343652544333,0.7602677883554536,0.5246736032109126,0.9898142766333581,69.1919610969658,0.18867190389096716,0.6018250930778697,0.20950300303116323,0.7573358812198615,-45.949729736398155,False,False,44.050270263601845,False,False
very_high_20_45,0.20699999999999985,0.30299999999999994,0.1,0.10420584727255328,0.7715947196844611,0.5424665514815894,0.9890717119996342,69.23264307845719,0.18437786461974706,0.6106504382762696,0.20497169710398327,0.8019680045283536,-47.514458373285635,False,False,42.485541626714365,False,False
very_high_20_45,0.21499999999999986,0.31099999999999994,0.1,-0.38175549691256466,0.7805248178586615,0.5573227895126658,0.9918473111241732,70.17577018637162,0.1845640359634484,0.6257091191273085,0.18972684490924305,0.8024673638602926,-49.92813807099861,False,False,40.07186192900139,False,False
very_high_20_45,0.22299999999999986,0.31899999999999995,0.1,-0.5767736368649836,0.793292672203594,0.575491498124313,0.9954472048612117,70.7691514211656,0.17567204414010767,0.6420815007507968,0.1822464551090956,0.8243212219690648,-49.7150351698271,False,False,40.2849648301729,False,False
very_high_20_45,0.23099999999999987,0.32699999999999996,0.1,-0.13142561234705488,0.8212641989507855,0.6168856362716763,0.9959629553894261,70.04438565306864,0.1900264508027923,0.6645032514845147,0.14547029771269288,0.8489828884942405,-50.55068733428439,False,False,39.44931266571561,False,False
very_high_20_45,0.23899999999999988,0.33499999999999996,0.1,0.37406946813824105,0.8262331633906616,0.6272071190899458,0.9981933544775562,72.05655503834421,0.19257940543860486,0.6847065116782867,0.12271408288310844,0.8153779067911461,-54.2270097942912,False,False,35.7729902057088,False,False
very_high_20_45,0.2469999999999999,0.34299999999999997,0.1,0.865210212492405,0.816075985370127,0.6218209903739476,0.9988004537007759,75.44288508733725,0.19099423177736233,0.6901741296483488,0.1188316385742889,0.7506895881751985,-57.978267027236015,False,False,32.021732972763985,False,False
very_high_20_45,0.2549999999999999,0.351,0.1,0.6209455266120101,0.8382304785315461,0.6530685257199113,0.9916469663413519,79.3311780427709,0.17714000370015107,0.714445093526163,0.10841490277368597,0.6040197861945514,-56.02488880822597,False,False,33.97511119177403,False,False
very_high_20_45,0.2629999999999999,0.359,0.1,1.1651071691391979,0.7929715635288086,0.6026875403297997,0.9664843535188871,85.88463134207454,0.17990929082960824,0.6608796777036411,0.15921103146675075,0.5647340821416369,-69.23457821336255,False,False,20.765421786637447,False,False
very_high_20_45,0.2709999999999999,0.367,0.1,1.1105341654796708,0.8115487776012207,0.6237874767646058,0.9109976348110189,82.21427630613614,0.18087909475953687,0.6188930428163503,0.20022786242411278,0.4917591350589107,-97.64195278081803,False,False,7.6419527808180305,False,False
very_high_20_45,0.2789999999999999,0.375,0.1,1.3002351706690998,0.8237535885137979,0.6386457246135012,0.8864340800618487,77.74782468703692,0.16625959536024615,0.6019321845098538,0.23180822012990016,0.4829203968123796,-113.13936443321435,False,False,23.139364433214354,False,False
very_high_20_45,0.2869999999999999,0.383,0.1,1.2403238763716353,0.8316701783561173,0.6500584941039874,0.8241746994307405,73.07333062117907,0.16890868467584702,0.5444985307697721,0.2865927845543809,0.6209829515531219,-117.19753004039215,False,False,27.197530040392152,False,False
very_high_20_45,0.29499999999999993,0.391,0.1,0.956208673361329,0.8841291987549601,0.7318041352933292,0.8109584355148108,71.48302715410153,0.14252971446347593,0.5469188400269039,0.3105514455096202,0.7853523892569415,-129.10274342780485,False,False,39.10274342780485,False,False
very_high_20_45,0.30299999999999994,0.399,0.1,0.7306828453875446,0.8941609206583724,0.7505065353366214,0.7963778879222679,70.34398765014026,0.13944556191157628,0.5344791975420656,0.3260752405463581,0.8396011705701081,-132.60811369783218,False,False,42.60811369783218,False,False
very_high_20_45,0.31099999999999994,0.40700000000000003,0.1,0.16738360999873386,0.8934200441020116,0.74883416874025,0.7669138891186765,69.71005440747471,0.1392911333677483,0.5062417956107954,0.3544670710214563,0.8543453148117175,-132.82464535371736,False,False,42.82464535371736,False,False
very_high_20_45,0.31899999999999995,0.41500000000000004,0.1,0.6775968210088399,0.898549685844721,0.757739675900043,0.7244933732777888,68.98270269521775,0.14062625920257948,0.4642682919383782,0.39510544885904225,0.8621145322617447,-134.5296416400856,False,False,44.5296416400856,False,False
very_high_20_45,0.32699999999999996,0.42300000000000004,0.1,0.8985657812628852,0.9094925476042183,0.7782918850740121,0.7143733583067552,68.80931621045123,0.1404582816647222,0.4525031379225401,0.4070385804127377,0.8748036711425584,-137.47359603039925,False,False,47.47359603039925,False,False
very_high_20_45,0.33499999999999996,0.43100000000000005,0.1,1.7215695000415432,0.9098258069987307,0.7781355926011532,0.6602591836426855,69.69400569557911,0.12441847938783253,0.40985946753868574,0.46572205307348175,0.8853770904921311,-139.67097774321306,False,False,49.67097774321306,False,False
very_high_20_45,0.34299999999999997,0.43900000000000006,0.1,2.5677842280733882,0.9283480010943534,0.8161665550719435,0.6396974564183039,69.19024421178311,0.12998354984902258,0.38280949731434255,0.4872069528366349,0.9022494130067192,-143.7050980628434,False,False,53.705098062843405,False,False
very_high_20_45,0.351,0.44700000000000006,0.1,2.8501788132977404,0.9140078763068059,0.7844703719618762,0.6424290814460144,68.57085750705535,0.13705756420612727,0.3817592330943633,0.4811832026995094,0.887577395841711,-147.863870714559,False,False,57.863870714559,False,False
very_high_20_45,0.359,0.45500000000000007,0.1,2.6987138067613627,0.9157220299774655,0.7881585966270445,0.6165130597685464,68.2847883344597,0.1386229046091012,0.36011204414727016,0.5012650512436286,0.8980911181087222,-146.86989457495454,False,False,56.86989457495454,False,False
very_high_20_45,0.367,0.4630000000000001,0.1,2.848573318999636,0.9153579750078521,0.787344199039733,0.643982874149446,67.56283178068972,0.1455761194227864,0.3780444642701539,0.4763794163070597,0.9055594431947754,-149.03776142733977,False,False,59.037761427339774,False,False
very_high_20_45,0.375,0.4710000000000001,0.1,2.760034781162049,0.90559008894548,0.7679259561064178,0.6551868780801107,67.53507397652403,0.14302283009152308,0.38957807657127963,0.4673990933371973,0.9069485506754359,-149.6669708086522,False,False,59.666970808652195,False,False
very_high_20_45,0.383,0.4790000000000001,0.1,2.249833140406602,0.9043723387992848,0.7649096611427467,0.6640996228427507,69.76664693671707,0.12617800050746394,0.3991176322989738,0.47470436719356235,0.8620815991057243,-158.6092360407877,False,False,68.60923604078769,False,False
very_high_20_45,0.391,0.4870000000000001,0.1,1.4719655844841961,0.9071034884147805,0.7704356053952464,0.6715604358845166,69.51636297510953,0.12780229421835504,0.40295950273915615,0.46923820304248887,0.8696792957517402,-160.91220602467985,False,False,70.91220602467985,False,False
very_high_20_45,0.399,0.4950000000000001,0.1,1.4985468468220944,0.9026221403365093,0.7614199382982944,0.6827912815571979,68.1732514237992,0.14476588550813282,0.39770657846571383,0.4575275360261533,0.8742909950843523,-171.17442145503415,False,False,81.17442145503415,False,False
very_high_20_45,0.40700000000000003,0.5029999999999992,0.1,1.1847610867179459,0.9011950729348868,0.7584618705859674,0.6832658650822664,68.4835500727225,0.14375294263200103,0.39791700799028096,0.458330049377718,0.8668436060067455,-173.06437041898278,False,False,83.06437041898278,False,False
very_high_20_45,0.41500000000000004,0.5109999999999992,0.1,0.07302144522234995,0.8987405342747188,0.7535390533669633,0.7004942957981797,68.46294405718491,0.14520259639436048,0.4108632582844764,0.44393414532116304,0.8647530548317522,-173.43572537619337,False,False,83.43572537619337,False,False
very_high_20_45,0.42300000000000004,0.5189999999999992,0.1,-0.4565777528629286,0.8942239006396664,0.7451951210926626,0.7031547616651189,67.21650547608094,0.1562949022178701,0.4048942600416034,0.4388108377405264,0.874238865631212,-176.02908460594114,False,False,86.02908460594114,False,False
very_high_20_45,0.43100000000000005,0.5269999999999992,0.1,-0.2950391028353183,0.8878053030555989,0.7352653666853234,0.7311237865684782,66.9648190447642,0.16034744633864395,0.41933026780995186,0.4203222858514041,0.9048603942313368,179.52485271956866,False,False,89.52485271956866,False,False
very_high_20_45,0.43900000000000006,0.5349999999999993,0.1,-0.17420983104487062,0.870709158591239,0.7029405837842695,0.7818903416428123,64.56244368168971,0.18639250341279773,0.44277109938116466,0.37083639720603767,0.8819627451567431,-177.0393848307564,False,False,87.0393848307564,False,False
very_high_20_45,0.44700000000000006,0.5429999999999993,0.1,0.465820963982267,0.8384857912074221,0.6517604234879041,0.7890859589765453,63.29828555482099,0.19726233396991166,0.42661697569571644,0.37612069033437195,0.8729446047798569,-177.45244855822634,False,False,87.45244855822634,False,False
very_high_20_45,0.45500000000000007,0.5509999999999993,0.1,0.2394043887824198,0.8480202399237534,0.6641474129183969,0.7957686682496383,63.127263078299606,0.20343098276131874,0.43564412934335545,0.36092488789532584,0.8621460222253639,-174.8992884348255,False,False,84.89928843482551,False,False
very_high_20_45,0.4630000000000001,0.5589999999999993,0.1,0.18886552707806797,0.810899152204569,0.6097184573116461,0.8669381821186262,62.48561003920114,0.20716812304084137,0.46778848873285267,0.325043388226306,0.8379588444085947,-177.1237460966731,False,False,87.1237460966731,False,False
very_high_20_45,0.4710000000000001,0.5669999999999993,0.1,-0.6483476957746648,0.7513852064103662,0.5412556692592385,0.8399461464024995,59.96530476592482,0.22506720582629403,0.40369679114023116,0.3712360030334748,0.8275197111659693,179.06016268946723,False,False,89.06016268946723,False,False
very_high_20_45,0.4790000000000001,0.5749999999999993,0.1,-0.3765418793422751,0.7874641373041352,0.5789534680220247,0.8419136081822279,57.972060537117876,0.2553438250485752,0.4071729756133671,0.33748319933805765,0.8462010601839465,-172.8788722211138,False,False,82.8788722211138,False,False
very_high_20_45,0.4870000000000001,0.5829999999999993,0.1,-0.7025552792321937,0.8135651484374391,0.6175118024249115,0.9249510174734837,51.95621326219439,0.302790888473625,0.425851489117166,0.2713576224092089,0.8994066421067666,-170.84385625716897,False,False,80.84385625716897,False,False
very_high_20_45,0.4950000000000001,0.5909999999999993,0.1,-0.8891456805041112,0.7646888502946843,0.5616358442160404,0.9521889560907677,49.058923218964544,0.3103905173067047,0.38819569457212,0.3014137881211753,0.9267711155027841,-158.87416760537133,False,False,68.87416760537133,False,False
very_high_20_45,0.5029999999999992,0.5989999999999993,0.1,-0.9484506982888616,0.7481984845038095,0.5322952647338776,0.9631752047158105,52.9496289010497,0.28169551959672445,0.4519560347910921,0.26634844561218346,0.8044761809520903,-157.9788380380699,False,False,67.97883803806991,False,False
very_high_20_45,0.5109999999999992,0.6069999999999993,0.1,-0.6705919617282672,0.7487565931369116,0.5183309685907042,0.9934346166190898,56.99064797653651,0.279331822609464,0.5152578375611322,0.2054103398294038,0.678191897953339,-156.40651554801676,False,False,66.40651554801676,False,False
very_high_20_45,0.5189999999999992,0.6149999999999993,0.1,-0.19533685768278336,0.7296791251682515,0.4961482575607469,0.9946601477693708,55.317181581548446,0.31180625393812944,0.501086270671242,0.18710747539062847,0.6080498490767479,-156.3574923748597,False,False,66.3574923748597,False,False
very_high_20_45,0.5269999999999992,0.6229999999999993,0.1,0.3102584825209009,0.5827703340759243,0.36541964083479916,0.9904966662859902,61.422635237258966,0.3435079552076281,0.4906288078204969,0.16586323697187488,0.24407543703952467,-167.8647902409275,False,False,77.8647902409275,False,False
very_high_20_45,0.5349999999999993,0.6309999999999993,0.1,1.0878189628847743,0.6534945814848749,0.4234324252081078,0.9697010669188024,75.80050042504011,0.30503211638077454,0.5592475027685345,0.13572038085069094,0.30082706092283096,115.37301042683185,False,False,25.373010426831854,False,False
very_high_20_45,0.5429999999999993,0.6389999999999993,0.1,1.4142760107197112,0.6661285074152705,0.43359766128284644,0.9544176679811855,79.45281295153062,0.2832505739570461,0.559786584255313,0.15696284178764083,0.31030452778869444,105.3401267105324,False,False,15.340126710532402,False,False
very_high_20_45,0.5509999999999993,0.6469999999999994,0.1,1.495756541015188,0.6417814592733615,0.42817717026692187,0.9218026332278767,86.01223400938083,0.3248554197968409,0.5066857752886406,0.16845880491451848,0.5222195140223317,81.88227401737996,False,False,8.117725982620044,False,False
very_high_20_45,0.5589999999999993,0.6549999999999994,0.1,1.6518113514230532,0.7410909861486812,0.5125986745038976,0.902598333235752,80.77591399257844,0.2713710911777663,0.5400779269050299,0.1885509819172038,0.6371580576493613,74.50268388178888,False,False,15.497316118211117,False,False
very_high_20_45,0.5669999999999993,0.6629999999999994,0.1,1.475323734305258,0.7525029399826372,0.5250695243746294,0.9063587490640574,82.20007580301191,0.2598509804156686,0.5549861481816422,0.18516287140268928,0.6212576255050899,75.58389437015954,False,False,14.416105629840459,False,False
very_high_20_45,0.5749999999999993,0.6709999999999994,0.1,0.8994115253729507,0.7439041697163478,0.5044765496011682,0.9038492472487852,79.86154313079335,0.24519880565918506,0.552445738382382,0.20235545595843293,0.7287382066679944,76.01935696520933,False,False,13.980643034790674,False,False
very_high_20_45,0.5829999999999993,0.6789999999999994,0.1,-0.4079932061879925,0.7691019725032099,0.5325651938486802,0.9027611234377596,76.27564167607554,0.23092278958537754,0.5576203651768553,0.2114568452377672,0.840682117773177,70.4651440384228,False,False,19.534855961577193,False,False
very_high_20_45,0.5909999999999993,0.6869999999999994,0.1,0.34769625344772326,0.7841480666897132,0.5503451873770272,0.9413569488752451,74.48645747959183,0.21808994047213878,0.5943684370205443,0.18754162250731682,0.7507307460143787,60.92646462017366,False,False,29.07353537982634,False,False
very_high_20_45,0.5989999999999993,0.6949999999999994,0.1,0.6531288130073412,0.7951666608290913,0.5667181486654638,0.9409720045644233,74.88170014026046,0.21114842654880076,0.6058859339787737,0.18296563947242556,0.8020593362264449,61.74915076580516,False,False,28.25084923419484,False,False
very_high_20_45,0.6069999999999993,0.7029999999999994,0.1,0.8397565926377493,0.7788350835911594,0.5454943244640357,0.9342267179562439,73.18877297893192,0.2308145957750268,0.5821408604450032,0.18704454377996993,0.8376762002640129,62.58932562927514,False,False,27.410674370724863,False,False
very_high_20_45,0.6149999999999993,0.7109999999999994,0.1,1.019051039505247,0.8163284987771906,0.600311926648448,0.9523869288276358,69.87728811477515,0.22757634074858668,0.6081488556156961,0.16427480363571717,0.8493274685538482,54.817076853540186,False,False,35.182923146459814,False,False
very_high_20_45,0.6229999999999993,0.7189999999999994,0.1,1.2690065169200193,0.8472123587641278,0.64996190608252,0.94494744301317,75.10131137428573,0.18016063294959664,0.6545547188680684,0.16528464818233493,0.8555108524971652,58.99692185027277,False,False,31.00307814972723,False,False
very_high_20_45,0.6309999999999993,0.7269999999999994,0.1,1.2663292237875492,0.8134233638458274,0.5951117346578699,0.9452529811342102,76.54226386833204,0.19768156581360802,0.6359226414556479,0.166395792730744,0.8164832187490861,64.56615939780944,False,False,25.433840602190557,False,False
very_high_20_45,0.6389999999999993,0.7349999999999994,0.1,1.3561816911352271,0.8280235664405898,0.619323642786648,0.9577553784688797,77.74822603617564,0.1905828960052687,0.6665454499921271,0.1428716540026043,0.8227576867843325,66.63149254917002,False,False,23.36850745082998,False,False
very_high_20_45,0.6469999999999994,0.7429999999999994,0.1,2.1003137055598198,0.8557228770345726,0.6664981249316885,0.9627952286425706,84.47318027739983,0.15089291023548962,0.719489981331348,0.1296171084331624,0.745312378864936,76.42087081822382,False,False,13.579129181776182,False,False
very_high_20_45,0.6549999999999994,0.7509999999999994,0.1,2.0230931284133495,0.8579602674098012,0.6715578098613301,0.977809101042004,88.51460311158436,0.14400050295612615,0.7488249355918454,0.10717456145202853,0.5786740679170709,83.83834053912095,False,False,6.161659460879051,False,False
very_high_20_45,0.6629999999999994,0.7589999999999995,0.1,2.5139974642364535,0.8689384759812062,0.6924685915913507,0.9762811763836028,87.320875049345,0.14228799635625014,0.7567677453482733,0.1009442582954765,0.5133744441363565,98.10632206964519,False,False,8.106322069645188,False,False
very_high_20_45,0.6709999999999994,0.7669999999999995,0.1,2.8072541916000144,0.8986301583227008,0.7507940375669063,0.9797540365609757,86.12408652239706,0.12388747801854365,0.796690110758839,0.07942241122261744,0.4384609827579244,108.12319124179214,False,False,18.123191241792142,False,False
very_high_20_45,0.6789999999999994,0.7749999999999995,0.1,2.895977182665403,0.8970843414274556,0.7502161428821293,0.9811593636175618,85.76060683634867,0.13495217700423537,0.7968195476929055,0.06822827530285908,0.2788082092935865,118.97577777396228,False,False,28.975777773962278,False,False
very_high_20_45,0.6869999999999994,0.7829999999999995,0.1,3.2299662518336585,0.9191607511174118,0.7952777517411352,0.9796425654417947,84.4314119659833,0.11849162580738898,0.8205230138134101,0.0609853603792009,0.23582651442520802,155.72679175019877,False,False,65.72679175019877,False,False
very_high_20_45,0.6949999999999994,0.7909999999999995,0.1,3.1089151390588268,0.9196150633185605,0.7962409883600416,0.9777601664178812,85.86130330822317,0.1170374189893841,0.8209348564962615,0.06202772451435433,0.17295095063287985,158.88695849825234,False,False,68.88695849825234,False,False
very_high_20_45,0.7029999999999994,0.7989999999999995,0.1,3.0863119177795646,0.9174398599657191,0.790949946032165,0.9796067591076314,86.18883124697534,0.11545501207956366,0.8215301764894071,0.06301481143102931,0.1567515146663768,-162.1833322704563,False,False,72.1833322704563,False,False
very_high_20_45,0.7109999999999994,0.8069999999999995,0.1,2.7715399094149578,0.9219344158224778,0.8004977251484184,0.9767894596967547,87.89116765802007,0.10871260014901399,0.8257761637568037,0.06551123609418236,0.10495172372561361,-146.35586143308464,False,False,56.35586143308464,False,False
very_high_20_45,0.7189999999999994,0.8149999999999995,0.1,2.3816425052327945,0.9135197120155838,0.7807074190078125,0.9692853048054249,86.91926835820543,0.10676165690936776,0.80085628961462,0.0923820534760122,0.13756553287383502,-159.98520583986925,False,False,69.98520583986925,False,False
very_high_20_45,0.7269999999999994,0.8229999999999995,0.1,2.5373418930887195,0.9025754526990957,0.7578991834073405,0.9687403891581051,87.8115259259597,0.11681235432230483,0.7863349348051167,0.09685271087257846,0.08348288380160923,-161.1331007537732,False,False,71.13310075377319,False,False
very_high_20_45,0.7349999999999994,0.8309999999999995,0.1,2.357060459270362,0.8893338973654086,0.7286297657984571,0.9533649022238532,87.98083286712723,0.10613313042029524,0.7501780575159016,0.14368881206380324,0.0843783308376637,-162.78677619718056,False,False,72.78677619718056,False,False
very_high_20_45,0.7429999999999994,0.8389999999999995,0.1,2.585794931054869,0.8771714760804844,0.7046883339471852,0.9395791308122231,88.3502022899129,0.10880203254076666,0.7175919499033753,0.1736060175558581,0.06783153947965705,-140.74438020701453,False,False,50.74438020701453,False,False
very_high_20_45,0.7509999999999994,0.8469999999999995,0.1,2.718325583968331,0.858150729789116,0.6686642251074949,0.9289251368781343,89.99268458473637,0.1187293434424617,0.6870015692263417,0.19426908733119658,0.044726146084761845,88.60652029915748,False,False,1.3934797008425193,False,False
very_high_20_45,0.7589999999999995,0.8549999999999995,0.1,2.7587232855179353,0.8417499955066764,0.639667808415801,0.9047758431348608,88.51104452093693,0.11105327066006397,0.6446758656610645,0.2442708636788715,0.11770885713270772,64.40956462259324,False,False,25.590435377406763,False,False
very_high_20_45,0.7669999999999995,0.8629999999999995,0.1,1.958669195701709,0.8343873882963024,0.6275071454119822,0.8695541673193945,85.55770934025011,0.11767286509403302,0.594845329789191,0.28748180511677596,0.2136922273575596,30.090053351808333,False,False,59.909946648191664,False,False
very_high_20_45,0.7749999999999995,0.8709999999999996,0.1,1.8746968437307003,0.8136441442741399,0.5935033765254226,0.8344488522981593,84.80053978043533,0.12284301810071548,0.5521620745089911,0.32499490739029335,0.29855465402500514,53.17041777421578,False,False,36.82958222578422,False,False
very_high_20_45,0.7829999999999995,0.8789999999999996,0.1,1.3874437055176103,0.8043454008538596,0.5826795046192149,0.7769282049017138,82.4355218869059,0.11083547953472728,0.4969426596089265,0.3922218608563463,0.5198905213067717,56.019837357705086,False,False,33.980162642294914,False,False
very_high_20_45,0.7909999999999995,0.8869999999999996,0.1,1.5524815805366774,0.8296747156323592,0.6198521729289259,0.6792643559204343,81.71149608503957,0.12767697227943017,0.4099952589371832,0.46232776878338666,0.631090027925075,60.49846020654144,False,False,29.501539793458562,False,False
very_high_20_45,0.7989999999999995,0.8949999999999996,0.1,1.5991754857743408,0.797242003692271,0.5693846559960553,0.6695122163851523,82.71695199862513,0.12557791366699542,0.4108337082571864,0.4635883780758182,0.7975673565767458,75.24147987695449,False,False,14.758520123045514,False,False
very_high_20_45,0.8069999999999995,0.9029999999999996,0.1,1.8491436484925337,0.7987006948477772,0.5736037625858742,0.5859629016788551,79.57459566577771,0.16530844305564246,0.33742468022301114,0.49726687672134634,0.9151480910117924,82.88818858237211,False,False,7.111811417627891,False,False
very_high_20_45,0.8149999999999995,0.9109999999999996,0.1,2.5018817502425303,0.8064809951131673,0.5917168739527849,0.556218865189735,82.05183021581072,0.16393252065610742,0.3146382078989947,0.5214292714448978,0.9305008069837412,92.16057941841247,False,False,2.1605794184124676,False,False
very_high_20_45,0.8229999999999995,0.9189999999999996,0.1,3.3261238558016153,0.7325561013470507,0.5172488580597964,0.5815757022954985,82.17836215024467,0.19490340726494038,0.33961741758639025,0.4654791751486695,0.9303838335117148,103.46896523280245,False,False,13.468965232802447,False,False
very_high_20_45,0.8309999999999995,0.9269999999999996,0.1,3.2353786169636005,0.7240401570250385,0.5190463303387706,0.5188444629969003,80.41613160249766,0.19490727767512492,0.3162359417003844,0.4888567806244906,0.9051139583730718,108.5518327694768,False,False,18.551832769476803,False,False
very_high_20_45,0.8389999999999995,0.9349999999999996,0.1,3.8488568934380396,0.6807991964991251,0.489176729729963,0.5860430195643082,85.1297019024843,0.20408925177243464,0.34431681010535525,0.45159393812221016,0.8746586084865612,115.51875022122579,False,False,25.518750221225787,False,False
very_high_20_45,0.8469999999999995,0.9429999999999996,0.1,3.98573770830319,0.6356664335820772,0.46675534587826895,0.6794779901837028,89.93446649443594,0.19242331403437676,0.3913371337071113,0.4162395522585119,0.8350297836486923,121.80988541749231,False,False,31.80988541749231,False,False
very_high_20_45,0.8549999999999995,0.9509999999999996,0.1,4.12764363448439,0.6271924797974486,0.46047513146727925,0.6609212290085222,88.43824581211577,0.18397891478553016,0.3843018240681028,0.43171926114636705,0.8163708417882395,126.57976535605864,True,False,36.579765356058644,False,False
very_high_20_45,0.8629999999999995,0.9589999999999996,0.1,4.230566373931944,0.6677893875223004,0.48345082795955646,0.7378077657098792,84.9842987732008,0.17211103343119893,0.4169114756843781,0.410977490884423,0.8005793765902132,127.40512604287387,True,False,37.405126042873874,False,False
very_high_20_45,0.8709999999999996,0.9669999999999996,0.1,3.992735108876888,0.6323423853726979,0.4534337743118566,0.7908645968117926,83.40279116884354,0.15603820788496647,0.443949436048384,0.4000123560666496,0.7638976467108562,128.61766050188461,False,False,38.617660501884615,False,False
very_high_20_45,0.8789999999999996,0.9749999999999996,0.1,3.8689875361942394,0.637201493527804,0.45398245488867534,0.7821538996213092,83.60194165374897,0.15224019821776774,0.4426577943289308,0.40510200745330144,0.750810416059262,129.22678049819916,False,False,39.22678049819916,False,False
very_high_20_45,0.8869999999999996,0.9829999999999997,0.1,2.667961680781854,0.6524927444253554,0.46181230754218555,0.852249776272194,79.77247725881494,0.15084708114743825,0.4720831535457315,0.3770697653068303,0.7444074749689743,132.65340613660064,False,False,42.65340613660064,False,False
very_high_20_45,0.8949999999999996,0.9909999999999997,0.1,1.7040291993132688,0.6530192666515192,0.4704886978323946,0.8601438162755644,78.07686085177654,0.15141204135740338,0.4689282889544918,0.3796596696881048,0.7891390823595831,134.76248194264815,False,False,44.76248194264815,False,False
very_high_20_45,0.9029999999999996,0.9989999999999997,0.1,0.3494218926714453,0.6924006879563374,0.49507609224492544,0.850632830717028,78.67215952256515,0.13370034478025086,0.48695547529498123,0.3793441799247678,0.7693359360328316,137.50634823173283,False,False,47.50634823173283,False,False
very_high_20_45,0.9109999999999996,1.0069999999999997,0.1,-0.5651045512405458,0.7193639736451874,0.5232305331306177,0.8804440382624847,74.4127532676898,0.12208959614300066,0.5036428562012577,0.3742675476557416,0.8268585433729898,148.66076042736105,False,False,58.660760427361055,False,False
very_high_20_45,0.9189999999999996,1.0149999999999997,0.1,-0.010930191046118596,0.6627613072975397,0.4604888241307815,0.8590833161844192,73.86659128458014,0.15296082854936807,0.4621827366726411,0.3848564347779908,0.6916029320590306,150.6437916857271,False,False,60.64379168572711,False,False
very_high_20_45,0.9269999999999996,1.0229999999999997,0.1,0.28709714316837126,0.7065146114772874,0.48488997582636323,0.819995213614874,75.99651400656721,0.13174043619644096,0.4778868025058158,0.3903727612977433,0.6814898466997651,145.10449427979873,False,False,55.10449427979873,False,False
very_high_20_45,0.9349999999999996,1.0309999999999997,0.1,1.1144031097735545,0.639352739126635,0.3889995267500371,0.878938082405172,71.68169828022309,0.19449331451152493,0.46571989757520615,0.3397867879132689,0.43166341685179865,169.77061431487658,False,False,79.77061431487658,False,False
very_high_20_45,0.9429999999999996,1.0389999999999997,0.1,1.9023545445092567,0.4417720104051789,0.21279504485745682,0.6702712668120198,65.47820565303589,0.28061284903208766,0.35278808137584944,0.3665990695920629,0.22005435162381826,147.90467536787915,False,False,57.90467536787915,False,False
very_high_20_45,0.9509999999999996,1.0469999999999997,0.1,1.6675592130779788,0.5082717339840535,0.25919868432215404,0.6164599055258773,64.7827792858851,0.2968148679200319,0.3455071068060269,0.3576780252739411,0.2280888064952,123.8783059524198,False,False,33.878305952419794,False,False
very_high_20_45,0.9589999999999996,1.0549999999999997,0.1,1.0432298552362687,0.40737234448691806,0.21036681174952104,0.538350292008482,38.542284059226354,0.36781448082957363,0.3447464395617103,0.28743907960871606,0.13702884949877264,132.22778485684793,False,False,42.22778485684793,False,False
very_high_20_45,0.9669999999999996,1.0629999999999997,0.1,-0.21721886619686115,0.5711545164134959,0.31384189315489824,0.2537315399226355,34.43033125683819,0.4411585696088508,0.2371958393469382,0.321645591044211,0.11205524876896444,62.23697770212714,False,False,27.76302229787286,False,False
very_high_20_45,0.9749999999999996,1.0709999999999997,0.1,0.4740778748469639,0.6845891182910713,0.4318787693094806,0.2451084073646464,22.823070580222293,0.5255977136448605,0.24573379330902217,0.2286684930461173,0.2564828997231166,50.679762144096976,False,False,39.320237855903024,False,False
very_high_20_45,0.9829999999999997,1.0789999999999997,0.1,0.41915270616030004,0.7406740427736569,0.49026096416871984,0.3933210867056028,20.302089855498924,0.587453586363915,0.2193928755672289,0.19315353806885618,0.23153272520750676,38.022732674253696,False,False,51.977267325746304,False,False
very_high_20_45,0.9909999999999997,1.0869999999999997,0.1,0.48309293557764155,0.7542599339384481,0.5067420983075299,0.5657379988554101,22.952203051497797,0.5931245173544372,0.2071329760989992,0.19974250654656364,0.2820297607683456,-7.863489844870799,False,False,82.1365101551292,False,False
very_high_20_45,0.9989999999999997,1.0949999999999998,0.1,0.5983142470495746,0.7330162792795035,0.481488325446947,0.7153681089948559,22.14663515858546,0.5708373987172616,0.2214935494444027,0.20766905183833578,0.3597717135653146,-13.29253179047124,False,False,76.70746820952876,False,False
very_high_20_45,1.0069999999999997,1.1029999999999998,0.1,1.1176609052506645,0.6761089808618205,0.41159470481467375,0.6918069662225043,18.17503769031273,0.5656317301745354,0.22624165245914157,0.20812661736632299,0.307481934724946,-44.70871643315238,False,False,45.29128356684762,False,False
very_high_20_45,1.0149999999999997,1.1109999999999998,0.1,0.7984270383655132,0.634353184345769,0.3711166759249375,0.8306550754096981,21.79276045425211,0.531581747309316,0.26751362025472586,0.20090463243595807,0.41802675963155433,-54.32466084664835,False,False,35.67533915335165,False,False
very_high_20_45,1.0229999999999997,1.1189999999999998,0.1,0.11645902203314738,0.5857670141382928,0.3232685808721372,0.8838651856037136,31.705041649362364,0.47550809365757396,0.2939194141242683,0.23057249221815782,0.43852815014396185,-45.546514915588396,False,False,44.453485084411604,False,False
very_high_20_45,1.0309999999999997,1.1269999999999998,0.1,-0.19758255399927158,0.5812720791535447,0.32106200946530206,0.8415490337179442,38.17775846083097,0.4457484409043877,0.2977697857399115,0.2564817733557008,0.49721693596769584,-48.18027258143618,False,False,41.81972741856382,False,False
very_high_20_45,1.0389999999999997,1.1349999999999998,0.1,0.4256091640749821,0.43464580922265195,0.23949635968247987,0.8498493204032067,76.86478132326347,0.31553258014836777,0.38048355020092234,0.3039838696507099,0.37605106329380655,-63.30070112759874,False,False,26.699298872401258,False,False
very_high_20_45,1.0469999999999997,1.1429999999999998,0.1,1.5631345428733368,0.369524981841159,0.21589709254634132,0.8351891993218091,88.54811305087773,0.3696918395260482,0.3584488869292272,0.2718592735447246,0.07987863031626773,-39.77502979489143,False,False,50.22497020510857,False,False
very_high_20_45,1.0549999999999997,1.1509999999999998,0.1,2.4146632846292624,0.5513230115081577,0.3175544631376965,0.7733074137116842,80.84318325199813,0.3170169999107947,0.3813059581946645,0.30167704189454086,0.012490604893407064,76.64623116861725,False,False,13.353768831382752,False,False
very_high_20_45,1.0629999999999997,1.1589999999999998,0.1,3.147798770209351,0.6609969917616019,0.41280207913557065,0.799473747939354,63.560642941321056,0.32447251215299144,0.4123252344593504,0.2632022533876581,0.22804424948589308,175.08347746511203,False,False,85.08347746511203,False,False
very_high_20_45,1.0709999999999997,1.1669999999999998,0.1,2.3691659701623595,0.7113949809408123,0.4595110937304674,0.8007638417143391,62.28088652973187,0.3147873162407216,0.41189132784982513,0.2733213559094533,0.37228971194586524,154.89225427198238,False,False,64.89225427198238,False,False
very_high_20_45,1.0789999999999997,1.1749999999999998,0.1,2.227028931730667,0.7940370689634577,0.5696308955527748,0.8333325329922727,63.394173907357775,0.29918753154618494,0.4518538669671621,0.2489586014866529,0.4761134197524923,165.40943112742602,False,False,75.40943112742602,False,False
very_high_20_45,1.0869999999999997,1.1829999999999998,0.1,1.4250809941156517,0.7926434689619204,0.5693955200865392,0.848477979898682,65.41682126864782,0.2889884668665865,0.4777712882992171,0.2332402448341963,0.4274828190525989,171.6215895380555,False,False,81.6215895380555,False,False
very_high_20_45,1.0949999999999998,1.1909999999999998,0.1,2.3024576165925708,0.757073339010639,0.538794223701715,0.8294928352476505,61.02990918236786,0.3636267503358263,0.4140987348928982,0.22227451477127536,0.3670449727567729,-178.08367685638905,False,False,88.08367685638905,False,False
very_high_20_45,1.1029999999999998,1.1989999999999998,0.1,1.9106355579552814,0.7734499670145083,0.5653689765139496,0.8669954282060085,61.4738583693479,0.36457360170852804,0.44414457676004815,0.19128182153142373,0.4115505912165078,-170.02234728970745,False,False,80.02234728970745,False,False
very_high_20_45,1.1109999999999998,1.2069999999999999,0.1,2.66970258391063,0.684236042684002,0.4839549917167459,0.8842778741128271,71.64977110822913,0.3593250203202585,0.4716144672871338,0.1690605123926077,0.21615912913613755,-141.84519959941724,False,False,51.84519959941724,False,False
very_high_20_45,1.1189999999999998,1.2149999999999999,0.1,2.8740302965479985,0.6179350545370998,0.4571238729167882,0.8846810714320953,79.09071416455913,0.39346099776308896,0.4501229513379069,0.15641605089900412,0.2300882684420481,-104.60745915364775,False,False,14.607459153647753,False,False
very_high_20_45,1.1269999999999998,1.2229999999999999,0.1,2.2888938541801087,0.6191302983866334,0.46030068375134103,0.8933615505058147,76.08146417302153,0.3996136046997454,0.4557529119272012,0.14463348337305337,0.2532857424871339,-105.01268158604225,False,False,15.012681586042248,False,False
very_high_20_45,1.1349999999999998,1.2309999999999999,0.1,1.492201267490146,0.5758635397352045,0.45938421231202897,0.9182499890763638,87.41241708561982,0.42043703936815324,0.46168767473033706,0.11787528590150975,0.20038691465666536,-85.34848630188591,False,False,4.651513698114087,False,False
very_high_20_45,1.1429999999999998,1.2389999999999999,0.1,0.9075933839021129,0.6704032228437877,0.49432126731607123,0.929109582814552,74.52216475517827,0.3795449598693901,0.5013604098005849,0.11909463033002493,0.3297636339863875,-62.80649957203868,False,False,27.193500427961318,False,False
very_high_20_45,1.1509999999999998,1.2469999999999999,0.1,1.0407450007358652,0.6963645283388764,0.5218236644241137,0.9382576816484175,81.52077976037374,0.3647842802451934,0.5343238088122121,0.10089191094259459,0.44357649411482625,-73.68840973244968,False,False,16.311590267550315,False,False
very_high_20_45,1.1589999999999998,1.255,0.1,0.37465083574437197,0.7067160608710052,0.5358531797700014,0.9670769207644093,59.90759279604171,0.4156283566692003,0.5265714620618545,0.05780018126894538,0.4811898494922301,-57.603942579657215,False,False,32.396057420342785,False,False
very_high_20_45,1.1669999999999998,1.263,0.1,0.7224169835652241,0.7940012550144395,0.6076909738997784,0.9648488792648723,53.42326663740661,0.4268752580763226,0.5177443622103205,0.055380379713356846,0.586815802993938,-45.50421282724122,False,False,44.49578717275878,False,False
very_high_20_45,1.1749999999999998,1.271,0.1,1.3802720138370126,0.7944758034066401,0.6078196663613299,0.9705734756836136,54.75485617361377,0.42124982870965255,0.5353930725715472,0.043357098718800204,0.4638005659141792,-27.76658027524811,False,False,62.23341972475189,False,False
very_high_20_45,1.1829999999999998,1.279,0.1,2.0400735859771015,0.8348563842574063,0.6577254281586816,0.9656608306619725,44.105737829722216,0.49991140284134233,0.4656876689357059,0.03440092822295172,0.4964586278571019,-1.3716740316950615,False,False,88.62832596830494,False,False
very_high_20_45,1.1909999999999998,1.287,0.1,1.439453941571509,0.8164765819889395,0.6344374714456927,0.9634871064498377,45.11975744578319,0.4875099563874426,0.4759488109258594,0.03654123268669804,0.459281769219065,3.6321187031199424,False,False,86.36788129688006,False,False
very_high_20_45,1.1989999999999998,1.295,0.1,0.7951551956312742,0.8318964852689228,0.6545446980923991,0.9622314885772187,49.780555991922085,0.4466269276369185,0.5113455761091035,0.042027496253977926,0.576448917092074,30.974095455408776,False,False,59.02590454459123,False,False
very_high_20_45,1.2069999999999999,1.303,0.1,0.24785524900063755,0.8391252366567971,0.6560032819141185,0.9406675016778882,47.119671489167146,0.4648624567980805,0.4634032266461716,0.07173431655574793,0.6629779106365413,36.75423142038503,False,False,53.24576857961497,False,False
very_high_20_45,1.2149999999999999,1.311,0.1,0.32162310731880955,0.753435806604857,0.5574293341051693,0.9273112444378744,51.84828215585944,0.43293944379648913,0.48264498120283866,0.08441557500067215,0.6973368718677799,61.0602846199234,False,False,28.9397153800766,False,False
very_high_20_45,1.2229999999999999,1.319,0.1,0.3247856522460821,0.7256163533085883,0.5161940750776962,0.9322720794813557,57.56434050732756,0.39719673960013224,0.49517885251209476,0.10762440788777297,0.8128785943335755,67.94237020772329,False,False,22.057629792276714,False,False
very_high_20_45,1.2309999999999999,1.327,0.1,1.5018572290498913,0.6629997576172013,0.4722500221977141,0.9286864665711929,78.9499617273812,0.3499759263443389,0.5199978977213827,0.13002617593427845,0.5108445415646398,82.1357490461723,False,False,7.864250953827707,False,False
very_high_20_45,1.2389999999999999,1.335,0.1,2.294476302582181,0.6700730277867917,0.4612897365633491,0.9622111027230884,79.24917815948646,0.32414495434061413,0.5434542428846947,0.1324008027746913,0.5573964702175617,109.16732096171485,False,False,19.16732096171485,False,False
very_high_20_45,1.2469999999999999,1.343,0.1,2.8012472127141175,0.6456985754610689,0.4072460446407236,0.9510672036891972,69.38180213859373,0.3301588074893056,0.4946643646123849,0.1751768278983095,0.5627948739729107,117.59633005111172,False,False,27.59633005111172,False,False
very_high_20_45,1.255,1.351,0.1,3.2250234895757477,0.7304893028363673,0.490386689018491,0.9562795476422868,65.83639598862253,0.3039488782044355,0.5347406590623354,0.16131046273322916,0.41742771988250676,154.256916401204,False,False,64.256916401204,False,False
very_high_20_45,1.263,1.359,0.1,2.8392092442666894,0.7647460484971076,0.5233138782459971,0.9681345080511944,68.51120666518226,0.2517021432235651,0.5873331848481907,0.16096467192824432,0.4510229435545619,163.3921560226218,False,False,73.3921560226218,False,False
very_high_20_45,1.271,1.367,0.1,2.339755839871194,0.7872525684106192,0.5538957615980848,0.9618838358148805,65.55514330596343,0.2538632015407326,0.5632192311693021,0.1829175672899654,0.551774847278071,173.19150546011443,False,False,83.19150546011443,False,False
very_high_20_45,1.279,1.375,0.1,1.0667304650844431,0.765714811473046,0.5255074096540128,0.9427565790947754,70.49661713968668,0.22868632745105774,0.5587518679876193,0.21256180456132293,0.45818481932023847,-179.80954849289475,False,False,89.80954849289475,False,False
very_high_20_45,1.287,1.383,0.1,0.38050041330877754,0.7897446528472292,0.5622877277474527,0.9379734161218746,69.58993074227985,0.1981687067082842,0.5657886552188534,0.2360426380728625,0.5745353170485479,-172.47778650531785,False,False,82.47778650531785,False,False
very_high_20_45,1.295,1.391,0.1,1.5335194431272647,0.7180042429648501,0.48170833518286754,0.9607343762601186,64.68703043220707,0.25436257713538896,0.506357643351997,0.23927977951261423,0.5478835557728001,-174.5895389783291,False,False,84.5895389783291,False,False
very_high_20_45,1.303,1.399,0.1,2.448319205262503,0.6767279408567934,0.4536925573156276,0.9970291353155596,57.56383419006695,0.28264915966991283,0.46381285410054185,0.2535379862295453,0.5945045669367324,-174.77253320900775,False,False,84.77253320900775,False,False
very_high_20_45,1.311,1.407,0.1,2.5255389252961837,0.659345705371202,0.4324566033760933,0.9989748122601385,54.41480655032375,0.2924531759817509,0.45228145239231116,0.25526537162593793,0.6225571046230379,-161.56919243396027,False,False,71.56919243396027,False,False
very_high_20_45,1.319,1.415,0.1,1.8633504841675252,0.6421197117899471,0.42209704219395433,0.9882358067106938,51.907900209535335,0.29707431258160355,0.4343783619177613,0.2685473255006351,0.6198007279871318,-160.46017955239859,False,False,70.46017955239859,False,False
very_high_20_45,1.327,1.423,0.1,1.8044740529731984,0.7187974136077124,0.48127284171196455,0.954414779899315,56.26965919208012,0.28055536460696573,0.47614454294829417,0.24330009244474007,0.629654988185945,-159.22644248260943,False,False,69.22644248260943,False,False
very_high_20_45,1.335,1.431,0.1,3.2533736675193,0.7474141521525972,0.5114896600653615,0.9102405750850369,56.331095678965895,0.28647844920115023,0.4780906932537128,0.23543085754513693,0.5998587043044324,-169.68870530653962,False,False,79.68870530653962,False,False
very_high_20_45,1.343,1.439,0.1,3.1510430554630378,0.7297998441230376,0.49116047381658834,0.9241661357081383,55.157649249280766,0.30427540268049313,0.47685735817560637,0.2188672391439005,0.5705199050155914,-172.8748504659778,False,False,82.8748504659778,False,False
very_high_20_45,1.351,1.447,0.1,3.3387189164164925,0.8249216147832412,0.6264121898882713,0.9091940930220258,57.51516339783357,0.2932978088880793,0.5179458796779196,0.18875631143400104,0.6030870964360341,170.13833567608378,False,False,80.13833567608378,False,False
very_high_20_45,1.359,1.455,0.1,3.5140832858805684,0.8652660831613848,0.6886450411841426,0.8705185123959663,52.25350561421387,0.35177513172823976,0.4642816803176873,0.183943187954073,0.6901380906468463,166.1081894871832,False,False,76.10818948718321,False,False
very_high_20_45,1.367,1.463,0.1,3.4509774493135885,0.8670975359273827,0.6927952728125053,0.8745510929597211,51.3398948982229,0.3619322799532298,0.46230131118119966,0.17576640886557046,0.697767280006714,166.56162141607388,False,False,76.56162141607388,False,False
very_high_20_45,1.375,1.471,0.1,3.8400848700039054,0.9014852197302268,0.7565522103116082,0.9255099024207905,54.08519170312312,0.3379855799215245,0.519321127664888,0.14269329241358755,0.8027228425163271,163.11025350840603,False,False,73.11025350840603,False,False
very_high_20_45,1.383,1.479,0.1,3.2132243679507333,0.9337332981237279,0.8251998757679794,0.9383843870035626,55.51141261925791,0.32286561521121043,0.5598370510094045,0.11729733377938507,0.8311088259425502,172.0535846093063,False,False,82.05358460930631,False,False
very_high_20_45,1.391,1.487,0.1,3.3270698984331055,0.9361439891281228,0.8308715682295909,0.9420633874989762,56.419860629012504,0.3107386213548644,0.5751142861915927,0.11414709245354286,0.8426058014909592,169.91806849175612,False,False,79.91806849175612,False,False
very_high_20_45,1.399,1.495,0.1,3.347886140743417,0.9414785102827171,0.8434262430324032,0.9644264831532826,63.16489360210741,0.2368287739799332,0.6802651045398591,0.08290612148020764,0.8122746292884815,168.1018240143478,False,False,78.10182401434781,False,False
very_high_20_45,1.407,1.5029999999999992,0.1,3.565046578541451,0.9382603619954003,0.8371788769161758,0.9758579476474409,66.90770002565547,0.21395196901871746,0.72953148341929,0.05651654756199256,0.707513267635759,175.68916324008197,False,False,85.68916324008197,False,False
very_high_20_45,1.415,1.5109999999999992,0.1,3.459422448511479,0.939549781601897,0.8403607316270935,0.9755141272625699,67.46967726583384,0.207885113690881,0.736057315174891,0.056057571134227976,0.7173364454795585,170.1230300133442,False,False,80.12303001334419,False,False
very_high_20_45,1.423,1.5189999999999992,0.1,3.1670362968264096,0.9304883881208866,0.8212914944552471,0.9755997336647881,70.93631997234323,0.19095473855848646,0.7565842711610418,0.05246099028047174,0.6456896123387039,161.7694181093612,False,False,71.7694181093612,False,False
very_high_20_45,1.431,1.5269999999999992,0.1,2.7996526101548116,0.9247746209085637,0.8089061280096466,0.9772928386370698,72.06631745733112,0.18797677745390445,0.7610392118598733,0.05098401068622221,0.6042808002245939,162.14674399703054,False,False,72.14674399703054,False,False
very_high_20_45,1.439,1.5349999999999993,0.1,2.977319686645022,0.9147105294788751,0.7855546354504532,0.9752567829842905,73.99893785597921,0.17180782010003076,0.7571307960261243,0.0710613838738449,0.5696451670506242,162.4325348908791,False,False,72.43253489087911,False,False
very_high_20_45,1.447,1.5429999999999993,0.1,1.6219307792134052,0.9082702141559804,0.7711496301668815,0.9717116525080919,74.1802200312037,0.16960325456286418,0.7437833781647262,0.08661336727240962,0.5585065196180207,164.70243117394494,False,False,74.70243117394494,False,False
very_high_20_45,1.455,1.5509999999999993,0.1,0.3888962545992157,0.9085282859988395,0.7710997128219742,0.9707314202431988,78.41417352775036,0.13696071885488717,0.7684916001427187,0.09454768100239426,0.466743287811646,166.10484713858526,False,False,76.10484713858526,False,False
very_high_20_45,1.463,1.5589999999999993,0.1,-0.31966625572722374,0.9215549789176113,0.7985874697281604,0.970767409200553,81.46795858927383,0.10025463121728896,0.7975098259687685,0.10223554281394258,0.4357885183332567,170.6866973504397,False,False,80.68669735043969,False,False
very_high_20_45,1.471,1.5669999999999993,0.1,-1.1258346769972372,0.9106640915416266,0.7740782438789653,0.9671064990766141,82.58905886984293,0.09440567958841342,0.7818233779297199,0.12377094248186675,0.37707936223918126,-179.16869546797474,False,False,89.16869546797474,False,False
very_high_20_45,1.479,1.5749999999999993,0.1,-1.3593950419887075,0.9101490906197278,0.772472570065604,0.9519757713776463,88.93901882616143,0.06347971741108377,0.7770748197479054,0.1594454628410108,0.09178032367903788,170.8575691190523,False,False,80.8575691190523,False,False
very_high_20_45,1.487,1.5829999999999993,0.1,-1.2598685870304462,0.9035920147878624,0.758447003762094,0.9522441287505234,89.73505721658736,0.06356900657867855,0.7719506293950411,0.16448036402628033,0.04359986760974912,-162.92640627150212,False,False,72.92640627150212,False,False
very_high_20_45,1.495,1.5909999999999993,0.1,-0.9863883601702602,0.8869676713751277,0.7260978030831496,0.9399770494482159,87.32961049083278,0.06024109028918183,0.7348970010688123,0.20486190864200596,0.2684502497729974,59.48834327825252,False,False,30.511656721747478,False,False
very_high_20_45,1.5029999999999992,1.5989999999999993,0.1,-0.5163928974700708,0.8318262232744975,0.6252668695957925,0.8786422245801957,85.48196314000678,0.10959940233949987,0.6118338567085131,0.278566740951987,0.35455403018855397,71.2851425270029,False,False,18.714857472997096,False,False
very_high_20_45,1.5109999999999992,1.6069999999999993,0.1,-0.2959812231123602,0.8291541473441765,0.622136340373803,0.8363024834884252,85.85507844264723,0.11915166456776786,0.5760571679228729,0.30479116750935925,0.3193579257999924,80.80009970544596,False,False,9.199900294554041,False,False
very_high_20_45,1.5189999999999992,1.6149999999999993,0.1,0.13397681879334175,0.7153914571065045,0.4763055785677068,0.808226500736891,84.97707160385326,0.21240359150302396,0.47685142336873987,0.3107449851282362,0.41060246515005017,95.12826106759913,False,False,5.1282610675991265,False,False
very_high_20_45,1.5269999999999992,1.6229999999999993,0.1,-0.24711607708085573,0.58651479295488,0.37424192099318,0.4577367985577067,64.95656487589947,0.33596909782879875,0.26351908803811125,0.40051181413308995,0.10457566941935921,154.26028453212288,False,False,64.26028453212288,False,False
very_high_20_45,1.5349999999999993,1.6309999999999993,0.1,0.7642432479814861,0.5058624027293509,0.3943057773054999,0.19619369255779842,37.690495030256564,0.4397098561097132,0.21265150202467697,0.3476386418656098,0.2600986727135566,154.25542267645503,False,False,64.25542267645503,False,False
very_high_20_45,1.5429999999999993,1.6389999999999993,0.1,0.3158404511230506,0.619256559570805,0.421540079916067,0.888815614195789,17.674820494374625,0.5217648261450395,0.20948370874951497,0.2687514651054455,0.3862447031733297,-156.23774809904216,False,False,66.23774809904216,False,False
very_high_20_45,1.5509999999999993,1.6469999999999994,0.1,1.402935566305015,0.759125159953792,0.5350238173490736,0.927078433442412,20.295624917733292,0.5968095252193261,0.1894476790101905,0.21374279577048344,0.5761348722320264,-151.95704945380885,False,False,61.95704945380885,False,False
very_high_20_45,1.5589999999999993,1.6549999999999994,0.1,1.5663839354334657,0.699962850795868,0.48659049647545904,0.9966481142318834,28.98675623238845,0.5194454364056783,0.2705002321069478,0.21005433148737393,0.6110405523243403,-147.3725583770398,False,False,57.37255837703981,False,False
very_high_20_45,1.5669999999999993,1.6629999999999994,0.1,1.9555675765725307,0.6479961789671373,0.4707445915027287,0.9884499325861477,25.04515373411893,0.49996971989651096,0.26390237335404404,0.23612790674944495,0.6044423606670043,-136.7524627800397,False,False,46.75246278003971,False,False
very_high_20_45,1.5749999999999993,1.6709999999999994,0.1,1.102367527602972,0.6640659277493615,0.49260011886070604,0.9833886175674003,25.609897984539746,0.5052741875858587,0.28556983367097105,0.2091559787431702,0.58534153188484,-134.29793649400682,False,False,44.29793649400682,False,False
very_high_20_45,1.5829999999999993,1.6789999999999994,0.1,0.8792395279009937,0.5365527991109978,0.4608947945745841,0.9661801981536458,24.256934517782568,0.4561409295031188,0.3097315778932527,0.23412749260362845,0.47113825681560845,-128.7098764647236,False,False,38.70987646472361,False,False
very_high_20_45,1.5909999999999993,1.6869999999999994,0.1,1.182839604295919,0.4816806825010336,0.4054732845500387,0.9126797985803299,42.40766698191115,0.42927111425471604,0.286881591993837,0.28384729375144696,0.37845804663834937,-140.9221596318239,False,False,50.92215963182389,False,False
very_high_20_45,1.5989999999999993,1.6949999999999994,0.1,1.5829556008425716,0.5139917366854585,0.3788892243079537,0.9819802015782275,25.253112185672478,0.46339229005029564,0.27939133982326064,0.2572163701264437,0.3242677063749058,-140.27343972366384,False,False,50.27343972366384,False,False
very_high_20_45,1.6069999999999993,1.7029999999999994,0.1,0.9784407214228459,0.46542553551893107,0.34309969665112267,0.9258200182172897,31.290733530649696,0.4422956358816323,0.27318028859991283,0.2845240755184549,0.2887138236783515,-147.0629467087344,False,False,57.06294670873439,False,False
very_high_20_45,1.6149999999999993,1.7109999999999994,0.1,1.5969604228708592,0.4953206199263712,0.27695924327049287,0.6266527786856136,30.402906275040465,0.451630252914384,0.25553369623725297,0.29283605084836295,0.1989388431757127,-132.90886963265388,False,False,42.908869632653875,False,False
very_high_20_45,1.6229999999999993,1.7189999999999994,0.1,1.4753858571648124,0.5118084226315222,0.2814958852026754,0.5022620537881951,32.17106103274957,0.44262095459889117,0.260458863762795,0.29692018163831385,0.11828398797169215,-139.32229649731752,False,False,49.322296497317524,False,False
very_high_20_45,1.6309999999999993,1.7269999999999994,0.1,2.1709507976150664,0.561783031903414,0.3173265599916981,0.1514000027736327,32.23435491313833,0.45007157670920966,0.24080619077157964,0.3091222325192106,0.13629939837144125,-74.93465040086356,False,False,15.06534959913644,False,False
very_high_20_45,1.6389999999999993,1.7349999999999994,0.1,1.41233621863765,0.5740931224164578,0.331277126460812,0.11561080623088034,39.762436183225276,0.4069813154465583,0.23497472590018215,0.3580439586532595,0.19228878385603296,1.5445765804037648,False,False,88.45542341959623,False,False
very_high_20_45,1.6469999999999994,1.7429999999999994,0.1,1.2233889638391906,0.5810093726221737,0.3379577441704358,0.10873581214522603,41.081512403966904,0.39939122653374176,0.23774455647302328,0.3628642169932349,0.20317443385002165,14.659897996101115,False,False,75.34010200389889,False,False
very_high_20_45,1.6549999999999994,1.7509999999999994,0.1,0.3621610320076548,0.6359435062180832,0.43252030040915146,0.22193034871963507,47.781540227077,0.36711831127736044,0.2003016131167672,0.43258007560587236,0.5271688963332922,17.026594345390173,False,False,72.97340565460982,False,False
very_high_20_45,1.6629999999999994,1.7589999999999995,0.1,-0.07479526615527374,0.6765285495322654,0.43915503891993274,0.3254312924830787,45.45278276554108,0.39730448709404864,0.1866239372690841,0.4160715756368673,0.5085351012323966,25.59017969919703,False,False,64.40982030080298,False,False
very_high_20_45,1.6709999999999994,1.7669999999999995,0.1,0.41093446423260327,0.6617835147158616,0.4170389964842401,0.3014298356738153,45.129599328884424,0.3736853419736973,0.23225915394384203,0.39405550408246076,0.39162494777710843,20.617401753966078,False,False,69.38259824603392,False,False
very_high_20_45,1.6789999999999994,1.7749999999999995,0.1,0.7013133424915489,0.6381266119684375,0.37221987109482724,0.21947115742759704,45.21688075306867,0.3866288435418792,0.220440130259791,0.39293102619832976,0.23875995624983057,38.185021949433796,False,False,51.814978050566204,False,False
very_high_20_45,1.6869999999999994,1.7829999999999995,0.1,1.4141343392642016,0.6348908122103457,0.37913132868973437,0.13780971721217558,40.39661698510577,0.4019518386117835,0.2684375826093578,0.3296105787788587,0.104488502083234,-79.83188501165549,False,False,10.168114988344513,False,False
very_high_20_45,1.6949999999999994,1.7909999999999995,0.1,0.9329484646678159,0.5601789761409521,0.31683066721762143,0.13035713247461272,38.66087359188061,0.39001076711139476,0.2909793575514757,0.3190098753371296,0.07843481191132427,-100.33043331463624,False,False,10.330433314636238,False,False
very_high_20_45,1.7029999999999994,1.7989999999999995,0.1,0.617547431161981,0.5545746545605172,0.33509612679698636,0.08468188368139769,39.17250172217497,0.3764340258606011,0.31650983723969345,0.3070561368997054,0.18761442879498486,-123.7948684169385,False,False,33.7948684169385,False,False
very_high_20_45,1.7109999999999994,1.8069999999999995,0.1,-0.6304094819574343,0.4897955984120398,0.29612475433400415,0.5395653665220133,39.64434191817836,0.36263252606081847,0.36265494743132415,0.2747125265078574,0.2596789366365588,-127.77414729283761,False,False,37.77414729283761,False,False
very_high_20_45,1.7189999999999994,1.8149999999999995,0.1,-0.769371007384975,0.5733270096761156,0.318780121531591,0.9184958966483642,54.09375774242407,0.3177958460036704,0.40934304470173305,0.2728611092945965,0.4366330453855989,-148.38784972829959,False,False,58.387849728299585,False,False
very_high_20_45,1.7269999999999994,1.8229999999999995,0.1,-0.8706868258830824,0.5794136056427397,0.32818368883492566,0.9550317609330786,58.073304557599364,0.2784807136193856,0.4355424403603725,0.2859768460202419,0.5801246444146139,-135.9504036499164,False,False,45.95040364991641,False,False
very_high_20_45,1.7349999999999994,1.8309999999999995,0.1,-0.5317672000437449,0.7314847351139604,0.49087067650283256,0.9772335686737793,59.45515109830736,0.26124057864985495,0.49045779167820364,0.24830162967194147,0.8215529220693815,-142.3460477239439,False,False,52.34604772394391,False,False
very_high_20_45,1.7429999999999994,1.8389999999999995,0.1,-0.5061884301938244,0.7702197461002305,0.5378469485917495,0.9656005123100386,59.8471500399193,0.2706472074153657,0.5070789690829108,0.2222738235017235,0.8802976842987499,-138.66290603881816,False,False,48.662906038818164,False,False
very_high_20_45,1.7509999999999994,1.8469999999999995,0.1,0.39644311329389104,0.8133155692378319,0.598736178089133,0.9568992158942764,59.441248354128,0.27291053932048814,0.5217030105967988,0.20538645008271314,0.8749753543047449,-144.37474326718177,False,False,54.37474326718177,False,False
very_high_20_45,1.7589999999999995,1.8549999999999995,0.1,0.5222045978816807,0.8588808302578567,0.6708350900713876,0.9460698413500825,58.63606851571791,0.28668316411557393,0.5386679561172968,0.17464887976712923,0.8236246427454476,-154.90119460284149,False,False,64.90119460284149,False,False
very_high_20_45,1.7669999999999995,1.8629999999999995,0.1,0.7228223672220432,0.8518108798207924,0.6578271149682705,0.9355634913768202,58.79223671893479,0.28944049916132164,0.5274644937464019,0.1830950070922764,0.8049890275001227,-154.77281847644008,False,False,64.77281847644008,False,False
very_high_20_45,1.7749999999999995,1.8709999999999996,0.1,0.578679140914192,0.8937246368554349,0.7371947198150903,0.9480840108647637,59.86375524765007,0.2721335300070315,0.5832205249941481,0.1446459449988205,0.8028650666367044,-161.35426475841595,False,False,71.35426475841595,False,False
very_high_20_45,1.7829999999999995,1.8789999999999996,0.1,0.08267144316701257,0.8734732878990482,0.6979686814073511,0.9240617159780281,60.91075851501055,0.26723112863286425,0.564570157032117,0.16819871433501887,0.6954876917956635,-170.58392445818708,False,False,80.58392445818708,False,False
very_high_20_45,1.7909999999999995,1.8869999999999996,0.1,0.4330285335800133,0.8547935049496407,0.6656231492635585,0.9410224849123269,63.81113762795909,0.2617592500848696,0.5932619264838094,0.1449788234313209,0.5959955451329132,-169.40819414119392,False,False,79.40819414119392,False,False
very_high_20_45,1.7989999999999995,1.8949999999999996,0.1,-0.09871576139332197,0.8649979344682522,0.6845710927682046,0.9263526546396733,65.01463704806639,0.2422418191360494,0.5973289406316494,0.16042924023230115,0.5953527274817433,170.01870719761325,False,False,80.01870719761325,False,False
very_high_20_45,1.8069999999999995,1.9029999999999996,0.1,-0.02574159250382267,0.8369038551522336,0.6349137619629722,0.9174258755209342,63.68590984456523,0.2708494305775027,0.5600515391700231,0.1690990302524741,0.5774490196574468,160.1150335085955,False,False,70.1150335085955,False,False
very_high_20_45,1.8149999999999995,1.9109999999999996,0.1,0.021373311586995954,0.8652134577308681,0.6830420506900279,0.8997750512122223,63.08804697140017,0.25758742330334455,0.5528652898061852,0.18954728689047015,0.6612971391655794,159.10229846375395,False,False,69.10229846375395,False,False
very_high_20_45,1.8229999999999995,1.9189999999999996,0.1,0.3204005678466978,0.8920450625229797,0.7359228696228538,0.8801679853619486,62.98839221233578,0.2577681684267168,0.5458147871470609,0.19641704442622235,0.7400524120310934,151.38737965354372,False,False,61.38737965354372,False,False
very_high_20_45,1.8309999999999995,1.9269999999999996,0.1,0.20221599741721502,0.9156059716381605,0.7853362634396338,0.8799092136407675,63.61481246297839,0.25107127504240884,0.5618780407054607,0.18705068425213045,0.7821521383804688,152.01334086139482,False,False,62.01334086139482,False,False
very_high_20_45,1.8389999999999995,1.9349999999999996,0.1,0.2841399059527654,0.9196263216296396,0.7929327495734176,0.8515634988316724,67.41110618978186,0.19964740414236862,0.5579242801219993,0.2424283157356321,0.8230609916731765,146.66971984937595,False,False,56.66971984937595,False,False
very_high_20_45,1.8469999999999995,1.9429999999999996,0.1,0.9485413288517298,0.9111719416874612,0.774068521408617,0.8140887088172031,71.514099716365,0.1608612677427033,0.526396064600438,0.31274266765685876,0.8219983013491856,141.5105540536558,False,False,51.510554053655795,False,False
very_high_20_45,1.8549999999999995,1.9509999999999996,0.1,1.2003485338403446,0.908071656419868,0.767046208299876,0.788492412238549,75.91475901299596,0.12553339791555437,0.5161846479293183,0.35828195415512737,0.7491381595810752,137.55346642074775,False,False,47.55346642074775,False,False
very_high_20_45,1.8629999999999995,1.9589999999999996,0.1,2.1983374970631004,0.9002749060079934,0.7516762958754454,0.7769763744897626,84.52004872425057,0.11304654772319836,0.5256107728344598,0.36134267944234183,0.6693294269819038,110.59180718604368,False,False,20.59180718604368,False,False
very_high_20_45,1.8709999999999996,1.9669999999999996,0.1,4.047557643635608,0.9378481535711481,0.8353157497142151,0.7550991215485946,89.78009986923617,0.07816212420539383,0.5259228752627418,0.39591500053186435,0.6295678052517079,89.0056892990921,True,True,0.9943107009079029,False,False
very_high_20_45,1.8789999999999996,1.9749999999999996,0.1,4.228736873497474,0.9374560294728466,0.8349177355845107,0.7488015379601484,89.95530657198974,0.08159026221204153,0.5129444147156077,0.40546532307235067,0.6491404207220074,86.00846026983407,True,True,3.9915397301659254,False,False
very_high_20_45,1.8869999999999996,1.9829999999999997,0.1,4.548616847427319,0.9492981743288478,0.8631273714379024,0.7617963894034647,89.12907927096045,0.07046063240942173,0.5362697478759105,0.3932696197146678,0.6437078880983454,82.38247099532698,True,True,7.617529004673017,False,False
very_high_20_45,1.8949999999999996,1.9909999999999997,0.1,4.1190668716134065,0.958808560128814,0.8867086944604547,0.7637230566531958,89.98389732051331,0.0593150001494746,0.5454782973802627,0.39520670247026274,0.634818411037553,87.28525506974812,True,True,2.7147449302518822,False,False
very_high_20_45,1.9029999999999996,1.9989999999999997,0.1,4.086448188669845,0.9628887729625369,0.8968399394362284,0.7702494223628695,89.4422049911186,0.04853195173098362,0.5606093096901322,0.39085873857888404,0.48246610408674157,79.73917021199519,True,True,10.260829788004813,False,False
very_high_20_45,1.9109999999999996,2.0069999999999997,0.1,2.862926951233863,0.9620738164538489,0.8945744447045357,0.7642908457194495,89.26562488044665,0.04595624094483531,0.5537839361067644,0.4002598229484004,0.4742406539340664,77.74025888371986,False,False,12.25974111628014,False,False
very_high_20_45,1.9189999999999996,2.0149999999999997,0.1,1.994488011138744,0.9714194911107668,0.9191420042289454,0.7679805006256147,87.51625551909551,0.031023803605552888,0.5665383193619817,0.4024378770324654,0.6627978843671256,64.24801651265354,False,False,25.751983487346465,False,False
very_high_20_45,1.9269999999999996,2.0229999999999997,0.1,2.764020434038256,0.9700194909982567,0.9152554348669,0.7890752473558602,87.53333249055503,0.024369892455035406,0.5994925883171391,0.3761375192278255,0.6266643812652676,62.31697157563035,False,False,27.683028424369652,False,False
very_high_20_45,1.9349999999999996,2.0309999999999997,0.1,2.5120972178874306,0.9691551486189239,0.912943597284921,0.7901754155375111,87.5736576010344,0.02435187209404502,0.601730452335994,0.37391767556996097,0.6019739089323253,62.180959929492055,False,False,27.819040070507945,False,False
very_high_20_45,1.9429999999999996,2.0389999999999997,0.1,2.2411180707878895,0.9697513386020993,0.9144603121010907,0.8103199580419823,88.241834576677,0.025859784010749863,0.6294077392370867,0.34473247675216345,0.5214201950647865,69.59137946503395,False,False,20.408620534966047,False,False
very_high_20_45,1.9509999999999996,2.0469999999999997,0.1,2.204845017194817,0.9737079711521932,0.9250680358010314,0.8284808509632362,88.41864018804542,0.025310940066283698,0.6581518488072274,0.3165372111264889,0.4970197640419918,71.20507248338298,False,False,18.794927516617022,False,False
very_high_20_45,1.9589999999999996,2.0549999999999997,0.1,2.152967828294987,0.9754901583344573,0.9299329039635941,0.8274824762847173,88.7866707711068,0.021023003241645598,0.6607395674981343,0.3182374292602201,0.40369940448019226,72.19362458108746,False,False,17.806375418912538,False,False
very_high_20_45,1.9669999999999996,2.0629999999999997,0.1,1.1630944825202607,0.9750304836686177,0.9287159782154815,0.8391798165110534,88.47221209214355,0.01865562046572327,0.6806018523943833,0.30074252713989347,0.323559866752196,123.16399797481601,False,False,33.16399797481601,False,False
very_high_20_45,1.9749999999999996,2.0709999999999997,0.1,0.6455137903762811,0.9737604169518298,0.9252661679083822,0.8466410191612028,88.41442123612397,0.01969395458058744,0.6908518597433986,0.28945418567601394,0.26292843564327484,131.74126940185175,False,False,41.74126940185175,False,False
very_high_20_45,1.9829999999999997,2.0789999999999997,0.1,1.4431337220684726,0.9690077566952509,0.9124505795743921,0.8479255173224728,89.51014445419338,0.030448690101572612,0.6840285979677172,0.28552271193071027,0.3720297406010634,-97.63638680781106,False,False,7.636386807811064,False,False
very_high_20_45,1.9909999999999997,2.0869999999999997,0.1,1.0474874885951704,0.9559129584540079,0.8784967224880471,0.862780176958275,89.6095102578616,0.04943949010000931,0.6886347965757396,0.2619257133242511,0.3219628834948487,-91.26853405209872,False,False,1.2685340520987154,False,False
very_high_20_45,1.9989999999999997,2.0949999999999998,0.1,1.5683264555127225,0.9290669536851519,0.8150414711320658,0.8737877852149226,85.26754013819583,0.09276434541856336,0.670222048120088,0.23701360646134872,0.2908921985589011,-37.57830511361372,False,False,52.42169488638628,False,False
very_high_20_45,2.0069999999999997,2.1029999999999998,0.1,3.3079037987811177,0.931830461817786,0.8227102779204483,0.8787212752615039,79.41244753442979,0.12569449668078633,0.6620172560784037,0.21228824724081005,0.46486197616807473,-20.310054096210816,False,False,69.68994590378918,False,False
very_high_20_45,2.0149999999999997,2.1109999999999998,0.1,3.5787327685342003,0.9199759597507962,0.7979940144396296,0.8948025508671013,78.9809471350466,0.1448417853668356,0.6672698456133171,0.18788836901984735,0.42356177266218603,0.01119538852980053,False,False,89.9888046114702,False,False
very_high_20_45,2.0229999999999997,2.1189999999999998,0.1,4.09082453793133,0.91294187142801,0.7826943064830587,0.9220076131602994,72.7632346841881,0.18141229913580514,0.6608772960512367,0.15771040481295817,0.5770441864481576,7.1043388427729,True,True,82.8956611572271,False,False
very_high_20_45,2.0309999999999997,2.127,0.1,3.1057003006000645,0.9158590784127513,0.7891035314013596,0.907835287985139,73.45558428614376,0.17150183907581643,0.6509177123566705,0.177580448567513,0.5958490062048123,5.648312124228392,False,False,84.3516878757716,False,False
very_high_20_45,2.0389999999999997,2.135,0.1,3.124580834346097,0.8970137943815899,0.7475336550125689,0.9136761939382458,72.29932149262024,0.17168312537058894,0.637995563761761,0.1903213108676501,0.6355465443390336,10.55621117739589,False,False,79.4437888226041,False,False
very_high_20_45,2.0469999999999997,2.143,0.1,2.5540040685015875,0.9012612654580392,0.7547577072409178,0.9255042920232542,70.40139761605563,0.17496629639473807,0.6454454728651946,0.17958823074006738,0.6906590922149962,10.519811935983896,False,False,79.4801880640161,False,False
very_high_20_45,2.0549999999999997,2.151,0.1,2.6297403841479094,0.9067458258454429,0.7657786374427432,0.9140071961516694,69.98031030802585,0.17267646141453963,0.6345146173078242,0.1928089212776362,0.7085574610100588,4.419471899886748,False,False,85.58052810011326,False,False
very_high_20_45,2.0629999999999997,2.159,0.1,2.3308858845872638,0.9056144016236012,0.7631628138887412,0.9105461875301281,69.38320240885395,0.17860302767356626,0.6256169745443524,0.19577999778208133,0.7114984710913694,0.7985134360826724,False,False,89.20148656391733,False,False
very_high_20_45,2.0709999999999997,2.167,0.1,1.7349198433426847,0.9105585430067252,0.7732645345743614,0.9028141946100389,67.0876900500747,0.18445349191930077,0.6065662837076751,0.2089802243730242,0.780604597430613,5.784067266123047,False,False,84.21593273387695,False,False
very_high_20_45,2.0789999999999997,2.175,0.1,0.5939940646998829,0.9074841449927209,0.7667245221623572,0.9029590497648144,66.50962998131577,0.18774847028657649,0.6013744480883508,0.21087708162507268,0.7873147993977906,6.687419843567442,False,False,83.31258015643256,False,False
very_high_20_45,2.0869999999999997,2.183,0.1,1.1837377136193594,0.8802169866463376,0.7114969705992293,0.9165973590322997,68.70131261698229,0.1695662156023216,0.6145994851024962,0.2158342992951823,0.7378086870807513,16.29783918289909,False,False,73.70216081710092,False,False
very_high_20_45,2.0949999999999998,2.191,0.1,0.9888072334817252,0.8610878536967178,0.6756152090343152,0.924235002709273,70.15933100813434,0.17044655970559006,0.6180290183952196,0.2115244218991903,0.6909226348411134,27.265430630739097,False,False,62.7345693692609,False,False
very_high_20_45,2.1029999999999998,2.199,0.1,0.7719936390291039,0.8250870412009317,0.6159205144342954,0.9329717079537265,75.60422619883316,0.13445243287068742,0.6376613321481189,0.22788623498119367,0.4979438433255232,21.97492635167465,False,False,68.02507364832535,False,False
very_high_20_45,2.1109999999999998,2.207,0.1,1.5792383354350141,0.8032001981866888,0.5813620613287667,0.9588736203181347,82.8391175191045,0.13085334886531327,0.6649087242171448,0.204237926917542,0.37128458232116274,55.534444175646264,False,False,34.465555824353736,False,False
very_high_20_45,2.1189999999999998,2.215,0.1,1.2337847943347091,0.8251482833718011,0.6232173836627547,0.9463622583655841,86.92320250389182,0.09930763642133046,0.680719468628507,0.21997289495016256,0.14330180992600478,70.68316207195812,False,False,19.316837928041878,False,False
very_high_20_45,2.127,2.223,0.1,1.4471837278512933,0.783062948978675,0.5659460914626063,0.9274269039926663,85.91284697873579,0.11053445149120529,0.6248620437233691,0.26460350478542577,0.23571655965376462,-172.6705721208259,False,False,82.67057212082591,False,False
very_high_20_45,2.135,2.231,0.1,0.8394047077776045,0.8123524047623408,0.6062786944543362,0.9382750255130307,86.07295167891886,0.10956307354209828,0.6552209390705331,0.23521598738736865,0.2422454828669405,-162.63376931228342,False,False,72.63376931228342,False,False
very_high_20_45,2.143,2.239,0.1,1.8067898705582055,0.8118622440036234,0.598100614651813,0.9421308614845629,89.5211729931187,0.11484834142379234,0.6637422619736343,0.22140939660257336,0.16749014936134124,-120.57713980987738,False,False,30.57713980987738,False,False
very_high_20_45,2.151,2.247,0.1,2.0854321629309753,0.7128226905590129,0.4661690649364338,0.9758756989323231,87.117720218746,0.1262236279265745,0.6374754972329092,0.23630087484051626,0.11543207647948797,-177.22835689148016,False,False,87.22835689148016,False,False
very_high_20_45,2.159,2.255,0.1,1.6065459229355972,0.7304081944721161,0.48933537228714585,0.9872758235389452,82.47917124172265,0.11130893338307686,0.655162368483826,0.2335286981330971,0.24100610151141438,-177.65399803438928,False,False,87.65399803438928,False,False
very_high_20_45,2.167,2.263,0.1,1.550960035235939,0.78825786714686,0.5632712986755318,0.9992056298027039,81.1258844243572,0.10592283755574203,0.6913632110917418,0.20271395135251608,0.3517670177912267,159.5210858995114,False,False,69.5210858995114,False,False
very_high_20_45,2.175,2.271,0.1,1.7960060212520905,0.8531047851691422,0.6638716226348209,0.9979943310568093,79.0905264224424,0.09803557107939266,0.7428610157397778,0.15910341318082954,0.4855845652583589,-178.98850948613816,False,False,88.98850948613816,False,False
very_high_20_45,2.183,2.279,0.1,1.7994299906293725,0.8332357132960158,0.6296944608723507,0.9992455590423978,78.79739730885903,0.10451340869170385,0.7225219157306767,0.1729646755776195,0.5218164969428958,-152.6205518618741,False,False,62.620551861874105,False,False
very_high_20_45,2.191,2.287,0.1,1.4277080001173719,0.8142187397395141,0.5961541587204117,0.9998253769708237,77.38726629572953,0.13264288353249165,0.7013464895795288,0.16601062688797946,0.5040748534371767,-148.9330981385625,False,False,58.933098138562514,False,False
very_high_20_45,2.199,2.295,0.1,1.7755704909316596,0.8191798207379254,0.6055772783722404,0.9921792568219202,75.49641034240074,0.13614019844541145,0.6865585836302394,0.17730121792434914,0.5704458743365589,-150.25616887767976,False,False,60.256168877679755,False,False
very_high_20_45,2.207,2.303,0.1,1.653855183917137,0.7900141414574601,0.5615164639556955,0.986133799111348,76.54994474216458,0.1404203750528912,0.6595607555273758,0.2000188694197329,0.6405514721839904,-132.85902791936363,False,False,42.859027919363626,False,False
very_high_20_45,2.215,2.311,0.1,1.8501676168105938,0.7127200602994894,0.4660641608318352,0.9707644501346275,73.71227797331446,0.17560144340473519,0.5888525546124475,0.23554600198281736,0.5832990253548167,-129.3177802842895,False,False,39.31778028428951,False,False
very_high_20_45,2.223,2.319,0.1,1.3136551926057218,0.7095061380986389,0.45671851902504684,0.9740402977728466,69.46011174795484,0.21135389400133636,0.5626257455423658,0.2260203604562979,0.5212981494578944,-142.4267486596932,False,False,52.4267486596932,False,False
very_high_20_45,2.231,2.327,0.1,2.4597507237757483,0.6268550773568187,0.38428420634299937,0.9995746671273371,72.24834782285184,0.19514038351888083,0.5266308368155538,0.27822877966556536,0.5129207252458969,-139.27859648003414,False,False,49.27859648003414,False,False
very_high_20_45,2.239,2.335,0.1,2.5609828316179293,0.5265228401711888,0.3401061990816678,0.9693323186939043,72.6656211805465,0.20378221096941468,0.4621979317876063,0.334019857242979,0.5912801509063044,-130.7014914477554,False,False,40.70149144775539,False,False
very_high_20_45,2.247,2.343,0.1,2.7761965523561427,0.48152051698049747,0.33936830301163934,0.8751924404921262,63.6856521523766,0.21921560607239748,0.38761966933600644,0.393164724591596,0.7462018930605163,-136.29231469452364,False,False,46.29231469452364,False,False
very_high_20_45,2.255,2.351,0.1,4.461574418242786,0.6560832702897211,0.44003039192399895,0.5462113329924488,79.17876401802918,0.1730015681518255,0.33414788876368984,0.4928505430844847,0.7459981623296692,-137.67034448277786,True,False,47.670344482777864,False,False
very_high_20_45,2.263,2.359,0.1,4.4572964199360365,0.6936561206155039,0.4698109867313912,0.5381925089590045,80.64923003088354,0.1680549441893171,0.31686963877642305,0.5150754170342597,0.8060704427313363,-132.39771703488006,True,False,42.39771703488006,False,False
very_high_20_45,2.271,2.367,0.1,4.487882570403127,0.7145250958857219,0.4822130298029731,0.3377213547895105,84.95594955792545,0.16288007727229883,0.25312505428477794,0.5839948684429233,0.8280444523320204,-126.55640709411064,True,False,36.55640709411064,False,False
very_high_20_45,2.279,2.375,0.1,2.8560244413547404,0.7798294199952849,0.559388347774469,0.3475809416308733,83.92757785052387,0.15467971484515775,0.22198285421380382,0.6233374309410384,0.8457772983179668,-128.37822600318748,False,False,38.37822600318748,False,False
very_high_20_45,2.287,2.383,0.1,2.367068199318753,0.764215949550256,0.5448462613622164,0.35724744978212514,85.31190689642376,0.1392327010714698,0.2425873488963869,0.6181799500321433,0.8125717087780544,-132.44772566459974,False,False,42.447725664599744,False,False
very_high_20_45,2.295,2.391,0.1,1.6286201830681193,0.8050976614848109,0.589445554184541,0.33064157495839375,85.80020450270906,0.12037396263306246,0.22412522301922352,0.655500814347714,0.7551226964300957,-124.37224268073388,False,False,34.372242680733876,False,False
very_high_20_45,2.303,2.399,0.1,-0.10203506261966964,0.8463206134150077,0.6507026472475462,0.3507527574622875,85.48862464862563,0.12792131449132524,0.19814938663804002,0.6739292988706348,0.6796086286701385,-121.23156406802272,False,False,31.23156406802272,False,False
very_high_20_45,2.311,2.407,0.1,-0.8293839165595326,0.8495294224122829,0.6557966004636898,0.35292481421283217,84.68887390486671,0.1185196682162571,0.20252618815461515,0.6789541436291278,0.7222346345968759,-119.56954899451934,False,False,29.569548994519337,False,False
very_high_20_45,2.319,2.415,0.1,-1.1087689100486036,0.8853782912781442,0.7210194152611724,0.3805574435205285,83.57702050602033,0.0833325780734107,0.21336920740208146,0.7032982145245078,0.7863879553406186,-105.90218181351527,False,False,15.90218181351527,False,False
very_high_20_45,2.327,2.423,0.1,-1.1589119088356497,0.8897906052942586,0.7310094538521157,0.37194437458832696,85.53713438372345,0.06895639718926162,0.21502899413438498,0.7160146086763535,0.6022873130244745,-98.76607845174964,False,False,8.766078451749635,False,False
very_high_20_45,2.335,2.431,0.1,-0.7477027924083142,0.8571112096535805,0.6701344633317071,0.36603497876193075,84.28204843686134,0.08871196665836756,0.2265858320835695,0.6847022012580629,0.4988799734854598,-95.3927012024322,False,False,5.392701202432207,False,False
very_high_20_45,2.343,2.439,0.1,-0.6494231808823688,0.8493962193400867,0.6605882335259743,0.3682762397734002,83.33501073029402,0.06842509886340299,0.24740746762689544,0.6841674335097017,0.34764593151835604,-109.66488321086452,False,False,19.664883210864517,False,False
very_high_20_45,2.351,2.447,0.1,-0.36967291584696643,0.7669068783495845,0.5420791361523242,0.3939400563840254,87.11728376589993,0.08431068828191146,0.30560738077655847,0.6100819309415301,0.09293283124550551,22.99944728468675,False,False,67.00055271531325,False,False
very_high_20_45,2.359,2.455,0.1,0.20064118572294584,0.5487898814750499,0.36233642812189787,0.19480760873234743,87.29622003793956,0.11372960465783116,0.3528609693621232,0.5334094259800456,0.17213268891189315,14.943949775608495,False,False,75.0560502243915,False,False
very_high_20_45,2.367,2.463,0.1,0.6830224761544892,0.568078955706012,0.3530906708512985,0.07362916971032807,86.80276150038907,0.1333960526226116,0.3168969014626889,0.5497070459146997,0.35022145951306827,52.00769076644551,False,False,37.99230923355449,False,False
very_high_20_45,2.375,2.471,0.1,1.1312571290683597,0.5065469010429522,0.3430989943786943,0.8954411069755238,79.37969149145192,0.18259002617642572,0.45787241425511715,0.35953755956845707,0.6065155065345069,52.720188513520455,False,False,37.279811486479545,False,False
very_high_20_45,2.383,2.479,0.1,0.694743305426679,0.6132972785029573,0.4692735144586954,0.8272094225476656,81.66988443942913,0.20262471494121362,0.43794258379043194,0.3594327012683545,0.6645695221620497,41.28185627324933,False,False,48.71814372675067,False,False
very_high_20_45,2.391,2.487,0.1,0.7889831417025421,0.6898480031665439,0.5113692912733944,0.9911458903122842,62.23782243025059,0.22176437123918372,0.48555418845832476,0.2926814403024916,0.8344641811460186,35.604534843168835,False,False,54.395465156831165,False,False
very_high_20_45,2.399,2.495,0.1,0.7295886392145138,0.7279260501901033,0.5384672334876293,0.9955461278819978,63.5133046617005,0.20192738088674694,0.5368640446000857,0.2612085745131674,0.872836867455266,37.7029980199743,False,False,52.2970019800257,False,False
very_high_20_45,2.407,2.5029999999999992,0.1,0.7697312103519601,0.7603288827421542,0.5629525666116768,0.9906420102633186,67.12667338941964,0.18579369780195837,0.5719607314713291,0.24224557072671252,0.8361241440723042,36.120243334287515,False,False,53.879756665712485,False,False
very_high_20_45,2.415,2.5109999999999992,0.1,1.412981098308631,0.8055145217842112,0.6061001981003826,0.9863395324435739,75.06371418052767,0.1402646891832845,0.6579181108550194,0.20181719996169617,0.6979163100038651,38.45759859565277,False,False,51.54240140434723,False,False
very_high_20_45,2.423,2.5189999999999992,0.1,1.0343087351524072,0.8193498507881392,0.6226902254963946,0.9782429816759931,77.2461187391022,0.13056395162742615,0.6800087215934131,0.18942732677916072,0.5934195639983961,32.371274136968445,False,False,57.628725863031555,False,False
very_high_20_45,2.431,2.5269999999999992,0.1,1.6155349995930879,0.8392372899264199,0.6497696024944571,0.9729555470370514,82.54748430865702,0.11267652059982694,0.7097752615440602,0.17754821785611288,0.512283555075554,46.64198135181065,False,False,43.35801864818935,False,False
very_high_20_45,2.439,2.5349999999999993,0.1,2.2061888698077965,0.8584178532845254,0.6760585841787109,0.9781602060507824,89.66796816361204,0.09781238233457616,0.7540599185281921,0.1481276991372318,0.1502662644442458,69.37636013929077,False,False,20.623639860709233,False,False
very_high_20_45,2.447,2.5429999999999993,0.1,2.9001835549779797,0.8632112555506306,0.6840271817073799,0.990314181904565,88.15248824672962,0.08470894617986864,0.7815796445732762,0.13371140924685507,0.09980165309481369,10.39517523271581,False,False,79.60482476728419,False,False
very_high_20_45,2.455,2.5509999999999993,0.1,2.3490215106140155,0.8561452193951828,0.6732814403844829,0.9921931145922737,88.73670160657392,0.0896616851924611,0.7742355095041435,0.1361028053033954,0.08525715052967729,-28.106568877679234,False,False,61.89343112232076,False,False
very_high_20_45,2.463,2.5589999999999993,0.1,1.1376003457495214,0.900277794408544,0.7539985736057028,0.9987645594682124,87.61917957162153,0.08558026699768075,0.8301844611624044,0.08423527183991486,0.23361472518369522,-58.60763047742426,False,False,31.39236952257574,False,False
very_high_20_45,2.471,2.5669999999999993,0.1,2.4289896537462625,0.9288728550837935,0.8146354694092548,0.9999722468213896,87.79113301112423,0.0586073781313369,0.8727269852089443,0.06866563665971873,0.22795313260646838,-52.53786310737767,False,False,37.46213689262233,False,False
very_high_20_45,2.479,2.5749999999999993,0.1,3.4548673277814648,0.9450771122518427,0.8534513825127037,0.9996891207922552,89.54676806384067,0.05419920319130144,0.8990450664753763,0.04675573033332229,0.03615858030550786,51.045544171359005,False,False,38.954455828640995,False,False
very_high_20_45,2.487,2.5829999999999993,0.1,3.3014049852223897,0.9377412506817877,0.8359748791808692,0.9993571252801913,89.71263161273559,0.04699377271211519,0.8870229397264274,0.0659832875614574,0.049899000418553593,-127.09584595021077,False,False,37.09584595021077,False,False
very_high_20_45,2.495,2.5909999999999993,0.1,2.855393648137366,0.9443701611134939,0.85219501935723,0.9965773472613488,87.26293462998763,0.036133846822894854,0.888085667942259,0.07578048523484616,0.2549695788622256,-162.51641129785045,False,False,72.51641129785045,False,False
very_high_20_45,2.5029999999999992,2.5989999999999993,0.1,2.5578325276860503,0.9373945700160263,0.8348181432904327,0.9985899591870536,87.8081213100259,0.03611057134916653,0.8840333937621305,0.07985603488870292,0.22565951190974406,-147.0183437032633,False,False,57.0183437032633,False,False
very_high_20_45,2.5109999999999992,2.6069999999999993,0.1,2.666384073415986,0.9079845448585514,0.7683403707116657,0.9966124840614979,87.28579017764653,0.052566489137118075,0.8383385982653789,0.10909491259750288,0.26619205965814313,-129.88731425246775,False,False,39.887314252467746,False,False
very_high_20_45,2.5189999999999992,2.6149999999999993,0.1,1.231385631077227,0.9006801860399204,0.7528152146674519,0.9920710245604629,86.73142376376863,0.05909948006741972,0.8199934332381115,0.12090708669446874,0.2353569269199701,-140.67983192668305,False,False,50.67983192668305,False,False
very_high_20_45,2.5269999999999992,2.6229999999999993,0.1,0.9663785656188161,0.8780070004717853,0.7081629481573789,0.9961843644437012,89.16865835823637,0.0729602055118865,0.7994458101941455,0.12759398429396798,0.3241814536542281,-95.92359302191214,False,False,5.92359302191214,False,False
very_high_20_45,2.5349999999999993,2.6309999999999993,0.1,2.581073404415222,0.8396653616790926,0.6491696910368582,0.9994349267793866,83.03589993571376,0.10193286711824329,0.7460481002319869,0.15201903264976985,0.41067553735634227,-43.324835619318115,False,False,46.675164380681885,False,False
very_high_20_45,2.5429999999999993,2.6389999999999993,0.1,3.182811640718717,0.8210460154189319,0.6249804563421455,0.999887180298593,79.26795740419068,0.10843537402659062,0.7296221670840051,0.16194245888940428,0.4123803660876575,2.725307848926158,False,False,87.27469215107384,False,False
very_high_20_45,2.5509999999999993,2.6469999999999994,0.1,2.804939723807444,0.7885019401031874,0.5867226807601136,0.9991157834927303,79.29296911074789,0.10942822812812461,0.7157839673657335,0.17478780450614198,0.3761064685319295,14.743606255049551,False,False,75.25639374495044,False,False
very_high_20_45,2.5589999999999993,2.6549999999999994,0.1,1.7937002162688,0.8214106200558593,0.6293652850501389,0.9965122152416566,79.424683948772,0.10299378770406083,0.7278511454836147,0.16915506681232445,0.41063537354685453,16.81950241913709,False,False,73.1804975808629,False,False
very_high_20_45,2.5669999999999993,2.6629999999999994,0.1,3.0173879300404804,0.8548397001885173,0.67949165100631,0.9892553781140987,81.04723290346683,0.0954671813021649,0.7486429724699627,0.15588984622787233,0.3612883299937797,12.840327713237144,False,False,77.15967228676286,False,False
very_high_20_45,2.5749999999999993,2.6709999999999994,0.1,3.2660897161630214,0.8410952022410493,0.6569002470691143,0.9697223143962785,78.98321880018815,0.10506475083098045,0.7121149047678781,0.18282034440114145,0.376787595756182,0.19988963636289814,False,False,89.8001103636371,False,False
very_high_20_45,2.5829999999999993,2.6789999999999994,0.1,2.8494678982064854,0.8352799678712727,0.6503585395612796,0.9753323564117142,79.66502986283723,0.1124291857225477,0.7123554461846873,0.175215368092765,0.3307946406621308,0.16455576658467658,False,False,89.83544423341533,False,False
very_high_20_45,2.5909999999999993,2.6869999999999994,0.1,2.027951529853412,0.8511889417215625,0.6643087566000702,0.9485453596039121,82.32953445061622,0.129032087407479,0.6941125257430522,0.17685538684946886,0.21239149013886321,-2.819952174227654,False,False,87.18004782577235,False,False
very_high_20_45,2.5989999999999993,2.6949999999999994,0.1,2.1979650303399736,0.8174443851870512,0.6102404174797257,0.9012659432051456,78.61674372104554,0.14991465364130643,0.6157286113917065,0.23435673496698703,0.2613777459145629,-20.572313073132594,False,False,69.42768692686741,False,False
very_high_20_45,2.6069999999999993,2.7029999999999994,0.1,2.8582712967648334,0.7380531019925889,0.509433274318884,0.9201617479165952,82.41881082325641,0.21709056402213064,0.5781828900818711,0.2047265458959982,0.07084196908163469,-3.477598927183076,False,False,86.52240107281692,False,False
very_high_20_45,2.6149999999999993,2.7109999999999994,0.1,2.06483602312041,0.7691235141070079,0.5422704325053741,0.9190826152408065,84.4560854441285,0.21807438532675702,0.5861428776774901,0.19578273699575288,0.06291660457194236,8.856487517587498,False,False,81.1435124824125,False,False
very_high_20_45,2.6229999999999993,2.7189999999999994,0.1,1.9795491617648462,0.7506676376873916,0.5245315112306576,0.898966233336281,80.16168481731626,0.23666135686673131,0.5574429112287602,0.20589573190450838,0.12004604258123869,-33.24688943487655,False,False,56.75311056512345,False,False
very_high_20_45,2.6309999999999993,2.7269999999999994,0.1,0.8401873138045823,0.7138102400641588,0.48339008733030175,0.9190479082792383,86.79891891509313,0.2364879179921056,0.5598031796818403,0.203708902326054,0.1672478422533436,-98.91325583006852,False,False,8.913255830068522,False,False
very_high_20_45,2.6389999999999993,2.7349999999999994,0.1,0.8036712931241063,0.6794656291370971,0.4393215886600057,0.9520880665246482,84.6842834348019,0.23960957804361666,0.5574523618122111,0.20293806014417232,0.2418836666105719,-124.41181580937757,False,False,34.41181580937757,False,False
very_high_20_45,2.6469999999999994,2.7429999999999994,0.1,1.1919427458039853,0.7229123788066283,0.48555115424737716,0.941882294385756,87.24993547393457,0.22796499337598924,0.5816849946432622,0.19035001198074858,0.21240417969887856,-119.2696481205748,False,False,29.2696481205748,False,False
very_high_20_45,2.6549999999999994,2.7509999999999994,0.1,1.4156459369045884,0.7442690706929824,0.5102102719012818,0.950519172494848,85.01129064458073,0.226127590070059,0.6021042853622818,0.17176812456765927,0.2404990375812182,-127.00126401911302,False,False,37.00126401911302,False,False
very_high_20_45,2.6629999999999994,2.7589999999999995,0.1,1.2158802046423063,0.6934600430876541,0.4637442522482586,0.9349982859330669,77.5964396884758,0.26853541365044026,0.534582557807563,0.19688202854199668,0.42794666996437347,-127.35964430068863,False,False,37.35964430068863,False,False
very_high_20_45,2.6709999999999994,2.7669999999999995,0.1,1.5603559305720758,0.6721399114994022,0.4349175154696866,0.9742210850564517,69.51058778634818,0.28242478837173296,0.5290552081058955,0.1885200035223716,0.4855254799305673,-134.54078014285213,False,False,44.54078014285213,False,False
very_high_20_45,2.6789999999999994,2.7749999999999995,0.1,2.854905738527319,0.7019399705482623,0.45699470656250213,0.9832511679708426,80.20170912061916,0.24993792168764015,0.5951805270783532,0.15488155123400676,0.4637493841847587,-113.92961673131641,False,False,23.929616731316415,False,False
very_high_20_45,2.6869999999999994,2.7829999999999995,0.1,3.7041935436183007,0.6849096904467231,0.4381660892673986,0.9856051148110291,85.4578081485693,0.2422963738973442,0.6133884599309725,0.14431516617168333,0.36444933227216975,-82.39812686152588,False,False,7.601873138474119,False,False
very_high_20_45,2.6949999999999994,2.7909999999999995,0.1,2.7987748200962663,0.6954165236820304,0.4661764546304035,0.9975808324202156,81.70020380398792,0.2587556537843648,0.6401437703077109,0.10110057590792433,0.2818163463282028,-68.51696723698662,False,False,21.483032763013384,False,False
very_high_20_45,2.7029999999999994,2.7989999999999995,0.1,2.085101392763643,0.8093693302181073,0.5948583194205784,0.9946453049888156,81.41559243234862,0.19914923207059568,0.7140460025720167,0.0868047653573876,0.4833720930167862,-64.9264129332247,False,False,25.073587066775303,False,False
very_high_20_45,2.7109999999999994,2.8069999999999995,0.1,3.7429194687666043,0.9112941194209189,0.7751822576254059,0.9971871565183892,77.98415812233739,0.12208325816364213,0.809587385004437,0.06832935683192085,0.5439249555362583,-26.012291566893854,False,False,63.98770843310615,False,False
very_high_20_45,2.7189999999999994,2.8149999999999995,0.1,4.68007791736022,0.9318442730260181,0.8208626165955526,0.9996015754046805,78.33590605965232,0.10653010551420611,0.8484440536201259,0.04502584086566798,0.5334259916972702,-13.88973142214657,True,True,76.11026857785343,False,False
very_high_20_45,2.7269999999999994,2.8229999999999995,0.1,4.424420737082041,0.9498832984219707,0.8634840692685903,0.999456306702493,79.95757878458612,0.07826214982156743,0.8817136553016099,0.04002419487682265,0.6112830427613832,-23.49500482565516,True,True,66.50499517434484,False,False
very_high_20_45,2.7349999999999994,2.8309999999999995,0.1,4.3634499001939755,0.95747242084885,0.8824610628344429,0.9957060527737905,79.41199341192036,0.0710865515252103,0.8845149723975416,0.04439847607724804,0.6619389490081837,-17.28898009277563,True,True,72.71101990722437,False,False
very_high_20_45,2.7429999999999994,2.8389999999999995,0.1,4.227499000067209,0.9568253876440937,0.8807949455409664,0.9955056119033417,79.547941638596,0.06884374725207912,0.8860970441011985,0.04505920864672234,0.6925982690250655,-23.45311869459264,True,True,66.54688130540737,False,False
very_high_20_45,2.7509999999999994,2.8469999999999995,0.1,4.324016035117915,0.9474516931274283,0.8577543758032844,0.992991862778861,77.87356343919369,0.06789302654317417,0.8600819932144723,0.07202498024235346,0.7623077545287026,-19.041083424424748,True,True,70.95891657557524,False,False
very_high_20_45,2.7589999999999995,2.8549999999999995,0.1,4.0640495130764345,0.9566353119153155,0.8806290425543947,0.9902824258168783,76.95054573320142,0.07035791841438953,0.8558193613632745,0.07382272022233587,0.8409795225810793,-21.695691405392214,True,True,68.30430859460779,False,False
very_high_20_45,2.7669999999999995,2.8629999999999995,0.1,4.62134704200967,0.9605545762910811,0.8914517999216305,0.9947478457021685,75.18506214247321,0.07100513166693623,0.8556930664913067,0.07330180184175704,0.9328086989777985,-11.451666869191977,True,True,78.54833313080802,False,False
very_high_20_45,2.7749999999999995,2.8709999999999996,0.1,4.7207348392418185,0.9386943078827559,0.8396872338251297,0.992220009337068,73.80392718604615,0.0777290235728677,0.8138857403155777,0.10838523611155457,0.9221581130938526,1.9700487460068266,True,True,88.02995125399318,False,False
very_high_20_45,2.7829999999999995,2.8789999999999996,0.1,4.417607942310507,0.9260117447688154,0.8102494844386575,0.9820655101398,71.47252633965616,0.10604940517705556,0.7650533738012302,0.12889722102171416,0.860948202481013,5.25749337429552,True,True,84.74250662570448,False,False
very_high_20_45,2.7909999999999995,2.8869999999999996,0.1,4.530668728321681,0.9156539846156804,0.7889823423064851,0.9898547828189603,72.5393571092493,0.09795270329362549,0.7705648006772746,0.13148249602909992,0.8546781083921974,10.903528025118542,True,True,79.09647197488145,False,False
very_high_20_45,2.7989999999999995,2.8949999999999996,0.1,5.152950702956111,0.8775156492039577,0.7187339407369875,0.9955186724499289,73.52569236844877,0.09555257527391729,0.7389021995011064,0.16554522522497642,0.8225358574592674,21.20657742581021,True,True,68.79342257418979,False,False
very_high_20_45,2.8069999999999995,2.9029999999999996,0.1,4.2526442812348995,0.8627059230666941,0.6936652085085214,0.9960423875864856,74.29368160119652,0.0933652599196754,0.7277114836002982,0.17892325648002624,0.7707418032347674,19.718443046543484,True,True,70.28155695345652,False,False
very_high_20_45,2.8149999999999995,2.9109999999999996,0.1,5.097170337718712,0.8376816172227401,0.6559479819644674,0.9999515143895887,77.50848341703258,0.08670022550239165,0.7204889871366225,0.19281078736098586,0.6594388983533073,25.91519521539747,True,True,64.08480478460253,False,False
very_high_20_45,2.8229999999999995,2.9189999999999996,0.1,4.7213244114379895,0.8382790688024556,0.6566177027842189,0.999732669644783,77.9017614813663,0.08456232267437662,0.7220971909807938,0.19334048634482953,0.6422633609122648,23.914937171574167,True,True,66.08506282842583,False,False
very_high_20_45,2.8309999999999995,2.9269999999999996,0.1,4.643950208099006,0.8205560592757907,0.627646985125137,0.9957061875594742,79.8205285089307,0.09497544041829992,0.7097499581981406,0.19527460138355948,0.4839176868153679,15.041168188621743,True,True,74.95883181137826,False,False
very_high_20_45,2.8389999999999995,2.9349999999999996,0.1,4.733296056302766,0.8299343678814465,0.6364753355525505,0.9791458669654458,86.53647612907626,0.09396813364306993,0.7159873171528267,0.19004454920410332,0.25537915797851984,32.91526547675274,True,True,57.08473452324726,False,False
very_high_20_45,2.8469999999999995,2.9429999999999996,0.1,4.944647439593523,0.8425652966105208,0.6555402890330027,0.9806637007447275,88.04186629340151,0.09287575114135746,0.7316944059372312,0.17542984292141128,0.23997913948676744,53.05974675257086,True,True,36.94025324742914,False,False
very_high_20_45,2.8549999999999995,2.9509999999999996,0.1,4.860827511495511,0.8466263964807846,0.6615855264381026,0.9648489123679459,89.45203931490096,0.11033540894191057,0.7205240079394988,0.1691405831185907,0.05390574081758173,-23.28149217944576,True,True,66.71850782055424,False,False
very_high_20_45,2.8629999999999995,2.9589999999999996,0.1,3.851498900442065,0.8587873893141299,0.6780730599857505,0.9410080117671203,81.97094087025864,0.12508741541269347,0.691783518445443,0.18312906614186347,0.23471886857866653,-159.79035006936797,False,False,69.79035006936797,False,False
very_high_20_45,2.8709999999999996,2.9669999999999996,0.1,3.9011385466526796,0.8600099577585035,0.6820111382638943,0.9563887623750248,81.42283988513306,0.1210050943931238,0.7116088897781274,0.16738601582874874,0.26436454787751845,-168.13886321693144,False,False,78.13886321693144,False,False
very_high_20_45,2.8789999999999996,2.9749999999999996,0.1,4.270416363664573,0.8800034268149911,0.7163037165031525,0.9621229709141528,82.65195451191242,0.11379960603374853,0.745833506842534,0.1403668871237174,0.359787841695045,-132.43164316321747,True,True,42.43164316321747,False,False
very_high_20_45,2.8869999999999996,2.9829999999999997,0.1,3.2011208063147665,0.899643751642313,0.7501751206538777,0.9546444361801485,77.75184796349274,0.11772756991531212,0.7352576458121588,0.1470147842725291,0.7187263795560059,-130.83143080667176,False,False,40.83143080667176,False,False
very_high_20_45,2.8949999999999996,2.9909999999999997,0.1,3.865335241748678,0.9042435744448585,0.7608376237973236,0.9809408464558613,77.77208102806098,0.11783327927509238,0.7753857029800636,0.10678101774484398,0.7348340797775347,-130.88167103564894,False,False,40.881671035648935,False,False
very_high_20_45,2.9029999999999996,2.9989999999999997,0.1,3.8589452667191053,0.9206894756083208,0.7959946391269156,0.9814473084952636,79.52475297060961,0.11383339416039163,0.8047585518752881,0.08140805396432033,0.789857505753203,-123.54110537713039,False,False,33.54110537713039,False,False
very_high_20_45,2.9109999999999996,3.006999999999999,0.1,3.4730844686446836,0.9081279413277618,0.7685004108073263,0.983325379321859,78.71337260455283,0.12611042477862125,0.7893949157944243,0.0844946594269544,0.839616215963427,-121.80703177215769,False,False,31.807031772157686,False,False
very_high_20_45,2.9189999999999996,3.0149999999999997,0.1,2.05672428140688,0.9015148120849985,0.7556209050667032,0.9911484225032212,76.05443695686208,0.1485071080697325,0.7817590963187568,0.06973379561151072,0.8320909260127819,-126.05423618051691,False,False,36.05423618051691,False,False
very_high_20_45,2.9269999999999996,3.022999999999999,0.1,0.6687613649170536,0.9053189657089913,0.7638764312356565,0.991881889494534,75.41986518971439,0.1468328880941357,0.7851230547687418,0.06804405713712242,0.7774259589158183,-131.34543387011675,False,False,41.34543387011675,False,False
very_high_20_45,2.9349999999999996,3.0309999999999997,0.1,1.3912051066640165,0.8790104984711797,0.7099601686368932,0.9964592027969803,74.34339131794064,0.1732307522634143,0.7512302270102106,0.0755390207263751,0.8025613058499174,-127.25699513780461,False,False,37.25699513780461,False,False
very_high_20_45,2.9429999999999996,3.038999999999999,0.1,1.0059873891915778,0.8387391257512322,0.6375083282476258,0.9999812885118482,73.62911146331055,0.19719319664414717,0.7023798273356022,0.10042697602025066,0.7853886550032657,-123.6366476542865,False,False,33.636647654286506,False,False
very_high_20_45,2.9509999999999996,3.0469999999999997,0.1,1.6133479476155992,0.8089314703572097,0.5918932888573826,0.9998912498026822,72.99473986463383,0.22800012943471049,0.6712812597053835,0.10071861085990598,0.7787449559597228,-119.66058841909268,False,False,29.660588419092676,False,False
very_high_20_45,2.9589999999999996,3.054999999999999,0.1,1.385912792531412,0.7769443246940053,0.5430779333150361,0.9966956047249338,77.78855590817226,0.21441202872552442,0.6662314259988538,0.11935654527562192,0.6935153891888837,-112.62546153564897,False,False,22.625461535648967,False,False
very_high_20_45,2.9669999999999996,3.0629999999999997,0.1,2.044422594548926,0.6827849350302542,0.41968595527863206,0.9748949981622439,81.73350808382335,0.22098919984691356,0.5800010369870604,0.19900976316602595,0.48840229826565384,-108.0913976215121,False,False,18.0913976215121,False,False
very_high_20_45,2.9749999999999996,3.070999999999999,0.1,2.805423794892938,0.6387491307125828,0.3734762442169158,0.9654863531340553,83.17989979637096,0.2377673808607012,0.5464488345190478,0.2157837846202509,0.45223927427911437,-104.90174976750124,False,False,14.901749767501244,False,False
very_high_20_45,2.9829999999999997,3.0789999999999997,0.1,3.3783649009217447,0.6875702635873571,0.4236404450288124,0.9920515154969192,83.14009106494127,0.18753149805081004,0.6008086057635299,0.2116598961856601,0.3035419052971923,-119.56652955144109,False,False,29.566529551441093,False,False
very_high_20_45,2.9909999999999997,3.086999999999999,0.1,2.725843138834543,0.6362110729242555,0.37119714750551636,0.9963655053663865,89.66544435751702,0.18726093606511707,0.5727771332288665,0.23996193070601643,0.03445749406500828,108.71802856332536,False,False,18.718028563325362,False,False
very_high_20_45,2.9989999999999997,3.0949999999999998,0.1,2.9603199955885184,0.6236201541612234,0.35790093118664523,0.9486049102419389,87.47576298835297,0.19891529805007566,0.53543130980717,0.26565339214275446,0.07021375634358576,62.45884089653609,False,False,27.54115910346391,False,False
very_high_20_45,3.006999999999999,3.102999999999999,0.1,2.134698342745424,0.6693673862234466,0.4041531088412258,0.9335125265620875,87.47742677600417,0.19570586805923576,0.548154575368742,0.2561395565720222,0.06867975157775177,62.40296681759561,False,False,27.597033182404388,False,False
very_high_20_45,3.0149999999999997,3.1109999999999998,0.1,1.9564737792565032,0.6365096022149566,0.3693741185571294,0.9101078556603497,85.5822989209892,0.21886274925326313,0.5116934422760795,0.2694438084706573,0.06529498562695009,9.851343113662288,False,False,80.1486568863377,False,False
very_high_20_45,3.022999999999999,3.118999999999999,0.1,1.165626437710509,0.6760158353147567,0.41056929009422766,0.916702851726723,86.01083561598675,0.2019962515066033,0.5378648824689932,0.2601388660244034,0.09657979455285233,-45.040697258895285,False,False,44.959302741104715,False,False
very_high_20_45,3.0309999999999997,3.127,0.1,2.8566467911084485,0.748560442681559,0.498241688335312,0.9246278515550833,77.80418342302453,0.18422521538200845,0.5806170203231429,0.23515776429484878,0.38555155392581697,-44.05728299345996,False,False,45.94271700654004,False,False
very_high_20_45,3.038999999999999,3.134999999999999,0.1,4.070296820138568,0.7941427608268761,0.5653668147544666,0.9247390647313706,68.04354106967035,0.19265155920730234,0.5856506949168476,0.22169774587584998,0.5230868848446032,-15.690093137517772,True,True,74.30990686248222,False,False
very_high_20_45,3.0469999999999997,3.143,0.1,3.520782404578889,0.7847408410154839,0.5507658857937027,0.9397229665934574,69.55622809479419,0.19127324325046005,0.5962794968534278,0.21244725989611216,0.5207328923088997,-24.524094201119944,False,False,65.47590579888006,False,False
very_high_20_45,3.054999999999999,3.150999999999999,0.1,3.312417906769006,0.8414260313493029,0.6414988924012893,0.9101134181180323,77.46533430613253,0.13404888195838627,0.6331779143845809,0.2327732036570328,0.5389349447146455,-36.76132758107391,False,False,53.23867241892609,False,False
very_high_20_45,3.0629999999999997,3.159,0.1,4.245656523876078,0.909839755141349,0.7725724587896676,0.916059254916804,76.51430164505942,0.1265854236534737,0.6868747911826949,0.18653978516383138,0.6027876255318845,-32.65828753040318,True,True,57.34171246959682,False,False
very_high_20_45,3.070999999999999,3.166999999999999,0.1,5.291282019280662,0.9112797368451859,0.7762284095771005,0.9420089105893207,74.34416017285884,0.16095677067786376,0.6978062847243867,0.14123694459774955,0.776877054409282,-47.10700262768302,True,True,42.89299737231698,False,False
very_high_20_45,3.0789999999999997,3.175,0.1,4.363869971558151,0.8836277607906005,0.7222219129912532,0.9295069353323516,74.8883705616059,0.19214571607283654,0.6544254579008033,0.15342882602636013,0.8009185829793909,-55.04389393958144,True,True,34.95610606041856,False,False
very_high_20_45,3.086999999999999,3.182999999999999,0.1,2.4189961415480283,0.8938143146862805,0.7439726495349044,0.9052108126250802,74.00327826200653,0.19692867874411477,0.6380081979214878,0.16506312333439743,0.8282909902748061,-54.47539856816243,False,False,35.52460143183757,False,False
very_high_20_45,3.0949999999999998,3.191,0.1,1.473201902080208,0.8799390638603599,0.7147916774703835,0.8866451821512802,72.21650270432133,0.2082953667709248,0.5945136956416284,0.19719093758744677,0.8771603898050321,-56.34410671328106,False,False,33.65589328671894,False,False
very_high_20_45,3.102999999999999,3.198999999999999,0.1,1.2457686564840171,0.8692276258030418,0.6932824203639798,0.8885381521529385,69.72792539463474,0.22300099251218367,0.5750877641786033,0.20191124330921298,0.868159254849141,-53.33012545269016,False,False,36.66987454730984,False,False
very_high_20_45,3.1109999999999998,3.207,0.1,1.6298972393222502,0.8280666448475208,0.6176418127296968,0.8848395679557279,70.18074017588695,0.20878709552322994,0.5523426387831187,0.23887026569365138,0.8386800737783917,-51.101801057323094,False,False,38.898198942676906,False,False
very_high_20_45,3.118999999999999,3.214999999999999,0.1,1.0082914065143869,0.8385034659343404,0.6366110555603114,0.8744859311312991,69.62780627362741,0.1977189668376851,0.5379794721852436,0.26430156097707136,0.8866781849132256,-46.48611044755118,False,False,43.51388955244882,False,False
very_high_20_45,3.127,3.223,0.1,1.6289874665881452,0.806776043216081,0.5901381417160564,0.8833915898782938,66.56827478156085,0.2080066283853587,0.5105157830271942,0.28147758858744715,0.8500256375277148,-38.854954936752186,False,False,51.145045063247814,False,False
very_high_20_45,3.134999999999999,3.230999999999999,0.1,3.4037904762337288,0.6757634127820922,0.4321182996272659,0.9360554506129389,70.27999824019099,0.16256472914563297,0.5502474944905993,0.2871877763637678,0.6326989949450398,-38.18430658810172,False,False,51.81569341189828,False,False
very_high_20_45,3.143,3.239,0.1,4.374649441521693,0.6434015276467071,0.4047271416536599,0.961622605597531,74.76529109814616,0.13504676853122496,0.5987778998374926,0.2661753316312824,0.6307394174408527,-47.30452845692539,True,False,42.69547154307461,False,False
very_high_20_45,3.150999999999999,3.246999999999999,0.1,4.343509405614458,0.6245171350713169,0.4010678692283236,0.9921022991135876,75.44068986903868,0.13639928030367926,0.579636093334441,0.28396462636187975,0.6280984555324283,-46.212369941478286,True,False,43.787630058521714,False,False
very_high_20_45,3.159,3.255,0.1,3.57731413068856,0.7160642368103205,0.4838729997270622,0.9834302678703165,71.5014589612922,0.1648743428248913,0.5731064405070426,0.2620192166680661,0.6491012414475379,-31.355969857906082,False,False,58.64403014209392,False,False
very_high_20_45,3.166999999999999,3.262999999999999,0.1,3.4607894709304694,0.7116874993751272,0.47679118380437024,0.967749986570394,71.22346362217576,0.17846916563587972,0.547936340493045,0.27359449387107526,0.5621292731887745,-19.04416870973241,False,False,70.95583129026758,False,False
very_high_20_45,3.175,3.271,0.1,3.4512094334413663,0.6932204911162778,0.4620394839901937,0.959455367634528,75.59716675831253,0.13770154611404978,0.5517846395106306,0.31051381437531955,0.5023084364576704,-15.798712283810277,False,False,74.20128771618973,False,False
very_high_20_45,3.182999999999999,3.278999999999999,0.1,3.356465993301626,0.6165257638671875,0.3542913050399106,0.950434956764113,72.86415317823867,0.2157722459034896,0.5014318821098394,0.282795871986671,0.33129606778243464,-14.379734643891785,False,False,75.62026535610822,False,False
very_high_20_45,3.191,3.287,0.1,2.3794434373950777,0.6395698901488938,0.37244652342250845,0.9392520159788165,73.3068902557072,0.23518452321434993,0.5102815911738077,0.2545338856118424,0.2713930267013455,-5.0349880604791615,False,False,84.96501193952083,False,False
very_high_20_45,3.198999999999999,3.294999999999999,0.1,1.8429165719871747,0.6544425039923994,0.39247052381503533,0.9206649462195537,72.75631377430382,0.2432247682580672,0.5079042903251453,0.2488709414167875,0.24482086452312998,2.4069634227315504,False,False,87.59303657726845,False,False
very_high_20_45,3.207,3.303,0.1,1.0121322977905522,0.6122762708744782,0.3600058830244534,0.9026775623128689,68.87248169338906,0.26542413607117776,0.47741789290337683,0.2571579710254454,0.22450133149975873,-2.0402249151462133,False,False,87.95977508485379,False,False
very_high_20_45,3.214999999999999,3.310999999999999,0.1,1.121691966091344,0.6122493149641564,0.3639317540565268,0.9298543704003085,66.83456769874633,0.29896841256040224,0.48670679204922707,0.21432479539037072,0.2299197183064206,-14.211187347210169,False,False,75.78881265278983,False,False
very_high_20_45,3.223,3.319,0.1,1.256022257238082,0.583317998391024,0.3375793331498218,0.9285486018301877,66.55741790302584,0.31613181099006865,0.4696515355192769,0.21421665349065444,0.2404641143623934,-34.661261494285085,False,False,55.338738505714915,False,False
very_high_20_45,3.230999999999999,3.326999999999999,0.1,0.28829299206749004,0.47856782751151394,0.2698465443731868,0.9491434935006643,59.794308142952495,0.3561408966441865,0.4346958191350943,0.20916328422071925,0.21702938891334944,-43.56927468823813,False,False,46.43072531176187,False,False
very_high_20_45,3.239,3.335,0.1,0.05061487404699397,0.5474123245360509,0.2976481948029118,0.7643953138346516,24.808145112665564,0.45499358237786525,0.30619887342577173,0.23880754419636296,0.2761354874078948,-28.48054677606766,False,False,61.519453223932345,False,False
very_high_20_45,3.246999999999999,3.342999999999999,0.1,1.0041762394285574,0.6368950348123632,0.37321820019157487,0.2790725494555821,20.141268121545398,0.4971573415870841,0.29480178934256746,0.20804086907034844,0.2830002769952025,-72.01407016712906,False,False,17.985929832870937,False,False
very_high_20_45,3.255,3.351,0.1,1.9230388518907455,0.6926154337614545,0.447883057289735,0.18119646489194688,19.001171900539767,0.529647596489849,0.29071987840400954,0.1796325251061413,0.31131127287055455,-93.8903876230664,False,False,3.8903876230664025,False,False
very_high_20_45,3.262999999999999,3.358999999999999,0.1,1.8385048067326977,0.7548219425843723,0.5120227014052378,0.5649928353408051,26.14533991529311,0.5494791177760825,0.23862592755782586,0.21189495466609168,0.42019022197077666,-134.7379659100951,False,False,44.73796591009511,False,False
very_high_20_45,3.271,3.367,0.1,0.7896747940998324,0.8058788007912183,0.5818782354740033,0.5395299642004004,28.02427752661693,0.5725274303860818,0.2278135917894333,0.1996589778244849,0.5116624298219865,-137.26776543217744,False,False,47.26776543217744,False,False
very_high_20_45,3.278999999999999,3.374999999999999,0.1,0.7914490898178557,0.8031806300321761,0.5777161840556229,0.7123239301152378,25.429232509646983,0.5934970142822289,0.23644773204343406,0.17005525367433713,0.6714843268697774,-125.1965335380837,False,False,35.1965335380837,False,False
very_high_20_45,3.287,3.383,0.1,3.331528137173652,0.7786723598014179,0.5443721966333303,0.9754529176878413,38.10127195524231,0.5212139601286807,0.34092223217766016,0.1378638076936591,0.8078470538792086,-133.28377416381178,False,False,43.283774163811785,False,False
very_high_20_45,3.294999999999999,3.390999999999999,0.1,4.764216709600208,0.6971225384590396,0.45971629275545733,0.9899965434418462,50.26445923635006,0.4350884251068599,0.4535207182515157,0.11139085664162446,0.6842685896516315,-125.74841349944067,True,False,35.74841349944067,False,False
very_high_20_45,3.303,3.399,0.1,4.807327801749935,0.7059100040661758,0.49089898638798174,0.9898439595655402,42.99316932137291,0.47566109951967966,0.45461536580152795,0.06972353467879246,0.827724938634174,-115.12525487825438,True,False,25.12525487825438,True,False
very_high_20_45,3.310999999999999,3.406999999999999,0.1,3.603483356959355,0.7725967911714997,0.564865069793231,0.9878861242495862,43.6168512791121,0.480732518201812,0.46015520809191907,0.05911227370626896,0.9350192364707058,-117.51460981248266,False,False,27.51460981248266,False,False
very_high_20_45,3.319,3.415,0.1,1.8131161208726636,0.7947581289961886,0.5900230516215176,0.986387513791677,46.1736462063887,0.4667413894167149,0.47429138488747125,0.05896722569581379,0.9652122212040837,-119.03187854408782,False,False,29.031878544087817,False,False
very_high_20_45,3.326999999999999,3.422999999999999,0.1,1.0317663930934007,0.760650175305525,0.5508437189195333,0.9843640366041629,47.75696686703775,0.45404507850103715,0.4821270365965228,0.06382788490244001,0.9349236065304813,-116.53141539661141,False,False,26.531415396611408,False,False
very_high_20_45,3.335,3.431,0.1,0.5662105409259565,0.7204892983410498,0.5167487554858554,0.9829729728908165,46.01034983706228,0.455213434273393,0.47979334640149307,0.06499321932511389,0.8135605545246836,-115.76609117937956,False,False,25.766091179379558,False,False
very_high_20_45,3.342999999999999,3.438999999999999,0.1,0.8031058926131833,0.7069561479657123,0.5073781784747728,0.9857118145562971,49.39025359502972,0.43042682714699143,0.5020584705645711,0.06751470228843753,0.7617036262710709,-115.05712637898324,False,False,25.05712637898324,False,False
very_high_20_45,3.351,3.447,0.1,0.46820645654236154,0.6461879325768806,0.463901245077942,0.9956009848571032,53.75418111201849,0.4251634556992528,0.5000094913383363,0.07482705296241093,0.8194637076675129,-106.43541830145097,False,False,16.435418301450966,False,False
