pickIndex,arid,matlabDatenum,arrivalTimeEpochS,arrivalTimeUTC,network,station,location,channel,seedId,phase,amplitude,signalToNoise,timeUncertaintyS,channelInfoText,channelParseSucceeded,isDeleted,isInfrasoundPhase,isSeismicPhase,isUnclassifiedPhase,isInfrasoundChannel,isSeismicChannel,eventNumber,associationMethod,associationTimeResidualS,associationAmbiguous,eventFirstArrivalDatenum,eventLastArrivalDatenum,eventFirstArrivalEpochS,eventLastArrivalEpochS,eventFirstArrivalUTC,eventLastArrivalUTC,timeFromEventFirstArrivalS,arrival_time,phase_normalized,is_deleted,manual_pick_channel,association_channel,travel_time_correction_s,reduced_pick_epoch_s,reduced_pick_time,reconstructed_event_number,association_status,association_residual_s
198,3,736574.546713148,1472735236.016,2016-09-01T13:07:16.016,,BCHH,10,DD1,.BCHH.10.HD1,N,-1,-1,,.BCHH..HD1_10,1,0,1,0,0,1,0,1.0,stored_event_bounds,0.0,0,736574.54671213,736574.546714653,1472735235.928,1472735236.146,2016-09-01T13:07:15.928,2016-09-01T13:07:16.146,0.0879999250173569,2016-09-01 13:07:16.016000032+00:00,n,False,HD1,DD1,0.09010670165049936,1472735235.9258933,2016-09-01 13:07:15.925893307+00:00,1,associated,-0.0012402534484863281
194,4,736574.546712268,1472735235.94,2016-09-01T13:07:15.940,,BCHH,10,DD3,.BCHH.10.HD3,N,-1,-1,,.BCHH..HD3_10,1,0,1,0,0,1,0,1.0,stored_event_bounds,0.0,0,736574.54671213,736574.546714653,1472735235.928,1472735236.146,2016-09-01T13:07:15.928,2016-09-01T13:07:16.146,0.0119995325803757,2016-09-01 13:07:15.940000057+00:00,n,False,HD3,DD3,0.01286658283859636,1472735235.9271336,2016-09-01 13:07:15.927133560+00:00,1,associated,0.0
193,2,736574.54671213,1472735235.928,2016-09-01T13:07:15.928,,BCHH,10,DD2,.BCHH.10.HD2,N,-1,-1,,.BCHH..HD2_10,1,0,1,0,0,1,0,1.0,stored_event_bounds,0.0,0,736574.54671213,736574.546714653,1472735235.928,1472735236.146,2016-09-01T13:07:15.928,2016-09-01T13:07:16.146,0.0,2016-09-01 13:07:15.927999973+00:00,n,False,HD2,DD2,0.0,1472735235.928,2016-09-01 13:07:15.927999973+00:00,1,associated,0.0008664131164550781
201,864,736574.546714653,1472735236.146,2016-09-01T13:07:16.146,,BCHH,10,DD1,.BCHH.10.HD1,N,-1,-1,,.BCHH..HD1_10,1,0,1,0,0,1,0,1.0,stored_event_bounds,0.0,0,736574.54671213,736574.546714653,1472735235.928,1472735236.146,2016-09-01T13:07:15.928,2016-09-01T13:07:16.146,0.218003243207932,2016-09-01 13:07:16.145999908+00:00,n,False,HD1,DD1,0.09010670165049936,1472735236.0558932,2016-09-01 13:07:16.055893183+00:00,2,associated,-0.0012402534484863281
200,866,736574.546713773,1472735236.07,2016-09-01T13:07:16.070,,BCHH,10,DD3,.BCHH.10.HD3,N,-1,-1,,.BCHH..HD3_10,1,0,1,0,0,1,0,1.0,stored_event_bounds,0.0,0,736574.54671213,736574.546714653,1472735235.928,1472735236.146,2016-09-01T13:07:15.928,2016-09-01T13:07:16.146,0.14200285077095,2016-09-01 13:07:16.069999933+00:00,n,False,HD3,DD3,0.01286658283859636,1472735236.0571334,2016-09-01 13:07:16.057133436+00:00,2,associated,0.0
199,865,736574.546713738,1472735236.067,2016-09-01T13:07:16.067,,BCHH,10,DD2,.BCHH.10.HD2,N,-1,-1,,.BCHH..HD2_10,1,0,1,0,0,1,0,1.0,stored_event_bounds,0.0,0,736574.54671213,736574.546714653,1472735235.928,1472735236.146,2016-09-01T13:07:15.928,2016-09-01T13:07:16.146,0.139005482196808,2016-09-01 13:07:16.066999911+00:00,n,False,HD2,DD2,0.0,1472735236.067,2016-09-01 13:07:16.066999911+00:00,2,associated,0.009866476058959961
203,857,736574.54671603,1472735236.265,2016-09-01T13:07:16.265,,BCHH,10,DD3,.BCHH.10.HD3,N,-1,-1,,.BCHH..HD3_10,1,0,1,0,0,1,0,2.0,stored_event_bounds,0.0,0,736574.546715914,736574.546718113,1472735236.255,1472735236.445,2016-09-01T13:07:16.255,2016-09-01T13:07:16.445,0.009997934103012,2016-09-01 13:07:16.265000105+00:00,n,False,HD3,DD3,0.01286658283859636,1472735236.2521336,2016-09-01 13:07:16.252133608+00:00,3,associated,-0.002866506576538086
202,856,736574.546715914,1472735236.255,2016-09-01T13:07:16.255,,BCHH,10,DD2,.BCHH.10.HD2,N,-1,-1,,.BCHH..HD2_10,1,0,1,0,0,1,0,2.0,stored_event_bounds,0.0,0,736574.546715914,736574.546718113,1472735236.255,1472735236.445,2016-09-01T13:07:16.255,2016-09-01T13:07:16.445,0.0,2016-09-01 13:07:16.255000114+00:00,n,False,HD2,DD2,0.0,1472735236.255,2016-09-01 13:07:16.255000114+00:00,3,associated,0.0
204,855,736574.546716968,1472735236.346,2016-09-01T13:07:16.346,,BCHH,10,DD1,.BCHH.10.HD1,N,-1,-1,,.BCHH..HD1_10,1,0,1,0,0,1,0,2.0,stored_event_bounds,0.0,0,736574.546715914,736574.546718113,1472735236.255,1472735236.445,2016-09-01T13:07:16.255,2016-09-01T13:07:16.445,0.0909972935914993,2016-09-01 13:07:16.345999956+00:00,n,False,HD1,DD1,0.09010670165049936,1472735236.2558932,2016-09-01 13:07:16.255893230+00:00,3,associated,0.0008931159973144531
205,868,736574.546718113,1472735236.445,2016-09-01T13:07:16.445,,BCHH,10,DD3,.BCHH.10.HD3,N,-1,-1,,.BCHH..HD3_10,1,0,1,0,0,1,0,2.0,stored_event_bounds,0.0,0,736574.546715914,736574.546718113,1472735236.255,1472735236.445,2016-09-01T13:07:16.255,2016-09-01T13:07:16.445,0.190000981092453,2016-09-01 13:07:16.444999933+00:00,n,False,HD3,DD3,0.01286658283859636,1472735236.4321334,2016-09-01 13:07:16.432133436+00:00,4,associated,-0.014933347702026367
206,867,736574.54671831,1472735236.462,2016-09-01T13:07:16.462,,BCHH,10,DD2,.BCHH.10.HD2,N,-1,-1,,.BCHH..HD2_10,1,0,1,0,0,1,0,2.0,nearest_event,0.0169984996318817,0,736574.546715914,736574.546718113,1472735236.255,1472735236.445,2016-09-01T13:07:16.255,2016-09-01T13:07:16.445,0.206999480724335,2016-09-01 13:07:16.461999893+00:00,n,False,HD2,DD2,0.0,1472735236.462,2016-09-01 13:07:16.461999893+00:00,4,associated,0.014933109283447266
208,870,736574.546722361,1472735236.812,2016-09-01T13:07:16.812,,BCHH,10,DD3,.BCHH.10.HD3,N,-1,-1,,.BCHH..HD3_10,1,0,1,0,0,1,0,3.0,stored_event_bounds,0.0,0,736574.546722222,736574.546722361,1472735236.8,1472735236.812,2016-09-01T13:07:16.800,2016-09-01T13:07:16.812,0.0119995325803757,2016-09-01 13:07:16.812000036+00:00,n,False,HD3,DD3,0.01286658283859636,1472735236.7991335,2016-09-01 13:07:16.799133539+00:00,5,associated,-0.00043320655822753906
207,869,736574.546722222,1472735236.8,2016-09-01T13:07:16.800,,BCHH,10,DD2,.BCHH.10.HD2,N,-1,-1,,.BCHH..HD2_10,1,0,1,0,0,1,0,3.0,stored_event_bounds,0.0,0,736574.546722222,736574.546722361,1472735236.8,1472735236.812,2016-09-01T13:07:16.800,2016-09-01T13:07:16.812,0.0,2016-09-01 13:07:16.799999952+00:00,n,False,HD2,DD2,0.0,1472735236.8,2016-09-01 13:07:16.799999952+00:00,5,associated,0.00043320655822753906
210,853,736574.546727477,1472735237.254,2016-09-01T13:07:17.254,,BCHH,10,DD3,.BCHH.10.HD3,N,-1,-1,,.BCHH..HD3_10,1,0,1,0,0,1,0,4.0,stored_event_bounds,0.0,0,736574.546727338,736574.546728414,1472735237.242,1472735237.335,2016-09-01T13:07:17.242,2016-09-01T13:07:17.335,0.0119995325803757,2016-09-01 13:07:17.253999949+00:00,n,False,HD3,DD3,0.01286658283859636,1472735237.2411335,2016-09-01 13:07:17.241133451+00:00,6,associated,-0.0008666515350341797
209,852,736574.546727338,1472735237.242,2016-09-01T13:07:17.242,,BCHH,10,DD2,.BCHH.10.HD2,N,-1,-1,,.BCHH..HD2_10,1,0,1,0,0,1,0,4.0,stored_event_bounds,0.0,0,736574.546727338,736574.546728414,1472735237.242,1472735237.335,2016-09-01T13:07:17.242,2016-09-01T13:07:17.335,0.0,2016-09-01 13:07:17.242000103+00:00,n,False,HD2,DD2,0.0,1472735237.242,2016-09-01 13:07:17.242000103+00:00,6,associated,0.0
211,854,736574.546728414,1472735237.335,2016-09-01T13:07:17.335,,BCHH,10,DD1,.BCHH.10.HD1,N,-1,-1,,.BCHH..HD1_10,1,0,1,0,0,1,0,4.0,stored_event_bounds,0.0,0,736574.546727338,736574.546728414,1472735237.242,1472735237.335,2016-09-01T13:07:17.242,2016-09-01T13:07:17.335,0.0929988920688629,2016-09-01 13:07:17.335000038+00:00,n,False,HD1,DD1,0.09010670165049936,1472735237.2448933,2016-09-01 13:07:17.244893312+00:00,6,associated,0.002893209457397461
215,858,736574.546732905,1472735237.723,2016-09-01T13:07:17.723,,BCHH,10,DD1,.BCHH.10.HD1,N,-1,-1,,.BCHH..HD1_10,1,0,1,0,0,1,0,5.0,stored_event_bounds,0.0,0,736574.546731875,736574.546732905,1472735237.634,1472735237.723,2016-09-01T13:07:17.634,2016-09-01T13:07:17.723,0.0889956951141357,2016-09-01 13:07:17.723000050+00:00,n,False,HD1,DD1,0.09010670165049936,1472735237.6328933,2016-09-01 13:07:17.632893324+00:00,7,associated,-0.0011067390441894531
213,859,736574.546731875,1472735237.634,2016-09-01T13:07:17.634,,BCHH,10,DD2,.BCHH.10.HD2,N,-1,-1,,.BCHH..HD2_10,1,0,1,0,0,1,0,5.0,stored_event_bounds,0.0,0,736574.546731875,736574.546732905,1472735237.634,1472735237.723,2016-09-01T13:07:17.634,2016-09-01T13:07:17.723,0.0,2016-09-01 13:07:17.634000063+00:00,n,False,HD2,DD2,0.0,1472735237.634,2016-09-01 13:07:17.634000063+00:00,7,associated,0.0
214,860,736574.546732049,1472735237.649,2016-09-01T13:07:17.649,,BCHH,10,DD3,.BCHH.10.HD3,N,-1,-1,,.BCHH..HD3_10,1,0,1,0,0,1,0,5.0,stored_event_bounds,0.0,0,736574.546731875,736574.546732905,1472735237.634,1472735237.723,2016-09-01T13:07:17.634,2016-09-01T13:07:17.723,0.0149969011545181,2016-09-01 13:07:17.648999929+00:00,n,False,HD3,DD3,0.01286658283859636,1472735237.6361334,2016-09-01 13:07:17.636133432+00:00,7,associated,0.0021333694458007812
218,861,736574.546735903,1472735237.982,2016-09-01T13:07:17.982,,BCHH,10,DD1,.BCHH.10.HD1,N,-1,-1,,.BCHH..HD1_10,1,0,1,0,0,1,0,6.0,stored_event_bounds,0.0,0,736574.546734907,736574.546735903,1472735237.896,1472735237.982,2016-09-01T13:07:17.896,2016-09-01T13:07:17.982,0.0859983265399933,2016-09-01 13:07:17.982000113+00:00,n,False,HD1,DD1,0.09010670165049936,1472735237.8918934,2016-09-01 13:07:17.891893387+00:00,8,associated,-0.0032401084899902344
217,863,736574.546735046,1472735237.908,2016-09-01T13:07:17.908,,BCHH,10,DD3,.BCHH.10.HD3,N,-1,-1,,.BCHH..HD3_10,1,0,1,0,0,1,0,6.0,stored_event_bounds,0.0,0,736574.546734907,736574.546735903,1472735237.896,1472735237.982,2016-09-01T13:07:17.896,2016-09-01T13:07:17.982,0.0119995325803757,2016-09-01 13:07:17.907999992+00:00,n,False,HD3,DD3,0.01286658283859636,1472735237.8951335,2016-09-01 13:07:17.895133495+00:00,8,associated,0.0
216,862,736574.546734907,1472735237.896,2016-09-01T13:07:17.896,,BCHH,10,DD2,.BCHH.10.HD2,N,-1,-1,,.BCHH..HD2_10,1,0,1,0,0,1,0,6.0,stored_event_bounds,0.0,0,736574.546734907,736574.546735903,1472735237.896,1472735237.982,2016-09-01T13:07:17.896,2016-09-01T13:07:17.982,0.0,2016-09-01 13:07:17.895999908+00:00,n,False,HD2,DD2,0.0,1472735237.896,2016-09-01 13:07:17.895999908+00:00,8,associated,0.0008664131164550781
221,8,736574.546738426,1472735238.2,2016-09-01T13:07:18.200,,BCHH,10,DD1,.BCHH.10.HD1,N,-1,-1,,.BCHH..HD1_10,1,0,1,0,0,1,0,7.0,stored_event_bounds,0.0,0,736574.546737407,736574.546740775,1472735238.112,1472735238.403,2016-09-01T13:07:18.112,2016-09-01T13:07:18.403,0.0879999250173569,2016-09-01 13:07:18.200000048+00:00,n,False,HD1,DD1,0.09010670165049936,1472735238.1098933,2016-09-01 13:07:18.109893322+00:00,9,associated,-0.0012402534484863281
220,10,736574.546737546,1472735238.124,2016-09-01T13:07:18.124,,BCHH,10,DD3,.BCHH.10.HD3,N,-1,-1,,.BCHH..HD3_10,1,0,1,0,0,1,0,7.0,stored_event_bounds,0.0,0,736574.546737407,736574.546740775,1472735238.112,1472735238.403,2016-09-01T13:07:18.112,2016-09-01T13:07:18.403,0.0119995325803757,2016-09-01 13:07:18.124000072+00:00,n,False,HD3,DD3,0.01286658283859636,1472735238.1111336,2016-09-01 13:07:18.111133575+00:00,9,associated,0.0
219,9,736574.546737407,1472735238.112,2016-09-01T13:07:18.112,,BCHH,10,DD2,.BCHH.10.HD2,N,-1,-1,,.BCHH..HD2_10,1,0,1,0,0,1,0,7.0,stored_event_bounds,0.0,0,736574.546737407,736574.546740775,1472735238.112,1472735238.403,2016-09-01T13:07:18.112,2016-09-01T13:07:18.403,0.0,2016-09-01 13:07:18.111999989+00:00,n,False,HD2,DD2,0.0,1472735238.112,2016-09-01 13:07:18.111999989+00:00,9,associated,0.0008664131164550781
222,877,736574.546739572,1472735238.299,2016-09-01T13:07:18.299,,BCHH,10,DD1,.BCHH.10.HD1,N,-1,-1,,.BCHH..HD1_10,1,0,1,0,0,1,0,7.0,stored_event_bounds,0.0,0,736574.546737407,736574.546740775,1472735238.112,1472735238.403,2016-09-01T13:07:18.112,2016-09-01T13:07:18.403,0.186993554234505,2016-09-01 13:07:18.299000025+00:00,n,False,HD1,DD1,0.09010670165049936,1472735238.2088933,2016-09-01 13:07:18.208893299+00:00,0,unassociated_seed,
223,879,736574.546740602,1472735238.388,2016-09-01T13:07:18.388,,BCHH,10,DD2,.BCHH.10.HD2,N,-1,-1,,.BCHH..HD2_10,1,0,1,0,0,1,0,7.0,stored_event_bounds,0.0,0,736574.546737407,736574.546740775,1472735238.112,1472735238.403,2016-09-01T13:07:18.112,2016-09-01T13:07:18.403,0.275999307632446,2016-09-01 13:07:18.388000011+00:00,n,False,HD2,DD2,0.0,1472735238.388,2016-09-01 13:07:18.388000011+00:00,10,associated,-0.0010666847229003906
224,878,736574.546740775,1472735238.403,2016-09-01T13:07:18.403,,BCHH,10,DD3,.BCHH.10.HD3,N,-1,-1,,.BCHH..HD3_10,1,0,1,0,0,1,0,7.0,stored_event_bounds,0.0,0,736574.546737407,736574.546740775,1472735238.112,1472735238.403,2016-09-01T13:07:18.112,2016-09-01T13:07:18.403,0.290996208786964,2016-09-01 13:07:18.403000116+00:00,n,False,HD3,DD3,0.01286658283859636,1472735238.3901336,2016-09-01 13:07:18.390133619+00:00,10,associated,0.0010669231414794922
227,882,736574.546748461,1472735239.067,2016-09-01T13:07:19.067,,BCHH,10,DD1,.BCHH.10.HD1,N,-1,-1,,.BCHH..HD1_10,1,0,1,0,0,1,0,8.0,stored_event_bounds,0.0,0,736574.546747488,736574.546748461,1472735238.983,1472735239.067,2016-09-01T13:07:18.983,2016-09-01T13:07:19.067,0.0839967280626297,2016-09-01 13:07:19.066999911+00:00,n,False,HD1,DD1,0.09010670165049936,1472735238.9768932,2016-09-01 13:07:18.976893187+00:00,11,associated,-0.000240325927734375
226,880,736574.546747569,1472735238.99,2016-09-01T13:07:18.990,,BCHH,10,DD3,.BCHH.10.HD3,N,-1,-1,,.BCHH..HD3_10,1,0,1,0,0,1,0,8.0,stored_event_bounds,0.0,0,736574.546747488,736574.546748461,1472735238.983,1472735239.067,2016-09-01T13:07:18.983,2016-09-01T13:07:19.067,0.0070005655288696,2016-09-01 13:07:18.990000010+00:00,n,False,HD3,DD3,0.01286658283859636,1472735238.9771335,2016-09-01 13:07:18.977133512+00:00,11,associated,0.0
225,881,736574.546747488,1472735238.983,2016-09-01T13:07:18.983,,BCHH,10,DD2,.BCHH.10.HD2,N,-1,-1,,.BCHH..HD2_10,1,0,1,0,0,1,0,8.0,stored_event_bounds,0.0,0,736574.546747488,736574.546748461,1472735238.983,1472735239.067,2016-09-01T13:07:18.983,2016-09-01T13:07:19.067,0.0,2016-09-01 13:07:18.983000040+00:00,n,False,HD2,DD2,0.0,1472735238.983,2016-09-01 13:07:18.983000040+00:00,11,associated,0.005866527557373047
228,884,736574.546750451,1472735239.239,2016-09-01T13:07:19.239,,BCHH,10,DD2,.BCHH.10.HD2,N,-1,-1,,.BCHH..HD2_10,1,0,1,0,0,1,0,9.0,stored_event_bounds,0.0,0,736574.546750451,736574.546750613,1472735239.239,1472735239.253,2016-09-01T13:07:19.239,2016-09-01T13:07:19.253,0.0,2016-09-01 13:07:19.239000082+00:00,n,False,HD2,DD2,0.0,1472735239.239,2016-09-01 13:07:19.239000082+00:00,12,associated,-0.0005667209625244141
229,883,736574.546750613,1472735239.253,2016-09-01T13:07:19.253,,BCHH,10,DD3,.BCHH.10.HD3,N,-1,-1,,.BCHH..HD3_10,1,0,1,0,0,1,0,9.0,stored_event_bounds,0.0,0,736574.546750451,736574.546750613,1472735239.239,1472735239.253,2016-09-01T13:07:19.239,2016-09-01T13:07:19.253,0.0139910727739334,2016-09-01 13:07:19.253000021+00:00,n,False,HD3,DD3,0.01286658283859636,1472735239.2401335,2016-09-01 13:07:19.240133524+00:00,12,associated,0.0005667209625244141
238,11,736574.546753657,1472735239.516,2016-09-01T13:07:19.516,,BCHH,10,DD1,.BCHH.10.HD1,N,-1,-1,,.BCHH..HD1_10,1,0,1,0,0,1,0,10.0,stored_event_bounds,0.0,0,736574.546752639,736574.546755463,1472735239.428,1472735239.672,2016-09-01T13:07:19.428,2016-09-01T13:07:19.672,0.0879999250173569,2016-09-01 13:07:19.516000032+00:00,n,False,HD1,DD1,0.09010670165049936,1472735239.4258933,2016-09-01 13:07:19.425893307+00:00,13,associated,-0.0012402534484863281
232,13,736574.546752778,1472735239.44,2016-09-01T13:07:19.440,,BCHH,10,DD3,.BCHH.10.HD3,N,-1,-1,,.BCHH..HD3_10,1,0,1,0,0,1,0,10.0,stored_event_bounds,0.0,0,736574.546752639,736574.546755463,1472735239.428,1472735239.672,2016-09-01T13:07:19.428,2016-09-01T13:07:19.672,0.0119995325803757,2016-09-01 13:07:19.440000057+00:00,n,False,HD3,DD3,0.01286658283859636,1472735239.4271336,2016-09-01 13:07:19.427133560+00:00,13,associated,0.0
230,14,736574.546752639,1472735239.428,2016-09-01T13:07:19.428,,BCHH,10,DD2,.BCHH.10.HD2,N,-1,-1,,.BCHH..HD2_10,1,0,1,0,0,1,0,10.0,stored_event_bounds,0.0,0,736574.546752639,736574.546755463,1472735239.428,1472735239.672,2016-09-01T13:07:19.428,2016-09-01T13:07:19.672,0.0,2016-09-01 13:07:19.427999973+00:00,n,False,HD2,DD2,0.0,1472735239.428,2016-09-01 13:07:19.427999973+00:00,13,associated,0.0008664131164550781
240,885,736574.546754502,1472735239.589,2016-09-01T13:07:19.589,,BCHH,10,DD1,.BCHH.10.HD1,N,-1,-1,,.BCHH..HD1_10,1,0,1,0,0,1,0,10.0,stored_event_bounds,0.0,0,736574.546752639,736574.546755463,1472735239.428,1472735239.672,2016-09-01T13:07:19.428,2016-09-01T13:07:19.672,0.161002948880196,2016-09-01 13:07:19.588999987+00:00,n,False,HD1,DD1,0.09010670165049936,1472735239.4988933,2016-09-01 13:07:19.498893261+00:00,14,associated,-0.0012402534484863281
237,887,736574.546753623,1472735239.513,2016-09-01T13:07:19.513,,BCHH,10,DD3,.BCHH.10.HD3,N,-1,-1,,.BCHH..HD3_10,1,0,1,0,0,1,0,10.0,stored_event_bounds,0.0,0,736574.546752639,736574.546755463,1472735239.428,1472735239.672,2016-09-01T13:07:19.428,2016-09-01T13:07:19.672,0.0850025564432144,2016-09-01 13:07:19.513000011+00:00,n,False,HD3,DD3,0.01286658283859636,1472735239.5001335,2016-09-01 13:07:19.500133513+00:00,14,associated,0.0
236,886,736574.54675353,1472735239.505,2016-09-01T13:07:19.505,,BCHH,10,DD2,.BCHH.10.HD2,N,-1,-1,,.BCHH..HD2_10,1,0,1,0,0,1,0,10.0,stored_event_bounds,0.0,0,736574.546752639,736574.546755463,1472735239.428,1472735239.672,2016-09-01T13:07:19.428,2016-09-01T13:07:19.672,0.0769961625337601,2016-09-01 13:07:19.505000114+00:00,n,False,HD2,DD2,0.0,1472735239.505,2016-09-01 13:07:19.505000114+00:00,14,associated,0.004866600036621094
242,888,736574.546755463,1472735239.672,2016-09-01T13:07:19.672,,BCHH,10,DD1,.BCHH.10.HD1,N,-1,-1,,.BCHH..HD1_10,1,0,1,0,0,1,0,10.0,stored_event_bounds,0.0,0,736574.546752639,736574.546755463,1472735239.428,1472735239.672,2016-09-01T13:07:19.428,2016-09-01T13:07:19.672,0.244003906846046,2016-09-01 13:07:19.671999931+00:00,n,False,HD1,DD1,0.09010670165049936,1472735239.5818932,2016-09-01 13:07:19.581893206+00:00,15,associated,-0.0012402534484863281
241,890,736574.546754583,1472735239.596,2016-09-01T13:07:19.596,,BCHH,10,DD3,.BCHH.10.HD3,N,-1,-1,,.BCHH..HD3_10,1,0,1,0,0,1,0,10.0,stored_event_bounds,0.0,0,736574.546752639,736574.546755463,1472735239.428,1472735239.672,2016-09-01T13:07:19.428,2016-09-01T13:07:19.672,0.168003514409065,2016-09-01 13:07:19.595999956+00:00,n,False,HD3,DD3,0.01286658283859636,1472735239.5831335,2016-09-01 13:07:19.583133459+00:00,15,associated,0.0
239,889,736574.546754456,1472735239.585,2016-09-01T13:07:19.585,,BCHH,10,DD2,.BCHH.10.HD2,N,-1,-1,,.BCHH..HD2_10,1,0,1,0,0,1,0,10.0,stored_event_bounds,0.0,0,736574.546752639,736574.546755463,1472735239.428,1472735239.672,2016-09-01T13:07:19.428,2016-09-01T13:07:19.672,0.156999751925468,2016-09-01 13:07:19.585000038+00:00,n,False,HD2,DD2,0.0,1472735239.585,2016-09-01 13:07:19.585000038+00:00,15,associated,0.0018665790557861328
245,876,736574.546760417,1472735240.1,2016-09-01T13:07:20.100,,BCHH,10,DD1,.BCHH.10.HD1,N,-1,-1,,.BCHH..HD1_10,1,0,1,0,0,1,0,,,,0,,,,,NaT,NaT,,2016-09-01 13:07:20.099999905+00:00,n,False,HD1,DD1,0.09010670165049936,1472735240.0098932,2016-09-01 13:07:20.009893179+00:00,0,unassociated_seed,
244,874,736574.546769884,1472735240.918,2016-09-01T13:07:20.918,,BCHH,10,DD3,.BCHH.10.HD3,N,-1,-1,,.BCHH..HD3_10,1,0,1,0,0,1,0,11.0,stored_event_bounds,0.0,0,736574.546769792,736574.546769884,1472735240.91,1472735240.918,2016-09-01T13:07:20.910,2016-09-01T13:07:20.918,0.0080063939094543,2016-09-01 13:07:20.917999983+00:00,n,False,HD3,DD3,0.01286658283859636,1472735240.9051335,2016-09-01 13:07:20.905133486+00:00,16,associated,-0.002433300018310547
243,875,736574.546769792,1472735240.91,2016-09-01T13:07:20.910,,BCHH,10,DD2,.BCHH.10.HD2,N,-1,-1,,.BCHH..HD2_10,1,0,1,0,0,1,0,11.0,stored_event_bounds,0.0,0,736574.546769792,736574.546769884,1472735240.91,1472735240.918,2016-09-01T13:07:20.910,2016-09-01T13:07:20.918,0.0,2016-09-01 13:07:20.910000086+00:00,n,False,HD2,DD2,0.0,1472735240.91,2016-09-01 13:07:20.910000086+00:00,16,associated,0.002433300018310547
247,871,736574.546777558,1472735241.581,2016-09-01T13:07:21.581,,BCHH,10,DD3,.BCHH.10.HD3,N,-1,-1,,.BCHH..HD3_10,1,0,1,0,0,1,0,12.0,stored_event_bounds,0.0,0,736574.546777465,736574.546778472,1472735241.573,1472735241.66,2016-09-01T13:07:21.573,2016-09-01T13:07:21.660,0.0079963356256485,2016-09-01 13:07:21.581000090+00:00,n,False,HD3,DD3,0.01286658283859636,1472735241.5681336,2016-09-01 13:07:21.568133593+00:00,17,associated,-0.0017597675323486328
248,873,736574.546778472,1472735241.66,2016-09-01T13:07:21.660,,BCHH,10,DD1,.BCHH.10.HD1,N,-1,-1,,.BCHH..HD1_10,1,0,1,0,0,1,0,12.0,stored_event_bounds,0.0,0,736574.546777465,736574.546778472,1472735241.573,1472735241.66,2016-09-01T13:07:21.573,2016-09-01T13:07:21.660,0.087004154920578,2016-09-01 13:07:21.660000086+00:00,n,False,HD1,DD1,0.09010670165049936,1472735241.5698934,2016-09-01 13:07:21.569893360+00:00,17,associated,0.0
246,872,736574.546777465,1472735241.573,2016-09-01T13:07:21.573,,BCHH,10,DD2,.BCHH.10.HD2,N,-1,-1,,.BCHH..HD2_10,1,0,1,0,0,1,0,12.0,stored_event_bounds,0.0,0,736574.546777465,736574.546778472,1472735241.573,1472735241.66,2016-09-01T13:07:21.573,2016-09-01T13:07:21.660,0.0,2016-09-01 13:07:21.572999954+00:00,n,False,HD2,DD2,0.0,1472735241.573,2016-09-01 13:07:21.572999954+00:00,17,associated,0.0031065940856933594
254,18,736574.546800417,1472735243.556,2016-09-01T13:07:23.556,,BCHH,10,DD1,.BCHH.10.HD1,N,-1,-1,,.BCHH..HD1_10,1,0,1,0,0,1,0,13.0,stored_event_bounds,0.0,0,736574.546799398,736574.546800417,1472735243.468,1472735243.556,2016-09-01T13:07:23.468,2016-09-01T13:07:23.556,0.0879999250173569,2016-09-01 13:07:23.555999994+00:00,n,False,HD1,DD1,0.09010670165049936,1472735243.4658933,2016-09-01 13:07:23.465893269+00:00,18,associated,-0.0012402534484863281
250,20,736574.546799537,1472735243.48,2016-09-01T13:07:23.480,,BCHH,10,DD3,.BCHH.10.HD3,N,-1,-1,,.BCHH..HD3_10,1,0,1,0,0,1,0,13.0,stored_event_bounds,0.0,0,736574.546799398,736574.546800417,1472735243.468,1472735243.556,2016-09-01T13:07:23.468,2016-09-01T13:07:23.556,0.0119995325803757,2016-09-01 13:07:23.480000019+00:00,n,False,HD3,DD3,0.01286658283859636,1472735243.4671335,2016-09-01 13:07:23.467133522+00:00,18,associated,0.0
249,19,736574.546799398,1472735243.468,2016-09-01T13:07:23.468,,BCHH,10,DD2,.BCHH.10.HD2,N,-1,-1,,.BCHH..HD2_10,1,0,1,0,0,1,0,13.0,stored_event_bounds,0.0,0,736574.546799398,736574.546800417,1472735243.468,1472735243.556,2016-09-01T13:07:23.468,2016-09-01T13:07:23.556,0.0,2016-09-01 13:07:23.467999935+00:00,n,False,HD2,DD2,0.0,1472735243.468,2016-09-01 13:07:23.467999935+00:00,18,associated,0.0008664131164550781
256,851,736574.546823461,1472735245.547,2016-09-01T13:07:25.547,,BCHH,10,DD3,.BCHH.10.HD3,N,-1,-1,,.BCHH..HD3_10,1,0,1,0,0,1,0,14.0,stored_event_bounds,0.0,0,736574.546823461,736574.546823495,1472735245.547,1472735245.55,2016-09-01T13:07:25.547,2016-09-01T13:07:25.550,0.0,2016-09-01 13:07:25.546999931+00:00,n,False,HD3,DD3,0.01286658283859636,1472735245.5341334,2016-09-01 13:07:25.534133434+00:00,19,associated,-0.00793313980102539
257,850,736574.546823495,1472735245.55,2016-09-01T13:07:25.550,,BCHH,10,DD2,.BCHH.10.HD2,N,-1,-1,,.BCHH..HD2_10,1,0,1,0,0,1,0,14.0,stored_event_bounds,0.0,0,736574.546823461,736574.546823495,1472735245.547,1472735245.55,2016-09-01T13:07:25.547,2016-09-01T13:07:25.550,0.0030074268579483,2016-09-01 13:07:25.549999952+00:00,n,False,HD2,DD2,0.0,1472735245.55,2016-09-01 13:07:25.549999952+00:00,19,associated,0.007933378219604492
261,32,736574.546831898,1472735246.276,2016-09-01T13:07:26.276,,BCHH,10,DD1,.BCHH.10.HD1,N,-1,-1,,.BCHH..HD1_10,1,0,1,0,0,1,0,15.0,stored_event_bounds,0.0,0,736574.546830926,736574.546831898,1472735246.192,1472735246.276,2016-09-01T13:07:26.192,2016-09-01T13:07:26.276,0.0839967280626297,2016-09-01 13:07:26.276000023+00:00,n,False,HD1,DD1,0.09010670165049936,1472735246.1858933,2016-09-01 13:07:26.185893297+00:00,20,associated,-0.0012402534484863281
260,34,736574.546831019,1472735246.2,2016-09-01T13:07:26.200,,BCHH,10,DD3,.BCHH.10.HD3,N,-1,-1,,.BCHH..HD3_10,1,0,1,0,0,1,0,15.0,stored_event_bounds,0.0,0,736574.546830926,736574.546831898,1472735246.192,1472735246.276,2016-09-01T13:07:26.192,2016-09-01T13:07:26.276,0.0079963356256485,2016-09-01 13:07:26.200000048+00:00,n,False,HD3,DD3,0.01286658283859636,1472735246.1871336,2016-09-01 13:07:26.187133551+00:00,20,associated,0.0
259,33,736574.546830926,1472735246.192,2016-09-01T13:07:26.192,,BCHH,10,DD2,.BCHH.10.HD2,N,-1,-1,,.BCHH..HD2_10,1,0,1,0,0,1,0,15.0,stored_event_bounds,0.0,0,736574.546830926,736574.546831898,1472735246.192,1472735246.276,2016-09-01T13:07:26.192,2016-09-01T13:07:26.276,0.0,2016-09-01 13:07:26.191999912+00:00,n,False,HD2,DD2,0.0,1472735246.192,2016-09-01 13:07:26.191999912+00:00,20,associated,0.004866361618041992
263,40,736574.546837975,1472735246.801,2016-09-01T13:07:26.801,,BCHH,10,DD3,.BCHH.10.HD3,N,-1,-1,,.BCHH..HD3_10,1,0,1,0,0,1,0,16.0,stored_event_bounds,0.0,0,736574.54683787,736574.546838889,1472735246.792,1472735246.88,2016-09-01T13:07:26.792,2016-09-01T13:07:26.880,0.0090021640062332,2016-09-01 13:07:26.801000118+00:00,n,False,HD3,DD3,0.01286658283859636,1472735246.7881336,2016-09-01 13:07:26.788133621+00:00,21,associated,-0.0017597675323486328
264,38,736574.546838889,1472735246.88,2016-09-01T13:07:26.880,,BCHH,10,DD1,.BCHH.10.HD1,N,-1,-1,,.BCHH..HD1_10,1,0,1,0,0,1,0,16.0,stored_event_bounds,0.0,0,736574.54683787,736574.546838889,1472735246.792,1472735246.88,2016-09-01T13:07:26.792,2016-09-01T13:07:26.880,0.0879999250173569,2016-09-01 13:07:26.880000114+00:00,n,False,HD1,DD1,0.09010670165049936,1472735246.7898934,2016-09-01 13:07:26.789893389+00:00,21,associated,0.0
262,39,736574.54683787,1472735246.792,2016-09-01T13:07:26.792,,BCHH,10,DD2,.BCHH.10.HD2,N,-1,-1,,.BCHH..HD2_10,1,0,1,0,0,1,0,16.0,stored_event_bounds,0.0,0,736574.54683787,736574.546838889,1472735246.792,1472735246.88,2016-09-01T13:07:26.792,2016-09-01T13:07:26.880,0.0,2016-09-01 13:07:26.792000055+00:00,n,False,HD2,DD2,0.0,1472735246.792,2016-09-01 13:07:26.792000055+00:00,21,associated,0.0021066665649414062
266,26,736574.546856678,1472735248.417,2016-09-01T13:07:28.417,,BCHH,10,DD3,.BCHH.10.HD3,N,-1,-1,,.BCHH..HD3_10,1,0,1,0,0,1,0,17.0,stored_event_bounds,0.0,0,736574.546856574,736574.546857593,1472735248.40799,1472735248.49601,2016-09-01T13:07:28.407,2016-09-01T13:07:28.496,0.0090021640062332,2016-09-01 13:07:28.417000055+00:00,n,False,HD3,DD3,0.01286658283859636,1472735248.4041336,2016-09-01 13:07:28.404133558+00:00,22,associated,-0.0017697811126708984
270,24,736574.546857593,1472735248.49601,2016-09-01T13:07:28.496,,BCHH,10,DD1,.BCHH.10.HD1,N,-1,-1,,.BCHH..HD1_10,1,0,1,0,0,1,0,17.0,stored_event_bounds,0.0,0,736574.546856574,736574.546857593,1472735248.40799,1472735248.49601,2016-09-01T13:07:28.407,2016-09-01T13:07:28.496,0.0880099833011627,2016-09-01 13:07:28.496010065+00:00,n,False,HD1,DD1,0.09010670165049936,1472735248.4059033,2016-09-01 13:07:28.405903339+00:00,22,associated,0.0
265,25,736574.546856574,1472735248.40799,2016-09-01T13:07:28.407,,BCHH,10,DD2,.BCHH.10.HD2,N,-1,-1,,.BCHH..HD2_10,1,0,1,0,0,1,0,17.0,stored_event_bounds,0.0,0,736574.546856574,736574.546857593,1472735248.40799,1472735248.49601,2016-09-01T13:07:28.407,2016-09-01T13:07:28.496,0.0,2016-09-01 13:07:28.407989979+00:00,n,False,HD2,DD2,0.0,1472735248.40799,2016-09-01 13:07:28.407989979+00:00,22,associated,0.002086639404296875
272,37,736574.54686338,1472735248.996,2016-09-01T13:07:28.996,,BCHH,10,DD3,.BCHH.10.HD3,N,-1,-1,,.BCHH..HD3_10,1,0,1,0,0,1,0,18.0,stored_event_bounds,0.0,0,736574.546863287,736574.546864306,1472735248.988,1472735249.076,2016-09-01T13:07:28.988,2016-09-01T13:07:29.076,0.0080063939094543,2016-09-01 13:07:28.996000051+00:00,n,False,HD3,DD3,0.01286658283859636,1472735248.9831336,2016-09-01 13:07:28.983133554+00:00,23,associated,-0.002759695053100586
273,36,736574.546864306,1472735249.076,2016-09-01T13:07:29.076,,BCHH,10,DD1,.BCHH.10.HD1,N,-1,-1,,.BCHH..HD1_10,1,0,1,0,0,1,0,18.0,stored_event_bounds,0.0,0,736574.546863287,736574.546864306,1472735248.988,1472735249.076,2016-09-01T13:07:28.988,2016-09-01T13:07:29.076,0.0879999250173569,2016-09-01 13:07:29.075999975+00:00,n,False,HD1,DD1,0.09010670165049936,1472735248.9858932,2016-09-01 13:07:28.985893250+00:00,23,associated,0.0
271,35,736574.546863287,1472735248.988,2016-09-01T13:07:28.988,,BCHH,10,DD2,.BCHH.10.HD2,N,-1,-1,,.BCHH..HD2_10,1,0,1,0,0,1,0,18.0,stored_event_bounds,0.0,0,736574.546863287,736574.546864306,1472735248.988,1472735249.076,2016-09-01T13:07:28.988,2016-09-01T13:07:29.076,0.0,2016-09-01 13:07:28.987999916+00:00,n,False,HD2,DD2,0.0,1472735248.988,2016-09-01 13:07:28.987999916+00:00,23,associated,0.0021066665649414062
277,42,736574.54688125,1472735250.54,2016-09-01T13:07:30.540,,BCHH,10,DD1,.BCHH.10.HD1,N,-1,-1,,.BCHH..HD1_10,1,0,1,0,0,1,0,19.0,stored_event_bounds,0.0,0,736574.546880231,736574.54688125,1472735250.452,1472735250.54,2016-09-01T13:07:30.452,2016-09-01T13:07:30.540,0.0879999250173569,2016-09-01 13:07:30.539999962+00:00,n,False,HD1,DD1,0.09010670165049936,1472735250.4498932,2016-09-01 13:07:30.449893236+00:00,24,associated,-0.0012402534484863281
275,43,736574.54688037,1472735250.464,2016-09-01T13:07:30.464,,BCHH,10,DD3,.BCHH.10.HD3,N,-1,-1,,.BCHH..HD3_10,1,0,1,0,0,1,0,19.0,stored_event_bounds,0.0,0,736574.546880231,736574.54688125,1472735250.452,1472735250.54,2016-09-01T13:07:30.452,2016-09-01T13:07:30.540,0.0119995325803757,2016-09-01 13:07:30.463999987+00:00,n,False,HD3,DD3,0.01286658283859636,1472735250.4511335,2016-09-01 13:07:30.451133490+00:00,24,associated,0.0
274,41,736574.546880231,1472735250.452,2016-09-01T13:07:30.452,,BCHH,10,DD2,.BCHH.10.HD2,N,-1,-1,,.BCHH..HD2_10,1,0,1,0,0,1,0,19.0,stored_event_bounds,0.0,0,736574.546880231,736574.54688125,1472735250.452,1472735250.54,2016-09-01T13:07:30.452,2016-09-01T13:07:30.540,0.0,2016-09-01 13:07:30.451999903+00:00,n,False,HD2,DD2,0.0,1472735250.452,2016-09-01 13:07:30.451999903+00:00,24,associated,0.0008664131164550781
279,46,736574.5469075,1472735252.808,2016-09-01T13:07:32.808,,BCHH,10,DD3,.BCHH.10.HD3,N,-1,-1,,.BCHH..HD3_10,1,0,1,0,0,1,0,20.0,stored_event_bounds,0.0,0,736574.546907407,736574.546908426,1472735252.8,1472735252.888,2016-09-01T13:07:32.800,2016-09-01T13:07:32.888,0.0079963356256485,2016-09-01 13:07:32.808000088+00:00,n,False,HD3,DD3,0.01286658283859636,1472735252.7951336,2016-09-01 13:07:32.795133591+00:00,25,associated,-0.002759695053100586
281,44,736574.546908426,1472735252.888,2016-09-01T13:07:32.888,,BCHH,10,DD1,.BCHH.10.HD1,N,-1,-1,,.BCHH..HD1_10,1,0,1,0,0,1,0,20.0,stored_event_bounds,0.0,0,736574.546907407,736574.546908426,1472735252.8,1472735252.888,2016-09-01T13:07:32.800,2016-09-01T13:07:32.888,0.0879999250173569,2016-09-01 13:07:32.888000011+00:00,n,False,HD1,DD1,0.09010670165049936,1472735252.7978933,2016-09-01 13:07:32.797893286+00:00,25,associated,0.0
278,45,736574.546907407,1472735252.8,2016-09-01T13:07:32.800,,BCHH,10,DD2,.BCHH.10.HD2,N,-1,-1,,.BCHH..HD2_10,1,0,1,0,0,1,0,20.0,stored_event_bounds,0.0,0,736574.546907407,736574.546908426,1472735252.8,1472735252.888,2016-09-01T13:07:32.800,2016-09-01T13:07:32.888,0.0,2016-09-01 13:07:32.799999952+00:00,n,False,HD2,DD2,0.0,1472735252.8,2016-09-01 13:07:32.799999952+00:00,25,associated,0.0021066665649414062
282,446,736574.546926308,1472735254.433,2016-09-01T13:07:34.433,,BCHH,10,DD2,.BCHH.10.HD2,N,-1,-1,,.BCHH..HD2_10,1,0,1,0,0,1,0,21.0,stored_event_bounds,0.0,0,736574.546926308,736574.546927384,1472735254.433,1472735254.526,2016-09-01T13:07:34.433,2016-09-01T13:07:34.526,0.0,2016-09-01 13:07:34.433000088+00:00,n,False,HD2,DD2,0.0,1472735254.433,2016-09-01 13:07:34.433000088+00:00,26,associated,-0.0021333694458007812
283,447,736574.546926482,1472735254.448,2016-09-01T13:07:34.448,,BCHH,10,DD3,.BCHH.10.HD3,N,-1,-1,,.BCHH..HD3_10,1,0,1,0,0,1,0,21.0,stored_event_bounds,0.0,0,736574.546926308,736574.546927384,1472735254.433,1472735254.526,2016-09-01T13:07:34.433,2016-09-01T13:07:34.526,0.015006959438324,2016-09-01 13:07:34.447999954+00:00,n,False,HD3,DD3,0.01286658283859636,1472735254.4351335,2016-09-01 13:07:34.435133457+00:00,26,associated,0.0
284,445,736574.546927384,1472735254.526,2016-09-01T13:07:34.526,,BCHH,10,DD1,.BCHH.10.HD1,N,-1,-1,,.BCHH..HD1_10,1,0,1,0,0,1,0,21.0,stored_event_bounds,0.0,0,736574.546926308,736574.546927384,1472735254.433,1472735254.526,2016-09-01T13:07:34.433,2016-09-01T13:07:34.526,0.0929988920688629,2016-09-01 13:07:34.526000023+00:00,n,False,HD1,DD1,0.09010670165049936,1472735254.4358933,2016-09-01 13:07:34.435893297+00:00,26,associated,0.0007598400115966797
286,50,736574.546972141,1472735258.393,2016-09-01T13:07:38.393,,BCHH,10,DD3,.BCHH.10.HD3,N,-1,-1,,.BCHH..HD3_10,1,0,1,0,0,1,0,22.0,stored_event_bounds,0.0,0,736574.546972037,736574.546973148,1472735258.384,1472735258.48,2016-09-01T13:07:38.384,2016-09-01T13:07:38.480,0.0090021640062332,2016-09-01 13:07:38.392999887+00:00,n,False,HD3,DD3,0.01286658283859636,1472735258.3801334,2016-09-01 13:07:38.380133390+00:00,27,associated,-0.0038666725158691406
285,52,736574.546972037,1472735258.384,2016-09-01T13:07:38.384,,BCHH,10,DD2,.BCHH.10.HD2,N,-1,-1,,.BCHH..HD2_10,1,0,1,0,0,1,0,22.0,stored_event_bounds,0.0,0,736574.546972037,736574.546973148,1472735258.384,1472735258.48,2016-09-01T13:07:38.384,2016-09-01T13:07:38.480,0.0,2016-09-01 13:07:38.384000063+00:00,n,False,HD2,DD2,0.0,1472735258.384,2016-09-01 13:07:38.384000063+00:00,27,associated,0.0
288,51,736574.546973148,1472735258.48,2016-09-01T13:07:38.480,,BCHH,10,DD1,.BCHH.10.HD1,N,-1,-1,,.BCHH..HD1_10,1,0,1,0,0,1,0,22.0,stored_event_bounds,0.0,0,736574.546972037,736574.546973148,1472735258.384,1472735258.48,2016-09-01T13:07:38.384,2016-09-01T13:07:38.480,0.0959962606430054,2016-09-01 13:07:38.480000019+00:00,n,False,HD1,DD1,0.09010670165049936,1472735258.3898933,2016-09-01 13:07:38.389893293+00:00,27,associated,0.005893230438232422
291,54,736574.546980463,1472735259.112,2016-09-01T13:07:39.112,,BCHH,10,DD1,.BCHH.10.HD1,N,-1,-1,,.BCHH..HD1_10,1,0,1,0,0,1,0,23.0,stored_event_bounds,0.0,0,736574.546979491,736574.546980463,1472735259.028,1472735259.112,2016-09-01T13:07:39.028,2016-09-01T13:07:39.112,0.0839967280626297,2016-09-01 13:07:39.111999989+00:00,n,False,HD1,DD1,0.09010670165049936,1472735259.0218933,2016-09-01 13:07:39.021893263+00:00,28,associated,-0.0012402534484863281
290,55,736574.546979583,1472735259.036,2016-09-01T13:07:39.036,,BCHH,10,DD3,.BCHH.10.HD3,N,-1,-1,,.BCHH..HD3_10,1,0,1,0,0,1,0,23.0,stored_event_bounds,0.0,0,736574.546979491,736574.546980463,1472735259.028,1472735259.112,2016-09-01T13:07:39.028,2016-09-01T13:07:39.112,0.0079963356256485,2016-09-01 13:07:39.036000013+00:00,n,False,HD3,DD3,0.01286658283859636,1472735259.0231335,2016-09-01 13:07:39.023133516+00:00,28,associated,0.0
289,53,736574.546979491,1472735259.028,2016-09-01T13:07:39.028,,BCHH,10,DD2,.BCHH.10.HD2,N,-1,-1,,.BCHH..HD2_10,1,0,1,0,0,1,0,23.0,stored_event_bounds,0.0,0,736574.546979491,736574.546980463,1472735259.028,1472735259.112,2016-09-01T13:07:39.028,2016-09-01T13:07:39.112,0.0,2016-09-01 13:07:39.028000116+00:00,n,False,HD2,DD2,0.0,1472735259.028,2016-09-01 13:07:39.028000116+00:00,28,associated,0.004866600036621094
293,58,736574.547012407,1472735261.872,2016-09-01T13:07:41.872,,BCHH,10,DD3,.BCHH.10.HD3,N,-1,-1,,.BCHH..HD3_10,1,0,1,0,0,1,0,24.0,stored_event_bounds,0.0,0,736574.547012315,736574.547013333,1472735261.864,1472735261.952,2016-09-01T13:07:41.864,2016-09-01T13:07:41.952,0.0080063939094543,2016-09-01 13:07:41.871999979+00:00,n,False,HD3,DD3,0.01286658283859636,1472735261.8591335,2016-09-01 13:07:41.859133482+00:00,29,associated,-0.002759695053100586
296,57,736574.547013333,1472735261.952,2016-09-01T13:07:41.952,,BCHH,10,DD1,.BCHH.10.HD1,N,-1,-1,,.BCHH..HD1_10,1,0,1,0,0,1,0,24.0,stored_event_bounds,0.0,0,736574.547012315,736574.547013333,1472735261.864,1472735261.952,2016-09-01T13:07:41.864,2016-09-01T13:07:41.952,0.0879999250173569,2016-09-01 13:07:41.951999903+00:00,n,False,HD1,DD1,0.09010670165049936,1472735261.8618932,2016-09-01 13:07:41.861893177+00:00,29,associated,0.0
292,56,736574.547012315,1472735261.864,2016-09-01T13:07:41.864,,BCHH,10,DD2,.BCHH.10.HD2,N,-1,-1,,.BCHH..HD2_10,1,0,1,0,0,1,0,24.0,stored_event_bounds,0.0,0,736574.547012315,736574.547013333,1472735261.864,1472735261.952,2016-09-01T13:07:41.864,2016-09-01T13:07:41.952,0.0,2016-09-01 13:07:41.864000082+00:00,n,False,HD2,DD2,0.0,1472735261.864,2016-09-01 13:07:41.864000082+00:00,29,associated,0.002106904983520508
297,62,736574.547016574,1472735262.232,2016-09-01T13:07:42.232,,BCHH,10,DD2,.BCHH.10.HD2,N,-1,-1,,.BCHH..HD2_10,1,0,1,0,0,1,0,25.0,stored_event_bounds,0.0,0,736574.547016574,736574.547017731,1472735262.232,1472735262.332,2016-09-01T13:07:42.232,2016-09-01T13:07:42.332,0.0,2016-09-01 13:07:42.232000113+00:00,n,False,HD2,DD2,0.0,1472735262.232,2016-09-01 13:07:42.232000113+00:00,30,associated,-0.0031332969665527344
298,64,736574.547016759,1472735262.248,2016-09-01T13:07:42.248,,BCHH,10,DD3,.BCHH.10.HD3,N,-1,-1,,.BCHH..HD3_10,1,0,1,0,0,1,0,25.0,stored_event_bounds,0.0,0,736574.547016574,736574.547017731,1472735262.232,1472735262.332,2016-09-01T13:07:42.232,2016-09-01T13:07:42.332,0.0160027295351028,2016-09-01 13:07:42.247999907+00:00,n,False,HD3,DD3,0.01286658283859636,1472735262.2351334,2016-09-01 13:07:42.235133410+00:00,30,associated,0.0
299,63,736574.547017731,1472735262.332,2016-09-01T13:07:42.332,,BCHH,10,DD1,.BCHH.10.HD1,N,-1,-1,,.BCHH..HD1_10,1,0,1,0,0,1,0,25.0,stored_event_bounds,0.0,0,736574.547016574,736574.547017731,1472735262.232,1472735262.332,2016-09-01T13:07:42.232,2016-09-01T13:07:42.332,0.0999994575977325,2016-09-01 13:07:42.332000017+00:00,n,False,HD1,DD1,0.09010670165049936,1472735262.2418933,2016-09-01 13:07:42.241893291+00:00,30,associated,0.0067598819732666016
301,65,736574.547056389,1472735265.672,2016-09-01T13:07:45.672,,BCHH,10,DD3,.BCHH.10.HD3,N,-1,-1,,.BCHH..HD3_10,1,0,1,0,0,1,0,26.0,stored_event_bounds,0.0,0,736574.547056343,736574.547056725,1472735265.668,1472735265.701,2016-09-01T13:07:45.668,2016-09-01T13:07:45.701,0.0040031969547271,2016-09-01 13:07:45.671999931+00:00,n,False,HD3,DD3,0.01286658283859636,1472735265.6591334,2016-09-01 13:07:45.659133434+00:00,31,associated,-0.004433155059814453
300,61,736574.547056343,1472735265.668,2016-09-01T13:07:45.668,,BCHH,10,DD2,.BCHH.10.HD2,N,-1,-1,,.BCHH..HD2_10,1,0,1,0,0,1,0,26.0,stored_event_bounds,0.0,0,736574.547056343,736574.547056725,1472735265.668,1472735265.701,2016-09-01T13:07:45.668,2016-09-01T13:07:45.701,0.0,2016-09-01 13:07:45.667999983+00:00,n,False,HD2,DD2,0.0,1472735265.668,2016-09-01 13:07:45.667999983+00:00,31,associated,0.004433393478393555
309,68,736574.547080833,1472735267.784,2016-09-01T13:07:47.784,,BCHH,10,DD1,.BCHH.10.HD1,N,-1,-1,,.BCHH..HD1_10,1,0,1,0,0,1,0,27.0,stored_event_bounds,0.0,0,736574.547079826,736574.547080833,1472735267.697,1472735267.784,2016-09-01T13:07:47.697,2016-09-01T13:07:47.784,0.087004154920578,2016-09-01 13:07:47.783999920+00:00,n,False,HD1,DD1,0.09010670165049936,1472735267.6938932,2016-09-01 13:07:47.693893194+00:00,32,associated,-0.002240419387817383
307,67,736574.547079965,1472735267.709,2016-09-01T13:07:47.709,,BCHH,10,DD3,.BCHH.10.HD3,N,-1,-1,,.BCHH..HD3_10,1,0,1,0,0,1,0,27.0,stored_event_bounds,0.0,0,736574.547079826,736574.547080833,1472735267.697,1472735267.784,2016-09-01T13:07:47.697,2016-09-01T13:07:47.784,0.0119995325803757,2016-09-01 13:07:47.709000111+00:00,n,False,HD3,DD3,0.01286658283859636,1472735267.6961336,2016-09-01 13:07:47.696133614+00:00,32,associated,0.0
306,66,736574.547079826,1472735267.697,2016-09-01T13:07:47.697,,BCHH,10,DD2,.BCHH.10.HD2,N,-1,-1,,.BCHH..HD2_10,1,0,1,0,0,1,0,27.0,stored_event_bounds,0.0,0,736574.547079826,736574.547080833,1472735267.697,1472735267.784,2016-09-01T13:07:47.697,2016-09-01T13:07:47.784,0.0,2016-09-01 13:07:47.697000027+00:00,n,False,HD2,DD2,0.0,1472735267.697,2016-09-01 13:07:47.697000027+00:00,32,associated,0.0008664131164550781
311,75,736574.547090972,1472735268.66,2016-09-01T13:07:48.660,,BCHH,10,DD3,.BCHH.10.HD3,N,-1,-1,,.BCHH..HD3_10,1,0,1,0,0,1,0,28.0,stored_event_bounds,0.0,0,736574.547090926,736574.547090972,1472735268.656,1472735268.66,2016-09-01T13:07:48.656,2016-09-01T13:07:48.660,0.0039931386709213,2016-09-01 13:07:48.660000086+00:00,n,False,HD3,DD3,0.01286658283859636,1472735268.6471336,2016-09-01 13:07:48.647133589+00:00,33,associated,-0.004433155059814453
310,74,736574.547090926,1472735268.656,2016-09-01T13:07:48.656,,BCHH,10,DD2,.BCHH.10.HD2,N,-1,-1,,.BCHH..HD2_10,1,0,1,0,0,1,0,28.0,stored_event_bounds,0.0,0,736574.547090926,736574.547090972,1472735268.656,1472735268.66,2016-09-01T13:07:48.656,2016-09-01T13:07:48.660,0.0,2016-09-01 13:07:48.655999899+00:00,n,False,HD2,DD2,0.0,1472735268.656,2016-09-01 13:07:48.655999899+00:00,33,associated,0.004433155059814453
317,78,736574.547137268,1472735272.66,2016-09-01T13:07:52.660,,BCHH,10,DD1,.BCHH.10.HD1,N,-1,-1,,.BCHH..HD1_10,1,0,1,0,0,1,0,29.0,stored_event_bounds,0.0,0,736574.547136331,736574.547137268,1472735272.579,1472735272.66,2016-09-01T13:07:52.579,2016-09-01T13:07:52.660,0.0809993594884872,2016-09-01 13:07:52.660000086+00:00,n,False,HD1,DD1,0.09010670165049936,1472735272.5698934,2016-09-01 13:07:52.569893360+00:00,34,associated,-0.0022401809692382812
313,80,736574.5471364,1472735272.585,2016-09-01T13:07:52.585,,BCHH,10,DD3,.BCHH.10.HD3,N,-1,-1,,.BCHH..HD3_10,1,0,1,0,0,1,0,29.0,stored_event_bounds,0.0,0,736574.547136331,736574.547137268,1472735272.579,1472735272.66,2016-09-01T13:07:52.579,2016-09-01T13:07:52.660,0.0060047954320907,2016-09-01 13:07:52.585000038+00:00,n,False,HD3,DD3,0.01286658283859636,1472735272.5721335,2016-09-01 13:07:52.572133541+00:00,34,associated,0.0
312,76,736574.547136331,1472735272.579,2016-09-01T13:07:52.579,,BCHH,10,DD2,.BCHH.10.HD2,N,-1,-1,,.BCHH..HD2_10,1,0,1,0,0,1,0,29.0,stored_event_bounds,0.0,0,736574.547136331,736574.547137268,1472735272.579,1472735272.66,2016-09-01T13:07:52.579,2016-09-01T13:07:52.660,0.0,2016-09-01 13:07:52.578999996+00:00,n,False,HD2,DD2,0.0,1472735272.579,2016-09-01 13:07:52.578999996+00:00,34,associated,0.006866455078125
319,83,736574.547176991,1472735276.092,2016-09-01T13:07:56.092,,BCHH,10,DD3,.BCHH.10.HD3,N,-1,-1,,.BCHH..HD3_10,1,0,1,0,0,1,0,30.0,stored_event_bounds,0.0,0,736574.547176898,736574.547177315,1472735276.084,1472735276.12,2016-09-01T13:07:56.084,2016-09-01T13:07:56.120,0.0080063939094543,2016-09-01 13:07:56.092000008+00:00,n,False,HD3,DD3,0.01286658283859636,1472735276.0791335,2016-09-01 13:07:56.079133511+00:00,35,associated,-0.002433300018310547
318,82,736574.547176898,1472735276.084,2016-09-01T13:07:56.084,,BCHH,10,DD2,.BCHH.10.HD2,N,-1,-1,,.BCHH..HD2_10,1,0,1,0,0,1,0,30.0,stored_event_bounds,0.0,0,736574.547176898,736574.547177315,1472735276.084,1472735276.12,2016-09-01T13:07:56.084,2016-09-01T13:07:56.120,0.0,2016-09-01 13:07:56.084000111+00:00,n,False,HD2,DD2,0.0,1472735276.084,2016-09-01 13:07:56.084000111+00:00,35,associated,0.002433300018310547
323,87,736574.547198704,1472735277.968,2016-09-01T13:07:57.968,,BCHH,10,DD3,.BCHH.10.HD3,N,-1,-1,,.BCHH..HD3_10,1,0,1,0,0,1,0,31.0,stored_event_bounds,0.0,0,736574.547198657,736574.54719963,1472735277.964,1472735278.048,2016-09-01T13:07:57.964,2016-09-01T13:07:58.048,0.0040031969547271,2016-09-01 13:07:57.967999935+00:00,n,False,HD3,DD3,0.01286658283859636,1472735277.9551334,2016-09-01 13:07:57.955133438+00:00,36,associated,-0.0027599334716796875
326,383,736574.54719963,1472735278.048,2016-09-01T13:07:58.048,,BCHH,10,DD1,.BCHH.10.HD1,N,-1,-1,,.BCHH..HD1_10,1,0,1,0,0,1,0,31.0,stored_event_bounds,0.0,0,736574.547198657,736574.54719963,1472735277.964,1472735278.048,2016-09-01T13:07:57.964,2016-09-01T13:07:58.048,0.0839967280626297,2016-09-01 13:07:58.048000097+00:00,n,False,HD1,DD1,0.09010670165049936,1472735277.9578934,2016-09-01 13:07:57.957893372+00:00,36,associated,0.0
322,86,736574.547198657,1472735277.964,2016-09-01T13:07:57.964,,BCHH,10,DD2,.BCHH.10.HD2,N,-1,-1,,.BCHH..HD2_10,1,0,1,0,0,1,0,31.0,stored_event_bounds,0.0,0,736574.547198657,736574.54719963,1472735277.964,1472735278.048,2016-09-01T13:07:57.964,2016-09-01T13:07:58.048,0.0,2016-09-01 13:07:57.963999987+00:00,n,False,HD2,DD2,0.0,1472735277.964,2016-09-01 13:07:57.963999987+00:00,36,associated,0.00610661506652832
335,118,736574.547334259,1472735289.68,2016-09-01T13:08:09.680,,BCHH,10,DD1,.BCHH.10.HD1,N,-1,-1,,.BCHH..HD1_10,1,0,1,0,0,1,0,32.0,stored_event_bounds,0.0,0,736574.547333241,736574.547334259,1472735289.592,1472735289.68,2016-09-01T13:08:09.592,2016-09-01T13:08:09.680,0.0879999250173569,2016-09-01 13:08:09.680000067+00:00,n,False,HD1,DD1,0.09010670165049936,1472735289.5898933,2016-09-01 13:08:09.589893341+00:00,37,associated,-0.0012402534484863281
331,92,736574.54733338,1472735289.604,2016-09-01T13:08:09.604,,BCHH,10,DD3,.BCHH.10.HD3,N,-1,-1,,.BCHH..HD3_10,1,0,1,0,0,1,0,32.0,stored_event_bounds,0.0,0,736574.547333241,736574.547334259,1472735289.592,1472735289.68,2016-09-01T13:08:09.592,2016-09-01T13:08:09.680,0.0119995325803757,2016-09-01 13:08:09.604000092+00:00,n,False,HD3,DD3,0.01286658283859636,1472735289.5911336,2016-09-01 13:08:09.591133595+00:00,37,associated,0.0
330,93,736574.547333241,1472735289.592,2016-09-01T13:08:09.592,,BCHH,10,DD2,.BCHH.10.HD2,N,-1,-1,,.BCHH..HD2_10,1,0,1,0,0,1,0,32.0,stored_event_bounds,0.0,0,736574.547333241,736574.547334259,1472735289.592,1472735289.68,2016-09-01T13:08:09.592,2016-09-01T13:08:09.680,0.0,2016-09-01 13:08:09.592000008+00:00,n,False,HD2,DD2,0.0,1472735289.592,2016-09-01 13:08:09.592000008+00:00,37,associated,0.0008664131164550781
337,96,736574.547433333,1472735298.24,2016-09-01T13:08:18.240,,BCHH,10,DD3,.BCHH.10.HD3,N,-1,-1,,.BCHH..HD3_10,1,0,1,0,0,1,0,33.0,stored_event_bounds,0.0,0,736574.547433241,736574.547434352,1472735298.232,1472735298.328,2016-09-01T13:08:18.232,2016-09-01T13:08:18.328,0.0080063939094543,2016-09-01 13:08:18.240000010+00:00,n,False,HD3,DD3,0.01286658283859636,1472735298.2271335,2016-09-01 13:08:18.227133512+00:00,38,associated,-0.004866600036621094
336,94,736574.547433241,1472735298.232,2016-09-01T13:08:18.232,,BCHH,10,DD2,.BCHH.10.HD2,N,-1,-1,,.BCHH..HD2_10,1,0,1,0,0,1,0,33.0,stored_event_bounds,0.0,0,736574.547433241,736574.547434352,1472735298.232,1472735298.328,2016-09-01T13:08:18.232,2016-09-01T13:08:18.328,0.0,2016-09-01 13:08:18.232000113+00:00,n,False,HD2,DD2,0.0,1472735298.232,2016-09-01 13:08:18.232000113+00:00,38,associated,0.0
341,95,736574.547434352,1472735298.328,2016-09-01T13:08:18.328,,BCHH,10,DD1,.BCHH.10.HD1,N,-1,-1,,.BCHH..HD1_10,1,0,1,0,0,1,0,33.0,stored_event_bounds,0.0,0,736574.547433241,736574.547434352,1472735298.232,1472735298.328,2016-09-01T13:08:18.232,2016-09-01T13:08:18.328,0.0960063189268112,2016-09-01 13:08:18.328000069+00:00,n,False,HD1,DD1,0.09010670165049936,1472735298.2378933,2016-09-01 13:08:18.237893343+00:00,38,associated,0.005893230438232422
342,102,736574.547484444,1472735302.656,2016-09-01T13:08:22.656,,BCHH,10,DD2,.BCHH.10.HD2,N,-1,-1,,.BCHH..HD2_10,1,0,1,0,0,1,0,34.0,stored_event_bounds,0.0,0,736574.547484444,736574.547485694,1472735302.656,1472735302.764,2016-09-01T13:08:22.656,2016-09-01T13:08:22.764,0.0,2016-09-01 13:08:22.655999899+00:00,n,False,HD2,DD2,0.0,1472735302.656,2016-09-01 13:08:22.655999899+00:00,39,associated,-0.0071337223052978516
343,104,736574.547484676,1472735302.676,2016-09-01T13:08:22.676,,BCHH,10,DD3,.BCHH.10.HD3,N,-1,-1,,.BCHH..HD3_10,1,0,1,0,0,1,0,34.0,stored_event_bounds,0.0,0,736574.547484444,736574.547485694,1472735302.656,1472735302.764,2016-09-01T13:08:22.656,2016-09-01T13:08:22.764,0.0199958682060242,2016-09-01 13:08:22.676000118+00:00,n,False,HD3,DD3,0.01286658283859636,1472735302.6631336,2016-09-01 13:08:22.663133621+00:00,39,associated,0.0
347,103,736574.547485694,1472735302.764,2016-09-01T13:08:22.764,,BCHH,10,DD1,.BCHH.10.HD1,N,-1,-1,,.BCHH..HD1_10,1,0,1,0,0,1,0,34.0,stored_event_bounds,0.0,0,736574.547484444,736574.547485694,1472735302.656,1472735302.764,2016-09-01T13:08:22.656,2016-09-01T13:08:22.764,0.107995793223381,2016-09-01 13:08:22.763999939+00:00,n,False,HD1,DD1,0.09010670165049936,1472735302.6738932,2016-09-01 13:08:22.673893213+00:00,39,associated,0.010759592056274414
351,120,736574.547791574,1472735329.192,2016-09-01T13:08:49.192,,BCHH,10,DD3,.BCHH.10.HD3,N,-1,-1,,.BCHH..HD3_10,1,0,1,0,0,1,0,35.0,stored_event_bounds,0.0,0,736574.547791528,736574.547791574,1472735329.188,1472735329.192,2016-09-01T13:08:49.188,2016-09-01T13:08:49.192,0.0039931386709213,2016-09-01 13:08:49.191999912+00:00,n,False,HD3,DD3,0.01286658283859636,1472735329.1791334,2016-09-01 13:08:49.179133415+00:00,40,associated,-0.004433155059814453
350,119,736574.547791528,1472735329.188,2016-09-01T13:08:49.188,,BCHH,10,DD2,.BCHH.10.HD2,N,-1,-1,,.BCHH..HD2_10,1,0,1,0,0,1,0,35.0,stored_event_bounds,0.0,0,736574.547791528,736574.547791574,1472735329.188,1472735329.192,2016-09-01T13:08:49.188,2016-09-01T13:08:49.192,0.0,2016-09-01 13:08:49.187999964+00:00,n,False,HD2,DD2,0.0,1472735329.188,2016-09-01 13:08:49.187999964+00:00,40,associated,0.004433393478393555
354,849,736574.548001458,1472735347.326,2016-09-01T13:09:07.326,,BCHH,10,DD3,.BCHH.10.HD3,N,-1,-1,,.BCHH..HD3_10,1,0,1,0,0,1,0,36.0,stored_event_bounds,0.0,0,736574.548001354,736574.548001458,1472735347.317,1472735347.326,2016-09-01T13:09:07.317,2016-09-01T13:09:07.326,0.0089921057224273,2016-09-01 13:09:07.325999975+00:00,n,False,HD3,DD3,0.01286658283859636,1472735347.3131335,2016-09-01 13:09:07.313133478+00:00,41,associated,-0.0019333362579345703
353,848,736574.548001354,1472735347.317,2016-09-01T13:09:07.317,,BCHH,10,DD2,.BCHH.10.HD2,N,-1,-1,,.BCHH..HD2_10,1,0,1,0,0,1,0,36.0,stored_event_bounds,0.0,0,736574.548001354,736574.548001458,1472735347.317,1472735347.326,2016-09-01T13:09:07.317,2016-09-01T13:09:07.326,0.0,2016-09-01 13:09:07.316999912+00:00,n,False,HD2,DD2,0.0,1472735347.317,2016-09-01 13:09:07.316999912+00:00,41,associated,0.0019330978393554688
356,847,736574.548010417,1472735348.1,2016-09-01T13:09:08.100,,BCHH,10,DD3,.BCHH.10.HD3,N,-1,-1,,.BCHH..HD3_10,1,0,1,0,0,1,0,,,,0,,,,,NaT,NaT,,2016-09-01 13:09:08.099999905+00:00,n,False,HD3,DD3,0.01286658283859636,1472735348.0871334,2016-09-01 13:09:08.087133408+00:00,0,unassociated_seed,
355,846,736574.54802066,1472735348.985,2016-09-01T13:09:08.985,,BCHH,10,DD2,.BCHH.10.HD2,N,-1,-1,,.BCHH..HD2_10,1,0,1,0,0,1,0,,,,0,,,,,NaT,NaT,,2016-09-01 13:09:08.984999895+00:00,n,False,HD2,DD2,0.0,1472735348.985,2016-09-01 13:09:08.984999895+00:00,0,unassociated_seed,
359,457,736574.548080972,1472735354.19599,2016-09-01T13:09:14.195,,BCHH,10,DD3,.BCHH.10.HD3,N,-1,-1,,.BCHH..HD3_10,1,0,1,0,0,1,0,37.0,stored_event_bounds,0.0,0,736574.54808088,736574.548080972,1472735354.188,1472735354.19599,2016-09-01T13:09:14.188,2016-09-01T13:09:14.195,0.0079963356256485,2016-09-01 13:09:14.195990086+00:00,n,False,HD3,DD3,0.01286658283859636,1472735354.1831236,2016-09-01 13:09:14.183123589+00:00,42,associated,-0.002438068389892578
358,456,736574.54808088,1472735354.188,2016-09-01T13:09:14.188,,BCHH,10,DD2,.BCHH.10.HD2,N,-1,-1,,.BCHH..HD2_10,1,0,1,0,0,1,0,37.0,stored_event_bounds,0.0,0,736574.54808088,736574.548080972,1472735354.188,1472735354.19599,2016-09-01T13:09:14.188,2016-09-01T13:09:14.195,0.0,2016-09-01 13:09:14.187999964+00:00,n,False,HD2,DD2,0.0,1472735354.188,2016-09-01 13:09:14.187999964+00:00,42,associated,0.0024383068084716797
362,454,736574.548137604,1472735359.089,2016-09-01T13:09:19.089,,BCHH,10,DD3,.BCHH.10.HD3,N,-1,-1,,.BCHH..HD3_10,1,0,1,0,0,1,0,38.0,stored_event_bounds,0.0,0,736574.548137593,736574.548137604,1472735359.088,1472735359.089,2016-09-01T13:09:19.088,2016-09-01T13:09:19.089,0.0009957700967788,2016-09-01 13:09:19.088999987+00:00,n,False,HD3,DD3,0.01286658283859636,1472735359.0761335,2016-09-01 13:09:19.076133490+00:00,43,associated,-0.005933284759521484
361,455,736574.548137593,1472735359.088,2016-09-01T13:09:19.088,,BCHH,10,DD2,.BCHH.10.HD2,N,-1,-1,,.BCHH..HD2_10,1,0,1,0,0,1,0,38.0,stored_event_bounds,0.0,0,736574.548137593,736574.548137604,1472735359.088,1472735359.089,2016-09-01T13:09:19.088,2016-09-01T13:09:19.089,0.0,2016-09-01 13:09:19.088000059+00:00,n,False,HD2,DD2,0.0,1472735359.088,2016-09-01 13:09:19.088000059+00:00,43,associated,0.005933284759521484
367,386,736574.548147095,1472735359.909,2016-09-01T13:09:19.909,,BCHH,10,DD1,.BCHH.10.HD1,N,-1,-1,,.BCHH..HD1_10,1,0,1,0,0,1,0,39.0,stored_event_bounds,0.0,0,736574.548146111,736574.548147095,1472735359.824,1472735359.909,2016-09-01T13:09:19.824,2016-09-01T13:09:19.909,0.0850025564432144,2016-09-01 13:09:19.908999920+00:00,n,False,HD1,DD1,0.09010670165049936,1472735359.8188932,2016-09-01 13:09:19.818893194+00:00,44,associated,-0.005106687545776367
363,384,736574.548146111,1472735359.824,2016-09-01T13:09:19.824,,BCHH,10,DD2,.BCHH.10.HD2,N,-1,-1,,.BCHH..HD2_10,1,0,1,0,0,1,0,39.0,stored_event_bounds,0.0,0,736574.548146111,736574.548147095,1472735359.824,1472735359.909,2016-09-01T13:09:19.824,2016-09-01T13:09:19.909,0.0,2016-09-01 13:09:19.823999882+00:00,n,False,HD2,DD2,0.0,1472735359.824,2016-09-01 13:09:19.823999882+00:00,44,associated,0.0
366,385,736574.548146296,1472735359.84,2016-09-01T13:09:19.840,,BCHH,10,DD3,.BCHH.10.HD3,N,-1,-1,,.BCHH..HD3_10,1,0,1,0,0,1,0,39.0,stored_event_bounds,0.0,0,736574.548146111,736574.548147095,1472735359.824,1472735359.909,2016-09-01T13:09:19.824,2016-09-01T13:09:19.909,0.0160027295351028,2016-09-01 13:09:19.839999914+00:00,n,False,HD3,DD3,0.01286658283859636,1472735359.8271334,2016-09-01 13:09:19.827133417+00:00,44,associated,0.003133535385131836
369,388,736574.548180324,1472735362.78,2016-09-01T13:09:22.780,,BCHH,10,DD3,.BCHH.10.HD3,N,-1,-1,,.BCHH..HD3_10,1,0,1,0,0,1,0,40.0,stored_event_bounds,0.0,0,736574.548180185,736574.548180324,1472735362.768,1472735362.78,2016-09-01T13:09:22.768,2016-09-01T13:09:22.780,0.0119995325803757,2016-09-01 13:09:22.779999971+00:00,n,False,HD3,DD3,0.01286658283859636,1472735362.7671335,2016-09-01 13:09:22.767133474+00:00,45,associated,-0.00043320655822753906
368,387,736574.548180185,1472735362.768,2016-09-01T13:09:22.768,,BCHH,10,DD2,.BCHH.10.HD2,N,-1,-1,,.BCHH..HD2_10,1,0,1,0,0,1,0,40.0,stored_event_bounds,0.0,0,736574.548180185,736574.548180324,1472735362.768,1472735362.78,2016-09-01T13:09:22.768,2016-09-01T13:09:22.780,0.0,2016-09-01 13:09:22.767999887+00:00,n,False,HD2,DD2,0.0,1472735362.768,2016-09-01 13:09:22.767999887+00:00,45,associated,0.00043320655822753906
370,106,736574.548275463,1472735371.0,2016-09-01T13:09:31.000,,BCHH,10,DD2,.BCHH.10.HD2,N,-1,-1,,.BCHH..HD2_10,1,0,1,0,0,1,0,41.0,stored_event_bounds,0.0,0,736574.548275463,736574.548276574,1472735371.0,1472735371.096,2016-09-01T13:09:31.000,2016-09-01T13:09:31.096,0.0,2016-09-01 13:09:31+00:00,n,False,HD2,DD2,0.0,1472735371.0,2016-09-01 13:09:31+00:00,46,associated,-0.005893230438232422
373,389,736574.548276574,1472735371.096,2016-09-01T13:09:31.096,,BCHH,10,DD1,.BCHH.10.HD1,N,-1,-1,,.BCHH..HD1_10,1,0,1,0,0,1,0,41.0,stored_event_bounds,0.0,0,736574.548275463,736574.548276574,1472735371.0,1472735371.096,2016-09-01T13:09:31.000,2016-09-01T13:09:31.096,0.0960063189268112,2016-09-01 13:09:31.095999956+00:00,n,False,HD1,DD1,0.09010670165049936,1472735371.0058932,2016-09-01 13:09:31.005893230+00:00,46,associated,0.0
371,107,736574.548275694,1472735371.02,2016-09-01T13:09:31.020,,BCHH,10,DD3,.BCHH.10.HD3,N,-1,-1,,.BCHH..HD3_10,1,0,1,0,0,1,0,41.0,stored_event_bounds,0.0,0,736574.548275463,736574.548276574,1472735371.0,1472735371.096,2016-09-01T13:09:31.000,2016-09-01T13:09:31.096,0.02000592648983,2016-09-01 13:09:31.019999981+00:00,n,False,HD3,DD3,0.01286658283859636,1472735371.0071335,2016-09-01 13:09:31.007133484+00:00,46,associated,0.0012402534484863281
378,390,736574.548310417,1472735374.02,2016-09-01T13:09:34.020,,BCHH,10,DD1,.BCHH.10.HD1,N,-1,-1,,.BCHH..HD1_10,1,0,1,0,0,1,0,42.0,stored_event_bounds,0.0,0,736574.548309491,736574.548310417,1472735373.94,1472735374.02,2016-09-01T13:09:33.940,2016-09-01T13:09:34.020,0.0799935311079025,2016-09-01 13:09:34.019999981+00:00,n,False,HD1,DD1,0.09010670165049936,1472735373.9298933,2016-09-01 13:09:33.929893255+00:00,47,associated,-0.006240129470825195
375,109,736574.548309595,1472735373.949,2016-09-01T13:09:33.949,,BCHH,10,DD3,.BCHH.10.HD3,N,-1,-1,,.BCHH..HD3_10,1,0,1,0,0,1,0,42.0,stored_event_bounds,0.0,0,736574.548309491,736574.548310417,1472735373.94,1472735374.02,2016-09-01T13:09:33.940,2016-09-01T13:09:34.020,0.0089921057224273,2016-09-01 13:09:33.948999882+00:00,n,False,HD3,DD3,0.01286658283859636,1472735373.9361334,2016-09-01 13:09:33.936133385+00:00,47,associated,0.0
374,108,736574.548309491,1472735373.94,2016-09-01T13:09:33.940,,BCHH,10,DD2,.BCHH.10.HD2,N,-1,-1,,.BCHH..HD2_10,1,0,1,0,0,1,0,42.0,stored_event_bounds,0.0,0,736574.548309491,736574.548310417,1472735373.94,1472735374.02,2016-09-01T13:09:33.940,2016-09-01T13:09:34.020,0.0,2016-09-01 13:09:33.940000057+00:00,n,False,HD2,DD2,0.0,1472735373.94,2016-09-01 13:09:33.940000057+00:00,47,associated,0.0038666725158691406
383,114,736574.548379491,1472735379.988,2016-09-01T13:09:39.988,,BCHH,10,DD3,.BCHH.10.HD3,N,-1,-1,,.BCHH..HD3_10,1,0,1,0,0,1,0,43.0,stored_event_bounds,0.0,0,736574.548379352,736574.548379491,1472735379.976,1472735379.988,2016-09-01T13:09:39.976,2016-09-01T13:09:39.988,0.0119995325803757,2016-09-01 13:09:39.987999916+00:00,n,False,HD3,DD3,0.01286658283859636,1472735379.9751334,2016-09-01 13:09:39.975133419+00:00,48,associated,-0.0004334449768066406
382,113,736574.548379352,1472735379.976,2016-09-01T13:09:39.976,,BCHH,10,DD2,.BCHH.10.HD2,N,-1,-1,,.BCHH..HD2_10,1,0,1,0,0,1,0,43.0,stored_event_bounds,0.0,0,736574.548379352,736574.548379491,1472735379.976,1472735379.988,2016-09-01T13:09:39.976,2016-09-01T13:09:39.988,0.0,2016-09-01 13:09:39.976000071+00:00,n,False,HD2,DD2,0.0,1472735379.976,2016-09-01 13:09:39.976000071+00:00,48,associated,0.00043320655822753906
386,843,736574.54865522,1472735403.811,2016-09-01T13:10:03.811,,BCHH,10,DD3,.BCHH.10.HD3,N,-1,-1,,.BCHH..HD3_10,1,0,1,0,0,1,0,44.0,stored_event_bounds,0.0,0,736574.548655081,736574.54865522,1472735403.799,1472735403.811,2016-09-01T13:10:03.799,2016-09-01T13:10:03.811,0.0119995325803757,2016-09-01 13:10:03.811000109+00:00,n,False,HD3,DD3,0.01286658283859636,1472735403.7981336,2016-09-01 13:10:03.798133612+00:00,49,associated,-0.00043320655822753906
385,842,736574.548655081,1472735403.799,2016-09-01T13:10:03.799,,BCHH,10,DD2,.BCHH.10.HD2,N,-1,-1,,.BCHH..HD2_10,1,0,1,0,0,1,0,44.0,stored_event_bounds,0.0,0,736574.548655081,736574.54865522,1472735403.799,1472735403.811,2016-09-01T13:10:03.799,2016-09-01T13:10:03.811,0.0,2016-09-01 13:10:03.799000025+00:00,n,False,HD2,DD2,0.0,1472735403.799,2016-09-01 13:10:03.799000025+00:00,49,associated,0.00043320655822753906
387,844,736574.54868353,1472735406.257,2016-09-01T13:10:06.257,,BCHH,10,DD2,.BCHH.10.HD2,N,-1,-1,,.BCHH..HD2_10,1,0,1,0,0,1,0,45.0,stored_event_bounds,0.0,0,736574.54868353,736574.548683727,1472735406.257,1472735406.274,2016-09-01T13:10:06.257,2016-09-01T13:10:06.274,0.0,2016-09-01 13:10:06.256999969+00:00,n,False,HD2,DD2,0.0,1472735406.257,2016-09-01 13:10:06.256999969+00:00,50,associated,-0.0020666122436523438
388,845,736574.548683727,1472735406.274,2016-09-01T13:10:06.274,,BCHH,10,DD3,.BCHH.10.HD3,N,-1,-1,,.BCHH..HD3_10,1,0,1,0,0,1,0,45.0,stored_event_bounds,0.0,0,736574.54868353,736574.548683727,1472735406.257,1472735406.274,2016-09-01T13:10:06.257,2016-09-01T13:10:06.274,0.0169984996318817,2016-09-01 13:10:06.273999929+00:00,n,False,HD3,DD3,0.01286658283859636,1472735406.2611334,2016-09-01 13:10:06.261133432+00:00,50,associated,0.0020668506622314453
392,835,736574.548866447,1472735422.061,2016-09-01T13:10:22.061,,BCHH,10,DD2,.BCHH.10.HD2,N,-1,-1,,.BCHH..HD2_10,1,0,1,0,0,1,0,46.0,stored_event_bounds,0.0,0,736574.548866447,736574.54886662,1472735422.061,1472735422.076,2016-09-01T13:10:22.061,2016-09-01T13:10:22.076,0.0,2016-09-01 13:10:22.061000109+00:00,n,False,HD2,DD2,0.0,1472735422.061,2016-09-01 13:10:22.061000109+00:00,51,associated,-0.0010666847229003906
393,836,736574.54886662,1472735422.076,2016-09-01T13:10:22.076,,BCHH,10,DD3,.BCHH.10.HD3,N,-1,-1,,.BCHH..HD3_10,1,0,1,0,0,1,0,46.0,stored_event_bounds,0.0,0,736574.548866447,736574.54886662,1472735422.061,1472735422.076,2016-09-01T13:10:22.061,2016-09-01T13:10:22.076,0.015006959438324,2016-09-01 13:10:22.075999975+00:00,n,False,HD3,DD3,0.01286658283859636,1472735422.0631335,2016-09-01 13:10:22.063133478+00:00,51,associated,0.0010666847229003906
395,834,736574.548943704,1472735428.73601,2016-09-01T13:10:28.736,,BCHH,10,DD3,.BCHH.10.HD3,N,-1,-1,,.BCHH..HD3_10,1,0,1,0,0,1,0,47.0,stored_event_bounds,0.0,0,736574.548943588,736574.548943704,1472735428.726,1472735428.73601,2016-09-01T13:10:28.726,2016-09-01T13:10:28.736,0.0100079923868179,2016-09-01 13:10:28.736010075+00:00,n,False,HD3,DD3,0.01286658283859636,1472735428.7231436,2016-09-01 13:10:28.723143578+00:00,52,associated,-0.0014281272888183594
394,833,736574.548943588,1472735428.726,2016-09-01T13:10:28.726,,BCHH,10,DD2,.BCHH.10.HD2,N,-1,-1,,.BCHH..HD2_10,1,0,1,0,0,1,0,47.0,stored_event_bounds,0.0,0,736574.548943588,736574.548943704,1472735428.726,1472735428.73601,2016-09-01T13:10:28.726,2016-09-01T13:10:28.736,0.0,2016-09-01 13:10:28.726000071+00:00,n,False,HD2,DD2,0.0,1472735428.726,2016-09-01 13:10:28.726000071+00:00,52,associated,0.001428365707397461
398,841,736574.549018588,1472735435.206,2016-09-01T13:10:35.206,,BCHH,10,DD3,.BCHH.10.HD3,N,-1,-1,,.BCHH..HD3_10,1,0,1,0,0,1,0,48.0,stored_event_bounds,0.0,0,736574.54901853,736574.549018588,1472735435.201,1472735435.206,2016-09-01T13:10:35.201,2016-09-01T13:10:35.206,0.004998967051506,2016-09-01 13:10:35.206000090+00:00,n,False,HD3,DD3,0.01286658283859636,1472735435.1931336,2016-09-01 13:10:35.193133593+00:00,53,associated,-0.0039331912994384766
397,840,736574.54901853,1472735435.201,2016-09-01T13:10:35.201,,BCHH,10,DD2,.BCHH.10.HD2,N,-1,-1,,.BCHH..HD2_10,1,0,1,0,0,1,0,48.0,stored_event_bounds,0.0,0,736574.54901853,736574.549018588,1472735435.201,1472735435.206,2016-09-01T13:10:35.201,2016-09-01T13:10:35.206,0.0,2016-09-01 13:10:35.200999975+00:00,n,False,HD2,DD2,0.0,1472735435.201,2016-09-01 13:10:35.200999975+00:00,53,associated,0.0039331912994384766
408,126,736574.55159088,1472735657.452,2016-09-01T13:14:17.452,,BCHH,10,DD1,.BCHH.10.HD1,N,-1,-1,,.BCHH..HD1_10,1,0,1,0,0,1,0,49.0,stored_event_bounds,0.0,0,736574.551589907,736574.55159088,1472735657.368,1472735657.452,2016-09-01T13:14:17.368,2016-09-01T13:14:17.452,0.0840067863464355,2016-09-01 13:14:17.451999903+00:00,n,False,HD1,DD1,0.09010670165049936,1472735657.3618932,2016-09-01 13:14:17.361893177+00:00,54,associated,-0.0012402534484863281
404,127,736574.55159,1472735657.376,2016-09-01T13:14:17.376,,BCHH,10,DD3,.BCHH.10.HD3,N,-1,-1,,.BCHH..HD3_10,1,0,1,0,0,1,0,49.0,stored_event_bounds,0.0,0,736574.551589907,736574.55159088,1472735657.368,1472735657.452,2016-09-01T13:14:17.368,2016-09-01T13:14:17.452,0.0080063939094543,2016-09-01 13:14:17.375999928+00:00,n,False,HD3,DD3,0.01286658283859636,1472735657.3631334,2016-09-01 13:14:17.363133430+00:00,54,associated,0.0
403,125,736574.551589907,1472735657.368,2016-09-01T13:14:17.368,,BCHH,10,DD2,.BCHH.10.HD2,N,-1,-1,,.BCHH..HD2_10,1,0,1,0,0,1,0,49.0,stored_event_bounds,0.0,0,736574.551589907,736574.55159088,1472735657.368,1472735657.452,2016-09-01T13:14:17.368,2016-09-01T13:14:17.452,0.0,2016-09-01 13:14:17.368000031+00:00,n,False,HD2,DD2,0.0,1472735657.368,2016-09-01 13:14:17.368000031+00:00,54,associated,0.004866600036621094
411,132,736574.551614722,1472735659.512,2016-09-01T13:14:19.512,,BCHH,10,DD1,.BCHH.10.HD1,N,-1,-1,,.BCHH..HD1_10,1,0,1,0,0,1,0,50.0,stored_event_bounds,0.0,0,736574.551613762,736574.551614722,1472735659.429,1472735659.512,2016-09-01T13:14:19.429,2016-09-01T13:14:19.512,0.0830009579658508,2016-09-01 13:14:19.512000083+00:00,n,False,HD1,DD1,0.09010670165049936,1472735659.4218934,2016-09-01 13:14:19.421893358+00:00,55,associated,-0.00024008750915527344
410,133,736574.551613831,1472735659.435,2016-09-01T13:14:19.435,,BCHH,10,DD3,.BCHH.10.HD3,N,-1,-1,,.BCHH..HD3_10,1,0,1,0,0,1,0,50.0,stored_event_bounds,0.0,0,736574.551613762,736574.551614722,1472735659.429,1472735659.512,2016-09-01T13:14:19.429,2016-09-01T13:14:19.512,0.0059947371482849,2016-09-01 13:14:19.434999943+00:00,n,False,HD3,DD3,0.01286658283859636,1472735659.4221334,2016-09-01 13:14:19.422133446+00:00,55,associated,0.0
409,131,736574.551613762,1472735659.429,2016-09-01T13:14:19.429,,BCHH,10,DD2,.BCHH.10.HD2,N,-1,-1,,.BCHH..HD2_10,1,0,1,0,0,1,0,50.0,stored_event_bounds,0.0,0,736574.551613762,736574.551614722,1472735659.429,1472735659.512,2016-09-01T13:14:19.429,2016-09-01T13:14:19.512,0.0,2016-09-01 13:14:19.428999901+00:00,n,False,HD2,DD2,0.0,1472735659.429,2016-09-01 13:14:19.428999901+00:00,55,associated,0.006866455078125
418,134,736574.551742882,1472735670.58501,2016-09-01T13:14:30.585,,BCHH,10,DD1,.BCHH.10.HD1,N,-1,-1,,.BCHH..HD1_10,1,0,1,0,0,1,0,51.0,stored_event_bounds,0.0,0,736574.551741887,736574.551742882,1472735670.499,1472735670.58501,2016-09-01T13:14:30.499,2016-09-01T13:14:30.585,0.0860083848237991,2016-09-01 13:14:30.585010052+00:00,n,False,HD1,DD1,0.09010670165049936,1472735670.4949033,2016-09-01 13:14:30.494903326+00:00,56,associated,-0.0002300739288330078
414,136,736574.551741991,1472735670.508,2016-09-01T13:14:30.508,,BCHH,10,DD3,.BCHH.10.HD3,N,-1,-1,,.BCHH..HD3_10,1,0,1,0,0,1,0,51.0,stored_event_bounds,0.0,0,736574.551741887,736574.551742882,1472735670.499,1472735670.58501,2016-09-01T13:14:30.499,2016-09-01T13:14:30.585,0.0090021640062332,2016-09-01 13:14:30.507999897+00:00,n,False,HD3,DD3,0.01286658283859636,1472735670.4951334,2016-09-01 13:14:30.495133400+00:00,56,associated,0.0
413,135,736574.551741887,1472735670.499,2016-09-01T13:14:30.499,,BCHH,10,DD2,.BCHH.10.HD2,N,-1,-1,,.BCHH..HD2_10,1,0,1,0,0,1,0,51.0,stored_event_bounds,0.0,0,736574.551741887,736574.551742882,1472735670.499,1472735670.58501,2016-09-01T13:14:30.499,2016-09-01T13:14:30.585,0.0,2016-09-01 13:14:30.499000072+00:00,n,False,HD2,DD2,0.0,1472735670.499,2016-09-01 13:14:30.499000072+00:00,56,associated,0.0038666725158691406
422,142,736574.552617685,1472735746.168,2016-09-01T13:15:46.168,,BCHH,10,DD3,.BCHH.10.HD3,N,-1,-1,,.BCHH..HD3_10,1,0,1,0,0,1,0,52.0,stored_event_bounds,0.0,0,736574.552617593,736574.552618623,1472735746.16,1472735746.249,2016-09-01T13:15:46.160,2016-09-01T13:15:46.249,0.0079963356256485,2016-09-01 13:15:46.167999983+00:00,n,False,HD3,DD3,0.01286658283859636,1472735746.1551335,2016-09-01 13:15:46.155133486+00:00,57,associated,-0.0037598609924316406
426,141,736574.552618623,1472735746.249,2016-09-01T13:15:46.249,,BCHH,10,DD1,.BCHH.10.HD1,N,-1,-1,,.BCHH..HD1_10,1,0,1,0,0,1,0,52.0,stored_event_bounds,0.0,0,736574.552617593,736574.552618623,1472735746.16,1472735746.249,2016-09-01T13:15:46.160,2016-09-01T13:15:46.249,0.0889956951141357,2016-09-01 13:15:46.249000072+00:00,n,False,HD1,DD1,0.09010670165049936,1472735746.1588933,2016-09-01 13:15:46.158893347+00:00,57,associated,0.0
421,140,736574.552617593,1472735746.16,2016-09-01T13:15:46.160,,BCHH,10,DD2,.BCHH.10.HD2,N,-1,-1,,.BCHH..HD2_10,1,0,1,0,0,1,0,52.0,stored_event_bounds,0.0,0,736574.552617593,736574.552618623,1472735746.16,1472735746.249,2016-09-01T13:15:46.160,2016-09-01T13:15:46.249,0.0,2016-09-01 13:15:46.160000086+00:00,n,False,HD2,DD2,0.0,1472735746.16,2016-09-01 13:15:46.160000086+00:00,57,associated,0.0011067390441894531
429,149,736574.55496912,1472735949.332,2016-09-01T13:19:09.332,,BCHH,10,DD3,.BCHH.10.HD3,N,-1,-1,,.BCHH..HD3_10,1,0,1,0,0,1,0,53.0,stored_event_bounds,0.0,0,736574.554969109,736574.55496941,1472735949.331,1472735949.357,2016-09-01T13:19:09.331,2016-09-01T13:19:09.357,0.0010058283805847,2016-09-01 13:19:09.332000017+00:00,n,False,HD3,DD3,0.01286658283859636,1472735949.3191335,2016-09-01 13:19:09.319133520+00:00,58,associated,-0.005933284759521484
428,150,736574.554969109,1472735949.331,2016-09-01T13:19:09.331,,BCHH,10,DD2,.BCHH.10.HD2,N,-1,-1,,.BCHH..HD2_10,1,0,1,0,0,1,0,53.0,stored_event_bounds,0.0,0,736574.554969109,736574.55496941,1472735949.331,1472735949.357,2016-09-01T13:19:09.331,2016-09-01T13:19:09.357,0.0,2016-09-01 13:19:09.331000090+00:00,n,False,HD2,DD2,0.0,1472735949.331,2016-09-01 13:19:09.331000090+00:00,58,associated,0.005933284759521484
435,393,736574.55499081,1472735951.206,2016-09-01T13:19:11.206,,BCHH,10,DD1,.BCHH.10.HD1,N,-1,-1,,.BCHH..HD1_10,1,0,1,0,0,1,0,54.0,stored_event_bounds,0.0,0,736574.554989838,736574.55499081,1472735951.122,1472735951.206,2016-09-01T13:19:11.122,2016-09-01T13:19:11.206,0.0840067863464355,2016-09-01 13:19:11.206000090+00:00,n,False,HD1,DD1,0.09010670165049936,1472735951.1158934,2016-09-01 13:19:11.115893364+00:00,59,associated,-0.00024008750915527344
433,147,736574.554989919,1472735951.129,2016-09-01T13:19:11.129,,BCHH,10,DD3,.BCHH.10.HD3,N,-1,-1,,.BCHH..HD3_10,1,0,1,0,0,1,0,54.0,stored_event_bounds,0.0,0,736574.554989838,736574.55499081,1472735951.122,1472735951.206,2016-09-01T13:19:11.122,2016-09-01T13:19:11.206,0.0070005655288696,2016-09-01 13:19:11.128999949+00:00,n,False,HD3,DD3,0.01286658283859636,1472735951.1161335,2016-09-01 13:19:11.116133451+00:00,59,associated,0.0
432,146,736574.554989838,1472735951.122,2016-09-01T13:19:11.122,,BCHH,10,DD2,.BCHH.10.HD2,N,-1,-1,,.BCHH..HD2_10,1,0,1,0,0,1,0,54.0,stored_event_bounds,0.0,0,736574.554989838,736574.55499081,1472735951.122,1472735951.206,2016-09-01T13:19:11.122,2016-09-01T13:19:11.206,0.0,2016-09-01 13:19:11.121999979+00:00,n,False,HD2,DD2,0.0,1472735951.122,2016-09-01 13:19:11.121999979+00:00,59,associated,0.005866527557373047
437,831,736574.554992685,1472735951.368,2016-09-01T13:19:11.368,,BCHH,10,DD3,.BCHH.10.HD3,N,-1,-1,,.BCHH..HD3_10,1,0,1,0,0,1,0,55.0,stored_event_bounds,0.0,0,736574.554992569,736574.554992685,1472735951.358,1472735951.368,2016-09-01T13:19:11.358,2016-09-01T13:19:11.368,0.009997934103012,2016-09-01 13:19:11.368000031+00:00,n,False,HD3,DD3,0.01286658283859636,1472735951.3551335,2016-09-01 13:19:11.355133533+00:00,60,associated,-0.0014333724975585938
436,832,736574.554992569,1472735951.358,2016-09-01T13:19:11.358,,BCHH,10,DD2,.BCHH.10.HD2,N,-1,-1,,.BCHH..HD2_10,1,0,1,0,0,1,0,55.0,stored_event_bounds,0.0,0,736574.554992569,736574.554992685,1472735951.358,1472735951.368,2016-09-01T13:19:11.358,2016-09-01T13:19:11.368,0.0,2016-09-01 13:19:11.358000040+00:00,n,False,HD2,DD2,0.0,1472735951.358,2016-09-01 13:19:11.358000040+00:00,60,associated,0.0014331340789794922
439,830,736574.554995625,1472735951.622,2016-09-01T13:19:11.622,,BCHH,10,DD3,.BCHH.10.HD3,N,-1,-1,,.BCHH..HD3_10,1,0,1,0,0,1,0,56.0,stored_event_bounds,0.0,0,736574.554995602,736574.554995625,1472735951.62,1472735951.622,2016-09-01T13:19:11.620,2016-09-01T13:19:11.622,0.0020015984773635,2016-09-01 13:19:11.621999979+00:00,n,False,HD3,DD3,0.01286658283859636,1472735951.6091335,2016-09-01 13:19:11.609133482+00:00,61,associated,-0.005433320999145508
438,829,736574.554995602,1472735951.62,2016-09-01T13:19:11.620,,BCHH,10,DD2,.BCHH.10.HD2,N,-1,-1,,.BCHH..HD2_10,1,0,1,0,0,1,0,56.0,stored_event_bounds,0.0,0,736574.554995602,736574.554995625,1472735951.62,1472735951.622,2016-09-01T13:19:11.620,2016-09-01T13:19:11.622,0.0,2016-09-01 13:19:11.619999886+00:00,n,False,HD2,DD2,0.0,1472735951.62,2016-09-01 13:19:11.619999886+00:00,61,associated,0.005433082580566406
441,152,736574.555012454,1472735953.076,2016-09-01T13:19:13.076,,BCHH,10,DD3,.BCHH.10.HD3,N,-1,-1,,.BCHH..HD3_10,1,0,1,0,0,1,0,57.0,stored_event_bounds,0.0,0,736574.555012373,736574.555013391,1472735953.069,1472735953.157,2016-09-01T13:19:13.069,2016-09-01T13:19:13.157,0.0070005655288696,2016-09-01 13:19:13.075999975+00:00,n,False,HD3,DD3,0.01286658283859636,1472735953.0631335,2016-09-01 13:19:13.063133478+00:00,62,associated,-0.0037598609924316406
445,153,736574.555013391,1472735953.157,2016-09-01T13:19:13.157,,BCHH,10,DD1,.BCHH.10.HD1,N,-1,-1,,.BCHH..HD1_10,1,0,1,0,0,1,0,57.0,stored_event_bounds,0.0,0,736574.555012373,736574.555013391,1472735953.069,1472735953.157,2016-09-01T13:19:13.069,2016-09-01T13:19:13.157,0.0879999250173569,2016-09-01 13:19:13.157000065+00:00,n,False,HD1,DD1,0.09010670165049936,1472735953.0668933,2016-09-01 13:19:13.066893338+00:00,62,associated,0.0
440,151,736574.555012373,1472735953.069,2016-09-01T13:19:13.069,,BCHH,10,DD2,.BCHH.10.HD2,N,-1,-1,,.BCHH..HD2_10,1,0,1,0,0,1,0,57.0,stored_event_bounds,0.0,0,736574.555012373,736574.555013391,1472735953.069,1472735953.157,2016-09-01T13:19:13.069,2016-09-01T13:19:13.157,0.0,2016-09-01 13:19:13.069000006+00:00,n,False,HD2,DD2,0.0,1472735953.069,2016-09-01 13:19:13.069000006+00:00,62,associated,0.0021066665649414062
447,785,736574.555014664,1472735953.267,2016-09-01T13:19:13.267,,BCHH,10,DD3,.BCHH.10.HD3,N,-1,-1,,.BCHH..HD3_10,1,0,1,0,0,1,0,58.0,stored_event_bounds,0.0,0,736574.555014606,736574.555014664,1472735953.262,1472735953.267,2016-09-01T13:19:13.262,2016-09-01T13:19:13.267,0.004998967051506,2016-09-01 13:19:13.266999959+00:00,n,False,HD3,DD3,0.01286658283859636,1472735953.2541335,2016-09-01 13:19:13.254133463+00:00,63,associated,-0.0039331912994384766
446,786,736574.555014606,1472735953.262,2016-09-01T13:19:13.262,,BCHH,10,DD2,.BCHH.10.HD2,N,-1,-1,,.BCHH..HD2_10,1,0,1,0,0,1,0,58.0,stored_event_bounds,0.0,0,736574.555014606,736574.555014664,1472735953.262,1472735953.267,2016-09-01T13:19:13.262,2016-09-01T13:19:13.267,0.0,2016-09-01 13:19:13.262000084+00:00,n,False,HD2,DD2,0.0,1472735953.262,2016-09-01 13:19:13.262000084+00:00,63,associated,0.003933429718017578
449,157,736574.555020243,1472735953.749,2016-09-01T13:19:13.749,,BCHH,10,DD3,.BCHH.10.HD3,N,-1,-1,,.BCHH..HD3_10,1,0,1,0,0,1,0,59.0,stored_event_bounds,0.0,0,736574.555020104,736574.555021146,1472735953.737,1472735953.827,2016-09-01T13:19:13.737,2016-09-01T13:19:13.827,0.0119995325803757,2016-09-01 13:19:13.749000072+00:00,n,False,HD3,DD3,0.01286658283859636,1472735953.7361336,2016-09-01 13:19:13.736133575+00:00,64,associated,-0.0007596015930175781
450,159,736574.555021146,1472735953.827,2016-09-01T13:19:13.827,,BCHH,10,DD1,.BCHH.10.HD1,N,-1,-1,,.BCHH..HD1_10,1,0,1,0,0,1,0,59.0,stored_event_bounds,0.0,0,736574.555020104,736574.555021146,1472735953.737,1472735953.827,2016-09-01T13:19:13.737,2016-09-01T13:19:13.827,0.0900015234947205,2016-09-01 13:19:13.826999903+00:00,n,False,HD1,DD1,0.09010670165049936,1472735953.7368932,2016-09-01 13:19:13.736893177+00:00,64,associated,0.0
448,158,736574.555020104,1472735953.737,2016-09-01T13:19:13.737,,BCHH,10,DD2,.BCHH.10.HD2,N,-1,-1,,.BCHH..HD2_10,1,0,1,0,0,1,0,59.0,stored_event_bounds,0.0,0,736574.555020104,736574.555021146,1472735953.737,1472735953.827,2016-09-01T13:19:13.737,2016-09-01T13:19:13.827,0.0,2016-09-01 13:19:13.736999989+00:00,n,False,HD2,DD2,0.0,1472735953.737,2016-09-01 13:19:13.736999989+00:00,64,associated,0.0001068115234375
456,162,736574.555030197,1472735954.609,2016-09-01T13:19:14.609,,BCHH,10,DD1,.BCHH.10.HD1,N,-1,-1,,.BCHH..HD1_10,1,0,1,0,0,1,0,60.0,stored_event_bounds,0.0,0,736574.555029201,736574.555030197,1472735954.523,1472735954.609,2016-09-01T13:19:14.523,2016-09-01T13:19:14.609,0.0859983265399933,2016-09-01 13:19:14.608999968+00:00,n,False,HD1,DD1,0.09010670165049936,1472735954.5188932,2016-09-01 13:19:14.518893242+00:00,65,associated,-0.0022401809692382812
452,161,736574.555029329,1472735954.534,2016-09-01T13:19:14.534,,BCHH,10,DD3,.BCHH.10.HD3,N,-1,-1,,.BCHH..HD3_10,1,0,1,0,0,1,0,60.0,stored_event_bounds,0.0,0,736574.555029201,736574.555030197,1472735954.523,1472735954.609,2016-09-01T13:19:14.523,2016-09-01T13:19:14.609,0.010993704199791,2016-09-01 13:19:14.533999919+00:00,n,False,HD3,DD3,0.01286658283859636,1472735954.5211334,2016-09-01 13:19:14.521133423+00:00,65,associated,0.0
451,160,736574.555029201,1472735954.523,2016-09-01T13:19:14.523,,BCHH,10,DD2,.BCHH.10.HD2,N,-1,-1,,.BCHH..HD2_10,1,0,1,0,0,1,0,60.0,stored_event_bounds,0.0,0,736574.555029201,736574.555030197,1472735954.523,1472735954.609,2016-09-01T13:19:14.523,2016-09-01T13:19:14.609,0.0,2016-09-01 13:19:14.523000001+00:00,n,False,HD2,DD2,0.0,1472735954.523,2016-09-01 13:19:14.523000001+00:00,65,associated,0.0018665790557861328
459,168,736574.555038218,1472735955.302,2016-09-01T13:19:15.302,,BCHH,10,DD1,.BCHH.10.HD1,N,-1,-1,,.BCHH..HD1_10,1,0,1,0,0,1,0,61.0,stored_event_bounds,0.0,0,736574.555037176,736574.555038218,1472735955.212,1472735955.302,2016-09-01T13:19:15.212,2016-09-01T13:19:15.302,0.0900015234947205,2016-09-01 13:19:15.302000046+00:00,n,False,HD1,DD1,0.09010670165049936,1472735955.2118933,2016-09-01 13:19:15.211893320+00:00,66,associated,-0.00010657310485839844
457,167,736574.555037176,1472735955.212,2016-09-01T13:19:15.212,,BCHH,10,DD2,.BCHH.10.HD2,N,-1,-1,,.BCHH..HD2_10,1,0,1,0,0,1,0,61.0,stored_event_bounds,0.0,0,736574.555037176,736574.555038218,1472735955.212,1472735955.302,2016-09-01T13:19:15.212,2016-09-01T13:19:15.302,0.0,2016-09-01 13:19:15.211999893+00:00,n,False,HD2,DD2,0.0,1472735955.212,2016-09-01 13:19:15.211999893+00:00,66,associated,0.0
458,166,736574.555037326,1472735955.225,2016-09-01T13:19:15.225,,BCHH,10,DD3,.BCHH.10.HD3,N,-1,-1,,.BCHH..HD3_10,1,0,1,0,0,1,0,61.0,stored_event_bounds,0.0,0,736574.555037176,736574.555038218,1472735955.212,1472735955.302,2016-09-01T13:19:15.212,2016-09-01T13:19:15.302,0.0130053609609604,2016-09-01 13:19:15.224999905+00:00,n,False,HD3,DD3,0.01286658283859636,1472735955.2121334,2016-09-01 13:19:15.212133408+00:00,66,associated,0.000133514404296875
461,169,736574.555055775,1472735956.819,2016-09-01T13:19:16.819,,BCHH,10,DD3,.BCHH.10.HD3,N,-1,-1,,.BCHH..HD3_10,1,0,1,0,0,1,0,62.0,stored_event_bounds,0.0,0,736574.55505566,736574.555055775,1472735956.809,1472735956.819,2016-09-01T13:19:16.809,2016-09-01T13:19:16.819,0.009997934103012,2016-09-01 13:19:16.819000006+00:00,n,False,HD3,DD3,0.01286658283859636,1472735956.8061335,2016-09-01 13:19:16.806133509+00:00,67,associated,-0.0014331340789794922
460,170,736574.55505566,1472735956.809,2016-09-01T13:19:16.809,,BCHH,10,DD2,.BCHH.10.HD2,N,-1,-1,,.BCHH..HD2_10,1,0,1,0,0,1,0,62.0,stored_event_bounds,0.0,0,736574.55505566,736574.555055775,1472735956.809,1472735956.819,2016-09-01T13:19:16.809,2016-09-01T13:19:16.819,0.0,2016-09-01 13:19:16.809000015+00:00,n,False,HD2,DD2,0.0,1472735956.809,2016-09-01 13:19:16.809000015+00:00,67,associated,0.0014333724975585938
464,172,736574.555072037,1472735958.224,2016-09-01T13:19:18.224,,BCHH,10,DD1,.BCHH.10.HD1,N,-1,-1,,.BCHH..HD1_10,1,0,1,0,0,1,0,63.0,stored_event_bounds,0.0,0,736574.555071123,736574.555072037,1472735958.145,1472735958.224,2016-09-01T13:19:18.145,2016-09-01T13:19:18.224,0.0789977610111237,2016-09-01 13:19:18.223999977+00:00,n,False,HD1,DD1,0.09010670165049936,1472735958.1338933,2016-09-01 13:19:18.133893250+00:00,68,associated,-0.008240222930908203
463,173,736574.555071238,1472735958.155,2016-09-01T13:19:18.155,,BCHH,10,DD3,.BCHH.10.HD3,N,-1,-1,,.BCHH..HD3_10,1,0,1,0,0,1,0,63.0,stored_event_bounds,0.0,0,736574.555071123,736574.555072037,1472735958.145,1472735958.224,2016-09-01T13:19:18.145,2016-09-01T13:19:18.224,0.009997934103012,2016-09-01 13:19:18.154999971+00:00,n,False,HD3,DD3,0.01286658283859636,1472735958.1421335,2016-09-01 13:19:18.142133474+00:00,68,associated,0.0
462,171,736574.555071123,1472735958.145,2016-09-01T13:19:18.145,,BCHH,10,DD2,.BCHH.10.HD2,N,-1,-1,,.BCHH..HD2_10,1,0,1,0,0,1,0,63.0,stored_event_bounds,0.0,0,736574.555071123,736574.555072037,1472735958.145,1472735958.224,2016-09-01T13:19:18.145,2016-09-01T13:19:18.224,0.0,2016-09-01 13:19:18.144999981+00:00,n,False,HD2,DD2,0.0,1472735958.145,2016-09-01 13:19:18.144999981+00:00,68,associated,0.002866506576538086
468,174,736574.55508037,1472735958.944,2016-09-01T13:19:18.944,,BCHH,10,DD1,.BCHH.10.HD1,N,-1,-1,,.BCHH..HD1_10,1,0,1,0,0,1,0,64.0,stored_event_bounds,0.0,0,736574.555079352,736574.55508037,1472735958.856,1472735958.944,2016-09-01T13:19:18.856,2016-09-01T13:19:18.944,0.0879999250173569,2016-09-01 13:19:18.944000006+00:00,n,False,HD1,DD1,0.09010670165049936,1472735958.8538933,2016-09-01 13:19:18.853893280+00:00,69,associated,-0.0012402534484863281
466,176,736574.555079491,1472735958.868,2016-09-01T13:19:18.868,,BCHH,10,DD3,.BCHH.10.HD3,N,-1,-1,,.BCHH..HD3_10,1,0,1,0,0,1,0,64.0,stored_event_bounds,0.0,0,736574.555079352,736574.55508037,1472735958.856,1472735958.944,2016-09-01T13:19:18.856,2016-09-01T13:19:18.944,0.0119995325803757,2016-09-01 13:19:18.868000031+00:00,n,False,HD3,DD3,0.01286658283859636,1472735958.8551335,2016-09-01 13:19:18.855133533+00:00,69,associated,0.0
465,175,736574.555079352,1472735958.856,2016-09-01T13:19:18.856,,BCHH,10,DD2,.BCHH.10.HD2,N,-1,-1,,.BCHH..HD2_10,1,0,1,0,0,1,0,64.0,stored_event_bounds,0.0,0,736574.555079352,736574.55508037,1472735958.856,1472735958.944,2016-09-01T13:19:18.856,2016-09-01T13:19:18.944,0.0,2016-09-01 13:19:18.855999947+00:00,n,False,HD2,DD2,0.0,1472735958.856,2016-09-01 13:19:18.855999947+00:00,69,associated,0.0008664131164550781
472,180,736574.555123056,1472735962.632,2016-09-01T13:19:22.632,,BCHH,10,DD3,.BCHH.10.HD3,N,-1,-1,,.BCHH..HD3_10,1,0,1,0,0,1,0,65.0,stored_event_bounds,0.0,0,736574.555122963,736574.555126123,1472735962.624,1472735962.897,2016-09-01T13:19:22.624,2016-09-01T13:19:22.897,0.0080063939094543,2016-09-01 13:19:22.631999969+00:00,n,False,HD3,DD3,0.01286658283859636,1472735962.6191335,2016-09-01 13:19:22.619133472+00:00,70,associated,-0.002759695053100586
475,183,736574.555123981,1472735962.712,2016-09-01T13:19:22.712,,BCHH,10,DD1,.BCHH.10.HD1,N,-1,-1,,.BCHH..HD1_10,1,0,1,0,0,1,0,65.0,stored_event_bounds,0.0,0,736574.555122963,736574.555126123,1472735962.624,1472735962.897,2016-09-01T13:19:22.624,2016-09-01T13:19:22.897,0.0879999250173569,2016-09-01 13:19:22.711999893+00:00,n,False,HD1,DD1,0.09010670165049936,1472735962.6218932,2016-09-01 13:19:22.621893167+00:00,70,associated,0.0
471,179,736574.555122963,1472735962.624,2016-09-01T13:19:22.624,,BCHH,10,DD2,.BCHH.10.HD2,N,-1,-1,,.BCHH..HD2_10,1,0,1,0,0,1,0,65.0,stored_event_bounds,0.0,0,736574.555122963,736574.555126123,1472735962.624,1472735962.897,2016-09-01T13:19:22.624,2016-09-01T13:19:22.897,0.0,2016-09-01 13:19:22.624000072+00:00,n,False,HD2,DD2,0.0,1472735962.624,2016-09-01 13:19:22.624000072+00:00,70,associated,0.002106904983520508
478,184,736574.555126123,1472735962.897,2016-09-01T13:19:22.897,,BCHH,10,DD1,.BCHH.10.HD1,N,-1,-1,,.BCHH..HD1_10,1,0,1,0,0,1,0,65.0,stored_event_bounds,0.0,0,736574.555122963,736574.555126123,1472735962.624,1472735962.897,2016-09-01T13:19:22.624,2016-09-01T13:19:22.897,0.273001939058304,2016-09-01 13:19:22.897000074+00:00,n,False,HD1,DD1,0.09010670165049936,1472735962.8068933,2016-09-01 13:19:22.806893349+00:00,71,associated,-0.00024008750915527344
477,186,736574.555125232,1472735962.82,2016-09-01T13:19:22.820,,BCHH,10,DD3,.BCHH.10.HD3,N,-1,-1,,.BCHH..HD3_10,1,0,1,0,0,1,0,65.0,stored_event_bounds,0.0,0,736574.555122963,736574.555126123,1472735962.624,1472735962.897,2016-09-01T13:19:22.624,2016-09-01T13:19:22.897,0.196005776524544,2016-09-01 13:19:22.819999933+00:00,n,False,HD3,DD3,0.01286658283859636,1472735962.8071334,2016-09-01 13:19:22.807133436+00:00,71,associated,0.0
476,185,736574.555125093,1472735962.808,2016-09-01T13:19:22.808,,BCHH,10,DD2,.BCHH.10.HD2,N,-1,-1,,.BCHH..HD2_10,1,0,1,0,0,1,0,65.0,stored_event_bounds,0.0,0,736574.555122963,736574.555126123,1472735962.624,1472735962.897,2016-09-01T13:19:22.624,2016-09-01T13:19:22.897,0.184006243944168,2016-09-01 13:19:22.808000088+00:00,n,False,HD2,DD2,0.0,1472735962.808,2016-09-01 13:19:22.808000088+00:00,71,associated,0.0008666515350341797
480,189,736574.555135926,1472735963.744,2016-09-01T13:19:23.744,,BCHH,10,DD3,.BCHH.10.HD3,N,-1,-1,,.BCHH..HD3_10,1,0,1,0,0,1,0,66.0,stored_event_bounds,0.0,0,736574.555135833,736574.555136852,1472735963.736,1472735963.824,2016-09-01T13:19:23.736,2016-09-01T13:19:23.824,0.0079963356256485,2016-09-01 13:19:23.743999958+00:00,n,False,HD3,DD3,0.01286658283859636,1472735963.7311335,2016-09-01 13:19:23.731133461+00:00,72,associated,-0.002759695053100586
481,187,736574.555136852,1472735963.824,2016-09-01T13:19:23.824,,BCHH,10,DD1,.BCHH.10.HD1,N,-1,-1,,.BCHH..HD1_10,1,0,1,0,0,1,0,66.0,stored_event_bounds,0.0,0,736574.555135833,736574.555136852,1472735963.736,1472735963.824,2016-09-01T13:19:23.736,2016-09-01T13:19:23.824,0.0879999250173569,2016-09-01 13:19:23.823999882+00:00,n,False,HD1,DD1,0.09010670165049936,1472735963.7338932,2016-09-01 13:19:23.733893156+00:00,72,associated,0.0
479,188,736574.555135833,1472735963.736,2016-09-01T13:19:23.736,,BCHH,10,DD2,.BCHH.10.HD2,N,-1,-1,,.BCHH..HD2_10,1,0,1,0,0,1,0,66.0,stored_event_bounds,0.0,0,736574.555135833,736574.555136852,1472735963.736,1472735963.824,2016-09-01T13:19:23.736,2016-09-01T13:19:23.824,0.0,2016-09-01 13:19:23.736000061+00:00,n,False,HD2,DD2,0.0,1472735963.736,2016-09-01 13:19:23.736000061+00:00,72,associated,0.002106904983520508
483,192,736574.555150972,1472735965.044,2016-09-01T13:19:25.044,,BCHH,10,DD3,.BCHH.10.HD3,N,-1,-1,,.BCHH..HD3_10,1,0,1,0,0,1,0,67.0,stored_event_bounds,0.0,0,736574.55515088,736574.555151944,1472735965.036,1472735965.128,2016-09-01T13:19:25.036,2016-09-01T13:19:25.128,0.0079963356256485,2016-09-01 13:19:25.043999910+00:00,n,False,HD3,DD3,0.01286658283859636,1472735965.0311334,2016-09-01 13:19:25.031133413+00:00,73,associated,-0.004866600036621094
482,191,736574.55515088,1472735965.036,2016-09-01T13:19:25.036,,BCHH,10,DD2,.BCHH.10.HD2,N,-1,-1,,.BCHH..HD2_10,1,0,1,0,0,1,0,67.0,stored_event_bounds,0.0,0,736574.55515088,736574.555151944,1472735965.036,1472735965.128,2016-09-01T13:19:25.036,2016-09-01T13:19:25.128,0.0,2016-09-01 13:19:25.036000013+00:00,n,False,HD2,DD2,0.0,1472735965.036,2016-09-01 13:19:25.036000013+00:00,73,associated,0.0
487,190,736574.555151944,1472735965.128,2016-09-01T13:19:25.128,,BCHH,10,DD1,.BCHH.10.HD1,N,-1,-1,,.BCHH..HD1_10,1,0,1,0,0,1,0,67.0,stored_event_bounds,0.0,0,736574.55515088,736574.555151944,1472735965.036,1472735965.128,2016-09-01T13:19:25.036,2016-09-01T13:19:25.128,0.0919930636882782,2016-09-01 13:19:25.128000020+00:00,n,False,HD1,DD1,0.09010670165049936,1472735965.0378933,2016-09-01 13:19:25.037893295+00:00,73,associated,0.0018932819366455078
492,198,736574.555172778,1472735966.928,2016-09-01T13:19:26.928,,BCHH,10,DD1,.BCHH.10.HD1,N,-1,-1,,.BCHH..HD1_10,1,0,1,0,0,1,0,68.0,stored_event_bounds,0.0,0,736574.555171806,736574.555172778,1472735966.844,1472735966.928,2016-09-01T13:19:26.844,2016-09-01T13:19:26.928,0.0839967280626297,2016-09-01 13:19:26.927999973+00:00,n,False,HD1,DD1,0.09010670165049936,1472735966.8378932,2016-09-01 13:19:26.837893248+00:00,74,associated,-0.0012402534484863281
489,197,736574.555171898,1472735966.852,2016-09-01T13:19:26.852,,BCHH,10,DD3,.BCHH.10.HD3,N,-1,-1,,.BCHH..HD3_10,1,0,1,0,0,1,0,68.0,stored_event_bounds,0.0,0,736574.555171806,736574.555172778,1472735966.844,1472735966.928,2016-09-01T13:19:26.844,2016-09-01T13:19:26.928,0.0079963356256485,2016-09-01 13:19:26.851999998+00:00,n,False,HD3,DD3,0.01286658283859636,1472735966.8391335,2016-09-01 13:19:26.839133501+00:00,74,associated,0.0
488,196,736574.555171806,1472735966.844,2016-09-01T13:19:26.844,,BCHH,10,DD2,.BCHH.10.HD2,N,-1,-1,,.BCHH..HD2_10,1,0,1,0,0,1,0,68.0,stored_event_bounds,0.0,0,736574.555171806,736574.555172778,1472735966.844,1472735966.928,2016-09-01T13:19:26.844,2016-09-01T13:19:26.928,0.0,2016-09-01 13:19:26.844000101+00:00,n,False,HD2,DD2,0.0,1472735966.844,2016-09-01 13:19:26.844000101+00:00,74,associated,0.004866600036621094
494,203,736574.555201123,1472735969.377,2016-09-01T13:19:29.377,,BCHH,10,DD3,.BCHH.10.HD3,N,-1,-1,,.BCHH..HD3_10,1,0,1,0,0,1,0,69.0,stored_event_bounds,0.0,0,736574.555200984,736574.555202037,1472735969.365,1472735969.45601,2016-09-01T13:19:29.365,2016-09-01T13:19:29.456,0.0119995325803757,2016-09-01 13:19:29.377000093+00:00,n,False,HD3,DD3,0.01286658283859636,1472735969.3641336,2016-09-01 13:19:29.364133596+00:00,75,associated,-0.0008664131164550781
493,202,736574.555200984,1472735969.365,2016-09-01T13:19:29.365,,BCHH,10,DD2,.BCHH.10.HD2,N,-1,-1,,.BCHH..HD2_10,1,0,1,0,0,1,0,69.0,stored_event_bounds,0.0,0,736574.555200984,736574.555202037,1472735969.365,1472735969.45601,2016-09-01T13:19:29.365,2016-09-01T13:19:29.456,0.0,2016-09-01 13:19:29.365000010+00:00,n,False,HD2,DD2,0.0,1472735969.365,2016-09-01 13:19:29.365000010+00:00,75,associated,0.0
498,201,736574.555202037,1472735969.45601,2016-09-01T13:19:29.456,,BCHH,10,DD1,.BCHH.10.HD1,N,-1,-1,,.BCHH..HD1_10,1,0,1,0,0,1,0,69.0,stored_event_bounds,0.0,0,736574.555200984,736574.555202037,1472735969.365,1472735969.45601,2016-09-01T13:19:29.365,2016-09-01T13:19:29.456,0.0910073518753052,2016-09-01 13:19:29.456010103+00:00,n,False,HD1,DD1,0.09010670165049936,1472735969.3659034,2016-09-01 13:19:29.365903378+00:00,75,associated,0.0009033679962158203
503,209,736574.555248241,1472735973.448,2016-09-01T13:19:33.448,,BCHH,10,DD1,.BCHH.10.HD1,N,-1,-1,,.BCHH..HD1_10,1,0,1,0,0,1,0,70.0,stored_event_bounds,0.0,0,736574.555247407,736574.555248241,1472735973.376,1472735973.448,2016-09-01T13:19:33.376,2016-09-01T13:19:33.448,0.071997195482254,2016-09-01 13:19:33.447999954+00:00,n,False,HD1,DD1,0.09010670165049936,1472735973.3578932,2016-09-01 13:19:33.357893229+00:00,76,associated,-0.013240337371826172
500,207,736574.5552475,1472735973.384,2016-09-01T13:19:33.384,,BCHH,10,DD3,.BCHH.10.HD3,N,-1,-1,,.BCHH..HD3_10,1,0,1,0,0,1,0,70.0,stored_event_bounds,0.0,0,736574.555247407,736574.555248241,1472735973.376,1472735973.448,2016-09-01T13:19:33.376,2016-09-01T13:19:33.448,0.0079963356256485,2016-09-01 13:19:33.384000063+00:00,n,False,HD3,DD3,0.01286658283859636,1472735973.3711336,2016-09-01 13:19:33.371133566+00:00,76,associated,0.0
499,208,736574.555247407,1472735973.376,2016-09-01T13:19:33.376,,BCHH,10,DD2,.BCHH.10.HD2,N,-1,-1,,.BCHH..HD2_10,1,0,1,0,0,1,0,70.0,stored_event_bounds,0.0,0,736574.555247407,736574.555248241,1472735973.376,1472735973.448,2016-09-01T13:19:33.376,2016-09-01T13:19:33.448,0.0,2016-09-01 13:19:33.375999928+00:00,n,False,HD2,DD2,0.0,1472735973.376,2016-09-01 13:19:33.375999928+00:00,76,associated,0.004866361618041992
505,827,736574.555252211,1472735973.791,2016-09-01T13:19:33.791,,BCHH,10,DD3,.BCHH.10.HD3,N,-1,-1,,.BCHH..HD3_10,1,0,1,0,0,1,0,71.0,stored_event_bounds,0.0,0,736574.555252153,736574.555252211,1472735973.786,1472735973.791,2016-09-01T13:19:33.786,2016-09-01T13:19:33.791,0.0050090253353118,2016-09-01 13:19:33.790999889+00:00,n,False,HD3,DD3,0.01286658283859636,1472735973.7781334,2016-09-01 13:19:33.778133392+00:00,77,associated,-0.003933429718017578
504,828,736574.555252153,1472735973.786,2016-09-01T13:19:33.786,,BCHH,10,DD2,.BCHH.10.HD2,N,-1,-1,,.BCHH..HD2_10,1,0,1,0,0,1,0,71.0,stored_event_bounds,0.0,0,736574.555252153,736574.555252211,1472735973.786,1472735973.791,2016-09-01T13:19:33.786,2016-09-01T13:19:33.791,0.0,2016-09-01 13:19:33.786000013+00:00,n,False,HD2,DD2,0.0,1472735973.786,2016-09-01 13:19:33.786000013+00:00,77,associated,0.0039331912994384766
511,448,736574.555352882,1472735982.489,2016-09-01T13:19:42.489,,BCHH,10,DD1,.BCHH.10.HD1,N,-1,-1,,.BCHH..HD1_10,1,0,1,0,0,1,0,72.0,stored_event_bounds,0.0,0,736574.555351944,736574.555352882,1472735982.408,1472735982.489,2016-09-01T13:19:42.408,2016-09-01T13:19:42.489,0.0809993594884872,2016-09-01 13:19:42.489000082+00:00,n,False,HD1,DD1,0.09010670165049936,1472735982.3988934,2016-09-01 13:19:42.398893356+00:00,78,associated,-0.005240201950073242
507,213,736574.555352049,1472735982.417,2016-09-01T13:19:42.417,,BCHH,10,DD3,.BCHH.10.HD3,N,-1,-1,,.BCHH..HD3_10,1,0,1,0,0,1,0,72.0,stored_event_bounds,0.0,0,736574.555351944,736574.555352882,1472735982.408,1472735982.489,2016-09-01T13:19:42.408,2016-09-01T13:19:42.489,0.0090021640062332,2016-09-01 13:19:42.417000055+00:00,n,False,HD3,DD3,0.01286658283859636,1472735982.4041336,2016-09-01 13:19:42.404133558+00:00,78,associated,0.0
506,212,736574.555351944,1472735982.408,2016-09-01T13:19:42.408,,BCHH,10,DD2,.BCHH.10.HD2,N,-1,-1,,.BCHH..HD2_10,1,0,1,0,0,1,0,72.0,stored_event_bounds,0.0,0,736574.555351944,736574.555352882,1472735982.408,1472735982.489,2016-09-01T13:19:42.408,2016-09-01T13:19:42.489,0.0,2016-09-01 13:19:42.407999992+00:00,n,False,HD2,DD2,0.0,1472735982.408,2016-09-01 13:19:42.407999992+00:00,78,associated,0.003866434097290039
513,220,736574.55542066,1472735988.345,2016-09-01T13:19:48.345,,BCHH,10,DD3,.BCHH.10.HD3,N,-1,-1,,.BCHH..HD3_10,1,0,1,0,0,1,0,73.0,stored_event_bounds,0.0,0,736574.555420625,736574.555421042,1472735988.342,1472735988.378,2016-09-01T13:19:48.342,2016-09-01T13:19:48.378,0.0029973685741424,2016-09-01 13:19:48.345000029+00:00,n,False,HD3,DD3,0.01286658283859636,1472735988.3321335,2016-09-01 13:19:48.332133532+00:00,79,associated,-0.00493311882019043
512,217,736574.555420625,1472735988.342,2016-09-01T13:19:48.342,,BCHH,10,DD2,.BCHH.10.HD2,N,-1,-1,,.BCHH..HD2_10,1,0,1,0,0,1,0,73.0,stored_event_bounds,0.0,0,736574.555420625,736574.555421042,1472735988.342,1472735988.378,2016-09-01T13:19:48.342,2016-09-01T13:19:48.378,0.0,2016-09-01 13:19:48.342000008+00:00,n,False,HD2,DD2,0.0,1472735988.342,2016-09-01 13:19:48.342000008+00:00,79,associated,0.004933357238769531
521,222,736574.555503611,1472735995.512,2016-09-01T13:19:55.512,,BCHH,10,DD1,.BCHH.10.HD1,N,-1,-1,,.BCHH..HD1_10,1,0,1,0,0,1,0,74.0,stored_event_bounds,0.0,0,736574.555502593,736574.555503611,1472735995.424,1472735995.512,2016-09-01T13:19:55.424,2016-09-01T13:19:55.512,0.0879999250173569,2016-09-01 13:19:55.512000083+00:00,n,False,HD1,DD1,0.09010670165049936,1472735995.4218934,2016-09-01 13:19:55.421893358+00:00,80,associated,-0.0012402534484863281
517,223,736574.555502731,1472735995.436,2016-09-01T13:19:55.436,,BCHH,10,DD3,.BCHH.10.HD3,N,-1,-1,,.BCHH..HD3_10,1,0,1,0,0,1,0,74.0,stored_event_bounds,0.0,0,736574.555502593,736574.555503611,1472735995.424,1472735995.512,2016-09-01T13:19:55.424,2016-09-01T13:19:55.512,0.0119995325803757,2016-09-01 13:19:55.436000109+00:00,n,False,HD3,DD3,0.01286658283859636,1472735995.4231336,2016-09-01 13:19:55.423133612+00:00,80,associated,0.0
516,221,736574.555502593,1472735995.424,2016-09-01T13:19:55.424,,BCHH,10,DD2,.BCHH.10.HD2,N,-1,-1,,.BCHH..HD2_10,1,0,1,0,0,1,0,74.0,stored_event_bounds,0.0,0,736574.555502593,736574.555503611,1472735995.424,1472735995.512,2016-09-01T13:19:55.424,2016-09-01T13:19:55.512,0.0,2016-09-01 13:19:55.424000025+00:00,n,False,HD2,DD2,0.0,1472735995.424,2016-09-01 13:19:55.424000025+00:00,80,associated,0.0008664131164550781
523,228,736574.555511852,1472735996.224,2016-09-01T13:19:56.224,,BCHH,10,DD3,.BCHH.10.HD3,N,-1,-1,,.BCHH..HD3_10,1,0,1,0,0,1,0,75.0,stored_event_bounds,0.0,0,736574.555511725,736574.555511852,1472735996.213,1472735996.224,2016-09-01T13:19:56.213,2016-09-01T13:19:56.224,0.010993704199791,2016-09-01 13:19:56.223999977+00:00,n,False,HD3,DD3,0.01286658283859636,1472735996.2111335,2016-09-01 13:19:56.211133480+00:00,81,associated,-0.0009331703186035156
522,227,736574.555511725,1472735996.213,2016-09-01T13:19:56.213,,BCHH,10,DD2,.BCHH.10.HD2,N,-1,-1,,.BCHH..HD2_10,1,0,1,0,0,1,0,75.0,stored_event_bounds,0.0,0,736574.555511725,736574.555511852,1472735996.213,1472735996.224,2016-09-01T13:19:56.213,2016-09-01T13:19:56.224,0.0,2016-09-01 13:19:56.213000059+00:00,n,False,HD2,DD2,0.0,1472735996.213,2016-09-01 13:19:56.213000059+00:00,81,associated,0.0009334087371826172
525,229,736574.55555625,1472736000.06,2016-09-01T13:20:00.060,,BCHH,10,DD3,.BCHH.10.HD3,N,-1,-1,,.BCHH..HD3_10,1,0,1,0,0,1,0,76.0,stored_event_bounds,0.0,0,736574.555556215,736574.55555625,1472736000.057,1472736000.06,2016-09-01T13:20:00.057,2016-09-01T13:20:00.060,0.0030074268579483,2016-09-01 13:20:00.059999943+00:00,n,False,HD3,DD3,0.01286658283859636,1472736000.0471334,2016-09-01 13:20:00.047133446+00:00,82,associated,-0.004933357238769531
524,230,736574.555556215,1472736000.057,2016-09-01T13:20:00.057,,BCHH,10,DD2,.BCHH.10.HD2,N,-1,-1,,.BCHH..HD2_10,1,0,1,0,0,1,0,76.0,stored_event_bounds,0.0,0,736574.555556215,736574.55555625,1472736000.057,1472736000.06,2016-09-01T13:20:00.057,2016-09-01T13:20:00.060,0.0,2016-09-01 13:20:00.056999922+00:00,n,False,HD2,DD2,0.0,1472736000.057,2016-09-01 13:20:00.056999922+00:00,82,associated,0.00493311882019043
527,233,736574.555601262,1472736003.949,2016-09-01T13:20:03.949,,BCHH,10,DD3,.BCHH.10.HD3,N,-1,-1,,.BCHH..HD3_10,1,0,1,0,0,1,0,77.0,stored_event_bounds,0.0,0,736574.555601134,736574.555602188,1472736003.938,1472736004.029,2016-09-01T13:20:03.938,2016-09-01T13:20:04.029,0.010993704199791,2016-09-01 13:20:03.948999882+00:00,n,False,HD3,DD3,0.01286658283859636,1472736003.9361334,2016-09-01 13:20:03.936133385+00:00,83,associated,-0.0018665790557861328
526,232,736574.555601134,1472736003.938,2016-09-01T13:20:03.938,,BCHH,10,DD2,.BCHH.10.HD2,N,-1,-1,,.BCHH..HD2_10,1,0,1,0,0,1,0,77.0,stored_event_bounds,0.0,0,736574.555601134,736574.555602188,1472736003.938,1472736004.029,2016-09-01T13:20:03.938,2016-09-01T13:20:04.029,0.0,2016-09-01 13:20:03.937999964+00:00,n,False,HD2,DD2,0.0,1472736003.938,2016-09-01 13:20:03.937999964+00:00,83,associated,0.0
531,231,736574.555602188,1472736004.029,2016-09-01T13:20:04.029,,BCHH,10,DD1,.BCHH.10.HD1,N,-1,-1,,.BCHH..HD1_10,1,0,1,0,0,1,0,77.0,stored_event_bounds,0.0,0,736574.555601134,736574.555602188,1472736003.938,1472736004.029,2016-09-01T13:20:03.938,2016-09-01T13:20:04.029,0.0909972935914993,2016-09-01 13:20:04.029000044+00:00,n,False,HD1,DD1,0.09010670165049936,1472736003.9388933,2016-09-01 13:20:03.938893318+00:00,83,associated,0.0008933544158935547
532,825,736574.555615486,1472736005.178,2016-09-01T13:20:05.178,,BCHH,10,DD2,.BCHH.10.HD2,N,-1,-1,,.BCHH..HD2_10,1,0,1,0,0,1,0,78.0,stored_event_bounds,0.0,0,736574.555615486,736574.55561566,1472736005.178,1472736005.193,2016-09-01T13:20:05.178,2016-09-01T13:20:05.193,0.0,2016-09-01 13:20:05.177999973+00:00,n,False,HD2,DD2,0.0,1472736005.178,2016-09-01 13:20:05.177999973+00:00,84,associated,-0.0010666847229003906
533,826,736574.55561566,1472736005.193,2016-09-01T13:20:05.193,,BCHH,10,DD3,.BCHH.10.HD3,N,-1,-1,,.BCHH..HD3_10,1,0,1,0,0,1,0,78.0,stored_event_bounds,0.0,0,736574.555615486,736574.55561566,1472736005.178,1472736005.193,2016-09-01T13:20:05.178,2016-09-01T13:20:05.193,0.0149969011545181,2016-09-01 13:20:05.193000078+00:00,n,False,HD3,DD3,0.01286658283859636,1472736005.1801336,2016-09-01 13:20:05.180133581+00:00,84,associated,0.0010669231414794922
535,788,736574.555628553,1472736006.307,2016-09-01T13:20:06.307,,BCHH,10,DD3,.BCHH.10.HD3,N,-1,-1,,.BCHH..HD3_10,1,0,1,0,0,1,0,79.0,stored_event_bounds,0.0,0,736574.555628438,736574.555628553,1472736006.297,1472736006.307,2016-09-01T13:20:06.297,2016-09-01T13:20:06.307,0.009997934103012,2016-09-01 13:20:06.306999922+00:00,n,False,HD3,DD3,0.01286658283859636,1472736006.2941334,2016-09-01 13:20:06.294133425+00:00,85,associated,-0.0014331340789794922
534,787,736574.555628438,1472736006.297,2016-09-01T13:20:06.297,,BCHH,10,DD2,.BCHH.10.HD2,N,-1,-1,,.BCHH..HD2_10,1,0,1,0,0,1,0,79.0,stored_event_bounds,0.0,0,736574.555628438,736574.555628553,1472736006.297,1472736006.307,2016-09-01T13:20:06.297,2016-09-01T13:20:06.307,0.0,2016-09-01 13:20:06.296999931+00:00,n,False,HD2,DD2,0.0,1472736006.297,2016-09-01 13:20:06.296999931+00:00,85,associated,0.0014333724975585938
537,238,736574.555745741,1472736016.432,2016-09-01T13:20:16.432,,BCHH,10,DD3,.BCHH.10.HD3,N,-1,-1,,.BCHH..HD3_10,1,0,1,0,0,1,0,80.0,stored_event_bounds,0.0,0,736574.555745648,736574.555745741,1472736016.424,1472736016.432,2016-09-01T13:20:16.424,2016-09-01T13:20:16.432,0.0080063939094543,2016-09-01 13:20:16.431999922+00:00,n,False,HD3,DD3,0.01286658283859636,1472736016.4191334,2016-09-01 13:20:16.419133425+00:00,86,associated,-0.002433300018310547
536,237,736574.555745648,1472736016.424,2016-09-01T13:20:16.424,,BCHH,10,DD2,.BCHH.10.HD2,N,-1,-1,,.BCHH..HD2_10,1,0,1,0,0,1,0,80.0,stored_event_bounds,0.0,0,736574.555745648,736574.555745741,1472736016.424,1472736016.432,2016-09-01T13:20:16.424,2016-09-01T13:20:16.432,0.0,2016-09-01 13:20:16.424000025+00:00,n,False,HD2,DD2,0.0,1472736016.424,2016-09-01 13:20:16.424000025+00:00,86,associated,0.002433300018310547
539,824,736574.555763762,1472736017.989,2016-09-01T13:20:17.989,,BCHH,10,DD3,.BCHH.10.HD3,N,-1,-1,,.BCHH..HD3_10,1,0,1,0,0,1,0,81.0,stored_event_bounds,0.0,0,736574.555763623,736574.555763762,1472736017.977,1472736017.989,2016-09-01T13:20:17.977,2016-09-01T13:20:17.989,0.0120095908641815,2016-09-01 13:20:17.989000082+00:00,n,False,HD3,DD3,0.01286658283859636,1472736017.9761336,2016-09-01 13:20:17.976133585+00:00,87,associated,-0.00043320655822753906
538,823,736574.555763623,1472736017.977,2016-09-01T13:20:17.977,,BCHH,10,DD2,.BCHH.10.HD2,N,-1,-1,,.BCHH..HD2_10,1,0,1,0,0,1,0,81.0,stored_event_bounds,0.0,0,736574.555763623,736574.555763762,1472736017.977,1472736017.989,2016-09-01T13:20:17.977,2016-09-01T13:20:17.989,0.0,2016-09-01 13:20:17.976999998+00:00,n,False,HD2,DD2,0.0,1472736017.977,2016-09-01 13:20:17.976999998+00:00,87,associated,0.00043320655822753906
540,239,736574.555771308,1472736018.641,2016-09-01T13:20:18.641,,BCHH,10,DD2,.BCHH.10.HD2,N,-1,-1,,.BCHH..HD2_10,1,0,1,0,0,1,0,82.0,stored_event_bounds,0.0,0,736574.555771308,736574.555771481,1472736018.641,1472736018.656,2016-09-01T13:20:18.641,2016-09-01T13:20:18.656,0.0,2016-09-01 13:20:18.641000032+00:00,n,False,HD2,DD2,0.0,1472736018.641,2016-09-01 13:20:18.641000032+00:00,88,associated,-0.0010666847229003906
541,240,736574.555771481,1472736018.656,2016-09-01T13:20:18.656,,BCHH,10,DD3,.BCHH.10.HD3,N,-1,-1,,.BCHH..HD3_10,1,0,1,0,0,1,0,82.0,stored_event_bounds,0.0,0,736574.555771308,736574.555771481,1472736018.641,1472736018.656,2016-09-01T13:20:18.641,2016-09-01T13:20:18.656,0.0149969011545181,2016-09-01 13:20:18.655999899+00:00,n,False,HD3,DD3,0.01286658283859636,1472736018.6431334,2016-09-01 13:20:18.643133402+00:00,88,associated,0.0010666847229003906
543,241,736574.555793113,1472736020.525,2016-09-01T13:20:20.525,,BCHH,10,DD2,.BCHH.10.HD2,N,-1,-1,,.BCHH..HD2_10,1,0,1,0,0,1,0,83.0,stored_event_bounds,0.0,0,736574.555793113,736574.555793287,1472736020.525,1472736020.54,2016-09-01T13:20:20.525,2016-09-01T13:20:20.540,0.0,2016-09-01 13:20:20.525000095+00:00,n,False,HD2,DD2,0.0,1472736020.525,2016-09-01 13:20:20.525000095+00:00,89,associated,-0.0010666847229003906
544,242,736574.555793287,1472736020.54,2016-09-01T13:20:20.540,,BCHH,10,DD3,.BCHH.10.HD3,N,-1,-1,,.BCHH..HD3_10,1,0,1,0,0,1,0,83.0,stored_event_bounds,0.0,0,736574.555793113,736574.555793287,1472736020.525,1472736020.54,2016-09-01T13:20:20.525,2016-09-01T13:20:20.540,0.0149969011545181,2016-09-01 13:20:20.539999962+00:00,n,False,HD3,DD3,0.01286658283859636,1472736020.5271335,2016-09-01 13:20:20.527133465+00:00,89,associated,0.0010666847229003906
546,244,736574.555826713,1472736023.428,2016-09-01T13:20:23.428,,BCHH,10,DD3,.BCHH.10.HD3,N,-1,-1,,.BCHH..HD3_10,1,0,1,0,0,1,0,84.0,stored_event_bounds,0.0,0,736574.555826643,736574.555826979,1472736023.422,1472736023.451,2016-09-01T13:20:23.422,2016-09-01T13:20:23.451,0.0060047954320907,2016-09-01 13:20:23.427999973+00:00,n,False,HD3,DD3,0.01286658283859636,1472736023.4151335,2016-09-01 13:20:23.415133476+00:00,90,associated,-0.0034332275390625
545,243,736574.555826643,1472736023.422,2016-09-01T13:20:23.422,,BCHH,10,DD2,.BCHH.10.HD2,N,-1,-1,,.BCHH..HD2_10,1,0,1,0,0,1,0,84.0,stored_event_bounds,0.0,0,736574.555826643,736574.555826979,1472736023.422,1472736023.451,2016-09-01T13:20:23.422,2016-09-01T13:20:23.451,0.0,2016-09-01 13:20:23.421999931+00:00,n,False,HD2,DD2,0.0,1472736023.422,2016-09-01 13:20:23.421999931+00:00,90,associated,0.0034332275390625
549,247,736574.555860243,1472736026.325,2016-09-01T13:20:26.325,,BCHH,10,DD3,.BCHH.10.HD3,N,-1,-1,,.BCHH..HD3_10,1,0,1,0,0,1,0,85.0,stored_event_bounds,0.0,0,736574.555860104,736574.555860544,1472736026.313,1472736026.351,2016-09-01T13:20:26.313,2016-09-01T13:20:26.351,0.0119995325803757,2016-09-01 13:20:26.325000048+00:00,n,False,HD3,DD3,0.01286658283859636,1472736026.3121336,2016-09-01 13:20:26.312133551+00:00,91,associated,-0.00043320655822753906
548,246,736574.555860104,1472736026.313,2016-09-01T13:20:26.313,,BCHH,10,DD2,.BCHH.10.HD2,N,-1,-1,,.BCHH..HD2_10,1,0,1,0,0,1,0,85.0,stored_event_bounds,0.0,0,736574.555860104,736574.555860544,1472736026.313,1472736026.351,2016-09-01T13:20:26.313,2016-09-01T13:20:26.351,0.0,2016-09-01 13:20:26.312999964+00:00,n,False,HD2,DD2,0.0,1472736026.313,2016-09-01 13:20:26.312999964+00:00,91,associated,0.00043320655822753906
552,374,736574.555886586,1472736028.601,2016-09-01T13:20:28.601,,BCHH,10,DD2,.BCHH.10.HD2,N,-1,-1,,.BCHH..HD2_10,1,0,1,0,0,1,0,86.0,stored_event_bounds,0.0,0,736574.555886586,736574.555886759,1472736028.601,1472736028.616,2016-09-01T13:20:28.601,2016-09-01T13:20:28.616,0.0,2016-09-01 13:20:28.601000071+00:00,n,False,HD2,DD2,0.0,1472736028.601,2016-09-01 13:20:28.601000071+00:00,92,associated,-0.0010666847229003906
553,394,736574.555886759,1472736028.616,2016-09-01T13:20:28.616,,BCHH,10,DD3,.BCHH.10.HD3,N,-1,-1,,.BCHH..HD3_10,1,0,1,0,0,1,0,86.0,stored_event_bounds,0.0,0,736574.555886586,736574.555886759,1472736028.601,1472736028.616,2016-09-01T13:20:28.601,2016-09-01T13:20:28.616,0.015006959438324,2016-09-01 13:20:28.615999937+00:00,n,False,HD3,DD3,0.01286658283859636,1472736028.6031334,2016-09-01 13:20:28.603133440+00:00,92,associated,0.0010666847229003906
556,251,736574.555946863,1472736033.809,2016-09-01T13:20:33.809,,BCHH,10,DD3,.BCHH.10.HD3,N,-1,-1,,.BCHH..HD3_10,1,0,1,0,0,1,0,87.0,stored_event_bounds,0.0,0,736574.555946863,736574.555947245,1472736033.809,1472736033.842,2016-09-01T13:20:33.809,2016-09-01T13:20:33.842,0.0,2016-09-01 13:20:33.809000015+00:00,n,False,HD3,DD3,0.01286658283859636,1472736033.7961335,2016-09-01 13:20:33.796133518+00:00,93,associated,-0.006433248519897461
555,250,736574.555946863,1472736033.809,2016-09-01T13:20:33.809,,BCHH,10,DD2,.BCHH.10.HD2,N,-1,-1,,.BCHH..HD2_10,1,0,1,0,0,1,0,87.0,stored_event_bounds,0.0,0,736574.555946863,736574.555947245,1472736033.809,1472736033.842,2016-09-01T13:20:33.809,2016-09-01T13:20:33.842,0.0,2016-09-01 13:20:33.809000015+00:00,n,False,HD2,DD2,0.0,1472736033.809,2016-09-01 13:20:33.809000015+00:00,93,associated,0.006433248519897461
559,254,736574.556016713,1472736039.844,2016-09-01T13:20:39.844,,BCHH,10,DD3,.BCHH.10.HD3,N,-1,-1,,.BCHH..HD3_10,1,0,1,0,0,1,0,88.0,stored_event_bounds,0.0,0,736574.556016667,736574.556017083,1472736039.84,1472736039.876,2016-09-01T13:20:39.840,2016-09-01T13:20:39.876,0.0039931386709213,2016-09-01 13:20:39.844000101+00:00,n,False,HD3,DD3,0.01286658283859636,1472736039.8311336,2016-09-01 13:20:39.831133604+00:00,94,associated,-0.004433155059814453
558,253,736574.556016667,1472736039.84,2016-09-01T13:20:39.840,,BCHH,10,DD2,.BCHH.10.HD2,N,-1,-1,,.BCHH..HD2_10,1,0,1,0,0,1,0,88.0,stored_event_bounds,0.0,0,736574.556016667,736574.556017083,1472736039.84,1472736039.876,2016-09-01T13:20:39.840,2016-09-01T13:20:39.876,0.0,2016-09-01 13:20:39.839999914+00:00,n,False,HD2,DD2,0.0,1472736039.84,2016-09-01 13:20:39.839999914+00:00,94,associated,0.004433155059814453
564,259,736574.556028056,1472736040.824,2016-09-01T13:20:40.824,,BCHH,10,DD1,.BCHH.10.HD1,N,-1,-1,,.BCHH..HD1_10,1,0,1,0,0,1,0,89.0,stored_event_bounds,0.0,0,736574.556027037,736574.556028056,1472736040.736,1472736040.824,2016-09-01T13:20:40.736,2016-09-01T13:20:40.824,0.0879999250173569,2016-09-01 13:20:40.823999882+00:00,n,False,HD1,DD1,0.09010670165049936,1472736040.7338932,2016-09-01 13:20:40.733893156+00:00,95,associated,-0.0012402534484863281
562,257,736574.556027176,1472736040.748,2016-09-01T13:20:40.748,,BCHH,10,DD3,.BCHH.10.HD3,N,-1,-1,,.BCHH..HD3_10,1,0,1,0,0,1,0,89.0,stored_event_bounds,0.0,0,736574.556027037,736574.556028056,1472736040.736,1472736040.824,2016-09-01T13:20:40.736,2016-09-01T13:20:40.824,0.0119995325803757,2016-09-01 13:20:40.747999907+00:00,n,False,HD3,DD3,0.01286658283859636,1472736040.7351334,2016-09-01 13:20:40.735133410+00:00,95,associated,0.0
561,256,736574.556027037,1472736040.736,2016-09-01T13:20:40.736,,BCHH,10,DD2,.BCHH.10.HD2,N,-1,-1,,.BCHH..HD2_10,1,0,1,0,0,1,0,89.0,stored_event_bounds,0.0,0,736574.556027037,736574.556028056,1472736040.736,1472736040.824,2016-09-01T13:20:40.736,2016-09-01T13:20:40.824,0.0,2016-09-01 13:20:40.736000061+00:00,n,False,HD2,DD2,0.0,1472736040.736,2016-09-01 13:20:40.736000061+00:00,95,associated,0.0008666515350341797
566,395,736574.556180856,1472736054.026,2016-09-01T13:20:54.026,,BCHH,10,DD3,.BCHH.10.HD3,N,-1,-1,,.BCHH..HD3_10,1,0,1,0,0,1,0,90.0,stored_event_bounds,0.0,0,736574.556180856,736574.556180926,1472736054.026,1472736054.032,2016-09-01T13:20:54.026,2016-09-01T13:20:54.032,0.0,2016-09-01 13:20:54.026000023+00:00,n,False,HD3,DD3,0.01286658283859636,1472736054.0131335,2016-09-01 13:20:54.013133526+00:00,96,associated,-0.009433269500732422
567,260,736574.556180926,1472736054.032,2016-09-01T13:20:54.032,,BCHH,10,DD2,.BCHH.10.HD2,N,-1,-1,,.BCHH..HD2_10,1,0,1,0,0,1,0,90.0,stored_event_bounds,0.0,0,736574.556180856,736574.556180926,1472736054.026,1472736054.032,2016-09-01T13:20:54.026,2016-09-01T13:20:54.032,0.0060047954320907,2016-09-01 13:20:54.032000065+00:00,n,False,HD2,DD2,0.0,1472736054.032,2016-09-01 13:20:54.032000065+00:00,96,associated,0.009433269500732422
572,821,736574.556333495,1472736067.214,2016-09-01T13:21:07.214,,BCHH,10,DD2,.BCHH.10.HD2,N,-1,-1,,.BCHH..HD2_10,1,0,1,0,0,1,0,91.0,stored_event_bounds,0.0,0,736574.556333495,736574.556333727,1472736067.214,1472736067.234,2016-09-01T13:21:07.214,2016-09-01T13:21:07.234,0.0,2016-09-01 13:21:07.213999987+00:00,n,False,HD2,DD2,0.0,1472736067.214,2016-09-01 13:21:07.213999987+00:00,97,associated,-0.003566741943359375
573,822,736574.556333727,1472736067.234,2016-09-01T13:21:07.234,,BCHH,10,DD3,.BCHH.10.HD3,N,-1,-1,,.BCHH..HD3_10,1,0,1,0,0,1,0,91.0,stored_event_bounds,0.0,0,736574.556333495,736574.556333727,1472736067.214,1472736067.234,2016-09-01T13:21:07.214,2016-09-01T13:21:07.234,0.0199958682060242,2016-09-01 13:21:07.233999968+00:00,n,False,HD3,DD3,0.01286658283859636,1472736067.2211335,2016-09-01 13:21:07.221133471+00:00,97,associated,0.003566741943359375
576,375,736574.556353623,1472736068.953,2016-09-01T13:21:08.953,,BCHH,10,DD2,.BCHH.10.HD2,N,-1,-1,,.BCHH..HD2_10,1,0,1,0,0,1,0,92.0,stored_event_bounds,0.0,0,736574.556353623,736574.556353854,1472736068.953,1472736068.973,2016-09-01T13:21:08.953,2016-09-01T13:21:08.973,0.0,2016-09-01 13:21:08.953000069+00:00,n,False,HD2,DD2,0.0,1472736068.953,2016-09-01 13:21:08.953000069+00:00,98,associated,-0.003566741943359375
577,396,736574.556353854,1472736068.973,2016-09-01T13:21:08.973,,BCHH,10,DD3,.BCHH.10.HD3,N,-1,-1,,.BCHH..HD3_10,1,0,1,0,0,1,0,92.0,stored_event_bounds,0.0,0,736574.556353623,736574.556353854,1472736068.953,1472736068.973,2016-09-01T13:21:08.953,2016-09-01T13:21:08.973,0.0199958682060242,2016-09-01 13:21:08.973000050+00:00,n,False,HD3,DD3,0.01286658283859636,1472736068.9601336,2016-09-01 13:21:08.960133553+00:00,98,associated,0.003566741943359375
579,397,736574.556386076,1472736071.757,2016-09-01T13:21:11.757,,BCHH,10,DD3,.BCHH.10.HD3,N,-1,-1,,.BCHH..HD3_10,1,0,1,0,0,1,0,93.0,stored_event_bounds,0.0,0,736574.556386007,736574.556386366,1472736071.751,1472736071.782,2016-09-01T13:21:11.751,2016-09-01T13:21:11.782,0.0059947371482849,2016-09-01 13:21:11.756999969+00:00,n,False,HD3,DD3,0.01286658283859636,1472736071.7441335,2016-09-01 13:21:11.744133472+00:00,99,associated,-0.0034332275390625
578,376,736574.556386007,1472736071.751,2016-09-01T13:21:11.751,,BCHH,10,DD2,.BCHH.10.HD2,N,-1,-1,,.BCHH..HD2_10,1,0,1,0,0,1,0,93.0,stored_event_bounds,0.0,0,736574.556386007,736574.556386366,1472736071.751,1472736071.782,2016-09-01T13:21:11.751,2016-09-01T13:21:11.782,0.0,2016-09-01 13:21:11.750999928+00:00,n,False,HD2,DD2,0.0,1472736071.751,2016-09-01 13:21:11.750999928+00:00,99,associated,0.0034332275390625
581,263,736574.556422049,1472736074.865,2016-09-01T13:21:14.865,,BCHH,10,DD2,.BCHH.10.HD2,N,-1,-1,,.BCHH..HD2_10,1,0,1,0,0,1,0,94.0,stored_event_bounds,0.0,0,736574.556422049,736574.5564225,1472736074.865,1472736074.904,2016-09-01T13:21:14.865,2016-09-01T13:21:14.904,0.0,2016-09-01 13:21:14.865000010+00:00,n,False,HD2,DD2,0.0,1472736074.865,2016-09-01 13:21:14.865000010+00:00,100,associated,-0.0020668506622314453
582,266,736574.556422245,1472736074.882,2016-09-01T13:21:14.882,,BCHH,10,DD3,.BCHH.10.HD3,N,-1,-1,,.BCHH..HD3_10,1,0,1,0,0,1,0,94.0,stored_event_bounds,0.0,0,736574.556422049,736574.5564225,1472736074.865,1472736074.904,2016-09-01T13:21:14.865,2016-09-01T13:21:14.904,0.0169984996318817,2016-09-01 13:21:14.881999969+00:00,n,False,HD3,DD3,0.01286658283859636,1472736074.8691335,2016-09-01 13:21:14.869133472+00:00,100,associated,0.0020666122436523438
586,820,736574.556424433,1472736075.071,2016-09-01T13:21:15.071,,BCHH,10,DD3,.BCHH.10.HD3,N,-1,-1,,.BCHH..HD3_10,1,0,1,0,0,1,0,95.0,stored_event_bounds,0.0,0,736574.55642441,736574.556424433,1472736075.069,1472736075.071,2016-09-01T13:21:15.069,2016-09-01T13:21:15.071,0.0020015984773635,2016-09-01 13:21:15.071000099+00:00,n,False,HD3,DD3,0.01286658283859636,1472736075.0581336,2016-09-01 13:21:15.058133602+00:00,101,associated,-0.005433082580566406
585,819,736574.55642441,1472736075.069,2016-09-01T13:21:15.069,,BCHH,10,DD2,.BCHH.10.HD2,N,-1,-1,,.BCHH..HD2_10,1,0,1,0,0,1,0,95.0,stored_event_bounds,0.0,0,736574.55642441,736574.556424433,1472736075.069,1472736075.071,2016-09-01T13:21:15.069,2016-09-01T13:21:15.071,0.0,2016-09-01 13:21:15.069000006+00:00,n,False,HD2,DD2,0.0,1472736075.069,2016-09-01 13:21:15.069000006+00:00,101,associated,0.005433320999145508
587,399,736574.556449919,1472736077.273,2016-09-01T13:21:17.273,,BCHH,10,DD3,.BCHH.10.HD3,N,-1,-1,,.BCHH..HD3_10,1,0,1,0,0,1,0,96.0,stored_event_bounds,0.0,0,736574.556449919,736574.55645044,1472736077.273,1472736077.318,2016-09-01T13:21:17.273,2016-09-01T13:21:17.318,0.0,2016-09-01 13:21:17.273000002+00:00,n,False,HD3,DD3,0.01286658283859636,1472736077.2601335,2016-09-01 13:21:17.260133505+00:00,102,associated,-0.010433197021484375
588,267,736574.556450012,1472736077.281,2016-09-01T13:21:17.281,,BCHH,10,DD2,.BCHH.10.HD2,N,-1,-1,,.BCHH..HD2_10,1,0,1,0,0,1,0,96.0,stored_event_bounds,0.0,0,736574.556449919,736574.55645044,1472736077.273,1472736077.318,2016-09-01T13:21:17.273,2016-09-01T13:21:17.318,0.0079963356256485,2016-09-01 13:21:17.280999899+00:00,n,False,HD2,DD2,0.0,1472736077.281,2016-09-01 13:21:17.280999899+00:00,102,associated,0.010433197021484375
591,400,736574.556454537,1472736077.672,2016-09-01T13:21:17.672,,BCHH,10,DD3,.BCHH.10.HD3,N,-1,-1,,.BCHH..HD3_10,1,0,1,0,0,1,0,97.0,stored_event_bounds,0.0,0,736574.556454456,736574.556454537,1472736077.665,1472736077.672,2016-09-01T13:21:17.665,2016-09-01T13:21:17.672,0.0070005655288696,2016-09-01 13:21:17.671999931+00:00,n,False,HD3,DD3,0.01286658283859636,1472736077.6591334,2016-09-01 13:21:17.659133434+00:00,103,associated,-0.0029332637786865234
590,268,736574.556454456,1472736077.665,2016-09-01T13:21:17.665,,BCHH,10,DD2,.BCHH.10.HD2,N,-1,-1,,.BCHH..HD2_10,1,0,1,0,0,1,0,97.0,stored_event_bounds,0.0,0,736574.556454456,736574.556454537,1472736077.665,1472736077.672,2016-09-01T13:21:17.665,2016-09-01T13:21:17.672,0.0,2016-09-01 13:21:17.664999962+00:00,n,False,HD2,DD2,0.0,1472736077.665,2016-09-01 13:21:17.664999962+00:00,103,associated,0.0029332637786865234
594,401,736574.556458391,1472736078.005,2016-09-01T13:21:18.005,,BCHH,10,DD3,.BCHH.10.HD3,N,-1,-1,,.BCHH..HD3_10,1,0,1,0,0,1,0,98.0,stored_event_bounds,0.0,0,736574.55645831,736574.556458391,1472736077.998,1472736078.005,2016-09-01T13:21:17.998,2016-09-01T13:21:18.005,0.0070005655288696,2016-09-01 13:21:18.005000114+00:00,n,False,HD3,DD3,0.01286658283859636,1472736077.9921336,2016-09-01 13:21:17.992133617+00:00,104,associated,-0.002933025360107422
593,269,736574.55645831,1472736077.998,2016-09-01T13:21:17.998,,BCHH,10,DD2,.BCHH.10.HD2,N,-1,-1,,.BCHH..HD2_10,1,0,1,0,0,1,0,98.0,stored_event_bounds,0.0,0,736574.55645831,736574.556458391,1472736077.998,1472736078.005,2016-09-01T13:21:17.998,2016-09-01T13:21:18.005,0.0,2016-09-01 13:21:17.997999907+00:00,n,False,HD2,DD2,0.0,1472736077.998,2016-09-01 13:21:17.997999907+00:00,104,associated,0.0029332637786865234
597,816,736574.556468218,1472736078.854,2016-09-01T13:21:18.854,,BCHH,10,DD3,.BCHH.10.HD3,N,-1,-1,,.BCHH..HD3_10,1,0,1,0,0,1,0,99.0,stored_event_bounds,0.0,0,736574.55646816,736574.556468218,1472736078.849,1472736078.854,2016-09-01T13:21:18.849,2016-09-01T13:21:18.854,0.004998967051506,2016-09-01 13:21:18.854000092+00:00,n,False,HD3,DD3,0.01286658283859636,1472736078.8411336,2016-09-01 13:21:18.841133595+00:00,105,associated,-0.0039331912994384766
596,815,736574.55646816,1472736078.849,2016-09-01T13:21:18.849,,BCHH,10,DD2,.BCHH.10.HD2,N,-1,-1,,.BCHH..HD2_10,1,0,1,0,0,1,0,99.0,stored_event_bounds,0.0,0,736574.55646816,736574.556468218,1472736078.849,1472736078.854,2016-09-01T13:21:18.849,2016-09-01T13:21:18.854,0.0,2016-09-01 13:21:18.848999977+00:00,n,False,HD2,DD2,0.0,1472736078.849,2016-09-01 13:21:18.848999977+00:00,105,associated,0.0039331912994384766
598,814,736574.556481782,1472736080.026,2016-09-01T13:21:20.026,,BCHH,10,DD3,.BCHH.10.HD3,N,-1,-1,,.BCHH..HD3_10,1,0,1,0,0,1,0,100.0,stored_event_bounds,0.0,0,736574.556481782,736574.556481794,1472736080.026,1472736080.027,2016-09-01T13:21:20.026,2016-09-01T13:21:20.027,0.0,2016-09-01 13:21:20.026000023+00:00,n,False,HD3,DD3,0.01286658283859636,1472736080.0131335,2016-09-01 13:21:20.013133526+00:00,106,associated,-0.0069332122802734375
599,273,736574.556481794,1472736080.027,2016-09-01T13:21:20.027,,BCHH,10,DD2,.BCHH.10.HD2,N,-1,-1,,.BCHH..HD2_10,1,0,1,0,0,1,0,100.0,stored_event_bounds,0.0,0,736574.556481782,736574.556481794,1472736080.026,1472736080.027,2016-09-01T13:21:20.026,2016-09-01T13:21:20.027,0.0009957700967788,2016-09-01 13:21:20.026999950+00:00,n,False,HD2,DD2,0.0,1472736080.027,2016-09-01 13:21:20.026999950+00:00,106,associated,0.0069332122802734375
600,817,736574.556483148,1472736080.144,2016-09-01T13:21:20.144,,BCHH,10,DD2,.BCHH.10.HD2,N,-1,-1,,.BCHH..HD2_10,1,0,1,0,0,1,0,101.0,stored_event_bounds,0.0,0,736574.556483148,736574.556483299,1472736080.144,1472736080.157,2016-09-01T13:21:20.144,2016-09-01T13:21:20.157,0.0,2016-09-01 13:21:20.144000053+00:00,n,False,HD2,DD2,0.0,1472736080.144,2016-09-01 13:21:20.144000053+00:00,107,associated,-6.67572021484375e-05
601,818,736574.556483299,1472736080.157,2016-09-01T13:21:20.157,,BCHH,10,DD3,.BCHH.10.HD3,N,-1,-1,,.BCHH..HD3_10,1,0,1,0,0,1,0,101.0,stored_event_bounds,0.0,0,736574.556483148,736574.556483299,1472736080.144,1472736080.157,2016-09-01T13:21:20.144,2016-09-01T13:21:20.157,0.0130053609609604,2016-09-01 13:21:20.157000065+00:00,n,False,HD3,DD3,0.01286658283859636,1472736080.1441336,2016-09-01 13:21:20.144133568+00:00,107,associated,6.67572021484375e-05
602,274,736574.556488808,1472736080.633,2016-09-01T13:21:20.633,,BCHH,10,DD2,.BCHH.10.HD2,N,-1,-1,,.BCHH..HD2_10,1,0,1,0,0,1,0,102.0,stored_event_bounds,0.0,0,736574.556488808,736574.556488993,1472736080.633,1472736080.649,2016-09-01T13:21:20.633,2016-09-01T13:21:20.649,0.0,2016-09-01 13:21:20.632999897+00:00,n,False,HD2,DD2,0.0,1472736080.633,2016-09-01 13:21:20.632999897+00:00,108,associated,-0.0015668869018554688
603,277,736574.556488993,1472736080.649,2016-09-01T13:21:20.649,,BCHH,10,DD3,.BCHH.10.HD3,N,-1,-1,,.BCHH..HD3_10,1,0,1,0,0,1,0,102.0,stored_event_bounds,0.0,0,736574.556488808,736574.556488993,1472736080.633,1472736080.649,2016-09-01T13:21:20.633,2016-09-01T13:21:20.649,0.0160027295351028,2016-09-01 13:21:20.648999929+00:00,n,False,HD3,DD3,0.01286658283859636,1472736080.6361334,2016-09-01 13:21:20.636133432+00:00,108,associated,0.0015666484832763672
605,276,736574.5565014,1472736081.721,2016-09-01T13:21:21.721,,BCHH,10,DD3,.BCHH.10.HD3,N,-1,-1,,.BCHH..HD3_10,1,0,1,0,0,1,0,103.0,stored_event_bounds,0.0,0,736574.556501354,736574.556502315,1472736081.717,1472736081.8,2016-09-01T13:21:21.717,2016-09-01T13:21:21.800,0.0039931386709213,2016-09-01 13:21:21.720999956+00:00,n,False,HD3,DD3,0.01286658283859636,1472736081.7081335,2016-09-01 13:21:21.708133459+00:00,109,associated,-0.0017597675323486328
607,402,736574.556502315,1472736081.8,2016-09-01T13:21:21.800,,BCHH,10,DD1,.BCHH.10.HD1,N,-1,-1,,.BCHH..HD1_10,1,0,1,0,0,1,0,103.0,stored_event_bounds,0.0,0,736574.556501354,736574.556502315,1472736081.717,1472736081.8,2016-09-01T13:21:21.717,2016-09-01T13:21:21.800,0.0830009579658508,2016-09-01 13:21:21.799999952+00:00,n,False,HD1,DD1,0.09010670165049936,1472736081.7098932,2016-09-01 13:21:21.709893227+00:00,109,associated,0.0
604,275,736574.556501354,1472736081.717,2016-09-01T13:21:21.717,,BCHH,10,DD2,.BCHH.10.HD2,N,-1,-1,,.BCHH..HD2_10,1,0,1,0,0,1,0,103.0,stored_event_bounds,0.0,0,736574.556501354,736574.556502315,1472736081.717,1472736081.8,2016-09-01T13:21:21.717,2016-09-01T13:21:21.800,0.0,2016-09-01 13:21:21.717000008+00:00,n,False,HD2,DD2,0.0,1472736081.717,2016-09-01 13:21:21.717000008+00:00,109,associated,0.007106781005859375
612,281,736574.556616863,1472736091.697,2016-09-01T13:21:31.697,,BCHH,10,DD3,.BCHH.10.HD3,N,-1,-1,,.BCHH..HD3_10,1,0,1,0,0,1,0,104.0,stored_event_bounds,0.0,0,736574.556616794,736574.556617187,1472736091.691,1472736091.725,2016-09-01T13:21:31.691,2016-09-01T13:21:31.725,0.0060047954320907,2016-09-01 13:21:31.697000027+00:00,n,False,HD3,DD3,0.01286658283859636,1472736091.6841335,2016-09-01 13:21:31.684133530+00:00,110,associated,-0.0034332275390625
611,280,736574.556616794,1472736091.691,2016-09-01T13:21:31.691,,BCHH,10,DD2,.BCHH.10.HD2,N,-1,-1,,.BCHH..HD2_10,1,0,1,0,0,1,0,104.0,stored_event_bounds,0.0,0,736574.556616794,736574.556617187,1472736091.691,1472736091.725,2016-09-01T13:21:31.691,2016-09-01T13:21:31.725,0.0,2016-09-01 13:21:31.690999985+00:00,n,False,HD2,DD2,0.0,1472736091.691,2016-09-01 13:21:31.690999985+00:00,110,associated,0.0034332275390625
616,283,736574.556713021,1472736100.005,2016-09-01T13:21:40.005,,BCHH,10,DD2,.BCHH.10.HD2,N,-1,-1,,.BCHH..HD2_10,1,0,1,0,0,1,0,105.0,stored_event_bounds,0.0,0,736574.556713021,736574.556713414,1472736100.005,1472736100.039,2016-09-01T13:21:40.005,2016-09-01T13:21:40.039,0.0,2016-09-01 13:21:40.005000114+00:00,n,False,HD2,DD2,0.0,1472736100.005,2016-09-01 13:21:40.005000114+00:00,111,associated,-0.0015666484832763672
617,284,736574.556713206,1472736100.021,2016-09-01T13:21:40.021,,BCHH,10,DD3,.BCHH.10.HD3,N,-1,-1,,.BCHH..HD3_10,1,0,1,0,0,1,0,105.0,stored_event_bounds,0.0,0,736574.556713021,736574.556713414,1472736100.005,1472736100.039,2016-09-01T13:21:40.005,2016-09-01T13:21:40.039,0.0160027295351028,2016-09-01 13:21:40.020999908+00:00,n,False,HD3,DD3,0.01286658283859636,1472736100.0081334,2016-09-01 13:21:40.008133411+00:00,111,associated,0.0015666484832763672
620,406,736574.556781632,1472736105.933,2016-09-01T13:21:45.933,,BCHH,10,DD2,.BCHH.10.HD2,N,-1,-1,,.BCHH..HD2_10,1,0,1,0,0,1,0,106.0,stored_event_bounds,0.0,0,736574.556781632,736574.556782002,1472736105.933,1472736105.965,2016-09-01T13:21:45.933,2016-09-01T13:21:45.965,0.0,2016-09-01 13:21:45.933000088+00:00,n,False,HD2,DD2,0.0,1472736105.933,2016-09-01 13:21:45.933000088+00:00,112,associated,-0.005566596984863281
621,377,736574.55678191,1472736105.957,2016-09-01T13:21:45.957,,BCHH,10,DD3,.BCHH.10.HD3,N,-1,-1,,.BCHH..HD3_10,1,0,1,0,0,1,0,106.0,stored_event_bounds,0.0,0,736574.556781632,736574.556782002,1472736105.933,1472736105.965,2016-09-01T13:21:45.933,2016-09-01T13:21:45.965,0.0240091234445572,2016-09-01 13:21:45.957000017+00:00,n,False,HD3,DD3,0.01286658283859636,1472736105.9441335,2016-09-01 13:21:45.944133520+00:00,112,associated,0.005566835403442383
625,408,736574.556840648,1472736111.032,2016-09-01T13:21:51.032,,BCHH,10,DD3,.BCHH.10.HD3,N,-1,-1,,.BCHH..HD3_10,1,0,1,0,0,1,0,107.0,stored_event_bounds,0.0,0,736574.556840602,736574.556840648,1472736111.028,1472736111.032,2016-09-01T13:21:51.028,2016-09-01T13:21:51.032,0.0040031969547271,2016-09-01 13:21:51.032000065+00:00,n,False,HD3,DD3,0.01286658283859636,1472736111.0191336,2016-09-01 13:21:51.019133568+00:00,113,associated,-0.004433155059814453
624,286,736574.556840602,1472736111.028,2016-09-01T13:21:51.028,,BCHH,10,DD2,.BCHH.10.HD2,N,-1,-1,,.BCHH..HD2_10,1,0,1,0,0,1,0,107.0,stored_event_bounds,0.0,0,736574.556840602,736574.556840648,1472736111.028,1472736111.032,2016-09-01T13:21:51.028,2016-09-01T13:21:51.032,0.0,2016-09-01 13:21:51.028000116+00:00,n,False,HD2,DD2,0.0,1472736111.028,2016-09-01 13:21:51.028000116+00:00,113,associated,0.004433393478393555
627,287,736574.556850567,1472736111.889,2016-09-01T13:21:51.889,,BCHH,10,DD2,.BCHH.10.HD2,N,-1,-1,,.BCHH..HD2_10,1,0,1,0,0,1,0,108.0,stored_event_bounds,0.0,0,736574.556850567,736574.556851204,1472736111.889,1472736111.944,2016-09-01T13:21:51.889,2016-09-01T13:21:51.944,0.0,2016-09-01 13:21:51.888999939+00:00,n,False,HD2,DD2,0.0,1472736111.889,2016-09-01 13:21:51.888999939+00:00,114,associated,-0.003566741943359375
628,409,736574.556850799,1472736111.909,2016-09-01T13:21:51.909,,BCHH,10,DD3,.BCHH.10.HD3,N,-1,-1,,.BCHH..HD3_10,1,0,1,0,0,1,0,108.0,stored_event_bounds,0.0,0,736574.556850567,736574.556851204,1472736111.889,1472736111.944,2016-09-01T13:21:51.889,2016-09-01T13:21:51.944,0.02000592648983,2016-09-01 13:21:51.908999920+00:00,n,False,HD3,DD3,0.01286658283859636,1472736111.8961334,2016-09-01 13:21:51.896133423+00:00,114,associated,0.003566741943359375
630,811,736574.556874363,1472736113.945,2016-09-01T13:21:53.945,,BCHH,10,DD2,.BCHH.10.HD2,N,-1,-1,,.BCHH..HD2_10,1,0,1,0,0,1,0,109.0,stored_event_bounds,0.0,0,736574.556874363,736574.556874537,1472736113.945,1472736113.96,2016-09-01T13:21:53.945,2016-09-01T13:21:53.960,0.0,2016-09-01 13:21:53.944999933+00:00,n,False,HD2,DD2,0.0,1472736113.945,2016-09-01 13:21:53.944999933+00:00,115,associated,-0.0010669231414794922
631,810,736574.556874537,1472736113.96,2016-09-01T13:21:53.960,,BCHH,10,DD3,.BCHH.10.HD3,N,-1,-1,,.BCHH..HD3_10,1,0,1,0,0,1,0,109.0,stored_event_bounds,0.0,0,736574.556874363,736574.556874537,1472736113.945,1472736113.96,2016-09-01T13:21:53.945,2016-09-01T13:21:53.960,0.0149969011545181,2016-09-01 13:21:53.960000038+00:00,n,False,HD3,DD3,0.01286658283859636,1472736113.9471335,2016-09-01 13:21:53.947133541+00:00,115,associated,0.0010666847229003906
633,809,736574.556881076,1472736114.525,2016-09-01T13:21:54.525,,BCHH,10,DD2,.BCHH.10.HD2,N,-1,-1,,.BCHH..HD2_10,1,0,1,0,0,1,0,110.0,stored_event_bounds,0.0,0,736574.556881076,736574.55688125,1472736114.525,1472736114.54,2016-09-01T13:21:54.525,2016-09-01T13:21:54.540,0.0,2016-09-01 13:21:54.525000095+00:00,n,False,HD2,DD2,0.0,1472736114.525,2016-09-01 13:21:54.525000095+00:00,116,associated,-0.0010666847229003906
634,808,736574.55688125,1472736114.54,2016-09-01T13:21:54.540,,BCHH,10,DD3,.BCHH.10.HD3,N,-1,-1,,.BCHH..HD3_10,1,0,1,0,0,1,0,110.0,stored_event_bounds,0.0,0,736574.556881076,736574.55688125,1472736114.525,1472736114.54,2016-09-01T13:21:54.525,2016-09-01T13:21:54.540,0.0149969011545181,2016-09-01 13:21:54.539999962+00:00,n,False,HD3,DD3,0.01286658283859636,1472736114.5271335,2016-09-01 13:21:54.527133465+00:00,116,associated,0.0010666847229003906
636,813,736574.556885648,1472736114.92,2016-09-01T13:21:54.920,,BCHH,10,DD3,.BCHH.10.HD3,N,-1,-1,,.BCHH..HD3_10,1,0,1,0,0,1,0,111.0,stored_event_bounds,0.0,0,736574.556885532,736574.556885648,1472736114.91,1472736114.92,2016-09-01T13:21:54.910,2016-09-01T13:21:54.920,0.009997934103012,2016-09-01 13:21:54.920000076+00:00,n,False,HD3,DD3,0.01286658283859636,1472736114.9071336,2016-09-01 13:21:54.907133579+00:00,117,associated,-0.0014333724975585938
635,812,736574.556885532,1472736114.91,2016-09-01T13:21:54.910,,BCHH,10,DD2,.BCHH.10.HD2,N,-1,-1,,.BCHH..HD2_10,1,0,1,0,0,1,0,111.0,stored_event_bounds,0.0,0,736574.556885532,736574.556885648,1472736114.91,1472736114.92,2016-09-01T13:21:54.910,2016-09-01T13:21:54.920,0.0,2016-09-01 13:21:54.910000086+00:00,n,False,HD2,DD2,0.0,1472736114.91,2016-09-01 13:21:54.910000086+00:00,117,associated,0.0014331340789794922
638,802,736574.55689044,1472736115.334,2016-09-01T13:21:55.334,,BCHH,10,DD3,.BCHH.10.HD3,N,-1,-1,,.BCHH..HD3_10,1,0,1,0,0,1,0,112.0,stored_event_bounds,0.0,0,736574.556890417,736574.55689044,1472736115.332,1472736115.334,2016-09-01T13:21:55.332,2016-09-01T13:21:55.334,0.0020015984773635,2016-09-01 13:21:55.334000111+00:00,n,False,HD3,DD3,0.01286658283859636,1472736115.3211336,2016-09-01 13:21:55.321133614+00:00,118,associated,-0.005433082580566406
637,803,736574.556890417,1472736115.332,2016-09-01T13:21:55.332,,BCHH,10,DD2,.BCHH.10.HD2,N,-1,-1,,.BCHH..HD2_10,1,0,1,0,0,1,0,112.0,stored_event_bounds,0.0,0,736574.556890417,736574.55689044,1472736115.332,1472736115.334,2016-09-01T13:21:55.332,2016-09-01T13:21:55.334,0.0,2016-09-01 13:21:55.332000017+00:00,n,False,HD2,DD2,0.0,1472736115.332,2016-09-01 13:21:55.332000017+00:00,118,associated,0.005433320999145508
640,807,736574.556893866,1472736115.63,2016-09-01T13:21:55.630,,BCHH,10,DD3,.BCHH.10.HD3,N,-1,-1,,.BCHH..HD3_10,1,0,1,0,0,1,0,113.0,stored_event_bounds,0.0,0,736574.556893808,736574.556893866,1472736115.625,1472736115.63,2016-09-01T13:21:55.625,2016-09-01T13:21:55.630,0.004998967051506,2016-09-01 13:21:55.630000114+00:00,n,False,HD3,DD3,0.01286658283859636,1472736115.6171336,2016-09-01 13:21:55.617133617+00:00,119,associated,-0.0039331912994384766
639,805,736574.556893808,1472736115.625,2016-09-01T13:21:55.625,,BCHH,10,DD2,.BCHH.10.HD2,N,-1,-1,,.BCHH..HD2_10,1,0,1,0,0,1,0,113.0,stored_event_bounds,0.0,0,736574.556893808,736574.556893866,1472736115.625,1472736115.63,2016-09-01T13:21:55.625,2016-09-01T13:21:55.630,0.0,2016-09-01 13:21:55.625000+00:00,n,False,HD2,DD2,0.0,1472736115.625,2016-09-01 13:21:55.625000+00:00,119,associated,0.0039331912994384766
642,804,736574.556896898,1472736115.892,2016-09-01T13:21:55.892,,BCHH,10,DD3,.BCHH.10.HD3,N,-1,-1,,.BCHH..HD3_10,1,0,1,0,0,1,0,114.0,stored_event_bounds,0.0,0,736574.556896759,736574.556896898,1472736115.88,1472736115.892,2016-09-01T13:21:55.880,2016-09-01T13:21:55.892,0.0119995325803757,2016-09-01 13:21:55.891999960+00:00,n,False,HD3,DD3,0.01286658283859636,1472736115.8791335,2016-09-01 13:21:55.879133463+00:00,120,associated,-0.00043320655822753906
641,806,736574.556896759,1472736115.88,2016-09-01T13:21:55.880,,BCHH,10,DD2,.BCHH.10.HD2,N,-1,-1,,.BCHH..HD2_10,1,0,1,0,0,1,0,114.0,stored_event_bounds,0.0,0,736574.556896759,736574.556896898,1472736115.88,1472736115.892,2016-09-01T13:21:55.880,2016-09-01T13:21:55.892,0.0,2016-09-01 13:21:55.880000114+00:00,n,False,HD2,DD2,0.0,1472736115.88,2016-09-01 13:21:55.880000114+00:00,120,associated,0.0004334449768066406
644,289,736574.556902917,1472736116.412,2016-09-01T13:21:56.412,,BCHH,10,DD3,.BCHH.10.HD3,N,-1,-1,,.BCHH..HD3_10,1,0,1,0,0,1,0,115.0,stored_event_bounds,0.0,0,736574.556902836,736574.556903218,1472736116.405,1472736116.438,2016-09-01T13:21:56.405,2016-09-01T13:21:56.438,0.0070005655288696,2016-09-01 13:21:56.411999941+00:00,n,False,HD3,DD3,0.01286658283859636,1472736116.3991334,2016-09-01 13:21:56.399133444+00:00,121,associated,-0.0029332637786865234
643,288,736574.556902836,1472736116.405,2016-09-01T13:21:56.405,,BCHH,10,DD2,.BCHH.10.HD2,N,-1,-1,,.BCHH..HD2_10,1,0,1,0,0,1,0,115.0,stored_event_bounds,0.0,0,736574.556902836,736574.556903218,1472736116.405,1472736116.438,2016-09-01T13:21:56.405,2016-09-01T13:21:56.438,0.0,2016-09-01 13:21:56.404999971+00:00,n,False,HD2,DD2,0.0,1472736116.405,2016-09-01 13:21:56.404999971+00:00,121,associated,0.0029332637786865234
646,800,736574.556912002,1472736117.197,2016-09-01T13:21:57.197,,BCHH,10,DD2,.BCHH.10.HD2,N,-1,-1,,.BCHH..HD2_10,1,0,1,0,0,1,0,116.0,stored_event_bounds,0.0,0,736574.556912002,736574.556912234,1472736117.197,1472736117.217,2016-09-01T13:21:57.197,2016-09-01T13:21:57.217,0.0,2016-09-01 13:21:57.197000027+00:00,n,False,HD2,DD2,0.0,1472736117.197,2016-09-01 13:21:57.197000027+00:00,122,associated,-0.003566741943359375
647,801,736574.556912234,1472736117.217,2016-09-01T13:21:57.217,,BCHH,10,DD3,.BCHH.10.HD3,N,-1,-1,,.BCHH..HD3_10,1,0,1,0,0,1,0,116.0,stored_event_bounds,0.0,0,736574.556912002,736574.556912234,1472736117.197,1472736117.217,2016-09-01T13:21:57.197,2016-09-01T13:21:57.217,0.02000592648983,2016-09-01 13:21:57.217000008+00:00,n,False,HD3,DD3,0.01286658283859636,1472736117.2041335,2016-09-01 13:21:57.204133511+00:00,122,associated,0.003566741943359375
649,412,736574.556927118,1472736118.503,2016-09-01T13:21:58.503,,BCHH,10,DD3,.BCHH.10.HD3,N,-1,-1,,.BCHH..HD3_10,1,0,1,0,0,1,0,117.0,stored_event_bounds,0.0,0,736574.556926991,736574.556927442,1472736118.492,1472736118.531,2016-09-01T13:21:58.492,2016-09-01T13:21:58.531,0.0110037624835968,2016-09-01 13:21:58.503000020+00:00,n,False,HD3,DD3,0.01286658283859636,1472736118.4901335,2016-09-01 13:21:58.490133524+00:00,123,associated,-0.0009334087371826172
648,290,736574.556926991,1472736118.492,2016-09-01T13:21:58.492,,BCHH,10,DD2,.BCHH.10.HD2,N,-1,-1,,.BCHH..HD2_10,1,0,1,0,0,1,0,117.0,stored_event_bounds,0.0,0,736574.556926991,736574.556927442,1472736118.492,1472736118.531,2016-09-01T13:21:58.492,2016-09-01T13:21:58.531,0.0,2016-09-01 13:21:58.492000103+00:00,n,False,HD2,DD2,0.0,1472736118.492,2016-09-01 13:21:58.492000103+00:00,123,associated,0.0009331703186035156
652,414,736574.5569439,1472736119.953,2016-09-01T13:21:59.953,,BCHH,10,DD3,.BCHH.10.HD3,N,-1,-1,,.BCHH..HD3_10,1,0,1,0,0,1,0,118.0,stored_event_bounds,0.0,0,736574.556943889,736574.556944317,1472736119.952,1472736119.989,2016-09-01T13:21:59.952,2016-09-01T13:21:59.989,0.0009957700967788,2016-09-01 13:21:59.953000069+00:00,n,False,HD3,DD3,0.01286658283859636,1472736119.9401336,2016-09-01 13:21:59.940133572+00:00,124,associated,-0.005933284759521484
651,291,736574.556943889,1472736119.952,2016-09-01T13:21:59.952,,BCHH,10,DD2,.BCHH.10.HD2,N,-1,-1,,.BCHH..HD2_10,1,0,1,0,0,1,0,118.0,stored_event_bounds,0.0,0,736574.556943889,736574.556944317,1472736119.952,1472736119.989,2016-09-01T13:21:59.952,2016-09-01T13:21:59.989,0.0,2016-09-01 13:21:59.951999903+00:00,n,False,HD2,DD2,0.0,1472736119.952,2016-09-01 13:21:59.951999903+00:00,124,associated,0.005933046340942383
654,292,736574.556964306,1472736121.716,2016-09-01T13:22:01.716,,BCHH,10,DD2,.BCHH.10.HD2,N,-1,-1,,.BCHH..HD2_10,1,0,1,0,0,1,0,119.0,stored_event_bounds,0.0,0,736574.556964306,736574.556964456,1472736121.716,1472736121.729,2016-09-01T13:22:01.716,2016-09-01T13:22:01.729,0.0,2016-09-01 13:22:01.716000080+00:00,n,False,HD2,DD2,0.0,1472736121.716,2016-09-01 13:22:01.716000080+00:00,125,associated,-6.67572021484375e-05
655,416,736574.556964456,1472736121.729,2016-09-01T13:22:01.729,,BCHH,10,DD3,.BCHH.10.HD3,N,-1,-1,,.BCHH..HD3_10,1,0,1,0,0,1,0,119.0,stored_event_bounds,0.0,0,736574.556964306,736574.556964456,1472736121.716,1472736121.729,2016-09-01T13:22:01.716,2016-09-01T13:22:01.729,0.0129953026771545,2016-09-01 13:22:01.729000092+00:00,n,False,HD3,DD3,0.01286658283859636,1472736121.7161336,2016-09-01 13:22:01.716133595+00:00,125,associated,6.67572021484375e-05
657,417,736574.556977546,1472736122.86,2016-09-01T13:22:02.860,,BCHH,10,DD3,.BCHH.10.HD3,N,-1,-1,,.BCHH..HD3_10,1,0,1,0,0,1,0,120.0,stored_event_bounds,0.0,0,736574.556977546,736574.556977593,1472736122.86,1472736122.864,2016-09-01T13:22:02.860,2016-09-01T13:22:02.864,0.0,2016-09-01 13:22:02.859999895+00:00,n,False,HD3,DD3,0.01286658283859636,1472736122.8471334,2016-09-01 13:22:02.847133398+00:00,126,associated,-0.008433341979980469
658,293,736574.556977593,1472736122.864,2016-09-01T13:22:02.864,,BCHH,10,DD2,.BCHH.10.HD2,N,-1,-1,,.BCHH..HD2_10,1,0,1,0,0,1,0,120.0,stored_event_bounds,0.0,0,736574.556977546,736574.556977593,1472736122.86,1472736122.864,2016-09-01T13:22:02.860,2016-09-01T13:22:02.864,0.0040031969547271,2016-09-01 13:22:02.864000082+00:00,n,False,HD2,DD2,0.0,1472736122.864,2016-09-01 13:22:02.864000082+00:00,126,associated,0.008433341979980469
660,418,736574.556985185,1472736123.52,2016-09-01T13:22:03.520,,BCHH,10,DD3,.BCHH.10.HD3,N,-1,-1,,.BCHH..HD3_10,1,0,1,0,0,1,0,121.0,stored_event_bounds,0.0,0,736574.556985093,736574.556985185,1472736123.512,1472736123.52,2016-09-01T13:22:03.512,2016-09-01T13:22:03.520,0.0079963356256485,2016-09-01 13:22:03.519999981+00:00,n,False,HD3,DD3,0.01286658283859636,1472736123.5071335,2016-09-01 13:22:03.507133484+00:00,127,associated,-0.002433300018310547
659,294,736574.556985093,1472736123.512,2016-09-01T13:22:03.512,,BCHH,10,DD2,.BCHH.10.HD2,N,-1,-1,,.BCHH..HD2_10,1,0,1,0,0,1,0,121.0,stored_event_bounds,0.0,0,736574.556985093,736574.556985185,1472736123.512,1472736123.52,2016-09-01T13:22:03.512,2016-09-01T13:22:03.520,0.0,2016-09-01 13:22:03.512000083+00:00,n,False,HD2,DD2,0.0,1472736123.512,2016-09-01 13:22:03.512000083+00:00,127,associated,0.002433300018310547
666,296,736574.557005926,1472736125.312,2016-09-01T13:22:05.312,,BCHH,10,DD1,.BCHH.10.HD1,N,-1,-1,,.BCHH..HD1_10,1,0,1,0,0,1,0,122.0,stored_event_bounds,0.0,0,736574.557004907,736574.557005926,1472736125.224,1472736125.312,2016-09-01T13:22:05.224,2016-09-01T13:22:05.312,0.0879999250173569,2016-09-01 13:22:05.312000036+00:00,n,False,HD1,DD1,0.09010670165049936,1472736125.2218933,2016-09-01 13:22:05.221893311+00:00,128,associated,-0.0012402534484863281
663,297,736574.557005046,1472736125.236,2016-09-01T13:22:05.236,,BCHH,10,DD3,.BCHH.10.HD3,N,-1,-1,,.BCHH..HD3_10,1,0,1,0,0,1,0,122.0,stored_event_bounds,0.0,0,736574.557004907,736574.557005926,1472736125.224,1472736125.312,2016-09-01T13:22:05.224,2016-09-01T13:22:05.312,0.0119995325803757,2016-09-01 13:22:05.236000061+00:00,n,False,HD3,DD3,0.01286658283859636,1472736125.2231336,2016-09-01 13:22:05.223133564+00:00,128,associated,0.0
662,295,736574.557004907,1472736125.224,2016-09-01T13:22:05.224,,BCHH,10,DD2,.BCHH.10.HD2,N,-1,-1,,.BCHH..HD2_10,1,0,1,0,0,1,0,122.0,stored_event_bounds,0.0,0,736574.557004907,736574.557005926,1472736125.224,1472736125.312,2016-09-01T13:22:05.224,2016-09-01T13:22:05.312,0.0,2016-09-01 13:22:05.223999977+00:00,n,False,HD2,DD2,0.0,1472736125.224,2016-09-01 13:22:05.223999977+00:00,128,associated,0.0008664131164550781
667,797,736574.557014931,1472736126.09,2016-09-01T13:22:06.090,,BCHH,10,DD2,.BCHH.10.HD2,N,-1,-1,,.BCHH..HD2_10,1,0,1,0,0,1,0,123.0,stored_event_bounds,0.0,0,736574.557014931,736574.557015139,1472736126.09,1472736126.108,2016-09-01T13:22:06.090,2016-09-01T13:22:06.108,0.0,2016-09-01 13:22:06.089999914+00:00,n,False,HD2,DD2,0.0,1472736126.09,2016-09-01 13:22:06.089999914+00:00,129,associated,-0.002566814422607422
668,796,736574.557015139,1472736126.108,2016-09-01T13:22:06.108,,BCHH,10,DD3,.BCHH.10.HD3,N,-1,-1,,.BCHH..HD3_10,1,0,1,0,0,1,0,123.0,stored_event_bounds,0.0,0,736574.557014931,736574.557015139,1472736126.09,1472736126.108,2016-09-01T13:22:06.090,2016-09-01T13:22:06.108,0.0180043280124664,2016-09-01 13:22:06.108000040+00:00,n,False,HD3,DD3,0.01286658283859636,1472736126.0951335,2016-09-01 13:22:06.095133543+00:00,129,associated,0.002566814422607422
670,798,736574.557021505,1472736126.658,2016-09-01T13:22:06.658,,BCHH,10,DD3,.BCHH.10.HD3,N,-1,-1,,.BCHH..HD3_10,1,0,1,0,0,1,0,124.0,stored_event_bounds,0.0,0,736574.557021412,736574.557021505,1472736126.65,1472736126.658,2016-09-01T13:22:06.650,2016-09-01T13:22:06.658,0.0079963356256485,2016-09-01 13:22:06.657999992+00:00,n,False,HD3,DD3,0.01286658283859636,1472736126.6451335,2016-09-01 13:22:06.645133495+00:00,130,associated,-0.002433300018310547
669,799,736574.557021412,1472736126.65,2016-09-01T13:22:06.650,,BCHH,10,DD2,.BCHH.10.HD2,N,-1,-1,,.BCHH..HD2_10,1,0,1,0,0,1,0,124.0,stored_event_bounds,0.0,0,736574.557021412,736574.557021505,1472736126.65,1472736126.658,2016-09-01T13:22:06.650,2016-09-01T13:22:06.658,0.0,2016-09-01 13:22:06.650000095+00:00,n,False,HD2,DD2,0.0,1472736126.65,2016-09-01 13:22:06.650000095+00:00,130,associated,0.002433300018310547
672,419,736574.557030498,1472736127.435,2016-09-01T13:22:07.435,,BCHH,10,DD3,.BCHH.10.HD3,N,-1,-1,,.BCHH..HD3_10,1,0,1,0,0,1,0,125.0,stored_event_bounds,0.0,0,736574.557030382,736574.557030729,1472736127.425,1472736127.455,2016-09-01T13:22:07.425,2016-09-01T13:22:07.455,0.009997934103012,2016-09-01 13:22:07.434999943+00:00,n,False,HD3,DD3,0.01286658283859636,1472736127.4221334,2016-09-01 13:22:07.422133446+00:00,131,associated,-0.0014333724975585938
671,300,736574.557030382,1472736127.425,2016-09-01T13:22:07.425,,BCHH,10,DD2,.BCHH.10.HD2,N,-1,-1,,.BCHH..HD2_10,1,0,1,0,0,1,0,125.0,stored_event_bounds,0.0,0,736574.557030382,736574.557030729,1472736127.425,1472736127.455,2016-09-01T13:22:07.425,2016-09-01T13:22:07.455,0.0,2016-09-01 13:22:07.424999952+00:00,n,False,HD2,DD2,0.0,1472736127.425,2016-09-01 13:22:07.424999952+00:00,131,associated,0.0014331340789794922
675,421,736574.557040393,1472736128.29,2016-09-01T13:22:08.290,,BCHH,10,DD3,.BCHH.10.HD3,N,-1,-1,,.BCHH..HD3_10,1,0,1,0,0,1,0,126.0,stored_event_bounds,0.0,0,736574.557040347,736574.557040393,1472736128.286,1472736128.29,2016-09-01T13:22:08.286,2016-09-01T13:22:08.290,0.0039931386709213,2016-09-01 13:22:08.289999962+00:00,n,False,HD3,DD3,0.01286658283859636,1472736128.2771335,2016-09-01 13:22:08.277133465+00:00,132,associated,-0.004433155059814453
674,301,736574.557040347,1472736128.286,2016-09-01T13:22:08.286,,BCHH,10,DD2,.BCHH.10.HD2,N,-1,-1,,.BCHH..HD2_10,1,0,1,0,0,1,0,126.0,stored_event_bounds,0.0,0,736574.557040347,736574.557040393,1472736128.286,1472736128.29,2016-09-01T13:22:08.286,2016-09-01T13:22:08.290,0.0,2016-09-01 13:22:08.286000013+00:00,n,False,HD2,DD2,0.0,1472736128.286,2016-09-01 13:22:08.286000013+00:00,132,associated,0.004433393478393555
678,422,736574.557067176,1472736130.604,2016-09-01T13:22:10.604,,BCHH,10,DD3,.BCHH.10.HD3,N,-1,-1,,.BCHH..HD3_10,1,0,1,0,0,1,0,127.0,stored_event_bounds,0.0,0,736574.55706706,736574.5570675,1472736130.594,1472736130.632,2016-09-01T13:22:10.594,2016-09-01T13:22:10.632,0.0100079923868179,2016-09-01 13:22:10.604000092+00:00,n,False,HD3,DD3,0.01286658283859636,1472736130.5911336,2016-09-01 13:22:10.591133595+00:00,133,associated,-0.0014333724975585938
677,302,736574.55706706,1472736130.594,2016-09-01T13:22:10.594,,BCHH,10,DD2,.BCHH.10.HD2,N,-1,-1,,.BCHH..HD2_10,1,0,1,0,0,1,0,127.0,stored_event_bounds,0.0,0,736574.55706706,736574.5570675,1472736130.594,1472736130.632,2016-09-01T13:22:10.594,2016-09-01T13:22:10.632,0.0,2016-09-01 13:22:10.594000101+00:00,n,False,HD2,DD2,0.0,1472736130.594,2016-09-01 13:22:10.594000101+00:00,133,associated,0.0014331340789794922
680,794,736574.557074514,1472736131.238,2016-09-01T13:22:11.238,,BCHH,10,DD3,.BCHH.10.HD3,N,-1,-1,,.BCHH..HD3_10,1,0,1,0,0,1,0,128.0,stored_event_bounds,0.0,0,736574.557074514,736574.557074537,1472736131.238,1472736131.24,2016-09-01T13:22:11.238,2016-09-01T13:22:11.240,0.0,2016-09-01 13:22:11.237999916+00:00,n,False,HD3,DD3,0.01286658283859636,1472736131.2251334,2016-09-01 13:22:11.225133419+00:00,134,associated,-0.007433414459228516
681,795,736574.557074537,1472736131.24,2016-09-01T13:22:11.240,,BCHH,10,DD2,.BCHH.10.HD2,N,-1,-1,,.BCHH..HD2_10,1,0,1,0,0,1,0,128.0,stored_event_bounds,0.0,0,736574.557074514,736574.557074537,1472736131.238,1472736131.24,2016-09-01T13:22:11.238,2016-09-01T13:22:11.240,0.0020015984773635,2016-09-01 13:22:11.240000010+00:00,n,False,HD2,DD2,0.0,1472736131.24,2016-09-01 13:22:11.240000010+00:00,134,associated,0.007433176040649414
683,303,736574.557111736,1472736134.454,2016-09-01T13:22:14.454,,BCHH,10,DD2,.BCHH.10.HD2,N,-1,-1,,.BCHH..HD2_10,1,0,1,0,0,1,0,129.0,stored_event_bounds,0.0,0,736574.557111736,736574.557112604,1472736134.454,1472736134.529,2016-09-01T13:22:14.454,2016-09-01T13:22:14.529,0.0,2016-09-01 13:22:14.453999996+00:00,n,False,HD2,DD2,0.0,1472736134.454,2016-09-01 13:22:14.453999996+00:00,0,unassociated_seed,
684,424,736574.557112604,1472736134.529,2016-09-01T13:22:14.529,,BCHH,10,DD3,.BCHH.10.HD3,N,-1,-1,,.BCHH..HD3_10,1,0,1,0,0,1,0,129.0,stored_event_bounds,0.0,0,736574.557111736,736574.557112604,1472736134.454,1472736134.529,2016-09-01T13:22:14.454,2016-09-01T13:22:14.529,0.0749945640563965,2016-09-01 13:22:14.529000044+00:00,n,False,HD3,DD3,0.01286658283859636,1472736134.5161335,2016-09-01 13:22:14.516133547+00:00,0,unassociated_seed,
690,307,736574.557278889,1472736148.896,2016-09-01T13:22:28.896,,BCHH,10,DD3,.BCHH.10.HD3,N,-1,-1,,.BCHH..HD3_10,1,0,1,0,0,1,0,130.0,stored_event_bounds,0.0,0,736574.55727875,736574.557279213,1472736148.884,1472736148.924,2016-09-01T13:22:28.884,2016-09-01T13:22:28.924,0.0119995325803757,2016-09-01 13:22:28.895999908+00:00,n,False,HD3,DD3,0.01286658283859636,1472736148.8831334,2016-09-01 13:22:28.883133411+00:00,135,associated,-0.0004334449768066406
689,304,736574.55727875,1472736148.884,2016-09-01T13:22:28.884,,BCHH,10,DD2,.BCHH.10.HD2,N,-1,-1,,.BCHH..HD2_10,1,0,1,0,0,1,0,130.0,stored_event_bounds,0.0,0,736574.55727875,736574.557279213,1472736148.884,1472736148.924,2016-09-01T13:22:28.884,2016-09-01T13:22:28.924,0.0,2016-09-01 13:22:28.884000063+00:00,n,False,HD2,DD2,0.0,1472736148.884,2016-09-01 13:22:28.884000063+00:00,135,associated,0.00043320655822753906
694,792,736574.557288044,1472736149.687,2016-09-01T13:22:29.687,,BCHH,10,DD3,.BCHH.10.HD3,N,-1,-1,,.BCHH..HD3_10,1,0,1,0,0,1,0,131.0,stored_event_bounds,0.0,0,736574.557287963,736574.557288044,1472736149.68,1472736149.687,2016-09-01T13:22:29.680,2016-09-01T13:22:29.687,0.0070005655288696,2016-09-01 13:22:29.687000036+00:00,n,False,HD3,DD3,0.01286658283859636,1472736149.6741335,2016-09-01 13:22:29.674133539+00:00,136,associated,-0.0029332637786865234
692,793,736574.557287963,1472736149.68,2016-09-01T13:22:29.680,,BCHH,10,DD2,.BCHH.10.HD2,N,-1,-1,,.BCHH..HD2_10,1,0,1,0,0,1,0,131.0,stored_event_bounds,0.0,0,736574.557287963,736574.557288044,1472736149.68,1472736149.687,2016-09-01T13:22:29.680,2016-09-01T13:22:29.687,0.0,2016-09-01 13:22:29.680000067+00:00,n,False,HD2,DD2,0.0,1472736149.68,2016-09-01 13:22:29.680000067+00:00,136,associated,0.0029332637786865234
696,425,736574.557290775,1472736149.923,2016-09-01T13:22:29.923,,BCHH,10,DD3,.BCHH.10.HD3,N,-1,-1,,.BCHH..HD3_10,1,0,1,0,0,1,0,132.0,stored_event_bounds,0.0,0,736574.557290775,736574.557291042,1472736149.923,1472736149.946,2016-09-01T13:22:29.923,2016-09-01T13:22:29.946,0.0,2016-09-01 13:22:29.923000097+00:00,n,False,HD3,DD3,0.01286658283859636,1472736149.9101336,2016-09-01 13:22:29.910133600+00:00,137,associated,-0.017933130264282227
697,308,736574.557291042,1472736149.946,2016-09-01T13:22:29.946,,BCHH,10,DD2,.BCHH.10.HD2,N,-1,-1,,.BCHH..HD2_10,1,0,1,0,0,1,0,132.0,stored_event_bounds,0.0,0,736574.557290775,736574.557291042,1472736149.923,1472736149.946,2016-09-01T13:22:29.923,2016-09-01T13:22:29.946,0.0230032950639725,2016-09-01 13:22:29.946000099+00:00,n,False,HD2,DD2,0.0,1472736149.946,2016-09-01 13:22:29.946000099+00:00,137,associated,0.017933368682861328
701,309,736574.557392512,1472736158.713,2016-09-01T13:22:38.713,,BCHH,10,DD2,.BCHH.10.HD2,N,-1,-1,,.BCHH..HD2_10,1,0,1,0,0,1,0,133.0,stored_event_bounds,0.0,0,736574.557392512,736574.557393611,1472736158.713,1472736158.808,2016-09-01T13:22:38.713,2016-09-01T13:22:38.808,0.0,2016-09-01 13:22:38.713000059+00:00,n,False,HD2,DD2,0.0,1472736158.713,2016-09-01 13:22:38.713000059+00:00,138,associated,-0.004893302917480469
704,426,736574.557393611,1472736158.808,2016-09-01T13:22:38.808,,BCHH,10,DD1,.BCHH.10.HD1,N,-1,-1,,.BCHH..HD1_10,1,0,1,0,0,1,0,133.0,stored_event_bounds,0.0,0,736574.557392512,736574.557393611,1472736158.713,1472736158.808,2016-09-01T13:22:38.713,2016-09-01T13:22:38.808,0.0950004905462265,2016-09-01 13:22:38.808000088+00:00,n,False,HD1,DD1,0.09010670165049936,1472736158.7178934,2016-09-01 13:22:38.717893362+00:00,138,associated,0.0
702,310,736574.557392766,1472736158.735,2016-09-01T13:22:38.735,,BCHH,10,DD3,.BCHH.10.HD3,N,-1,-1,,.BCHH..HD3_10,1,0,1,0,0,1,0,133.0,stored_event_bounds,0.0,0,736574.557392512,736574.557393611,1472736158.713,1472736158.808,2016-09-01T13:22:38.713,2016-09-01T13:22:38.808,0.0220075249671936,2016-09-01 13:22:38.734999895+00:00,n,False,HD3,DD3,0.01286658283859636,1472736158.7221334,2016-09-01 13:22:38.722133398+00:00,138,associated,0.0042400360107421875
706,427,736574.557409699,1472736160.198,2016-09-01T13:22:40.198,,BCHH,10,DD3,.BCHH.10.HD3,N,-1,-1,,.BCHH..HD3_10,1,0,1,0,0,1,0,134.0,stored_event_bounds,0.0,0,736574.557409583,736574.557409699,1472736160.188,1472736160.198,2016-09-01T13:22:40.188,2016-09-01T13:22:40.198,0.009997934103012,2016-09-01 13:22:40.197999954+00:00,n,False,HD3,DD3,0.01286658283859636,1472736160.1851335,2016-09-01 13:22:40.185133457+00:00,139,associated,-0.0014333724975585938
705,312,736574.557409583,1472736160.188,2016-09-01T13:22:40.188,,BCHH,10,DD2,.BCHH.10.HD2,N,-1,-1,,.BCHH..HD2_10,1,0,1,0,0,1,0,134.0,stored_event_bounds,0.0,0,736574.557409583,736574.557409699,1472736160.188,1472736160.198,2016-09-01T13:22:40.188,2016-09-01T13:22:40.198,0.0,2016-09-01 13:22:40.187999964+00:00,n,False,HD2,DD2,0.0,1472736160.188,2016-09-01 13:22:40.187999964+00:00,139,associated,0.0014331340789794922
707,313,736574.557418368,1472736160.947,2016-09-01T13:22:40.947,,BCHH,10,DD2,.BCHH.10.HD2,N,-1,-1,,.BCHH..HD2_10,1,0,1,0,0,1,0,135.0,stored_event_bounds,0.0,0,736574.557418368,736574.55741853,1472736160.947,1472736160.961,2016-09-01T13:22:40.947,2016-09-01T13:22:40.961,0.0,2016-09-01 13:22:40.947000027+00:00,n,False,HD2,DD2,0.0,1472736160.947,2016-09-01 13:22:40.947000027+00:00,140,associated,-0.0005667209625244141
708,428,736574.55741853,1472736160.961,2016-09-01T13:22:40.961,,BCHH,10,DD3,.BCHH.10.HD3,N,-1,-1,,.BCHH..HD3_10,1,0,1,0,0,1,0,135.0,stored_event_bounds,0.0,0,736574.557418368,736574.55741853,1472736160.947,1472736160.961,2016-09-01T13:22:40.947,2016-09-01T13:22:40.961,0.0140011310577393,2016-09-01 13:22:40.960999966+00:00,n,False,HD3,DD3,0.01286658283859636,1472736160.9481335,2016-09-01 13:22:40.948133469+00:00,140,associated,0.0005667209625244141
711,429,736574.557441331,1472736162.931,2016-09-01T13:22:42.931,,BCHH,10,DD3,.BCHH.10.HD3,N,-1,-1,,.BCHH..HD3_10,1,0,1,0,0,1,0,136.0,stored_event_bounds,0.0,0,736574.557441215,736574.557441331,1472736162.921,1472736162.931,2016-09-01T13:22:42.921,2016-09-01T13:22:42.931,0.009997934103012,2016-09-01 13:22:42.930999994+00:00,n,False,HD3,DD3,0.01286658283859636,1472736162.9181335,2016-09-01 13:22:42.918133497+00:00,141,associated,-0.0014331340789794922
710,314,736574.557441215,1472736162.921,2016-09-01T13:22:42.921,,BCHH,10,DD2,.BCHH.10.HD2,N,-1,-1,,.BCHH..HD2_10,1,0,1,0,0,1,0,136.0,stored_event_bounds,0.0,0,736574.557441215,736574.557441331,1472736162.921,1472736162.931,2016-09-01T13:22:42.921,2016-09-01T13:22:42.931,0.0,2016-09-01 13:22:42.921000004+00:00,n,False,HD2,DD2,0.0,1472736162.921,2016-09-01 13:22:42.921000004+00:00,141,associated,0.0014333724975585938
714,430,736574.557466111,1472736165.072,2016-09-01T13:22:45.072,,BCHH,10,DD3,.BCHH.10.HD3,N,-1,-1,,.BCHH..HD3_10,1,0,1,0,0,1,0,137.0,stored_event_bounds,0.0,0,736574.557465972,736574.557466447,1472736165.06,1472736165.101,2016-09-01T13:22:45.060,2016-09-01T13:22:45.101,0.0119995325803757,2016-09-01 13:22:45.072000027+00:00,n,False,HD3,DD3,0.01286658283859636,1472736165.0591335,2016-09-01 13:22:45.059133530+00:00,142,associated,-0.00043320655822753906
713,315,736574.557465972,1472736165.06,2016-09-01T13:22:45.060,,BCHH,10,DD2,.BCHH.10.HD2,N,-1,-1,,.BCHH..HD2_10,1,0,1,0,0,1,0,137.0,stored_event_bounds,0.0,0,736574.557465972,736574.557466447,1472736165.06,1472736165.101,2016-09-01T13:22:45.060,2016-09-01T13:22:45.101,0.0,2016-09-01 13:22:45.059999943+00:00,n,False,HD2,DD2,0.0,1472736165.06,2016-09-01 13:22:45.059999943+00:00,142,associated,0.00043320655822753906
717,431,736574.557501111,1472736168.096,2016-09-01T13:22:48.096,,BCHH,10,DD3,.BCHH.10.HD3,N,-1,-1,,.BCHH..HD3_10,1,0,1,0,0,1,0,138.0,stored_event_bounds,0.0,0,736574.557500984,736574.557502037,1472736168.085,1472736168.176,2016-09-01T13:22:48.085,2016-09-01T13:22:48.176,0.010993704199791,2016-09-01 13:22:48.095999956+00:00,n,False,HD3,DD3,0.01286658283859636,1472736168.0831335,2016-09-01 13:22:48.083133459+00:00,143,associated,-0.0018665790557861328
716,316,736574.557500984,1472736168.085,2016-09-01T13:22:48.085,,BCHH,10,DD2,.BCHH.10.HD2,N,-1,-1,,.BCHH..HD2_10,1,0,1,0,0,1,0,138.0,stored_event_bounds,0.0,0,736574.557500984,736574.557502037,1472736168.085,1472736168.176,2016-09-01T13:22:48.085,2016-09-01T13:22:48.176,0.0,2016-09-01 13:22:48.085000038+00:00,n,False,HD2,DD2,0.0,1472736168.085,2016-09-01 13:22:48.085000038+00:00,143,associated,0.0
719,318,736574.557502037,1472736168.176,2016-09-01T13:22:48.176,,BCHH,10,DD1,.BCHH.10.HD1,N,-1,-1,,.BCHH..HD1_10,1,0,1,0,0,1,0,138.0,stored_event_bounds,0.0,0,736574.557500984,736574.557502037,1472736168.085,1472736168.176,2016-09-01T13:22:48.085,2016-09-01T13:22:48.176,0.0909972935914993,2016-09-01 13:22:48.176000118+00:00,n,False,HD1,DD1,0.09010670165049936,1472736168.0858934,2016-09-01 13:22:48.085893393+00:00,143,associated,0.0008933544158935547
721,789,736574.557511713,1472736169.012,2016-09-01T13:22:49.012,,BCHH,10,DD2,.BCHH.10.HD2,N,-1,-1,,.BCHH..HD2_10,1,0,1,0,0,1,0,,,,0,,,,,NaT,NaT,,2016-09-01 13:22:49.012000084+00:00,n,False,HD2,DD2,0.0,1472736169.012,2016-09-01 13:22:49.012000084+00:00,0,unassociated_seed,
723,320,736574.557575324,1472736174.508,2016-09-01T13:22:54.508,,BCHH,10,DD2,.BCHH.10.HD2,N,-1,-1,,.BCHH..HD2_10,1,0,1,0,0,1,0,139.0,stored_event_bounds,0.0,0,736574.557575324,736574.557575613,1472736174.508,1472736174.533,2016-09-01T13:22:54.508,2016-09-01T13:22:54.533,0.0,2016-09-01 13:22:54.507999897+00:00,n,False,HD2,DD2,0.0,1472736174.508,2016-09-01 13:22:54.507999897+00:00,0,unassociated_seed,
726,322,736574.557621238,1472736178.475,2016-09-01T13:22:58.475,,BCHH,10,DD3,.BCHH.10.HD3,N,-1,-1,,.BCHH..HD3_10,1,0,1,0,0,1,0,140.0,stored_event_bounds,0.0,0,736574.557621157,736574.557621586,1472736178.468,1472736178.505,2016-09-01T13:22:58.468,2016-09-01T13:22:58.505,0.0070005655288696,2016-09-01 13:22:58.474999905+00:00,n,False,HD3,DD3,0.01286658283859636,1472736178.4621334,2016-09-01 13:22:58.462133408+00:00,144,associated,-0.0029332637786865234
725,323,736574.557621157,1472736178.468,2016-09-01T13:22:58.468,,BCHH,10,DD2,.BCHH.10.HD2,N,-1,-1,,.BCHH..HD2_10,1,0,1,0,0,1,0,140.0,stored_event_bounds,0.0,0,736574.557621157,736574.557621586,1472736178.468,1472736178.505,2016-09-01T13:22:58.468,2016-09-01T13:22:58.505,0.0,2016-09-01 13:22:58.467999935+00:00,n,False,HD2,DD2,0.0,1472736178.468,2016-09-01 13:22:58.467999935+00:00,144,associated,0.0029332637786865234
730,325,736574.55768162,1472736183.692,2016-09-01T13:23:03.692,,BCHH,10,DD2,.BCHH.10.HD2,N,-1,-1,,.BCHH..HD2_10,1,0,1,0,0,1,0,141.0,stored_event_bounds,0.0,0,736574.55768162,736574.557682176,1472736183.692,1472736183.74,2016-09-01T13:23:03.692,2016-09-01T13:23:03.740,0.0,2016-09-01 13:23:03.691999912+00:00,n,False,HD2,DD2,0.0,1472736183.692,2016-09-01 13:23:03.691999912+00:00,0,unassociated_seed,
733,329,736574.557733148,1472736188.144,2016-09-01T13:23:08.144,,BCHH,10,DD2,.BCHH.10.HD2,N,-1,-1,,.BCHH..HD2_10,1,0,1,0,0,1,0,142.0,stored_event_bounds,0.0,0,736574.557733148,736574.557733495,1472736188.144,1472736188.174,2016-09-01T13:23:08.144,2016-09-01T13:23:08.174,0.0,2016-09-01 13:23:08.144000053+00:00,n,False,HD2,DD2,0.0,1472736188.144,2016-09-01 13:23:08.144000053+00:00,0,unassociated_seed,
736,432,736574.557781944,1472736192.36,2016-09-01T13:23:12.360,,BCHH,10,DD3,.BCHH.10.HD3,N,-1,-1,,.BCHH..HD3_10,1,0,1,0,0,1,0,143.0,stored_event_bounds,0.0,0,736574.557781806,736574.55778228,1472736192.348,1472736192.389,2016-09-01T13:23:12.348,2016-09-01T13:23:12.389,0.0119995325803757,2016-09-01 13:23:12.359999895+00:00,n,False,HD3,DD3,0.01286658283859636,1472736192.3471334,2016-09-01 13:23:12.347133398+00:00,145,associated,-0.00043320655822753906
735,330,736574.557781806,1472736192.348,2016-09-01T13:23:12.348,,BCHH,10,DD2,.BCHH.10.HD2,N,-1,-1,,.BCHH..HD2_10,1,0,1,0,0,1,0,143.0,stored_event_bounds,0.0,0,736574.557781806,736574.55778228,1472736192.348,1472736192.389,2016-09-01T13:23:12.348,2016-09-01T13:23:12.389,0.0,2016-09-01 13:23:12.348000050+00:00,n,False,HD2,DD2,0.0,1472736192.348,2016-09-01 13:23:12.348000050+00:00,145,associated,0.0004334449768066406
739,333,736574.557902546,1472736202.78,2016-09-01T13:23:22.780,,BCHH,10,DD2,.BCHH.10.HD2,N,-1,-1,,.BCHH..HD2_10,1,0,1,0,0,1,0,144.0,stored_event_bounds,0.0,0,736574.557902546,736574.557902847,1472736202.78,1472736202.806,2016-09-01T13:23:22.780,2016-09-01T13:23:22.806,0.0,2016-09-01 13:23:22.779999971+00:00,n,False,HD2,DD2,0.0,1472736202.78,2016-09-01 13:23:22.779999971+00:00,0,unassociated_seed,
741,433,736574.558105185,1472736220.288,2016-09-01T13:23:40.288,,BCHH,10,DD3,.BCHH.10.HD3,N,-1,-1,,.BCHH..HD3_10,1,0,1,0,0,1,0,145.0,stored_event_bounds,0.0,0,736574.558105185,736574.558105417,1472736220.288,1472736220.308,2016-09-01T13:23:40.288,2016-09-01T13:23:40.308,0.0,2016-09-01 13:23:40.288000107+00:00,n,False,HD3,DD3,0.01286658283859636,1472736220.2751336,2016-09-01 13:23:40.275133610+00:00,0,unassociated_seed,
743,434,736574.558125787,1472736222.068,2016-09-01T13:23:42.068,,BCHH,10,DD2,.BCHH.10.HD2,N,-1,-1,,.BCHH..HD2_10,1,0,1,0,0,1,0,146.0,stored_event_bounds,0.0,0,736574.558125787,736574.558126227,1472736222.068,1472736222.106,2016-09-01T13:23:42.068,2016-09-01T13:23:42.106,0.0,2016-09-01 13:23:42.068000078+00:00,n,False,HD2,DD2,0.0,1472736222.068,2016-09-01 13:23:42.068000078+00:00,146,associated,-0.0025665760040283203
744,435,736574.558125995,1472736222.086,2016-09-01T13:23:42.086,,BCHH,10,DD3,.BCHH.10.HD3,N,-1,-1,,.BCHH..HD3_10,1,0,1,0,0,1,0,146.0,stored_event_bounds,0.0,0,736574.558125787,736574.558126227,1472736222.068,1472736222.106,2016-09-01T13:23:42.068,2016-09-01T13:23:42.106,0.0179942697286606,2016-09-01 13:23:42.085999966+00:00,n,False,HD3,DD3,0.01286658283859636,1472736222.0731335,2016-09-01 13:23:42.073133469+00:00,146,associated,0.002566814422607422
753,337,736574.558536238,1472736257.531,2016-09-01T13:24:17.531,,BCHH,10,DD2,.BCHH.10.HD2,N,-1,-1,,.BCHH..HD2_10,1,0,1,0,0,1,0,147.0,stored_event_bounds,0.0,0,736574.558536238,736574.558536713,1472736257.531,1472736257.572,2016-09-01T13:24:17.531,2016-09-01T13:24:17.572,0.0,2016-09-01 13:24:17.530999899+00:00,n,False,HD2,DD2,0.0,1472736257.531,2016-09-01 13:24:17.530999899+00:00,147,associated,-0.0005667209625244141
754,338,736574.5585364,1472736257.545,2016-09-01T13:24:17.545,,BCHH,10,DD3,.BCHH.10.HD3,N,-1,-1,,.BCHH..HD3_10,1,0,1,0,0,1,0,147.0,stored_event_bounds,0.0,0,736574.558536238,736574.558536713,1472736257.531,1472736257.572,2016-09-01T13:24:17.531,2016-09-01T13:24:17.572,0.0140011310577393,2016-09-01 13:24:17.545000076+00:00,n,False,HD3,DD3,0.01286658283859636,1472736257.5321336,2016-09-01 13:24:17.532133579+00:00,147,associated,0.0005669593811035156
767,436,736574.558922662,1472736290.918,2016-09-01T13:24:50.918,,BCHH,10,DD1,.BCHH.10.HD1,N,-1,-1,,.BCHH..HD1_10,1,0,1,0,0,1,0,148.0,stored_event_bounds,0.0,0,736574.55892169,736574.558922662,1472736290.834,1472736290.918,2016-09-01T13:24:50.834,2016-09-01T13:24:50.918,0.0839967280626297,2016-09-01 13:24:50.917999983+00:00,n,False,HD1,DD1,0.09010670165049936,1472736290.8278933,2016-09-01 13:24:50.827893257+00:00,148,associated,-0.003053426742553711
765,341,736574.55892169,1472736290.834,2016-09-01T13:24:50.834,,BCHH,10,DD2,.BCHH.10.HD2,N,-1,-1,,.BCHH..HD2_10,1,0,1,0,0,1,0,148.0,stored_event_bounds,0.0,0,736574.55892169,736574.558922662,1472736290.834,1472736290.918,2016-09-01T13:24:50.834,2016-09-01T13:24:50.918,0.0,2016-09-01 13:24:50.834000111+00:00,n,False,HD2,DD2,0.0,1472736290.834,2016-09-01 13:24:50.834000111+00:00,148,associated,0.003053426742553711
769,790,736574.558930324,1472736291.58,2016-09-01T13:24:51.580,,BCHH,10,DD2,.BCHH.10.HD2,N,-1,-1,,.BCHH..HD2_10,1,0,1,0,0,1,0,,,,0,,,,,NaT,NaT,,2016-09-01 13:24:51.579999924+00:00,n,False,HD2,DD2,0.0,1472736291.58,2016-09-01 13:24:51.579999924+00:00,0,unassociated_seed,
803,347,736574.562444873,1472736595.237,2016-09-01T13:29:55.237,,BCHH,10,DD1,.BCHH.10.HD1,N,-1,-1,,.BCHH..HD1_10,1,0,1,0,0,1,0,149.0,stored_event_bounds,0.0,0,736574.562444074,736574.562444873,1472736595.168,1472736595.237,2016-09-01T13:29:55.168,2016-09-01T13:29:55.237,0.0689998269081116,2016-09-01 13:29:55.236999989+00:00,n,False,HD1,DD1,0.09010670165049936,1472736595.1468933,2016-09-01 13:29:55.146893263+00:00,149,associated,-0.011240243911743164
799,349,736574.562444109,1472736595.171,2016-09-01T13:29:55.171,,BCHH,10,DD3,.BCHH.10.HD3,N,-1,-1,,.BCHH..HD3_10,1,0,1,0,0,1,0,149.0,stored_event_bounds,0.0,0,736574.562444074,736574.562444873,1472736595.168,1472736595.237,2016-09-01T13:29:55.168,2016-09-01T13:29:55.237,0.0029973685741424,2016-09-01 13:29:55.171000004+00:00,n,False,HD3,DD3,0.01286658283859636,1472736595.1581335,2016-09-01 13:29:55.158133507+00:00,149,associated,0.0
798,348,736574.562444074,1472736595.168,2016-09-01T13:29:55.168,,BCHH,10,DD2,.BCHH.10.HD2,N,-1,-1,,.BCHH..HD2_10,1,0,1,0,0,1,0,149.0,stored_event_bounds,0.0,0,736574.562444074,736574.562444873,1472736595.168,1472736595.237,2016-09-01T13:29:55.168,2016-09-01T13:29:55.237,0.0,2016-09-01 13:29:55.167999983+00:00,n,False,HD2,DD2,0.0,1472736595.168,2016-09-01 13:29:55.167999983+00:00,149,associated,0.009866476058959961
808,449,736574.562995498,1472736642.811,2016-09-01T13:30:42.811,,BCHH,10,DD1,.BCHH.10.HD1,N,-1,-1,,.BCHH..HD1_10,1,0,1,0,0,1,0,150.0,stored_event_bounds,0.0,0,736574.562994491,736574.562995498,1472736642.724,1472736642.811,2016-09-01T13:30:42.724,2016-09-01T13:30:42.811,0.087004154920578,2016-09-01 13:30:42.811000109+00:00,n,False,HD1,DD1,0.09010670165049936,1472736642.7208934,2016-09-01 13:30:42.720893383+00:00,150,associated,-0.0031065940856933594
804,353,736574.562994491,1472736642.724,2016-09-01T13:30:42.724,,BCHH,10,DD2,.BCHH.10.HD2,N,-1,-1,,.BCHH..HD2_10,1,0,1,0,0,1,0,150.0,stored_event_bounds,0.0,0,736574.562994491,736574.562995498,1472736642.724,1472736642.811,2016-09-01T13:30:42.724,2016-09-01T13:30:42.811,0.0,2016-09-01 13:30:42.723999977+00:00,n,False,HD2,DD2,0.0,1472736642.724,2016-09-01 13:30:42.723999977+00:00,150,associated,0.0
805,354,736574.562994641,1472736642.737,2016-09-01T13:30:42.737,,BCHH,10,DD3,.BCHH.10.HD3,N,-1,-1,,.BCHH..HD3_10,1,0,1,0,0,1,0,150.0,stored_event_bounds,0.0,0,736574.562994491,736574.562995498,1472736642.724,1472736642.811,2016-09-01T13:30:42.724,2016-09-01T13:30:42.811,0.0130053609609604,2016-09-01 13:30:42.736999989+00:00,n,False,HD3,DD3,0.01286658283859636,1472736642.7241335,2016-09-01 13:30:42.724133492+00:00,150,associated,0.000133514404296875
841,437,736574.564259861,1472736752.052,2016-09-01T13:32:32.052,,BCHH,10,DD1,.BCHH.10.HD1,N,-1,-1,,.BCHH..HD1_10,1,0,1,0,0,1,0,151.0,stored_event_bounds,0.0,0,736574.5642589,736574.564259861,1472736751.969,1472736752.052,2016-09-01T13:32:31.969,2016-09-01T13:32:32.052,0.0830009579658508,2016-09-01 13:32:32.052000046+00:00,n,False,HD1,DD1,0.09010670165049936,1472736751.9618933,2016-09-01 13:32:31.961893320+00:00,151,associated,-0.0032401084899902344
839,791,736574.564259005,1472736751.978,2016-09-01T13:32:31.978,,BCHH,10,DD3,.BCHH.10.HD3,N,-1,-1,,.BCHH..HD3_10,1,0,1,0,0,1,0,151.0,stored_event_bounds,0.0,0,736574.5642589,736574.564259861,1472736751.969,1472736752.052,2016-09-01T13:32:31.969,2016-09-01T13:32:32.052,0.0090021640062332,2016-09-01 13:32:31.977999926+00:00,n,False,HD3,DD3,0.01286658283859636,1472736751.9651334,2016-09-01 13:32:31.965133429+00:00,151,associated,0.0
838,371,736574.5642589,1472736751.969,2016-09-01T13:32:31.969,,BCHH,10,DD2,.BCHH.10.HD2,N,-1,-1,,.BCHH..HD2_10,1,0,1,0,0,1,0,151.0,stored_event_bounds,0.0,0,736574.5642589,736574.564259861,1472736751.969,1472736752.052,2016-09-01T13:32:31.969,2016-09-01T13:32:32.052,0.0,2016-09-01 13:32:31.969000101+00:00,n,False,HD2,DD2,0.0,1472736751.969,2016-09-01 13:32:31.969000101+00:00,151,associated,0.0038666725158691406
854,357,736574.56495191,1472736811.845,2016-09-01T13:33:31.845,,BCHH,10,DD1,.BCHH.10.HD1,N,-1,-1,,.BCHH..HD1_10,1,0,1,0,0,1,0,152.0,stored_event_bounds,0.0,0,736574.564951262,736574.56495191,1472736811.789,1472736811.845,2016-09-01T13:33:31.789,2016-09-01T13:33:31.845,0.0559944659471512,2016-09-01 13:33:31.845000029+00:00,n,False,HD1,DD1,0.09010670165049936,1472736811.7548933,2016-09-01 13:33:31.754893303+00:00,152,associated,-0.03410673141479492
849,358,736574.564951262,1472736811.789,2016-09-01T13:33:31.789,,BCHH,10,DD2,.BCHH.10.HD2,N,-1,-1,,.BCHH..HD2_10,1,0,1,0,0,1,0,152.0,stored_event_bounds,0.0,0,736574.564951262,736574.56495191,1472736811.789,1472736811.845,2016-09-01T13:33:31.789,2016-09-01T13:33:31.845,0.0,2016-09-01 13:33:31.789000034+00:00,n,False,HD2,DD2,0.0,1472736811.789,2016-09-01 13:33:31.789000034+00:00,152,associated,0.0
850,359,736574.564951435,1472736811.804,2016-09-01T13:33:31.804,,BCHH,10,DD3,.BCHH.10.HD3,N,-1,-1,,.BCHH..HD3_10,1,0,1,0,0,1,0,152.0,stored_event_bounds,0.0,0,736574.564951262,736574.56495191,1472736811.789,1472736811.845,2016-09-01T13:33:31.789,2016-09-01T13:33:31.845,0.0149969011545181,2016-09-01 13:33:31.803999901+00:00,n,False,HD3,DD3,0.01286658283859636,1472736811.7911334,2016-09-01 13:33:31.791133404+00:00,152,associated,0.0021333694458007812
860,363,736574.565156366,1472736829.51,2016-09-01T13:33:49.510,,BCHH,10,DD2,.BCHH.10.HD2,N,-1,-1,,.BCHH..HD2_10,1,0,1,0,0,1,0,153.0,stored_event_bounds,0.0,0,736574.565156366,736574.565156944,1472736829.51,1472736829.56,2016-09-01T13:33:49.510,2016-09-01T13:33:49.560,0.0,2016-09-01 13:33:49.509999989+00:00,n,False,HD2,DD2,0.0,1472736829.51,2016-09-01 13:33:49.509999989+00:00,153,associated,-0.006566762924194336
861,364,736574.565156667,1472736829.536,2016-09-01T13:33:49.536,,BCHH,10,DD3,.BCHH.10.HD3,N,-1,-1,,.BCHH..HD3_10,1,0,1,0,0,1,0,153.0,stored_event_bounds,0.0,0,736574.565156366,736574.565156944,1472736829.51,1472736829.56,2016-09-01T13:33:49.510,2016-09-01T13:33:49.560,0.0260006636381149,2016-09-01 13:33:49.536000013+00:00,n,False,HD3,DD3,0.01286658283859636,1472736829.5231335,2016-09-01 13:33:49.523133516+00:00,153,associated,0.006566762924194336
863,438,736574.565212917,1472736834.396,2016-09-01T13:33:54.396,,BCHH,10,DD2,.BCHH.10.HD2,N,-1,-1,,.BCHH..HD2_10,1,0,1,0,0,1,0,,,,0,,,,,NaT,NaT,,2016-09-01 13:33:54.395999908+00:00,n,False,HD2,DD2,0.0,1472736834.396,2016-09-01 13:33:54.395999908+00:00,154,associated,-6.67572021484375e-05
864,366,736574.565213067,1472736834.409,2016-09-01T13:33:54.409,,BCHH,10,DD3,.BCHH.10.HD3,N,-1,-1,,.BCHH..HD3_10,1,0,1,0,0,1,0,,,,0,,,,,NaT,NaT,,2016-09-01 13:33:54.408999920+00:00,n,False,HD3,DD3,0.01286658283859636,1472736834.3961334,2016-09-01 13:33:54.396133423+00:00,154,associated,6.67572021484375e-05
